bus_code,hour,scen,powerConsumption
1,1,1,0.020999999989722493
1,1,2,0.020999999990409957
1,1,3,0.02099999998974128
1,1,4,0.020999999989692184
1,1,5,0.020999999989655037
1,1,6,0.020999999989647564
1,1,7,0.020999999989983077
1,1,8,0.02099999999159824
1,1,9,0.020999999989584784
1,1,10,0.020999999990158013
1,2,1,0.020999999989711485
1,2,2,0.020999999990396825
1,2,3,0.020999999989709018
1,2,4,0.020999999989676905
1,2,5,0.020999999989663422
1,2,6,0.02099999998965426
1,2,7,0.02099999998994828
1,2,8,0.020999999991611118
1,2,9,0.020999999989571128
1,2,10,0.020999999990164428
1,3,1,0.020999999989689603
1,3,2,0.020999999990399712
1,3,3,0.02099999998972868
1,3,4,0.02099999998970067
1,3,5,0.02099999998963871
1,3,6,0.02099999998963274
1,3,7,0.0209999999899702
1,3,8,0.020999999991596362
1,3,9,0.02099999998955159
1,3,10,0.020999999990166572
1,4,1,0.020999999989713747
1,4,2,0.020999999990391108
1,4,3,0.020999999989709885
1,4,4,0.020999999989678428
1,4,5,0.02099999998963678
1,4,6,0.020999999989651873
1,4,7,0.020999999989957364
1,4,8,0.02099999999160518
1,4,9,0.020999999989550135
1,4,10,0.020999999990146317
1,5,1,0.020999999989692306
1,5,2,0.020999999990374767
1,5,3,0.020999999989707824
1,5,4,0.0209999999896766
1,5,5,0.02099999998965253
1,5,6,0.02099999998964504
1,5,7,0.020999999989893953
1,5,8,0.020999999991556134
1,5,9,0.02099999998948119
1,5,10,0.020999999990147934
1,6,1,0.0209999999896922
1,6,2,0.020999999990395958
1,6,3,0.020999999989709833
1,6,4,0.020999999989676554
1,6,5,0.020999999989651612
1,6,6,0.020999999989631864
1,6,7,0.020999999989971315
1,6,8,0.020999999991587612
1,6,9,0.02099999998938694
1,6,10,0.020999999990146834
1,7,1,0.02099999998972099
1,7,2,0.020999999990385477
1,7,3,0.020999999989719364
1,7,4,0.020999999989676364
1,7,5,0.02099999998966783
1,7,6,0.020999999989650228
1,7,7,0.020999999990073834
1,7,8,0.020999999991605373
1,7,9,0.020999999989390297
1,7,10,0.02099999999015385
1,8,1,0.020999999989692368
1,8,2,0.020999999990396843
1,8,3,0.02099999998973103
1,8,4,0.02099999998967146
1,8,5,0.020999999989713487
1,8,6,0.020999999989646044
1,8,7,0.020999999990007307
1,8,8,0.02099999999167134
1,8,9,0.020999999989393423
1,8,10,0.020999999990152174
1,9,1,0.020999999989726778
1,9,2,0.020999999989678282
1,9,3,0.020999999989761094
1,9,4,0.020999999989735653
1,9,5,0.020999999989754235
1,9,6,0.020999999989683688
1,9,7,0.02099999999005156
1,9,8,0.020999999991690783
1,9,9,0.02099999999161564
1,9,10,0.0209999999901654
1,10,1,0.020999999990129612
1,10,2,0.02099999998977335
1,10,3,0.020999999990111293
1,10,4,0.020999999990079565
1,10,5,0.020999999990160854
1,10,6,0.020999999989861958
1,10,7,0.02099999999010659
1,10,8,0.02099999999064071
1,10,9,0.020999999990116244
1,10,10,0.020999999990183593
1,11,1,0.020999999990141488
1,11,2,0.020999999990164542
1,11,3,0.020999999990057486
1,11,4,0.020999999990052476
1,11,5,0.020999999990156802
1,11,6,0.02099999999002266
1,11,7,0.02099999999018179
1,11,8,0.02099999999065601
1,11,9,0.020999999990081734
1,11,10,0.02099999999010985
1,12,1,0.020999999990174132
1,12,2,0.020999999990112945
1,12,3,0.020999999990187205
1,12,4,0.020999999990077692
1,12,5,0.020999999990194022
1,12,6,0.020999999990149124
1,12,7,0.020999999990204802
1,12,8,0.02099999999044981
1,12,9,0.02099999999018319
1,12,10,0.020999999990207758
1,13,1,0.020999999990172522
1,13,2,0.020999999990127846
1,13,3,0.020999999990189963
1,13,4,0.0209999999904152
1,13,5,0.020999999990275856
1,13,6,0.020999999990082525
1,13,7,0.020999999990198196
1,13,8,0.020999999990184027
1,13,9,0.0209999999901832
1,13,10,0.020999999990208774
1,14,1,0.020999999990152795
1,14,2,0.020999999990201045
1,14,3,0.020999999990167766
1,14,4,0.0209999999900363
1,14,5,0.020999999990162714
1,14,6,0.020999999990158405
1,14,7,0.020999999990049596
1,14,8,0.020999999990466645
1,14,9,0.02099999999016131
1,14,10,0.020999999990122514
1,15,1,0.02099999998992495
1,15,2,0.0209999999902155
1,15,3,0.020999999990061326
1,15,4,0.02099999999003787
1,15,5,0.020999999989911197
1,15,6,0.020999999990046352
1,15,7,0.020999999990094467
1,15,8,0.020999999991250743
1,15,9,0.02099999998992007
1,15,10,0.02099999999019426
1,16,1,0.020999999989978382
1,16,2,0.02099999999017389
1,16,3,0.02099999999005727
1,16,4,0.02099999998966933
1,16,5,0.02099999998974099
1,16,6,0.0209999999899878
1,16,7,0.020999999990049253
1,16,8,0.020999999991197532
1,16,9,0.02099999998967264
1,16,10,0.020999999990160962
1,17,1,0.020999999988596467
1,17,2,0.020999999990956093
1,17,3,0.02099999998998706
1,17,4,0.020999999988668156
1,17,5,0.020999999989725897
1,17,6,0.020999999989989603
1,17,7,0.02099999999005197
1,17,8,0.02099999999122108
1,17,9,0.02099999998966171
1,17,10,0.02099999999074698
1,18,1,0.020999999987068182
1,18,2,0.020999999990918002
1,18,3,0.02099999998989221
1,18,4,0.02099999998866379
1,18,5,0.020999999989720512
1,18,6,0.020999999989986657
1,18,7,0.020999999990030535
1,18,8,0.020999999991216278
1,18,9,0.020999999989639008
1,18,10,0.020999999991555284
1,19,1,0.02099999998696194
1,19,2,0.020999999991036283
1,19,3,0.02099999998991996
1,19,4,0.02099999998863446
1,19,5,0.020999999989735563
1,19,6,0.020999999989977508
1,19,7,0.02099999999004893
1,19,8,0.020999999991172035
1,19,9,0.020999999989640413
1,19,10,0.020999999991535147
1,20,1,0.02099999998142339
1,20,2,0.02099999999143298
1,20,3,0.02099999999093869
1,20,4,0.020999999991036616
1,20,5,0.020999999991043246
1,20,6,0.02099999999107271
1,20,7,0.020999999991228924
1,20,8,0.020999999982146623
1,20,9,0.020999999990986336
1,20,10,0.020999999991648255
1,21,1,0.020999999984538695
1,21,2,0.020999999991035474
1,21,3,0.020999999989452005
1,21,4,0.020999999989194336
1,21,5,0.020999999990613614
1,21,6,0.02099999999070597
1,21,7,0.020999999990658415
1,21,8,0.020999999991679612
1,21,9,0.0209999999875318
1,21,10,0.02099999999158395
1,22,1,0.02099999998734762
1,22,2,0.020999999991672316
1,22,3,0.020999999989458548
1,22,4,0.020999999989195873
1,22,5,0.02099999999062416
1,22,6,0.020999999990710616
1,22,7,0.020999999990662023
1,22,8,0.02099999998974238
1,22,9,0.020999999987514065
1,22,10,0.020999999991574713
1,23,1,0.020999999988914376
1,23,2,0.020999999989622577
1,23,3,0.020999999989440795
1,23,4,0.0209999999891988
1,23,5,0.02099999999061529
1,23,6,0.020999999990705696
1,23,7,0.020999999990656347
1,23,8,0.02099999998973325
1,23,9,0.020999999988925582
1,23,10,0.020999999991568284
1,24,1,0.020999999989808896
1,24,2,0.020999999990254342
1,24,3,0.020999999989449056
1,24,4,0.02099999998919984
1,24,5,0.020999999990750605
1,24,6,0.020999999990849172
1,24,7,0.020999999990781518
1,24,8,0.020999999989356633
1,24,9,0.02099999998966671
1,24,10,0.020999999991636504
3,1,1,-6.171183009051617e-11
3,1,2,-7.680786562325181e-12
3,1,3,-5.086313314972557e-11
3,1,4,-3.132642756309423e-11
3,1,5,0.0
3,1,6,0.0
3,1,7,-4.237026007825051e-11
3,1,8,0.0
3,1,9,0.0
3,1,10,0.0
3,2,1,0.0
3,2,2,0.0
3,2,3,-9.583819848835162e-12
3,2,4,-2.5869084652185848e-11
3,2,5,-2.0973472958374373e-11
3,2,6,-1.0333310596077894e-10
3,2,7,-2.3375343327636244e-11
3,2,8,-6.178103861831374e-11
3,2,9,0.0
3,2,10,-1.50554707589734e-11
3,3,1,-1.206819366661449e-11
3,3,2,0.0
3,3,3,-2.2407325994677763e-11
3,3,4,-7.260243795048638e-11
3,3,5,0.0
3,3,6,-1.5496443017681827e-10
3,3,7,-8.267428408537114e-11
3,3,8,0.0
3,3,9,0.0
3,3,10,0.0
3,4,1,-1.7720463985071433e-11
3,4,2,-2.9097418918766493e-11
3,4,3,0.0
3,4,4,-5.315155260365856e-11
3,4,5,0.0
3,4,6,0.0
3,4,7,-1.6395454438544732e-11
3,4,8,-3.7853040146806904e-11
3,4,9,-7.487896414026807e-11
3,4,10,-5.681297099435767e-11
3,5,1,0.0
3,5,2,-4.4069886628861354e-12
3,5,3,-1.830618989728805e-13
3,5,4,0.0
3,5,5,0.0
3,5,6,-3.903284639950044e-11
3,5,7,-7.949584046595959e-11
3,5,8,-3.961363181925748e-11
3,5,9,0.0
3,5,10,-2.1579502074153822e-11
3,6,1,-6.268555119426367e-12
3,6,2,-1.1499287633220945e-11
3,6,3,-2.0499768549342434e-11
3,6,4,-2.0926538280008344e-11
3,6,5,-7.87396675638874e-11
3,6,6,0.0
3,6,7,-1.5094564487228013e-11
3,6,8,0.0
3,6,9,-1.7158358067703716e-11
3,6,10,0.0
3,7,1,-1.455884024448295e-11
3,7,2,-1.0633360858491869e-10
3,7,3,-1.9458185063214728e-12
3,7,4,0.0
3,7,5,-6.132316876517052e-12
3,7,6,0.0
3,7,7,-5.319598928021918e-11
3,7,8,-3.599982811852698e-11
3,7,9,0.0
3,7,10,-1.457924059256044e-11
3,8,1,-8.41439418142187e-12
3,8,2,-9.53931100777794e-11
3,8,3,-1.0659544080748873e-10
3,8,4,-5.8135288250049655e-11
3,8,5,-2.595047787767868e-11
3,8,6,-4.6266990239018924e-11
3,8,7,-8.774304893766072e-11
3,8,8,0.0
3,8,9,0.0
3,8,10,-5.823636017865397e-11
3,9,1,-5.3747062356279685e-11
3,9,2,-6.59713950135199e-11
3,9,3,-5.823337645427529e-11
3,9,4,-5.5608642690607724e-11
3,9,5,-5.195034680216537e-11
3,9,6,-4.5158682349111245e-11
3,9,7,-5.4827795081813235e-11
3,9,8,0.0
3,9,9,-8.733158640694683e-11
3,9,10,-8.382081140290154e-11
3,10,1,0.0
3,10,2,-3.834249584500071e-11
3,10,3,0.0
3,10,4,-5.3926502152634725e-11
3,10,5,0.0
3,10,6,-9.787902433000539e-11
3,10,7,-9.450984439496324e-11
3,10,8,-3.4077185517844555e-11
3,10,9,-1.1256401366566138e-10
3,10,10,-4.981533241465996e-11
3,11,1,-2.5855498297921997e-11
3,11,2,-2.941809296164166e-11
3,11,3,-4.094054262271385e-11
3,11,4,-1.9170748322139275e-11
3,11,5,0.0
3,11,6,-9.476097684313345e-11
3,11,7,-2.95037605457793e-12
3,11,8,-2.1894111523756976e-11
3,11,9,-7.7082396021666e-11
3,11,10,-3.933318948323716e-11
3,12,1,0.0
3,12,2,-2.4058116609992908e-12
3,12,3,0.0
3,12,4,-3.9769798565458814e-11
3,12,5,-3.029940187637692e-11
3,12,6,0.0
3,12,7,-6.2901073238919025e-12
3,12,8,-7.529019074858923e-12
3,12,9,-4.049539870099039e-11
3,12,10,-1.5351928062123932e-11
3,13,1,-4.796622821157115e-11
3,13,2,-2.370201257484439e-12
3,13,3,-1.8093693210374795e-11
3,13,4,-1.9334020495698212e-11
3,13,5,0.0
3,13,6,-1.4392154135123292e-11
3,13,7,-2.176436808554172e-11
3,13,8,-6.591498180608113e-11
3,13,9,-1.8681625690852854e-11
3,13,10,-8.301791198928044e-11
3,14,1,-8.825482011864949e-12
3,14,2,0.0
3,14,3,0.0
3,14,4,-4.511591100708756e-11
3,14,5,-3.1388489030170774e-11
3,14,6,-5.057734786539925e-11
3,14,7,-5.621988985460291e-12
3,14,8,-1.5802220643124087e-12
3,14,9,-2.1920451565016208e-11
3,14,10,0.0
3,15,1,-6.320817480531815e-11
3,15,2,-8.049921840225238e-12
3,15,3,-1.5390660967895542e-11
3,15,4,-1.7092161019860441e-12
3,15,5,-4.57929527630796e-12
3,15,6,-6.093270332740985e-11
3,15,7,-2.2139332034321058e-11
3,15,8,0.0
3,15,9,0.0
3,15,10,-7.008817137776902e-11
3,16,1,0.0
3,16,2,0.0
3,16,3,0.0
3,16,4,0.0
3,16,5,-9.557153679562447e-11
3,16,6,0.0
3,16,7,0.0
3,16,8,-1.0645463677239064e-10
3,16,9,-1.6227547083857985e-11
3,16,10,-7.658963740997393e-11
3,17,1,-9.448386517618701e-12
3,17,2,0.0
3,17,3,-9.70470231953513e-11
3,17,4,-4.865155500688445e-11
3,17,5,0.0
3,17,6,0.0
3,17,7,-4.8365658700255665e-11
3,17,8,-1.810515626310405e-11
3,17,9,-5.359088173229054e-11
3,17,10,-4.308257917085001e-11
3,18,1,-1.565507445899783e-11
3,18,2,0.0
3,18,3,-8.610986923507369e-11
3,18,4,-7.582989791643513e-12
3,18,5,-7.374392763104254e-12
3,18,6,-6.393270635118853e-11
3,18,7,0.0
3,18,8,-2.3240576130234558e-11
3,18,9,-3.808788007209074e-11
3,18,10,0.0
3,19,1,-2.1163043539829118e-11
3,19,2,-1.3259074393978665e-11
3,19,3,-8.275159724124848e-11
3,19,4,0.0
3,19,5,0.0
3,19,6,-1.8565038395479405e-11
3,19,7,-3.069783316433927e-11
3,19,8,-2.503247609197956e-12
3,19,9,-3.802989867462969e-11
3,19,10,-1.5734913372256187e-12
3,20,1,0.0
3,20,2,-1.0025229257859536e-10
3,20,3,-6.842151845098954e-12
3,20,4,-8.350961588909911e-11
3,20,5,-2.635565377051563e-11
3,20,6,-1.2958106809790593e-12
3,20,7,-2.4272001075686944e-11
3,20,8,-1.2723488929111682e-11
3,20,9,-2.624288286678933e-11
3,20,10,0.0
3,21,1,-7.165992799151866e-11
3,21,2,0.0
3,21,3,-6.440520339268119e-11
3,21,4,0.0
3,21,5,-9.45691025489026e-11
3,21,6,-8.063925915902104e-11
3,21,7,0.0
3,21,8,-1.608516098094981e-11
3,21,9,0.0
3,21,10,0.0
3,22,1,0.0
3,22,2,-2.2888746453730846e-11
3,22,3,-1.1820086576186384e-11
3,22,4,0.0
3,22,5,-3.813253879325629e-11
3,22,6,-1.3191336911688722e-11
3,22,7,0.0
3,22,8,-2.0727891625327288e-11
3,22,9,-1.3757217587340165e-11
3,22,10,-6.889197545767445e-11
3,23,1,-3.028775841240616e-11
3,23,2,0.0
3,23,3,0.0
3,23,4,0.0
3,23,5,0.0
3,23,6,0.0
3,23,7,0.0
3,23,8,-7.063913343152706e-11
3,23,9,-6.334123503481948e-11
3,23,10,0.0
3,24,1,-6.530746776700624e-11
3,24,2,0.0
3,24,3,-1.3167300583205588e-11
3,24,4,-3.6833633365596086e-11
3,24,5,-6.816000541753908e-11
3,24,6,-8.740161372422506e-12
3,24,7,-1.4118033131449437e-10
3,24,8,0.0
3,24,9,-5.474447284381512e-11
3,24,10,-5.807709868577149e-11
5,1,1,0.045
5,1,2,0.045
5,1,3,0.045
5,1,4,0.045
5,1,5,0.04499999997132246
5,1,6,0.04499999999286211
5,1,7,0.04499999998602791
5,1,8,0.04499999997055019
5,1,9,0.04499999993785259
5,1,10,0.045
5,2,1,0.0449999999344136
5,2,2,0.04499999995762316
5,2,3,0.044999999977284696
5,2,4,0.045
5,2,5,0.045
5,2,6,0.045
5,2,7,0.04499999997634471
5,2,8,0.04499999998713919
5,2,9,0.04499999992581796
5,2,10,0.04499999993009105
5,3,1,0.04499999995586749
5,3,2,0.044999999971093455
5,3,3,0.045
5,3,4,0.045
5,3,5,0.045
5,3,6,0.045
5,3,7,0.045
5,3,8,0.04499999996079221
5,3,9,0.04499999996814674
5,3,10,0.045
5,4,1,0.045
5,4,2,0.04499999998913241
5,4,3,0.04499999998294359
5,4,4,0.044999999973724225
5,4,5,0.04499999999406973
5,4,6,0.044999999993752614
5,4,7,0.045
5,4,8,0.04499999998506357
5,4,9,0.045
5,4,10,0.045
5,5,1,0.045
5,5,2,0.04499999997154543
5,5,3,0.04499999999725114
5,5,4,0.04499999995713056
5,5,5,0.0449999999798399
5,5,6,0.044999999975327505
5,5,7,0.045
5,5,8,0.04499999997262036
5,5,9,0.044999999974329984
5,5,10,0.045
5,6,1,0.045
5,6,2,0.0449999999725692
5,6,3,0.04499999994368182
5,6,4,0.04499999998268636
5,6,5,0.044999999959491416
5,6,6,0.04499999999432083
5,6,7,0.044999999984225644
5,6,8,0.04499999999545853
5,6,9,0.045
5,6,10,0.04499999995286912
5,7,1,0.045
5,7,2,0.045
5,7,3,0.045
5,7,4,0.04499999998101118
5,7,5,0.04499999998631425
5,7,6,0.044999999990036975
5,7,7,0.044999999957444255
5,7,8,0.045
5,7,9,0.044999999942880696
5,7,10,0.045
5,8,1,0.045
5,8,2,0.04499999998955471
5,8,3,0.04499999999014182
5,8,4,0.044999999981864
5,8,5,0.045
5,8,6,0.04499999998258668
5,8,7,0.045
5,8,8,0.044999999989534564
5,8,9,0.04499999996313887
5,8,10,0.04499999996726687
5,9,1,0.044999999975987734
5,9,2,0.044999999995874666
5,9,3,0.045
5,9,4,0.04499999996961576
5,9,5,0.045
5,9,6,0.04499999997999863
5,9,7,0.044999999980635974
5,9,8,0.04499999998901701
5,9,9,0.045
5,9,10,0.04499999999858414
5,10,1,0.044999999990736964
5,10,2,0.04499999998918444
5,10,3,0.04499999997700814
5,10,4,0.04499999998754173
5,10,5,0.044999999973178634
5,10,6,0.045
5,10,7,0.04499999994807012
5,10,8,0.045
5,10,9,0.045
5,10,10,0.045
5,11,1,0.04499999999088412
5,11,2,0.04499999999248958
5,11,3,0.045
5,11,4,0.045
5,11,5,0.04499999993644753
5,11,6,0.045
5,11,7,0.045
5,11,8,0.045
5,11,9,0.045
5,11,10,0.045
5,12,1,0.04499999996718529
5,12,2,0.04499999999067311
5,12,3,0.044999999922979435
5,12,4,0.045
5,12,5,0.045
5,12,6,0.045
5,12,7,0.04499999995548263
5,12,8,0.044999999951151594
5,12,9,0.04499999995695484
5,12,10,0.044999999957069145
5,13,1,0.045
5,13,2,0.04499999995964129
5,13,3,0.04499999999274237
5,13,4,0.045
5,13,5,0.04499999998450023
5,13,6,0.04499999999976008
5,13,7,0.044999999968391054
5,13,8,0.045
5,13,9,0.045
5,13,10,0.045
5,14,1,0.04499999999369656
5,14,2,0.04499999994992344
5,14,3,0.04499999995085814
5,14,4,0.045
5,14,5,0.04499999996853635
5,14,6,0.045
5,14,7,0.044999999964882804
5,14,8,0.045
5,14,9,0.04499999997689267
5,14,10,0.04499999999864975
5,15,1,0.045
5,15,2,0.045
5,15,3,0.04499999992324032
5,15,4,0.044999999994994155
5,15,5,0.044999999990106204
5,15,6,0.045
5,15,7,0.04499999999914303
5,15,8,0.0449999999792896
5,15,9,0.04499999998931671
5,15,10,0.04499999998498235
5,16,1,0.04499999997702742
5,16,2,0.04499999998248602
5,16,3,0.04499999998649964
5,16,4,0.044999999949073215
5,16,5,0.045
5,16,6,0.044999999971617674
5,16,7,0.04499999996686902
5,16,8,0.045
5,16,9,0.045
5,16,10,0.044999999968530394
5,17,1,0.04499999999218162
5,17,2,0.044999999940691
5,17,3,0.045
5,17,4,0.045
5,17,5,0.04499999993180144
5,17,6,0.04499999997873754
5,17,7,0.045
5,17,8,0.04499999997470202
5,17,9,0.04499999993002475
5,17,10,0.044999999992986005
5,18,1,0.044999999980725715
5,18,2,0.04499999992543151
5,18,3,0.045
5,18,4,0.04499999995267532
5,18,5,0.04499999996138465
5,18,6,0.045
5,18,7,0.04499999998032418
5,18,8,0.045
5,18,9,0.045
5,18,10,0.04499999994590816
5,19,1,0.04499999998373315
5,19,2,0.045
5,19,3,0.044999999985815865
5,19,4,0.04499999996908681
5,19,5,0.044999999991955024
5,19,6,0.045
5,19,7,0.04499999998061234
5,19,8,0.04499999998935181
5,19,9,0.045
5,19,10,0.04499999999030452
5,20,1,0.044999999973342114
5,20,2,0.045
5,20,3,0.0449999999392233
5,20,4,0.044999999988664836
5,20,5,0.044999999886296355
5,20,6,0.04499999998558769
5,20,7,0.04499999999179353
5,20,8,0.044999999990403536
5,20,9,0.045
5,20,10,0.04499999997104831
5,21,1,0.04499999998184658
5,21,2,0.044999999949841725
5,21,3,0.045
5,21,4,0.044999999943774134
5,21,5,0.04499999999989192
5,21,6,0.045
5,21,7,0.0449999999985259
5,21,8,0.044999999949752026
5,21,9,0.044999999990234726
5,21,10,0.044999999956014114
5,22,1,0.044999999997106264
5,22,2,0.04499999995473132
5,22,3,0.045
5,22,4,0.04499999997778562
5,22,5,0.044999999955018286
5,22,6,0.04499999995413753
5,22,7,0.04499999992838185
5,22,8,0.045
5,22,9,0.04499999998992913
5,22,10,0.045
5,23,1,0.045
5,23,2,0.045
5,23,3,0.044999999979906655
5,23,4,0.04499999999043894
5,23,5,0.04499999997926493
5,23,6,0.045
5,23,7,0.04499999998578832
5,23,8,0.045
5,23,9,0.045
5,23,10,0.04499999997340462
5,24,1,0.045
5,24,2,0.045
5,24,3,0.045
5,24,4,0.045
5,24,5,0.0449999999887143
5,24,6,0.04499999995127627
5,24,7,0.044999999977606134
5,24,8,0.045
5,24,9,0.045
5,24,10,0.044999999966368054
7,1,1,0.0
7,1,2,-3.236523271610281e-10
7,1,3,-6.559624510238393e-10
7,1,4,-2.202061866185545e-10
7,1,5,0.0
7,1,6,0.0
7,1,7,0.0
7,1,8,-1.8836421311618778e-10
7,1,9,0.0
7,1,10,-3.524425751244564e-10
7,2,1,-5.435177863333251e-10
7,2,2,0.0
7,2,3,0.0
7,2,4,-1.196886478815884e-10
7,2,5,0.0
7,2,6,0.0
7,2,7,-2.0940493783427883e-10
7,2,8,-5.88416537716796e-11
7,2,9,0.0
7,2,10,0.0
7,3,1,-1.1112042397343203e-9
7,3,2,-5.523159707365721e-10
7,3,3,-1.3247669627958203e-10
7,3,4,-7.92381493752714e-10
7,3,5,0.0
7,3,6,0.0
7,3,7,0.0
7,3,8,0.0
7,3,9,0.0
7,3,10,-1.386252224122586e-10
7,4,1,-7.409928781676456e-10
7,4,2,-2.2230201013329065e-10
7,4,3,0.0
7,4,4,0.0
7,4,5,0.0
7,4,6,-1.6867976460055445e-9
7,4,7,-2.4751339866568856e-10
7,4,8,-5.229424115960057e-10
7,4,9,-7.508657029475785e-10
7,4,10,-2.9226882025668033e-10
7,5,1,0.0
7,5,2,0.0
7,5,3,0.0
7,5,4,0.0
7,5,5,-1.0368454428366647e-9
7,5,6,0.0
7,5,7,-2.6553659271399965e-10
7,5,8,0.0
7,5,9,-5.245935352782283e-10
7,5,10,-7.051987327422182e-10
7,6,1,-1.4013512572574882e-11
7,6,2,0.0
7,6,3,0.0
7,6,4,-1.9139728690831248e-10
7,6,5,0.0
7,6,6,0.0
7,6,7,0.0
7,6,8,0.0
7,6,9,0.0
7,6,10,0.0
7,7,1,0.0
7,7,2,0.0
7,7,3,-1.5372147998959917e-10
7,7,4,0.0
7,7,5,0.0
7,7,6,0.0
7,7,7,-1.1021077939155077e-9
7,7,8,0.0
7,7,9,0.0
7,7,10,-1.5243289963606799e-10
7,8,1,-4.51910286969337e-10
7,8,2,0.0
7,8,3,-7.57997886680073e-10
7,8,4,-3.73797881536575e-10
7,8,5,0.0
7,8,6,0.0
7,8,7,0.0
7,8,8,-1.201942073647544e-9
7,8,9,0.0
7,8,10,-2.391075670793441e-10
7,9,1,0.0
7,9,2,0.0
7,9,3,-7.386968259304183e-10
7,9,4,-3.018273964094931e-10
7,9,5,0.0
7,9,6,0.0
7,9,7,0.0
7,9,8,0.0
7,9,9,0.0
7,9,10,-3.2140839989480696e-10
7,10,1,-2.5394519820309824e-11
7,10,2,0.0
7,10,3,0.0
7,10,4,-7.630666098989991e-10
7,10,5,0.0
7,10,6,-7.092119669316332e-10
7,10,7,-4.095033201423348e-10
7,10,8,0.0
7,10,9,-4.504867034960114e-10
7,10,10,-1.672612603975665e-10
7,11,1,0.0
7,11,2,0.0
7,11,3,0.0
7,11,4,-3.680820648277461e-10
7,11,5,0.0
7,11,6,0.0
7,11,7,-1.1703343849589487e-10
7,11,8,0.0
7,11,9,0.0
7,11,10,-3.128443060163022e-10
7,12,1,0.0
7,12,2,0.0
7,12,3,-5.209714326603887e-10
7,12,4,0.0
7,12,5,0.0
7,12,6,0.0
7,12,7,0.0
7,12,8,0.0
7,12,9,-7.156364389970804e-11
7,12,10,-3.9415415375998464e-11
7,13,1,-8.517202498836696e-10
7,13,2,-1.0717424725470437e-9
7,13,3,-1.2808254457041812e-10
7,13,4,0.0
7,13,5,0.0
7,13,6,-4.6161824363011306e-10
7,13,7,0.0
7,13,8,-1.188536213891922e-9
7,13,9,-5.100767030974396e-10
7,13,10,-9.97172899808163e-11
7,14,1,0.0
7,14,2,0.0
7,14,3,-1.8405510449071016e-10
7,14,4,-2.213306760090461e-10
7,14,5,-5.432200800292719e-10
7,14,6,-3.3573144264664734e-12
7,14,7,0.0
7,14,8,-2.226542838990042e-10
7,14,9,-2.3014162797707627e-10
7,14,10,0.0
7,15,1,0.0
7,15,2,0.0
7,15,3,-7.630054366103423e-10
7,15,4,-2.2670576527161757e-10
7,15,5,-3.090951383732943e-10
7,15,6,-9.953847746047018e-10
7,15,7,-9.600485961769323e-10
7,15,8,-7.550622349583591e-10
7,15,9,-2.3560392525823204e-10
7,15,10,0.0
7,16,1,-1.0612271617027602e-9
7,16,2,-5.398155811242589e-10
7,16,3,0.0
7,16,4,0.0
7,16,5,0.0
7,16,6,-8.914020632744268e-10
7,16,7,0.0
7,16,8,0.0
7,16,9,0.0
7,16,10,-7.961453718507983e-11
7,17,1,-2.691851186398253e-10
7,17,2,-2.2331653193319312e-10
7,17,3,0.0
7,17,4,0.0
7,17,5,0.0
7,17,6,-1.0058747168528726e-9
7,17,7,-4.4184200742591884e-10
7,17,8,-4.2503145447625457e-10
7,17,9,-1.9502732762077812e-10
7,17,10,-5.315285434015493e-10
7,18,1,0.0
7,18,2,-3.784090263359019e-10
7,18,3,-6.174230571254213e-10
7,18,4,0.0
7,18,5,-4.4445702673812093e-10
7,18,6,0.0
7,18,7,-1.1902940855179622e-9
7,18,8,0.0
7,18,9,0.0
7,18,10,0.0
7,19,1,0.0
7,19,2,0.0
7,19,3,-4.6181392043820324e-11
7,19,4,0.0
7,19,5,0.0
7,19,6,0.0
7,19,7,0.0
7,19,8,0.0
7,19,9,0.0
7,19,10,0.0
7,20,1,0.0
7,20,2,0.0
7,20,3,0.0
7,20,4,0.0
7,20,5,-8.824720953981569e-10
7,20,6,-3.329154729669881e-10
7,20,7,0.0
7,20,8,-2.0742729756051403e-10
7,20,9,0.0
7,20,10,0.0
7,21,1,-3.459649233761297e-10
7,21,2,-2.085718264766001e-10
7,21,3,0.0
7,21,4,0.0
7,21,5,-2.2408908062487853e-10
7,21,6,0.0
7,21,7,0.0
7,21,8,0.0
7,21,9,0.0
7,21,10,0.0
7,22,1,-7.119362877006097e-10
7,22,2,-5.223173282775662e-10
7,22,3,0.0
7,22,4,-3.3894376194609777e-10
7,22,5,-2.6483210069372376e-10
7,22,6,0.0
7,22,7,0.0
7,22,8,-2.967597279024403e-10
7,22,9,-1.982821684620717e-10
7,22,10,0.0
7,23,1,-6.7442385009997e-10
7,23,2,-7.888822928237005e-10
7,23,3,0.0
7,23,4,-8.656747541024856e-11
7,23,5,0.0
7,23,6,-8.610275270548584e-10
7,23,7,-2.337409155117598e-10
7,23,8,-2.6899782401557104e-10
7,23,9,-1.572114993741991e-9
7,23,10,-7.393363699037536e-10
7,24,1,-6.205232438993846e-10
7,24,2,0.0
7,24,3,-1.3363493645002222e-9
7,24,4,-7.125300349741792e-11
7,24,5,0.0
7,24,6,0.0
7,24,7,0.0
7,24,8,0.0
7,24,9,0.0
7,24,10,0.0
8,1,1,0.04187431499051408
8,1,2,0.04658037239354057
8,1,3,0.04791458426833874
8,1,4,0.044800170001107434
8,1,5,0.04096804510480816
8,1,6,0.03770072325390582
8,1,7,0.03467521647094598
8,1,8,0.018902060247857504
8,1,9,0.02187016587113661
8,1,10,0.03993975801453797
8,2,1,0.040346933577248015
8,2,2,0.045055067456865036
8,2,3,0.0457731527329032
8,2,4,0.043274097713495815
8,2,5,0.03944049318841536
8,2,6,0.03617340191293211
8,2,7,0.03314895240301944
8,2,8,0.09939312549960302
8,2,9,0.032722112409100355
8,2,10,0.0384155606147119
8,3,1,0.028329750273579916
8,3,2,0.03303685115360504
8,3,3,0.03375372223319821
8,3,4,0.03125449337188925
8,3,5,0.021047847031218647
8,3,6,0.028110758356369586
8,3,7,0.021131876776708414
8,3,8,0.022163013920399266
8,3,9,0.12207382106756592
8,3,10,0.026397401826695324
8,4,1,0.044524501592312096
8,4,2,0.04252045674514431
8,4,3,0.04323697650577915
8,4,4,0.04073837622022423
8,4,5,0.029802229913004318
8,4,6,0.02649465821766865
8,4,7,0.03061303879503433
8,4,8,0.09475093803336634
8,4,9,0.06333389919267438
8,4,10,0.03587767551274703
8,5,1,0.058152784950698845
8,5,2,0.05614455605406004
8,5,3,0.056869133759584314
8,5,4,0.05436244357685661
8,5,5,0.04342737773744873
8,5,6,0.04012048132646817
8,5,7,0.049030916847966115
8,5,8,0.019489770221776045
8,5,9,0.06000000005334813
8,5,10,0.04950514293716269
8,6,1,0.06815198745493484
8,6,2,0.06639928903815748
8,6,3,0.06689381974983899
8,6,4,0.06682556568101664
8,6,5,0.05391403737547587
8,6,6,0.0599999828858176
8,6,7,0.06000000325058805
8,6,8,0.033828690330212935
8,6,9,0.0070602649307496546
8,6,10,0.0663733153703004
8,7,1,0.08883926543655488
8,7,2,0.08275563331423291
8,7,3,0.0738816451307011
8,7,4,0.07609275933376848
8,7,5,0.05999996895520923
8,7,6,0.07044482376030148
8,7,7,0.11349317358681552
8,7,8,0.0006018398541592848
8,7,9,0.012706303659087342
8,7,10,0.09266395000483825
8,8,1,0.10631561169329502
8,8,2,0.10750777276057069
8,8,3,0.09134755584729133
8,8,4,0.10152814857984803
8,8,5,0.07822326896069672
8,8,6,0.09208751850093849
8,8,7,0.13790681913102917
8,8,8,0.18743749056661627
8,8,9,0.0288334321211229
8,8,10,0.13082719112478217
8,9,1,-0.06793515215875406
8,9,2,-0.07140000010660935
8,9,3,-0.05107059314317304
8,9,4,-0.05027605591974506
8,9,5,0.04177672815981828
8,9,6,0.01746765030646258
8,9,7,-0.07139999793433952
8,9,8,0.0634330679309777
8,9,9,0.19139999927131743
8,9,10,-0.07139999020306126
8,10,1,0.060000001603978274
8,10,2,0.059999999037881495
8,10,3,0.061090467552778575
8,10,4,0.060000008481589026
8,10,5,0.06000000668242908
8,10,6,0.05999999927447554
8,10,7,0.15778030097884288
8,10,8,0.059999998009404865
8,10,9,0.01414154282666219
8,10,10,0.16813074360250724
8,11,1,0.06000000238046535
8,11,2,0.06000001544261129
8,11,3,0.05890953344111049
8,11,4,0.05999999583954978
8,11,5,0.05999999743099063
8,11,6,0.0600000005394198
8,11,7,0.026781776969534515
8,11,8,0.06000000117207663
8,11,9,-0.025541540662306877
8,11,10,-0.04813070206337841
8,12,1,0.11445611037450058
8,12,2,0.07861191775155438
8,12,3,0.11640924971654877
8,12,4,0.059999994157137866
8,12,5,0.05999999652961812
8,12,6,0.15781249778782447
8,12,7,0.09605470452007261
8,12,8,0.05999999975167822
8,12,9,0.11627465000274853
8,12,10,0.12752571584009958
8,13,1,0.11366072958801698
8,13,2,0.04138806994259569
8,13,3,0.11552221229649211
8,13,4,0.19139999937822322
8,13,5,0.19139999808164435
8,13,6,0.05434776857141446
8,13,7,0.09078321536022987
8,13,8,-0.07139999935822941
8,13,9,0.11542339536169752
8,13,10,0.12387421971167772
8,14,1,0.08328315301209507
8,14,2,0.0690402823933017
8,14,3,0.07946853536912452
8,14,4,0.05999999873984857
8,14,5,0.06000000034206293
8,14,6,0.09923973104722852
8,14,7,0.059999995860026356
8,14,8,0.05999999969697394
8,14,9,0.07970195207689547
8,14,10,-0.01626725800840212
8,15,1,0.05264226097256129
8,15,2,0.050959714337326385
8,15,3,0.035922563971281296
8,15,4,0.060000001252856455
8,15,5,0.05999999991457136
8,15,6,0.021784100509786797
8,15,7,-0.06689553729679001
8,15,8,0.060000002514200464
8,15,9,0.05999999990218327
8,15,10,0.004867274813754735
8,16,1,0.06735773905818819
8,16,2,0.059999997630911385
8,16,3,0.0454293233772165
8,16,4,0.060000000005680815
8,16,5,0.00935967834173336
8,16,6,0.016849484233782706
8,16,7,0.05549556688033755
8,16,8,0.09563628833575544
8,16,9,0.0450971036654412
8,16,10,0.05999999681995301
8,17,1,0.059999999849929764
8,17,2,0.060000163620498266
8,17,3,0.0554853708708823
8,17,4,0.03240929824023521
8,17,5,0.02836841280756397
8,17,6,0.03527464835799991
8,17,7,0.060000001553684734
8,17,8,0.10707830318945119
8,17,9,0.014172599019468074
8,17,10,0.05999999999504406
8,18,1,0.059999970764408994
8,18,2,0.0600013635563785
8,18,3,0.054374028809434524
8,18,4,0.008113423159476933
8,18,5,0.04188929099159505
8,18,6,0.04633599154656724
8,18,7,0.06000018343039917
8,18,8,0.10868536488949096
8,18,9,0.024613148045504157
8,18,10,0.0601323817276343
8,19,1,0.06000002930970377
8,19,2,0.05999847166319964
8,19,3,-0.022611286822800558
8,19,4,0.008077278805658124
8,19,5,0.028982618502652668
8,19,6,0.04835577555411729
8,19,7,0.05999978900810107
8,19,8,0.060000040165147595
8,19,9,0.024717148493607337
8,19,10,0.059867625980103034
8,20,1,-0.07140000029612328
8,20,2,0.19139999953900114
8,20,3,0.19139999910660996
8,20,4,0.19139999990606665
8,20,5,0.19139999974828875
8,20,6,0.19139999967035118
8,20,7,0.19139999974069807
8,20,8,-0.07140000001983077
8,20,9,0.19139999989826803
8,20,10,0.19139994972293833
8,21,1,0.059999999990317646
8,21,2,-0.0713999996431641
8,21,3,0.03566385790869979
8,21,4,0.028627089692707372
8,21,5,0.0008106416819699258
8,21,6,0.0008111914445787793
8,21,7,0.0008112504634601031
8,21,8,0.19139999947746034
8,21,9,-0.04335660038866372
8,21,10,0.0007499141490003025
8,22,1,0.060000000013830254
8,22,2,0.19139999983620629
8,22,3,0.039881967669252436
8,22,4,0.0315218833244897
8,22,5,0.0037072658394977365
8,22,6,0.003706359299837092
8,22,7,0.0037066597722740305
8,22,8,0.04073289685853365
8,22,9,0.03195660043117315
8,22,10,0.0036667762276945404
8,23,1,0.05999999877845131
8,23,2,-0.07139999974854039
8,23,3,0.10445417246699149
8,23,4,0.0718815492760163
8,23,5,0.044082094028362856
8,23,6,0.04408245046457529
8,23,7,0.044082091054797996
8,23,8,0.07926710252428024
8,23,9,0.06000000004739861
8,23,10,0.044183408340931235
8,24,1,0.05999999965406281
8,24,2,0.060000002091230076
8,24,3,-0.07139999759710111
8,24,4,-0.023430524672831278
8,24,5,0.06000000009386695
8,24,6,0.05999999691187208
8,24,7,0.05999999828186727
8,24,8,-0.07139999894837315
8,24,9,0.05999999922743429
8,24,10,0.0599999436023389
13,1,1,0.128
13,1,2,0.128
13,1,3,0.128
13,1,4,0.12799999948675322
13,1,5,0.128
13,1,6,0.128
13,1,7,0.12799999998865796
13,1,8,0.1279999999817198
13,1,9,0.12799999908106804
13,1,10,0.128
13,2,1,0.128
13,2,2,0.128
13,2,3,0.128
13,2,4,0.12799999905453896
13,2,5,0.1279999992338384
13,2,6,0.128
13,2,7,0.12799999956700722
13,2,8,0.128
13,2,9,0.128
13,2,10,0.128
13,3,1,0.1279999994429101
13,3,2,0.128
13,3,3,0.1279999986202341
13,3,4,0.128
13,3,5,0.12799999870949796
13,3,6,0.128
13,3,7,0.128
13,3,8,0.128
13,3,9,0.1279999987568075
13,3,10,0.128
13,4,1,0.1279999994731576
13,4,2,0.12799999943256063
13,4,3,0.128
13,4,4,0.128
13,4,5,0.12799999884115404
13,4,6,0.12799999940750614
13,4,7,0.1279999990262489
13,4,8,0.128
13,4,9,0.128
13,4,10,0.128
13,5,1,0.128
13,5,2,0.12799999887621666
13,5,3,0.128
13,5,4,0.128
13,5,5,0.12799999990418248
13,5,6,0.12799999959169922
13,5,7,0.128
13,5,8,0.128
13,5,9,0.1279999999549579
13,5,10,0.12799999963731057
13,6,1,0.128
13,6,2,0.128
13,6,3,0.128
13,6,4,0.128
13,6,5,0.128
13,6,6,0.1279999998141909
13,6,7,0.12799999927217326
13,6,8,0.1279999999288327
13,6,9,0.12799999912531373
13,6,10,0.1279999999712652
13,7,1,0.127999999886431
13,7,2,0.12799999972636283
13,7,3,0.12799999864474376
13,7,4,0.127999999165232
13,7,5,0.12799999906713933
13,7,6,0.1279999989925398
13,7,7,0.128
13,7,8,0.128
13,7,9,0.12799999922618122
13,7,10,0.128
13,8,1,0.12799999997936756
13,8,2,0.12799999977365956
13,8,3,0.128
13,8,4,0.12799999978998997
13,8,5,0.128
13,8,6,0.12799999831968506
13,8,7,0.1279999998078411
13,8,8,0.128
13,8,9,0.128
13,8,10,0.128
13,9,1,0.128
13,9,2,0.128
13,9,3,0.12799999941433876
13,9,4,0.12799999947680385
13,9,5,0.1279999992340711
13,9,6,0.1279999997044517
13,9,7,0.128
13,9,8,0.128
13,9,9,0.12799999979761584
13,9,10,0.128
13,10,1,0.128
13,10,2,0.12799999911447657
13,10,3,0.12799999978316906
13,10,4,0.12799999944864793
13,10,5,0.1279999997426567
13,10,6,0.128
13,10,7,0.128
13,10,8,0.12799999955059524
13,10,9,0.1279999996865882
13,10,10,0.128
13,11,1,0.128
13,11,2,0.12799999810413715
13,11,3,0.128
13,11,4,0.12799999983213722
13,11,5,0.1279999995543989
13,11,6,0.12799999959852987
13,11,7,0.128
13,11,8,0.1279999998741152
13,11,9,0.128
13,11,10,0.128
13,12,1,0.128
13,12,2,0.128
13,12,3,0.12799999893746353
13,12,4,0.128
13,12,5,0.12799999830084555
13,12,6,0.128
13,12,7,0.128
13,12,8,0.1279999992743228
13,12,9,0.128
13,12,10,0.128
13,13,1,0.128
13,13,2,0.128
13,13,3,0.128
13,13,4,0.1279999988398835
13,13,5,0.1279999999618828
13,13,6,0.1279999986323528
13,13,7,0.128
13,13,8,0.128
13,13,9,0.12799999956528924
13,13,10,0.12799999982078833
13,14,1,0.12799999904568193
13,14,2,0.128
13,14,3,0.12799999965587083
13,14,4,0.12799999979551824
13,14,5,0.12799999894775455
13,14,6,0.127999998486488
13,14,7,0.128
13,14,8,0.1279999994546419
13,14,9,0.12799999933597958
13,14,10,0.128
13,15,1,0.12799999988999325
13,15,2,0.128
13,15,3,0.1279999996614628
13,15,4,0.12799999999616607
13,15,5,0.12799999911789212
13,15,6,0.12799999998063655
13,15,7,0.128
13,15,8,0.12799999958109187
13,15,9,0.12799999873462797
13,15,10,0.128
13,16,1,0.12799999926343483
13,16,2,0.1279999990452944
13,16,3,0.12799999995640154
13,16,4,0.128
13,16,5,0.128
13,16,6,0.128
13,16,7,0.12799999965170644
13,16,8,0.12799999954622596
13,16,9,0.128
13,16,10,0.1279999986306946
13,17,1,0.12799999969003428
13,17,2,0.128
13,17,3,0.1279999998088216
13,17,4,0.128
13,17,5,0.12799999974879814
13,17,6,0.128
13,17,7,0.128
13,17,8,0.128
13,17,9,0.128
13,17,10,0.128
13,18,1,0.12799999877552498
13,18,2,0.128
13,18,3,0.128
13,18,4,0.12799999934616182
13,18,5,0.12799999862802686
13,18,6,0.1279999998859617
13,18,7,0.12799999887436841
13,18,8,0.128
13,18,9,0.128
13,18,10,0.12799999997565675
13,19,1,0.128
13,19,2,0.128
13,19,3,0.127999998847674
13,19,4,0.12799999946118584
13,19,5,0.12799999978254328
13,19,6,0.128
13,19,7,0.128
13,19,8,0.1279999993363607
13,19,9,0.128
13,19,10,0.127999999604168
13,20,1,0.128
13,20,2,0.12799999897351777
13,20,3,0.1279999996474058
13,20,4,0.12799999842780335
13,20,5,0.128
13,20,6,0.12799999907850368
13,20,7,0.1279999997591706
13,20,8,0.128
13,20,9,0.12799999926621752
13,20,10,0.1279999985665803
13,21,1,0.12799999883360497
13,21,2,0.128
13,21,3,0.12799999940099685
13,21,4,0.1279999998143933
13,21,5,0.1279999988238375
13,21,6,0.128
13,21,7,0.128
13,21,8,0.128
13,21,9,0.128
13,21,10,0.128
13,22,1,0.128
13,22,2,0.12799999885209506
13,22,3,0.12799999962822398
13,22,4,0.1279999998132104
13,22,5,0.128
13,22,6,0.1279999994751381
13,22,7,0.128
13,22,8,0.12799999867130724
13,22,9,0.12799999953889926
13,22,10,0.12799999946367535
13,23,1,0.128
13,23,2,0.128
13,23,3,0.128
13,23,4,0.128
13,23,5,0.128
13,23,6,0.128
13,23,7,0.128
13,23,8,0.128
13,23,9,0.12799999990433097
13,23,10,0.12799999920247596
13,24,1,0.128
13,24,2,0.128
13,24,3,0.128
13,24,4,0.128
13,24,5,0.12799999819123126
13,24,6,0.128
13,24,7,0.128
13,24,8,0.12799999858941302
13,24,9,0.128
13,24,10,0.12799999868685297
14,1,1,-1.0298807970068968e-11
14,1,2,-9.653504048413738e-12
14,1,3,-1.0331013334229695e-11
14,1,4,-1.0341640803455097e-11
14,1,5,-1.0379929677119519e-11
14,1,6,-1.0387021853332952e-11
14,1,7,-1.0085596419005436e-11
14,1,8,-8.411304095750243e-12
14,1,9,-1.043882430760846e-11
14,1,10,-9.866497152823245e-12
14,2,1,-1.0324696604590733e-11
14,2,2,-9.626601631656143e-12
14,2,3,-1.033657196292516e-11
14,2,4,-1.036989409255507e-11
14,2,5,-1.0375312519336613e-11
14,2,6,-1.0384509608865019e-11
14,2,7,-1.0091917628490184e-11
14,2,8,-8.380111355325663e-12
14,2,9,-1.0465931180147529e-11
14,2,10,-9.863451083820057e-12
14,3,1,-1.0355078431010395e-11
14,3,2,-9.623432379396377e-12
14,3,3,-1.0307770976882238e-11
14,3,4,-1.0334464583070263e-11
14,3,5,-1.0406999176606273e-11
14,3,6,-1.0413236795161745e-11
14,3,7,-1.0062157694198787e-11
14,3,8,-8.413112972327452e-12
14,3,9,-1.0496565444698926e-11
14,3,10,-9.860738920401076e-12
14,4,1,-1.0322803247222732e-11
14,4,2,-9.633491737160557e-12
14,4,3,-1.0334359083782542e-11
14,4,4,-1.0366475565684036e-11
14,4,5,-1.0408772134636524e-11
14,4,6,-1.0382522689162135e-11
14,4,7,-1.007987307727307e-11
14,4,8,-8.400221169674137e-12
14,4,9,-1.0502758571603346e-11
14,4,10,-9.889219073051636e-12
14,5,1,-1.0352298155809256e-11
14,5,2,-9.657394026693152e-12
14,5,3,-1.0337953007253645e-11
14,5,4,-1.036861087879788e-11
14,5,5,-1.0383912002143535e-11
14,5,6,-1.0390883209526959e-11
14,5,7,-1.0062396896413084e-11
14,5,8,-8.397457706032994e-12
14,5,9,-1.0567088562328192e-11
14,5,10,-9.887790262745451e-12
14,6,1,-1.0354068374365012e-11
14,6,2,-9.629124603214709e-12
14,6,3,-1.0335466562812155e-11
14,6,4,-1.037048655204602e-11
14,6,5,-1.0382031260144715e-11
14,6,6,-1.0416807927964688e-11
14,6,7,-1.0025085524955793e-11
14,6,8,-8.38910273379142e-12
14,6,9,-1.0652981754269355e-11
14,6,10,-9.889948953505283e-12
14,7,1,-1.0315852170346525e-11
14,7,2,-9.647993483682473e-12
14,7,3,-1.0329922691782388e-11
14,7,4,-1.0372282620179289e-11
14,7,5,-1.0366824658170038e-11
14,7,6,-1.040089533337781e-11
14,7,7,-9.905203913748136e-12
14,7,8,-8.427507003944633e-12
14,7,9,-1.0646018769199444e-11
14,7,10,-9.884706800409794e-12
14,8,1,-1.0346239686898853e-11
14,8,2,-9.625373292356915e-12
14,8,3,-1.0293868382203803e-11
14,8,4,-1.0367811867585864e-11
14,8,5,-1.0309668325792556e-11
14,8,6,-1.0394228273439234e-11
14,8,7,-1.0022974085992193e-11
14,8,8,-8.302464819050024e-12
14,8,9,-1.0635066818796072e-11
14,8,10,-9.872657325153392e-12
14,9,1,-1.0164115006348333e-11
14,9,2,-1.040568945336006e-11
14,9,3,-1.0147979509746825e-11
14,9,4,-1.018253747018317e-11
14,9,5,-1.0162988176907342e-11
14,9,6,-1.0289513192620138e-11
14,9,7,-9.872397085034469e-12
14,9,8,-8.341761200482987e-12
14,9,9,-8.404562817945222e-12
14,9,10,-9.739429096188827e-12
14,10,1,-9.793564669566715e-12
14,10,2,-1.0225806609350934e-11
14,10,3,-9.809739460586637e-12
14,10,4,-9.837112656186966e-12
14,10,5,-9.771234757709239e-12
14,10,6,-1.0216109062584034e-11
14,10,7,-9.707321824780575e-12
14,10,8,-9.433342953418796e-12
14,10,9,-9.778860480277263e-12
14,10,10,-9.724395041041628e-12
14,11,1,-9.758552709360945e-12
14,11,2,-9.745878810008453e-12
14,11,3,-1.0062929881179656e-11
14,11,4,-1.001853612543586e-11
14,11,5,-9.757530857084388e-12
14,11,6,-1.0032885827620755e-11
14,11,7,-9.730700300980781e-12
14,11,8,-9.265810519409595e-12
14,11,9,-1.003600525040359e-11
14,11,10,-9.954589320395203e-12
14,12,1,-9.744612150691053e-12
14,12,2,-9.984673740881848e-12
14,12,3,-9.736730981880093e-12
14,12,4,-9.975804522295413e-12
14,12,5,-9.73895379237755e-12
14,12,6,-9.76028389289623e-12
14,12,7,-9.73475559554613e-12
14,12,8,-9.601589096038483e-12
14,12,9,-9.739610146330888e-12
14,12,10,-9.726762676893768e-12
14,13,1,-9.744995721831067e-12
14,13,2,-9.986484996340129e-12
14,13,3,-9.739888574309923e-12
14,13,4,-9.634340569504156e-12
14,13,5,-9.768051190688295e-12
14,13,6,-1.0029313969574387e-11
14,13,7,-9.732432874855695e-12
14,13,8,-9.916161470377102e-12
14,13,9,-9.742945560894548e-12
14,13,10,-9.729426666171148e-12
14,14,1,-9.740508877152861e-12
14,14,2,-9.722382979213323e-12
14,14,3,-9.739373666188397e-12
14,14,4,-1.0022752322200565e-11
14,14,5,-9.754918817688992e-12
14,14,6,-9.760952598740782e-12
14,14,7,-1.0060992656682138e-11
14,14,8,-9.458200464818604e-12
14,14,9,-9.73869964924363e-12
14,14,10,-9.958984571756436e-12
14,15,1,-1.0188744707566672e-11
14,15,2,-9.721207971540661e-12
14,15,3,-9.865009131063359e-12
14,15,4,-9.873745718773201e-12
14,15,5,-1.011034514250205e-11
14,15,6,-9.868436228686631e-12
14,15,7,-9.816655537025475e-12
14,15,8,-8.683836818668377e-12
14,15,9,-1.0180668956411936e-11
14,15,10,-9.72993195003938e-12
14,16,1,-1.0013105947074278e-11
14,16,2,-9.847525551507743e-12
14,16,3,-9.856360070620321e-12
14,16,4,-1.042809264389675e-11
14,16,5,-1.0290716984402365e-11
14,16,6,-1.0038466977813037e-11
14,16,7,-9.967868601627025e-12
14,16,8,-8.850539529698692e-12
14,16,9,-1.0349286363167415e-11
14,16,10,-9.926583218410628e-12
14,17,1,-1.1452528725707401e-11
14,17,2,-9.050267510204245e-12
14,17,3,-1.0010021778758802e-11
14,17,4,-1.1379507355270005e-11
14,17,5,-1.0318340045425256e-11
14,17,6,-1.005061551088201e-11
14,17,7,-9.969109387074151e-12
14,17,8,-8.828953069808286e-12
14,17,9,-1.0364021665103266e-11
14,17,10,-9.204706451658674e-12
14,18,1,-1.3007458505395712e-11
14,18,2,-9.01822949427575e-12
14,18,3,-1.004791796598892e-11
14,18,4,-1.1394066752471878e-11
14,18,5,-1.0324768063929107e-11
14,18,6,-1.0053498300618602e-11
14,18,7,-1.0008344837069524e-11
14,18,8,-8.778053734313438e-12
14,18,9,-1.0407685735193302e-11
14,18,10,-8.471578489989414e-12
14,19,1,-1.3029468367149125e-11
14,19,2,-8.987115600569693e-12
14,19,3,-1.0002311025304735e-11
14,19,4,-1.1439012792620751e-11
14,19,5,-1.0304568375126962e-11
14,19,6,-1.0068351922374315e-11
14,19,7,-9.984243853058187e-12
14,19,8,-8.847948557491308e-12
14,19,9,-1.0411181559476982e-11
14,19,10,-8.481550249035449e-12
14,20,1,-1.8891546188729505e-11
14,20,2,-8.591530249314627e-12
14,20,3,-8.964116621487166e-12
14,20,4,-8.982076178540819e-12
14,20,5,-8.869341717681729e-12
14,20,6,-8.945592076837313e-12
14,20,7,-8.79881270640254e-12
14,20,8,-1.8127317519908666e-11
14,20,9,-9.033303108372152e-12
14,20,10,-8.342494244003232e-12
14,21,1,-1.5660583789090026e-11
14,21,2,-8.983801996124295e-12
14,21,3,-1.060336968310804e-11
14,21,4,-1.0864484208881804e-11
14,21,5,-9.419262814098509e-12
14,21,6,-9.325033345754417e-12
14,21,7,-9.372292831582589e-12
14,21,8,-8.306873287994095e-12
14,21,9,-1.2558637323505704e-11
14,21,10,-8.41747789009901e-12
14,22,1,-1.2755236996099309e-11
14,22,2,-8.308400354966842e-12
14,22,3,-1.0592525618200786e-11
14,22,4,-1.0860046638388563e-11
14,22,5,-9.402610602589606e-12
14,22,6,-9.315311094609758e-12
14,22,7,-9.364719409998766e-12
14,22,8,-1.0347445482583685e-11
14,22,9,-1.2585193007296923e-11
14,22,10,-8.435396087243942e-12
14,23,1,-1.1138757030043367e-11
14,23,2,-1.0466052839716796e-11
14,23,3,-1.061400902592489e-11
14,23,4,-1.0857064906562304e-11
14,23,5,-9.417125317630986e-12
14,23,6,-9.324144741793499e-12
14,23,7,-9.375428929070964e-12
14,23,8,-1.0313483885479829e-11
14,23,9,-1.1141848616517652e-11
14,23,10,-8.43712619332729e-12
14,24,1,-1.0239483974473593e-11
14,24,2,-9.778835193382118e-12
14,24,3,-1.047763348174431e-11
14,24,4,-1.0857107198185283e-11
14,24,5,-9.273968161949515e-12
14,24,6,-9.18111239455062e-12
14,24,7,-9.243000945194136e-12
14,24,8,-1.0744723279137063e-11
14,24,9,-1.0384899851071453e-11
14,24,10,-8.382209190705506e-12
15,1,1,0.042
15,1,2,0.041999999955817144
15,1,3,0.042
15,1,4,0.041999999955910194
15,1,5,0.042
15,1,6,0.042
15,1,7,0.042
15,1,8,0.0419999999437447
15,1,9,0.04199999996919615
15,1,10,0.042
15,2,1,0.041999999988076284
15,2,2,0.042
15,2,3,0.04199999995886164
15,2,4,0.041999999967511734
15,2,5,0.041999999921269966
15,2,6,0.04199999996970864
15,2,7,0.04199999996643775
15,2,8,0.042
15,2,9,0.042
15,2,10,0.042
15,3,1,0.042
15,3,2,0.042
15,3,3,0.042
15,3,4,0.042
15,3,5,0.0419999999819925
15,3,6,0.04199999997744278
15,3,7,0.04199999999317578
15,3,8,0.042
15,3,9,0.0419999999929181
15,3,10,0.0419999999761806
15,4,1,0.042
15,4,2,0.04199999998986645
15,4,3,0.041999999989725194
15,4,4,0.042
15,4,5,0.042
15,4,6,0.041999999980928036
15,4,7,0.04199999998454284
15,4,8,0.042
15,4,9,0.042
15,4,10,0.041999999966310354
15,5,1,0.04199999994858715
15,5,2,0.04199999999365286
15,5,3,0.042
15,5,4,0.0419999999892787
15,5,5,0.042
15,5,6,0.042
15,5,7,0.04199999991666707
15,5,8,0.04199999995803308
15,5,9,0.04199999997603
15,5,10,0.042
15,6,1,0.042
15,6,2,0.041999999981646635
15,6,3,0.042
15,6,4,0.042
15,6,5,0.042
15,6,6,0.042
15,6,7,0.041999999966520284
15,6,8,0.042
15,6,9,0.04199999997050731
15,6,10,0.042
15,7,1,0.042
15,7,2,0.042
15,7,3,0.042
15,7,4,0.04199999997724838
15,7,5,0.042
15,7,6,0.04199999993502971
15,7,7,0.04199999999382085
15,7,8,0.042
15,7,9,0.04199999998594095
15,7,10,0.042
15,8,1,0.04199999997613815
15,8,2,0.042
15,8,3,0.042
15,8,4,0.041999999949828865
15,8,5,0.041999999978213284
15,8,6,0.04199999996694401
15,8,7,0.042
15,8,8,0.04199999994940451
15,8,9,0.04199999996454627
15,8,10,0.04199999992658535
15,9,1,0.041999999951008574
15,9,2,0.041999999998455335
15,9,3,0.042
15,9,4,0.04199999997923956
15,9,5,0.04199999997088805
15,9,6,0.041999999971069374
15,9,7,0.04199999997720186
15,9,8,0.041999999975186136
15,9,9,0.04199999992075759
15,9,10,0.042
15,10,1,0.04199999994919296
15,10,2,0.042
15,10,3,0.042
15,10,4,0.041999999938419824
15,10,5,0.04199999996245739
15,10,6,0.04199999995712723
15,10,7,0.041999999988301104
15,10,8,0.04199999992237955
15,10,9,0.042
15,10,10,0.0419999999968461
15,11,1,0.042
15,11,2,0.041999999979606135
15,11,3,0.04199999997985319
15,11,4,0.042
15,11,5,0.042
15,11,6,0.042
15,11,7,0.0419999999471791
15,11,8,0.041999999985345315
15,11,9,0.042
15,11,10,0.04199999995256725
15,12,1,0.04199999999622451
15,12,2,0.04199999998152074
15,12,3,0.04199999997918229
15,12,4,0.042
15,12,5,0.04199999998757271
15,12,6,0.04199999998800755
15,12,7,0.041999999998765615
15,12,8,0.04199999999862692
15,12,9,0.04199999998650871
15,12,10,0.04199999998620198
15,13,1,0.041999999995584576
15,13,2,0.04199999990723645
15,13,3,0.041999999989594666
15,13,4,0.042
15,13,5,0.042
15,13,6,0.041999999959483225
15,13,7,0.04199999998621452
15,13,8,0.041999999946990246
15,13,9,0.04199999996725689
15,13,10,0.04199999996247831
15,14,1,0.042
15,14,2,0.04199999996717815
15,14,3,0.04199999993602778
15,14,4,0.042
15,14,5,0.042
15,14,6,0.041999999994062454
15,14,7,0.041999999965916426
15,14,8,0.04199999996180305
15,14,9,0.04199999993145436
15,14,10,0.041999999975986774
15,15,1,0.04199999998796954
15,15,2,0.042
15,15,3,0.042
15,15,4,0.041999999957102796
15,15,5,0.04199999999274695
15,15,6,0.042
15,15,7,0.042
15,15,8,0.042
15,15,9,0.042
15,15,10,0.041999999993048764
15,16,1,0.042
15,16,2,0.041999999881202496
15,16,3,0.04199999996112637
15,16,4,0.042
15,16,5,0.04199999998093341
15,16,6,0.042
15,16,7,0.041999999939340914
15,16,8,0.042
15,16,9,0.04199999994899278
15,16,10,0.04199999996900082
15,17,1,0.042
15,17,2,0.04199999998254173
15,17,3,0.0419999999758935
15,17,4,0.04199999999868029
15,17,5,0.041999999951283305
15,17,6,0.042
15,17,7,0.04199999997386797
15,17,8,0.041999999997267196
15,17,9,0.04199999996725956
15,17,10,0.041999999983541515
15,18,1,0.042
15,18,2,0.042
15,18,3,0.042
15,18,4,0.041999999910859336
15,18,5,0.042
15,18,6,0.041999999968543346
15,18,7,0.04199999996564563
15,18,8,0.042
15,18,9,0.04199999994856125
15,18,10,0.041999999954195094
15,19,1,0.041999999996982285
15,19,2,0.041999999964544524
15,19,3,0.0419999999885249
15,19,4,0.042
15,19,5,0.04199999988769708
15,19,6,0.042
15,19,7,0.04199999997752171
15,19,8,0.04199999994533712
15,19,9,0.04199999995854399
15,19,10,0.042
15,20,1,0.041999999962749994
15,20,2,0.041999999912574956
15,20,3,0.042
15,20,4,0.042
15,20,5,0.04199999998662211
15,20,6,0.041999999988155456
15,20,7,0.04199999998845538
15,20,8,0.04199999995985514
15,20,9,0.04199999997871006
15,20,10,0.042
15,21,1,0.04199999995782449
15,21,2,0.0419999999452601
15,21,3,0.04199999996280311
15,21,4,0.04199999999468367
15,21,5,0.04199999997669444
15,21,6,0.04199999998210902
15,21,7,0.042
15,21,8,0.04199999998231981
15,21,9,0.041999999988119825
15,21,10,0.041999999956986785
15,22,1,0.04199999998569311
15,22,2,0.042
15,22,3,0.042
15,22,4,0.042
15,22,5,0.041999999997446164
15,22,6,0.04199999998470846
15,22,7,0.04199999994999087
15,22,8,0.042
15,22,9,0.041999999986404093
15,22,10,0.04199999996059034
15,23,1,0.04199999997977897
15,23,2,0.04199999997088017
15,23,3,0.04199999999415216
15,23,4,0.04199999995084073
15,23,5,0.041999999984138205
15,23,6,0.0419999999277087
15,23,7,0.041999999976972124
15,23,8,0.041999999911201714
15,23,9,0.04199999994902116
15,23,10,0.04199999998893283
15,24,1,0.042
15,24,2,0.04199999999447484
15,24,3,0.04199999997565455
15,24,4,0.042
15,24,5,0.042
15,24,6,0.041999999979084365
15,24,7,0.04199999989450238
15,24,8,0.04199999999672079
15,24,9,0.041999999986430656
15,24,10,0.041999999956104726
18,1,1,0.08499999998970485
18,1,2,0.08499999999039687
18,1,3,0.08499999998972353
18,1,4,0.08499999998968719
18,1,5,0.0849999999896525
18,1,6,0.08499999998964197
18,1,7,0.08499999998996587
18,1,8,0.08499999999161414
18,1,9,0.08499999998956403
18,1,10,0.08499999999015527
18,2,1,0.0849999999896985
18,2,2,0.08499999999037672
18,2,3,0.08499999998970652
18,2,4,0.0849999999896744
18,2,5,0.08499999998965052
18,2,6,0.08499999998962995
18,2,7,0.08499999998995007
18,2,8,0.0849999999916136
18,2,9,0.08499999998955952
18,2,10,0.08499999999015131
18,3,1,0.08499999998967611
18,3,2,0.0849999999903897
18,3,3,0.08499999998970494
18,3,4,0.08499999998968481
18,3,5,0.08499999998963308
18,3,6,0.08499999998962675
18,3,7,0.08499999998995747
18,3,8,0.08499999999166488
18,3,9,0.08499999998955501
18,3,10,0.08499999999015533
18,4,1,0.08499999998970145
18,4,2,0.0849999999903809
18,4,3,0.08499999998970771
18,4,4,0.0849999999896751
18,4,5,0.08499999998963241
18,4,6,0.08499999998963463
18,4,7,0.08499999998995822
18,4,8,0.0849999999916128
18,4,9,0.08499999998955189
18,4,10,0.08499999999014608
18,5,1,0.08499999998969508
18,5,2,0.08499999999038181
18,5,3,0.08499999998970634
18,5,4,0.08499999998967837
18,5,5,0.08499999998964261
18,5,6,0.08499999998964228
18,5,7,0.08499999998994742
18,5,8,0.08499999999159975
18,5,9,0.08499999998948232
18,5,10,0.08499999999015026
18,6,1,0.08362309498970505
18,6,2,0.08299853999039958
18,6,3,0.0836526249897195
18,6,4,0.08365262498968795
18,6,5,0.08308252498964346
18,6,6,0.08384349998962803
18,6,7,0.08299890998997811
18,6,8,0.08319898999158444
18,6,9,0.0837072549893687
18,6,10,0.08264326499015277
18,7,1,0.03228949998972348
18,7,2,0.01471999999039636
18,7,3,0.039985349989717894
18,7,4,0.03998534998967059
18,7,5,0.024684499989665244
18,7,6,0.04060909998964463
18,7,7,0.02205449999007396
18,7,8,0.02377249999159575
18,7,9,0.04181034998937376
18,7,10,0.010969499990166208
18,8,1,-0.04695000001030904
18,8,2,-0.08426650000960641
18,8,3,-0.04103850001026743
18,8,4,-0.041038500010312264
18,8,5,-0.06937050001029198
18,8,6,-0.027192000010338696
18,8,7,-0.07610200000997443
18,8,8,-0.07583000000827211
18,8,9,-0.035928500010632636
18,8,10,-0.09162050000983504
18,9,1,-0.13313950001027747
18,9,2,-0.1677260000103215
18,9,3,-0.11988250001025942
18,9,4,-0.11988250001029707
18,9,5,-0.13176550001025406
18,9,6,-0.0933665000103046
18,9,7,-0.14121800000997306
18,9,8,-0.1585385000082625
18,9,9,-0.11157600000835007
18,9,10,-0.17223200000983513
18,10,1,-0.19624600000988685
18,10,2,-0.22410900001008277
18,10,3,-0.19396650000990362
18,10,4,-0.1939665000099365
18,10,5,-0.1832745000098576
18,10,6,-0.1460985000101513
18,10,7,-0.1949725000098144
18,10,8,-0.21771950000934284
18,10,9,-0.1826565000097998
18,10,10,-0.2340895000098082
18,11,1,-0.23879050000985066
18,11,2,-0.25946000000981967
18,11,3,-0.2354345000099302
18,11,4,-0.23543450000995259
18,11,5,-0.21788550000983922
18,11,6,-0.183423000009969
18,11,7,-0.2310930000098046
18,11,8,-0.25403200000934545
18,11,9,-0.22244350000991464
18,11,10,-0.2718795000098841
18,12,1,-0.24849250000983344
18,12,2,-0.26962300000987904
18,12,3,-0.2562480000098218
18,12,4,-0.25624800000991826
18,12,5,-0.2166480000098229
18,12,6,-0.19751550000984505
18,12,7,-0.22980150000980845
18,12,8,-0.2686820000094284
18,12,9,-0.24241300000982624
18,12,10,-0.28626450000980425
18,13,1,-0.24605300000983382
18,13,2,-0.2632020000098582
18,13,3,-0.25352700000981987
18,13,4,-0.25352700000956463
18,13,5,-0.20115300000960126
18,13,6,-0.1870480000098938
18,13,7,-0.2136305000098129
18,13,8,-0.2606615000097314
18,13,9,-0.2398020000098246
18,13,10,-0.2750615000098048
18,14,1,-0.22657550000983598
18,14,2,-0.2268485000098019
18,14,3,-0.23132750000982408
18,14,4,-0.23132750000995334
18,14,5,-0.15936750000985261
18,14,6,-0.15797850000985167
18,14,7,-0.17002300000993412
18,14,8,-0.23082050000953605
18,14,9,-0.21850300000982895
18,14,10,-0.2437525000098652
18,15,1,-0.1786450000100605
18,15,2,-0.17216750000980427
18,15,3,-0.18270000000995423
18,15,4,-0.18270000000997486
18,15,5,-0.10849300001008509
18,15,6,-0.11461650000996816
18,15,7,-0.1169300000099338
18,15,8,-0.17636100000876775
18,15,9,-0.17184650001006727
18,15,10,-0.18662050000983038
18,16,1,-0.10200650001003563
18,16,2,-0.09045000000982126
18,16,3,-0.10745400000996404
18,16,4,-0.1074540000103275
18,16,5,-0.04526650001026306
18,16,6,-0.051814000010015446
18,16,7,-0.05094700000996582
18,16,8,-0.09649150000879178
18,16,9,-0.09965150001033922
18,16,10,-0.10659950000984361
18,17,1,-0.006546500011410152
18,17,2,0.004641499991055337
18,17,3,-0.011134000010001983
18,17,4,-0.011134000011344616
18,17,5,0.029024499989728603
18,17,6,0.02391049998998573
18,17,7,0.02658349999004639
18,17,8,-0.0035955000087771905
18,17,9,-0.007236500010352345
18,17,10,-0.008305000009134724
18,18,1,0.0764812499870943
18,18,2,0.0782077999910657
18,18,3,0.07639339999003725
18,18,4,0.07639339998864327
18,18,5,0.0805093749897122
18,18,6,0.081455779989987
18,18,7,0.08031355999003616
18,18,8,0.07722914999121563
18,18,9,0.07674234998963543
18,18,10,0.07709934999153915
18,19,1,0.0849999999871334
18,19,2,0.0849999999910287
18,19,3,0.08499999999002725
18,19,4,0.08499999998861779
18,19,5,0.08499999998972536
18,19,6,0.08499999998997855
18,19,7,0.08499999999003925
18,19,8,0.08499999999118046
18,19,9,0.08499999998963591
18,19,10,0.08499999999154556
18,20,1,0.08499999998120235
18,20,2,0.08499999999143383
18,20,3,0.08499999999103866
18,20,4,0.08499999999104585
18,20,5,0.08499999999113338
18,20,6,0.08499999999108127
18,20,7,0.08499999999123149
18,20,8,0.08499999998204885
18,20,9,0.08499999999099597
18,20,10,0.08499999999164765
18,21,1,0.08499999998454363
18,21,2,0.08499999999102628
18,21,3,0.0849999999894474
18,21,4,0.0849999999891841
18,21,5,0.08499999999061444
18,21,6,0.08499999999070401
18,21,7,0.08499999999065562
18,21,8,0.08499999999170679
18,21,9,0.08499999998747831
18,21,10,0.08499999999157805
18,22,1,0.08499999998734883
18,22,2,0.08499999999168553
18,22,3,0.08499999998945461
18,22,4,0.08499999998919268
18,22,5,0.08499999999062159
18,22,6,0.08499999999071046
18,22,7,0.08499999999066042
18,22,8,0.0849999999897257
18,22,9,0.08499999998750332
18,22,10,0.08499999999163559
18,23,1,0.08499999998890488
18,23,2,0.08499999998958399
18,23,3,0.08499999998946023
18,23,4,0.08499999998920427
18,23,5,0.08499999999061857
18,23,6,0.08499999999071611
18,23,7,0.08499999999065928
18,23,8,0.08499999998974396
18,23,9,0.08499999998892661
18,23,10,0.08499999999156464
18,24,1,0.08499999998981315
18,24,2,0.08499999999025824
18,24,3,0.08499999998940613
18,24,4,0.0849999999891846
18,24,5,0.08499999999075558
18,24,6,0.08499999999084969
18,24,7,0.08499999999078678
18,24,8,0.08499999998933756
18,24,9,0.08499999998967103
18,24,10,0.08499999999163932
19,1,1,-8.944542155553403e-12
19,1,2,-3.9184957362214945e-11
19,1,3,-7.252544918789905e-13
19,1,4,0.0
19,1,5,0.0
19,1,6,-7.625480108464089e-13
19,1,7,-3.884426634515048e-12
19,1,8,-1.16714259784656e-11
19,1,9,0.0
19,1,10,0.0
19,2,1,-4.7469113709230903e-11
19,2,2,0.0
19,2,3,-2.525610883624685e-11
19,2,4,-5.3441972201750954e-11
19,2,5,-5.850438015986281e-11
19,2,6,-4.914533103389518e-11
19,2,7,0.0
19,2,8,0.0
19,2,9,-8.664234434074825e-11
19,2,10,-3.9999690192027426e-11
19,3,1,-1.6321893489545936e-11
19,3,2,-2.213781762072653e-11
19,3,3,0.0
19,3,4,-4.8409569755603066e-11
19,3,5,-1.500122422115613e-11
19,3,6,0.0
19,3,7,0.0
19,3,8,-6.208166966614748e-11
19,3,9,-1.3050241443046673e-11
19,3,10,0.0
19,4,1,-1.1384459347452136e-11
19,4,2,-3.6558449843793195e-11
19,4,3,-8.20766961340258e-11
19,4,4,-4.03778468993643e-11
19,4,5,-5.964293468829762e-11
19,4,6,-2.3613798416644016e-11
19,4,7,0.0
19,4,8,0.0
19,4,9,-2.133094915979239e-12
19,4,10,-5.20914075763379e-11
19,5,1,-3.784118136028469e-11
19,5,2,-7.327952199036314e-11
19,5,3,-6.238076082163563e-12
19,5,4,-5.884102731966434e-11
19,5,5,-2.5000041099787484e-12
19,5,6,0.0
19,5,7,-3.348749261829903e-11
19,5,8,-3.369684219156621e-11
19,5,9,0.0
19,5,10,-4.1142401985272414e-11
19,6,1,-3.586228449620199e-11
19,6,2,-2.6364190344740912e-11
19,6,3,-5.5073046817399884e-12
19,6,4,0.0
19,6,5,-7.12878967966457e-11
19,6,6,-2.6068072304085518e-11
19,6,7,-6.906332733005487e-13
19,6,8,-1.0166806564920576e-11
19,6,9,-2.0175838430502857e-11
19,6,10,-2.314603550857389e-11
19,7,1,-4.260298537561713e-11
19,7,2,-2.803447404775561e-11
19,7,3,0.0
19,7,4,-4.6699464607835584e-11
19,7,5,-5.373628908696515e-11
19,7,6,-3.3822072746658716e-11
19,7,7,-3.8557525228188894e-11
19,7,8,-8.982645530175581e-11
19,7,9,-2.5648372314890366e-11
19,7,10,-5.6355170530153487e-11
19,8,1,-2.7672336644357642e-11
19,8,2,-4.2821989010288775e-11
19,8,3,-2.911154130258442e-11
19,8,4,-6.696802140604419e-11
19,8,5,0.0
19,8,6,0.0
19,8,7,-5.372882000420631e-11
19,8,8,0.0
19,8,9,-3.380346089848496e-11
19,8,10,-1.220960832437612e-11
19,9,1,-3.969204132037163e-11
19,9,2,-1.117664988337097e-11
19,9,3,0.0
19,9,4,-6.972342841971013e-11
19,9,5,-1.9655786547001508e-11
19,9,6,-8.857542130313867e-11
19,9,7,0.0
19,9,8,0.0
19,9,9,0.0
19,9,10,-8.473935442232516e-11
19,10,1,-8.04560809322655e-12
19,10,2,-6.174015111592924e-11
19,10,3,-7.139559912239593e-11
19,10,4,-1.7871397496735668e-12
19,10,5,-3.067473427135682e-11
19,10,6,0.0
19,10,7,-4.367278066963465e-11
19,10,8,-4.735207191317008e-12
19,10,9,-8.469576082137387e-11
19,10,10,0.0
19,11,1,-3.122660886179751e-11
19,11,2,-1.634049874682067e-11
19,11,3,-3.0535302639276424e-11
19,11,4,-1.7660465248604193e-11
19,11,5,0.0
19,11,6,-1.0212897277987456e-11
19,11,7,0.0
19,11,8,0.0
19,11,9,-2.5356071409188274e-12
19,11,10,-3.263258413488401e-11
19,12,1,0.0
19,12,2,-6.815802002652083e-11
19,12,3,-3.572394810524848e-11
19,12,4,-9.877890568221424e-11
19,12,5,-6.091168880256573e-11
19,12,6,-6.451942799468036e-11
19,12,7,0.0
19,12,8,0.0
19,12,9,-2.315775869676795e-11
19,12,10,-7.858306019792316e-11
19,13,1,-5.332533199731149e-11
19,13,2,0.0
19,13,3,-3.571999467044673e-11
19,13,4,0.0
19,13,5,0.0
19,13,6,-6.113196320683967e-11
19,13,7,-4.6567457355484176e-11
19,13,8,0.0
19,13,9,0.0
19,13,10,0.0
19,14,1,-2.780725823214869e-11
19,14,2,-3.1508520619005775e-11
19,14,3,0.0
19,14,4,-3.805106613424492e-11
19,14,5,-3.8026842650237784e-11
19,14,6,-4.828231217612888e-11
19,14,7,0.0
19,14,8,0.0
19,14,9,-1.0355153301673525e-10
19,14,10,0.0
19,15,1,0.0
19,15,2,0.0
19,15,3,-7.281716288970452e-11
19,15,4,0.0
19,15,5,0.0
19,15,6,0.0
19,15,7,-3.962760675157995e-12
19,15,8,0.0
19,15,9,0.0
19,15,10,0.0
19,16,1,-7.056633489349595e-12
19,16,2,-4.396030288726774e-11
19,16,3,-5.7623769037645767e-11
19,16,4,-1.0946636695734836e-11
19,16,5,0.0
19,16,6,0.0
19,16,7,0.0
19,16,8,0.0
19,16,9,-4.1750789457617454e-11
19,16,10,-2.4252527251135406e-12
19,17,1,-1.1971567469185921e-11
19,17,2,-3.243155668652869e-11
19,17,3,-3.026674245433514e-11
19,17,4,-1.6254090087763906e-11
19,17,5,0.0
19,17,6,0.0
19,17,7,-4.7348435070876975e-11
19,17,8,-6.364063789843222e-12
19,17,9,0.0
19,17,10,-3.0201743631229475e-12
19,18,1,0.0
19,18,2,-5.585604931634043e-11
19,18,3,-3.296285683643263e-11
19,18,4,-8.144090436756901e-11
19,18,5,0.0
19,18,6,-7.947048531395384e-11
19,18,7,-2.2717527172374126e-12
19,18,8,-1.216543359106037e-11
19,18,9,-5.2689949625595034e-11
19,18,10,0.0
19,19,1,-1.5244610754313137e-11
19,19,2,-6.85524678409285e-12
19,19,3,0.0
19,19,4,0.0
19,19,5,-3.159204668701232e-12
19,19,6,-4.061305263446113e-11
19,19,7,0.0
19,19,8,0.0
19,19,9,0.0
19,19,10,-5.171212022231798e-11
19,20,1,-4.301389799898914e-11
19,20,2,-9.285310714757244e-11
19,20,3,-6.20128948192189e-12
19,20,4,0.0
19,20,5,-6.385995898749997e-11
19,20,6,-3.7853553624955794e-11
19,20,7,-3.251798136316708e-11
19,20,8,-7.79465658684586e-11
19,20,9,-2.1616750056629996e-11
19,20,10,-2.1621399115545614e-11
19,21,1,0.0
19,21,2,0.0
19,21,3,0.0
19,21,4,0.0
19,21,5,-3.037456397514404e-11
19,21,6,-1.6440872968592757e-11
19,21,7,0.0
19,21,8,-2.2254212361794146e-11
19,21,9,-2.4831491030052888e-12
19,21,10,-4.146980328578742e-11
19,22,1,0.0
19,22,2,-2.8516217165375224e-12
19,22,3,-4.178873393156923e-11
19,22,4,0.0
19,22,5,-1.4483407528853576e-11
19,22,6,0.0
19,22,7,-1.1586442395794538e-10
19,22,8,0.0
19,22,9,0.0
19,22,10,-5.004334273361888e-11
19,23,1,-6.391821462498628e-12
19,23,2,0.0
19,23,3,-9.870382289278723e-12
19,23,4,-4.784939805491106e-13
19,23,5,-3.246195418591183e-11
19,23,6,-6.190570620142818e-11
19,23,7,0.0
19,23,8,-7.323061428088362e-12
19,23,9,0.0
19,23,10,0.0
19,24,1,0.0
19,24,2,-1.6023163773960944e-10
19,24,3,-9.22021486937652e-12
19,24,4,0.0
19,24,5,0.0
19,24,6,0.0
19,24,7,0.0
19,24,8,-5.656058954528476e-12
19,24,9,-7.569969859099873e-11
19,24,10,0.0
21,1,1,0.08499999984005902
21,1,2,0.08499999994702812
21,1,3,0.085
21,1,4,0.08499999969671834
21,1,5,0.08499999969651673
21,1,6,0.08499999970899763
21,1,7,0.08499999954759674
21,1,8,0.08499999994594498
21,1,9,0.08499999994057439
21,1,10,0.085
21,2,1,0.08499999989082596
21,2,2,0.08499999926016577
21,2,3,0.08499999931365365
21,2,4,0.08499999949493753
21,2,5,0.08499999992001728
21,2,6,0.08499999949457582
21,2,7,0.08499999905330058
21,2,8,0.08499999972989758
21,2,9,0.08499999983449968
21,2,10,0.084999999405319
21,3,1,0.08499999981208872
21,3,2,0.08499999903586719
21,3,3,0.085
21,3,4,0.085
21,3,5,0.0849999994100814
21,3,6,0.085
21,3,7,0.08499999971421524
21,3,8,0.08499999989211338
21,3,9,0.085
21,3,10,0.0849999991736563
21,4,1,0.08499999915942591
21,4,2,0.08499999972584882
21,4,3,0.08499999962472748
21,4,4,0.0849999995420998
21,4,5,0.0849999996559021
21,4,6,0.08499999951742532
21,4,7,0.085
21,4,8,0.08499999984359063
21,4,9,0.085
21,4,10,0.08499999984595363
21,5,1,0.08499999975299333
21,5,2,0.08499999985750017
21,5,3,0.08499999953463822
21,5,4,0.08499999963893368
21,5,5,0.08499999966676253
21,5,6,0.08499999931540847
21,5,7,0.08499999958914795
21,5,8,0.08499999986195128
21,5,9,0.08499999988944085
21,5,10,0.0849999998874913
21,6,1,0.085
21,6,2,0.08499999969363614
21,6,3,0.085
21,6,4,0.085
21,6,5,0.08499999955298798
21,6,6,0.08499999994310325
21,6,7,0.08499999940971636
21,6,8,0.085
21,6,9,0.08499999999054553
21,6,10,0.085
21,7,1,0.0849999996544446
21,7,2,0.085
21,7,3,0.08499999937023328
21,7,4,0.085
21,7,5,0.085
21,7,6,0.08499999987115481
21,7,7,0.085
21,7,8,0.085
21,7,9,0.085
21,7,10,0.0849999995631614
21,8,1,0.08499999952015891
21,8,2,0.085
21,8,3,0.085
21,8,4,0.085
21,8,5,0.08499999917882639
21,8,6,0.085
21,8,7,0.085
21,8,8,0.085
21,8,9,0.085
21,8,10,0.085
21,9,1,0.0849999987849937
21,9,2,0.0849999991220961
21,9,3,0.08499999997330554
21,9,4,0.085
21,9,5,0.08499999985211526
21,9,6,0.08499999956011883
21,9,7,0.08499999978361247
21,9,8,0.085
21,9,9,0.0849999989243709
21,9,10,0.085
21,10,1,0.085
21,10,2,0.085
21,10,3,0.085
21,10,4,0.08499999934630131
21,10,5,0.08499999905455746
21,10,6,0.0849999995560431
21,10,7,0.08499999978027906
21,10,8,0.08499999997974894
21,10,9,0.085
21,10,10,0.0849999995716646
21,11,1,0.085
21,11,2,0.08499999998112495
21,11,3,0.08499999967066985
21,11,4,0.085
21,11,5,0.0849999984595795
21,11,6,0.085
21,11,7,0.085
21,11,8,0.0849999991509175
21,11,9,0.08499999897524657
21,11,10,0.08499999872432162
21,12,1,0.085
21,12,2,0.085
21,12,3,0.085
21,12,4,0.085
21,12,5,0.085
21,12,6,0.0849999993616326
21,12,7,0.08499999967458982
21,12,8,0.085
21,12,9,0.085
21,12,10,0.085
21,13,1,0.085
21,13,2,0.085
21,13,3,0.08499999910259615
21,13,4,0.08499999976506238
21,13,5,0.085
21,13,6,0.08499999980191764
21,13,7,0.0849999999488148
21,13,8,0.08499999992309915
21,13,9,0.085
21,13,10,0.08499999935660163
21,14,1,0.085
21,14,2,0.085
21,14,3,0.085
21,14,4,0.08499999939879621
21,14,5,0.085
21,14,6,0.08499999913563028
21,14,7,0.08499999967913574
21,14,8,0.08499999920234153
21,14,9,0.08499999975244377
21,14,10,0.08499999944264647
21,15,1,0.085
21,15,2,0.085
21,15,3,0.08499999925576252
21,15,4,0.085
21,15,5,0.085
21,15,6,0.085
21,15,7,0.08499999984553919
21,15,8,0.08499999980895678
21,15,9,0.08499999994929253
21,15,10,0.08499999969805738
21,16,1,0.08499999935006297
21,16,2,0.08499999935351621
21,16,3,0.085
21,16,4,0.085
21,16,5,0.0849999995988211
21,16,6,0.08499999961058302
21,16,7,0.08499999973807748
21,16,8,0.085
21,16,9,0.08499999945266756
21,16,10,0.085
21,17,1,0.08499999997287677
21,17,2,0.085
21,17,3,0.08499999997508101
21,17,4,0.085
21,17,5,0.08499999995565966
21,17,6,0.08499999998248375
21,17,7,0.08499999939988379
21,17,8,0.085
21,17,9,0.0849999999293789
21,17,10,0.08499999987637352
21,18,1,0.08499999938653913
21,18,2,0.08499999986020312
21,18,3,0.0849999997241444
21,18,4,0.08499999984137196
21,18,5,0.08499999961854177
21,18,6,0.08499999991593499
21,18,7,0.08499999932018776
21,18,8,0.08499999921284473
21,18,9,0.085
21,18,10,0.0849999996552453
21,19,1,0.085
21,19,2,0.085
21,19,3,0.08499999923008006
21,19,4,0.08499999990388418
21,19,5,0.08499999958144344
21,19,6,0.0849999997459816
21,19,7,0.08499999987435736
21,19,8,0.08499999971837324
21,19,9,0.08499999988134199
21,19,10,0.085
21,20,1,0.08499999953611626
21,20,2,0.085
21,20,3,0.0849999988616853
21,20,4,0.08499999941929592
21,20,5,0.08499999960795562
21,20,6,0.085
21,20,7,0.085
21,20,8,0.08499999896599575
21,20,9,0.085
21,20,10,0.08499999994530205
21,21,1,0.0849999999197093
21,21,2,0.08499999932767244
21,21,3,0.084999999470601
21,21,4,0.0849999998165667
21,21,5,0.08499999983616346
21,21,6,0.08499999958394233
21,21,7,0.08499999961088078
21,21,8,0.08499999952699477
21,21,9,0.08499999987439488
21,21,10,0.0849999997237385
21,22,1,0.08499999993988294
21,22,2,0.08499999955971638
21,22,3,0.08499999976574824
21,22,4,0.08499999951730741
21,22,5,0.085
21,22,6,0.08499999973893257
21,22,7,0.085
21,22,8,0.08499999992679519
21,22,9,0.085
21,22,10,0.08499999983892992
21,23,1,0.08499999970317162
21,23,2,0.08499999911452472
21,23,3,0.08499999948312009
21,23,4,0.085
21,23,5,0.085
21,23,6,0.08499999965379978
21,23,7,0.085
21,23,8,0.08499999983037321
21,23,9,0.08499999973802308
21,23,10,0.08499999982154582
21,24,1,0.085
21,24,2,0.085
21,24,3,0.085
21,24,4,0.08499999967799887
21,24,5,0.08499999925235152
21,24,6,0.08499999872410668
21,24,7,0.085
21,24,8,0.085
21,24,9,0.085
21,24,10,0.085
23,1,1,0.0
23,1,2,0.0
23,1,3,0.0
23,1,4,0.0
23,1,5,0.0
23,1,6,0.0
23,1,7,0.0
23,1,8,-3.138083126685842e-10
23,1,9,-2.5542523651722604e-10
23,1,10,-1.434787844090124e-10
23,2,1,0.0
23,2,2,0.0
23,2,3,-2.05782058060322e-11
23,2,4,0.0
23,2,5,0.0
23,2,6,0.0
23,2,7,0.0
23,2,8,0.0
23,2,9,-2.387223752009504e-11
23,2,10,0.0
23,3,1,-3.085087740828385e-11
23,3,2,-1.4842038709161898e-10
23,3,3,-4.97439645030795e-10
23,3,4,0.0
23,3,5,0.0
23,3,6,-2.542717147946405e-10
23,3,7,0.0
23,3,8,-2.580016200681712e-10
23,3,9,-2.0203905215510076e-10
23,3,10,-2.5332669295607957e-10
23,4,1,0.0
23,4,2,0.0
23,4,3,0.0
23,4,4,-5.727862628646108e-12
23,4,5,-4.345692694585068e-10
23,4,6,-1.8066215190515322e-11
23,4,7,0.0
23,4,8,0.0
23,4,9,0.0
23,4,10,-3.5314995372459634e-10
23,5,1,0.0
23,5,2,0.0
23,5,3,0.0
23,5,4,0.0
23,5,5,0.0
23,5,6,0.0
23,5,7,0.0
23,5,8,-2.5162316674709473e-11
23,5,9,-7.491474107723661e-11
23,5,10,-1.8785661914932916e-10
23,6,1,-7.353806452670142e-11
23,6,2,-2.1333379507382233e-11
23,6,3,-2.4629898121020233e-10
23,6,4,-2.6560531551922395e-11
23,6,5,-1.3315437641381322e-10
23,6,6,0.0
23,6,7,-4.2443559777893825e-10
23,6,8,0.0
23,6,9,0.0
23,6,10,-2.4613311389032333e-10
23,7,1,0.0
23,7,2,0.0
23,7,3,0.0
23,7,4,-1.9253931782259315e-11
23,7,5,0.0
23,7,6,0.0
23,7,7,-1.0018563756375443e-10
23,7,8,-2.5936386371938625e-10
23,7,9,-3.2478886247133687e-10
23,7,10,0.0
23,8,1,0.0
23,8,2,-1.9748114254980464e-10
23,8,3,-1.0967204921996654e-10
23,8,4,-6.814793174214628e-11
23,8,5,0.0
23,8,6,0.0
23,8,7,0.0
23,8,8,0.0
23,8,9,-3.7042724443381303e-10
23,8,10,0.0
23,9,1,0.0
23,9,2,0.0
23,9,3,0.0
23,9,4,-2.6404267661206404e-10
23,9,5,-1.518996040061893e-11
23,9,6,0.0
23,9,7,-2.121730013904255e-10
23,9,8,-4.727637170631738e-10
23,9,9,0.0
23,9,10,0.0
23,10,1,-3.3978442282034393e-10
23,10,2,-2.726285863730027e-11
23,10,3,-5.195599506180315e-11
23,10,4,-3.134195125653605e-10
23,10,5,-1.732221033279302e-10
23,10,6,-8.543143970030087e-11
23,10,7,-1.4116952051779208e-10
23,10,8,-2.097257922883955e-10
23,10,9,-2.183091485363775e-10
23,10,10,0.0
23,11,1,0.0
23,11,2,0.0
23,11,3,0.0
23,11,4,0.0
23,11,5,0.0
23,11,6,-2.088005324196729e-10
23,11,7,-6.437692601224398e-10
23,11,8,0.0
23,11,9,0.0
23,11,10,-3.436428919201262e-11
23,12,1,-2.562596801425343e-10
23,12,2,-5.334244157495505e-10
23,12,3,-1.8339652019250252e-10
23,12,4,-2.7671309688059864e-10
23,12,5,0.0
23,12,6,0.0
23,12,7,0.0
23,12,8,-1.8614544627926222e-10
23,12,9,-2.449245251057164e-10
23,12,10,-1.2238843272172062e-10
23,13,1,-1.6608625585945447e-10
23,13,2,-2.9542113200164977e-10
23,13,3,0.0
23,13,4,0.0
23,13,5,-8.809259433029126e-10
23,13,6,-2.9000435386450363e-10
23,13,7,0.0
23,13,8,0.0
23,13,9,-4.2146375278662163e-10
23,13,10,0.0
23,14,1,0.0
23,14,2,-9.354255148252832e-10
23,14,3,-1.1829470736302028e-10
23,14,4,0.0
23,14,5,0.0
23,14,6,0.0
23,14,7,0.0
23,14,8,-1.0083844870223402e-10
23,14,9,-3.3309177638329857e-10
23,14,10,-2.3175072971781674e-10
23,15,1,0.0
23,15,2,-5.796753077547123e-10
23,15,3,0.0
23,15,4,0.0
23,15,5,-5.225939680997271e-10
23,15,6,0.0
23,15,7,0.0
23,15,8,0.0
23,15,9,-2.9335822659959376e-10
23,15,10,0.0
23,16,1,-5.230549326995515e-11
23,16,2,0.0
23,16,3,0.0
23,16,4,0.0
23,16,5,0.0
23,16,6,0.0
23,16,7,0.0
23,16,8,-4.2663272914467143e-10
23,16,9,-1.9114332339142948e-10
23,16,10,-1.4532863801264284e-10
23,17,1,-1.078115374752997e-11
23,17,2,-8.277734053763197e-11
23,17,3,-2.0449819615464548e-10
23,17,4,-1.2047207675891514e-10
23,17,5,0.0
23,17,6,-2.275806210150222e-10
23,17,7,0.0
23,17,8,-2.0368084996391644e-10
23,17,9,0.0
23,17,10,-1.7229906390525684e-10
23,18,1,-1.0400014183176154e-10
23,18,2,-4.9467985263618175e-11
23,18,3,-2.1545387696164653e-10
23,18,4,0.0
23,18,5,0.0
23,18,6,0.0
23,18,7,0.0
23,18,8,-1.028244156486835e-10
23,18,9,0.0
23,18,10,-5.776912281874047e-11
23,19,1,0.0
23,19,2,-1.4530932013201436e-10
23,19,3,0.0
23,19,4,-6.722844503315173e-11
23,19,5,0.0
23,19,6,-3.776645662867395e-11
23,19,7,0.0
23,19,8,-3.5669822651129834e-10
23,19,9,0.0
23,19,10,0.0
23,20,1,0.0
23,20,2,-6.578364519782554e-10
23,20,3,0.0
23,20,4,0.0
23,20,5,-1.00086205989669e-9
23,20,6,-4.828115685029388e-11
23,20,7,0.0
23,20,8,0.0
23,20,9,-2.6936564090362936e-11
23,20,10,0.0
23,21,1,-1.6350032439049755e-11
23,21,2,0.0
23,21,3,0.0
23,21,4,0.0
23,21,5,-2.500954998652105e-11
23,21,6,0.0
23,21,7,0.0
23,21,8,-5.7435611822143073e-11
23,21,9,-6.689071518906076e-11
23,21,10,0.0
23,22,1,-6.226530402386743e-11
23,22,2,-9.64774926615064e-11
23,22,3,-2.858779879488793e-10
23,22,4,-9.473533069126461e-11
23,22,5,0.0
23,22,6,0.0
23,22,7,-2.19282147995159e-10
23,22,8,0.0
23,22,9,-1.7172263611087146e-11
23,22,10,-8.249689820161166e-11
23,23,1,-7.647327215920541e-11
23,23,2,0.0
23,23,3,0.0
23,23,4,0.0
23,23,5,-3.1923197418848304e-10
23,23,6,0.0
23,23,7,-1.0599809918687697e-10
23,23,8,-2.2844770519725444e-10
23,23,9,0.0
23,23,10,-1.8190959849562205e-10
23,24,1,-4.41985115173793e-10
23,24,2,0.0
23,24,3,-3.3593838821843747e-10
23,24,4,-1.6575074646141275e-10
23,24,5,-9.158963587552194e-10
23,24,6,0.0
23,24,7,0.0
23,24,8,-4.2238423869633834e-10
23,24,9,-1.192989429465996e-9
23,24,10,0.0
25,1,1,0.023999999820731865
25,1,2,0.023999999665031968
25,1,3,0.023999999840660147
25,1,4,0.02399999996709523
25,1,5,0.023999999909873226
25,1,6,0.023999999862252208
25,1,7,0.023999999745722977
25,1,8,0.024
25,1,9,0.024
25,1,10,0.023999999828202778
25,2,1,0.02399999996607538
25,2,2,0.024
25,2,3,0.02399999996841462
25,2,4,0.024
25,2,5,0.02399999987789969
25,2,6,0.024
25,2,7,0.023999999986438425
25,2,8,0.023999999962560192
25,2,9,0.024
25,2,10,0.02399999988625856
25,3,1,0.024
25,3,2,0.024
25,3,3,0.024
25,3,4,0.023999999850531806
25,3,5,0.023999999739840794
25,3,6,0.02399999997927882
25,3,7,0.024
25,3,8,0.024
25,3,9,0.024
25,3,10,0.024
25,4,1,0.024
25,4,2,0.023999999975143904
25,4,3,0.023999999934693816
25,4,4,0.024
25,4,5,0.024
25,4,6,0.024
25,4,7,0.02399999996009261
25,4,8,0.02399999994228663
25,4,9,0.023999999853204557
25,4,10,0.024
25,5,1,0.023999999857425403
25,5,2,0.023999999736729727
25,5,3,0.02399999982890244
25,5,4,0.023999999954583018
25,5,5,0.02399999981246337
25,5,6,0.023999999883032697
25,5,7,0.023999999881783696
25,5,8,0.023999999799115823
25,5,9,0.023999999848388853
25,5,10,0.024
25,6,1,0.024
25,6,2,0.023999999965429675
25,6,3,0.024
25,6,4,0.02399999986732082
25,6,5,0.02399999999484348
25,6,6,0.024
25,6,7,0.024
25,6,8,0.023999999779074965
25,6,9,0.023999999825842444
25,6,10,0.024
25,7,1,0.02399999994655011
25,7,2,0.023999999898811186
25,7,3,0.023999999968213226
25,7,4,0.024
25,7,5,0.02399999969112443
25,7,6,0.024
25,7,7,0.024
25,7,8,0.024
25,7,9,0.024
25,7,10,0.023999999810112804
25,8,1,0.024
25,8,2,0.024
25,8,3,0.024
25,8,4,0.024
25,8,5,0.024
25,8,6,0.023999999759467316
25,8,7,0.02399999965283528
25,8,8,0.023999999909207093
25,8,9,0.024
25,8,10,0.024
25,9,1,0.02399999933517083
25,9,2,0.02399999976454359
25,9,3,0.02399999903825889
25,9,4,0.023999999499382363
25,9,5,0.024
25,9,6,0.023999999814479978
25,9,7,0.024
25,9,8,0.024
25,9,9,0.023999999984571196
25,9,10,0.02399999931295821
25,10,1,0.024
25,10,2,0.023999999892303725
25,10,3,0.023999999837810204
25,10,4,0.024
25,10,5,0.023999999921617388
25,10,6,0.024
25,10,7,0.02399999994407187
25,10,8,0.024
25,10,9,0.02399999988214252
25,10,10,0.024
25,11,1,0.0239999996491449
25,11,2,0.023999999697134733
25,11,3,0.024
25,11,4,0.023999999706384667
25,11,5,0.02399999979394163
25,11,6,0.024
25,11,7,0.024
25,11,8,0.023999999931731963
25,11,9,0.024
25,11,10,0.02399999991028401
25,12,1,0.024
25,12,2,0.024
25,12,3,0.023999999691787677
25,12,4,0.024
25,12,5,0.02399999946187481
25,12,6,0.023999999752848167
25,12,7,0.023999999523686144
25,12,8,0.02399999954177212
25,12,9,0.023999999906991976
25,12,10,0.023999999849125597
25,13,1,0.024
25,13,2,0.02399999994293267
25,13,3,0.023999999709799935
25,13,4,0.024
25,13,5,0.024
25,13,6,0.024
25,13,7,0.023999999851920695
25,13,8,0.02399999954334675
25,13,9,0.023999999858492216
25,13,10,0.02399999980519385
25,14,1,0.02399999982833889
25,14,2,0.024
25,14,3,0.0239999996561856
25,14,4,0.0239999997395286
25,14,5,0.023999999968879138
25,14,6,0.024
25,14,7,0.023999999889123158
25,14,8,0.024
25,14,9,0.024
25,14,10,0.024
25,15,1,0.023999999713789633
25,15,2,0.024
25,15,3,0.023999999163681784
25,15,4,0.023999999839952824
25,15,5,0.024
25,15,6,0.023999999927697857
25,15,7,0.024
25,15,8,0.024
25,15,9,0.024
25,15,10,0.023999999704581887
25,16,1,0.024
25,16,2,0.02399999967504174
25,16,3,0.02399999963816213
25,16,4,0.023999999702856156
25,16,5,0.023999999448364617
25,16,6,0.024
25,16,7,0.024
25,16,8,0.024
25,16,9,0.024
25,16,10,0.023999999923224324
25,17,1,0.024
25,17,2,0.02399999989015722
25,17,3,0.024
25,17,4,0.023999999997373234
25,17,5,0.023999999835121466
25,17,6,0.024
25,17,7,0.023999999525984528
25,17,8,0.024
25,17,9,0.023999999961532126
25,17,10,0.02399999999389557
25,18,1,0.024
25,18,2,0.024
25,18,3,0.024
25,18,4,0.023999999872397648
25,18,5,0.024
25,18,6,0.024
25,18,7,0.02399999993032864
25,18,8,0.024
25,18,9,0.023999999942409644
25,18,10,0.023999999968884467
25,19,1,0.02399999994519808
25,19,2,0.023999999862470478
25,19,3,0.023999999880938816
25,19,4,0.023999999865782495
25,19,5,0.02399999980191514
25,19,6,0.02399999991082402
25,19,7,0.02399999982045209
25,19,8,0.024
25,19,9,0.024
25,19,10,0.023999999802034155
25,20,1,0.023999999720896392
25,20,2,0.024
25,20,3,0.024
25,20,4,0.024
25,20,5,0.024
25,20,6,0.024
25,20,7,0.023999999913996595
25,20,8,0.023999999948169815
25,20,9,0.023999999755533352
25,20,10,0.02399999945168141
25,21,1,0.023999999958171037
25,21,2,0.023999999948495
25,21,3,0.023999999770613734
25,21,4,0.023999999936818783
25,21,5,0.023999999955175877
25,21,6,0.024
25,21,7,0.023999999742333022
25,21,8,0.0239999998439826
25,21,9,0.024
25,21,10,0.023999999990952592
25,22,1,0.024
25,22,2,0.024
25,22,3,0.023999999988243426
25,22,4,0.024
25,22,5,0.024
25,22,6,0.023999999823008267
25,22,7,0.024
25,22,8,0.02399999976684919
25,22,9,0.024
25,22,10,0.024
25,23,1,0.024
25,23,2,0.023999999881421763
25,23,3,0.02399999993855695
25,23,4,0.02399999995141977
25,23,5,0.023999999993625565
25,23,6,0.023999999755941248
25,23,7,0.024
25,23,8,0.024
25,23,9,0.023999999901456626
25,23,10,0.024
25,24,1,0.024
25,24,2,0.024
25,24,3,0.023999999841424202
25,24,4,0.024
25,24,5,0.024
25,24,6,0.023999999495626034
25,24,7,0.023999999281142104
25,24,8,0.024
25,24,9,0.024
25,24,10,0.02399999988746837
26,1,1,0.017999999989838512
26,1,2,0.01799999999047405
26,1,3,0.017999999989881443
26,1,4,0.017999999989811565
26,1,5,0.017999999989777034
26,1,6,0.01799999998976907
26,1,7,0.017999999990077176
26,1,8,0.017999999991602067
26,1,9,0.017999999989710285
26,1,10,0.017999999990269584
26,2,1,0.017999999989845455
26,2,2,0.017999999990482584
26,2,3,0.017999999989850683
26,2,4,0.01799999998982315
26,2,5,0.01799999998980186
26,2,6,0.017999999989794204
26,2,7,0.017999999990098832
26,2,8,0.017999999991611854
26,2,9,0.01799999998972083
26,2,10,0.01799999999028796
26,3,1,0.01799999998983146
26,3,2,0.01799999999048135
26,3,3,0.017999999989860162
26,3,4,0.017999999989831438
26,3,5,0.0179999999897838
26,3,6,0.017999999989775986
26,3,7,0.01799999999010639
26,3,8,0.01799999999161197
26,3,9,0.01799999998974706
26,3,10,0.01799999999028665
26,4,1,0.017999999989848386
26,4,2,0.017999999990503883
26,4,3,0.0179999999898525
26,4,4,0.017999999989822973
26,4,5,0.017999999989783855
26,4,6,0.017999999989785517
26,4,7,0.017999999990103786
26,4,8,0.017999999991607497
26,4,9,0.0179999999897511
26,4,10,0.017999999990281717
26,5,1,0.017999999989868825
26,5,2,0.017999999990500493
26,5,3,0.017999999989884403
26,5,4,0.017999999989854742
26,5,5,0.017999999989817866
26,5,6,0.017999999989812814
26,5,7,0.01799999999004791
26,5,8,0.017999999991583335
26,5,9,0.017999999989676947
26,5,10,0.017999999990288715
26,6,1,0.017999999989872985
26,6,2,0.017999999990511238
26,6,3,0.017999999989887498
26,6,4,0.017999999989858777
26,6,5,0.017999999989820503
26,6,6,0.01799999998981973
26,6,7,0.01799999999012793
26,6,8,0.01799999999161173
26,6,9,0.01799999998956837
26,6,10,0.01799999999029333
26,7,1,0.017999999989861116
26,7,2,0.017999999990476048
26,7,3,0.0179999999898607
26,7,4,0.01799999998982952
26,7,5,0.017999999989804734
26,7,6,0.0179999999898043
26,7,7,0.017999999990117758
26,7,8,0.017999999991603385
26,7,9,0.017999999989542572
26,7,10,0.017999999990263537
26,8,1,0.017999999989828992
26,8,2,0.017999999990472738
26,8,3,0.017999999989862354
26,8,4,0.01799999998980998
26,8,5,0.017999999989840348
26,8,6,0.017999999989787845
26,8,7,0.017999999990118035
26,8,8,0.017999999991616812
26,8,9,0.01799999998954083
26,8,10,0.017999999990246738
26,9,1,0.0179999999897087
26,9,2,0.01799999998971089
26,9,3,0.017999999989717606
26,9,4,0.017999999989700786
26,9,5,0.017999999989719954
26,9,6,0.017999999989698055
26,9,7,0.01799999999001506
26,9,8,0.017999999991614748
26,9,9,0.01799999999154284
26,9,10,0.01799999999011506
26,10,1,0.01799999999015885
26,10,2,0.01799999998988106
26,10,3,0.017999999990144153
26,10,4,0.017999999990117053
26,10,5,0.01799999999018326
26,10,6,0.017999999989972558
26,10,7,0.017999999990109518
26,10,8,0.017999999990702287
26,10,9,0.017999999990166347
26,10,10,0.017999999990236392
26,11,1,0.017999999990134602
26,11,2,0.01799999999015333
26,11,3,0.01799999999009254
26,11,4,0.01799999999015482
26,11,5,0.01799999999014005
26,11,6,0.017999999990120103
26,11,7,0.01799999999016005
26,11,8,0.017999999990611724
26,11,9,0.017999999990103425
26,11,10,0.01799999999014882
26,12,1,0.017999999990159433
26,12,2,0.017999999990156876
26,12,3,0.01799999999016691
26,12,4,0.017999999990161802
26,12,5,0.017999999990164897
26,12,6,0.017999999990162073
26,12,7,0.01799999999017291
26,12,8,0.017999999990378313
26,12,9,0.017999999990166066
26,12,10,0.017999999990179264
26,13,1,0.017999999990158676
26,13,2,0.017999999990155648
26,13,3,0.017999999990165952
26,13,4,0.01799999999039104
26,13,5,0.01799999999022916
26,13,6,0.017999999990134342
26,13,7,0.017999999990171135
26,13,8,0.017999999990208675
26,13,9,0.017999999990162222
26,13,10,0.017999999990178598
26,14,1,0.017999999990155953
26,14,2,0.01799999999017616
26,14,3,0.017999999990159454
26,14,4,0.017999999990137718
26,14,5,0.017999999990148067
26,14,6,0.017999999990146925
26,14,7,0.017999999990113164
26,14,8,0.017999999990424217
26,14,9,0.01799999999015978
26,14,10,0.017999999990145742
26,15,1,0.017999999989988445
26,15,2,0.017999999990173918
26,15,3,0.01799999999003158
26,15,4,0.017999999990028843
26,15,5,0.017999999990015406
26,15,6,0.017999999990026317
26,15,7,0.017999999990060172
26,15,8,0.017999999991175537
26,15,9,0.017999999989993173
26,15,10,0.01799999999015543
26,16,1,0.017999999990008723
26,16,2,0.017999999990282022
26,16,3,0.017999999990105015
26,16,4,0.017999999989774307
26,16,5,0.01799999998984653
26,16,6,0.017999999990077925
26,16,7,0.017999999990138196
26,16,8,0.01799999999121619
26,16,9,0.017999999989790967
26,16,10,0.017999999990260564
26,17,1,0.017999999988877437
26,17,2,0.017999999991033997
26,17,3,0.017999999990133794
26,17,4,0.01799999998891324
26,17,5,0.017999999989886193
26,17,6,0.017999999990129273
26,17,7,0.017999999990181405
26,17,8,0.017999999991257842
26,17,9,0.017999999989812398
26,17,10,0.0179999999908629
26,18,1,0.01799999998749653
26,18,2,0.017999999991046546
26,18,3,0.01799999999009163
26,18,4,0.017999999988912035
26,18,5,0.01799999998989894
26,18,6,0.01799999999014061
26,18,7,0.017999999990182477
26,18,8,0.01799999999127065
26,18,9,0.017999999989815496
26,18,10,0.017999999991573187
26,19,1,0.017999999987459304
26,19,2,0.017999999991081504
26,19,3,0.01799999999007123
26,19,4,0.017999999988893393
26,19,5,0.017999999989903582
26,19,6,0.01799999999013577
26,19,7,0.017999999990189943
26,19,8,0.01799999999123739
26,19,9,0.017999999989818476
26,19,10,0.01799999999158011
26,20,1,0.017999999982265837
26,20,2,0.017999999991398726
26,20,3,0.017999999990908226
26,20,4,0.01799999999101482
26,20,5,0.01799999999100998
26,20,6,0.017999999991049606
26,20,7,0.017999999991200003
26,20,8,0.01799999998274098
26,20,9,0.017999999990965992
26,20,10,0.017999999991607236
26,21,1,0.0179999999852846
26,21,2,0.017999999991078524
26,21,3,0.017999999989648404
26,21,4,0.017999999989375053
26,21,5,0.0179999999907246
26,21,6,0.01799999999077824
26,21,7,0.01799999999073343
26,21,8,0.017999999991607774
26,21,9,0.017999999987841256
26,21,10,0.017999999991603073
26,22,1,0.017999999987731295
26,22,2,0.017999999991608135
26,22,3,0.01799999998962564
26,22,4,0.01799999998938636
26,22,5,0.01799999999070285
26,22,6,0.01799999999078532
26,22,7,0.017999999990739292
26,22,8,0.01799999998985916
26,22,9,0.017999999987864473
26,22,10,0.01799999999158459
26,23,1,0.017999999989138996
26,23,2,0.01799999998974729
26,23,3,0.017999999989637524
26,23,4,0.01799999998940904
26,23,5,0.017999999990702845
26,23,6,0.01799999999078706
26,23,7,0.01799999999074097
26,23,8,0.017999999989890787
26,23,9,0.017999999989157363
26,23,10,0.01799999999158021
26,24,1,0.017999999989765366
26,24,2,0.01799999999021159
26,24,3,0.017999999989420035
26,24,4,0.01799999998934877
26,24,5,0.017999999990692277
26,24,6,0.017999999990783905
26,24,7,0.017999999990722364
26,24,8,0.017999999989420964
26,24,9,0.017999999989624982
26,24,10,0.017999999991569107
27,1,1,0.03
27,1,2,0.03
27,1,3,0.03
27,1,4,0.03
27,1,5,0.029999999608615956
27,1,6,0.03
27,1,7,0.03
27,1,8,0.029999999863272807
27,1,9,0.03
27,1,10,0.03
27,2,1,0.029999999898956027
27,2,2,0.03
27,2,3,0.029999999808458855
27,2,4,0.03
27,2,5,0.03
27,2,6,0.03
27,2,7,0.03
27,2,8,0.03
27,2,9,0.029999999915827955
27,2,10,0.029999999908181404
27,3,1,0.03
27,3,2,0.03
27,3,3,0.02999999985241763
27,3,4,0.02999999986406423
27,3,5,0.03
27,3,6,0.03
27,3,7,0.029999999661713177
27,3,8,0.0299999999490574
27,3,9,0.03
27,3,10,0.029999999737658593
27,4,1,0.02999999992449163
27,4,2,0.03
27,4,3,0.03
27,4,4,0.02999999995993448
27,4,5,0.03
27,4,6,0.0299999997472186
27,4,7,0.03
27,4,8,0.03
27,4,9,0.029999999692351974
27,4,10,0.03
27,5,1,0.029999999720462883
27,5,2,0.029999999833581474
27,5,3,0.02999999975810557
27,5,4,0.02999999977077969
27,5,5,0.03
27,5,6,0.03
27,5,7,0.03
27,5,8,0.03
27,5,9,0.02999999996514987
27,5,10,0.03
27,6,1,0.03
27,6,2,0.03
27,6,3,0.02999999985120102
27,6,4,0.029999999786424467
27,6,5,0.03
27,6,6,0.029999999754643264
27,6,7,0.02999999975119553
27,6,8,0.02999999969531591
27,6,9,0.03
27,6,10,0.03
27,7,1,0.03
27,7,2,0.03
27,7,3,0.03
27,7,4,0.03
27,7,5,0.03
27,7,6,0.029999999942285235
27,7,7,0.029999999874227058
27,7,8,0.029999999825287692
27,7,9,0.029999999987661424
27,7,10,0.03
27,8,1,0.029999999940601957
27,8,2,0.03
27,8,3,0.029999999619079183
27,8,4,0.03
27,8,5,0.03
27,8,6,0.03
27,8,7,0.03
27,8,8,0.03
27,8,9,0.03
27,8,10,0.029999999826559452
27,9,1,0.029999999986857588
27,9,2,0.029999999991225795
27,9,3,0.03
27,9,4,0.03
27,9,5,0.029999999803851964
27,9,6,0.029999999777042936
27,9,7,0.03
27,9,8,0.03
27,9,9,0.02999999980477247
27,9,10,0.02999999968026746
27,10,1,0.03
27,10,2,0.03
27,10,3,0.02999999996967523
27,10,4,0.03
27,10,5,0.02999999993683542
27,10,6,0.03
27,10,7,0.02999999973694803
27,10,8,0.029999999884155026
27,10,9,0.02999999988677262
27,10,10,0.03
27,11,1,0.03
27,11,2,0.02999999995706179
27,11,3,0.029999999862642096
27,11,4,0.03
27,11,5,0.03
27,11,6,0.03
27,11,7,0.02999999993126181
27,11,8,0.03
27,11,9,0.03
27,11,10,0.029999999845316642
27,12,1,0.03
27,12,2,0.029999999702958503
27,12,3,0.029999999899131248
27,12,4,0.03
27,12,5,0.02999999983042405
27,12,6,0.03
27,12,7,0.03
27,12,8,0.03
27,12,9,0.02999999981823468
27,12,10,0.03
27,13,1,0.03
27,13,2,0.029999999943110894
27,13,3,0.029999999727229172
27,13,4,0.02999999979432634
27,13,5,0.03
27,13,6,0.03
27,13,7,0.03
27,13,8,0.03
27,13,9,0.03
27,13,10,0.03
27,14,1,0.029999999871488624
27,14,2,0.0299999997242264
27,14,3,0.03
27,14,4,0.03
27,14,5,0.03
27,14,6,0.02999999999844047
27,14,7,0.03
27,14,8,0.03
27,14,9,0.029999999903090546
27,14,10,0.029999999991037543
27,15,1,0.02999999987437032
27,15,2,0.03
27,15,3,0.029999999997996248
27,15,4,0.02999999978392564
27,15,5,0.029999999748352206
27,15,6,0.03
27,15,7,0.029999999976811256
27,15,8,0.03
27,15,9,0.0299999997147695
27,15,10,0.03
27,16,1,0.03
27,16,2,0.03
27,16,3,0.029999999931560738
27,16,4,0.02999999977604293
27,16,5,0.02999999997754904
27,16,6,0.029999999716022227
27,16,7,0.03
27,16,8,0.03
27,16,9,0.02999999992645415
27,16,10,0.03
27,17,1,0.03
27,17,2,0.03
27,17,3,0.029999999984200824
27,17,4,0.03
27,17,5,0.029999999938819945
27,17,6,0.03
27,17,7,0.02999999964281668
27,17,8,0.029999999967717385
27,17,9,0.02999999982671668
27,17,10,0.03
27,18,1,0.029999999901100784
27,18,2,0.029999999819058328
27,18,3,0.02999999968164789
27,18,4,0.03
27,18,5,0.03
27,18,6,0.03
27,18,7,0.03
27,18,8,0.03
27,18,9,0.029999999973501328
27,18,10,0.02999999997406691
27,19,1,0.03
27,19,2,0.02999999962345059
27,19,3,0.03
27,19,4,0.02999999983469768
27,19,5,0.03
27,19,6,0.029999999593338544
27,19,7,0.03
27,19,8,0.03
27,19,9,0.03
27,19,10,0.03
27,20,1,0.03
27,20,2,0.03
27,20,3,0.03
27,20,4,0.02999999993458323
27,20,5,0.029999999565090973
27,20,6,0.029999999479155326
27,20,7,0.03
27,20,8,0.03
27,20,9,0.02999999980426358
27,20,10,0.03
27,21,1,0.029999999746723308
27,21,2,0.03
27,21,3,0.029999999716978608
27,21,4,0.02999999998737874
27,21,5,0.029999999784808502
27,21,6,0.03
27,21,7,0.03
27,21,8,0.03
27,21,9,0.03
27,21,10,0.03
27,22,1,0.03
27,22,2,0.03
27,22,3,0.02999999999196961
27,22,4,0.029999999863796548
27,22,5,0.03
27,22,6,0.03
27,22,7,0.03
27,22,8,0.03
27,22,9,0.03
27,22,10,0.03
27,23,1,0.03
27,23,2,0.03
27,23,3,0.029999999756319083
27,23,4,0.03
27,23,5,0.03
27,23,6,0.029999999980310284
27,23,7,0.029999999906413312
27,23,8,0.03
27,23,9,0.0299999996434394
27,23,10,0.03
27,24,1,0.03
27,24,2,0.029999999423732084
27,24,3,0.029999999764641294
27,24,4,0.029999999893737306
27,24,5,0.03
27,24,6,0.029999999787322595
27,24,7,0.029999999994615695
27,24,8,0.03
27,24,9,0.029999999699990156
27,24,10,0.03
28,1,1,0.04199999989615644
28,1,2,0.042
28,1,3,0.042
28,1,4,0.04199999984672109
28,1,5,0.04199999991916492
28,1,6,0.042
28,1,7,0.042
28,1,8,0.04199999990276293
28,1,9,0.041999999840473645
28,1,10,0.042
28,2,1,0.042
28,2,2,0.04199999994106407
28,2,3,0.042
28,2,4,0.041999999963667545
28,2,5,0.042
28,2,6,0.04199999994930881
28,2,7,0.04199999996676396
28,2,8,0.042
28,2,9,0.04199999986327074
28,2,10,0.042
28,3,1,0.04199999978838931
28,3,2,0.04199999988990255
28,3,3,0.04199999995262926
28,3,4,0.042
28,3,5,0.041999999977685
28,3,6,0.04199999997932302
28,3,7,0.04199999982211655
28,3,8,0.04199999991037395
28,3,9,0.0419999999539471
28,3,10,0.041999999919756226
28,4,1,0.04199999996768411
28,4,2,0.04199999993884984
28,4,3,0.041999999917515574
28,4,4,0.042
28,4,5,0.042
28,4,6,0.041999999981796154
28,4,7,0.04199999977146751
28,4,8,0.04199999990139425
28,4,9,0.042
28,4,10,0.041999999943830746
28,5,1,0.04199999998817705
28,5,2,0.042
28,5,3,0.042
28,5,4,0.042
28,5,5,0.041999999951082945
28,5,6,0.04199999995667225
28,5,7,0.042
28,5,8,0.042
28,5,9,0.042
28,5,10,0.042
28,6,1,0.0419999999837013
28,6,2,0.042
28,6,3,0.04199999999489834
28,6,4,0.042
28,6,5,0.042
28,6,6,0.0419999998158862
28,6,7,0.04199999986310132
28,6,8,0.04199999994511994
28,6,9,0.04199999999757509
28,6,10,0.042
28,7,1,0.041999999973441726
28,7,2,0.042
28,7,3,0.04199999992434589
28,7,4,0.04199999989509928
28,7,5,0.042
28,7,6,0.04199999988074765
28,7,7,0.041999999933654664
28,7,8,0.04199999984796188
28,7,9,0.042
28,7,10,0.042
28,8,1,0.04199999979571767
28,8,2,0.042
28,8,3,0.04199999979116953
28,8,4,0.042
28,8,5,0.041999999990711245
28,8,6,0.042
28,8,7,0.042
28,8,8,0.04199999998147397
28,8,9,0.042
28,8,10,0.04199999993089398
28,9,1,0.042
28,9,2,0.042
28,9,3,0.042
28,9,4,0.042
28,9,5,0.04199999974457047
28,9,6,0.042
28,9,7,0.041999999636313845
28,9,8,0.04199999948728084
28,9,9,0.042
28,9,10,0.042
28,10,1,0.042
28,10,2,0.042
28,10,3,0.042
28,10,4,0.0419999994878657
28,10,5,0.042
28,10,6,0.042
28,10,7,0.04199999981802449
28,10,8,0.041999999651466835
28,10,9,0.042
28,10,10,0.04199999967335177
28,11,1,0.04199999973096391
28,11,2,0.042
28,11,3,0.04199999966734591
28,11,4,0.042
28,11,5,0.041999999828016166
28,11,6,0.04199999981441871
28,11,7,0.042
28,11,8,0.041999999895625084
28,11,9,0.04199999992481107
28,11,10,0.041999999927411436
28,12,1,0.04199999995535797
28,12,2,0.042
28,12,3,0.042
28,12,4,0.042
28,12,5,0.042
28,12,6,0.042
28,12,7,0.04199999995755477
28,12,8,0.042
28,12,9,0.042
28,12,10,0.042
28,13,1,0.04199999966311929
28,13,2,0.042
28,13,3,0.042
28,13,4,0.041999999817351585
28,13,5,0.042
28,13,6,0.042
28,13,7,0.042
28,13,8,0.042
28,13,9,0.042
28,13,10,0.042
28,14,1,0.04199999969918977
28,14,2,0.04199999964228884
28,14,3,0.042
28,14,4,0.042
28,14,5,0.04199999983482594
28,14,6,0.041999999922907705
28,14,7,0.041999999891333184
28,14,8,0.042
28,14,9,0.04199999959241307
28,14,10,0.041999999737678984
28,15,1,0.04199999978908431
28,15,2,0.042
28,15,3,0.04199999977811275
28,15,4,0.041999999997974324
28,15,5,0.042
28,15,6,0.04199999984218561
28,15,7,0.04199999987743552
28,15,8,0.042
28,15,9,0.041999999948202804
28,15,10,0.042
28,16,1,0.04199999982255531
28,16,2,0.042
28,16,3,0.042
28,16,4,0.04199999989262704
28,16,5,0.042
28,16,6,0.04199999985612335
28,16,7,0.041999999907924135
28,16,8,0.042
28,16,9,0.04199999990047698
28,16,10,0.042
28,17,1,0.04199999996258241
28,17,2,0.042
28,17,3,0.042
28,17,4,0.04199999988697245
28,17,5,0.04199999995402415
28,17,6,0.041999999807290855
28,17,7,0.042
28,17,8,0.04199999991864667
28,17,9,0.04199999986877678
28,17,10,0.04199999994797898
28,18,1,0.042
28,18,2,0.04199999986167402
28,18,3,0.041999999814488875
28,18,4,0.042
28,18,5,0.04199999992505088
28,18,6,0.04199999980111491
28,18,7,0.042
28,18,8,0.041999999964646983
28,18,9,0.041999999884589245
28,18,10,0.04199999999039039
28,19,1,0.042
28,19,2,0.042
28,19,3,0.042
28,19,4,0.042
28,19,5,0.041999999993842296
28,19,6,0.042
28,19,7,0.042
28,19,8,0.041999999867440296
28,19,9,0.041999999923244546
28,19,10,0.04199999997369708
28,20,1,0.042
28,20,2,0.041999998949162065
28,20,3,0.041999999118076725
28,20,4,0.04199999966698864
28,20,5,0.041999999236093544
28,20,6,0.04199999992532888
28,20,7,0.041999999865692916
28,20,8,0.04199999997696824
28,20,9,0.042
28,20,10,0.042
28,21,1,0.042
28,21,2,0.041999999955019574
28,21,3,0.04199999995745274
28,21,4,0.041999999955535605
28,21,5,0.042
28,21,6,0.04199999986509395
28,21,7,0.042
28,21,8,0.042
28,21,9,0.04199999983086289
28,21,10,0.04199999994512926
28,22,1,0.042
28,22,2,0.042
28,22,3,0.04199999995888204
28,22,4,0.04199999995836445
28,22,5,0.042
28,22,6,0.04199999990243386
28,22,7,0.042
28,22,8,0.042
28,22,9,0.041999999792360576
28,22,10,0.041999999692664325
28,23,1,0.04199999987581737
28,23,2,0.04199999998665116
28,23,3,0.042
28,23,4,0.04199999988822767
28,23,5,0.042
28,23,6,0.042
28,23,7,0.04199999984195135
28,23,8,0.041999999968782786
28,23,9,0.042
28,23,10,0.04199999998883075
28,24,1,0.041999999828928325
28,24,2,0.042
28,24,3,0.042
28,24,4,0.041999999856000336
28,24,5,0.042
28,24,6,0.042
28,24,7,0.042
28,24,8,0.04199999974024804
28,24,9,0.04199999964753631
28,24,10,0.042
29,1,1,0.042
29,1,2,0.04199999979256597
29,1,3,0.041999999929673626
29,1,4,0.042
29,1,5,0.042
29,1,6,0.041999999893167494
29,1,7,0.042
29,1,8,0.042
29,1,9,0.042
29,1,10,0.041999999920943276
29,2,1,0.04199999994581094
29,2,2,0.042
29,2,3,0.04199999990112957
29,2,4,0.042
29,2,5,0.041999999921771725
29,2,6,0.0419999999739622
29,2,7,0.042
29,2,8,0.041999999963318047
29,2,9,0.042
29,2,10,0.04199999989419312
29,3,1,0.042
29,3,2,0.04199999995969961
29,3,3,0.041999999827758705
29,3,4,0.04199999984949687
29,3,5,0.042
29,3,6,0.042
29,3,7,0.042
29,3,8,0.042
29,3,9,0.04199999994909698
29,3,10,0.042
29,4,1,0.041999999853338466
29,4,2,0.042
29,4,3,0.042
29,4,4,0.041999999920256714
29,4,5,0.04199999985877745
29,4,6,0.04199999994618464
29,4,7,0.042
29,4,8,0.042
29,4,9,0.041999999907488705
29,4,10,0.042
29,5,1,0.0419999998974705
29,5,2,0.041999999853731484
29,5,3,0.04199999992727066
29,5,4,0.04199999993638648
29,5,5,0.042
29,5,6,0.042
29,5,7,0.042
29,5,8,0.04199999994719228
29,5,9,0.042
29,5,10,0.041999999957189615
29,6,1,0.0419999998943128
29,6,2,0.04199999988351055
29,6,3,0.042
29,6,4,0.04199999990105341
29,6,5,0.042
29,6,6,0.042
29,6,7,0.04199999991675685
29,6,8,0.042
29,6,9,0.041999999899960505
29,6,10,0.04199999983171199
29,7,1,0.042
29,7,2,0.04199999991399661
29,7,3,0.042
29,7,4,0.042
29,7,5,0.04199999983171998
29,7,6,0.042
29,7,7,0.042
29,7,8,0.042
29,7,9,0.041999999939372756
29,7,10,0.04199999992804049
29,8,1,0.042
29,8,2,0.04199999988775183
29,8,3,0.042
29,8,4,0.042
29,8,5,0.04199999989429415
29,8,6,0.042
29,8,7,0.042
29,8,8,0.042
29,8,9,0.041999999787362574
29,8,10,0.042
29,9,1,0.041999999484552686
29,9,2,0.04199999985255909
29,9,3,0.041999999529694576
29,9,4,0.042
29,9,5,0.042
29,9,6,0.04199999997128867
29,9,7,0.042
29,9,8,0.042
29,9,9,0.04199999913840757
29,9,10,0.04199999999057202
29,10,1,0.042
29,10,2,0.042
29,10,3,0.04199999994793435
29,10,4,0.042
29,10,5,0.042
29,10,6,0.0419999997479672
29,10,7,0.042
29,10,8,0.042
29,10,9,0.042
29,10,10,0.041999999980992575
29,11,1,0.042
29,11,2,0.042
29,11,3,0.042
29,11,4,0.04199999993298609
29,11,5,0.042
29,11,6,0.042
29,11,7,0.04199999984872371
29,11,8,0.042
29,11,9,0.04199999984128033
29,11,10,0.042
29,12,1,0.041999999799688714
29,12,2,0.04199999933489451
29,12,3,0.04199999983970004
29,12,4,0.041999999949984046
29,12,5,0.04199999999023807
29,12,6,0.042
29,12,7,0.041999999735199856
29,12,8,0.042
29,12,9,0.04199999964822365
29,12,10,0.042
29,13,1,0.041999999991861436
29,13,2,0.042
29,13,3,0.04199999974551161
29,13,4,0.041999999620483175
29,13,5,0.041999999526413645
29,13,6,0.04199999988575831
29,13,7,0.04199999989983816
29,13,8,0.04199999965628176
29,13,9,0.041999999849565484
29,13,10,0.04199999988968517
29,14,1,0.042
29,14,2,0.042
29,14,3,0.04199999972847057
29,14,4,0.041999999940996346
29,14,5,0.042
29,14,6,0.042
29,14,7,0.0419999998647691
29,14,8,0.041999999844378744
29,14,9,0.042
29,14,10,0.04199999972842572
29,15,1,0.042
29,15,2,0.041999999603795524
29,15,3,0.042
29,15,4,0.04199999964001089
29,15,5,0.04199999999090198
29,15,6,0.042
29,15,7,0.04199999979458913
29,15,8,0.042
29,15,9,0.04199999983334601
29,15,10,0.04199999930947529
29,16,1,0.042
29,16,2,0.042
29,16,3,0.042
29,16,4,0.042
29,16,5,0.042
29,16,6,0.041999999954515976
29,16,7,0.04199999984736813
29,16,8,0.041999999867300186
29,16,9,0.04199999996232817
29,16,10,0.04199999985584468
29,17,1,0.04199999997040438
29,17,2,0.04199999982754643
29,17,3,0.04199999986782044
29,17,4,0.042
29,17,5,0.041999999971701785
29,17,6,0.042
29,17,7,0.04199999977500557
29,17,8,0.042
29,17,9,0.042
29,17,10,0.042
29,18,1,0.04199999993744252
29,18,2,0.04199999997721715
29,18,3,0.042
29,18,4,0.041999999948060696
29,18,5,0.042
29,18,6,0.042
29,18,7,0.04199999976175306
29,18,8,0.042
29,18,9,0.042
29,18,10,0.042
29,19,1,0.041999999887866624
29,19,2,0.04199999996306314
29,19,3,0.041999999975547375
29,19,4,0.0419999998789824
29,19,5,0.041999999975519176
29,19,6,0.041999999813485234
29,19,7,0.042
29,19,8,0.042
29,19,9,0.0419999999661953
29,19,10,0.04199999997684345
29,20,1,0.04199999984416403
29,20,2,0.042
29,20,3,0.042
29,20,4,0.0419999998958529
29,20,5,0.042
29,20,6,0.041999999928529985
29,20,7,0.042
29,20,8,0.04199999991386183
29,20,9,0.04199999981511093
29,20,10,0.04199999952375355
29,21,1,0.04199999995405723
29,21,2,0.042
29,21,3,0.042
29,21,4,0.04199999995021941
29,21,5,0.041999999964283274
29,21,6,0.04199999993685699
29,21,7,0.042
29,21,8,0.04199999974805513
29,21,9,0.042
29,21,10,0.04199999999485238
29,22,1,0.04199999992621084
29,22,2,0.04199999986611469
29,22,3,0.042
29,22,4,0.04199999996416026
29,22,5,0.04199999992122394
29,22,6,0.041999999988989734
29,22,7,0.041999999958584944
29,22,8,0.042
29,22,9,0.042
29,22,10,0.042
29,23,1,0.042
29,23,2,0.04199999992869863
29,23,3,0.041999999946333855
29,23,4,0.042
29,23,5,0.04199999997463055
29,23,6,0.042
29,23,7,0.042
29,23,8,0.041999999948639344
29,23,9,0.041999999900930174
29,23,10,0.041999999942609945
29,24,1,0.041999999246976394
29,24,2,0.04199999937195342
29,24,3,0.042
29,24,4,0.042
29,24,5,0.04199999940138033
29,24,6,0.04199999984047087
29,24,7,0.041999999811472954
29,24,8,0.042
29,24,9,0.042
29,24,10,0.04199999906823959
30,1,1,0.042
30,1,2,0.042
30,1,3,0.042
30,1,4,0.04199999983014524
30,1,5,0.04199999992694314
30,1,6,0.042
30,1,7,0.042
30,1,8,0.04199999989499337
30,1,9,0.04199999994908987
30,1,10,0.042
30,2,1,0.04199999994476955
30,2,2,0.041999999952085254
30,2,3,0.042
30,2,4,0.041999999889403394
30,2,5,0.042
30,2,6,0.042
30,2,7,0.04199999997147619
30,2,8,0.042
30,2,9,0.0419999999491536
30,2,10,0.042
30,3,1,0.042
30,3,2,0.042
30,3,3,0.042
30,3,4,0.042
30,3,5,0.041999999944639654
30,3,6,0.042
30,3,7,0.041999999861368265
30,3,8,0.04199999996443138
30,3,9,0.042
30,3,10,0.042
30,4,1,0.042
30,4,2,0.042
30,4,3,0.041999999811102695
30,4,4,0.04199999999383519
30,4,5,0.042
30,4,6,0.04199999998541548
30,4,7,0.04199999992217718
30,4,8,0.041999999970121715
30,4,9,0.042
30,4,10,0.0419999999322076
30,5,1,0.042
30,5,2,0.04199999997652837
30,5,3,0.042
30,5,4,0.042
30,5,5,0.041999999803620236
30,5,6,0.041999999965895096
30,5,7,0.04199999982877212
30,5,8,0.042
30,5,9,0.04199999989796499
30,5,10,0.041999999982343494
30,6,1,0.04199999996795101
30,6,2,0.042
30,6,3,0.042
30,6,4,0.042
30,6,5,0.04199999988068748
30,6,6,0.042
30,6,7,0.042
30,6,8,0.042
30,6,9,0.042
30,6,10,0.042
30,7,1,0.042
30,7,2,0.042
30,7,3,0.04199999990910008
30,7,4,0.04199999991662917
30,7,5,0.042
30,7,6,0.041999999870954596
30,7,7,0.041999999937687216
30,7,8,0.04199999995592596
30,7,9,0.042
30,7,10,0.04199999987877834
30,8,1,0.042
30,8,2,0.04199999995498338
30,8,3,0.04199999997337667
30,8,4,0.04199999995461656
30,8,5,0.042
30,8,6,0.041999999874917204
30,8,7,0.04199999995630588
30,8,8,0.041999999908330476
30,8,9,0.042
30,8,10,0.042
30,9,1,0.04199999997557324
30,9,2,0.04199999965508938
30,9,3,0.042
30,9,4,0.04199999969687951
30,9,5,0.04199999997398218
30,9,6,0.04199999991236403
30,9,7,0.04199999991107661
30,9,8,0.04199999955614386
30,9,9,0.042
30,9,10,0.042
30,10,1,0.04199999989400949
30,10,2,0.04199999990357273
30,10,3,0.042
30,10,4,0.041999999890367734
30,10,5,0.04199999992328585
30,10,6,0.042
30,10,7,0.04199999964046541
30,10,8,0.042
30,10,9,0.04199999999924664
30,10,10,0.04199999997774362
30,11,1,0.04199999987815817
30,11,2,0.04199999943991495
30,11,3,0.04199999998341575
30,11,4,0.04199999999271009
30,11,5,0.042
30,11,6,0.041999999939439814
30,11,7,0.04199999991656833
30,11,8,0.041999999492965956
30,11,9,0.041999999959420276
30,11,10,0.041999999497000506
30,12,1,0.04199999989768499
30,12,2,0.042
30,12,3,0.042
30,12,4,0.04199999992133585
30,12,5,0.042
30,12,6,0.041999999992887505
30,12,7,0.042
30,12,8,0.04199999996173054
30,12,9,0.042
30,12,10,0.04199999965465162
30,13,1,0.04199999977447377
30,13,2,0.04199999989337999
30,13,3,0.042
30,13,4,0.041999999589608095
30,13,5,0.042
30,13,6,0.042
30,13,7,0.042
30,13,8,0.042
30,13,9,0.042
30,13,10,0.04199999988570302
30,14,1,0.04199999919829711
30,14,2,0.04199999989805181
30,14,3,0.042
30,14,4,0.042
30,14,5,0.04199999976202129
30,14,6,0.04199999978810154
30,14,7,0.042
30,14,8,0.042
30,14,9,0.04199999952750377
30,14,10,0.042
30,15,1,0.042
30,15,2,0.042
30,15,3,0.042
30,15,4,0.042
30,15,5,0.042
30,15,6,0.041999999723996595
30,15,7,0.042
30,15,8,0.0419999997223357
30,15,9,0.042
30,15,10,0.042
30,16,1,0.041999999846497715
30,16,2,0.04199999979589708
30,16,3,0.04199999986812952
30,16,4,0.042
30,16,5,0.042
30,16,6,0.042
30,16,7,0.042
30,16,8,0.042
30,16,9,0.04199999994274117
30,16,10,0.042
30,17,1,0.042
30,17,2,0.042
30,17,3,0.042
30,17,4,0.0419999998251297
30,17,5,0.042
30,17,6,0.04199999991102121
30,17,7,0.042
30,17,8,0.0419999999228462
30,17,9,0.041999999909541286
30,17,10,0.041999999899655194
30,18,1,0.042
30,18,2,0.04199999993277892
30,18,3,0.041999999955183664
30,18,4,0.04199999993808956
30,18,5,0.04199999998571724
30,18,6,0.041999999878084227
30,18,7,0.042
30,18,8,0.042
30,18,9,0.042
30,18,10,0.042
30,19,1,0.042
30,19,2,0.042
30,19,3,0.04199999998276538
30,19,4,0.042
30,19,5,0.042
30,19,6,0.042
30,19,7,0.041999999971970015
30,19,8,0.04199999997003534
30,19,9,0.042
30,19,10,0.042
30,20,1,0.042
30,20,2,0.04199999967436285
30,20,3,0.041999999828024825
30,20,4,0.041999999957664236
30,20,5,0.04199999937004861
30,20,6,0.042
30,20,7,0.04199999998445891
30,20,8,0.04199999998949644
30,20,9,0.042
30,20,10,0.04199999989928416
30,21,1,0.042
30,21,2,0.04199999985091574
30,21,3,0.041999999930020904
30,21,4,0.042
30,21,5,0.042
30,21,6,0.042
30,21,7,0.04199999995468606
30,21,8,0.042
30,21,9,0.042
30,21,10,0.041999999983464376
30,22,1,0.042
30,22,2,0.042
30,22,3,0.04199999997100168
30,22,4,0.041999999969289714
30,22,5,0.041999999952930134
30,22,6,0.042
30,22,7,0.04199999990379211
30,22,8,0.04199999992075365
30,22,9,0.042
30,22,10,0.042
30,23,1,0.04199999993575987
30,23,2,0.042
30,23,3,0.04199999999023496
30,23,4,0.04199999993848258
30,23,5,0.042
30,23,6,0.04199999999022386
30,23,7,0.041999999993844295
30,23,8,0.042
30,23,9,0.04199999997773962
30,23,10,0.04199999997844395
30,24,1,0.042
30,24,2,0.0419999988447024
30,24,3,0.041999999426918344
30,24,4,0.042
30,24,5,0.041999999968800994
30,24,6,0.042
30,24,7,0.042
30,24,8,0.04199999969939139
30,24,9,0.04199999977001645
30,24,10,0.042
31,1,1,-1.2962401985117111e-11
31,1,2,-2.7989506545811338e-11
31,1,3,0.0
31,1,4,0.0
31,1,5,0.0
31,1,6,-2.2009546962742377e-12
31,1,7,-1.7990740841522523e-11
31,1,8,-3.290219485752033e-11
31,1,9,-3.033392287354886e-11
31,1,10,-9.393905792132173e-11
31,2,1,0.0
31,2,2,-1.291059620323054e-11
31,2,3,-5.939061048509942e-11
31,2,4,-1.3097016526852912e-11
31,2,5,0.0
31,2,6,-1.0001399708414738e-10
31,2,7,0.0
31,2,8,0.0
31,2,9,-6.039692357351356e-11
31,2,10,0.0
31,3,1,-1.8573788340692232e-11
31,3,2,-8.397052497777224e-11
31,3,3,-2.6712972112097333e-11
31,3,4,-5.3714171999175164e-11
31,3,5,-4.5419050465067556e-11
31,3,6,-4.157514610358959e-11
31,3,7,0.0
31,3,8,0.0
31,3,9,-5.2950602236201405e-11
31,3,10,-7.667780299591698e-11
31,4,1,0.0
31,4,2,-2.2303318913952097e-11
31,4,3,0.0
31,4,4,-4.3513047331966703e-11
31,4,5,-3.610013676880186e-11
31,4,6,-4.064754088872746e-11
31,4,7,0.0
31,4,8,-3.4525458880718674e-11
31,4,9,-3.9794306738727414e-11
31,4,10,0.0
31,5,1,-5.028935601281148e-11
31,5,2,-5.012234377543834e-11
31,5,3,-1.1993274429134004e-11
31,5,4,-6.654038431364029e-11
31,5,5,-2.009575839068134e-11
31,5,6,0.0
31,5,7,0.0
31,5,8,0.0
31,5,9,-4.439029005487427e-11
31,5,10,0.0
31,6,1,-7.62972671153328e-11
31,6,2,-7.418174408080347e-11
31,6,3,-2.0069959583146613e-11
31,6,4,0.0
31,6,5,-6.842373889703879e-11
31,6,6,-1.7906995330996267e-12
31,6,7,-2.934081450023385e-11
31,6,8,-9.725609206867603e-11
31,6,9,-1.838070667892211e-11
31,6,10,-2.621095007704355e-11
31,7,1,-5.475497139029173e-11
31,7,2,-3.960454880713726e-11
31,7,3,-4.618999627226117e-12
31,7,4,0.0
31,7,5,-8.32735894129577e-11
31,7,6,-5.37882932638567e-11
31,7,7,-6.376497246884938e-11
31,7,8,-4.0780809285045905e-11
31,7,9,0.0
31,7,10,0.0
31,8,1,-5.930991808789088e-12
31,8,2,0.0
31,8,3,-3.1092052543701953e-11
31,8,4,-7.97050619949502e-11
31,8,5,-4.188429464369037e-11
31,8,6,-4.1976942755095337e-11
31,8,7,0.0
31,8,8,-6.51012022068187e-11
31,8,9,-6.900781335250628e-11
31,8,10,-1.2326216436431281e-11
31,9,1,0.0
31,9,2,0.0
31,9,3,-3.5292956057642044e-11
31,9,4,-1.3656506481218855e-11
31,9,5,-1.073524602546172e-11
31,9,6,-4.3108711045292125e-11
31,9,7,0.0
31,9,8,0.0
31,9,9,-1.9260933126208357e-11
31,9,10,-6.441591010597492e-11
31,10,1,-8.15967571288212e-11
31,10,2,-2.5264110248279792e-11
31,10,3,0.0
31,10,4,-3.3920873054871237e-11
31,10,5,-3.832067996256683e-11
31,10,6,0.0
31,10,7,-5.480650655531605e-11
31,10,8,-2.2440091451692012e-11
31,10,9,-6.758293230602064e-11
31,10,10,0.0
31,11,1,0.0
31,11,2,0.0
31,11,3,-3.2261367188812784e-11
31,11,4,-2.5512085499723725e-11
31,11,5,0.0
31,11,6,-3.232208251047197e-11
31,11,7,0.0
31,11,8,-4.704132222643764e-11
31,11,9,-6.331636603906787e-12
31,11,10,-1.4177721496810847e-11
31,12,1,-2.575725743803048e-11
31,12,2,-2.024958672963706e-11
31,12,3,-4.629344130258062e-11
31,12,4,-3.0316374410865876e-11
31,12,5,-4.350228510752174e-11
31,12,6,-1.7023993326148457e-11
31,12,7,-1.7045712064067686e-11
31,12,8,0.0
31,12,9,-5.89339896328589e-11
31,12,10,-2.509890906221557e-11
31,13,1,-7.294981285710378e-11
31,13,2,-1.5668029373916426e-11
31,13,3,-6.732987084534514e-11
31,13,4,0.0
31,13,5,-2.5781939083646677e-11
31,13,6,0.0
31,13,7,0.0
31,13,8,-6.964727405911475e-12
31,13,9,0.0
31,13,10,-8.149814156865887e-12
31,14,1,0.0
31,14,2,-3.5391023445185965e-11
31,14,3,-3.882340282590491e-11
31,14,4,0.0
31,14,5,-7.822795189404985e-11
31,14,6,-1.1217539397367915e-10
31,14,7,-1.0310634290799925e-11
31,14,8,-3.037477214196116e-11
31,14,9,0.0
31,14,10,-3.010115767754229e-11
31,15,1,-1.3229570217099251e-11
31,15,2,-3.3616817662895926e-11
31,15,3,-1.7614125435994055e-11
31,15,4,-2.566669099479668e-12
31,15,5,-3.7829489540897043e-11
31,15,6,-4.393384961387525e-11
31,15,7,-4.259502472958587e-11
31,15,8,-4.797100217057704e-11
31,15,9,0.0
31,15,10,0.0
31,16,1,-2.333615939376088e-11
31,16,2,-5.554105786398367e-12
31,16,3,-4.7945654391146064e-11
31,16,4,-6.782781974967733e-11
31,16,5,-6.720714956776064e-11
31,16,6,-4.9413022285005326e-11
31,16,7,0.0
31,16,8,-4.721317087286181e-11
31,16,9,-1.5060452884796405e-12
31,16,10,-1.7394745366328124e-11
31,17,1,-8.152516162152068e-11
31,17,2,-3.515016749888744e-11
31,17,3,-6.873349112090921e-12
31,17,4,-2.4296072098639598e-11
31,17,5,0.0
31,17,6,-4.213548954190571e-11
31,17,7,-8.664454570483926e-11
31,17,8,-2.3656687719864067e-11
31,17,9,-3.7809567976498926e-11
31,17,10,0.0
31,18,1,-5.299469196806683e-12
31,18,2,-2.4879882876138737e-11
31,18,3,0.0
31,18,4,0.0
31,18,5,0.0
31,18,6,-4.164028843955947e-11
31,18,7,-2.3499209522714892e-11
31,18,8,-4.208090820245758e-11
31,18,9,-9.422781999113283e-11
31,18,10,0.0
31,19,1,-1.8770540677337522e-11
31,19,2,-6.075721176168614e-11
31,19,3,-1.41925568519774e-10
31,19,4,-6.007159353282887e-11
31,19,5,-1.854618542074249e-11
31,19,6,-1.2512005320708397e-10
31,19,7,0.0
31,19,8,0.0
31,19,9,-5.555766957598962e-11
31,19,10,-4.347976145790966e-11
31,20,1,-5.2589592403062824e-11
31,20,2,0.0
31,20,3,0.0
31,20,4,-3.742668674977523e-11
31,20,5,0.0
31,20,6,-3.6638386768927944e-11
31,20,7,0.0
31,20,8,-1.7570028765234724e-11
31,20,9,0.0
31,20,10,-1.2249416758702836e-11
31,21,1,-2.9532820633448864e-11
31,21,2,0.0
31,21,3,-1.5957124510634912e-11
31,21,4,-2.7527279067296462e-11
31,21,5,0.0
31,21,6,-7.605638341345866e-12
31,21,7,0.0
31,21,8,-2.4539009713109294e-11
31,21,9,0.0
31,21,10,-3.3324003279044945e-11
31,22,1,-4.525796404308835e-12
31,22,2,-3.3464619964007625e-11
31,22,3,-6.449771272620808e-12
31,22,4,0.0
31,22,5,-8.995480055284943e-11
31,22,6,-2.8445558408751737e-11
31,22,7,-1.2843275054574832e-11
31,22,8,-6.810154523639866e-11
31,22,9,-6.361626503359474e-12
31,22,10,0.0
31,23,1,-8.471362500372948e-12
31,23,2,0.0
31,23,3,-5.0226670045283583e-11
31,23,4,-1.7805625029954086e-11
31,23,5,-7.982815797280551e-12
31,23,6,-4.564635475157175e-11
31,23,7,-2.6741588110557046e-11
31,23,8,-4.4036163604488365e-12
31,23,9,0.0
31,23,10,0.0
31,24,1,0.0
31,24,2,-1.1930609278287818e-11
31,24,3,-3.5708415391244586e-11
31,24,4,-2.6326427149392373e-11
31,24,5,-1.629406332082084e-11
31,24,6,-9.469736106382243e-11
31,24,7,0.0
31,24,8,0.0
31,24,9,-6.034651944819558e-12
31,24,10,0.0
34,1,1,0.041999999964879964
34,1,2,0.04199999997999551
34,1,3,0.042
34,1,4,0.041999999990446624
34,1,5,0.04199999992797196
34,1,6,0.041999999991644665
34,1,7,0.042
34,1,8,0.04199999999159773
34,1,9,0.042
34,1,10,0.0419999999627263
34,2,1,0.041999999992597264
34,2,2,0.04199999996735168
34,2,3,0.042
34,2,4,0.042
34,2,5,0.042
34,2,6,0.04199999997384282
34,2,7,0.0419999999609853
34,2,8,0.041999999995583875
34,2,9,0.04199999994132078
34,2,10,0.042
34,3,1,0.042
34,3,2,0.04199999997558984
34,3,3,0.04199999995853587
34,3,4,0.041999999999379256
34,3,5,0.042
34,3,6,0.041999999965591284
34,3,7,0.0419999999734266
34,3,8,0.041999999931086385
34,3,9,0.042
34,3,10,0.04199999999652079
34,4,1,0.042
34,4,2,0.042
34,4,3,0.042
34,4,4,0.04199999997009213
34,4,5,0.042
34,4,6,0.042
34,4,7,0.041999999985231046
34,4,8,0.04199999993892381
34,4,9,0.042
34,4,10,0.041999999994909665
34,5,1,0.04199999998470749
34,5,2,0.041999999983642455
34,5,3,0.041999999980178254
34,5,4,0.042
34,5,5,0.042
34,5,6,0.042
34,5,7,0.042
34,5,8,0.04199999996629922
34,5,9,0.041999999976488345
34,5,10,0.041999999946363026
34,6,1,0.042
34,6,2,0.04199999998546408
34,6,3,0.04199999995866194
34,6,4,0.04199999999308171
34,6,5,0.04199999993235326
34,6,6,0.0419999999799347
34,6,7,0.04199999997168116
34,6,8,0.04199999997456155
34,6,9,0.04199999999218998
34,6,10,0.04199999995166881
34,7,1,0.04199999998946438
34,7,2,0.04199999997950113
34,7,3,0.042
34,7,4,0.041999999983504926
34,7,5,0.041999999945709854
34,7,6,0.042
34,7,7,0.041999999992207104
34,7,8,0.042
34,7,9,0.04199999998759729
34,7,10,0.042
34,8,1,0.042
34,8,2,0.042
34,8,3,0.0419999999423859
34,8,4,0.04199999998888965
34,8,5,0.042
34,8,6,0.041999999999308674
34,8,7,0.0419999999905635
34,8,8,0.042
34,8,9,0.042
34,8,10,0.04199999998906112
34,9,1,0.042
34,9,2,0.041999999960960904
34,9,3,0.042
34,9,4,0.042
34,9,5,0.042
34,9,6,0.042
34,9,7,0.041999999976845837
34,9,8,0.04199999998375056
34,9,9,0.042
34,9,10,0.04199999995757553
34,10,1,0.042
34,10,2,0.04199999993948461
34,10,3,0.04199999999875653
34,10,4,0.042
34,10,5,0.0419999999844517
34,10,6,0.04199999999123313
34,10,7,0.041999999976939456
34,10,8,0.042
34,10,9,0.041999999967558044
34,10,10,0.04199999993980688
34,11,1,0.041999999980749575
34,11,2,0.042
34,11,3,0.0419999999874926
34,11,4,0.04199999995798079
34,11,5,0.041999999982479996
34,11,6,0.04199999999003823
34,11,7,0.042
34,11,8,0.042
34,11,9,0.04199999995753814
34,11,10,0.042
34,12,1,0.041999999928567455
34,12,2,0.041999999984782904
34,12,3,0.04199999998353762
34,12,4,0.04199999998348797
34,12,5,0.042
34,12,6,0.041999999954149075
34,12,7,0.042
34,12,8,0.04199999998319373
34,12,9,0.041999999986445796
34,12,10,0.04199999995240267
34,13,1,0.04199999999652082
34,13,2,0.042
34,13,3,0.04199999996706613
34,13,4,0.04199999995890716
34,13,5,0.04199999995529216
34,13,6,0.04199999998312462
34,13,7,0.041999999988308334
34,13,8,0.042
34,13,9,0.041999999973865665
34,13,10,0.04199999996521209
34,14,1,0.04199999999941931
34,14,2,0.042
34,14,3,0.0419999999859747
34,14,4,0.042
34,14,5,0.042
34,14,6,0.04199999995572132
34,14,7,0.041999999982825886
34,14,8,0.042
34,14,9,0.042
34,14,10,0.04199999999642473
34,15,1,0.041999999981591124
34,15,2,0.04199999996197512
34,15,3,0.04199999998756032
34,15,4,0.04199999999427137
34,15,5,0.042
34,15,6,0.041999999994418225
34,15,7,0.04199999999791351
34,15,8,0.04199999995408468
34,15,9,0.041999999960003004
34,15,10,0.042
34,16,1,0.04199999996179046
34,16,2,0.042
34,16,3,0.04199999994664011
34,16,4,0.04199999993061082
34,16,5,0.042
34,16,6,0.04199999998114298
34,16,7,0.041999999994209364
34,16,8,0.042
34,16,9,0.04199999999621101
34,16,10,0.042
34,17,1,0.041999999975915664
34,17,2,0.04199999999130691
34,17,3,0.042
34,17,4,0.04199999996796311
34,17,5,0.042
34,17,6,0.04199999998262488
34,17,7,0.04199999999967377
34,17,8,0.04199999998033116
34,17,9,0.04199999998799417
34,17,10,0.041999999978179214
34,18,1,0.041999999999657534
34,18,2,0.04199999994801895
34,18,3,0.041999999942495675
34,18,4,0.042
34,18,5,0.041999999986087805
34,18,6,0.042
34,18,7,0.042
34,18,8,0.04199999996976561
34,18,9,0.042
34,18,10,0.042
34,19,1,0.04199999998871867
34,19,2,0.04199999998239118
34,19,3,0.042
34,19,4,0.041999999976899294
34,19,5,0.042
34,19,6,0.04199999996906728
34,19,7,0.042
34,19,8,0.042
34,19,9,0.042
34,19,10,0.04199999999700044
34,20,1,0.041999999999458554
34,20,2,0.042
34,20,3,0.04199999992828521
34,20,4,0.04199999994572148
34,20,5,0.04199999992121928
34,20,6,0.04199999999228557
34,20,7,0.041999999990808
34,20,8,0.04199999999956694
34,20,9,0.04199999999524601
34,20,10,0.04199999994888989
34,21,1,0.041999999986230885
34,21,2,0.041999999985108755
34,21,3,0.04199999998157891
34,21,4,0.04199999996095646
34,21,5,0.042
34,21,6,0.04199999999542317
34,21,7,0.041999999996220144
34,21,8,0.04199999998990828
34,21,9,0.041999999964192875
34,21,10,0.041999999963112516
34,22,1,0.04199999998123907
34,22,2,0.04199999998210241
34,22,3,0.04199999996313211
34,22,4,0.04199999997300444
34,22,5,0.041999999958871576
34,22,6,0.041999999992607784
34,22,7,0.042
34,22,8,0.04199999998121409
34,22,9,0.04199999999549103
34,22,10,0.041999999984302455
34,23,1,0.041999999983112574
34,23,2,0.04199999999430634
34,23,3,0.041999999979094316
34,23,4,0.042
34,23,5,0.04199999999255932
34,23,6,0.042
34,23,7,0.04199999996947501
34,23,8,0.042
34,23,9,0.04199999998538925
34,23,10,0.042
34,24,1,0.04199999998445372
34,24,2,0.041999999876613375
34,24,3,0.042
34,24,4,0.041999999940052435
34,24,5,0.041999999953952094
34,24,6,0.04199999999724441
34,24,7,0.042
34,24,8,0.042
34,24,9,0.04199999999109627
34,24,10,0.042
35,1,1,0.051
35,1,2,0.051
35,1,3,0.05099999972130581
35,1,4,0.051
35,1,5,0.05099999996814708
35,1,6,0.051
35,1,7,0.05099999952811468
35,1,8,0.051
35,1,9,0.05099999952668527
35,1,10,0.051
35,2,1,0.051
35,2,2,0.050999999970890275
35,2,3,0.051
35,2,4,0.05099999946470177
35,2,5,0.050999999561578635
35,2,6,0.051
35,2,7,0.050999999923380834
35,2,8,0.051
35,2,9,0.051
35,2,10,0.051
35,3,1,0.05099999940966238
35,3,2,0.051
35,3,3,0.051
35,3,4,0.05099999990898693
35,3,5,0.05099999932440577
35,3,6,0.050999999550060765
35,3,7,0.050999998325167134
35,3,8,0.050999999938942664
35,3,9,0.050999999651495265
35,3,10,0.05099999993848331
35,4,1,0.05099999954404466
35,4,2,0.05099999995668353
35,4,3,0.051
35,4,4,0.051
35,4,5,0.051
35,4,6,0.05099999997630614
35,4,7,0.05099999969243105
35,4,8,0.051
35,4,9,0.05099999959487714
35,4,10,0.051
35,5,1,0.05099999971345298
35,5,2,0.051
35,5,3,0.050999999893416276
35,5,4,0.05099999975466893
35,5,5,0.050999999403320534
35,5,6,0.05099999995654031
35,5,7,0.051
35,5,8,0.051
35,5,9,0.051
35,5,10,0.050999998862739704
35,6,1,0.050999999751686786
35,6,2,0.051
35,6,3,0.05099999917952497
35,6,4,0.05099999981230041
35,6,5,0.05099999999988575
35,6,6,0.05099999911492603
35,6,7,0.05099999999357263
35,6,8,0.05099999897621588
35,6,9,0.05099999975067035
35,6,10,0.051
35,7,1,0.05099999939108277
35,7,2,0.050999999338944724
35,7,3,0.051
35,7,4,0.05099999980762285
35,7,5,0.050999999174158483
35,7,6,0.050999999632787035
35,7,7,0.051
35,7,8,0.05099999940577954
35,7,9,0.05099999996314644
35,7,10,0.051
35,8,1,0.050999999805598106
35,8,2,0.05099999981445669
35,8,3,0.051
35,8,4,0.051
35,8,5,0.051
35,8,6,0.051
35,8,7,0.051
35,8,8,0.05099999937181002
35,8,9,0.051
35,8,10,0.05099999915855882
35,9,1,0.051
35,9,2,0.05099999966787519
35,9,3,0.05099999946006714
35,9,4,0.051
35,9,5,0.051
35,9,6,0.051
35,9,7,0.051
35,9,8,0.05099999997645119
35,9,9,0.051
35,9,10,0.05099999970605357
35,10,1,0.05099999993631124
35,10,2,0.051
35,10,3,0.051
35,10,4,0.051
35,10,5,0.051
35,10,6,0.05099999940897662
35,10,7,0.051
35,10,8,0.051
35,10,9,0.050999999612652225
35,10,10,0.051
35,11,1,0.051
35,11,2,0.05099999940020053
35,11,3,0.05099999973696867
35,11,4,0.0509999998575513
35,11,5,0.050999999257495626
35,11,6,0.051
35,11,7,0.051
35,11,8,0.050999999686927366
35,11,9,0.051
35,11,10,0.051
35,12,1,0.051
35,12,2,0.050999999707859206
35,12,3,0.051
35,12,4,0.051
35,12,5,0.051
35,12,6,0.051
35,12,7,0.05099999883527287
35,12,8,0.051
35,12,9,0.051
35,12,10,0.051
35,13,1,0.051
35,13,2,0.051
35,13,3,0.05099999941079539
35,13,4,0.051
35,13,5,0.051
35,13,6,0.050999999379283734
35,13,7,0.051
35,13,8,0.051
35,13,9,0.051
35,13,10,0.05099999989723694
35,14,1,0.051
35,14,2,0.051
35,14,3,0.05099999852705833
35,14,4,0.05099999905722097
35,14,5,0.051
35,14,6,0.051
35,14,7,0.051
35,14,8,0.050999999377008165
35,14,9,0.050999998985538975
35,14,10,0.05099999965794702
35,15,1,0.0509999997974713
35,15,2,0.051
35,15,3,0.05099999969705163
35,15,4,0.051
35,15,5,0.051
35,15,6,0.051
35,15,7,0.05099999972658892
35,15,8,0.051
35,15,9,0.050999999720445444
35,15,10,0.05099999986276971
35,16,1,0.050999999520560585
35,16,2,0.05099999975323399
35,16,3,0.05099999942192182
35,16,4,0.05099999972079691
35,16,5,0.051
35,16,6,0.051
35,16,7,0.050999999976443666
35,16,8,0.051
35,16,9,0.05099999964418622
35,16,10,0.051
35,17,1,0.051
35,17,2,0.051
35,17,3,0.051
35,17,4,0.05099999950427764
35,17,5,0.05099999926018575
35,17,6,0.051
35,17,7,0.050999999686455744
35,17,8,0.05099999941346969
35,17,9,0.05099999940114125
35,17,10,0.051
35,18,1,0.051
35,18,2,0.05099999951560824
35,18,3,0.051
35,18,4,0.051
35,18,5,0.051
35,18,6,0.051
35,18,7,0.05099999940510899
35,18,8,0.051
35,18,9,0.050999999056504874
35,18,10,0.050999999666856116
35,19,1,0.051
35,19,2,0.050999999461995404
35,19,3,0.051
35,19,4,0.05099999924966947
35,19,5,0.051
35,19,6,0.051
35,19,7,0.050999999712546706
35,19,8,0.051
35,19,9,0.05099999915040432
35,19,10,0.051
35,20,1,0.051
35,20,2,0.051
35,20,3,0.051
35,20,4,0.051
35,20,5,0.051
35,20,6,0.050999999936042706
35,20,7,0.051
35,20,8,0.05099999958027199
35,20,9,0.051
35,20,10,0.051
35,21,1,0.051
35,21,2,0.050999999758680525
35,21,3,0.05099999993227289
35,21,4,0.051
35,21,5,0.051
35,21,6,0.051
35,21,7,0.051
35,21,8,0.05099999985559425
35,21,9,0.051
35,21,10,0.05099999959992088
35,22,1,0.050999999344551794
35,22,2,0.051
35,22,3,0.051
35,22,4,0.05099999972202571
35,22,5,0.05099999941675609
35,22,6,0.05099999944038702
35,22,7,0.05099999924913237
35,22,8,0.05099999839165689
35,22,9,0.051
35,22,10,0.051
35,23,1,0.050999999920833095
35,23,2,0.050999999893923426
35,23,3,0.051
35,23,4,0.050999999941360674
35,23,5,0.051
35,23,6,0.050999999842968574
35,23,7,0.05099999999101931
35,23,8,0.051
35,23,9,0.05099999950051734
35,23,10,0.051
35,24,1,0.051
35,24,2,0.05099999923032103
35,24,3,0.051
35,24,4,0.051
35,24,5,0.050999998851021994
35,24,6,0.051
35,24,7,0.051
35,24,8,0.051
35,24,9,0.051
35,24,10,0.051
36,1,1,0.045
36,1,2,0.044999999704745774
36,1,3,0.045
36,1,4,0.04499999988908962
36,1,5,0.044999999976085114
36,1,6,0.04499999991710196
36,1,7,0.045
36,1,8,0.044999999869915264
36,1,9,0.04499999967066304
36,1,10,0.04499999979916919
36,2,1,0.045
36,2,2,0.04499999991186687
36,2,3,0.04499999954196862
36,2,4,0.045
36,2,5,0.04499999996368664
36,2,6,0.04499999976527563
36,2,7,0.04499999992684567
36,2,8,0.04499999987108122
36,2,9,0.04499999996749052
36,2,10,0.04499999998811366
36,3,1,0.045
36,3,2,0.045
36,3,3,0.045
36,3,4,0.045
36,3,5,0.045
36,3,6,0.044999999936108925
36,3,7,0.045
36,3,8,0.04499999998936727
36,3,9,0.0449999998597658
36,3,10,0.04499999989162401
36,4,1,0.045
36,4,2,0.04499999982690961
36,4,3,0.04499999966215029
36,4,4,0.04499999993513648
36,4,5,0.044999999918316186
36,4,6,0.044999999959977166
36,4,7,0.045
36,4,8,0.0449999997077955
36,4,9,0.044999999711920036
36,4,10,0.04499999996529527
36,5,1,0.045
36,5,2,0.045
36,5,3,0.04499999992852402
36,5,4,0.044999999960035036
36,5,5,0.04499999998427845
36,5,6,0.04499999975278335
36,5,7,0.044999999960243314
36,5,8,0.04499999984102446
36,5,9,0.044999999645703975
36,5,10,0.045
36,6,1,0.04499999985837094
36,6,2,0.04499999993922735
36,6,3,0.045
36,6,4,0.0449999999426407
36,6,5,0.04499999980257202
36,6,6,0.045
36,6,7,0.045
36,6,8,0.045
36,6,9,0.045
36,6,10,0.04499999964256285
36,7,1,0.045
36,7,2,0.045
36,7,3,0.04499999989671549
36,7,4,0.045
36,7,5,0.045
36,7,6,0.045
36,7,7,0.045
36,7,8,0.045
36,7,9,0.04499999989943684
36,7,10,0.044999999941925745
36,8,1,0.04499999983476574
36,8,2,0.044999999884042435
36,8,3,0.04499999974556462
36,8,4,0.04499999948789815
36,8,5,0.0449999999109196
36,8,6,0.04499999986895353
36,8,7,0.04499999980898414
36,8,8,0.04499999999365961
36,8,9,0.044999999851252914
36,8,10,0.045
36,9,1,0.04499999959371587
36,9,2,0.045
36,9,3,0.045
36,9,4,0.044999999863899603
36,9,5,0.045
36,9,6,0.04499999992240214
36,9,7,0.045
36,9,8,0.045
36,9,9,0.044999999977499205
36,9,10,0.045
36,10,1,0.04499999989414721
36,10,2,0.04499999997373602
36,10,3,0.045
36,10,4,0.045
36,10,5,0.044999999838489624
36,10,6,0.045
36,10,7,0.045
36,10,8,0.045
36,10,9,0.045
36,10,10,0.04499999978930272
36,11,1,0.04499999971560667
36,11,2,0.04499999979074992
36,11,3,0.04499999993624029
36,11,4,0.0449999999933586
36,11,5,0.045
36,11,6,0.04499999989608938
36,11,7,0.045
36,11,8,0.045
36,11,9,0.045
36,11,10,0.045
36,12,1,0.044999999983562244
36,12,2,0.045
36,12,3,0.045
36,12,4,0.04499999999486337
36,12,5,0.045
36,12,6,0.04499999992270376
36,12,7,0.045
36,12,8,0.045
36,12,9,0.04499999967475107
36,12,10,0.04499999987026754
36,13,1,0.04499999971135521
36,13,2,0.04499999990668821
36,13,3,0.045
36,13,4,0.04499999989296677
36,13,5,0.045
36,13,6,0.045
36,13,7,0.044999999826475956
36,13,8,0.044999999822652514
36,13,9,0.04499999958471393
36,13,10,0.045
36,14,1,0.044999999874317714
36,14,2,0.045
36,14,3,0.045
36,14,4,0.045
36,14,5,0.04499999985264061
36,14,6,0.04499999995028206
36,14,7,0.045
36,14,8,0.045
36,14,9,0.045
36,14,10,0.045
36,15,1,0.04499999994806769
36,15,2,0.044999999816997316
36,15,3,0.045
36,15,4,0.045
36,15,5,0.045
36,15,6,0.045
36,15,7,0.04499999973191007
36,15,8,0.04499999992818937
36,15,9,0.04499999998309745
36,15,10,0.044999999715206684
36,16,1,0.045
36,16,2,0.044999999988434236
36,16,3,0.045
36,16,4,0.045
36,16,5,0.045
36,16,6,0.04499999978523872
36,16,7,0.04499999989802472
36,16,8,0.04499999988545142
36,16,9,0.044999999977332755
36,16,10,0.04499999975673136
36,17,1,0.044999999822759096
36,17,2,0.04499999993761089
36,17,3,0.04499999988645392
36,17,4,0.045
36,17,5,0.04499999999167381
36,17,6,0.045
36,17,7,0.045
36,17,8,0.045
36,17,9,0.045
36,17,10,0.045
36,18,1,0.04499999994116283
36,18,2,0.045
36,18,3,0.045
36,18,4,0.04499999979730915
36,18,5,0.04499999990397102
36,18,6,0.044999999892744974
36,18,7,0.045
36,18,8,0.04499999983245201
36,18,9,0.045
36,18,10,0.045
36,19,1,0.04499999977317548
36,19,2,0.04499999995600237
36,19,3,0.04499999991238271
36,19,4,0.045
36,19,5,0.04499999972386903
36,19,6,0.045
36,19,7,0.045
36,19,8,0.04499999980672381
36,19,9,0.045
36,19,10,0.04499999987051864
36,20,1,0.045
36,20,2,0.044999999835680454
36,20,3,0.04499999975952576
36,20,4,0.04499999993168971
36,20,5,0.044999999693675324
36,20,6,0.045
36,20,7,0.04499999999702206
36,20,8,0.04499999996382259
36,20,9,0.044999999961914394
36,20,10,0.04499999982618896
36,21,1,0.04499999996577195
36,21,2,0.04499999987525111
36,21,3,0.045
36,21,4,0.04499999993502948
36,21,5,0.04499999990606726
36,21,6,0.04499999990579415
36,21,7,0.044999999597512635
36,21,8,0.045
36,21,9,0.04499999990982148
36,21,10,0.045
36,22,1,0.045
36,22,2,0.04499999998514212
36,22,3,0.045
36,22,4,0.045
36,22,5,0.045
36,22,6,0.045
36,22,7,0.045
36,22,8,0.045
36,22,9,0.04499999999521245
36,22,10,0.04499999990938788
36,23,1,0.04499999994089782
36,23,2,0.045
36,23,3,0.04499999989701339
36,23,4,0.044999999908017424
36,23,5,0.044999999884229896
36,23,6,0.0449999998931106
36,23,7,0.045
36,23,8,0.045
36,23,9,0.045
36,23,10,0.045
36,24,1,0.045
36,24,2,0.045
36,24,3,0.04499999984023578
36,24,4,0.04499999992937401
36,24,5,0.044999999799840124
36,24,6,0.045
36,24,7,0.045
36,24,8,0.044999999936731344
36,24,9,0.044999999902460314
36,24,10,0.04499999997177029
38,1,1,0.042
38,1,2,0.042
38,1,3,0.042
38,1,4,0.042
38,1,5,0.04199999997029159
38,1,6,0.041999999949944994
38,1,7,0.04199999996794038
38,1,8,0.041999999950222716
38,1,9,0.042
38,1,10,0.041999999986281775
38,2,1,0.042
38,2,2,0.04199999998561246
38,2,3,0.04199999995721614
38,2,4,0.041999999951848284
38,2,5,0.042
38,2,6,0.042
38,2,7,0.0419999999848495
38,2,8,0.041999999964954265
38,2,9,0.04199999995926981
38,2,10,0.04199999999516065
38,3,1,0.04199999995306382
38,3,2,0.04199999996874718
38,3,3,0.0419999999772609
38,3,4,0.042
38,3,5,0.04199999996893837
38,3,6,0.04199999999707148
38,3,7,0.042
38,3,8,0.042
38,3,9,0.041999999977327444
38,3,10,0.042
38,4,1,0.042
38,4,2,0.042
38,4,3,0.04199999999425964
38,4,4,0.04199999996713212
38,4,5,0.041999999966949225
38,4,6,0.042
38,4,7,0.042
38,4,8,0.04199999996723981
38,4,9,0.04199999999873728
38,4,10,0.04199999999985517
38,5,1,0.041999999972476075
38,5,2,0.04199999995945362
38,5,3,0.041999999976445164
38,5,4,0.042
38,5,5,0.04199999998946871
38,5,6,0.042
38,5,7,0.041999999955888545
38,5,8,0.041999999972727714
38,5,9,0.042
38,5,10,0.04199999998924978
38,6,1,0.04199999997794195
38,6,2,0.04199999997388313
38,6,3,0.04199999994681682
38,6,4,0.041999999996939985
38,6,5,0.042
38,6,6,0.041999999979129884
38,6,7,0.042
38,6,8,0.042
38,6,9,0.04199999997805973
38,6,10,0.0419999999720964
38,7,1,0.041999999975701974
38,7,2,0.04199999998060649
38,7,3,0.04199999998612952
38,7,4,0.04199999996197996
38,7,5,0.041999999974477585
38,7,6,0.041999999964466274
38,7,7,0.041999999944212635
38,7,8,0.04199999996605734
38,7,9,0.042
38,7,10,0.04199999996372377
38,8,1,0.04199999994659361
38,8,2,0.042
38,8,3,0.041999999984657914
38,8,4,0.04199999995923033
38,8,5,0.04199999995570001
38,8,6,0.042
38,8,7,0.042
38,8,8,0.04199999997332759
38,8,9,0.042
38,8,10,0.04199999999396402
38,9,1,0.04199999999820377
38,9,2,0.04199999994295056
38,9,3,0.042
38,9,4,0.042
38,9,5,0.042
38,9,6,0.042
38,9,7,0.04199999997103279
38,9,8,0.041999999977670996
38,9,9,0.042
38,9,10,0.042
38,10,1,0.04199999998396362
38,10,2,0.041999999982350954
38,10,3,0.041999999958423774
38,10,4,0.04199999996904701
38,10,5,0.042
38,10,6,0.04199999998559411
38,10,7,0.041999999961086575
38,10,8,0.041999999963160596
38,10,9,0.042
38,10,10,0.042
38,11,1,0.04199999994932677
38,11,2,0.04199999999237586
38,11,3,0.04199999994475154
38,11,4,0.04199999995123207
38,11,5,0.04199999994609492
38,11,6,0.042
38,11,7,0.042
38,11,8,0.04199999998843127
38,11,9,0.04199999997668745
38,11,10,0.04199999999411562
38,12,1,0.04199999999185685
38,12,2,0.041999999968776354
38,12,3,0.04199999997500468
38,12,4,0.041999999961696934
38,12,5,0.04199999998518176
38,12,6,0.041999999938294647
38,12,7,0.041999999972380776
38,12,8,0.04199999995337227
38,12,9,0.04199999998254116
38,12,10,0.042
38,13,1,0.04199999996127714
38,13,2,0.042
38,13,3,0.042
38,13,4,0.041999999951646584
38,13,5,0.04199999996399434
38,13,6,0.04199999999785901
38,13,7,0.042
38,13,8,0.04199999998316794
38,13,9,0.042
38,13,10,0.041999999994304496
38,14,1,0.042
38,14,2,0.04199999996115338
38,14,3,0.04199999996264842
38,14,4,0.041999999967342015
38,14,5,0.04199999998984905
38,14,6,0.042
38,14,7,0.04199999997335124
38,14,8,0.04199999997163504
38,14,9,0.04199999997125152
38,14,10,0.04199999995238797
38,15,1,0.04199999997878146
38,15,2,0.042
38,15,3,0.04199999996968218
38,15,4,0.042
38,15,5,0.04199999997781256
38,15,6,0.04199999999846579
38,15,7,0.04199999998506108
38,15,8,0.042
38,15,9,0.042
38,15,10,0.042
38,16,1,0.042
38,16,2,0.042
38,16,3,0.041999999972625573
38,16,4,0.041999999955521256
38,16,5,0.042
38,16,6,0.04199999997588578
38,16,7,0.041999999972854835
38,16,8,0.04199999997116876
38,16,9,0.041999999953665795
38,16,10,0.042
38,17,1,0.042
38,17,2,0.041999999997808866
38,17,3,0.0419999999758486
38,17,4,0.041999999979505175
38,17,5,0.04199999996138409
38,17,6,0.04199999995122044
38,17,7,0.042
38,17,8,0.04199999995474957
38,17,9,0.041999999969053896
38,17,10,0.042
38,18,1,0.042
38,18,2,0.042
38,18,3,0.042
38,18,4,0.042
38,18,5,0.042
38,18,6,0.042
38,18,7,0.04199999998029549
38,18,8,0.042
38,18,9,0.042
38,18,10,0.041999999973655035
38,19,1,0.041999999986906664
38,19,2,0.042
38,19,3,0.0419999999585048
38,19,4,0.04199999997364399
38,19,5,0.041999999954843804
38,19,6,0.04199999998096635
38,19,7,0.042
38,19,8,0.042
38,19,9,0.04199999997320175
38,19,10,0.041999999985535275
38,20,1,0.041999999943558956
38,20,2,0.04199999993865017
38,20,3,0.04199999999292745
38,20,4,0.041999999990183785
38,20,5,0.04199999996633046
38,20,6,0.04199999996878827
38,20,7,0.042
38,20,8,0.04199999996120065
38,20,9,0.04199999999096284
38,20,10,0.042
38,21,1,0.041999999999559015
38,21,2,0.042
38,21,3,0.04199999996392872
38,21,4,0.042
38,21,5,0.042
38,21,6,0.042
38,21,7,0.041999999964226875
38,21,8,0.041999999970085036
38,21,9,0.042
38,21,10,0.041999999964564945
38,22,1,0.0419999999798485
38,22,2,0.042
38,22,3,0.041999999979891914
38,22,4,0.041999999975394976
38,22,5,0.04199999998185511
38,22,6,0.042
38,22,7,0.04199999997769747
38,22,8,0.042
38,22,9,0.04199999997739714
38,22,10,0.042
38,23,1,0.042
38,23,2,0.04199999997298931
38,23,3,0.04199999995896696
38,23,4,0.04199999997534271
38,23,5,0.042
38,23,6,0.04199999995574402
38,23,7,0.042
38,23,8,0.041999999995023025
38,23,9,0.04199999993034695
38,23,10,0.042
38,24,1,0.042
38,24,2,0.042
38,24,3,0.041999999955707384
38,24,4,0.04199999995932177
38,24,5,0.042
38,24,6,0.041999999980739326
38,24,7,0.042
38,24,8,0.041999999975524
38,24,9,0.042
38,24,10,0.041999999960531095
40,1,1,0.018
40,1,2,0.018
40,1,3,0.017999999777639553
40,1,4,0.017999999116469212
40,1,5,0.018
40,1,6,0.018
40,1,7,0.018
40,1,8,0.018
40,1,9,0.018
40,1,10,0.017999998953921903
40,2,1,0.01799999914242134
40,2,2,0.018
40,2,3,0.018
40,2,4,0.018
40,2,5,0.018
40,2,6,0.017999999536732703
40,2,7,0.018
40,2,8,0.017999999927818533
40,2,9,0.017999999933145827
40,2,10,0.018
40,3,1,0.017999999432758318
40,3,2,0.017999999175234205
40,3,3,0.017999999673350087
40,3,4,0.018
40,3,5,0.018
40,3,6,0.018
40,3,7,0.018
40,3,8,0.018
40,3,9,0.018
40,3,10,0.018
40,4,1,0.018
40,4,2,0.017999999993829396
40,4,3,0.017999999293620284
40,4,4,0.017999999617098084
40,4,5,0.018
40,4,6,0.018
40,4,7,0.017999999809120926
40,4,8,0.018
40,4,9,0.018
40,4,10,0.018
40,5,1,0.018
40,5,2,0.017999999169983516
40,5,3,0.01799999949451403
40,5,4,0.017999999747089546
40,5,5,0.018
40,5,6,0.018
40,5,7,0.01799999931686591
40,5,8,0.0179999989188665
40,5,9,0.017999999291823277
40,5,10,0.018
40,6,1,0.017999999794286792
40,6,2,0.017999999823056112
40,6,3,0.018
40,6,4,0.017999999359209484
40,6,5,0.018
40,6,6,0.017999999712401626
40,6,7,0.018
40,6,8,0.018
40,6,9,0.017999999773820163
40,6,10,0.018
40,7,1,0.018
40,7,2,0.018
40,7,3,0.017999999385108212
40,7,4,0.01799999971994526
40,7,5,0.018
40,7,6,0.01799999957531051
40,7,7,0.01799999965890886
40,7,8,0.018
40,7,9,0.018
40,7,10,0.018
40,8,1,0.018
40,8,2,0.0179999997808602
40,8,3,0.017999999319210813
40,8,4,0.017999999639258912
40,8,5,0.018
40,8,6,0.017999999791215138
40,8,7,0.017999999923655197
40,8,8,0.018
40,8,9,0.017999999758029017
40,8,10,0.018
40,9,1,0.01799999993263529
40,9,2,0.017999999476324913
40,9,3,0.018
40,9,4,0.017999999971319902
40,9,5,0.018
40,9,6,0.017999999601500255
40,9,7,0.01799999995206504
40,9,8,0.017999999857563787
40,9,9,0.018
40,9,10,0.01799999981097536
40,10,1,0.018
40,10,2,0.01799999973993993
40,10,3,0.01799999954269682
40,10,4,0.01799999996031676
40,10,5,0.017999998915876447
40,10,6,0.018
40,10,7,0.018
40,10,8,0.018
40,10,9,0.018
40,10,10,0.018
40,11,1,0.01799999964709026
40,11,2,0.018
40,11,3,0.017999999816422307
40,11,4,0.01799999986073164
40,11,5,0.017999999856390447
40,11,6,0.017999999591126303
40,11,7,0.018
40,11,8,0.018
40,11,9,0.017999999456789095
40,11,10,0.018
40,12,1,0.018
40,12,2,0.018
40,12,3,0.018
40,12,4,0.018
40,12,5,0.018
40,12,6,0.017999999794232557
40,12,7,0.018
40,12,8,0.01799999984083328
40,12,9,0.017999999608907247
40,12,10,0.01799999967808541
40,13,1,0.01799999971368077
40,13,2,0.017999999646654552
40,13,3,0.01799999967383681
40,13,4,0.017999999692593305
40,13,5,0.018
40,13,6,0.018
40,13,7,0.017999998693254693
40,13,8,0.01799999982244871
40,13,9,0.017999999823477164
40,13,10,0.018
40,14,1,0.01799999965534954
40,14,2,0.01799999890586934
40,14,3,0.018
40,14,4,0.018
40,14,5,0.018
40,14,6,0.017999999580259662
40,14,7,0.017999999895792262
40,14,8,0.017999999845715514
40,14,9,0.01799999984350903
40,14,10,0.018
40,15,1,0.018
40,15,2,0.017999999649483234
40,15,3,0.017999999615773865
40,15,4,0.017999998885895596
40,15,5,0.017999999907732822
40,15,6,0.018
40,15,7,0.018
40,15,8,0.017999999661060917
40,15,9,0.017999999458137794
40,15,10,0.01799999993150081
40,16,1,0.018
40,16,2,0.018
40,16,3,0.018
40,16,4,0.01799999993294299
40,16,5,0.017999999639618736
40,16,6,0.017999999568802716
40,16,7,0.018
40,16,8,0.01799999930434193
40,16,9,0.017999999674195855
40,16,10,0.01799999993757495
40,17,1,0.01799999945510533
40,17,2,0.01799999980818301
40,17,3,0.01799999959182297
40,17,4,0.018
40,17,5,0.018
40,17,6,0.018
40,17,7,0.01799999996823931
40,17,8,0.018
40,17,9,0.018
40,17,10,0.01799999980247391
40,18,1,0.018
40,18,2,0.018
40,18,3,0.01799999975209854
40,18,4,0.017999999450200033
40,18,5,0.017999999934233624
40,18,6,0.018
40,18,7,0.018
40,18,8,0.017999999487060214
40,18,9,0.018
40,18,10,0.017999999933205335
40,19,1,0.017999999694630286
40,19,2,0.018
40,19,3,0.01799999963280896
40,19,4,0.018
40,19,5,0.018
40,19,6,0.017999999409725298
40,19,7,0.017999999865609517
40,19,8,0.018
40,19,9,0.018
40,19,10,0.01799999934585439
40,20,1,0.018
40,20,2,0.01799999993944945
40,20,3,0.018
40,20,4,0.01799999968615995
40,20,5,0.018
40,20,6,0.018
40,20,7,0.01799999980318362
40,20,8,0.017999999641195752
40,20,9,0.017999999858129112
40,20,10,0.017999999780005438
40,21,1,0.018
40,21,2,0.018
40,21,3,0.017999999575252446
40,21,4,0.018
40,21,5,0.01799999943624453
40,21,6,0.01799999948982567
40,21,7,0.017999999874815265
40,21,8,0.018
40,21,9,0.017999999670714195
40,21,10,0.018
40,22,1,0.018
40,22,2,0.01799999988575479
40,22,3,0.017999999653275367
40,22,4,0.018
40,22,5,0.017999999792834953
40,22,6,0.018
40,22,7,0.018
40,22,8,0.018
40,22,9,0.017999999892167162
40,22,10,0.01799999973030675
40,23,1,0.017999999916845755
40,23,2,0.0179999997805963
40,23,3,0.017999999732386085
40,23,4,0.017999999729953364
40,23,5,0.018
40,23,6,0.018
40,23,7,0.017999999608062867
40,23,8,0.017999999689178425
40,23,9,0.018
40,23,10,0.018
40,24,1,0.0179999997388281
40,24,2,0.018
40,24,3,0.018
40,24,4,0.018
40,24,5,0.018
40,24,6,0.018
40,24,7,0.017999999826799506
40,24,8,0.01799999988289397
40,24,9,0.017999999803463618
40,24,10,0.018
42,1,1,0.042
42,1,2,0.042
42,1,3,0.042
42,1,4,0.042
42,1,5,0.04199999962405754
42,1,6,0.0419999996496051
42,1,7,0.04199999999909354
42,1,8,0.041999999140503674
42,1,9,0.042
42,1,10,0.042
42,2,1,0.042
42,2,2,0.04199999917613184
42,2,3,0.04199999982223068
42,2,4,0.04199999953751932
42,2,5,0.042
42,2,6,0.04199999988904024
42,2,7,0.041999999784889996
42,2,8,0.042
42,2,9,0.042
42,2,10,0.041999999234580976
42,3,1,0.042
42,3,2,0.042
42,3,3,0.04199999976141089
42,3,4,0.04199999940681731
42,3,5,0.04199999984458036
42,3,6,0.04199999966342349
42,3,7,0.042
42,3,8,0.042
42,3,9,0.04199999992299286
42,3,10,0.04199999981503666
42,4,1,0.04199999954568345
42,4,2,0.042
42,4,3,0.042
42,4,4,0.042
42,4,5,0.041999999627423734
42,4,6,0.04199999914736785
42,4,7,0.042
42,4,8,0.04199999913565994
42,4,9,0.042
42,4,10,0.042
42,5,1,0.04199999984433389
42,5,2,0.042
42,5,3,0.042
42,5,4,0.04199999997700621
42,5,5,0.04199999942084942
42,5,6,0.042
42,5,7,0.042
42,5,8,0.04199999987169967
42,5,9,0.042
42,5,10,0.04199999961476564
42,6,1,0.042
42,6,2,0.04199999965447343
42,6,3,0.042
42,6,4,0.042
42,6,5,0.04199999932575582
42,6,6,0.042
42,6,7,0.04199999910310159
42,6,8,0.042
42,6,9,0.042
42,6,10,0.042
42,7,1,0.041999999422737355
42,7,2,0.041999999407400734
42,7,3,0.042
42,7,4,0.042
42,7,5,0.042
42,7,6,0.042
42,7,7,0.041999999904576035
42,7,8,0.04199999987337488
42,7,9,0.04199999964111112
42,7,10,0.0419999997537589
42,8,1,0.041999999641764374
42,8,2,0.042
42,8,3,0.04199999986810676
42,8,4,0.042
42,8,5,0.041999999789793185
42,8,6,0.042
42,8,7,0.04199999964126078
42,8,8,0.042
42,8,9,0.042
42,8,10,0.04199999951615274
42,9,1,0.04199999992981088
42,9,2,0.042
42,9,3,0.04199999917280349
42,9,4,0.041999999852311926
42,9,5,0.04199999970699975
42,9,6,0.042
42,9,7,0.04199999954355091
42,9,8,0.042
42,9,9,0.04199999968237389
42,9,10,0.042
42,10,1,0.042
42,10,2,0.04199999960712919
42,10,3,0.041999999539189314
42,10,4,0.0419999995651793
42,10,5,0.042
42,10,6,0.04199999966667134
42,10,7,0.042
42,10,8,0.04199999971825075
42,10,9,0.04199999972640278
42,10,10,0.042
42,11,1,0.042
42,11,2,0.042
42,11,3,0.042
42,11,4,0.041999999581794234
42,11,5,0.042
42,11,6,0.042
42,11,7,0.04199999991604475
42,11,8,0.04199999999655607
42,11,9,0.042
42,11,10,0.04199999897050999
42,12,1,0.04199999914233882
42,12,2,0.041999999878764516
42,12,3,0.04199999987308595
42,12,4,0.04199999988372449
42,12,5,0.04199999933004228
42,12,6,0.04199999999316034
42,12,7,0.041999999662838516
42,12,8,0.042
42,12,9,0.042
42,12,10,0.04199999948443428
42,13,1,0.04199999995531539
42,13,2,0.042
42,13,3,0.042
42,13,4,0.042
42,13,5,0.04199999987281
42,13,6,0.042
42,13,7,0.042
42,13,8,0.042
42,13,9,0.041999999380818276
42,13,10,0.04199999892659295
42,14,1,0.042
42,14,2,0.042
42,14,3,0.04199999920416625
42,14,4,0.042
42,14,5,0.042
42,14,6,0.04199999988078634
42,14,7,0.042
42,14,8,0.042
42,14,9,0.042
42,14,10,0.041999999320965986
42,15,1,0.04199999977577884
42,15,2,0.042
42,15,3,0.042
42,15,4,0.042
42,15,5,0.04199999952044309
42,15,6,0.042
42,15,7,0.041999999673498156
42,15,8,0.042
42,15,9,0.04199999949677613
42,15,10,0.042
42,16,1,0.041999999971598645
42,16,2,0.041999999832979085
42,16,3,0.041999999421496015
42,16,4,0.04199999939113708
42,16,5,0.042
42,16,6,0.042
42,16,7,0.04199999982773672
42,16,8,0.042
42,16,9,0.042
42,16,10,0.041999999589358517
42,17,1,0.042
42,17,2,0.0419999997444066
42,17,3,0.042
42,17,4,0.042
42,17,5,0.04199999931382026
42,17,6,0.042
42,17,7,0.042
42,17,8,0.04199999968468726
42,17,9,0.0419999996154361
42,17,10,0.042
42,18,1,0.04199999968525192
42,18,2,0.042
42,18,3,0.042
42,18,4,0.042
42,18,5,0.042
42,18,6,0.042
42,18,7,0.042
42,18,8,0.042
42,18,9,0.042
42,18,10,0.04199999967564516
42,19,1,0.042
42,19,2,0.042
42,19,3,0.042
42,19,4,0.042
42,19,5,0.04199999964908685
42,19,6,0.04199999954051015
42,19,7,0.04199999976196478
42,19,8,0.042
42,19,9,0.041999999811231925
42,19,10,0.042
42,20,1,0.042
42,20,2,0.042
42,20,3,0.041999999282891
42,20,4,0.042
42,20,5,0.04199999913235164
42,20,6,0.04199999951377775
42,20,7,0.042
42,20,8,0.042
42,20,9,0.042
42,20,10,0.042
42,21,1,0.04199999996513182
42,21,2,0.0419999998977405
42,21,3,0.042
42,21,4,0.04199999951171485
42,21,5,0.04199999990448766
42,21,6,0.042
42,21,7,0.04199999985262293
42,21,8,0.04199999978442037
42,21,9,0.042
42,21,10,0.042
42,22,1,0.042
42,22,2,0.042
42,22,3,0.041999999745975236
42,22,4,0.041999999964260515
42,22,5,0.042
42,22,6,0.0419999995278757
42,22,7,0.041999999716796244
42,22,8,0.042
42,22,9,0.04199999987494485
42,22,10,0.042
42,23,1,0.04199999921624287
42,23,2,0.042
42,23,3,0.042
42,23,4,0.042
42,23,5,0.04199999991548253
42,23,6,0.041999998909853176
42,23,7,0.042
42,23,8,0.042
42,23,9,0.04199999981337421
42,23,10,0.04199999986486147
42,24,1,0.042
42,24,2,0.042
42,24,3,0.04199999954034089
42,24,4,0.042
42,24,5,0.04199999960376272
42,24,6,0.04199999955574846
42,24,7,0.042
42,24,8,0.042
42,24,9,0.041999999325258
42,24,10,0.042
44,1,1,0.015316668834630873
44,1,2,0.039970850686213116
44,1,3,0.04199953005468183
44,1,4,0.02725410202870287
44,1,5,0.024698093778037004
44,1,6,0.03409887650205107
44,1,7,0.013741844062849994
44,1,8,0.0009915493714583242
44,1,9,-0.0011042801223179947
44,1,10,0.030413054396077364
44,2,1,0.01378082120250157
44,2,2,0.037343423683774774
44,2,3,0.020094497613082702
44,2,4,0.025660876172199292
44,2,5,0.059301868268435746
44,2,6,0.049901073876622105
44,2,7,0.04135530246018356
44,2,8,0.08148288933907989
44,2,9,0.010104297780526933
44,2,10,0.025221526220736944
44,3,1,0.021902549869875772
44,3,2,0.02336639232252396
44,3,3,0.02381603209001811
44,3,4,0.0218440675992821
44,3,5,0.027521650068515754
44,3,6,0.041999899437499266
44,3,7,-0.0008075963593983822
44,3,8,-0.00030454584807233353
44,3,9,0.10997195565262705
44,3,10,0.012811068354807813
44,4,1,0.05418198394264434
44,4,2,0.032388795761993994
44,4,3,0.017448837804251844
44,4,4,0.02301482379559954
44,4,5,0.03664889475257207
44,4,6,-0.0027712182828059685
44,4,7,0.038710513755276475
44,4,8,0.0823102021704555
44,4,9,0.04902802430648548
44,4,10,0.02617410469803138
44,5,1,0.030698964996336404
44,5,2,0.022864515392916784
44,5,3,0.03166948237837369
44,5,4,0.03722624146615714
44,5,5,0.008811618415341463
44,5,6,0.011771382121658387
44,5,7,0.04199993855068715
44,5,8,0.02991692354289513
44,5,9,0.04200000105053388
44,5,10,0.04038031668673093
44,6,1,0.04111903471505345
44,6,2,0.05333817860476385
44,6,3,0.04197203367266689
44,6,4,0.04199997697982255
44,6,5,0.020018106200586857
44,6,6,0.041999993715945705
44,6,7,0.04200000226346787
44,6,8,0.02609742381482582
44,6,9,0.03262020797379323
44,6,10,0.041999970389546205
44,7,1,0.04200039080559787
44,7,2,0.050529816768675566
44,7,3,0.04717268150038372
44,7,4,0.04199994667352062
44,7,5,0.041999770303336494
44,7,6,0.042000022450408674
44,7,7,0.05061972728489149
44,7,8,0.07350555775564153
44,7,9,0.03805828106150984
44,7,10,0.041999989743446556
44,8,1,0.041999587910819015
44,8,2,0.07619802721270623
44,8,3,0.03682690614455137
44,8,4,0.04199996720846152
44,8,5,0.041999998341882706
44,8,6,0.04199997223997539
44,8,7,0.036285698127444074
44,8,8,-0.033000000933794335
44,8,9,0.05532150405952589
44,8,10,0.0419999973146907
44,9,1,0.0419999977333653
44,9,2,-0.032999999814611464
44,9,3,0.04199999832525504
44,9,4,0.041999997348975374
44,9,5,0.04199999892716616
44,9,6,0.04199999936044313
44,9,7,0.03909457310784614
44,9,8,0.042000001098488476
44,9,9,-0.032999993337888785
44,9,10,0.11699995853464681
44,10,1,0.04200000095767224
44,10,2,0.04200000011744931
44,10,3,0.10373645146438311
44,10,4,0.08674341778540218
44,10,5,0.042000000738029654
44,10,6,0.04199999984162367
44,10,7,0.042000038751406565
44,10,8,0.11699999654839374
44,10,9,0.09986540144196251
44,10,10,0.04200000752478393
44,11,1,0.04200000296235204
44,11,2,0.11699998915594952
44,11,3,-0.019736449786941525
44,11,4,-0.0027433849305178635
44,11,5,0.042000006617448335
44,11,6,0.04199999987346714
44,11,7,0.041999972305057004
44,11,8,0.042000002532936266
44,11,9,-0.015865400491048585
44,11,10,-0.032999991290031734
44,12,1,0.07894257079901712
44,12,2,0.042000002287769456
44,12,3,0.07976091938372622
44,12,4,0.11699996671868958
44,12,5,0.11699999003910168
44,12,6,0.11699999768420145
44,12,7,0.08275709657589664
44,12,8,-0.03299999954072052
44,12,9,0.07975852422602954
44,12,10,0.07914531306683899
44,13,1,0.07816470656437431
44,13,2,-0.03299999079077998
44,13,3,0.07923901988750902
44,13,4,-0.032999998745671166
44,13,5,-0.0329999987945111
44,13,6,-0.032999994492679104
44,13,7,0.07624288945494839
44,13,8,0.0419999995643016
44,13,9,0.07924141392463646
44,13,10,0.07985468317701373
44,14,1,0.043892716023236474
44,14,2,0.0707322720499865
44,14,3,0.04200005934998461
44,14,4,0.11699999073306058
44,14,5,0.11699999809325518
44,14,6,0.11699999609390709
44,14,7,0.02876477449941771
44,14,8,0.04199999929288749
44,14,9,0.04200006068946701
44,14,10,-0.03299999344520854
44,15,1,-0.009274598249398278
44,15,2,0.0505589775511961
44,15,3,0.04199999887619457
44,15,4,0.04200000646839438
44,15,5,0.04200000026328188
44,15,6,0.041999998041060645
44,15,7,0.05523522021147488
44,15,8,0.042000002970493305
44,15,9,0.042000000339317535
44,15,10,0.06381118437291615
44,16,1,0.09327459911084673
44,16,2,0.00470874899086208
44,16,3,0.038378805987635344
44,16,4,0.04200000058025924
44,16,5,0.024147783382987894
44,16,6,0.021364601152268053
44,16,7,-0.011206816376882502
44,16,8,0.062175748581454526
44,16,9,0.0200317638678797
44,16,10,0.02018881192123712
44,17,1,0.04199999968721237
44,17,2,0.057881522759751836
44,17,3,0.041380924011807325
44,17,4,0.022919199009061402
44,17,5,0.04390342783175121
44,17,6,0.04052495003195654
44,17,7,0.02599598967801073
44,17,8,0.0705209821570918
44,17,9,-0.011031737169956545
44,17,10,0.04200000004908467
44,18,1,0.04199997287877991
44,18,2,0.03322894151698664
44,18,3,0.046240268977436556
44,18,4,-0.001788818596376604
44,18,5,0.057948769691136326
44,18,6,0.052016188405183954
44,18,7,0.04427796390447168
44,18,8,0.06830325158612194
44,18,9,0.07944337952434441
44,18,10,0.04271206610720652
44,19,1,0.04200002755411875
44,19,2,0.034889617655201315
44,19,3,0.04200000281964206
44,19,4,0.10486961847455686
44,19,5,0.042000019518444134
44,19,6,0.05409426313796785
44,19,7,0.10893286243127435
44,19,8,0.042000013266672305
44,19,9,0.0795565936804545
44,19,10,0.04214230139131911
44,20,1,-0.03300000007980662
44,20,2,0.04199994417261685
44,20,3,-0.03299999618918934
44,20,4,-0.03299999997017702
44,20,5,-0.03299999891149523
44,20,6,-0.03299999957079363
44,20,7,-0.032999994302372694
44,20,8,-0.03299999965015889
44,20,9,-0.03299999954258699
44,20,10,0.04114564715552673
44,21,1,0.04199999994791092
44,21,2,0.11699997241138396
44,21,3,0.04200017754272645
44,21,4,0.043543766567898747
44,21,5,0.05101504867775442
44,21,6,0.05101518760703253
44,21,7,0.051014068524401525
44,21,8,0.04200000008024033
44,21,9,0.04200000216533189
44,21,10,0.046150967580904395
44,22,1,0.041999999844072204
44,22,2,-0.03300000004469245
44,22,3,0.041999830425033004
44,22,4,0.046586138903381584
44,22,5,0.05402715782949929
44,22,6,0.05402943205909891
44,22,7,0.05402838713413581
44,22,8,0.11699985328319594
44,22,9,0.0419999983750189
44,22,10,0.05639248526467062
44,23,1,0.09300359898001907
44,23,2,0.11699999987698101
44,23,3,0.04964267788407625
44,23,4,0.08856888667724029
44,23,5,0.0959577947250143
44,23,6,0.09595538046913399
44,23,7,0.09595754523847139
44,23,8,0.04200014532957787
44,23,9,0.10815376533312497
44,23,10,0.09845636509261547
44,24,1,-0.009003598390353999
44,24,2,-0.03299999974877748
44,24,3,0.03435731154787951
44,24,4,-0.01069879228325532
44,24,5,-0.03299999909335093
44,24,6,-0.03299999955794327
44,24,7,-0.033000000914846464
44,24,8,-0.033000001234721896
44,24,9,-0.024153764094549578
44,24,10,-0.03299983179124513
45,1,1,0.042
45,1,2,0.04199999994907227
45,1,3,0.04199999997657913
45,1,4,0.042
45,1,5,0.0419999999788252
45,1,6,0.042
45,1,7,0.042
45,1,8,0.042
45,1,9,0.042
45,1,10,0.04199999998288968
45,2,1,0.041999999984585895
45,2,2,0.042
45,2,3,0.04199999993273444
45,2,4,0.0419999999721837
45,2,5,0.04199999993137499
45,2,6,0.04199999996217757
45,2,7,0.04199999996509134
45,2,8,0.04199999999659791
45,2,9,0.042
45,2,10,0.042
45,3,1,0.041999999945634955
45,3,2,0.041999999986948436
45,3,3,0.042
45,3,4,0.0419999999463922
45,3,5,0.041999999991908274
45,3,6,0.041999999949489
45,3,7,0.04199999996054678
45,3,8,0.041999999983799066
45,3,9,0.042
45,3,10,0.042
45,4,1,0.042
45,4,2,0.04199999998109876
45,4,3,0.04199999996750721
45,4,4,0.042
45,4,5,0.042
45,4,6,0.04199999994695949
45,4,7,0.042
45,4,8,0.04199999998114863
45,4,9,0.041999999959053354
45,4,10,0.04199999999844172
45,5,1,0.041999999980781515
45,5,2,0.04199999995754095
45,5,3,0.042
45,5,4,0.042
45,5,5,0.041999999972537824
45,5,6,0.042
45,5,7,0.04199999995291519
45,5,8,0.04199999997119059
45,5,9,0.042
45,5,10,0.042
45,6,1,0.04199999999757274
45,6,2,0.041999999984219036
45,6,3,0.04199999998303029
45,6,4,0.041999999989360166
45,6,5,0.04199999998858717
45,6,6,0.04199999995679494
45,6,7,0.04199999999841093
45,6,8,0.041999999996156626
45,6,9,0.042
45,6,10,0.042
45,7,1,0.04199999998297473
45,7,2,0.042
45,7,3,0.04199999999696116
45,7,4,0.042
45,7,5,0.042
45,7,6,0.04199999998815725
45,7,7,0.04199999997998295
45,7,8,0.04199999997065236
45,7,9,0.04199999997341832
45,7,10,0.041999999992591616
45,8,1,0.0419999999541624
45,8,2,0.04199999998408488
45,8,3,0.042
45,8,4,0.04199999998956361
45,8,5,0.042
45,8,6,0.04199999996482733
45,8,7,0.0419999999879416
45,8,8,0.042
45,8,9,0.042
45,8,10,0.041999999969606606
45,9,1,0.04199999995559026
45,9,2,0.042
45,9,3,0.04199999997221449
45,9,4,0.042
45,9,5,0.042
45,9,6,0.042
45,9,7,0.04199999997117796
45,9,8,0.04199999994854441
45,9,9,0.042
45,9,10,0.042
45,10,1,0.041999999980182334
45,10,2,0.04199999997276309
45,10,3,0.04199999996715172
45,10,4,0.04199999997547259
45,10,5,0.042
45,10,6,0.04199999995280252
45,10,7,0.041999999956640784
45,10,8,0.041999999987517134
45,10,9,0.041999999981926786
45,10,10,0.04199999999460551
45,11,1,0.042
45,11,2,0.042
45,11,3,0.04199999998373891
45,11,4,0.04199999994278633
45,11,5,0.04199999998087202
45,11,6,0.042
45,11,7,0.042
45,11,8,0.042
45,11,9,0.041999999974142166
45,11,10,0.04199999998503331
45,12,1,0.042
45,12,2,0.041999999969598835
45,12,3,0.04199999999468697
45,12,4,0.04199999999994759
45,12,5,0.04199999997118822
45,12,6,0.04199999995054857
45,12,7,0.041999999995108964
45,12,8,0.041999999964921875
45,12,9,0.04199999999052327
45,12,10,0.04199999997381526
45,13,1,0.04199999997964898
45,13,2,0.042
45,13,3,0.041999999946950375
45,13,4,0.042
45,13,5,0.042
45,13,6,0.042
45,13,7,0.042
45,13,8,0.042
45,13,9,0.04199999999871987
45,13,10,0.042
45,14,1,0.042
45,14,2,0.04199999998298997
45,14,3,0.04199999997993052
45,14,4,0.04199999997454494
45,14,5,0.04199999998860518
45,14,6,0.04199999994721325
45,14,7,0.041999999946851656
45,14,8,0.04199999997694028
45,14,9,0.042
45,14,10,0.04199999993120897
45,15,1,0.04199999999829429
45,15,2,0.042
45,15,3,0.04199999999551554
45,15,4,0.041999999990854214
45,15,5,0.042
45,15,6,0.042
45,15,7,0.041999999966922955
45,15,8,0.041999999958400466
45,15,9,0.042
45,15,10,0.04199999997851115
45,16,1,0.04199999999884975
45,16,2,0.04199999999032472
45,16,3,0.04199999997638351
45,16,4,0.041999999952357106
45,16,5,0.042
45,16,6,0.0419999999414932
45,16,7,0.042
45,16,8,0.04199999995945963
45,16,9,0.041999999972905586
45,16,10,0.042
45,17,1,0.04199999993366657
45,17,2,0.04199999998182261
45,17,3,0.042
45,17,4,0.042
45,17,5,0.04199999995639325
45,17,6,0.042
45,17,7,0.04199999997455224
45,17,8,0.042
45,17,9,0.04199999998522155
45,17,10,0.041999999985270015
45,18,1,0.042
45,18,2,0.04199999993620942
45,18,3,0.041999999966780936
45,18,4,0.04199999995992446
45,18,5,0.042
45,18,6,0.04199999993838699
45,18,7,0.041999999980515325
45,18,8,0.0419999999996698
45,18,9,0.04199999999586897
45,18,10,0.041999999991215
45,19,1,0.04199999999633775
45,19,2,0.041999999971565
45,19,3,0.042
45,19,4,0.0419999999816404
45,19,5,0.042
45,19,6,0.04199999999958508
45,19,7,0.042
45,19,8,0.04199999995848188
45,19,9,0.04199999996848326
45,19,10,0.042
45,20,1,0.04199999997788955
45,20,2,0.04199999994040587
45,20,3,0.041999999979701524
45,20,4,0.042
45,20,5,0.04199999998567348
45,20,6,0.041999999979189885
45,20,7,0.04199999999713351
45,20,8,0.0419999999964308
45,20,9,0.041999999999366544
45,20,10,0.041999999990725734
45,21,1,0.041999999986694604
45,21,2,0.042
45,21,3,0.04199999997590244
45,21,4,0.04199999997820237
45,21,5,0.0419999999808484
45,21,6,0.04199999996579602
45,21,7,0.042
45,21,8,0.04199999999505321
45,21,9,0.04199999997783444
45,21,10,0.041999999982042235
45,22,1,0.042
45,22,2,0.04199999997151685
45,22,3,0.041999999994062176
45,22,4,0.042
45,22,5,0.04199999995747333
45,22,6,0.04199999999107448
45,22,7,0.042
45,22,8,0.041999999979942165
45,22,9,0.042
45,22,10,0.042
45,23,1,0.042
45,23,2,0.041999999973851926
45,23,3,0.041999999972476186
45,23,4,0.041999999981821044
45,23,5,0.04199999992825787
45,23,6,0.041999999976196536
45,23,7,0.041999999956759765
45,23,8,0.04199999999969385
45,23,9,0.041999999956398616
45,23,10,0.042
45,24,1,0.04199999997120787
45,24,2,0.042
45,24,3,0.042
45,24,4,0.04199999994741782
45,24,5,0.041999999930415303
45,24,6,0.04199999996517527
45,24,7,0.04199999999162058
45,24,8,0.042
45,24,9,0.0419999999582194
45,24,10,0.042
47,1,1,0.04499999964325779
47,1,2,0.044999999952452074
47,1,3,0.045
47,1,4,0.045
47,1,5,0.04499999984238712
47,1,6,0.04499999914384367
47,1,7,0.045
47,1,8,0.044999999683526304
47,1,9,0.045
47,1,10,0.045
47,2,1,0.045
47,2,2,0.045
47,2,3,0.04499999947403538
47,2,4,0.04499999995441256
47,2,5,0.04499999993356035
47,2,6,0.04499999900468332
47,2,7,0.045
47,2,8,0.045
47,2,9,0.0449999995865617
47,2,10,0.045
47,3,1,0.045
47,3,2,0.045
47,3,3,0.04499999927597392
47,3,4,0.045
47,3,5,0.044999999637052035
47,3,6,0.044999999509578836
47,3,7,0.04499999865342574
47,3,8,0.045
47,3,9,0.045
47,3,10,0.045
47,4,1,0.044999999363535936
47,4,2,0.045
47,4,3,0.045
47,4,4,0.04499999980817787
47,4,5,0.045
47,4,6,0.04499999923714443
47,4,7,0.04499999902001839
47,4,8,0.045
47,4,9,0.044999999197309404
47,4,10,0.04499999898346574
47,5,1,0.045
47,5,2,0.044999999292889004
47,5,3,0.045
47,5,4,0.045
47,5,5,0.045
47,5,6,0.045
47,5,7,0.044999999897842924
47,5,8,0.04499999905205887
47,5,9,0.04499999875636712
47,5,10,0.045
47,6,1,0.045
47,6,2,0.044999998727083046
47,6,3,0.045
47,6,4,0.044999999801372426
47,6,5,0.044999999910770305
47,6,6,0.04499999847147551
47,6,7,0.0449999990769564
47,6,8,0.045
47,6,9,0.045
47,6,10,0.045
47,7,1,0.044999999605215335
47,7,2,0.04499999978387442
47,7,3,0.045
47,7,4,0.045
47,7,5,0.04499999994630183
47,7,6,0.045
47,7,7,0.044999999194793416
47,7,8,0.045
47,7,9,0.04499999987339637
47,7,10,0.04499999906202834
47,8,1,0.045
47,8,2,0.044999999559555304
47,8,3,0.045
47,8,4,0.045
47,8,5,0.045
47,8,6,0.045
47,8,7,0.044999999991382045
47,8,8,0.045
47,8,9,0.045
47,8,10,0.04499999933689253
47,9,1,0.04499999907503714
47,9,2,0.04499999980316982
47,9,3,0.045
47,9,4,0.04499999997767895
47,9,5,0.045
47,9,6,0.04499999903960814
47,9,7,0.04499999893746648
47,9,8,0.04499999887479167
47,9,9,0.04499999977692326
47,9,10,0.045
47,10,1,0.045
47,10,2,0.045
47,10,3,0.044999998689080445
47,10,4,0.044999999762524
47,10,5,0.04499999996105619
47,10,6,0.044999999590127904
47,10,7,0.045
47,10,8,0.045
47,10,9,0.045
47,10,10,0.045
47,11,1,0.045
47,11,2,0.04499999999309646
47,11,3,0.045
47,11,4,0.04499999879592459
47,11,5,0.044999999232721695
47,11,6,0.04499999992524467
47,11,7,0.04499999947937326
47,11,8,0.04499999925999311
47,11,9,0.045
47,11,10,0.04499999887000922
47,12,1,0.045
47,12,2,0.044999999774223226
47,12,3,0.045
47,12,4,0.045
47,12,5,0.045
47,12,6,0.04499999815307218
47,12,7,0.045
47,12,8,0.045
47,12,9,0.04499999951387791
47,12,10,0.044999999743021595
47,13,1,0.045
47,13,2,0.045
47,13,3,0.045
47,13,4,0.045
47,13,5,0.044999999930758816
47,13,6,0.045
47,13,7,0.045
47,13,8,0.04499999988996012
47,13,9,0.045
47,13,10,0.0449999996344642
47,14,1,0.044999999986445965
47,14,2,0.04499999958688264
47,14,3,0.04499999957562273
47,14,4,0.045
47,14,5,0.045
47,14,6,0.045
47,14,7,0.045
47,14,8,0.045
47,14,9,0.045
47,14,10,0.045
47,15,1,0.044999999922150924
47,15,2,0.044999999358517444
47,15,3,0.04499999954476257
47,15,4,0.04499999991945737
47,15,5,0.04499999991618209
47,15,6,0.04499999991756155
47,15,7,0.045
47,15,8,0.045
47,15,9,0.045
47,15,10,0.04499999902090129
47,16,1,0.04499999942189242
47,16,2,0.045
47,16,3,0.04499999976219571
47,16,4,0.045
47,16,5,0.045
47,16,6,0.044999999738736085
47,16,7,0.044999999332997476
47,16,8,0.045
47,16,9,0.045
47,16,10,0.045
47,17,1,0.045
47,17,2,0.04499999999476634
47,17,3,0.045
47,17,4,0.044999999532315926
47,17,5,0.04499999892233941
47,17,6,0.04499999957410544
47,17,7,0.045
47,17,8,0.045
47,17,9,0.045
47,17,10,0.04499999975302138
47,18,1,0.04499999948848166
47,18,2,0.045
47,18,3,0.04499999903320745
47,18,4,0.045
47,18,5,0.045
47,18,6,0.04499999935573201
47,18,7,0.045
47,18,8,0.044999999570213
47,18,9,0.045
47,18,10,0.044999999967102966
47,19,1,0.0449999994309036
47,19,2,0.0449999999986761
47,19,3,0.045
47,19,4,0.045
47,19,5,0.04499999974419383
47,19,6,0.04499999977155422
47,19,7,0.045
47,19,8,0.045
47,19,9,0.045
47,19,10,0.045
47,20,1,0.045
47,20,2,0.045
47,20,3,0.045
47,20,4,0.045
47,20,5,0.045
47,20,6,0.04499999979372943
47,20,7,0.045
47,20,8,0.044999999323295126
47,20,9,0.044999999771335786
47,20,10,0.044999999469714225
47,21,1,0.04499999951674677
47,21,2,0.045
47,21,3,0.04499999988864528
47,21,4,0.04499999954130718
47,21,5,0.04499999903066715
47,21,6,0.045
47,21,7,0.045
47,21,8,0.04499999984474312
47,21,9,0.04499999985404446
47,21,10,0.045
47,22,1,0.04499999980805525
47,22,2,0.045
47,22,3,0.045
47,22,4,0.045
47,22,5,0.045
47,22,6,0.045
47,22,7,0.04499999897337392
47,22,8,0.045
47,22,9,0.04499999953585121
47,22,10,0.045
47,23,1,0.045
47,23,2,0.044999999967734405
47,23,3,0.04499999996118309
47,23,4,0.04499999958457074
47,23,5,0.04499999986930425
47,23,6,0.045
47,23,7,0.04499999969830265
47,23,8,0.04499999977165048
47,23,9,0.045
47,23,10,0.04499999952219241
47,24,1,0.044999998296865296
47,24,2,0.045
47,24,3,0.0449999993480332
47,24,4,0.044999999863657936
47,24,5,0.04499999926722403
47,24,6,0.045
47,24,7,0.04499999936299759
47,24,8,0.044999999112767836
47,24,9,0.04499999960255252
47,24,10,0.045
49,1,1,0.132
49,1,2,0.13199999973501408
49,1,3,0.1319999996256181
49,1,4,0.132
49,1,5,0.132
49,1,6,0.132
49,1,7,0.132
49,1,8,0.132
49,1,9,0.13199999999186007
49,1,10,0.13199999930567136
49,2,1,0.13199999937860032
49,2,2,0.13199999885003919
49,2,3,0.132
49,2,4,0.132
49,2,5,0.13199999983883054
49,2,6,0.132
49,2,7,0.13199999943845409
49,2,8,0.132
49,2,9,0.132
49,2,10,0.132
49,3,1,0.13199999939412047
49,3,2,0.1319999999903274
49,3,3,0.13199999999597137
49,3,4,0.1319999999291212
49,3,5,0.13199999973583917
49,3,6,0.132
49,3,7,0.132
49,3,8,0.13199999921404132
49,3,9,0.131999999807021
49,3,10,0.1319999991902267
49,4,1,0.132
49,4,2,0.132
49,4,3,0.132
49,4,4,0.13199999983205948
49,4,5,0.13199999991351638
49,4,6,0.132
49,4,7,0.1319999999441249
49,4,8,0.13199999980658553
49,4,9,0.132
49,4,10,0.132
49,5,1,0.13199999985102975
49,5,2,0.132
49,5,3,0.13199999960500292
49,5,4,0.132
49,5,5,0.13199999916292476
49,5,6,0.13199999959862196
49,5,7,0.13199999989653263
49,5,8,0.132
49,5,9,0.132
49,5,10,0.1319999995348255
49,6,1,0.132
49,6,2,0.132
49,6,3,0.13199999982405175
49,6,4,0.13199999973521412
49,6,5,0.13199999993086847
49,6,6,0.132
49,6,7,0.132
49,6,8,0.1319999996455154
49,6,9,0.13199999971942464
49,6,10,0.13199999976364357
49,7,1,0.132
49,7,2,0.13199999963048478
49,7,3,0.132
49,7,4,0.13199999898945264
49,7,5,0.132
49,7,6,0.131999999928025
49,7,7,0.132
49,7,8,0.1319999993042204
49,7,9,0.132
49,7,10,0.132
49,8,1,0.1319999993682101
49,8,2,0.132
49,8,3,0.13199999990001876
49,8,4,0.13199999938074547
49,8,5,0.13199999997455047
49,8,6,0.13199999910658547
49,8,7,0.13199999995385725
49,8,8,0.132
49,8,9,0.1319999999158764
49,8,10,0.13199999988820202
49,9,1,0.132
49,9,2,0.132
49,9,3,0.132
49,9,4,0.13199999979484442
49,9,5,0.13199999965906195
49,9,6,0.132
49,9,7,0.132
49,9,8,0.13199999984843414
49,9,9,0.13199999962246
49,9,10,0.1319999997506754
49,10,1,0.13199999925590788
49,10,2,0.13199999961600914
49,10,3,0.132
49,10,4,0.132
49,10,5,0.13199999999755335
49,10,6,0.132
49,10,7,0.13199999936978607
49,10,8,0.13199999946476737
49,10,9,0.13199999988501074
49,10,10,0.132
49,11,1,0.132
49,11,2,0.132
49,11,3,0.13199999955264505
49,11,4,0.132
49,11,5,0.132
49,11,6,0.132
49,11,7,0.132
49,11,8,0.13199999974185544
49,11,9,0.13199999968356518
49,11,10,0.132
49,12,1,0.13199999925750222
49,12,2,0.132
49,12,3,0.13199999984549043
49,12,4,0.131999999532744
49,12,5,0.1319999992597779
49,12,6,0.132
49,12,7,0.13199999950326105
49,12,8,0.13199999935190299
49,12,9,0.132
49,12,10,0.132
49,13,1,0.13199999905036996
49,13,2,0.132
49,13,3,0.132
49,13,4,0.132
49,13,5,0.1319999995723612
49,13,6,0.13199999882174637
49,13,7,0.1319999992704501
49,13,8,0.13199999981469246
49,13,9,0.1319999998665657
49,13,10,0.13199999957322417
49,14,1,0.132
49,14,2,0.13199999959284192
49,14,3,0.132
49,14,4,0.13199999971028195
49,14,5,0.132
49,14,6,0.1319999999394937
49,14,7,0.131999999610808
49,14,8,0.13199999957596842
49,14,9,0.13199999896387776
49,14,10,0.13199999954782693
49,15,1,0.1319999995313607
49,15,2,0.132
49,15,3,0.1319999993580134
49,15,4,0.132
49,15,5,0.13199999983497235
49,15,6,0.132
49,15,7,0.132
49,15,8,0.13199999940817309
49,15,9,0.13199999991114159
49,15,10,0.132
49,16,1,0.132
49,16,2,0.132
49,16,3,0.13199999937680196
49,16,4,0.1319999998105412
49,16,5,0.131999999931223
49,16,6,0.132
49,16,7,0.132
49,16,8,0.132
49,16,9,0.1319999992624178
49,16,10,0.13199999968055434
49,17,1,0.13199999974309728
49,17,2,0.1319999999603808
49,17,3,0.132
49,17,4,0.132
49,17,5,0.132
49,17,6,0.132
49,17,7,0.1319999999446749
49,17,8,0.1319999994297005
49,17,9,0.13199999898048254
49,17,10,0.132
49,18,1,0.132
49,18,2,0.132
49,18,3,0.132
49,18,4,0.13199999949893157
49,18,5,0.132
49,18,6,0.132
49,18,7,0.132
49,18,8,0.132
49,18,9,0.13199999978616322
49,18,10,0.13199999937103413
49,19,1,0.13199999996049464
49,19,2,0.1319999996682354
49,19,3,0.13199999957178135
49,19,4,0.132
49,19,5,0.132
49,19,6,0.13199999943041718
49,19,7,0.132
49,19,8,0.1319999999504424
49,19,9,0.13199999923835581
49,19,10,0.131999999585159
49,20,1,0.13199999967748868
49,20,2,0.13199999965914577
49,20,3,0.13199999987133115
49,20,4,0.13199999996569667
49,20,5,0.13199999959715236
49,20,6,0.13199999978644017
49,20,7,0.13199999966116782
49,20,8,0.132
49,20,9,0.13199999994748535
49,20,10,0.132
49,21,1,0.132
49,21,2,0.1319999989608806
49,21,3,0.132
49,21,4,0.132
49,21,5,0.132
49,21,6,0.132
49,21,7,0.13199999982967084
49,21,8,0.13199999976968335
49,21,9,0.1319999998367822
49,21,10,0.13199999990589184
49,22,1,0.132
49,22,2,0.13199999975540333
49,22,3,0.132
49,22,4,0.132
49,22,5,0.131999999792048
49,22,6,0.132
49,22,7,0.132
49,22,8,0.132
49,22,9,0.132
49,22,10,0.13199999913295696
49,23,1,0.13199999975820165
49,23,2,0.132
49,23,3,0.132
49,23,4,0.132
49,23,5,0.13199999976707455
49,23,6,0.1319999995162208
49,23,7,0.132
49,23,8,0.13199999985922617
49,23,9,0.13199999970263873
49,23,10,0.13199999975888732
49,24,1,0.13199999982269373
49,24,2,0.13199999959500197
49,24,3,0.132
49,24,4,0.13199999988170882
49,24,5,0.132
49,24,6,0.132
49,24,7,0.13199999987360123
49,24,8,0.132
49,24,9,0.13199999987666777
49,24,10,0.1319999989009507
50,1,1,0.04199999959877583
50,1,2,0.042
50,1,3,0.042
50,1,4,0.0419999994771373
50,1,5,0.04199999882784679
50,1,6,0.041999999917531505
50,1,7,0.042
50,1,8,0.042
50,1,9,0.04199999993413092
50,1,10,0.042
50,2,1,0.041999999341492206
50,2,2,0.042
50,2,3,0.042
50,2,4,0.04199999955429044
50,2,5,0.042
50,2,6,0.0419999989908182
50,2,7,0.042
50,2,8,0.04199999967373261
50,2,9,0.04199999985899072
50,2,10,0.04199999981715459
50,3,1,0.042
50,3,2,0.042
50,3,3,0.042
50,3,4,0.042
50,3,5,0.042
50,3,6,0.04199999897329117
50,3,7,0.042
50,3,8,0.042
50,3,9,0.042
50,3,10,0.042
50,4,1,0.04199999982496098
50,4,2,0.04199999851122829
50,4,3,0.041999999462079565
50,4,4,0.042
50,4,5,0.041999999504538685
50,4,6,0.04199999971758195
50,4,7,0.042
50,4,8,0.042
50,4,9,0.0419999997124967
50,4,10,0.041999999558418946
50,5,1,0.04199999998794915
50,5,2,0.04199999947609476
50,5,3,0.042
50,5,4,0.0419999995234438
50,5,5,0.042
50,5,6,0.042
50,5,7,0.041999999266601806
50,5,8,0.042
50,5,9,0.04199999963227642
50,5,10,0.042
50,6,1,0.041999999318274986
50,6,2,0.04199999979526493
50,6,3,0.0419999996195817
50,6,4,0.042
50,6,5,0.041999999942536614
50,6,6,0.0419999997016267
50,6,7,0.042
50,6,8,0.042
50,6,9,0.04199999986730518
50,6,10,0.042
50,7,1,0.04199999999920474
50,7,2,0.04199999972689657
50,7,3,0.0419999987257257
50,7,4,0.042
50,7,5,0.041999998919859644
50,7,6,0.042
50,7,7,0.042
50,7,8,0.042
50,7,9,0.04199999944099289
50,7,10,0.04199999924424211
50,8,1,0.04199999989121088
50,8,2,0.04199999980651689
50,8,3,0.04199999927318611
50,8,4,0.042
50,8,5,0.04199999994645265
50,8,6,0.042
50,8,7,0.042
50,8,8,0.042
50,8,9,0.042
50,8,10,0.042
50,9,1,0.04199999989030889
50,9,2,0.042
50,9,3,0.042
50,9,4,0.042
50,9,5,0.04199999996512527
50,9,6,0.042
50,9,7,0.04199999997897669
50,9,8,0.04199999972156654
50,9,9,0.042
50,9,10,0.042
50,10,1,0.042
50,10,2,0.04199999970201301
50,10,3,0.041999999309091235
50,10,4,0.041999999294507435
50,10,5,0.042
50,10,6,0.042
50,10,7,0.042
50,10,8,0.042
50,10,9,0.042
50,10,10,0.0419999997583421
50,11,1,0.04199999987836997
50,11,2,0.04199999954192263
50,11,3,0.042
50,11,4,0.041999999443559644
50,11,5,0.04199999931568532
50,11,6,0.04199999882753824
50,11,7,0.04199999989992498
50,11,8,0.04199999967843815
50,11,9,0.041999999639883906
50,11,10,0.04199999944854019
50,12,1,0.042
50,12,2,0.042
50,12,3,0.041999999793173315
50,12,4,0.042
50,12,5,0.042
50,12,6,0.04199999996765752
50,12,7,0.042
50,12,8,0.041999999929678844
50,12,9,0.042
50,12,10,0.04199999973207019
50,13,1,0.042
50,13,2,0.04199999945651901
50,13,3,0.042
50,13,4,0.04199999985612701
50,13,5,0.042
50,13,6,0.042
50,13,7,0.042
50,13,8,0.042
50,13,9,0.042
50,13,10,0.042
50,14,1,0.041999999751033634
50,14,2,0.042
50,14,3,0.042
50,14,4,0.041999999447401126
50,14,5,0.04199999985413305
50,14,6,0.04199999955532585
50,14,7,0.042
50,14,8,0.042
50,14,9,0.042
50,14,10,0.042
50,15,1,0.042
50,15,2,0.041999999478190275
50,15,3,0.042
50,15,4,0.04199999956392225
50,15,5,0.042
50,15,6,0.04199999925809353
50,15,7,0.04199999954594111
50,15,8,0.042
50,15,9,0.041999999428958545
50,15,10,0.042
50,16,1,0.041999999491321514
50,16,2,0.042
50,16,3,0.042
50,16,4,0.042
50,16,5,0.04199999966024766
50,16,6,0.04199999902996346
50,16,7,0.0419999995438291
50,16,8,0.04199999920214856
50,16,9,0.042
50,16,10,0.042
50,17,1,0.041999999928861276
50,17,2,0.04199999973983944
50,17,3,0.04199999985135783
50,17,4,0.04199999933256543
50,17,5,0.04199999996347993
50,17,6,0.04199999985570521
50,17,7,0.04199999971308478
50,17,8,0.042
50,17,9,0.042
50,17,10,0.0419999999487969
50,18,1,0.042
50,18,2,0.041999999615244143
50,18,3,0.041999998928808485
50,18,4,0.042
50,18,5,0.04199999961608404
50,18,6,0.042
50,18,7,0.04199999880765867
50,18,8,0.042
50,18,9,0.04199999965455456
50,18,10,0.042
50,19,1,0.0419999999979091
50,19,2,0.041999999992619816
50,19,3,0.042
50,19,4,0.04199999945976947
50,19,5,0.04199999968980314
50,19,6,0.042
50,19,7,0.042
50,19,8,0.042
50,19,9,0.042
50,19,10,0.041999999947923417
50,20,1,0.042
50,20,2,0.04199999989475822
50,20,3,0.04199999960643008
50,20,4,0.042
50,20,5,0.042
50,20,6,0.042
50,20,7,0.04199999986972547
50,20,8,0.04199999951689343
50,20,9,0.042
50,20,10,0.04199999996822146
50,21,1,0.04199999971540262
50,21,2,0.042
50,21,3,0.042
50,21,4,0.0419999999385373
50,21,5,0.042
50,21,6,0.04199999959370526
50,21,7,0.042
50,21,8,0.042
50,21,9,0.042
50,21,10,0.042
50,22,1,0.042
50,22,2,0.04199999994784087
50,22,3,0.042
50,22,4,0.042
50,22,5,0.042
50,22,6,0.042
50,22,7,0.04199999976598934
50,22,8,0.042
50,22,9,0.041999999922915476
50,22,10,0.042
50,23,1,0.042
50,23,2,0.042
50,23,3,0.0419999994906847
50,23,4,0.041999999351162345
50,23,5,0.042
50,23,6,0.04199999955232506
50,23,7,0.041999999869705526
50,23,8,0.04199999990304194
50,23,9,0.041999999950502756
50,23,10,0.042
50,24,1,0.042
50,24,2,0.042
50,24,3,0.04199999948127936
50,24,4,0.04199999941709463
50,24,5,0.0419999999451478
50,24,6,0.041999999841298985
50,24,7,0.042
50,24,8,0.042
50,24,9,0.042
50,24,10,0.042
51,1,1,0.042
51,1,2,0.0419999996123992
51,1,3,0.042
51,1,4,0.041999999502859604
51,1,5,0.042
51,1,6,0.041999999831638386
51,1,7,0.04199999997315022
51,1,8,0.041999999369189904
51,1,9,0.04199999949411144
51,1,10,0.04199999929416374
51,2,1,0.042
51,2,2,0.04199999883881585
51,2,3,0.041999999291349926
51,2,4,0.042
51,2,5,0.042
51,2,6,0.042
51,2,7,0.04199999951620326
51,2,8,0.042
51,2,9,0.042
51,2,10,0.042
51,3,1,0.042
51,3,2,0.04199999912187688
51,3,3,0.042
51,3,4,0.042
51,3,5,0.042
51,3,6,0.04199999981920858
51,3,7,0.041999999843579716
51,3,8,0.042
51,3,9,0.041999999691418155
51,3,10,0.04199999875350933
51,4,1,0.042
51,4,2,0.042
51,4,3,0.042
51,4,4,0.042
51,4,5,0.042
51,4,6,0.04199999990897593
51,4,7,0.042
51,4,8,0.04199999968650306
51,4,9,0.041999999346919496
51,4,10,0.042
51,5,1,0.042
51,5,2,0.042
51,5,3,0.04199999885611145
51,5,4,0.042
51,5,5,0.042
51,5,6,0.04199999987353255
51,5,7,0.041999999958755974
51,5,8,0.04199999917069159
51,5,9,0.042
51,5,10,0.04199999931505386
51,6,1,0.042
51,6,2,0.04199999898361663
51,6,3,0.04199999983355234
51,6,4,0.042
51,6,5,0.04199999971126542
51,6,6,0.041999998606622145
51,6,7,0.04199999863235481
51,6,8,0.04199999937484696
51,6,9,0.04199999999175455
51,6,10,0.042
51,7,1,0.042
51,7,2,0.041999999926753566
51,7,3,0.042
51,7,4,0.04199999986711157
51,7,5,0.042
51,7,6,0.04199999895744662
51,7,7,0.04199999998762744
51,7,8,0.042
51,7,9,0.042
51,7,10,0.042
51,8,1,0.041999999298890436
51,8,2,0.042
51,8,3,0.042
51,8,4,0.04199999952261964
51,8,5,0.042
51,8,6,0.04199999894891456
51,8,7,0.041999999872982315
51,8,8,0.042
51,8,9,0.04199999946775146
51,8,10,0.04199999944556683
51,9,1,0.042
51,9,2,0.04199999927599084
51,9,3,0.04199999862573006
51,9,4,0.042
51,9,5,0.042
51,9,6,0.042
51,9,7,0.04199999917591224
51,9,8,0.042
51,9,9,0.04199999970801804
51,9,10,0.04199999973066715
51,10,1,0.041999999958711356
51,10,2,0.042
51,10,3,0.042
51,10,4,0.042
51,10,5,0.042
51,10,6,0.04199999949900994
51,10,7,0.042
51,10,8,0.041999999960746784
51,10,9,0.042
51,10,10,0.042
51,11,1,0.042
51,11,2,0.042
51,11,3,0.041999999037352256
51,11,4,0.042
51,11,5,0.042
51,11,6,0.042
51,11,7,0.041999999911519925
51,11,8,0.042
51,11,9,0.042
51,11,10,0.04199999975947669
51,12,1,0.04199999922372116
51,12,2,0.042
51,12,3,0.04199999993121167
51,12,4,0.042
51,12,5,0.0419999990402633
51,12,6,0.042
51,12,7,0.041999999300380564
51,12,8,0.042
51,12,9,0.04199999969122664
51,12,10,0.042
51,13,1,0.042
51,13,2,0.041999999481079894
51,13,3,0.04199999873079763
51,13,4,0.04199999913063335
51,13,5,0.04199999920008801
51,13,6,0.041999999432278216
51,13,7,0.042
51,13,8,0.041999999952101214
51,13,9,0.04199999931744963
51,13,10,0.042
51,14,1,0.042
51,14,2,0.04199999947211236
51,14,3,0.04199999922901687
51,14,4,0.042
51,14,5,0.042
51,14,6,0.042
51,14,7,0.04199999879251451
51,14,8,0.04199999945553512
51,14,9,0.042
51,14,10,0.04199999947631413
51,15,1,0.04199999991388812
51,15,2,0.042
51,15,3,0.04199999950287786
51,15,4,0.042
51,15,5,0.042
51,15,6,0.042
51,15,7,0.042
51,15,8,0.042
51,15,9,0.0419999997521148
51,15,10,0.04199999872833288
51,16,1,0.042
51,16,2,0.04199999880123873
51,16,3,0.04199999884567866
51,16,4,0.042
51,16,5,0.041999999804338224
51,16,6,0.04199999973114891
51,16,7,0.04199999950966676
51,16,8,0.042
51,16,9,0.04199999975495536
51,16,10,0.041999999295021156
51,17,1,0.041999999890295264
51,17,2,0.04199999999547691
51,17,3,0.041999998918124205
51,17,4,0.042
51,17,5,0.042
51,17,6,0.042
51,17,7,0.042
51,17,8,0.04199999927289895
51,17,9,0.042
51,17,10,0.041999999242779334
51,18,1,0.04199999967065909
51,18,2,0.042
51,18,3,0.041999999949096416
51,18,4,0.042
51,18,5,0.042
51,18,6,0.04199999947853376
51,18,7,0.042
51,18,8,0.04199999957664602
51,18,9,0.042
51,18,10,0.04199999867582066
51,19,1,0.042
51,19,2,0.041999999981730485
51,19,3,0.041999999307992975
51,19,4,0.04199999947424689
51,19,5,0.042
51,19,6,0.042
51,19,7,0.042
51,19,8,0.041999999940682466
51,19,9,0.041999999752891544
51,19,10,0.042
51,20,1,0.04199999975183409
51,20,2,0.042
51,20,3,0.0419999998786863
51,20,4,0.041999999638945296
51,20,5,0.04199999923670128
51,20,6,0.0419999996664161
51,20,7,0.042
51,20,8,0.04199999992997741
51,20,9,0.04199999974977753
51,20,10,0.042
51,21,1,0.041999999652775455
51,21,2,0.042
51,21,3,0.04199999959801674
51,21,4,0.04199999970735693
51,21,5,0.04199999964382658
51,21,6,0.042
51,21,7,0.042
51,21,8,0.042
51,21,9,0.042
51,21,10,0.041999998918303284
51,22,1,0.04199999952518631
51,22,2,0.042
51,22,3,0.04199999917370301
51,22,4,0.041999998575974855
51,22,5,0.041999999159673784
51,22,6,0.041999999964806405
51,22,7,0.04199999984588432
51,22,8,0.04199999939947246
51,22,9,0.0419999992357109
51,22,10,0.041999998693106895
51,23,1,0.0419999987899116
51,23,2,0.04199999997544633
51,23,3,0.0419999993637084
51,23,4,0.042
51,23,5,0.04199999946962373
51,23,6,0.041999999510829035
51,23,7,0.042
51,23,8,0.042
51,23,9,0.041999999918974705
51,23,10,0.04199999955287554
51,24,1,0.04199999956288003
51,24,2,0.04199999963663603
51,24,3,0.042
51,24,4,0.042
51,24,5,0.041999999132778854
51,24,6,0.041999999468326776
51,24,7,0.041999999884099415
51,24,8,0.041999999169540975
51,24,9,0.04199999943776478
51,24,10,0.04199999932987186
52,1,1,0.04199999977193889
52,1,2,0.041999999809439706
52,1,3,0.04199999979281358
52,1,4,0.04199999978064714
52,1,5,0.041999999803541556
52,1,6,0.04199999981040954
52,1,7,0.04199999978467109
52,1,8,0.04199999977576134
52,1,9,0.04199999979970394
52,1,10,0.04199999980998269
52,2,1,0.04199999981148096
52,2,2,0.04199999980200332
52,2,3,0.04199999979694893
52,2,4,0.04199999978580039
52,2,5,0.041999999801754305
52,2,6,0.04199999979335623
52,2,7,0.0419999997826052
52,2,8,0.04199999979372138
52,2,9,0.041999999803461224
52,2,10,0.04199999980108248
52,3,1,0.04199999978527606
52,3,2,0.0419999997988224
52,3,3,0.0419999998075192
52,3,4,0.04199999978711287
52,3,5,0.04199999980046385
52,3,6,0.041999999803324216
52,3,7,0.041999999788532104
52,3,8,0.041999999807080725
52,3,9,0.04199999980303444
52,3,10,0.04199999981530361
52,4,1,0.0419999998061915
52,4,2,0.041999999798227425
52,4,3,0.04199999981629118
52,4,4,0.04199999981138541
52,4,5,0.04199999980779084
52,4,6,0.04199999980166708
52,4,7,0.04199999980596554
52,4,8,0.04199999979115695
52,4,9,0.04199999979486694
52,4,10,0.04199999977095971
52,5,1,0.04199999980254283
52,5,2,0.04199999977950848
52,5,3,0.041999999791275576
52,5,4,0.04199999979391381
52,5,5,0.041999999802211196
52,5,6,0.04199999979739547
52,5,7,0.04199999981044655
52,5,8,0.041999999784790826
52,5,9,0.041999999798198275
52,5,10,0.04199999981066347
52,6,1,0.041999999802437196
52,6,2,0.04199999979884181
52,6,3,0.041999999771226655
52,6,4,0.04199999977820942
52,6,5,0.04199999978549278
52,6,6,0.041999999795598784
52,6,7,0.041999999789710994
52,6,8,0.041999999793489354
52,6,9,0.04199999981163703
52,6,10,0.041999999782090125
52,7,1,0.04199999982412045
52,7,2,0.04199999988248979
52,7,3,0.04199999981153795
52,7,4,0.041999999815788905
52,7,5,0.041999999795401914
52,7,6,0.041999999847485016
52,7,7,0.041999999698194776
52,7,8,0.04199999982819116
52,7,9,0.0419999998372502
52,7,10,0.042
52,8,1,0.04199999997392346
52,8,2,0.04199999983266808
52,8,3,0.042
52,8,4,0.04199999963684191
52,8,5,0.042
52,8,6,0.04199999999448127
52,8,7,0.042
52,8,8,0.042
52,8,9,0.042
52,8,10,0.041999999813733986
52,9,1,0.042
52,9,2,0.041999999349513054
52,9,3,0.042
52,9,4,0.042
52,9,5,0.0419999996702989
52,9,6,0.04199999984394384
52,9,7,0.04199999918407578
52,9,8,0.042
52,9,9,0.042
52,9,10,0.042
52,10,1,0.04199999993979188
52,10,2,0.042
52,10,3,0.042
52,10,4,0.04199999988343784
52,10,5,0.04199999998516057
52,10,6,0.042
52,10,7,0.042
52,10,8,0.041999999990985463
52,10,9,0.042
52,10,10,0.042
52,11,1,0.042
52,11,2,0.041999999881903526
52,11,3,0.042
52,11,4,0.041999999939152495
52,11,5,0.042
52,11,6,0.04199999969488839
52,11,7,0.0419999999719819
52,11,8,0.0419999998509191
52,11,9,0.041999999694768655
52,11,10,0.042
52,12,1,0.042
52,12,2,0.042
52,12,3,0.04199999999779042
52,12,4,0.041999999536914745
52,12,5,0.042
52,12,6,0.04199999997387988
52,12,7,0.04199999990771191
52,12,8,0.042
52,12,9,0.042
52,12,10,0.042
52,13,1,0.042
52,13,2,0.04199999973933927
52,13,3,0.041999999986168476
52,13,4,0.04199999948619572
52,13,5,0.04199999999654183
52,13,6,0.042
52,13,7,0.04199999992338837
52,13,8,0.04199999974705546
52,13,9,0.041999999935207
52,13,10,0.042
52,14,1,0.04199999977564227
52,14,2,0.042
52,14,3,0.041999999781276755
52,14,4,0.042
52,14,5,0.041999999898070704
52,14,6,0.042
52,14,7,0.04199999995171114
52,14,8,0.042
52,14,9,0.042
52,14,10,0.042
52,15,1,0.04199999949460625
52,15,2,0.041999999162151413
52,15,3,0.042
52,15,4,0.04199999998529937
52,15,5,0.041999999836376485
52,15,6,0.041999999852296965
52,15,7,0.0419999998696589
52,15,8,0.04199999995397901
52,15,9,0.042
52,15,10,0.042
52,16,1,0.04199999984543607
52,16,2,0.042
52,16,3,0.041999999844379514
52,16,4,0.042
52,16,5,0.042
52,16,6,0.042
52,16,7,0.042
52,16,8,0.041999999967684894
52,16,9,0.042
52,16,10,0.041999999993900944
52,17,1,0.041999999989207906
52,17,2,0.04199999995814823
52,17,3,0.042
52,17,4,0.042
52,17,5,0.04199999983759398
52,17,6,0.041999999831362024
52,17,7,0.04199999988836714
52,17,8,0.042
52,17,9,0.042
52,17,10,0.042
52,18,1,0.041999999790594475
52,18,2,0.04199999980117672
52,18,3,0.041999999813214846
52,18,4,0.04199999979850482
52,18,5,0.04199999981111079
52,18,6,0.04199999980564531
52,18,7,0.0419999997981461
52,18,8,0.0419999998091422
52,18,9,0.041999999827549025
52,18,10,0.04199999980396999
52,19,1,0.04199999979254363
52,19,2,0.04199999979537086
52,19,3,0.041999999820023524
52,19,4,0.04199999977418408
52,19,5,0.04199999979454696
52,19,6,0.04199999978527528
52,19,7,0.0419999997830651
52,19,8,0.04199999980581679
52,19,9,0.04199999979899888
52,19,10,0.04199999979169993
52,20,1,0.041999999798667406
52,20,2,0.041999999805900065
52,20,3,0.041999999783238054
52,20,4,0.04199999981347963
52,20,5,0.04199999980489357
52,20,6,0.041999999788889644
52,20,7,0.04199999980156161
52,20,8,0.041999999799677036
52,20,9,0.041999999807351564
52,20,10,0.04199999981371805
52,21,1,0.04199999981079614
52,21,2,0.04199999979852776
52,21,3,0.04199999978459475
52,21,4,0.041999999783219416
52,21,5,0.0419999998145599
52,21,6,0.041999999777191765
52,21,7,0.04199999978991181
52,21,8,0.04199999980043693
52,21,9,0.041999999812638175
52,21,10,0.04199999978739671
52,22,1,0.04199999978142882
52,22,2,0.04199999979453468
52,22,3,0.04199999977858211
52,22,4,0.04199999979441407
52,22,5,0.04199999978213191
52,22,6,0.04199999979422864
52,22,7,0.04199999978689373
52,22,8,0.041999999793950235
52,22,9,0.041999999809646194
52,22,10,0.041999999801124004
52,23,1,0.04199999981986256
52,23,2,0.04199999979521418
52,23,3,0.04199999980518132
52,23,4,0.04199999980237412
52,23,5,0.04199999978970759
52,23,6,0.041999999776031055
52,23,7,0.04199999979086661
52,23,8,0.04199999978944389
52,23,9,0.041999999807181956
52,23,10,0.04199999980822268
52,24,1,0.04199999977272651
52,24,2,0.041999999800647794
52,24,3,0.04199999948284626
52,24,4,0.041999999801254226
52,24,5,0.04199999980150962
52,24,6,0.04199999979006216
52,24,7,0.04199999979912123
52,24,8,0.04199999978681211
52,24,9,0.04199999978558914
52,24,10,0.0419999998153242
53,1,1,0.041999999765868115
53,1,2,0.042
53,1,3,0.041999999570163316
53,1,4,0.042
53,1,5,0.0419999999637173
53,1,6,0.04199999976487773
53,1,7,0.042
53,1,8,0.042
53,1,9,0.041999998759756074
53,1,10,0.042
53,2,1,0.04199999997264847
53,2,2,0.04199999986799954
53,2,3,0.041999999243935174
53,2,4,0.04199999970451687
53,2,5,0.04199999998121401
53,2,6,0.042
53,2,7,0.042
53,2,8,0.04199999938657285
53,2,9,0.041999999697310914
53,2,10,0.042
53,3,1,0.042
53,3,2,0.041999999848525385
53,3,3,0.042
53,3,4,0.042
53,3,5,0.04199999959590328
53,3,6,0.04199999953629126
53,3,7,0.042
53,3,8,0.04199999962016508
53,3,9,0.04199999980441753
53,3,10,0.042
53,4,1,0.04199999946495603
53,4,2,0.04199999933174926
53,4,3,0.042
53,4,4,0.042
53,4,5,0.04199999916134495
53,4,6,0.042
53,4,7,0.041999999876003793
53,4,8,0.042
53,4,9,0.042
53,4,10,0.042
53,5,1,0.042
53,5,2,0.04199999983737929
53,5,3,0.042
53,5,4,0.04199999947400036
53,5,5,0.04199999943265277
53,5,6,0.04199999964828209
53,5,7,0.04199999961696742
53,5,8,0.04199999974933896
53,5,9,0.041999999987881786
53,5,10,0.041999999232371604
53,6,1,0.04199999951354924
53,6,2,0.042
53,6,3,0.04199999990853892
53,6,4,0.042
53,6,5,0.04199999930761271
53,6,6,0.04199999986260802
53,6,7,0.042
53,6,8,0.04199999996406488
53,6,9,0.04199999967895285
53,6,10,0.041999999591820034
53,7,1,0.04199999978330042
53,7,2,0.041999999618610534
53,7,3,0.042
53,7,4,0.04199999958661489
53,7,5,0.041999999351042885
53,7,6,0.042
53,7,7,0.04199999934055089
53,7,8,0.04199999988608122
53,7,9,0.042
53,7,10,0.0419999996906367
53,8,1,0.042
53,8,2,0.042
53,8,3,0.0419999990632718
53,8,4,0.042
53,8,5,0.041999999240235994
53,8,6,0.042
53,8,7,0.042
53,8,8,0.04199999969543569
53,8,9,0.041999999568824845
53,8,10,0.042
53,9,1,0.042
53,9,2,0.042
53,9,3,0.04199999872235505
53,9,4,0.041999999426095655
53,9,5,0.042
53,9,6,0.041999999952486225
53,9,7,0.042
53,9,8,0.04199999982436635
53,9,9,0.042
53,9,10,0.042
53,10,1,0.04199999967017298
53,10,2,0.042
53,10,3,0.04199999841675464
53,10,4,0.041999999821936945
53,10,5,0.042
53,10,6,0.04199999924442231
53,10,7,0.04199999989959469
53,10,8,0.042
53,10,9,0.042
53,10,10,0.042
53,11,1,0.042
53,11,2,0.042
53,11,3,0.042
53,11,4,0.042
53,11,5,0.042
53,11,6,0.042
53,11,7,0.042
53,11,8,0.0419999999737069
53,11,9,0.04199999988972346
53,11,10,0.042
53,12,1,0.04199999949591858
53,12,2,0.042
53,12,3,0.041999999611551125
53,12,4,0.042
53,12,5,0.04199999985493029
53,12,6,0.041999999570909524
53,12,7,0.042
53,12,8,0.042
53,12,9,0.04199999967079096
53,12,10,0.042
53,13,1,0.04199999954364991
53,13,2,0.042
53,13,3,0.042
53,13,4,0.042
53,13,5,0.041999999623914167
53,13,6,0.04199999905790569
53,13,7,0.041999999910173724
53,13,8,0.042
53,13,9,0.042
53,13,10,0.042
53,14,1,0.04199999998195986
53,14,2,0.042
53,14,3,0.042
53,14,4,0.041999998716384226
53,14,5,0.042
53,14,6,0.042
53,14,7,0.042
53,14,8,0.041999999736661575
53,14,9,0.041999999413031994
53,14,10,0.04199999941793242
53,15,1,0.042
53,15,2,0.042
53,15,3,0.042
53,15,4,0.042
53,15,5,0.042
53,15,6,0.04199999922226809
53,15,7,0.041999999947383446
53,15,8,0.042
53,15,9,0.0419999998030305
53,15,10,0.042
53,16,1,0.041999999925421805
53,16,2,0.04199999934845387
53,16,3,0.04199999955625951
53,16,4,0.041999999415553185
53,16,5,0.042
53,16,6,0.042
53,16,7,0.042
53,16,8,0.042
53,16,9,0.04199999965749927
53,16,10,0.042
53,17,1,0.04199999996709465
53,17,2,0.042
53,17,3,0.04199999996672567
53,17,4,0.04199999919215469
53,17,5,0.041999999787605324
53,17,6,0.04199999963592704
53,17,7,0.041999999568514634
53,17,8,0.04199999970952997
53,17,9,0.042
53,17,10,0.042
53,18,1,0.041999999636701715
53,18,2,0.041999999651717496
53,18,3,0.042
53,18,4,0.0419999996975533
53,18,5,0.04199999978630903
53,18,6,0.042
53,18,7,0.042
53,18,8,0.04199999968500634
53,18,9,0.04199999928425441
53,18,10,0.042
53,19,1,0.04199999992799108
53,19,2,0.042
53,19,3,0.042
53,19,4,0.042
53,19,5,0.042
53,19,6,0.042
53,19,7,0.04199999973289864
53,19,8,0.042
53,19,9,0.04199999999628275
53,19,10,0.041999999126916016
53,20,1,0.042
53,20,2,0.042
53,20,3,0.04199999950224842
53,20,4,0.041999999033357396
53,20,5,0.042
53,20,6,0.041999999964861784
53,20,7,0.042
53,20,8,0.042
53,20,9,0.04199999995976439
53,20,10,0.04199999976204011
53,21,1,0.042
53,21,2,0.042
53,21,3,0.042
53,21,4,0.041999999876802765
53,21,5,0.042
53,21,6,0.04199999928194073
53,21,7,0.042
53,21,8,0.04199999954209911
53,21,9,0.04199999966150239
53,21,10,0.04199999948775476
53,22,1,0.041999999813259956
53,22,2,0.042
53,22,3,0.04199999990783192
53,22,4,0.042
53,22,5,0.04199999984287857
53,22,6,0.041999999520132225
53,22,7,0.042
53,22,8,0.042
53,22,9,0.042
53,22,10,0.042
53,23,1,0.042
53,23,2,0.04199999966243338
53,23,3,0.042
53,23,4,0.041999999942054014
53,23,5,0.04199999996473881
53,23,6,0.042
53,23,7,0.041999999748677866
53,23,8,0.042
53,23,9,0.041999999360180965
53,23,10,0.042
53,24,1,0.042
53,24,2,0.041999999971206195
53,24,3,0.04199999943544869
53,24,4,0.04199999863971439
53,24,5,0.042
53,24,6,0.041999999444956054
53,24,7,0.041999998691313656
53,24,8,0.04199999986069071
53,24,9,0.042
53,24,10,0.0419999999505347
54,1,1,0.05999999980515477
54,1,2,0.05999999980516765
54,1,3,0.059999999805155635
54,1,4,0.05999999980475701
54,1,5,0.05999999980518669
54,1,6,0.059999999805184875
54,1,7,0.05999999980517486
54,1,8,0.059999999804751264
54,1,9,0.059999999804738545
54,1,10,0.059999999804740016
54,2,1,0.059999999804735686
54,2,2,0.05999999980517556
54,2,3,0.05999999980518366
54,2,4,0.059999999804731155
54,2,5,0.059999999804737976
54,2,6,0.0599999998047353
54,2,7,0.05999999980518372
54,2,8,0.059999999805173725
54,2,9,0.05999999980475104
54,2,10,0.059999999804728144
54,3,1,0.05999999980515337
54,3,2,0.059999999805155475
54,3,3,0.0599999998051547
54,3,4,0.05999999980475785
54,3,5,0.059999999805155066
54,3,6,0.059999999805183606
54,3,7,0.059999999805175286
54,3,8,0.059999999805187026
54,3,9,0.059999999805150674
54,3,10,0.05999999980515338
54,4,1,0.059999999804732154
54,4,2,0.05999999980517365
54,4,3,0.05999999980518456
54,4,4,0.05999999980514492
54,4,5,0.05999999980513983
54,4,6,0.05999999980518028
54,4,7,0.05999999980473391
54,4,8,0.059999999805173274
54,4,9,0.05999999980518398
54,4,10,0.0599999998047652
54,5,1,0.05999999980518282
54,5,2,0.05999999980518654
54,5,3,0.059999999805156176
54,5,4,0.059999999804733556
54,5,5,0.05999999980473662
54,5,6,0.05999999980517332
54,5,7,0.05999999980515724
54,5,8,0.05999999980482077
54,5,9,0.05999999980514788
54,5,10,0.059999999805185944
54,6,1,0.059999999806521105
54,6,2,0.059999999807110495
54,6,3,0.05999999980649207
54,6,4,0.05999999980604119
54,6,5,0.059999999807013066
54,6,6,0.0599999998062779
54,6,7,0.059999999807098685
54,6,8,0.05999999980693243
54,6,9,0.05999999980639979
54,6,10,0.059999999807462276
54,7,1,0.05999999984592508
54,7,2,0.05999999985792302
54,7,3,0.05999999984088648
54,7,4,0.05999999984114795
54,7,5,0.05999999985116068
54,7,6,0.05999999984079427
54,7,7,0.05999999970678537
54,7,8,0.05999999985175336
54,7,9,0.0599999998400254
54,7,10,0.05999999999106231
54,8,1,0.05999999998982937
54,8,2,0.059999999990859657
54,8,3,0.05999999998997461
54,8,4,0.05999999998957676
54,8,5,0.05999999999012862
54,8,6,0.05999999998975749
54,8,7,0.059999999990242074
54,8,8,0.05999999998967361
54,8,9,0.059999999989736985
54,8,10,0.059999999990020814
54,9,1,0.059999999989292646
54,9,2,0.05999999999179042
54,9,3,0.059999999989529776
54,9,4,0.059999999989172215
54,9,5,0.059999999989890425
54,9,6,0.059999999843477654
54,9,7,0.05999999998936956
54,9,8,0.05999999999082534
54,9,9,0.05999999998987178
54,9,10,0.05999999999038937
54,10,1,0.05999999999010435
54,10,2,0.059999999990445314
54,10,3,0.059999999988305616
54,10,4,0.059999999990046654
54,10,5,0.059999999987924796
54,10,6,0.05999999999025732
54,10,7,0.059999999989795785
54,10,8,0.05999999998924785
54,10,9,0.05999999999009101
54,10,10,0.05999999999030036
54,11,1,0.05999999998870875
54,11,2,0.05999999999039985
54,11,3,0.059999999990445335
54,11,4,0.059999999990452156
54,11,5,0.05999999998857121
54,11,6,0.059999999989939594
54,11,7,0.05999999999038173
54,11,8,0.05999999999076227
54,11,9,0.059999999990441304
54,11,10,0.05999999999051015
54,12,1,0.05999999999042151
54,12,2,0.05999999999061982
54,12,3,0.05999999998806343
54,12,4,0.05999999999032987
54,12,5,0.05999999999040378
54,12,6,0.05999999998943079
54,12,7,0.05999999998993002
54,12,8,0.05999999999049522
54,12,9,0.05999999999035657
54,12,10,0.05999999999045165
54,13,1,0.05999999999042005
54,13,2,0.059999999990498175
54,13,3,0.05999999998767995
54,13,4,0.05999999999043559
54,13,5,0.05999999999037353
54,13,6,0.05999999999029113
54,13,7,0.05999999999040363
54,13,8,0.05999999999062069
54,13,9,0.05999999998883973
54,13,10,0.05999999999044517
54,14,1,0.059999999988775296
54,14,2,0.05999999999040594
54,14,3,0.059999999990402814
54,14,4,0.059999999990474784
54,14,5,0.05999999999023357
54,14,6,0.059999999989674965
54,14,7,0.059999999990439555
54,14,8,0.05999999999086055
54,14,9,0.0599999999886821
54,14,10,0.05999999999047858
54,15,1,0.059999999990318374
54,15,2,0.05999999998988801
54,15,3,0.05999999998854898
54,15,4,0.05999999998838871
54,15,5,0.05999999999036466
54,15,6,0.05999999985803407
54,15,7,0.059999999856437114
54,15,8,0.05999999999111479
54,15,9,0.059999999990315876
54,15,10,0.05999999999025102
54,16,1,0.05999999984904412
54,16,2,0.0599999999911218
54,16,3,0.05999999985265153
54,16,4,0.05999999999006565
54,16,5,0.05999999998992728
54,16,6,0.05999999998993176
54,16,7,0.05999999998956747
54,16,8,0.05999999998956916
54,16,9,0.05999999999006104
54,16,10,0.059999999987228006
54,17,1,0.059999999982122805
54,17,2,0.05999999999149385
54,17,3,0.05999999998980374
54,17,4,0.05999999998977498
54,17,5,0.0599999998483657
54,17,6,0.05999999985132712
54,17,7,0.05999999984993456
54,17,8,0.05999999999151876
54,17,9,0.05999999998892823
54,17,10,0.0599999999906074
54,18,1,0.05999999981270803
54,18,2,0.05999999981117642
54,18,3,0.059999999812827824
54,18,4,0.05999999981324976
54,18,5,0.0599999998094859
54,18,6,0.059999999808155326
54,18,7,0.0599999998096661
54,18,8,0.05999999981249476
54,18,9,0.05999999981293642
54,18,10,0.059999999812609166
54,19,1,0.059999999805141875
54,19,2,0.05999999980518867
54,19,3,0.05999999980517717
54,19,4,0.05999999980478023
54,19,5,0.059999999805123765
54,19,6,0.059999999804750494
54,19,7,0.05999999980516157
54,19,8,0.05999999980517956
54,19,9,0.059999999805183404
54,19,10,0.05999999980474146
54,20,1,0.0599999998047637
54,20,2,0.059999999805151014
54,20,3,0.05999999980515334
54,20,4,0.05999999980511784
54,20,5,0.05999999980515255
54,20,6,0.059999999805111164
54,20,7,0.05999999980514974
54,20,8,0.059999999805138836
54,20,9,0.05999999980510888
54,20,10,0.059999999804687926
54,21,1,0.05999999980518264
54,21,2,0.059999999805156315
54,21,3,0.05999999980515167
54,21,4,0.059999999805146226
54,21,5,0.05999999980518732
54,21,6,0.05999999980475398
54,21,7,0.059999999804757675
54,21,8,0.05999999980514827
54,21,9,0.05999999980518264
54,21,10,0.059999999805179255
54,22,1,0.059999999805183134
54,22,2,0.059999999805147024
54,22,3,0.059999999805187255
54,22,4,0.059999999805183495
54,22,5,0.05999999980475853
54,22,6,0.05999999980518585
54,22,7,0.05999999980476112
54,22,8,0.05999999980474283
54,22,9,0.05999999980518255
54,22,10,0.05999999980473359
54,23,1,0.059999999804751215
54,23,2,0.05999999980515469
54,23,3,0.059999999805157564
54,23,4,0.05999999980518435
54,23,5,0.05999999980518826
54,23,6,0.059999999805185146
54,23,7,0.059999999803163444
54,23,8,0.05999999980472496
54,23,9,0.059999999805185736
54,23,10,0.0599999998051838
54,24,1,0.05999999980515186
54,24,2,0.0599999998048076
54,24,3,0.05999999953546572
54,24,4,0.059999999804749286
54,24,5,0.05999999980514951
54,24,6,0.059999999805145095
54,24,7,0.059999999804862814
54,24,8,0.05999999980516624
54,24,9,0.05999999980468793
54,24,10,0.0599999998047092
55,1,1,0.059999999943155025
55,1,2,0.06
55,1,3,0.06
55,1,4,0.06
55,1,5,0.06
55,1,6,0.05999999972791016
55,1,7,0.06
55,1,8,0.059999999820291604
55,1,9,0.059999999804029
55,1,10,0.06
55,2,1,0.059999999864846235
55,2,2,0.06
55,2,3,0.05999999996782236
55,2,4,0.06
55,2,5,0.06
55,2,6,0.06
55,2,7,0.06
55,2,8,0.06
55,2,9,0.06
55,2,10,0.059999999902796655
55,3,1,0.06
55,3,2,0.059999999140630055
55,3,3,0.05999999983577626
55,3,4,0.06
55,3,5,0.06
55,3,6,0.05999999978905296
55,3,7,0.05999999976639327
55,3,8,0.05999999989902967
55,3,9,0.059999999716462235
55,3,10,0.05999999987531243
55,4,1,0.059999999358434516
55,4,2,0.05999999970681784
55,4,3,0.06
55,4,4,0.05999999920114944
55,4,5,0.05999999966981289
55,4,6,0.06
55,4,7,0.06
55,4,8,0.06
55,4,9,0.059999999132434756
55,4,10,0.06
55,5,1,0.06
55,5,2,0.06
55,5,3,0.06
55,5,4,0.06
55,5,5,0.06
55,5,6,0.06
55,5,7,0.06
55,5,8,0.059999999731524825
55,5,9,0.06
55,5,10,0.059999999045557154
55,6,1,0.06
55,6,2,0.05999999980929684
55,6,3,0.06
55,6,4,0.05999999887055769
55,6,5,0.06
55,6,6,0.06
55,6,7,0.05999999950526838
55,6,8,0.06
55,6,9,0.0599999990682798
55,6,10,0.05999999950344008
55,7,1,0.05999999991585896
55,7,2,0.05999999977573196
55,7,3,0.059999999819678296
55,7,4,0.06
55,7,5,0.059999999734095595
55,7,6,0.06
55,7,7,0.05999999999328049
55,7,8,0.05999999924278064
55,7,9,0.06
55,7,10,0.05999999986411716
55,8,1,0.06
55,8,2,0.06
55,8,3,0.05999999995169462
55,8,4,0.06
55,8,5,0.06
55,8,6,0.06
55,8,7,0.06
55,8,8,0.0599999992841094
55,8,9,0.059999999668243445
55,8,10,0.06
55,9,1,0.06
55,9,2,0.06
55,9,3,0.05999999927283974
55,9,4,0.06
55,9,5,0.06
55,9,6,0.06
55,9,7,0.06
55,9,8,0.05999999965505773
55,9,9,0.06
55,9,10,0.06
55,10,1,0.05999999958254244
55,10,2,0.06
55,10,3,0.059999998501222354
55,10,4,0.06
55,10,5,0.06
55,10,6,0.05999999982169797
55,10,7,0.06
55,10,8,0.05999999950695076
55,10,9,0.06
55,10,10,0.06
55,11,1,0.06
55,11,2,0.05999999884223279
55,11,3,0.06
55,11,4,0.06
55,11,5,0.06
55,11,6,0.06
55,11,7,0.05999999987838286
55,11,8,0.06
55,11,9,0.06
55,11,10,0.06
55,12,1,0.06
55,12,2,0.0599999998729046
55,12,3,0.05999999964368692
55,12,4,0.06
55,12,5,0.06
55,12,6,0.05999999994119946
55,12,7,0.06
55,12,8,0.06
55,12,9,0.05999999966040834
55,12,10,0.05999999935205229
55,13,1,0.06
55,13,2,0.06
55,13,3,0.05999999965597152
55,13,4,0.06
55,13,5,0.06
55,13,6,0.05999999896830308
55,13,7,0.06
55,13,8,0.06
55,13,9,0.06
55,13,10,0.06
55,14,1,0.06
55,14,2,0.06
55,14,3,0.06
55,14,4,0.06
55,14,5,0.059999999191905615
55,14,6,0.06
55,14,7,0.06
55,14,8,0.05999999995477728
55,14,9,0.06
55,14,10,0.06
55,15,1,0.06
55,15,2,0.06
55,15,3,0.06
55,15,4,0.06
55,15,5,0.05999999978716261
55,15,6,0.05999999958511547
55,15,7,0.06
55,15,8,0.06
55,15,9,0.06
55,15,10,0.06
55,16,1,0.059999999792278304
55,16,2,0.06
55,16,3,0.06
55,16,4,0.06
55,16,5,0.05999999960572007
55,16,6,0.06
55,16,7,0.0599999994178133
55,16,8,0.06
55,16,9,0.05999999963306731
55,16,10,0.06
55,17,1,0.05999999946934062
55,17,2,0.05999999943985429
55,17,3,0.05999999984470456
55,17,4,0.06
55,17,5,0.059999999869337343
55,17,6,0.059999999799172976
55,17,7,0.06
55,17,8,0.0599999997334864
55,17,9,0.06
55,17,10,0.0599999991231926
55,18,1,0.059999999705720335
55,18,2,0.06
55,18,3,0.06
55,18,4,0.06
55,18,5,0.06
55,18,6,0.05999999970644744
55,18,7,0.06
55,18,8,0.06
55,18,9,0.059999999712347485
55,18,10,0.059999999129308895
55,19,1,0.05999999977916402
55,19,2,0.05999999963777144
55,19,3,0.06
55,19,4,0.05999999992244562
55,19,5,0.06
55,19,6,0.06
55,19,7,0.06
55,19,8,0.06
55,19,9,0.0599999994903083
55,19,10,0.05999999960702541
55,20,1,0.06
55,20,2,0.06
55,20,3,0.0599999999526439
55,20,4,0.06
55,20,5,0.06
55,20,6,0.06
55,20,7,0.06
55,20,8,0.05999999944877326
55,20,9,0.06
55,20,10,0.05999999892108507
55,21,1,0.06
55,21,2,0.05999999930307163
55,21,3,0.05999999969115598
55,21,4,0.05999999965768051
55,21,5,0.06
55,21,6,0.06
55,21,7,0.06
55,21,8,0.06
55,21,9,0.06
55,21,10,0.06
55,22,1,0.06
55,22,2,0.06
55,22,3,0.059999999503695195
55,22,4,0.06
55,22,5,0.05999999925087008
55,22,6,0.05999999997001733
55,22,7,0.06
55,22,8,0.05999999996574564
55,22,9,0.06
55,22,10,0.06
55,23,1,0.06
55,23,2,0.05999999999271431
55,23,3,0.06
55,23,4,0.06
55,23,5,0.06
55,23,6,0.06
55,23,7,0.059999999209246396
55,23,8,0.06
55,23,9,0.059999999043277685
55,23,10,0.06
55,24,1,0.06
55,24,2,0.059999999965676606
55,24,3,0.05999999961784694
55,24,4,0.05999999912121634
55,24,5,0.059999999435858674
55,24,6,0.05999999948316572
55,24,7,0.06
55,24,8,0.06
55,24,9,0.059999999596718395
55,24,10,0.05999999960152262
57,1,1,0.06
57,1,2,0.06
57,1,3,0.05999999966609168
57,1,4,0.05999999948842144
57,1,5,0.05999999987833382
57,1,6,0.06
57,1,7,0.06
57,1,8,0.06
57,1,9,0.059999999702106566
57,1,10,0.06
57,2,1,0.06
57,2,2,0.05999999950869969
57,2,3,0.06
57,2,4,0.06
57,2,5,0.06
57,2,6,0.05999999985184992
57,2,7,0.06
57,2,8,0.05999999931398839
57,2,9,0.06
57,2,10,0.05999999973366216
57,3,1,0.06
57,3,2,0.05999999943929965
57,3,3,0.06
57,3,4,0.06
57,3,5,0.06
57,3,6,0.06
57,3,7,0.05999999923827995
57,3,8,0.06
57,3,9,0.06
57,3,10,0.06
57,4,1,0.06
57,4,2,0.059999999874662924
57,4,3,0.06
57,4,4,0.06
57,4,5,0.05999999942536538
57,4,6,0.05999999950749932
57,4,7,0.06
57,4,8,0.06
57,4,9,0.06
57,4,10,0.06
57,5,1,0.06
57,5,2,0.06
57,5,3,0.06
57,5,4,0.06
57,5,5,0.06
57,5,6,0.06
57,5,7,0.06
57,5,8,0.05999999925369151
57,5,9,0.06
57,5,10,0.06
57,6,1,0.06
57,6,2,0.06
57,6,3,0.06
57,6,4,0.06
57,6,5,0.0599999998476238
57,6,6,0.06
57,6,7,0.06
57,6,8,0.06
57,6,9,0.06
57,6,10,0.05999999900519118
57,7,1,0.05999999988315635
57,7,2,0.06
57,7,3,0.05999999975523365
57,7,4,0.06
57,7,5,0.06
57,7,6,0.05999999934143696
57,7,7,0.06
57,7,8,0.059999998987096625
57,7,9,0.06
57,7,10,0.06
57,8,1,0.06
57,8,2,0.06
57,8,3,0.06
57,8,4,0.059999997941782096
57,8,5,0.05999999993411731
57,8,6,0.0599999997483846
57,8,7,0.06
57,8,8,0.059999998531672843
57,8,9,0.06
57,8,10,0.06
57,9,1,0.05999999959162075
57,9,2,0.06
57,9,3,0.06
57,9,4,0.06
57,9,5,0.06
57,9,6,0.06
57,9,7,0.05999999933289313
57,9,8,0.06
57,9,9,0.05999999919351451
57,9,10,0.059999999645276775
57,10,1,0.06
57,10,2,0.06
57,10,3,0.059999995113086596
57,10,4,0.05999999909821463
57,10,5,0.05999999737211098
57,10,6,0.06
57,10,7,0.05999999994100044
57,10,8,0.06
57,10,9,0.06
57,10,10,0.05999999992902087
57,11,1,0.06
57,11,2,0.06
57,11,3,0.05999999908742139
57,11,4,0.06
57,11,5,0.05999999982279608
57,11,6,0.05999999899904068
57,11,7,0.06
57,11,8,0.06
57,11,9,0.06
57,11,10,0.06
57,12,1,0.059999999077271535
57,12,2,0.06
57,12,3,0.06
57,12,4,0.059999999579042645
57,12,5,0.05999999925667593
57,12,6,0.06
57,12,7,0.05999999932619415
57,12,8,0.06
57,12,9,0.059999997741462766
57,12,10,0.05999999934718711
57,13,1,0.05999999966428368
57,13,2,0.06
57,13,3,0.06
57,13,4,0.05999999947166945
57,13,5,0.06
57,13,6,0.05999999963486723
57,13,7,0.05999999887476287
57,13,8,0.06
57,13,9,0.06
57,13,10,0.059999999555275435
57,14,1,0.06
57,14,2,0.059999999849830024
57,14,3,0.059999998893976336
57,14,4,0.05999999965115391
57,14,5,0.05999999987269683
57,14,6,0.05999999412537327
57,14,7,0.06
57,14,8,0.05999999677359237
57,14,9,0.06
57,14,10,0.06
57,15,1,0.06
57,15,2,0.059999993074954905
57,15,3,0.0599999900264547
57,15,4,0.06
57,15,5,0.05999999838244377
57,15,6,0.06
57,15,7,0.059999998704265894
57,15,8,0.05999999654827026
57,15,9,0.05999999925091308
57,15,10,0.06
57,16,1,0.06
57,16,2,0.06
57,16,3,0.06
57,16,4,0.059999999689006836
57,16,5,0.05999999853314486
57,16,6,0.05999999965444422
57,16,7,0.06
57,16,8,0.05999999836968864
57,16,9,0.059999999801103654
57,16,10,0.05999999437532058
57,17,1,0.06
57,17,2,0.06
57,17,3,0.06
57,17,4,0.06
57,17,5,0.06
57,17,6,0.06
57,17,7,0.05999999995258315
57,17,8,0.06
57,17,9,0.05999999931083477
57,17,10,0.06
57,18,1,0.06
57,18,2,0.05999999982086521
57,18,3,0.06
57,18,4,0.05999999996568697
57,18,5,0.05999999951952503
57,18,6,0.059999999020655226
57,18,7,0.06
57,18,8,0.059999999905546886
57,18,9,0.06
57,18,10,0.06
57,19,1,0.059999999727201436
57,19,2,0.06
57,19,3,0.06
57,19,4,0.06
57,19,5,0.06
57,19,6,0.06
57,19,7,0.06
57,19,8,0.06
57,19,9,0.05999999984265866
57,19,10,0.0599999990753797
57,20,1,0.06
57,20,2,0.059999999691960376
57,20,3,0.06
57,20,4,0.06
57,20,5,0.06
57,20,6,0.05999999950152418
57,20,7,0.06
57,20,8,0.06
57,20,9,0.06
57,20,10,0.06
57,21,1,0.06
57,21,2,0.06
57,21,3,0.06
57,21,4,0.06
57,21,5,0.06
57,21,6,0.06
57,21,7,0.06
57,21,8,0.06
57,21,9,0.06
57,21,10,0.06
57,22,1,0.06
57,22,2,0.06
57,22,3,0.06
57,22,4,0.059999999726185166
57,22,5,0.059999999059205306
57,22,6,0.06
57,22,7,0.06
57,22,8,0.06
57,22,9,0.06
57,22,10,0.05999999941751044
57,23,1,0.06
57,23,2,0.06
57,23,3,0.06
57,23,4,0.06
57,23,5,0.06
57,23,6,0.05999999879329779
57,23,7,0.059999999338739146
57,23,8,0.06
57,23,9,0.06
57,23,10,0.06
57,24,1,0.06
57,24,2,0.06
57,24,3,0.05999999861939517
57,24,4,0.059999999876239885
57,24,5,0.059999999815054356
57,24,6,0.06
57,24,7,0.0599999998121811
57,24,8,0.06
57,24,9,0.06
57,24,10,0.05999999926967828
58,1,1,0.05999999971145452
58,1,2,0.05999999971121086
58,1,3,0.05999999971237307
58,1,4,0.05999999971102938
58,1,5,0.05999999971275355
58,1,6,0.059999999711279804
58,1,7,0.059999999712038406
58,1,8,0.05999999971100699
58,1,9,0.05999999971181663
58,1,10,0.05999999971230363
58,2,1,0.059999999709326936
58,2,2,0.059999999710613566
58,2,3,0.059999999710638845
58,2,4,0.059999999711511647
58,2,5,0.05999999971238644
58,2,6,0.05999999971073235
58,2,7,0.05999999971201505
58,2,8,0.05999999970987637
58,2,9,0.0599999997115748
58,2,10,0.05999999971077052
58,3,1,0.05999999971340192
58,3,2,0.059999999711579655
58,3,3,0.059999999711549824
58,3,4,0.05999999971167741
58,3,5,0.05999999971123984
58,3,6,0.059999999711935516
58,3,7,0.059999999710801194
58,3,8,0.05999999971036954
58,3,9,0.05999999971130235
58,3,10,0.059999999713310416
58,4,1,0.059999999710479195
58,4,2,0.059999999710819804
58,4,3,0.05999999971109146
58,4,4,0.05999999971187964
58,4,5,0.05999999971238651
58,4,6,0.05999999971112354
58,4,7,0.05999999971025814
58,4,8,0.05999999970999685
58,4,9,0.05999999971027719
58,4,10,0.05999999971105412
58,5,1,0.05999999971251924
58,5,2,0.05999999971221025
58,5,3,0.0599999997107135
58,5,4,0.059999999711909995
58,5,5,0.059999999708908125
58,5,6,0.05999999971211792
58,5,7,0.05999999970992148
58,5,8,0.05999999971115617
58,5,9,0.0599999997113229
58,5,10,0.059999999712291176
58,6,1,0.05999999971408006
58,6,2,0.05999999971607199
58,6,3,0.059999999713179715
58,6,4,0.05999999971432925
58,6,5,0.05999999971622922
58,6,6,0.05999999971554605
58,6,7,0.05999999971515778
58,6,8,0.059999999715506
58,6,9,0.0599999997134758
58,6,10,0.05999999971669557
58,7,1,0.0599999997916595
58,7,2,0.05999999981215339
58,7,3,0.05999999978357767
58,7,4,0.05999999978247619
58,7,5,0.05999999980377642
58,7,6,0.05999999978459822
58,7,7,0.05999999941957963
58,7,8,0.05999999980150491
58,7,9,0.05999999978105398
58,7,10,0.05999999993889144
58,8,1,0.06
58,8,2,0.05999999998336108
58,8,3,0.05999999997943761
58,8,4,0.06
58,8,5,0.06
58,8,6,0.06
58,8,7,0.05999999998926994
58,8,8,0.059999999995977146
58,8,9,0.059999999961939526
58,8,10,0.05999999998180623
58,9,1,0.06
58,9,2,0.06
58,9,3,0.06
58,9,4,0.059999999992882344
58,9,5,0.059999999965590904
58,9,6,0.05999999978810882
58,9,7,0.06
58,9,8,0.06
58,9,9,0.06
58,9,10,0.06
58,10,1,0.06
58,10,2,0.05999999996480076
58,10,3,0.05999999987697565
58,10,4,0.05999999996777507
58,10,5,0.05999999998683387
58,10,6,0.059999999969083
58,10,7,0.0599999999639342
58,10,8,0.05999999998930794
58,10,9,0.05999999994115965
58,10,10,0.059999999998983714
58,11,1,0.0599999999732869
58,11,2,0.06
58,11,3,0.06
58,11,4,0.059999999946018005
58,11,5,0.05999999998435553
58,11,6,0.05999999995841397
58,11,7,0.06
58,11,8,0.05999999994281343
58,11,9,0.06
58,11,10,0.05999999996011154
58,12,1,0.06
58,12,2,0.06
58,12,3,0.05999999997943564
58,12,4,0.059999999973057
58,12,5,0.05999999994500844
58,12,6,0.059999999995161236
58,12,7,0.06
58,12,8,0.05999999997121097
58,12,9,0.05999999999959001
58,12,10,0.06
58,13,1,0.06
58,13,2,0.05999999997488312
58,13,3,0.059999999984189784
58,13,4,0.05999999996712555
58,13,5,0.05999999997183111
58,13,6,0.05999999997527693
58,13,7,0.06
58,13,8,0.05999999996438065
58,13,9,0.059999999995908396
58,13,10,0.05999999994224712
58,14,1,0.05999999999349041
58,14,2,0.06
58,14,3,0.05999999996805996
58,14,4,0.06
58,14,5,0.05999999997946949
58,14,6,0.05999999999191942
58,14,7,0.059999999998474614
58,14,8,0.05999999999539746
58,14,9,0.05999999999011091
58,14,10,0.059999999939982514
58,15,1,0.0599999999693042
58,15,2,0.06
58,15,3,0.05999999999153767
58,15,4,0.05999999998816723
58,15,5,0.05999999999881451
58,15,6,0.05999999981327982
58,15,7,0.05999999981180536
58,15,8,0.05999999998351356
58,15,9,0.05999999996470108
58,15,10,0.05999999997722704
58,16,1,0.0599999997967755
58,16,2,0.05999999997241952
58,16,3,0.05999999980406914
58,16,4,0.06
58,16,5,0.05999999997883714
58,16,6,0.05999999996870638
58,16,7,0.06
58,16,8,0.06
58,16,9,0.05999999994790572
58,16,10,0.05999999998933135
58,17,1,0.05999999998047066
58,17,2,0.059999999978221974
58,17,3,0.05999999993358412
58,17,4,0.05999999996270899
58,17,5,0.05999999979706324
58,17,6,0.059999999802944126
58,17,7,0.05999999979959368
58,17,8,0.05999999999692999
58,17,9,0.06
58,17,10,0.05999999998965423
58,18,1,0.05999999972820149
58,18,2,0.059999999725271466
58,18,3,0.05999999972831379
58,18,4,0.059999999726916
58,18,5,0.05999999972046779
58,18,6,0.05999999971745218
58,18,7,0.05999999972199341
58,18,8,0.059999999727681504
58,18,9,0.059999999725951755
58,18,10,0.059999999727373
58,19,1,0.05999999971103599
58,19,2,0.0599999997093032
58,19,3,0.05999999971007506
58,19,4,0.05999999971198611
58,19,5,0.05999999971232892
58,19,6,0.05999999971034876
58,19,7,0.05999999971016382
58,19,8,0.05999999970984385
58,19,9,0.059999999711783145
58,19,10,0.05999999971103046
58,20,1,0.059999999712523996
58,20,2,0.05999999971070219
58,20,3,0.059999999710231657
58,20,4,0.059999999710114396
58,20,5,0.059999999712610136
58,20,6,0.05999999971209084
58,20,7,0.05999999971182263
58,20,8,0.059999999711294855
58,20,9,0.05999999971196575
58,20,10,0.05999999971224735
58,21,1,0.05999999971040218
58,21,2,0.05999999971134905
58,21,3,0.05999999971001261
58,21,4,0.059999999710955564
58,21,5,0.05999999971285752
58,21,6,0.05999999971107716
58,21,7,0.05999999971105963
58,21,8,0.059999999709517096
58,21,9,0.059999999712270755
58,21,10,0.05999999970936345
58,22,1,0.05999999971069582
58,22,2,0.05999999971055194
58,22,3,0.059999999711999596
58,22,4,0.059999999710711696
58,22,5,0.05999999971155709
58,22,6,0.05999999971348116
58,22,7,0.05999999971161951
58,22,8,0.05999999971205003
58,22,9,0.05999999971101878
58,22,10,0.0599999997125537
58,23,1,0.05999999971185204
58,23,2,0.059999999712350614
58,23,3,0.059999999712343634
58,23,4,0.05999999971104699
58,23,5,0.059999999713140954
58,23,6,0.059999999711978336
58,23,7,0.05999999971266169
58,23,8,0.059999999709272236
58,23,9,0.059999999711506845
58,23,10,0.05999999971144419
58,24,1,0.059999999710281804
58,24,2,0.05999999971314308
58,24,3,0.05999999801946195
58,24,4,0.05999999971152057
58,24,5,0.059999999709880326
58,24,6,0.059999999712538186
58,24,7,0.05999999971074853
58,24,8,0.05999999971123164
58,24,9,0.059999999711995274
58,24,10,0.059999999711999936
60,1,1,0.021999999762938954
60,1,2,0.021999999762755608
60,1,3,0.0219999997629408
60,1,4,0.021999999763083374
60,1,5,0.021999999762749488
60,1,6,0.021999999762739288
60,1,7,0.021999999762725084
60,1,8,0.02199999976293257
60,1,9,0.02199999976265276
60,1,10,0.021999999763030506
60,2,1,0.021999999762648582
60,2,2,0.021999999762705454
60,2,3,0.021999999762743604
60,2,4,0.02199999976300318
60,2,5,0.021999999762644426
60,2,6,0.021999999762648194
60,2,7,0.02199999976274291
60,2,8,0.021999999762717753
60,2,9,0.02199999976307858
60,2,10,0.02199999976262955
60,3,1,0.021999999762959768
60,3,2,0.021999999762944922
60,3,3,0.021999999762946938
60,3,4,0.02199999976305838
60,3,5,0.021999999762964927
60,3,6,0.021999999762750966
60,3,7,0.02199999976271397
60,3,8,0.021999999762742015
60,3,9,0.021999999762956007
60,3,10,0.021999999762939895
60,4,1,0.021999999762638216
60,4,2,0.021999999762700638
60,4,3,0.021999999762746702
60,4,4,0.021999999762834524
60,4,5,0.021999999762950462
60,4,6,0.02199999976274777
60,4,7,0.021999999762857277
60,4,8,0.021999999762721423
60,4,9,0.021999999762759362
60,4,10,0.021999999762972434
60,5,1,0.0219999997627538
60,5,2,0.02199999976274531
60,5,3,0.021999999762965267
60,5,4,0.02199999976285593
60,5,5,0.021999999762643656
60,5,6,0.021999999762703556
60,5,7,0.02199999976296559
60,5,8,0.021999999763222842
60,5,9,0.02199999976294394
60,5,10,0.021999999762743822
60,6,1,0.021173550764736447
60,6,2,0.020797926765585773
60,6,3,0.021191274764698453
60,6,4,0.02119127476479673
60,6,5,0.02084863876570266
60,6,6,0.021305808764627815
60,6,7,0.020798433765987823
60,6,8,0.020918217765341612
60,6,9,0.021224064765235494
60,6,10,0.020583855766133766
60,7,1,-0.009626300178681116
60,7,2,-0.020168000162986033
60,7,3,-0.005008790185521546
60,7,4,-0.005008790185357904
60,7,5,-0.014189300172365953
60,7,6,-0.00463454018616813
60,7,7,-0.01576730040236939
60,7,8,-0.014736500171572598
60,7,9,-0.003913790187109003
60,7,10,-0.022418300008999293
60,8,1,-0.057170000010239676
60,8,2,-0.07955990000915106
60,8,3,-0.05362310001009674
60,8,4,-0.05362310001049211
60,8,5,-0.0706223000099334
60,8,6,-0.04531520001031897
60,8,7,-0.07466120000981623
60,8,8,-0.07449800001034142
60,8,9,-0.05055710001033491
60,8,10,-0.08397230000996293
60,9,1,-0.10888370001072607
60,9,2,-0.12963560000821348
60,9,3,-0.100929500010518
60,9,4,-0.10092950001088892
60,9,5,-0.10805960001015072
60,9,6,-0.08501990018234612
60,9,7,-0.1137308000106393
60,9,8,-0.12412310000918741
60,9,9,-0.09594560001033688
60,9,10,-0.13233920000964122
60,10,1,-0.1467476000099411
60,10,2,-0.1634654000097221
60,10,3,-0.1453799000116764
60,10,4,-0.1453799000099809
60,10,5,-0.1389647000120565
60,10,6,-0.11665910000984349
60,10,7,-0.14598350001019433
60,10,8,-0.15963170001076524
60,10,9,-0.13859390000994093
60,10,10,-0.16945370000979146
60,11,1,-0.17227430001132438
60,11,2,-0.1846760000096879
60,11,3,-0.17026070000974547
60,11,4,-0.1702607000095515
60,11,5,-0.15973130001140579
60,11,6,-0.1390538000100533
60,11,7,-0.16765580000964023
60,11,8,-0.1814192000092582
60,11,9,-0.16246610000956543
60,11,10,-0.19212770000967286
60,12,1,-0.178095500009676
60,12,2,-0.190773800009562
60,12,3,-0.18274880001197474
60,12,4,-0.1827488000095039
60,12,5,-0.15898880000971388
60,12,6,-0.1475093000106062
60,12,7,-0.16688090001008202
60,12,8,-0.1902092000096483
60,12,9,-0.17444780000967278
60,12,10,-0.2007587000096412
60,13,1,-0.17663180000967768
60,13,2,-0.18692120000968465
60,13,3,-0.18111620001237183
60,13,4,-0.18111620000979703
60,13,5,-0.1496918000097736
60,13,6,-0.14122880000971372
60,13,7,-0.15717830000970465
60,13,8,-0.18539690000956538
60,13,9,-0.17288120001120344
60,13,10,-0.19403690000964888
60,14,1,-0.16494530001126914
60,14,2,-0.16510910000961607
60,14,3,-0.1677965000096232
60,14,4,-0.16779650000960078
60,14,5,-0.12462050000979961
60,14,6,-0.12378710001030184
60,14,7,-0.13101380000973462
60,14,8,-0.1674923000091199
60,14,9,-0.16010180001135357
60,14,10,-0.17525150000970457
60,15,1,-0.13618700000986167
60,15,2,-0.13230050001011595
60,15,3,-0.1386200000114324
60,15,4,-0.13862000001165425
60,15,5,-0.09409580000964257
60,15,6,-0.09776990016334886
60,15,7,-0.09915800016470541
60,15,8,-0.13481660000888196
60,15,9,-0.1321079000098622
60,15,10,-0.1409723000097794
60,16,1,-0.09020390017494254
60,16,2,-0.08327000000892722
60,16,3,-0.09347240017008283
60,16,4,-0.09347240000994358
60,16,5,-0.05615990001014089
60,16,6,-0.0600884000101149
60,16,7,-0.05956820001045743
60,16,8,-0.0868949000104309
60,16,9,-0.08879090000994853
60,16,10,-0.09295970001278246
60,17,1,-0.032927900018035076
60,17,2,-0.026215100008567988
60,17,3,-0.03568040001025723
60,17,4,-0.035680400010278175
60,17,5,-0.01158530017606799
60,17,6,-0.014653700171499152
60,17,7,-0.013049900173997164
60,17,8,-0.031157300008524298
60,17,9,-0.03334190001117127
60,17,10,-0.03398300000943885
60,18,1,0.01689090977467737
60,18,2,0.017925579772338
60,18,3,0.01683843977475481
60,18,4,0.01683843977468191
60,18,5,0.019306206769121627
60,18,6,0.019873761768103695
60,18,7,0.019188744769399305
60,18,8,0.017339259773518544
60,18,9,0.01704768977418766
60,18,10,0.017261709773696777
60,19,1,0.0219999997629363
60,19,2,0.02199999976277058
60,19,3,0.021999999762711435
60,19,4,0.021999999762789695
60,19,5,0.021999999762993074
60,19,6,0.02199999976307555
60,19,7,0.0219999997629567
60,19,8,0.02199999976275047
60,19,9,0.021999999762743486
60,19,10,0.021999999763026648
60,20,1,0.021999999763064583
60,20,2,0.021999999762673902
60,20,3,0.02199999976268266
60,20,4,0.02199999976287273
60,20,5,0.021999999762686358
60,20,6,0.0219999997628785
60,20,7,0.021999999762677188
60,20,8,0.021999999762927554
60,20,9,0.02199999976287963
60,20,10,0.02199999976278723
60,21,1,0.02199999976274009
60,21,2,0.021999999762966647
60,21,3,0.021999999762951063
60,21,4,0.021999999762925666
60,21,5,0.021999999762753426
60,21,6,0.021999999763078485
60,21,7,0.021999999763082766
60,21,8,0.021999999762675748
60,21,9,0.02199999976324039
60,21,10,0.02199999976271923
60,22,1,0.02199999976274531
60,22,2,0.021999999762673465
60,22,3,0.02199999976275295
60,22,4,0.02199999976274633
60,22,5,0.0219999997630819
60,22,6,0.021999999762752732
60,22,7,0.02199999976332603
60,22,8,0.021999999762665607
60,22,9,0.02199999976273911
60,22,10,0.021999999762853877
60,23,1,0.021999999763076292
60,23,2,0.0219999997629056
60,23,3,0.0219999997629612
60,23,4,0.021999999762744457
60,23,5,0.021999999762755622
60,23,6,0.02199999976274328
60,23,7,0.021999999762516757
60,23,8,0.02199999976280832
60,23,9,0.021999999762747666
60,23,10,0.02199999976273669
60,24,1,0.02199999976267538
60,24,2,0.02199999976322186
60,24,3,0.021999999154122776
60,24,4,0.021999999763309613
60,24,5,0.021999999762675197
60,24,6,0.021999999762670343
60,24,7,0.02199999976316701
60,24,8,0.021999999762824858
60,24,9,0.021999999762995152
60,24,10,0.021999999762896245
62,1,1,0.00599999969669264
62,1,2,0.0059999996923502386
62,1,3,0.005999999656281424
62,1,4,0.0059999996777353876
62,1,5,0.005999999690006613
62,1,6,0.005999999723067112
62,1,7,0.005999999700488812
62,1,8,0.005999999686174179
62,1,9,0.005999999670610184
62,1,10,0.00599999968358686
62,2,1,0.005999999689726573
62,2,2,0.005999999705324832
62,2,3,0.005999999711252563
62,2,4,0.005999999709228737
62,2,5,0.005999999690914762
62,2,6,0.005999999671782094
62,2,7,0.005999999689940846
62,2,8,0.005999999686983087
62,2,9,0.005999999693517513
62,2,10,0.005999999693276525
62,3,1,0.005999999655331462
62,3,2,0.00599999965917887
62,3,3,0.005999999699740313
62,3,4,0.005999999682967466
62,3,5,0.005999999686217172
62,3,6,0.005999999681502041
62,3,7,0.005999999681158899
62,3,8,0.00599999969832378
62,3,9,0.005999999662083894
62,3,10,0.005999999692473737
62,4,1,0.005999999679739923
62,4,2,0.005999999687049437
62,4,3,0.005999999695876113
62,4,4,0.00599999968615525
62,4,5,0.005999999668301184
62,4,6,0.005999999695456643
62,4,7,0.005999999710873727
62,4,8,0.00599999967913846
62,4,9,0.005999999696278416
62,4,10,0.005999999714947843
62,5,1,0.005999999694361047
62,5,2,0.005999999697714364
62,5,3,0.005999999693319671
62,5,4,0.0059999996956133506
62,5,5,0.0059999996618946005
62,5,6,0.005999999745591539
62,5,7,0.005999999690325206
62,5,8,0.005999999684009924
62,5,9,0.005999999693441463
62,5,10,0.005999999705104037
62,6,1,0.005999999696931241
62,6,2,0.005999999673814413
62,6,3,0.005999999729281308
62,6,4,0.005999999664499156
62,6,5,0.005999999695035396
62,6,6,0.005999999667827077
62,6,7,0.00599999966903815
62,6,8,0.005999999682872265
62,6,9,0.005999999716260501
62,6,10,0.005999999699132022
62,7,1,0.005999999763307701
62,7,2,0.005999999783293769
62,7,3,0.005999999798008748
62,7,4,0.005999999781768572
62,7,5,0.005999999780269549
62,7,6,0.005999999738960371
62,7,7,0.0059999994268033485
62,7,8,0.005999999766728326
62,7,9,0.005999999763391883
62,7,10,0.005999999968297115
62,8,1,0.006
62,8,2,0.00599999999360698
62,8,3,0.006
62,8,4,0.005999999977268827
62,8,5,0.005999999961272318
62,8,6,0.006
62,8,7,0.005999999990119298
62,8,8,0.006
62,8,9,0.005999999985494164
62,8,10,0.005999999988577892
62,9,1,0.006
62,9,2,0.005999999995078664
62,9,3,0.006
62,9,4,0.006
62,9,5,0.005999999983635068
62,9,6,0.005999999777936249
62,9,7,0.006
62,9,8,0.006
62,9,9,0.006
62,9,10,0.005999999985935367
62,10,1,0.006
62,10,2,0.005999999993164085
62,10,3,0.006
62,10,4,0.005999999988610033
62,10,5,0.006
62,10,6,0.0059999999705983575
62,10,7,0.0059999999973266716
62,10,8,0.00599999999439596
62,10,9,0.006
62,10,10,0.0059999999923943115
62,11,1,0.005999999998948624
62,11,2,0.0059999999685460825
62,11,3,0.006
62,11,4,0.005999999989714705
62,11,5,0.006
62,11,6,0.005999999990763033
62,11,7,0.006
62,11,8,0.005999999979603182
62,11,9,0.006
62,11,10,0.006
62,12,1,0.006
62,12,2,0.006
62,12,3,0.006
62,12,4,0.005999999995720123
62,12,5,0.006
62,12,6,0.006
62,12,7,0.005999999995582345
62,12,8,0.005999999988673316
62,12,9,0.006
62,12,10,0.006
62,13,1,0.006
62,13,2,0.006
62,13,3,0.006
62,13,4,0.005999999964625913
62,13,5,0.005999999998440392
62,13,6,0.005999999991827348
62,13,7,0.006
62,13,8,0.006
62,13,9,0.005999999991206623
62,13,10,0.005999999986717214
62,14,1,0.006
62,14,2,0.006
62,14,3,0.005999999979168363
62,14,4,0.006
62,14,5,0.005999999966417063
62,14,6,0.006
62,14,7,0.005999999973868936
62,14,8,0.006
62,14,9,0.006
62,14,10,0.006
62,15,1,0.006
62,15,2,0.005999999955587504
62,15,3,0.0059999999949503224
62,15,4,0.006
62,15,5,0.005999999989959037
62,15,6,0.005999999822983021
62,15,7,0.00599999975973467
62,15,8,0.005999999996970429
62,15,9,0.0059999999971943885
62,15,10,0.005999999991488009
62,16,1,0.005999999766546582
62,16,2,0.006
62,16,3,0.005999999778584231
62,16,4,0.006
62,16,5,0.005999999988238275
62,16,6,0.005999999996041977
62,16,7,0.005999999990532995
62,16,8,0.006
62,16,9,0.00599999995350059
62,16,10,0.006
62,17,1,0.005999999987951199
62,17,2,0.005999999973955256
62,17,3,0.005999999999003441
62,17,4,0.005999999989473703
62,17,5,0.005999999741376938
62,17,6,0.0059999997635280244
62,17,7,0.005999999781459264
62,17,8,0.005999999968040404
62,17,9,0.005999999998521077
62,17,10,0.005999999981801979
62,18,1,0.005999999701274322
62,18,2,0.005999999680665849
62,18,3,0.005999999725387228
62,18,4,0.005999999730538427
62,18,5,0.005999999663764105
62,18,6,0.005999999693696079
62,18,7,0.005999999697244823
62,18,8,0.005999999700012484
62,18,9,0.005999999697396882
62,18,10,0.00599999969438525
62,19,1,0.005999999669198897
62,19,2,0.005999999686232924
62,19,3,0.0059999996707881115
62,19,4,0.0059999996754087764
62,19,5,0.005999999674590514
62,19,6,0.0059999996744311
62,19,7,0.005999999703446127
62,19,8,0.005999999670426651
62,19,9,0.005999999680401991
62,19,10,0.0059999997304786
62,20,1,0.005999999669977052
62,20,2,0.005999999676404993
62,20,3,0.005999999695343705
62,20,4,0.005999999726617203
62,20,5,0.005999999691992705
62,20,6,0.005999999727477792
62,20,7,0.0059999996614902434
62,20,8,0.005999999695777261
62,20,9,0.005999999686014237
62,20,10,0.005999999686481142
62,21,1,0.005999999672060011
62,21,2,0.005999999702052616
62,21,3,0.005999999701315609
62,21,4,0.005999999662127012
62,21,5,0.0059999996950669265
62,21,6,0.005999999686502
62,21,7,0.005999999695739958
62,21,8,0.005999999679757215
62,21,9,0.005999999710462389
62,21,10,0.005999999698114919
62,22,1,0.005999999704932882
62,22,2,0.005999999677589296
62,22,3,0.005999999678084358
62,22,4,0.005999999673013512
62,22,5,0.005999999714396936
62,22,6,0.005999999714686385
62,22,7,0.005999999666678038
62,22,8,0.0059999997097546914
62,22,9,0.005999999685377233
62,22,10,0.005999999687317084
62,23,1,0.0059999996393328425
62,23,2,0.005999999693432789
62,23,3,0.005999999691505817
62,23,4,0.005999999702854766
62,23,5,0.005999999708283965
62,23,6,0.005999999685974283
62,23,7,0.005999999686995952
62,23,8,0.005999999660360772
62,23,9,0.005999999686881086
62,23,10,0.00599999968129851
62,24,1,0.005999999699431477
62,24,2,0.005999999687388055
62,24,3,0.005999998674127413
62,24,4,0.0059999996908299685
62,24,5,0.005999999704196846
62,24,6,0.005999999674141512
62,24,7,0.0059999996627771585
62,24,8,0.005999999699264916
62,24,9,0.005999999661331204
62,24,10,0.005999999669199119
63,1,1,0.0059999995910871295
63,1,2,0.005999999591513691
63,1,3,0.005999999591202787
63,1,4,0.005999999591239896
63,1,5,0.005999999591100036
63,1,6,0.005999999591571992
63,1,7,0.005999999591800226
63,1,8,0.005999999591189742
63,1,9,0.0059999995911643594
63,1,10,0.005999999591094873
63,2,1,0.005999999592068775
63,2,2,0.005999999591791566
63,2,3,0.005999999591486407
63,2,4,0.005999999591481911
63,2,5,0.005999999591554658
63,2,6,0.005999999591284416
63,2,7,0.005999999591669275
63,2,8,0.0059999995918604
63,2,9,0.005999999590926494
63,2,10,0.005999999590982449
63,3,1,0.00599999959145775
63,3,2,0.00599999959098127
63,3,3,0.005999999590982449
63,3,4,0.005999999590864308
63,3,5,0.005999999590557095
63,3,6,0.0059999995910175186
63,3,7,0.005999999590607652
63,3,8,0.00599999959164757
63,3,9,0.005999999592156122
63,3,10,0.005999999591760161
63,4,1,0.005999999591445537
63,4,2,0.005999999591865868
63,4,3,0.005999999590936542
63,4,4,0.005999999590878047
63,4,5,0.005999999591281571
63,4,6,0.005999999590962188
63,4,7,0.005999999591669025
63,4,8,0.005999999591267027
63,4,9,0.005999999591927319
63,4,10,0.005999999591303026
63,5,1,0.005999999591745617
63,5,2,0.005999999592316244
63,5,3,0.005999999590961841
63,5,4,0.005999999591612654
63,5,5,0.0059999995908893294
63,5,6,0.005999999591642061
63,5,7,0.005999999591735722
63,5,8,0.005999999591600802
63,5,9,0.005999999590935418
63,5,10,0.005999999592417454
63,6,1,0.0059999995949001905
63,6,2,0.005999999597051928
63,6,3,0.005999999594877611
63,6,4,0.005999999594158728
63,6,5,0.0059999995966843744
63,6,6,0.005999999594591507
63,6,7,0.005999999597234559
63,6,8,0.005999999597174399
63,6,9,0.005999999594947764
63,6,10,0.005999999597844224
63,7,1,0.00599999970149237
63,7,2,0.005999999730085304
63,7,3,0.005999999688425767
63,7,4,0.005999999687699459
63,7,5,0.00599999971259646
63,7,6,0.005999999687731378
63,7,7,0.0059999992380807415
63,7,8,0.005999999715100207
63,7,9,0.005999999685219748
63,7,10,0.006
63,8,1,0.005999999979193205
63,8,2,0.006
63,8,3,0.006
63,8,4,0.006
63,8,5,0.005999999987342602
63,8,6,0.005999999987372523
63,8,7,0.006
63,8,8,0.005999999994509397
63,8,9,0.006
63,8,10,0.005999999981041726
63,9,1,0.005999999964082042
63,9,2,0.005999999967116837
63,9,3,0.005999999989620003
63,9,4,0.0059999999718717
63,9,5,0.005999999986153942
63,9,6,0.005999999695117608
63,9,7,0.005999999974262316
63,9,8,0.005999999980596693
63,9,9,0.00599999995790268
63,9,10,0.006
63,10,1,0.005999999989494381
63,10,2,0.005999999995074556
63,10,3,0.006
63,10,4,0.005999999984391741
63,10,5,0.005999999987924803
63,10,6,0.006
63,10,7,0.006
63,10,8,0.005999999988733906
63,10,9,0.005999999966883357
63,10,10,0.005999999979735243
63,11,1,0.00599999997853265
63,11,2,0.006
63,11,3,0.005999999977774756
63,11,4,0.00599999996676065
63,11,5,0.0059999999886657385
63,11,6,0.0059999999836756746
63,11,7,0.00599999998727474
63,11,8,0.005999999994441119
63,11,9,0.005999999992477939
63,11,10,0.005999999986762927
63,12,1,0.005999999981715992
63,12,2,0.005999999991612909
63,12,3,0.005999999986481874
63,12,4,0.006
63,12,5,0.005999999979681786
63,12,6,0.005999999988399118
63,12,7,0.0059999999945944404
63,12,8,0.005999999975246584
63,12,9,0.005999999972344683
63,12,10,0.005999999975616344
63,13,1,0.005999999996147171
63,13,2,0.005999999999283273
63,13,3,0.005999999986494725
63,13,4,0.006
63,13,5,0.00599999999439052
63,13,6,0.006
63,13,7,0.00599999999739223
63,13,8,0.005999999989255517
63,13,9,0.005999999983959586
63,13,10,0.0059999999850206265
63,14,1,0.005999999978159726
63,14,2,0.005999999925641514
63,14,3,0.006
63,14,4,0.005999999967755909
63,14,5,0.006
63,14,6,0.005999999991233518
63,14,7,0.006
63,14,8,0.005999999990882993
63,14,9,0.005999999987322979
63,14,10,0.006
63,15,1,0.005999999988937271
63,15,2,0.005999999932671335
63,15,3,0.005999999991788657
63,15,4,0.00599999998564571
63,15,5,0.00599999999272105
63,15,6,0.005999999728527633
63,15,7,0.005999999728731775
63,15,8,0.005999999992690186
63,15,9,0.0059999999784421665
63,15,10,0.005999999984537957
63,16,1,0.005999999707901715
63,16,2,0.006
63,16,3,0.005999999716676946
63,16,4,0.005999999987850835
63,16,5,0.006
63,16,6,0.005999999998062194
63,16,7,0.006
63,16,8,0.005999999986306237
63,16,9,0.006
63,16,10,0.005999999985361604
63,17,1,0.005999999983993337
63,17,2,0.0059999999777602675
63,17,3,0.005999999993458793
63,17,4,0.00599999998038106
63,17,5,0.0059999997059784205
63,17,6,0.005999999713908993
63,17,7,0.005999999709908166
63,17,8,0.006
63,17,9,0.005999999987275351
63,17,10,0.005999999994711014
63,18,1,0.005999999614109713
63,18,2,0.005999999609273818
63,18,3,0.005999999614593077
63,18,4,0.005999999614812929
63,18,5,0.005999999604176812
63,18,6,0.005999999600841008
63,18,7,0.005999999604624648
63,18,8,0.005999999612467027
63,18,9,0.0059999996129805055
63,18,10,0.005999999612295873
63,19,1,0.005999999590693042
63,19,2,0.005999999591324745
63,19,3,0.005999999591382865
63,19,4,0.005999999591214666
63,19,5,0.005999999591149441
63,19,6,0.005999999591304192
63,19,7,0.005999999591160002
63,19,8,0.0059999995912998205
63,19,9,0.005999999591293478
63,19,10,0.0059999995914182674
63,20,1,0.0059999995917883325
63,20,2,0.005999999590991886
63,20,3,0.005999999591023902
63,20,4,0.005999999591360147
63,20,5,0.005999999591635052
63,20,6,0.005999999591004043
63,20,7,0.005999999591463259
63,20,8,0.005999999591852184
63,20,9,0.005999999590710306
63,20,10,0.005999999591909638
63,21,1,0.005999999590714886
63,21,2,0.005999999590507163
63,21,3,0.0059999995908290304
63,21,4,0.005999999592060726
63,21,5,0.005999999591671468
63,21,6,0.005999999591115579
63,21,7,0.005999999591094526
63,21,8,0.005999999590811045
63,21,9,0.005999999591545596
63,21,10,0.005999999591651817
63,22,1,0.005999999591467631
63,22,2,0.005999999592320476
63,22,3,0.005999999591035504
63,22,4,0.005999999591462482
63,22,5,0.0059999995910823695
63,22,6,0.005999999591051158
63,22,7,0.005999999590906774
63,22,8,0.005999999591928859
63,22,9,0.005999999591570368
63,22,10,0.005999999591474056
63,23,1,0.005999999591515953
63,23,2,0.005999999591942279
63,23,3,0.005999999591424429
63,23,4,0.005999999590507107
63,23,5,0.005999999591740579
63,23,6,0.005999999591477248
63,23,7,0.005999999591015465
63,23,8,0.005999999591137631
63,23,9,0.005999999591351224
63,23,10,0.005999999592304128
63,24,1,0.005999999590640015
63,24,2,0.00599999959186806
63,24,3,0.005999997872416847
63,24,4,0.005999999591058472
63,24,5,0.005999999591247793
63,24,6,0.005999999590958635
63,24,7,0.0059999995912645016
63,24,8,0.005999999591258201
63,24,9,0.005999999591759939
63,24,10,0.0059999995912412285
64,1,1,0.03599999908242642
64,1,2,0.0359999990821399
64,1,3,0.03599999908223607
64,1,4,0.03599999908244371
64,1,5,0.03599999908237346
64,1,6,0.03599999908278764
64,1,7,0.03599999908273943
64,1,8,0.03599999908223475
64,1,9,0.035999999082746204
64,1,10,0.035999999082489784
64,2,1,0.03599999908230682
64,2,2,0.03599999908218453
64,2,3,0.035999999082399994
64,2,4,0.03599999908225757
64,2,5,0.035999999082679646
64,2,6,0.03599999908234766
64,2,7,0.03599999908249782
64,2,8,0.0359999990822811
64,2,9,0.03599999908254037
64,2,10,0.03599999908258708
64,3,1,0.03599999908260722
64,3,2,0.035999999082693704
64,3,3,0.035999999082460904
64,3,4,0.035999999082814385
64,3,5,0.03599999908233306
64,3,6,0.035999999082351575
64,3,7,0.0359999990827955
64,3,8,0.035999999082512
64,3,9,0.03599999908199224
64,3,10,0.03599999908241555
64,4,1,0.03599999908225453
64,4,2,0.035999999082520884
64,4,3,0.035999999082652445
64,4,4,0.03599999908222318
64,4,5,0.035999999082031595
64,4,6,0.035999999082432954
64,4,7,0.035999999082363746
64,4,8,0.035999999082141604
64,4,9,0.03599999908201604
64,4,10,0.03599999908266538
64,5,1,0.035999999082420145
64,5,2,0.03599999908243698
64,5,3,0.03599999908241523
64,5,4,0.03599999908235543
64,5,5,0.03599999908263539
64,5,6,0.03599999908208375
64,5,7,0.03599999908275198
64,5,8,0.03599999908283398
64,5,9,0.03599999908252138
64,5,10,0.03599999908186585
64,6,1,0.03599999909314672
64,6,2,0.0359999990979311
64,6,3,0.03599999909345765
64,6,4,0.03599999909326228
64,6,5,0.03599999909718968
64,6,6,0.03599999909133447
64,6,7,0.03599999909465014
64,6,8,0.0359999990959491
64,6,9,0.035999999092651114
64,6,10,0.035999999100668784
64,7,1,0.03599999936835335
64,7,2,0.03599999943913382
64,7,3,0.035999999336209954
64,7,4,0.03599999933603777
64,7,5,0.03599999939563553
64,7,6,0.035999999335820695
64,7,7,0.035999997854370074
64,7,8,0.03599999939794028
64,7,9,0.03599999932842657
64,7,10,0.035999999942793834
64,8,1,0.03599999999390198
64,8,2,0.035999999970748486
64,8,3,0.035999999935111854
64,8,4,0.03599999996997494
64,8,5,0.036
64,8,6,0.035999999988772
64,8,7,0.035999999976222524
64,8,8,0.035999999979661204
64,8,9,0.03599999996120831
64,8,10,0.03599999999010059
64,9,1,0.035999999931253385
64,9,2,0.036
64,9,3,0.036
64,9,4,0.0359999999980236
64,9,5,0.03599999999800012
64,9,6,0.03599999935017019
64,9,7,0.03599999996262933
64,9,8,0.0359999999788201
64,9,9,0.036
64,9,10,0.036
64,10,1,0.035999999998480206
64,10,2,0.036
64,10,3,0.035999999855872516
64,10,4,0.0359999999929793
64,10,5,0.0359999999870997
64,10,6,0.03599999997169673
64,10,7,0.0359999999979297
64,10,8,0.03599999998873349
64,10,9,0.036
64,10,10,0.036
64,11,1,0.036
64,11,2,0.035999999982064906
64,11,3,0.035999999992883905
64,11,4,0.036
64,11,5,0.03599999999058233
64,11,6,0.03599999999387901
64,11,7,0.036
64,11,8,0.03599999999420496
64,11,9,0.035999999999310514
64,11,10,0.03599999999593069
64,12,1,0.036
64,12,2,0.03599999997755446
64,12,3,0.035999999991689804
64,12,4,0.035999999940306476
64,12,5,0.036
64,12,6,0.03599999999087118
64,12,7,0.03599999997339297
64,12,8,0.036
64,12,9,0.036
64,12,10,0.0359999999927136
64,13,1,0.036
64,13,2,0.03599999999293732
64,13,3,0.03599999998558097
64,13,4,0.036
64,13,5,0.03599999998329917
64,13,6,0.03599999996684404
64,13,7,0.03599999997764017
64,13,8,0.035999999982743586
64,13,9,0.035999999985266665
64,13,10,0.03599999998825873
64,14,1,0.035999999998362786
64,14,2,0.036
64,14,3,0.03599999995331224
64,14,4,0.035999999993604787
64,14,5,0.03599999999419548
64,14,6,0.035999999987685674
64,14,7,0.03599999998198666
64,14,8,0.03599999999281367
64,14,9,0.035999999986980585
64,14,10,0.035999999987613066
64,15,1,0.0359999999974132
64,15,2,0.036
64,15,3,0.035999999989267215
64,15,4,0.035999999988610865
64,15,5,0.03599999998307042
64,15,6,0.035999999432812554
64,15,7,0.035999999459509185
64,15,8,0.03599999998549086
64,15,9,0.036
64,15,10,0.036
64,16,1,0.035999999384721953
64,16,2,0.03599999996232309
64,16,3,0.03599999940268685
64,16,4,0.0359999999987103
64,16,5,0.03599999997690072
64,16,6,0.03599999996828654
64,16,7,0.03599999997644775
64,16,8,0.03599999994968632
64,16,9,0.0359999999672711
64,16,10,0.03599999998335454
64,17,1,0.03599999998072921
64,17,2,0.036
64,17,3,0.036
64,17,4,0.035999999996795706
64,17,5,0.03599999938034065
64,17,6,0.03599999939764495
64,17,7,0.03599999938827245
64,17,8,0.035999999996421755
64,17,9,0.035999999963887294
64,17,10,0.036
64,18,1,0.03599999914238486
64,18,2,0.03599999913322534
64,18,3,0.03599999914524103
64,18,4,0.035999999145584397
64,18,5,0.03599999911650553
64,18,6,0.03599999910961722
64,18,7,0.035999999117713524
64,18,8,0.035999999139790045
64,18,9,0.035999999143248626
64,18,10,0.035999999140637465
64,19,1,0.03599999908255426
64,19,2,0.03599999908228982
64,19,3,0.03599999908229419
64,19,4,0.03599999908261628
64,19,5,0.03599999907985821
64,19,6,0.03599999908230639
64,19,7,0.035999999082563475
64,19,8,0.035999999082338446
64,19,9,0.03599999908279894
64,19,10,0.03599999908274806
64,20,1,0.03599999908240707
64,20,2,0.03599999908237396
64,20,3,0.03599999908222429
64,20,4,0.035999999079860234
64,20,5,0.035999999082346454
64,20,6,0.03599999908262279
64,20,7,0.03599999908236945
64,20,8,0.035999999082396206
64,20,9,0.03599999908263388
64,20,10,0.03599999908246855
64,21,1,0.03599999908276619
64,21,2,0.03599999908279321
64,21,3,0.03599999908270558
64,21,4,0.03599999908263138
64,21,5,0.03599999908235582
64,21,6,0.03599999908270343
64,21,7,0.03599999908228978
64,21,8,0.035999999082952844
64,21,9,0.035999999082545184
64,21,10,0.0359999990826186
64,22,1,0.03599999908276118
64,22,2,0.03599999908180081
64,22,3,0.03599999908259449
64,22,4,0.03599999908264612
64,22,5,0.03599999908268969
64,22,6,0.035999999082190384
64,22,7,0.03599999908248121
64,22,8,0.035999999082529946
64,22,9,0.03599999908238831
64,22,10,0.035999999082753975
64,23,1,0.035999999082513015
64,23,2,0.03599999908212036
64,23,3,0.035999999082280854
64,23,4,0.03599999908284664
64,23,5,0.035999999082275205
64,23,6,0.035999999082119205
64,23,7,0.035999999080730066
64,23,8,0.035999999082977255
64,23,9,0.03599999908243978
64,23,10,0.03599999908247063
64,24,1,0.035999999082526074
64,24,2,0.03599999908217358
64,24,3,0.03530697412410657
64,24,4,0.03599999908247131
64,24,5,0.03599999908277532
64,24,6,0.03599999908281569
64,24,7,0.03599999907958133
64,24,8,0.03599999908263157
64,24,9,0.035999999082581904
64,24,10,0.035999999079275355
65,1,1,0.06842115306322054
65,1,2,0.06842115018677714
65,1,3,0.06842115052783733
65,1,4,0.06842115231555075
65,1,5,0.06842114880079504
65,1,6,0.06842115021613772
65,1,7,0.06842115145269438
65,1,8,0.0684211478144317
65,1,9,0.06842115026774813
65,1,10,0.06842115111258644
65,2,1,0.06842114888005309
65,2,2,0.06842114880988008
65,2,3,0.0684211495070068
65,2,4,0.06842115359327036
65,2,5,0.06842115357061733
65,2,6,0.06842115036652904
65,2,7,0.06842115005213097
65,2,8,0.06842115201498623
65,2,9,0.06842115154202025
65,2,10,0.06842115204214264
65,3,1,0.06842115063044167
65,3,2,0.06842114963028348
65,3,3,0.06842115052497515
65,3,4,0.06842115330197336
65,3,5,0.0684211508497659
65,3,6,0.0684211478023563
65,3,7,0.06842114839036632
65,3,8,0.06842114994782861
65,3,9,0.06842115193155704
65,3,10,0.06842114957446167
65,4,1,0.06842115400159707
65,4,2,0.06842114976294231
65,4,3,0.06842115155547918
65,4,4,0.06842115148520274
65,4,5,0.06842114977663993
65,4,6,0.06842114806485596
65,4,7,0.06842114905010035
65,4,8,0.06842114858449877
65,4,9,0.06842115073362758
65,4,10,0.06842115187522815
65,5,1,0.06842115016864576
65,5,2,0.0684211500409538
65,5,3,0.06842115290849067
65,5,4,0.06842115077866266
65,5,5,0.06842115058834077
65,5,6,0.06842114814009975
65,5,7,0.06842114882227579
65,5,8,0.06842115423356884
65,5,9,0.06842115321756354
65,5,10,0.06842114666306677
65,6,1,0.06922048577588791
65,6,2,0.06958370971423727
65,6,3,0.06920334274302371
65,6,4,0.06920334773005446
65,6,5,0.06953467387889099
65,6,6,0.06909257984299955
65,6,7,0.06958321999274893
65,6,8,0.06946739143489006
65,6,9,0.06917163404862568
65,6,10,0.0697906929045939
65,7,1,0.09884907912726587
65,7,2,0.10499997707439564
65,7,3,0.09442701152830711
65,7,4,0.09442701259592999
65,7,5,0.10321215126314474
65,7,6,0.09406829883404265
65,7,7,0.029233064345090803
65,7,8,0.10373486454295736
65,7,9,0.09337734070532319
65,7,10,0.105
65,8,1,0.10499999997526968
65,8,2,0.105
65,8,3,0.105
65,8,4,0.10499999997566313
65,8,5,0.1049999999716878
65,8,6,0.10499999997869541
65,8,7,0.10499999999423475
65,8,8,0.10499999998295836
65,8,9,0.105
65,8,10,0.105
65,9,1,0.105
65,9,2,0.10499999997145398
65,9,3,0.10499999996757428
65,9,4,0.1049999999868113
65,9,5,0.1049999999943503
65,9,6,0.09635385341958418
65,9,7,0.10499999996059634
65,9,8,0.105
65,9,9,0.10499999998073564
65,9,10,0.10499999995828593
65,10,1,0.10499999997831816
65,10,2,0.10499999995896148
65,10,3,0.105
65,10,4,0.10499999998554375
65,10,5,0.10499999998571735
65,10,6,0.105
65,10,7,0.10499999995248781
65,10,8,0.10499999998740697
65,10,9,0.105
65,10,10,0.10499999998803189
65,11,1,0.1049999999653935
65,11,2,0.10499999997473206
65,11,3,0.10499999999074316
65,11,4,0.105
65,11,5,0.10499999998684437
65,11,6,0.10499999997726367
65,11,7,0.10499999995395462
65,11,8,0.10499999998009217
65,11,9,0.10499999999114354
65,11,10,0.105
65,12,1,0.10499999998106659
65,12,2,0.10499999999932336
65,12,3,0.1049999999812536
65,12,4,0.10499999999355816
65,12,5,0.10499999996754178
65,12,6,0.10499999998833633
65,12,7,0.10499999999561269
65,12,8,0.10499999999153262
65,12,9,0.10499999999708055
65,12,10,0.105
65,13,1,0.10499999997637485
65,13,2,0.10499999999311434
65,13,3,0.10499999998884689
65,13,4,0.10499999996465081
65,13,5,0.105
65,13,6,0.105
65,13,7,0.10499999998485421
65,13,8,0.10499999997532794
65,13,9,0.105
65,13,10,0.10499999999776474
65,14,1,0.10499999998251813
65,14,2,0.10499999997133581
65,14,3,0.105
65,14,4,0.10499999999647255
65,14,5,0.10499999998514553
65,14,6,0.10499999999404813
65,14,7,0.1049999999648035
65,14,8,0.10499999999164072
65,14,9,0.10499999998537463
65,14,10,0.10499999999597637
65,15,1,0.10499999997282343
65,15,2,0.10499999996768161
65,15,3,0.10499999998556456
65,15,4,0.10499999998720828
65,15,5,0.105
65,15,6,0.10499997457939939
65,15,7,0.10499998189897372
65,15,8,0.1049999999947125
65,15,9,0.10499999999057304
65,15,10,0.1049999999943945
65,16,1,0.10131459207870991
65,16,2,0.10499999999610322
65,16,3,0.10443764078340063
65,16,4,0.10499999998432537
65,16,5,0.1049999999760995
65,16,6,0.105
65,16,7,0.10499999999157734
65,16,8,0.104999999973325
65,16,9,0.10499999998485707
65,16,10,0.10499999998627566
65,17,1,0.1049999999789299
65,17,2,0.104999999993717
65,17,3,0.10499999996041338
65,17,4,0.10499999999285264
65,17,5,0.10072308280614731
65,17,6,0.1036557747185439
65,17,7,0.10212332655685204
65,17,8,0.10499999999618112
65,17,9,0.105
65,17,10,0.10499999996577147
65,18,1,0.07335898298442707
65,18,2,0.07235968858181892
65,18,3,0.07340964640151873
65,18,4,0.07340964110812111
65,18,5,0.07102571912061145
65,18,6,0.07047717144641946
65,18,7,0.07113923739859414
65,18,8,0.07292600222617468
65,18,9,0.07320758469789962
65,18,10,0.07300089733837764
65,19,1,0.06842114995104705
65,19,2,0.0684211499154118
65,19,3,0.06842114841253308
65,19,4,0.06842114975024119
65,19,5,0.06842114822196123
65,19,6,0.06842114866954768
65,19,7,0.06842114810471343
65,19,8,0.06842115202377122
65,19,9,0.06842115028633652
65,19,10,0.06842115218397068
65,20,1,0.068421150622556
65,20,2,0.06842115005999645
65,20,3,0.06842115140456813
65,20,4,0.06842114874514199
65,20,5,0.06842114890464628
65,20,6,0.06842114985509636
65,20,7,0.06842115099411257
65,20,8,0.06842115046451848
65,20,9,0.0684211518877529
65,20,10,0.06842115453290863
65,21,1,0.06842115057667975
65,21,2,0.06842115117329527
65,21,3,0.06842114795214047
65,21,4,0.06842115044119594
65,21,5,0.06842114834640094
65,21,6,0.068421152876765
65,21,7,0.06842115057607301
65,21,8,0.06842115327239019
65,21,9,0.06842115193140266
65,21,10,0.06842114806003129
65,22,1,0.0684211509849634
65,22,2,0.06842115244716378
65,22,3,0.06842114825120225
65,22,4,0.06842115107347854
65,22,5,0.06842115282239239
65,22,6,0.06842114547436799
65,22,7,0.06842115326954323
65,22,8,0.06842114937745274
65,22,9,0.06842114944948847
65,22,10,0.06842115114487995
65,23,1,0.06842114938554529
65,23,2,0.06842115051803671
65,23,3,0.06842115217094516
65,23,4,0.06842114956548007
65,23,5,0.06842114976720168
65,23,6,0.06842115044941276
65,23,7,0.06842116271062415
65,23,8,0.06842115008225325
65,23,9,0.068421149295833
65,23,10,0.06842114799881954
65,24,1,0.06842115039399735
65,24,2,0.06842115224456426
65,24,3,-4.202601933175064e-8
65,24,4,0.06842114725360246
65,24,5,0.06842115075655394
65,24,6,0.06842115103382625
65,24,7,0.06842115203175024
65,24,8,0.06842114840946813
65,24,9,0.06842115427640948
65,24,10,0.06842114970026197
67,1,1,0.08499999998972824
67,1,2,0.08499999999086544
67,1,3,0.08499999998967263
67,1,4,0.08499999998974513
67,1,5,0.08499999998972704
67,1,6,0.0849999999897312
67,1,7,0.08499999998970692
67,1,8,0.08499999999154795
67,1,9,0.08499999998964158
67,1,10,0.08499999999079703
67,2,1,0.08499999998973905
67,2,2,0.08499999999051654
67,2,3,0.08499999998976006
67,2,4,0.08499999998975273
67,2,5,0.08499999998970677
67,2,6,0.08499999998972843
67,2,7,0.08499999998980626
67,2,8,0.08499999999154456
67,2,9,0.08499999998972325
67,2,10,0.08499999999083875
67,3,1,0.08499999998980194
67,3,2,0.08499999999018348
67,3,3,0.0849999999897692
67,3,4,0.08499999998975992
67,3,5,0.08499999998979031
67,3,6,0.08499999998980537
67,3,7,0.08499999998979894
67,3,8,0.08499999999160611
67,3,9,0.0849999999897855
67,3,10,0.0849999999908297
67,4,1,0.0849999999896832
67,4,2,0.08499999999025096
67,4,3,0.08499999998977119
67,4,4,0.08499999998981052
67,4,5,0.08499999998980637
67,4,6,0.0849999999897246
67,4,7,0.0849999999897983
67,4,8,0.08499999999155182
67,4,9,0.08499999998980372
67,4,10,0.08499999999107184
67,5,1,0.08499999998973044
67,5,2,0.08499999999030315
67,5,3,0.08499999998972159
67,5,4,0.08499999998973376
67,5,5,0.08499999998969097
67,5,6,0.08499999998973003
67,5,7,0.08499999998981989
67,5,8,0.08499999999160493
67,5,9,0.08499999998975842
67,5,10,0.08499999999137152
67,6,1,0.08499999998976174
67,6,2,0.08499999999055147
67,6,3,0.08499999998957011
67,6,4,0.08499999998958212
67,6,5,0.08499999998969485
67,6,6,0.0849999999895911
67,6,7,0.08499999998978287
67,6,8,0.08499999999161369
67,6,9,0.08499999998951539
67,6,10,0.08499999999158771
67,7,1,0.08499999998968553
67,7,2,0.08499999999059772
67,7,3,0.08499999998956541
67,7,4,0.08499999998947466
67,7,5,0.08499999998969864
67,7,6,0.08499999998959022
67,7,7,0.08499999998994123
67,7,8,0.08499999999163588
67,7,9,0.08499999998978557
67,7,10,0.08499999999160629
67,8,1,0.08499999998975158
67,8,2,0.08499999999155922
67,8,3,0.08499999998986274
67,8,4,0.08499999998944549
67,8,5,0.08499999998993864
67,8,6,0.0849999999897401
67,8,7,0.08499999999011358
67,8,8,0.08499999998948092
67,8,9,0.08499999998956798
67,8,10,0.08499999999156753
67,9,1,0.08499999998974941
67,9,2,0.08499999999152003
67,9,3,0.08499999998981822
67,9,4,0.08499999998976111
67,9,5,0.08499999998985759
67,9,6,0.08499999998975587
67,9,7,0.08499999999009085
67,9,8,0.08499999999058586
67,9,9,0.08499999998956141
67,9,10,0.08499999999023539
67,10,1,0.08499999998993035
67,10,2,0.08499999999017895
67,10,3,0.08499999998990576
67,10,4,0.08499999998991542
67,10,5,0.08499999998995161
67,10,6,0.08499999998998169
67,10,7,0.08499999999006776
67,10,8,0.08499999999153951
67,10,9,0.08499999998993216
67,10,10,0.08499999999012951
67,11,1,0.08499999999008319
67,11,2,0.08499999999013538
67,11,3,0.08499999999012517
67,11,4,0.08499999999005022
67,11,5,0.08499999999006755
67,11,6,0.08499999999008198
67,11,7,0.08499999999011629
67,11,8,0.08499999999057975
67,11,9,0.0849999999901224
67,11,10,0.08499999999014085
67,12,1,0.08499999999010976
67,12,2,0.08499999999021887
67,12,3,0.08499999999011852
67,12,4,0.08499999999011429
67,12,5,0.08499999999015438
67,12,6,0.08499999999014307
67,12,7,0.08499999999011837
67,12,8,0.08499999999015527
67,12,9,0.08499999999015986
67,12,10,0.08499999999013909
67,13,1,0.08499999999010403
67,13,2,0.08499999999022939
67,13,3,0.0849999999901193
67,13,4,0.08499999999006569
67,13,5,0.08499999999009959
67,13,6,0.08499999999016868
67,13,7,0.08499999999012876
67,13,8,0.08499999999028754
67,13,9,0.08499999999011927
67,13,10,0.08499999999015417
67,14,1,0.08499999999010724
67,14,2,0.08499999999015133
67,14,3,0.08499999999011451
67,14,4,0.0849999999900594
67,14,5,0.08499999999010568
67,14,6,0.08499999999011067
67,14,7,0.08499999999015515
67,14,8,0.08499999999038887
67,14,9,0.08499999999011548
67,14,10,0.08499999999021961
67,15,1,0.08499999999002045
67,15,2,0.08499999999015602
67,15,3,0.08499999998995719
67,15,4,0.08499999998997756
67,15,5,0.08499999999004502
67,15,6,0.08499999998999581
67,15,7,0.08499999999001773
67,15,8,0.08499999999115702
67,15,9,0.0849999999900293
67,15,10,0.08499999999015888
67,16,1,0.0849999999898109
67,16,2,0.084999999990996
67,16,3,0.08499999998983956
67,16,4,0.08499999998986517
67,16,5,0.08499999998982706
67,16,6,0.0849999999898368
67,16,7,0.08499999998983203
67,16,8,0.08499999999155453
67,16,9,0.08499999998976285
67,16,10,0.08499999999015359
67,17,1,0.08499999998889886
67,17,2,0.08499999999154784
67,17,3,0.08499999998979434
67,17,4,0.08499999998967739
67,17,5,0.08499999998968283
67,17,6,0.08499999998906113
67,17,7,0.08499999998987356
67,17,8,0.08499999999153339
67,17,9,0.0849999999888843
67,17,10,0.08499999999154736
67,18,1,0.0849999999871952
67,18,2,0.08499999999159155
67,18,3,0.0849999999898563
67,18,4,0.08499999998961055
67,18,5,0.08499999998967268
67,18,6,0.08499999998903275
67,18,7,0.0849999999908697
67,18,8,0.08499999999152075
67,18,9,0.08499999998898512
67,18,10,0.08499999999155954
67,19,1,0.0849999999871321
67,19,2,0.08499999999159294
67,19,3,0.08499999999154516
67,19,4,0.08499999998745286
67,19,5,0.0849999999894393
67,19,6,0.08499999998903363
67,19,7,0.08499999999153579
67,19,8,0.08499999999160388
67,19,9,0.0849999999872791
67,19,10,0.08499999999156943
67,20,1,0.08499999999155056
67,20,2,0.08499999999110831
67,20,3,0.08499999998961574
67,20,4,0.08499999998742236
67,20,5,0.08499999998958213
67,20,6,0.08499999998914103
67,20,7,0.08499999999015763
67,20,8,0.0849999999913933
67,20,9,0.08499999998712286
67,20,10,0.08499999999152903
67,21,1,0.0849999999886761
67,21,2,0.08499999999111478
67,21,3,0.08499999998969249
67,21,4,0.0849999999877077
67,21,5,0.08499999998967914
67,21,6,0.08499999999161761
67,21,7,0.0849999999916029
67,21,8,0.08499999998528243
67,21,9,0.08499999999122992
67,21,10,0.08499999999155453
67,22,1,0.08499999998863231
67,22,2,0.08499999998781128
67,22,3,0.08499999998967091
67,22,4,0.08499999998881566
67,22,5,0.0849999999896843
67,22,6,0.08499999999158936
67,22,7,0.08499999999161154
67,22,8,0.08499999999158844
67,22,9,0.0849999999889061
67,22,10,0.08499999999161854
67,23,1,0.08499999998877376
67,23,2,0.08499999998940208
67,23,3,0.08499999998954993
67,23,4,0.08499999998880983
67,23,5,0.0849999999893384
67,23,6,0.08499999999159942
67,23,7,0.08499999999099178
67,23,8,0.08499999999159513
67,23,9,0.0849999999888771
67,23,10,0.08499999999160737
67,24,1,0.08499999998924807
67,24,2,0.08499999998934817
67,24,3,0.08499999998955621
67,24,4,0.08499999999158989
67,24,5,0.08499999998932746
67,24,6,0.08499999998931324
67,24,7,0.08499999998928892
67,24,8,0.08499999999141755
67,24,9,0.08499999998922143
67,24,10,0.08499999999121458
68,1,1,0.005999999984813874
68,1,2,0.005999999986516378
68,1,3,0.005999999966570732
68,1,4,0.005999999936839064
68,1,5,0.006
68,1,6,0.006
68,1,7,0.006
68,1,8,0.005999999993975186
68,1,9,0.005999999946610608
68,1,10,0.006
68,2,1,0.006
68,2,2,0.006
68,2,3,0.005999999996933775
68,2,4,0.005999999987374667
68,2,5,0.00599999999219538
68,2,6,0.00599999991654011
68,2,7,0.005999999972058637
68,2,8,0.00599999997311762
68,2,9,0.006
68,2,10,0.005999999978206718
68,3,1,0.006
68,3,2,0.005999999995541225
68,3,3,0.006
68,3,4,0.006
68,3,5,0.006
68,3,6,0.005999999999489483
68,3,7,0.005999999959387686
68,3,8,0.005999999936703797
68,3,9,0.005999999912971482
68,3,10,0.005999999951308751
68,4,1,0.006
68,4,2,0.005999999978547728
68,4,3,0.006
68,4,4,0.0059999999738492155
68,4,5,0.005999999975800745
68,4,6,0.006
68,4,7,0.005999999989614257
68,4,8,0.006
68,4,9,0.006
68,4,10,0.006
68,5,1,0.006
68,5,2,0.006
68,5,3,0.0059999999376148146
68,5,4,0.005999999953997248
68,5,5,0.0059999999422869045
68,5,6,0.006
68,5,7,0.005999999974073295
68,5,8,0.006
68,5,9,0.005999999979595234
68,5,10,0.006
68,6,1,0.006
68,6,2,0.006
68,6,3,0.006
68,6,4,0.005999999929339913
68,6,5,0.005999999915207559
68,6,6,0.00599999997216431
68,6,7,0.006
68,6,8,0.006
68,6,9,0.006
68,6,10,0.005999999979685169
68,7,1,0.005999999982150762
68,7,2,0.006
68,7,3,0.0059999999993272796
68,7,4,0.006
68,7,5,0.006
68,7,6,0.006
68,7,7,0.005999999988691107
68,7,8,0.005999999946380674
68,7,9,0.005999999976832442
68,7,10,0.00599999999808197
68,8,1,0.0059999999947471065
68,8,2,0.006
68,8,3,0.006
68,8,4,0.005999999961472383
68,8,5,0.005999999985060997
68,8,6,0.006
68,8,7,0.005999999972581556
68,8,8,0.00599999999701243
68,8,9,0.006
68,8,10,0.006
68,9,1,0.006
68,9,2,0.006
68,9,3,0.005999999974009226
68,9,4,0.005999999930573829
68,9,5,0.005999999967214377
68,9,6,0.005999999982586397
68,9,7,0.005999999984989089
68,9,8,0.005999999932596353
68,9,9,0.006
68,9,10,0.005999999966653558
68,10,1,0.0059999999170263045
68,10,2,0.005999999956948585
68,10,3,0.005999999919798764
68,10,4,0.005999999961162281
68,10,5,0.00599999992734471
68,10,6,0.006
68,10,7,0.005999999938540734
68,10,8,0.0059999999679787586
68,10,9,0.005999999962913439
68,10,10,0.005999999953715113
68,11,1,0.005999999977277258
68,11,2,0.006
68,11,3,0.006
68,11,4,0.005999999943985295
68,11,5,0.005999999983068154
68,11,6,0.0059999999337576534
68,11,7,0.005999999952161137
68,11,8,0.006
68,11,9,0.005999999962631262
68,11,10,0.006
68,12,1,0.006
68,12,2,0.00599999995531017
68,12,3,0.006
68,12,4,0.0059999999848208
68,12,5,0.00599999992742975
68,12,6,0.006
68,12,7,0.006
68,12,8,0.006
68,12,9,0.005999999944747723
68,12,10,0.005999999977546454
68,13,1,0.0059999999879051455
68,13,2,0.005999999950186578
68,13,3,0.005999999923331403
68,13,4,0.005999999950798682
68,13,5,0.005999999973083144
68,13,6,0.006
68,13,7,0.006
68,13,8,0.005999999998434459
68,13,9,0.005999999964975161
68,13,10,0.006
68,14,1,0.005999999991013333
68,14,2,0.005999999973353931
68,14,3,0.0059999999839445844
68,14,4,0.00599999993268259
68,14,5,0.00599999993689708
68,14,6,0.005999999944695793
68,14,7,0.005999999945539007
68,14,8,0.005999999968889863
68,14,9,0.0059999999751059185
68,14,10,0.006
68,15,1,0.006
68,15,2,0.0059999999886857815
68,15,3,0.0059999999689513035
68,15,4,0.0059999999246599205
68,15,5,0.005999999913867966
68,15,6,0.005999999984138284
68,15,7,0.0059999999612903865
68,15,8,0.005999999993335919
68,15,9,0.005999999963713552
68,15,10,0.006
68,16,1,0.005999999951619948
68,16,2,0.00599999992411256
68,16,3,0.005999999944327064
68,16,4,0.006
68,16,5,0.006
68,16,6,0.005999999923325956
68,16,7,0.006
68,16,8,0.005999999942968466
68,16,9,0.005999999956438202
68,16,10,0.0059999999893740105
68,17,1,0.006
68,17,2,0.005999999989285829
68,17,3,0.006
68,17,4,0.006
68,17,5,0.006
68,17,6,0.006
68,17,7,0.006
68,17,8,0.005999999978007868
68,17,9,0.006
68,17,10,0.006
68,18,1,0.006
68,18,2,0.005999999917265186
68,18,3,0.005999999963606581
68,18,4,0.005999999992112717
68,18,5,0.005999999984859335
68,18,6,0.005999999995002687
68,18,7,0.006
68,18,8,0.006
68,18,9,0.006
68,18,10,0.00599999998574316
68,19,1,0.006
68,19,2,0.006
68,19,3,0.006
68,19,4,0.006
68,19,5,0.005999999987500004
68,19,6,0.00599999995209137
68,19,7,0.006
68,19,8,0.006
68,19,9,0.005999999974861857
68,19,10,0.005999999914892775
68,20,1,0.006
68,20,2,0.005999999986070426
68,20,3,0.005999999986592511
68,20,4,0.0059999999609858315
68,20,5,0.005999999939185145
68,20,6,0.006
68,20,7,0.005999999930690808
68,20,8,0.0059999999782694435
68,20,9,0.006
68,20,10,0.005999999989249924
68,21,1,0.006
68,21,2,0.005999999995774261
68,21,3,0.005999999969813867
68,21,4,0.0059999999658593775
68,21,5,0.005999999974467346
68,21,6,0.005999999992297091
68,21,7,0.006
68,21,8,0.005999999997625606
68,21,9,0.006
68,21,10,0.0059999999752995
68,22,1,0.005999999932923024
68,22,2,0.005999999964299056
68,22,3,0.005999999961930333
68,22,4,0.006
68,22,5,0.005999999994899766
68,22,6,0.006
68,22,7,0.005999999964368494
68,22,8,0.005999999956916635
68,22,9,0.006
68,22,10,0.005999999976069217
68,23,1,0.006
68,23,2,0.006
68,23,3,0.005999999986681014
68,23,4,0.005999999999861236
68,23,5,0.006
68,23,6,0.005999999987596524
68,23,7,0.005999999989514424
68,23,8,0.005999999955242502
68,23,9,0.006
68,23,10,0.006
68,24,1,0.0059999999467002275
68,24,2,0.005999999988484141
68,24,3,0.005999999984563367
68,24,4,0.005999999941025347
68,24,5,0.005999999969756439
68,24,6,0.005999999989645184
68,24,7,0.005999999979726313
68,24,8,0.005999999984858118
68,24,9,0.006
68,24,10,0.006
69,1,1,0.006
69,1,2,0.005999999998276377
69,1,3,0.005999999969541384
69,1,4,0.006
69,1,5,0.005999999971098513
69,1,6,0.005999999965668842
69,1,7,0.005999999971264755
69,1,8,0.005999999977927155
69,1,9,0.006
69,1,10,0.005999999932807174
69,2,1,0.0059999999462377685
69,2,2,0.005999999966610837
69,2,3,0.006
69,2,4,0.005999999982579007
69,2,5,0.006
69,2,6,0.006
69,2,7,0.005999999998312827
69,2,8,0.006
69,2,9,0.0059999999908637545
69,2,10,0.005999999992899485
69,3,1,0.005999999927595985
69,3,2,0.006
69,3,3,0.005999999967829392
69,3,4,0.005999999995196528
69,3,5,0.005999999976198669
69,3,6,0.005999999957830238
69,3,7,0.005999999986937038
69,3,8,0.006
69,3,9,0.006
69,3,10,0.006
69,4,1,0.005999999981946752
69,4,2,0.005999999949444258
69,4,3,0.005999999988176784
69,4,4,0.005999999969403898
69,4,5,0.005999999957205401
69,4,6,0.00599999993097429
69,4,7,0.005999999978810871
69,4,8,0.005999999946588584
69,4,9,0.0059999999768506895
69,4,10,0.005999999950142389
69,5,1,0.005999999956977574
69,5,2,0.005999999974438111
69,5,3,0.005999999999939734
69,5,4,0.006
69,5,5,0.005999999977187266
69,5,6,0.00599999995826723
69,5,7,0.006
69,5,8,0.006
69,5,9,0.005999999934808578
69,5,10,0.00599999999960384
69,6,1,0.005999999958094367
69,6,2,0.005999999978307528
69,6,3,0.005999999957863819
69,6,4,0.006
69,6,5,0.006
69,6,6,0.006
69,6,7,0.005999999975858624
69,6,8,0.006
69,6,9,0.006
69,6,10,0.006
69,7,1,0.005999999998225553
69,7,2,0.005999999970942548
69,7,3,0.005999999996911441
69,7,4,0.0059999999345787015
69,7,5,0.005999999997702737
69,7,6,0.006
69,7,7,0.006
69,7,8,0.005999999983195864
69,7,9,0.006
69,7,10,0.006
69,8,1,0.0059999999533588795
69,8,2,0.005999999928090468
69,8,3,0.005999999998454464
69,8,4,0.005999999992761441
69,8,5,0.006
69,8,6,0.005999999953602168
69,8,7,0.006
69,8,8,0.006
69,8,9,0.005999999968109682
69,8,10,0.0059999999772808454
69,9,1,0.0059999999592439904
69,9,2,0.005999999962220004
69,9,3,0.0059999999567096965
69,9,4,0.006
69,9,5,0.0059999999870701815
69,9,6,0.006
69,9,7,0.00599999999986825
69,9,8,0.005999999995775341
69,9,9,0.006
69,9,10,0.005999999962509736
69,10,1,0.006
69,10,2,0.006
69,10,3,0.006
69,10,4,0.006
69,10,5,0.005999999972679674
69,10,6,0.005999999962794442
69,10,7,0.006
69,10,8,0.005999999961439212
69,10,9,0.005999999944585966
69,10,10,0.0059999999899291445
69,11,1,0.005999999980916153
69,11,2,0.0059999999684868174
69,11,3,0.0059999999690404406
69,11,4,0.005999999994615961
69,11,5,0.0059999999877558986
69,11,6,0.006
69,11,7,0.005999999970972485
69,11,8,0.005999999984313329
69,11,9,0.006
69,11,10,0.005999999933205491
69,12,1,0.005999999962276063
69,12,2,0.006
69,12,3,0.006
69,12,4,0.006
69,12,5,0.006
69,12,6,0.005999999959447076
69,12,7,0.005999999956033231
69,12,8,0.005999999967502487
69,12,9,0.006
69,12,10,0.005999999987384833
69,13,1,0.0059999999865762155
69,13,2,0.006
69,13,3,0.006
69,13,4,0.006
69,13,5,0.005999999980267276
69,13,6,0.006
69,13,7,0.005999999992685835
69,13,8,0.005999999949271407
69,13,9,0.005999999991089314
69,13,10,0.005999999947558525
69,14,1,0.005999999956932879
69,14,2,0.00599999998772543
69,14,3,0.005999999998883426
69,14,4,0.006
69,14,5,0.006
69,14,6,0.006
69,14,7,0.005999999999928153
69,14,8,0.0059999999945532425
69,14,9,0.006
69,14,10,0.0059999999657269175
69,15,1,0.005999999985285305
69,15,2,0.005999999954415941
69,15,3,0.006
69,15,4,0.006
69,15,5,0.006
69,15,6,0.006
69,15,7,0.005999999989026292
69,15,8,0.005999999940870493
69,15,9,0.006
69,15,10,0.005999999978960627
69,16,1,0.0059999999804299115
69,16,2,0.006
69,16,3,0.006
69,16,4,0.006
69,16,5,0.005999999979991276
69,16,6,0.005999999975453394
69,16,7,0.005999999988041377
69,16,8,0.006
69,16,9,0.006
69,16,10,0.005999999985899649
69,17,1,0.005999999959114266
69,17,2,0.006
69,17,3,0.005999999944792261
69,17,4,0.0059999999468812945
69,17,5,0.005999999989329149
69,17,6,0.006
69,17,7,0.00599999996223324
69,17,8,0.006
69,17,9,0.005999999997296255
69,17,10,0.005999999951798224
69,18,1,0.005999999973031084
69,18,2,0.006
69,18,3,0.005999999973327671
69,18,4,0.006
69,18,5,0.005999999990280151
69,18,6,0.0059999999873110756
69,18,7,0.005999999987965285
69,18,8,0.0059999999501742785
69,18,9,0.005999999961763312
69,18,10,0.006
69,19,1,0.0059999999766867235
69,19,2,0.005999999961325865
69,19,3,0.005999999965137753
69,19,4,0.005999999989307846
69,19,5,0.005999999988943433
69,19,6,0.006
69,19,7,0.005999999998774458
69,19,8,0.0059999999765861095
69,19,9,0.005999999979414814
69,19,10,0.006
69,20,1,0.005999999985109444
69,20,2,0.005999999965183037
69,20,3,0.005999999992545967
69,20,4,0.005999999990353798
69,20,5,0.006
69,20,6,0.005999999967626747
69,20,7,0.005999999995586813
69,20,8,0.006
69,20,9,0.00599999998888448
69,20,10,0.005999999933582134
69,21,1,0.006
69,21,2,0.00599999999880492
69,21,3,0.006
69,21,4,0.006
69,21,5,0.005999999983210026
69,21,6,0.0059999999540571655
69,21,7,0.005999999976007822
69,21,8,0.005999999988606286
69,21,9,0.005999999979895948
69,21,10,0.006
69,22,1,0.005999999980731793
69,22,2,0.005999999996326208
69,22,3,0.0059999999727566415
69,22,4,0.005999999978758002
69,22,5,0.005999999945990965
69,22,6,0.005999999982811588
69,22,7,0.006
69,22,8,0.006
69,22,9,0.005999999944746367
69,22,10,0.006
69,23,1,0.005999999980894398
69,23,2,0.006
69,23,3,0.005999999978225937
69,23,4,0.005999999950362581
69,23,5,0.0059999999486015435
69,23,6,0.006
69,23,7,0.005999999969535963
69,23,8,0.006
69,23,9,0.0059999999656278336
69,23,10,0.005999999980955625
69,24,1,0.005999999994412603
69,24,2,0.006
69,24,3,0.006
69,24,4,0.006
69,24,5,0.005999999951784861
69,24,6,0.005999999925613286
69,24,7,0.005999999915481766
69,24,8,0.006
69,24,9,0.005999999963972524
69,24,10,0.005999999980984702
70,1,1,-0.020805960418775044
70,1,2,0.0059999997653506255
70,1,3,-0.06613170055856044
70,1,4,-0.07649998319295673
70,1,5,-0.07649999768908532
70,1,6,-0.07649999790893319
70,1,7,-0.040972001610216004
70,1,8,-0.0037543244243616793
70,1,9,-0.07649999645297302
70,1,10,-0.036051107263805136
70,2,1,-0.00422647404304857
70,2,2,0.005999999927557643
70,2,3,-0.0043682951798726345
70,2,4,0.0059999863697067736
70,2,5,0.019750048952255503
70,2,6,0.014765691427661879
70,2,7,-0.020491127213268807
70,2,8,0.012327031590926511
70,2,9,0.02349403377135864
70,2,10,0.0011219892372739482
70,3,1,0.03436894156499956
70,3,2,-0.06390596302667396
70,3,3,0.08849998986040461
70,3,4,0.08849999117633574
70,3,5,0.058144911582375426
70,3,6,0.04923256022123376
70,3,7,0.07648689352185563
70,3,8,-0.06964772185907164
70,3,9,0.0565497984925339
70,3,10,-0.029570881398813448
70,4,1,0.014663491489232171
70,4,2,0.017873659120428494
70,4,3,0.006000003968289905
70,4,4,0.006000003700349959
70,4,5,0.022605032396549565
70,4,6,0.035076718993283934
70,4,7,-0.011660181263922872
70,4,8,0.01947354722389762
70,4,9,0.02045616245936292
70,4,10,0.005999999719318747
70,5,1,-0.0240086255762814
70,5,2,-0.018467695440838323
70,5,3,0.006000001245626547
70,5,4,0.0060000012799473
70,5,5,-0.024004691173078036
70,5,6,0.007425026802280846
70,5,7,-0.02610338044015103
70,5,8,0.018358039241690865
70,5,9,0.0060000004345347555
70,5,10,0.006000000036788263
70,6,1,-0.04024395242979345
70,6,2,0.02059596584251861
70,6,3,-0.006583155304589539
70,6,4,0.00599999771185358
70,6,5,-0.022434694213056904
70,6,6,-0.031981545936007445
70,6,7,-0.023760202102461766
70,6,8,0.016148536782065334
70,6,9,-0.03238209842036794
70,6,10,0.013542935702872367
70,7,1,0.008442787324766029
70,7,2,-0.008595966059808398
70,7,3,-0.06391684376051307
70,7,4,-0.04072269575161732
70,7,5,-0.018060609380461824
70,7,6,-0.038518452851900836
70,7,7,0.005999999455908788
70,7,8,0.04909489132086447
70,7,9,-0.030937549441454562
70,7,10,0.027906247337773783
70,8,1,-0.0026902049321293363
70,8,2,0.006332365133415946
70,8,3,0.07340743342194267
70,8,4,-0.02977730088549888
70,8,5,0.08849999694550006
70,8,6,0.006000001562510732
70,8,7,0.018752467633129943
70,8,8,-0.0764999999222266
70,8,9,0.06908686864310648
70,8,10,0.059050816584553856
70,9,1,0.00599999751629723
70,9,2,0.0881676346944453
70,9,3,-0.06140743270450216
70,9,4,0.005999999955493927
70,9,5,-0.07649999572944159
70,9,6,0.005999997972455467
70,9,7,0.03574273114170762
70,9,8,0.005999999975395899
70,9,9,-0.06426721935539392
70,9,10,0.005999999482182796
70,10,1,0.006000000076350515
70,10,2,-0.018344395904368545
70,10,3,0.005999999433033755
70,10,4,0.00599999989188899
70,10,5,0.005999998949114539
70,10,6,0.006000000417338656
70,10,7,-0.03649519729747053
70,10,8,0.08849999984721496
70,10,9,0.006000000260797255
70,10,10,-0.07649999806888519
70,11,1,0.006000006006692711
70,11,2,-0.05215560331996493
70,11,3,0.006000045487615115
70,11,4,0.010222075268641984
70,11,5,0.006000126391969325
70,11,6,0.032135569297973315
70,11,7,0.006000002935211073
70,11,8,0.005999999846663222
70,11,9,0.006000051741970414
70,11,10,0.08573430320012795
70,12,1,0.03715007570427743
70,12,2,0.08849999824841795
70,12,3,0.03974458118940763
70,12,4,0.08427791745410118
70,12,5,0.05076381270963269
70,12,6,0.012370966856693819
70,12,7,0.03027748775153077
70,12,8,-0.0764999991316096
70,12,9,0.03983935927029805
70,12,10,-0.000305047086985142
70,13,1,0.03719219919593875
70,13,2,0.005999996042614331
70,13,3,0.04005274775167052
70,13,4,-0.07209344335588294
70,13,5,0.01876341110767841
70,13,6,0.055993455683958734
70,13,7,0.02944432682779705
70,13,8,0.006000000394646877
70,13,9,0.04003159024709637
70,13,10,0.001997261062315395
70,14,1,0.02615771745527106
70,14,2,-0.027314920757651143
70,14,3,0.020702624202386638
70,14,4,0.08409344944120199
70,14,5,0.017077087930057952
70,14,6,0.006000006590050722
70,14,7,0.04077817965969085
70,14,8,0.005999999049278988
70,14,9,0.020628997174247054
70,14,10,0.019073476010163487
70,15,1,0.0060000005052291494
70,15,2,-0.04318507417928424
70,15,3,0.006000000044763562
70,15,4,0.005999999977511234
70,15,5,0.01989556082471805
70,15,6,0.006000000148288837
70,15,7,0.005999996909673901
70,15,8,0.006000000071034741
70,15,9,0.006000000471580415
70,15,10,-0.047776098344267874
70,16,1,0.006000000340121955
70,16,2,0.005999999999847701
70,16,3,-0.024080491451686906
70,16,4,-0.01164086351036691
70,16,5,0.005999997815191224
70,16,6,0.006000000358917418
70,16,7,-0.06693861010275697
70,16,8,0.00807896374352774
70,16,9,0.00600000034294016
70,16,10,-0.0227238961021106
70,17,1,0.006000000085968526
70,17,2,0.009002867963391399
70,17,3,-0.020057039966890695
70,17,4,-0.052156618375754464
70,17,5,-0.03319725777311049
70,17,6,-0.035566035924909305
70,17,7,-0.003561385756274729
70,17,8,0.009534531473242354
70,17,9,0.005999940629860828
70,17,10,0.0060000017535904076
70,18,1,-0.016861985065846675
70,18,2,0.04962110456958937
70,18,3,-0.02036246792557209
70,18,4,0.08179748240438982
70,18,5,-0.012079433795540113
70,18,6,-0.014936908249520917
70,18,7,0.00599999979412475
70,18,8,0.06812493342296541
70,18,9,0.0060000593033719156
70,18,10,0.08808843396474292
70,19,1,-0.053638014863993506
70,19,2,0.041876027180450394
70,19,3,0.08849999991169061
70,19,4,-0.002425448749512621
70,19,5,0.06327668948588562
70,19,6,-0.013997054029767218
70,19,7,0.0884999998019905
70,19,8,-0.05837604581904039
70,19,9,0.005999967283778471
70,19,10,0.006411561704811476
70,20,1,0.08849999993760632
70,20,2,-0.06468393783696454
70,20,3,-0.018245386667657324
70,20,4,-0.0680745491764596
70,20,5,-0.06002542548102666
70,20,6,0.005999998242323843
70,20,7,-0.07649999990058175
70,20,8,0.08513761686913743
70,20,9,-0.07649996714986215
70,20,10,-0.076499995058285
70,21,1,-0.03747503410421713
70,21,2,0.07668393794043848
70,21,3,0.016486030970916044
70,21,4,0.005999998230179482
70,21,5,0.036688765164206286
70,21,6,0.04362737148100556
70,21,7,0.04098457012429727
70,21,8,-0.0764999999692977
70,21,9,0.08849999995463603
70,21,10,0.08429606581153878
70,22,1,-0.03302496501854962
70,22,2,-0.07649999991472532
70,22,3,0.01975935469893744
70,22,4,0.009335484395744813
70,22,5,0.041336664481011545
70,22,6,0.0502515391079052
70,22,7,0.05351542962296767
70,22,8,0.07929306330565714
70,22,9,-0.023563074907604727
70,22,10,0.008856921565609658
70,23,1,0.005999999690286487
70,23,2,0.07313240820104955
70,23,3,-0.07147658357357237
70,23,4,0.0026645153618763597
70,23,5,-0.050841967913353214
70,23,6,0.006621089312722223
70,23,7,0.00600000004380577
70,23,8,-0.058114038104911454
70,23,9,-0.046936924593509635
70,23,10,0.0073470073883806115
70,24,1,0.005999999488289901
70,24,2,-0.061132408272150295
70,24,3,0.0009765846205866693
70,24,4,0.008882994234682529
70,24,5,-0.019658031723509987
70,24,6,-0.07649999993059306
70,24,7,-0.07649999978627907
70,24,8,0.006362982461054181
70,24,9,0.005999999606911043
70,24,10,-0.07649999464450256
72,1,1,0.03
72,1,2,0.02999999956138698
72,1,3,0.029999999665489406
72,1,4,0.03
72,1,5,0.029999999193687062
72,1,6,0.029999999546918277
72,1,7,0.029999999333008443
72,1,8,0.03
72,1,9,0.029999999318194123
72,1,10,0.0299999997196262
72,2,1,0.029999999497005252
72,2,2,0.029999999148202436
72,2,3,0.03
72,2,4,0.02999999983018714
72,2,5,0.02999999973332451
72,2,6,0.02999999974143383
72,2,7,0.03
72,2,8,0.02999999950146122
72,2,9,0.03
72,2,10,0.02999999917050856
72,3,1,0.03
72,3,2,0.03
72,3,3,0.029999999025450367
72,3,4,0.02999999891497083
72,3,5,0.029999999446335204
72,3,6,0.03
72,3,7,0.029999998687140376
72,3,8,0.03
72,3,9,0.029999999492810875
72,3,10,0.03
72,4,1,0.02999999947600033
72,4,2,0.03
72,4,3,0.029999999544227565
72,4,4,0.029999998927206395
72,4,5,0.02999999989282768
72,4,6,0.03
72,4,7,0.029999999771967857
72,4,8,0.03
72,4,9,0.02999999996291244
72,4,10,0.029999999531316338
72,5,1,0.03
72,5,2,0.029999999722337328
72,5,3,0.029999998922813593
72,5,4,0.03
72,5,5,0.029999998427977202
72,5,6,0.029999999815538567
72,5,7,0.03
72,5,8,0.029999997692554924
72,5,9,0.029999999841780825
72,5,10,0.03
72,6,1,0.029999999875157758
72,6,2,0.029999999991848072
72,6,3,0.02999999939679399
72,6,4,0.03
72,6,5,0.03
72,6,6,0.029999999923041275
72,6,7,0.03
72,6,8,0.029999999368355915
72,6,9,0.029999999502870404
72,6,10,0.02999999884586098
72,7,1,0.03
72,7,2,0.029999998551424
72,7,3,0.029999999207726388
72,7,4,0.029999999346616645
72,7,5,0.03
72,7,6,0.03
72,7,7,0.029999999225103317
72,7,8,0.03
72,7,9,0.02999999951980297
72,7,10,0.029999999222506915
72,8,1,0.03
72,8,2,0.03
72,8,3,0.03
72,8,4,0.03
72,8,5,0.029999999708907862
72,8,6,0.03
72,8,7,0.03
72,8,8,0.02999999907880424
72,8,9,0.03
72,8,10,0.03
72,9,1,0.02999999916130955
72,9,2,0.02999999966794757
72,9,3,0.03
72,9,4,0.0299999999620926
72,9,5,0.03
72,9,6,0.029999999618034234
72,9,7,0.029999999770256386
72,9,8,0.029999999719057202
72,9,9,0.03
72,9,10,0.02999999925038349
72,10,1,0.02999999845341929
72,10,2,0.029999998929723562
72,10,3,0.029999999899465356
72,10,4,0.03
72,10,5,0.03
72,10,6,0.03
72,10,7,0.029999999334012893
72,10,8,0.02999999972515549
72,10,9,0.029999999264448927
72,10,10,0.029999998563415495
72,11,1,0.029999999279324757
72,11,2,0.02999999980923737
72,11,3,0.029999999379656236
72,11,4,0.03
72,11,5,0.029999999752943915
72,11,6,0.029999999707391284
72,11,7,0.03
72,11,8,0.02999999996633429
72,11,9,0.02999999971389021
72,11,10,0.029999999109017295
72,12,1,0.029999999277589673
72,12,2,0.03
72,12,3,0.03
72,12,4,0.02999999897930338
72,12,5,0.029999999801162802
72,12,6,0.029999999489108947
72,12,7,0.03
72,12,8,0.029999999070301042
72,12,9,0.03
72,12,10,0.02999999890625643
72,13,1,0.03
72,13,2,0.03
72,13,3,0.02999999851055693
72,13,4,0.03
72,13,5,0.03
72,13,6,0.03
72,13,7,0.029999999451119225
72,13,8,0.029999998820466528
72,13,9,0.03
72,13,10,0.029999999646478398
72,14,1,0.02999999963239161
72,14,2,0.03
72,14,3,0.029999999714653697
72,14,4,0.03
72,14,5,0.03
72,14,6,0.029999999695297708
72,14,7,0.029999998847354173
72,14,8,0.029999999981496356
72,14,9,0.03
72,14,10,0.029999999919552323
72,15,1,0.03
72,15,2,0.02999999955764074
72,15,3,0.03
72,15,4,0.02999999935215722
72,15,5,0.029999999523940644
72,15,6,0.02999999976004336
72,15,7,0.029999999314756165
72,15,8,0.029999999455965043
72,15,9,0.029999999141572187
72,15,10,0.03
72,16,1,0.0299999990128095
72,16,2,0.02999999924493722
72,16,3,0.029999999116148972
72,16,4,0.0299999990249969
72,16,5,0.029999999185400777
72,16,6,0.029999999056032386
72,16,7,0.02999999961021189
72,16,8,0.02999999900084424
72,16,9,0.029999999833840493
72,16,10,0.029999999045735984
72,17,1,0.029999999944602805
72,17,2,0.029999999709471252
72,17,3,0.029999999777647057
72,17,4,0.029999999741525764
72,17,5,0.03
72,17,6,0.029999999157721627
72,17,7,0.029999999879970658
72,17,8,0.02999999962370157
72,17,9,0.029999999723272913
72,17,10,0.029999999271219352
72,18,1,0.029999999364322745
72,18,2,0.029999999016423445
72,18,3,0.0299999992350148
72,18,4,0.02999999900945095
72,18,5,0.029999999773568334
72,18,6,0.02999999851966198
72,18,7,0.03
72,18,8,0.029999999543528798
72,18,9,0.02999999984765943
72,18,10,0.03
72,19,1,0.03
72,19,2,0.03
72,19,3,0.03
72,19,4,0.03
72,19,5,0.03
72,19,6,0.03
72,19,7,0.03
72,19,8,0.02999999945038763
72,19,9,0.03
72,19,10,0.029999999232091484
72,20,1,0.02999999997898689
72,20,2,0.03
72,20,3,0.029999999367766206
72,20,4,0.03
72,20,5,0.03
72,20,6,0.029999999762646445
72,20,7,0.03
72,20,8,0.029999999694055535
72,20,9,0.02999999829843525
72,20,10,0.02999999981926965
72,21,1,0.03
72,21,2,0.03
72,21,3,0.029999999536747812
72,21,4,0.029999998993005168
72,21,5,0.03
72,21,6,0.03
72,21,7,0.02999999898347023
72,21,8,0.029999999526884757
72,21,9,0.03
72,21,10,0.029999999982296018
72,22,1,0.03
72,22,2,0.029999999411808975
72,22,3,0.029999998601566463
72,22,4,0.029999999895951895
72,22,5,0.03
72,22,6,0.029999999659640897
72,22,7,0.029999999743786976
72,22,8,0.029999998959426386
72,22,9,0.02999999876824374
72,22,10,0.03
72,23,1,0.02999999969481969
72,23,2,0.029999999012366066
72,23,3,0.03
72,23,4,0.02999999832231056
72,23,5,0.029999999596885867
72,23,6,0.03
72,23,7,0.029999998639580153
72,23,8,0.029999999726681034
72,23,9,0.029999999428471848
72,23,10,0.029999999487693788
72,24,1,0.03
72,24,2,0.029999999978920666
72,24,3,0.03
72,24,4,0.02999999885731003
72,24,5,0.03
72,24,6,0.02999999992529262
72,24,7,0.03
72,24,8,0.03
72,24,9,0.029999999544702283
72,24,10,0.029999999195368
73,1,1,0.029999999972652305
73,1,2,0.03
73,1,3,0.029999999967822523
73,1,4,0.029999999982522903
73,1,5,0.029999999989585878
73,1,6,0.029999999975989525
73,1,7,0.029999999992465137
73,1,8,0.03
73,1,9,0.02999999999469615
73,1,10,0.03
73,2,1,0.029999999951379218
73,2,2,0.029999999983862373
73,2,3,0.029999999945934996
73,2,4,0.03
73,2,5,0.029999999957597674
73,2,6,0.029999999947614722
73,2,7,0.03
73,2,8,0.02999999999720397
73,2,9,0.029999999958250194
73,2,10,0.029999999956974048
73,3,1,0.029999999961960906
73,3,2,0.03
73,3,3,0.02999999993702348
73,3,4,0.03
73,3,5,0.029999999963525592
73,3,6,0.029999999982704965
73,3,7,0.02999999996217599
73,3,8,0.02999999998653516
73,3,9,0.02999999997778712
73,3,10,0.029999999963682807
73,4,1,0.02999999996206655
73,4,2,0.029999999989693354
73,4,3,0.03
73,4,4,0.02999999996137346
73,4,5,0.03
73,4,6,0.03
73,4,7,0.03
73,4,8,0.02999999997606706
73,4,9,0.029999999964889848
73,4,10,0.03
73,5,1,0.029999999989021232
73,5,2,0.03
73,5,3,0.03
73,5,4,0.03
73,5,5,0.03
73,5,6,0.03
73,5,7,0.029999999991685913
73,5,8,0.029999999986733958
73,5,9,0.02999999995089097
73,5,10,0.029999999986143097
73,6,1,0.03
73,6,2,0.03
73,6,3,0.02999999995889531
73,6,4,0.029999999971519538
73,6,5,0.029999999967529244
73,6,6,0.02999999995676906
73,6,7,0.03
73,6,8,0.029999999943165392
73,6,9,0.029999999992570595
73,6,10,0.03
73,7,1,0.03
73,7,2,0.03
73,7,3,0.03
73,7,4,0.029999999966413102
73,7,5,0.029999999985850137
73,7,6,0.029999999980611647
73,7,7,0.029999999969966995
73,7,8,0.02999999992150197
73,7,9,0.03
73,7,10,0.02999999995931879
73,8,1,0.029999999982891296
73,8,2,0.029999999973245817
73,8,3,0.029999999947668776
73,8,4,0.03
73,8,5,0.03
73,8,6,0.029999999925520528
73,8,7,0.03
73,8,8,0.029999999983914262
73,8,9,0.029999999959652655
73,8,10,0.029999999974973976
73,9,1,0.029999999965567188
73,9,2,0.029999999978385178
73,9,3,0.029999999982209112
73,9,4,0.02999999996097836
73,9,5,0.03
73,9,6,0.03
73,9,7,0.03
73,9,8,0.02999999996677051
73,9,9,0.029999999971392237
73,9,10,0.029999999965173607
73,10,1,0.029999999984981263
73,10,2,0.029999999989624625
73,10,3,0.029999999991453495
73,10,4,0.03
73,10,5,0.029999999931907446
73,10,6,0.02999999994442923
73,10,7,0.029999999946939825
73,10,8,0.03
73,10,9,0.03
73,10,10,0.029999999960527955
73,11,1,0.03
73,11,2,0.029999999991360583
73,11,3,0.029999999971858468
73,11,4,0.029999999977999854
73,11,5,0.029999999974485617
73,11,6,0.03
73,11,7,0.02999999994267811
73,11,8,0.029999999996329692
73,11,9,0.029999999971876308
73,11,10,0.029999999949930564
73,12,1,0.029999999994552988
73,12,2,0.02999999994815379
73,12,3,0.03
73,12,4,0.03
73,12,5,0.029999999950036972
73,12,6,0.029999999966441045
73,12,7,0.029999999964479718
73,12,8,0.03
73,12,9,0.029999999944561782
73,12,10,0.029999999963713282
73,13,1,0.02999999999569611
73,13,2,0.0299999999811858
73,13,3,0.03
73,13,4,0.02999999996843579
73,13,5,0.029999999954708846
73,13,6,0.02999999997451832
73,13,7,0.03
73,13,8,0.029999999999648377
73,13,9,0.03
73,13,10,0.0299999999721884
73,14,1,0.0299999999515971
73,14,2,0.02999999998864137
73,14,3,0.02999999995965824
73,14,4,0.03
73,14,5,0.029999999966256435
73,14,6,0.02999999992321118
73,14,7,0.029999999979473765
73,14,8,0.029999999987290894
73,14,9,0.02999999993160854
73,14,10,0.03
73,15,1,0.03
73,15,2,0.029999999993433675
73,15,3,0.03
73,15,4,0.03
73,15,5,0.029999999995651047
73,15,6,0.029999999981286406
73,15,7,0.02999999999343051
73,15,8,0.03
73,15,9,0.029999999984312326
73,15,10,0.029999999985595056
73,16,1,0.03
73,16,2,0.02999999997466947
73,16,3,0.03
73,16,4,0.029999999965774495
73,16,5,0.02999999999181384
73,16,6,0.03
73,16,7,0.029999999981668572
73,16,8,0.029999999991339052
73,16,9,0.029999999979012627
73,16,10,0.029999999983379363
73,17,1,0.03
73,17,2,0.02999999999932687
73,17,3,0.029999999977921132
73,17,4,0.02999999997008257
73,17,5,0.02999999998681989
73,17,6,0.029999999953052574
73,17,7,0.03
73,17,8,0.02999999998265157
73,17,9,0.03
73,17,10,0.02999999997683974
73,18,1,0.029999999999202262
73,18,2,0.02999999998484222
73,18,3,0.029999999939441267
73,18,4,0.029999999933922862
73,18,5,0.02999999999419637
73,18,6,0.03
73,18,7,0.02999999995303667
73,18,8,0.03
73,18,9,0.029999999988266572
73,18,10,0.029999999954529136
73,19,1,0.02999999998733631
73,19,2,0.029999999977948916
73,19,3,0.03
73,19,4,0.03
73,19,5,0.029999999940996093
73,19,6,0.03
73,19,7,0.029999999936572597
73,19,8,0.03
73,19,9,0.029999999983711896
73,19,10,0.03
73,20,1,0.03
73,20,2,0.03
73,20,3,0.03
73,20,4,0.02999999999449915
73,20,5,0.029999999975913225
73,20,6,0.03
73,20,7,0.029999999997818078
73,20,8,0.029999999999237636
73,20,9,0.02999999999991136
73,20,10,0.03
73,21,1,0.029999999999486347
73,21,2,0.03
73,21,3,0.03
73,21,4,0.029999999984346992
73,21,5,0.029999999979735827
73,21,6,0.029999999970878988
73,21,7,0.02999999992909355
73,21,8,0.029999999981598538
73,21,9,0.029999999955533915
73,21,10,0.02999999997789514
73,22,1,0.03
73,22,2,0.03
73,22,3,0.03
73,22,4,0.03
73,22,5,0.0299999999537258
73,22,6,0.03
73,22,7,0.029999999978877118
73,22,8,0.03
73,22,9,0.02999999998575731
73,22,10,0.029999999981360992
73,23,1,0.03
73,23,2,0.029999999996857166
73,23,3,0.029999999967524726
73,23,4,0.03
73,23,5,0.03
73,23,6,0.03
73,23,7,0.03
73,23,8,0.029999999955934664
73,23,9,0.02999999997425718
73,23,10,0.03
73,24,1,0.029999999976524305
73,24,2,0.029999999955680846
73,24,3,0.029999999953073037
73,24,4,0.02999999999448766
73,24,5,0.02999999997328487
73,24,6,0.029999999969601635
73,24,7,0.03
73,24,8,0.02999999995930014
73,24,9,0.02999999997508041
73,24,10,0.029999999980339455
74,1,1,0.02999999997072697
74,1,2,0.029999999995423077
74,1,3,0.02999999998112745
74,1,4,0.029999999954667816
74,1,5,0.03
74,1,6,0.029999999996837577
74,1,7,0.029999999970961554
74,1,8,0.03
74,1,9,0.02999999998413015
74,1,10,0.02999999998896221
74,2,1,0.03
74,2,2,0.03
74,2,3,0.03
74,2,4,0.03
74,2,5,0.02999999997659541
74,2,6,0.03
74,2,7,0.029999999927634694
74,2,8,0.029999999969044483
74,2,9,0.029999999991786482
74,2,10,0.03
74,3,1,0.03
74,3,2,0.029999999977644045
74,3,3,0.03
74,3,4,0.02999999998520217
74,3,5,0.03
74,3,6,0.029999999959136513
74,3,7,0.029999999968509262
74,3,8,0.029999999947102694
74,3,9,0.029999999985448948
74,3,10,0.02999999999561053
74,4,1,0.03
74,4,2,0.029999999993274674
74,4,3,0.0299999999828488
74,4,4,0.029999999984984628
74,4,5,0.02999999997410485
74,4,6,0.029999999970743492
74,4,7,0.029999999959640825
74,4,8,0.02999999997613232
74,4,9,0.03
74,4,10,0.03
74,5,1,0.029999999964930198
74,5,2,0.029999999961629404
74,5,3,0.029999999983911334
74,5,4,0.02999999989416644
74,5,5,0.03
74,5,6,0.029999999949559125
74,5,7,0.03
74,5,8,0.029999999989881967
74,5,9,0.02999999998404695
74,5,10,0.03
74,6,1,0.029999999957475633
74,6,2,0.02999999998205701
74,6,3,0.03
74,6,4,0.02999999996432563
74,6,5,0.02999999998920966
74,6,6,0.03
74,6,7,0.02999999997879509
74,6,8,0.03
74,6,9,0.02999999998026479
74,6,10,0.0299999999801183
74,7,1,0.02999999997375032
74,7,2,0.0299999999492989
74,7,3,0.029999999980039188
74,7,4,0.029999999999938787
74,7,5,0.029999999964025477
74,7,6,0.03
74,7,7,0.02999999999748025
74,7,8,0.03
74,7,9,0.02999999998558532
74,7,10,0.03
74,8,1,0.029999999976194666
74,8,2,0.03
74,8,3,0.03
74,8,4,0.0299999999634798
74,8,5,0.029999999964787624
74,8,6,0.03
74,8,7,0.02999999998602861
74,8,8,0.03
74,8,9,0.02999999995315359
74,8,10,0.02999999996098316
74,9,1,0.03
74,9,2,0.03
74,9,3,0.03
74,9,4,0.02999999997908372
74,9,5,0.029999999947865928
74,9,6,0.03
74,9,7,0.029999999983717104
74,9,8,0.03
74,9,9,0.03
74,9,10,0.03
74,10,1,0.03
74,10,2,0.02999999995097975
74,10,3,0.029999999993766513
74,10,4,0.02999999996070413
74,10,5,0.03
74,10,6,0.03
74,10,7,0.03
74,10,8,0.03
74,10,9,0.029999999931771774
74,10,10,0.029999999972237047
74,11,1,0.029999999978531824
74,11,2,0.029999999991380217
74,11,3,0.03
74,11,4,0.029999999959407223
74,11,5,0.03
74,11,6,0.02999999999521096
74,11,7,0.03
74,11,8,0.03
74,11,9,0.03
74,11,10,0.03
74,12,1,0.029999999978991228
74,12,2,0.03
74,12,3,0.02999999994185892
74,12,4,0.02999999996925433
74,12,5,0.03
74,12,6,0.03
74,12,7,0.03
74,12,8,0.03
74,12,9,0.03
74,12,10,0.03
74,13,1,0.03
74,13,2,0.02999999994296319
74,13,3,0.029999999964766426
74,13,4,0.02999999996121972
74,13,5,0.03
74,13,6,0.03
74,13,7,0.02999999999504982
74,13,8,0.02999999999373842
74,13,9,0.03
74,13,10,0.0299999999934525
74,14,1,0.03
74,14,2,0.03
74,14,3,0.03
74,14,4,0.02999999999951039
74,14,5,0.029999999983170263
74,14,6,0.03
74,14,7,0.03
74,14,8,0.029999999989982602
74,14,9,0.03
74,14,10,0.029999999970125344
74,15,1,0.02999999999523046
74,15,2,0.03
74,15,3,0.029999999999696676
74,15,4,0.029999999988336683
74,15,5,0.03
74,15,6,0.02999999998956589
74,15,7,0.03
74,15,8,0.029999999948820577
74,15,9,0.03
74,15,10,0.029999999988919564
74,16,1,0.0299999999736572
74,16,2,0.029999999994512208
74,16,3,0.029999999919101877
74,16,4,0.029999999976944313
74,16,5,0.029999999971537135
74,16,6,0.02999999993658183
74,16,7,0.03
74,16,8,0.02999999997614032
74,16,9,0.03
74,16,10,0.02999999996442293
74,17,1,0.029999999957230603
74,17,2,0.029999999978022635
74,17,3,0.02999999997208027
74,17,4,0.03
74,17,5,0.029999999960590804
74,17,6,0.03
74,17,7,0.029999999961444205
74,17,8,0.029999999996961707
74,17,9,0.02999999995205022
74,17,10,0.03
74,18,1,0.0299999999797866
74,18,2,0.029999999994166707
74,18,3,0.03
74,18,4,0.03
74,18,5,0.03
74,18,6,0.02999999996556878
74,18,7,0.03
74,18,8,0.029999999939216142
74,18,9,0.02999999997559023
74,18,10,0.03
74,19,1,0.03
74,19,2,0.029999999987815003
74,19,3,0.03
74,19,4,0.02999999998222311
74,19,5,0.0299999999996775
74,19,6,0.029999999972328807
74,19,7,0.03
74,19,8,0.029999999982794602
74,19,9,0.029999999985609958
74,19,10,0.03
74,20,1,0.029999999977048053
74,20,2,0.02999999996862966
74,20,3,0.02999999999758931
74,20,4,0.02999999998093793
74,20,5,0.029999999963075605
74,20,6,0.03
74,20,7,0.02999999994149239
74,20,8,0.029999999972674968
74,20,9,0.029999999971306177
74,20,10,0.02999999997109299
74,21,1,0.029999999969093805
74,21,2,0.029999999959121816
74,21,3,0.02999999995613023
74,21,4,0.029999999989661873
74,21,5,0.03
74,21,6,0.03
74,21,7,0.03
74,21,8,0.03
74,21,9,0.02999999998508206
74,21,10,0.029999999971887265
74,22,1,0.029999999906503406
74,22,2,0.02999999998210399
74,22,3,0.029999999965870675
74,22,4,0.029999999958476138
74,22,5,0.03
74,22,6,0.029999999977036715
74,22,7,0.03
74,22,8,0.029999999969471502
74,22,9,0.03
74,22,10,0.03
74,23,1,0.029999999940956448
74,23,2,0.02999999999869695
74,23,3,0.03
74,23,4,0.02999999995844317
74,23,5,0.02999999993759446
74,23,6,0.029999999916979984
74,23,7,0.029999999936855704
74,23,8,0.03
74,23,9,0.029999999997108277
74,23,10,0.029999999983988744
74,24,1,0.029999999989218706
74,24,2,0.0299999999971086
74,24,3,0.03
74,24,4,0.03
74,24,5,0.029999999991286348
74,24,6,0.03
74,24,7,0.02999999995033305
74,24,8,0.03
74,24,9,0.03
74,24,10,0.03
76,1,1,0.042
76,1,2,0.042
76,1,3,0.042
76,1,4,0.042
76,1,5,0.042
76,1,6,0.042
76,1,7,0.04199999988766982
76,1,8,0.042
76,1,9,0.0419999996789067
76,1,10,0.042
76,2,1,0.042
76,2,2,0.0419999997598165
76,2,3,0.041999999732333565
76,2,4,0.0419999995779462
76,2,5,0.042
76,2,6,0.042
76,2,7,0.0419999995508189
76,2,8,0.041999998350534
76,2,9,0.0419999998489083
76,2,10,0.041999999898021084
76,3,1,0.04199999869052584
76,3,2,0.04199999879090009
76,3,3,0.04199999967435325
76,3,4,0.042
76,3,5,0.042
76,3,6,0.042
76,3,7,0.042
76,3,8,0.042
76,3,9,0.04199999926951825
76,3,10,0.042
76,4,1,0.042
76,4,2,0.04199999978840435
76,4,3,0.041999999602594235
76,4,4,0.042
76,4,5,0.04199999936495771
76,4,6,0.041999999825617196
76,4,7,0.04199999933381307
76,4,8,0.04199999968272036
76,4,9,0.04199999976637697
76,4,10,0.042
76,5,1,0.04199999980701252
76,5,2,0.042
76,5,3,0.042
76,5,4,0.04199999959644249
76,5,5,0.042
76,5,6,0.042
76,5,7,0.04199999992465686
76,5,8,0.04199999992821393
76,5,9,0.04199999948341415
76,5,10,0.04199999922079295
76,6,1,0.0419999998634637
76,6,2,0.042
76,6,3,0.04199999957401618
76,6,4,0.04199999887611641
76,6,5,0.042
76,6,6,0.04199999997841847
76,6,7,0.04199999912937272
76,6,8,0.042
76,6,9,0.042
76,6,10,0.041999999808827876
76,7,1,0.0419999983080387
76,7,2,0.04199999951139291
76,7,3,0.04199999995042107
76,7,4,0.042
76,7,5,0.042
76,7,6,0.042
76,7,7,0.04199999951206579
76,7,8,0.04199999939920809
76,7,9,0.042
76,7,10,0.04199999933353071
76,8,1,0.04199999981701047
76,8,2,0.042
76,8,3,0.04199999914878065
76,8,4,0.0419999999996742
76,8,5,0.042
76,8,6,0.042
76,8,7,0.04199999952972236
76,8,8,0.042
76,8,9,0.04199999985804677
76,8,10,0.04199999997768605
76,9,1,0.04199999906627355
76,9,2,0.042
76,9,3,0.042
76,9,4,0.042
76,9,5,0.04199999953132866
76,9,6,0.042
76,9,7,0.042
76,9,8,0.04199999965101042
76,9,9,0.04199999921426106
76,9,10,0.041999998900219826
76,10,1,0.042
76,10,2,0.042
76,10,3,0.042
76,10,4,0.041999999672023336
76,10,5,0.041999999827574186
76,10,6,0.041999999260201204
76,10,7,0.042
76,10,8,0.04199999991027978
76,10,9,0.042
76,10,10,0.042
76,11,1,0.042
76,11,2,0.041999999943286015
76,11,3,0.042
76,11,4,0.041999999299514965
76,11,5,0.042
76,11,6,0.04199999936688725
76,11,7,0.04199999975884233
76,11,8,0.0419999991310025
76,11,9,0.042
76,11,10,0.042
76,12,1,0.042
76,12,2,0.04199999984886452
76,12,3,0.042
76,12,4,0.042
76,12,5,0.04199999980996494
76,12,6,0.04199999918700359
76,12,7,0.041999998746550304
76,12,8,0.042
76,12,9,0.041999999365996576
76,12,10,0.0419999995499285
76,13,1,0.041999999356593265
76,13,2,0.04199999973177043
76,13,3,0.042
76,13,4,0.041999999767915686
76,13,5,0.042
76,13,6,0.042
76,13,7,0.042
76,13,8,0.042
76,13,9,0.04199999960734313
76,13,10,0.04199999993395298
76,14,1,0.04199999929341913
76,14,2,0.042
76,14,3,0.041999999477997374
76,14,4,0.041999999106503705
76,14,5,0.04199999975306462
76,14,6,0.04199999975118429
76,14,7,0.042
76,14,8,0.041999998920096204
76,14,9,0.042
76,14,10,0.04199999996302245
76,15,1,0.041999999996002096
76,15,2,0.04199999994773296
76,15,3,0.04199999893109463
76,15,4,0.042
76,15,5,0.042
76,15,6,0.041999999639755536
76,15,7,0.042
76,15,8,0.041999999700376545
76,15,9,0.0419999997279826
76,15,10,0.04199999972964136
76,16,1,0.04199999987426875
76,16,2,0.041999999007448996
76,16,3,0.041999999857797454
76,16,4,0.041999999723439985
76,16,5,0.042
76,16,6,0.041999999173603
76,16,7,0.042
76,16,8,0.042
76,16,9,0.042
76,16,10,0.041999998743976114
76,17,1,0.04199999991008674
76,17,2,0.04199999910401575
76,17,3,0.041999999972573296
76,17,4,0.041999999310865704
76,17,5,0.04199999971324121
76,17,6,0.04199999984936721
76,17,7,0.041999999828516335
76,17,8,0.04199999925419329
76,17,9,0.042
76,17,10,0.042
76,18,1,0.04199999974290816
76,18,2,0.04199999995147444
76,18,3,0.042
76,18,4,0.04199999998043673
76,18,5,0.042
76,18,6,0.042
76,18,7,0.041999999972111735
76,18,8,0.041999999543323646
76,18,9,0.041999999958734324
76,18,10,0.04199999896961315
76,19,1,0.042
76,19,2,0.04199999937855131
76,19,3,0.04199999927910063
76,19,4,0.042
76,19,5,0.04199999960252998
76,19,6,0.042
76,19,7,0.042
76,19,8,0.04199999991718714
76,19,9,0.042
76,19,10,0.042
76,20,1,0.042
76,20,2,0.042
76,20,3,0.042
76,20,4,0.042
76,20,5,0.041999998735331334
76,20,6,0.041999999694691315
76,20,7,0.04199999994903808
76,20,8,0.04199999990619443
76,20,9,0.042
76,20,10,0.042
76,21,1,0.04199999879914312
76,21,2,0.042
76,21,3,0.04199999967347978
76,21,4,0.04199999974056251
76,21,5,0.042
76,21,6,0.041999999035016
76,21,7,0.04199999949693187
76,21,8,0.042
76,21,9,0.041999999684212364
76,21,10,0.042
76,22,1,0.041999999962545
76,22,2,0.042
76,22,3,0.042
76,22,4,0.042
76,22,5,0.042
76,22,6,0.042
76,22,7,0.042
76,22,8,0.04199999944945876
76,22,9,0.04199999997131418
76,22,10,0.042
76,23,1,0.042
76,23,2,0.042
76,23,3,0.041999999516296155
76,23,4,0.042
76,23,5,0.042
76,23,6,0.042
76,23,7,0.042
76,23,8,0.042
76,23,9,0.042
76,23,10,0.04199999988402767
76,24,1,0.041999999855346526
76,24,2,0.042
76,24,3,0.042
76,24,4,0.042
76,24,5,0.04199999942081151
76,24,6,0.04199999989278691
76,24,7,0.041999999288236445
76,24,8,0.041999999410062105
76,24,9,0.042
76,24,10,0.042
77,1,1,0.012
77,1,2,0.01199999934646969
77,1,3,0.011999999826303308
77,1,4,0.012
77,1,5,0.012
77,1,6,0.012
77,1,7,0.011999999652776063
77,1,8,0.011999999838836956
77,1,9,0.012
77,1,10,0.011999998675296705
77,2,1,0.012
77,2,2,0.011999999778532437
77,2,3,0.012
77,2,4,0.012
77,2,5,0.011999999528687202
77,2,6,0.011999999373139008
77,2,7,0.012
77,2,8,0.012
77,2,9,0.011999999871839015
77,2,10,0.011999999665363165
77,3,1,0.012
77,3,2,0.012
77,3,3,0.012
77,3,4,0.012
77,3,5,0.011999998970812983
77,3,6,0.012
77,3,7,0.012
77,3,8,0.012
77,3,9,0.011999999897737854
77,3,10,0.011999998982261048
77,4,1,0.01199999911294422
77,4,2,0.011999999775841538
77,4,3,0.011999999024504132
77,4,4,0.012
77,4,5,0.011999999986264581
77,4,6,0.011999999930532749
77,4,7,0.011999999896261323
77,4,8,0.011999999437754566
77,4,9,0.012
77,4,10,0.011999999650982161
77,5,1,0.012
77,5,2,0.011999999897842357
77,5,3,0.011999999773682157
77,5,4,0.012
77,5,5,0.01199999989023176
77,5,6,0.011999999982951773
77,5,7,0.011999999757247571
77,5,8,0.011999999445206161
77,5,9,0.012
77,5,10,0.012
77,6,1,0.012
77,6,2,0.012
77,6,3,0.011999999925013147
77,6,4,0.012
77,6,5,0.011999999367169431
77,6,6,0.01199999951440563
77,6,7,0.012
77,6,8,0.011999999862093713
77,6,9,0.012
77,6,10,0.012
77,7,1,0.012
77,7,2,0.01199999949373674
77,7,3,0.011999999270580576
77,7,4,0.011999999647331658
77,7,5,0.011999999815478515
77,7,6,0.011999999691212784
77,7,7,0.012
77,7,8,0.012
77,7,9,0.012
77,7,10,0.012
77,8,1,0.012
77,8,2,0.011999999985686495
77,8,3,0.012
77,8,4,0.012
77,8,5,0.011999999666136948
77,8,6,0.012
77,8,7,0.012
77,8,8,0.01199999916653327
77,8,9,0.012
77,8,10,0.01199999968790208
77,9,1,0.012
77,9,2,0.011999999690176386
77,9,3,0.011999999230712655
77,9,4,0.011999999508334164
77,9,5,0.012
77,9,6,0.012
77,9,7,0.012
77,9,8,0.012
77,9,9,0.012
77,9,10,0.012
77,10,1,0.011999999434498393
77,10,2,0.012
77,10,3,0.011999999345029037
77,10,4,0.011999999363331224
77,10,5,0.012
77,10,6,0.011999999080088988
77,10,7,0.011999999980622657
77,10,8,0.012
77,10,9,0.011999999310523993
77,10,10,0.011999999780147763
77,11,1,0.011999999373076428
77,11,2,0.011999999966885819
77,11,3,0.011999999898133794
77,11,4,0.012
77,11,5,0.011999999727372826
77,11,6,0.011999999466508409
77,11,7,0.012
77,11,8,0.012
77,11,9,0.011999998944813003
77,11,10,0.011999999177798454
77,12,1,0.011999999462950384
77,12,2,0.011999998998179842
77,12,3,0.011999999599623216
77,12,4,0.012
77,12,5,0.01199999962813389
77,12,6,0.012
77,12,7,0.012
77,12,8,0.012
77,12,9,0.012
77,12,10,0.012
77,13,1,0.012
77,13,2,0.012
77,13,3,0.012
77,13,4,0.011999999196409497
77,13,5,0.012
77,13,6,0.011999999165963636
77,13,7,0.011999999755618638
77,13,8,0.01199999836447152
77,13,9,0.011999999193861327
77,13,10,0.011999999926347843
77,14,1,0.012
77,14,2,0.011999998884182975
77,14,3,0.012
77,14,4,0.011999999798985472
77,14,5,0.012
77,14,6,0.012
77,14,7,0.011999998991013165
77,14,8,0.012
77,14,9,0.011999998411456575
77,14,10,0.01199999954620018
77,15,1,0.011999999921037924
77,15,2,0.012
77,15,3,0.011999999878816565
77,15,4,0.012
77,15,5,0.011999999898000241
77,15,6,0.012
77,15,7,0.012
77,15,8,0.012
77,15,9,0.012
77,15,10,0.012
77,16,1,0.012
77,16,2,0.012
77,16,3,0.012
77,16,4,0.011999999863463867
77,16,5,0.012
77,16,6,0.012
77,16,7,0.011999999800406225
77,16,8,0.011999999579257015
77,16,9,0.011999999195501612
77,16,10,0.012
77,17,1,0.012
77,17,2,0.011999999936513767
77,17,3,0.011999999264240169
77,17,4,0.011999999927628152
77,17,5,0.012
77,17,6,0.011999999676950403
77,17,7,0.012
77,17,8,0.012
77,17,9,0.011999999520105067
77,17,10,0.012
77,18,1,0.011999999933130528
77,18,2,0.011999999916802624
77,18,3,0.011999999447170832
77,18,4,0.011999999367566488
77,18,5,0.011999999152736765
77,18,6,0.011999999806667924
77,18,7,0.011999999227557692
77,18,8,0.012
77,18,9,0.0119999998970029
77,18,10,0.012
77,19,1,0.01199999992976418
77,19,2,0.012
77,19,3,0.011999999636415057
77,19,4,0.011999999932615094
77,19,5,0.012
77,19,6,0.011999999689953323
77,19,7,0.011999999398057092
77,19,8,0.011999999574905454
77,19,9,0.012
77,19,10,0.012
77,20,1,0.01199999932981377
77,20,2,0.011999999883968616
77,20,3,0.011999999261870009
77,20,4,0.012
77,20,5,0.012
77,20,6,0.012
77,20,7,0.011999999833958025
77,20,8,0.012
77,20,9,0.0119999996841324
77,20,10,0.011999999606680786
77,21,1,0.012
77,21,2,0.011999999179421773
77,21,3,0.012
77,21,4,0.012
77,21,5,0.012
77,21,6,0.012
77,21,7,0.012
77,21,8,0.0119999996648468
77,21,9,0.01199999983398188
77,21,10,0.011999999017974751
77,22,1,0.012
77,22,2,0.011999999549204027
77,22,3,0.011999999821245513
77,22,4,0.012
77,22,5,0.011999999987024397
77,22,6,0.012
77,22,7,0.011999999328172889
77,22,8,0.011999998892406355
77,22,9,0.012
77,22,10,0.011999999796919958
77,23,1,0.011999999079536014
77,23,2,0.012
77,23,3,0.012
77,23,4,0.011999999626729499
77,23,5,0.011999999368165239
77,23,6,0.011999999173189266
77,23,7,0.012
77,23,8,0.012
77,23,9,0.011999999961199131
77,23,10,0.012
77,24,1,0.012
77,24,2,0.011999999270171341
77,24,3,0.01199999909130365
77,24,4,0.012
77,24,5,0.011999999641444332
77,24,6,0.012
77,24,7,0.011999999242188947
77,24,8,0.012
77,24,9,0.011999998833264844
77,24,10,0.012
78,1,1,0.01199999812302061
78,1,2,0.012
78,1,3,0.012
78,1,4,0.01199999968587985
78,1,5,0.011999999936940266
78,1,6,0.011999999957071319
78,1,7,0.01199999973452823
78,1,8,0.012
78,1,9,0.011999999292300029
78,1,10,0.012
78,2,1,0.011999999014781647
78,2,2,0.012
78,2,3,0.011999998736100165
78,2,4,0.012
78,2,5,0.012
78,2,6,0.012
78,2,7,0.012
78,2,8,0.01199999982497113
78,2,9,0.011999999681927748
78,2,10,0.011999999848922971
78,3,1,0.01199999912443193
78,3,2,0.012
78,3,3,0.012
78,3,4,0.011999997612174379
78,3,5,0.012
78,3,6,0.011999999748918164
78,3,7,0.011999998405396025
78,3,8,0.01199999964239587
78,3,9,0.012
78,3,10,0.012
78,4,1,0.012
78,4,2,0.012
78,4,3,0.012
78,4,4,0.012
78,4,5,0.012
78,4,6,0.012
78,4,7,0.011999999562046622
78,4,8,0.011999999677415829
78,4,9,0.011999999709723638
78,4,10,0.011999999478854537
78,5,1,0.01199999823543488
78,5,2,0.011999999772690707
78,5,3,0.012
78,5,4,0.011999999356327395
78,5,5,0.012
78,5,6,0.011999999504254538
78,5,7,0.012
78,5,8,0.012
78,5,9,0.011999998761115821
78,5,10,0.012
78,6,1,0.011999999945668686
78,6,2,0.011999998917130605
78,6,3,0.012
78,6,4,0.0119999994830456
78,6,5,0.012
78,6,6,0.012
78,6,7,0.012
78,6,8,0.011999999729919775
78,6,9,0.011999999208743922
78,6,10,0.011999999839008277
78,7,1,0.011999999151849579
78,7,2,0.011999999878633136
78,7,3,0.011999999994769882
78,7,4,0.011999999469700595
78,7,5,0.01199999988112245
78,7,6,0.012
78,7,7,0.011999999603027469
78,7,8,0.01199999991573042
78,7,9,0.012
78,7,10,0.011999999850508453
78,8,1,0.012
78,8,2,0.011999999055089729
78,8,3,0.011999999987254935
78,8,4,0.0119999998610366
78,8,5,0.012
78,8,6,0.011999999615653642
78,8,7,0.011999999517996317
78,8,8,0.012
78,8,9,0.011999999022271904
78,8,10,0.012
78,9,1,0.012
78,9,2,0.012
78,9,3,0.011999999967115649
78,9,4,0.01199999919924262
78,9,5,0.01199999963300933
78,9,6,0.011999998816140844
78,9,7,0.011999999433117789
78,9,8,0.012
78,9,9,0.011999999555747085
78,9,10,0.011999999548345089
78,10,1,0.012
78,10,2,0.011999999894723404
78,10,3,0.011999999863408911
78,10,4,0.012
78,10,5,0.011999999595654978
78,10,6,0.012
78,10,7,0.011999999953175015
78,10,8,0.012
78,10,9,0.012
78,10,10,0.011999999627215652
78,11,1,0.012
78,11,2,0.011999999394831318
78,11,3,0.011999999780373014
78,11,4,0.012
78,11,5,0.011999999804901781
78,11,6,0.012
78,11,7,0.011999999923233154
78,11,8,0.012
78,11,9,0.012
78,11,10,0.012
78,12,1,0.011999999824139115
78,12,2,0.012
78,12,3,0.01199999995367157
78,12,4,0.012
78,12,5,0.012
78,12,6,0.012
78,12,7,0.012
78,12,8,0.012
78,12,9,0.011999999942119796
78,12,10,0.011999999952236051
78,13,1,0.012
78,13,2,0.011999998817858085
78,13,3,0.012
78,13,4,0.012
78,13,5,0.012
78,13,6,0.012
78,13,7,0.012
78,13,8,0.012
78,13,9,0.012
78,13,10,0.012
78,14,1,0.012
78,14,2,0.012
78,14,3,0.012
78,14,4,0.01199999957302389
78,14,5,0.011999998819556906
78,14,6,0.012
78,14,7,0.012
78,14,8,0.011999998695976732
78,14,9,0.012
78,14,10,0.012
78,15,1,0.012
78,15,2,0.011999999859281477
78,15,3,0.012
78,15,4,0.012
78,15,5,0.012
78,15,6,0.011999999979723255
78,15,7,0.011999998599119297
78,15,8,0.012
78,15,9,0.012
78,15,10,0.011999999865007285
78,16,1,0.011999998925719305
78,16,2,0.011999999317563001
78,16,3,0.011999999627267222
78,16,4,0.012
78,16,5,0.012
78,16,6,0.011999999635407321
78,16,7,0.011999999551770599
78,16,8,0.012
78,16,9,0.012
78,16,10,0.012
78,17,1,0.012
78,17,2,0.012
78,17,3,0.012
78,17,4,0.011999999202964157
78,17,5,0.012
78,17,6,0.012
78,17,7,0.012
78,17,8,0.01199999979204075
78,17,9,0.012
78,17,10,0.011999999570837958
78,18,1,0.012
78,18,2,0.011999999749134967
78,18,3,0.011999999670358648
78,18,4,0.012
78,18,5,0.012
78,18,6,0.012
78,18,7,0.012
78,18,8,0.011999999498732317
78,18,9,0.012
78,18,10,0.011999999684920278
78,19,1,0.012
78,19,2,0.011999998401525918
78,19,3,0.012
78,19,4,0.011999999919001511
78,19,5,0.011999999792972407
78,19,6,0.011999999601070958
78,19,7,0.011999999988763851
78,19,8,0.01199999969248021
78,19,9,0.011999999602777547
78,19,10,0.011999999670112671
78,20,1,0.011999999518482657
78,20,2,0.011999999110625787
78,20,3,0.012
78,20,4,0.01199999966195689
78,20,5,0.012
78,20,6,0.011999999607872656
78,20,7,0.011999999069646345
78,20,8,0.011999999132541128
78,20,9,0.012
78,20,10,0.011999999385425703
78,21,1,0.012
78,21,2,0.012
78,21,3,0.011999999520693631
78,21,4,0.012
78,21,5,0.011999999655183134
78,21,6,0.011999999577002287
78,21,7,0.012
78,21,8,0.012
78,21,9,0.01199999979482802
78,21,10,0.011999999978782802
78,22,1,0.01199999937299999
78,22,2,0.01199999999735575
78,22,3,0.011999999845974912
78,22,4,0.011999999455675939
78,22,5,0.012
78,22,6,0.0119999999682434
78,22,7,0.012
78,22,8,0.012
78,22,9,0.012
78,22,10,0.012
78,23,1,0.011999999408753972
78,23,2,0.012
78,23,3,0.011999999827531464
78,23,4,0.011999999967843608
78,23,5,0.012
78,23,6,0.012
78,23,7,0.011999999582070708
78,23,8,0.01199999979609609
78,23,9,0.011999998883889668
78,23,10,0.011999998479829535
78,24,1,0.011999999663037247
78,24,2,0.012
78,24,3,0.012
78,24,4,0.01199999867240234
78,24,5,0.012
78,24,6,0.012
78,24,7,0.012
78,24,8,0.011999999641886791
78,24,9,0.012
78,24,10,0.0119999994962256
80,1,1,0.012
80,1,2,0.011999999331387873
80,1,3,0.012
80,1,4,0.011999999572052222
80,1,5,0.012
80,1,6,0.011999999649621864
80,1,7,0.012
80,1,8,0.012
80,1,9,0.012
80,1,10,0.011999999754463198
80,2,1,0.012
80,2,2,0.012
80,2,3,0.012
80,2,4,0.01199999960931402
80,2,5,0.011999999249475334
80,2,6,0.011999999427109071
80,2,7,0.01199999984686299
80,2,8,0.011999999988019233
80,2,9,0.012
80,2,10,0.01199999959307213
80,3,1,0.011999999928101222
80,3,2,0.012
80,3,3,0.011999999256521472
80,3,4,0.012
80,3,5,0.011999999629341021
80,3,6,0.011999999887065998
80,3,7,0.012
80,3,8,0.012
80,3,9,0.012
80,3,10,0.012
80,4,1,0.01199999992796853
80,4,2,0.011999999746221679
80,4,3,0.012
80,4,4,0.01199999946643452
80,4,5,0.011999999402018596
80,4,6,0.01199999937386945
80,4,7,0.011999999973668168
80,4,8,0.012
80,4,9,0.012
80,4,10,0.012
80,5,1,0.012
80,5,2,0.012
80,5,3,0.012
80,5,4,0.011999999589745645
80,5,5,0.011999999805605566
80,5,6,0.011999999798835218
80,5,7,0.011999999886173406
80,5,8,0.011999998901524617
80,5,9,0.012
80,5,10,0.012
80,6,1,0.011999999196985031
80,6,2,0.012
80,6,3,0.011999999204306177
80,6,4,0.011999999628914855
80,6,5,0.01199999962080258
80,6,6,0.012
80,6,7,0.011999999915183778
80,6,8,0.012
80,6,9,0.012
80,6,10,0.012
80,7,1,0.011999999666666449
80,7,2,0.012
80,7,3,0.012
80,7,4,0.012
80,7,5,0.011999999688200362
80,7,6,0.012
80,7,7,0.01199999975462528
80,7,8,0.01199999999243398
80,7,9,0.011999999475346426
80,7,10,0.012
80,8,1,0.012
80,8,2,0.011999999552365637
80,8,3,0.01199999945407747
80,8,4,0.011999999562754292
80,8,5,0.011999999911324472
80,8,6,0.011999999483316502
80,8,7,0.011999999800989654
80,8,8,0.011999999788480598
80,8,9,0.011999999672236639
80,8,10,0.011999999984077608
80,9,1,0.012
80,9,2,0.011999999935627673
80,9,3,0.012
80,9,4,0.011999999917111141
80,9,5,0.011999999378941471
80,9,6,0.012
80,9,7,0.01199999960834442
80,9,8,0.011999999168963271
80,9,9,0.01199999991030369
80,9,10,0.01199999991342661
80,10,1,0.011999998560351999
80,10,2,0.011999999756205873
80,10,3,0.012
80,10,4,0.011999999252210868
80,10,5,0.012
80,10,6,0.0119999995087584
80,10,7,0.01199999962513365
80,10,8,0.0119999997243731
80,10,9,0.012
80,10,10,0.012
80,11,1,0.011999999159982414
80,11,2,0.012
80,11,3,0.01199999956432266
80,11,4,0.011999999001611673
80,11,5,0.011999999063206798
80,11,6,0.011999999260941072
80,11,7,0.012
80,11,8,0.011999999755465562
80,11,9,0.01199999954596085
80,11,10,0.011999999866364852
80,12,1,0.012
80,12,2,0.01199999996688382
80,12,3,0.012
80,12,4,0.011999998884723952
80,12,5,0.012
80,12,6,0.012
80,12,7,0.012
80,12,8,0.012
80,12,9,0.01199999997047755
80,12,10,0.012
80,13,1,0.011999998734210177
80,13,2,0.012
80,13,3,0.011999999611308463
80,13,4,0.011999999942524799
80,13,5,0.011999999690026287
80,13,6,0.012
80,13,7,0.01199999977937699
80,13,8,0.011999999454838928
80,13,9,0.011999999815471708
80,13,10,0.012
80,14,1,0.011999999439952488
80,14,2,0.012
80,14,3,0.01199999973154525
80,14,4,0.011999999957905474
80,14,5,0.012
80,14,6,0.011999999871716079
80,14,7,0.011999999453614206
80,14,8,0.012
80,14,9,0.012
80,14,10,0.011999999748927681
80,15,1,0.012
80,15,2,0.011999999694189814
80,15,3,0.011999999541310957
80,15,4,0.011999999807052325
80,15,5,0.011999999977327994
80,15,6,0.011999999601767963
80,15,7,0.012
80,15,8,0.011999999722030974
80,15,9,0.012
80,15,10,0.011999999788400134
80,16,1,0.011999999887351898
80,16,2,0.011999999964851779
80,16,3,0.012
80,16,4,0.01199999920167856
80,16,5,0.011999999621470372
80,16,6,0.012
80,16,7,0.012
80,16,8,0.01199999912311503
80,16,9,0.012
80,16,10,0.011999998260243255
80,17,1,0.011999998986900066
80,17,2,0.012
80,17,3,0.012
80,17,4,0.012
80,17,5,0.011999999077940058
80,17,6,0.011999999883706855
80,17,7,0.012
80,17,8,0.012
80,17,9,0.011999999942473506
80,17,10,0.012
80,18,1,0.011999999916862993
80,18,2,0.011999999615100856
80,18,3,0.012
80,18,4,0.011999999878686121
80,18,5,0.011999999436684554
80,18,6,0.012
80,18,7,0.011999999585816386
80,18,8,0.012
80,18,9,0.011999999641951253
80,18,10,0.012
80,19,1,0.011999999817573555
80,19,2,0.011999999983056446
80,19,3,0.011999999574656776
80,19,4,0.01199999997907579
80,19,5,0.011999999750469042
80,19,6,0.012
80,19,7,0.012
80,19,8,0.012
80,19,9,0.012
80,19,10,0.012
80,20,1,0.012
80,20,2,0.012
80,20,3,0.011999999341883737
80,20,4,0.012
80,20,5,0.011999998854614963
80,20,6,0.01199999971761663
80,20,7,0.012
80,20,8,0.012
80,20,9,0.012
80,20,10,0.012
80,21,1,0.011999999159651636
80,21,2,0.011999999398806305
80,21,3,0.012
80,21,4,0.01199999970902537
80,21,5,0.012
80,21,6,0.012
80,21,7,0.011999999482620136
80,21,8,0.011999999832601527
80,21,9,0.012
80,21,10,0.011999999172456755
80,22,1,0.012
80,22,2,0.012
80,22,3,0.01199999999210212
80,22,4,0.011999999991441114
80,22,5,0.011999999474806521
80,22,6,0.012
80,22,7,0.011999999383907785
80,22,8,0.011999999556738139
80,22,9,0.011999999439819206
80,22,10,0.011999999976448572
80,23,1,0.012
80,23,2,0.012
80,23,3,0.012
80,23,4,0.012
80,23,5,0.011999999135895102
80,23,6,0.012
80,23,7,0.012
80,23,8,0.012
80,23,9,0.011999999543097432
80,23,10,0.012
80,24,1,0.011999999697044607
80,24,2,0.012
80,24,3,0.011999999477446153
80,24,4,0.012
80,24,5,0.012
80,24,6,0.011999999244178064
80,24,7,0.012
80,24,8,0.012
80,24,9,0.011999999006917506
80,24,10,0.012
81,1,1,0.012
81,1,2,0.011999999397997715
81,1,3,0.011999999532107817
81,1,4,0.011999999901355814
81,1,5,0.011999999980713077
81,1,6,0.012
81,1,7,0.011999999986464765
81,1,8,0.011999999508641224
81,1,9,0.012
81,1,10,0.011999999559071786
81,2,1,0.011999999731216411
81,2,2,0.011999999002224024
81,2,3,0.012
81,2,4,0.011999999556889518
81,2,5,0.012
81,2,6,0.012
81,2,7,0.011999999596822594
81,2,8,0.012
81,2,9,0.012
81,2,10,0.012
81,3,1,0.011999999532988172
81,3,2,0.011999999213637896
81,3,3,0.012
81,3,4,0.011999999949944072
81,3,5,0.012
81,3,6,0.012
81,3,7,0.011999999496532344
81,3,8,0.011999999625097402
81,3,9,0.011999999477162793
81,3,10,0.011999999780775705
81,4,1,0.012
81,4,2,0.012
81,4,3,0.012
81,4,4,0.012
81,4,5,0.012
81,4,6,0.012
81,4,7,0.012
81,4,8,0.01199999931742557
81,4,9,0.011999999850155804
81,4,10,0.012
81,5,1,0.011999999938604053
81,5,2,0.012
81,5,3,0.011999999769084484
81,5,4,0.012
81,5,5,0.012
81,5,6,0.012
81,5,7,0.011999999839663756
81,5,8,0.012
81,5,9,0.012
81,5,10,0.011999999644395687
81,6,1,0.012
81,6,2,0.01199999998838057
81,6,3,0.011999999847120135
81,6,4,0.011999999717697399
81,6,5,0.011999999469303205
81,6,6,0.01199999900616635
81,6,7,0.011999999695288161
81,6,8,0.011999999417374702
81,6,9,0.011999999225659454
81,6,10,0.011999999788582072
81,7,1,0.012
81,7,2,0.011999998953234291
81,7,3,0.012
81,7,4,0.012
81,7,5,0.01199999960830429
81,7,6,0.011999999774694441
81,7,7,0.012
81,7,8,0.012
81,7,9,0.01199999993416409
81,7,10,0.012
81,8,1,0.011999999089870728
81,8,2,0.01199999989578663
81,8,3,0.012
81,8,4,0.012
81,8,5,0.011999999676349894
81,8,6,0.012
81,8,7,0.011999999741732673
81,8,8,0.012
81,8,9,0.011999999896356209
81,8,10,0.012
81,9,1,0.01199999962139002
81,9,2,0.012
81,9,3,0.011999998881848922
81,9,4,0.011999999769912714
81,9,5,0.012
81,9,6,0.01199999955779632
81,9,7,0.012
81,9,8,0.012
81,9,9,0.012
81,9,10,0.011999999816379114
81,10,1,0.012
81,10,2,0.012
81,10,3,0.01199999968544532
81,10,4,0.01199999961562883
81,10,5,0.012
81,10,6,0.012
81,10,7,0.012
81,10,8,0.012
81,10,9,0.011999999106740412
81,10,10,0.011999998994162084
81,11,1,0.012
81,11,2,0.011999999427030783
81,11,3,0.012
81,11,4,0.012
81,11,5,0.012
81,11,6,0.012
81,11,7,0.011999999416358556
81,11,8,0.012
81,11,9,0.012
81,11,10,0.012
81,12,1,0.01199999951005503
81,12,2,0.012
81,12,3,0.012
81,12,4,0.011999999987620462
81,12,5,0.011999999827779693
81,12,6,0.011999999551272691
81,12,7,0.011999999575249692
81,12,8,0.011999999732214495
81,12,9,0.012
81,12,10,0.011999999210540319
81,13,1,0.012
81,13,2,0.011999998703649206
81,13,3,0.011999999961235115
81,13,4,0.01199999965915207
81,13,5,0.012
81,13,6,0.011999999897846253
81,13,7,0.011999999586911503
81,13,8,0.012
81,13,9,0.012
81,13,10,0.011999999217671198
81,14,1,0.012
81,14,2,0.011999998877190235
81,14,3,0.011999999948956404
81,14,4,0.012
81,14,5,0.011999999298366194
81,14,6,0.012
81,14,7,0.011999998983227608
81,14,8,0.011999999265139172
81,14,9,0.011999999737766533
81,14,10,0.012
81,15,1,0.01199999888156763
81,15,2,0.012
81,15,3,0.011999999984574143
81,15,4,0.011999999797577605
81,15,5,0.012
81,15,6,0.012
81,15,7,0.011999999891582229
81,15,8,0.012
81,15,9,0.012
81,15,10,0.011999999973469372
81,16,1,0.012
81,16,2,0.012
81,16,3,0.011999999807391578
81,16,4,0.011999999578940782
81,16,5,0.012
81,16,6,0.011999999381197106
81,16,7,0.011999999767575487
81,16,8,0.012
81,16,9,0.011999999295570489
81,16,10,0.012
81,17,1,0.012
81,17,2,0.011999999130418756
81,17,3,0.011999999597877033
81,17,4,0.011999999955491683
81,17,5,0.011999999393577807
81,17,6,0.012
81,17,7,0.011999999285330597
81,17,8,0.011999999649285498
81,17,9,0.011999999458084581
81,17,10,0.011999999264515449
81,18,1,0.012
81,18,2,0.011999999662737348
81,18,3,0.011999999732141425
81,18,4,0.01199999996990389
81,18,5,0.011999999807660346
81,18,6,0.011999999828528278
81,18,7,0.012
81,18,8,0.01199999974646701
81,18,9,0.012
81,18,10,0.012
81,19,1,0.011999999823293951
81,19,2,0.012
81,19,3,0.012
81,19,4,0.011999999660748745
81,19,5,0.011999999324007995
81,19,6,0.011999999536821616
81,19,7,0.011999999878666717
81,19,8,0.012
81,19,9,0.012
81,19,10,0.011999999240035891
81,20,1,0.011999999114799209
81,20,2,0.011999999408741621
81,20,3,0.011999999859988524
81,20,4,0.011999999595411863
81,20,5,0.012
81,20,6,0.012
81,20,7,0.011999999142723705
81,20,8,0.011999999589169412
81,20,9,0.011999999533719032
81,20,10,0.011999999971800943
81,21,1,0.012
81,21,2,0.012
81,21,3,0.012
81,21,4,0.012
81,21,5,0.011999998878085932
81,21,6,0.01199999922078926
81,21,7,0.012
81,21,8,0.012
81,21,9,0.012
81,21,10,0.012
81,22,1,0.012
81,22,2,0.011999999808764941
81,22,3,0.012
81,22,4,0.011999999735728455
81,22,5,0.012
81,22,6,0.011999999032521427
81,22,7,0.012
81,22,8,0.012
81,22,9,0.012
81,22,10,0.0119999988792725
81,23,1,0.012
81,23,2,0.011999999436900902
81,23,3,0.011999999297273523
81,23,4,0.011999999927598683
81,23,5,0.011999999809437348
81,23,6,0.012
81,23,7,0.011999998747951227
81,23,8,0.011999999356630292
81,23,9,0.012
81,23,10,0.012
81,24,1,0.012
81,24,2,0.011999999073594211
81,24,3,0.011999999995604301
81,24,4,0.012
81,24,5,0.012
81,24,6,0.011999999960528557
81,24,7,0.012
81,24,8,0.012
81,24,9,0.012
81,24,10,0.011999999078771861
82,1,1,0.01199999940204624
82,1,2,0.012
82,1,3,0.011999999920558911
82,1,4,0.012
82,1,5,0.012
82,1,6,0.012
82,1,7,0.01199999995926862
82,1,8,0.011999999903758454
82,1,9,0.011999999534272894
82,1,10,0.011999999499860012
82,2,1,0.012
82,2,2,0.012
82,2,3,0.011999999803054717
82,2,4,0.012
82,2,5,0.011999998738570418
82,2,6,0.011999999624429755
82,2,7,0.011999999945591484
82,2,8,0.012
82,2,9,0.011999999638116807
82,2,10,0.011999999113525645
82,3,1,0.01199999971454696
82,3,2,0.012
82,3,3,0.011999999939394816
82,3,4,0.012
82,3,5,0.011999999808234116
82,3,6,0.011999998908449397
82,3,7,0.012
82,3,8,0.012
82,3,9,0.011999999259629635
82,3,10,0.011999999693203596
82,4,1,0.01199999954877095
82,4,2,0.012
82,4,3,0.011999999603373251
82,4,4,0.011999998597842627
82,4,5,0.01199999965303996
82,4,6,0.012
82,4,7,0.011999999137708196
82,4,8,0.012
82,4,9,0.01199999944075849
82,4,10,0.01199999928483491
82,5,1,0.01199999958808362
82,5,2,0.011999999082971467
82,5,3,0.0119999999038359
82,5,4,0.011999999112513898
82,5,5,0.01199999971810975
82,5,6,0.011999999102682318
82,5,7,0.012
82,5,8,0.011999999660587388
82,5,9,0.011999999719498215
82,5,10,0.011999999589795925
82,6,1,0.012
82,6,2,0.011999999088577011
82,6,3,0.011999999934547978
82,6,4,0.012
82,6,5,0.012
82,6,6,0.012
82,6,7,0.012
82,6,8,0.012
82,6,9,0.012
82,6,10,0.012
82,7,1,0.011999999666858621
82,7,2,0.012
82,7,3,0.012
82,7,4,0.011999999738814097
82,7,5,0.012
82,7,6,0.012
82,7,7,0.011999999377708945
82,7,8,0.012
82,7,9,0.011999999984772483
82,7,10,0.011999999909131781
82,8,1,0.012
82,8,2,0.012
82,8,3,0.012
82,8,4,0.011999999873737455
82,8,5,0.011999999716901258
82,8,6,0.012
82,8,7,0.012
82,8,8,0.011999999858203644
82,8,9,0.012
82,8,10,0.011999999478005077
82,9,1,0.012
82,9,2,0.011999999131820677
82,9,3,0.011999999682734873
82,9,4,0.012
82,9,5,0.011999999573262893
82,9,6,0.012
82,9,7,0.012
82,9,8,0.011999999624387588
82,9,9,0.011999999715317802
82,9,10,0.0119999996613201
82,10,1,0.011999999878487946
82,10,2,0.012
82,10,3,0.012
82,10,4,0.012
82,10,5,0.011999999421706965
82,10,6,0.012
82,10,7,0.012
82,10,8,0.01199999991276917
82,10,9,0.012
82,10,10,0.012
82,11,1,0.01199999956081109
82,11,2,0.012
82,11,3,0.011999999546479463
82,11,4,0.012
82,11,5,0.012
82,11,6,0.012
82,11,7,0.01199999956968268
82,11,8,0.011999999018542803
82,11,9,0.011999999840862183
82,11,10,0.011999999490334506
82,12,1,0.012
82,12,2,0.011999999451241972
82,12,3,0.012
82,12,4,0.012
82,12,5,0.011999999348775624
82,12,6,0.011999999439795156
82,12,7,0.012
82,12,8,0.011999999401882011
82,12,9,0.01199999982808693
82,12,10,0.012
82,13,1,0.012
82,13,2,0.012
82,13,3,0.012
82,13,4,0.012
82,13,5,0.012
82,13,6,0.012
82,13,7,0.012
82,13,8,0.012
82,13,9,0.012
82,13,10,0.012
82,14,1,0.011999999319223707
82,14,2,0.012
82,14,3,0.012
82,14,4,0.011999999746243134
82,14,5,0.012
82,14,6,0.012
82,14,7,0.012
82,14,8,0.012
82,14,9,0.012
82,14,10,0.011999999250320567
82,15,1,0.012
82,15,2,0.01199999942103979
82,15,3,0.011999999657473115
82,15,4,0.012
82,15,5,0.011999999208450726
82,15,6,0.012
82,15,7,0.012
82,15,8,0.012
82,15,9,0.01199999963381107
82,15,10,0.012
82,16,1,0.011999999262647172
82,16,2,0.011999998629781745
82,16,3,0.012
82,16,4,0.012
82,16,5,0.012
82,16,6,0.012
82,16,7,0.011999999125008265
82,16,8,0.011999999022053079
82,16,9,0.012
82,16,10,0.011999999834891417
82,17,1,0.01199999992756149
82,17,2,0.012
82,17,3,0.012
82,17,4,0.011999999371541357
82,17,5,0.012
82,17,6,0.012
82,17,7,0.012
82,17,8,0.012
82,17,9,0.012
82,17,10,0.011999999706538325
82,18,1,0.012
82,18,2,0.012
82,18,3,0.011999999877115586
82,18,4,0.011999999801559275
82,18,5,0.011999999809687814
82,18,6,0.012
82,18,7,0.011999998859764834
82,18,8,0.012
82,18,9,0.012
82,18,10,0.011999999616066619
82,19,1,0.012
82,19,2,0.012
82,19,3,0.012
82,19,4,0.012
82,19,5,0.012
82,19,6,0.012
82,19,7,0.011999999771796346
82,19,8,0.01199999985388938
82,19,9,0.011999999822907885
82,19,10,0.012
82,20,1,0.012
82,20,2,0.012
82,20,3,0.012
82,20,4,0.012
82,20,5,0.01199999971659059
82,20,6,0.01199999906793596
82,20,7,0.012
82,20,8,0.012
82,20,9,0.012
82,20,10,0.011999999806036568
82,21,1,0.01199999972509995
82,21,2,0.011999999730222692
82,21,3,0.012
82,21,4,0.01199999989931718
82,21,5,0.012
82,21,6,0.012
82,21,7,0.011999999900741791
82,21,8,0.011999999982993871
82,21,9,0.011999999140468683
82,21,10,0.011999999414679746
82,22,1,0.011999999365036915
82,22,2,0.012
82,22,3,0.011999999902277278
82,22,4,0.011999999905373315
82,22,5,0.012
82,22,6,0.012
82,22,7,0.012
82,22,8,0.012
82,22,9,0.011999999821440017
82,22,10,0.012
82,23,1,0.011999999551113541
82,23,2,0.01199999936500927
82,23,3,0.012
82,23,4,0.011999999075228036
82,23,5,0.012
82,23,6,0.011999999132877262
82,23,7,0.012
82,23,8,0.01199999989852512
82,23,9,0.011999999878048825
82,23,10,0.011999998560398219
82,24,1,0.012
82,24,2,0.012
82,24,3,0.011999999662893016
82,24,4,0.011999999668574256
82,24,5,0.012
82,24,6,0.012
82,24,7,0.011999999826096931
82,24,8,0.011999999372174441
82,24,9,0.011999998319721941
82,24,10,0.012
84,1,1,0.011999999997081207
84,1,2,0.01199999997642659
84,1,3,0.011999999977452123
84,1,4,0.011999999938684284
84,1,5,0.01199999999497461
84,1,6,0.011999999970605357
84,1,7,0.012
84,1,8,0.012
84,1,9,0.01199999998006834
84,1,10,0.012
84,2,1,0.012
84,2,2,0.011999999993798222
84,2,3,0.011999999964360866
84,2,4,0.011999999983063248
84,2,5,0.01199999999817878
84,2,6,0.011999999954569185
84,2,7,0.012
84,2,8,0.011999999992019672
84,2,9,0.012
84,2,10,0.012
84,3,1,0.012
84,3,2,0.011999999993471427
84,3,3,0.012
84,3,4,0.011999999981398859
84,3,5,0.011999999968975526
84,3,6,0.011999999995732757
84,3,7,0.012
84,3,8,0.012
84,3,9,0.012
84,3,10,0.011999999955149249
84,4,1,0.012
84,4,2,0.012
84,4,3,0.011999999983344223
84,4,4,0.011999999954590957
84,4,5,0.011999999991773532
84,4,6,0.011999999981023954
84,4,7,0.011999999985227078
84,4,8,0.01199999999383461
84,4,9,0.012
84,4,10,0.011999999991535254
84,5,1,0.012
84,5,2,0.011999999989962928
84,5,3,0.012
84,5,4,0.011999999991991417
84,5,5,0.011999999988124177
84,5,6,0.012
84,5,7,0.012
84,5,8,0.01199999999045448
84,5,9,0.01199999995906479
84,5,10,0.012
84,6,1,0.01199999996637155
84,6,2,0.012
84,6,3,0.012
84,6,4,0.012
84,6,5,0.011999999976928938
84,6,6,0.012
84,6,7,0.012
84,6,8,0.011999999987640508
84,6,9,0.011999999991545302
84,6,10,0.011999999953058671
84,7,1,0.01199999993923656
84,7,2,0.012
84,7,3,0.011999999992132429
84,7,4,0.01199999997004926
84,7,5,0.011999999966280081
84,7,6,0.012
84,7,7,0.012
84,7,8,0.011999999982214238
84,7,9,0.012
84,7,10,0.011999999989990406
84,8,1,0.012
84,8,2,0.012
84,8,3,0.011999999960867744
84,8,4,0.011999999995017422
84,8,5,0.011999999997255317
84,8,6,0.011999999988764262
84,8,7,0.012
84,8,8,0.011999999991817722
84,8,9,0.011999999991937457
84,8,10,0.012
84,9,1,0.012
84,9,2,0.011999999979630013
84,9,3,0.011999999983319222
84,9,4,0.012
84,9,5,0.011999999985813872
84,9,6,0.011999999988050472
84,9,7,0.011999999965653041
84,9,8,0.011999999974440512
84,9,9,0.012
84,9,10,0.011999999993858756
84,10,1,0.012
84,10,2,0.011999999957030938
84,10,3,0.011999999976686632
84,10,4,0.012
84,10,5,0.011999999992776171
84,10,6,0.011999999974088599
84,10,7,0.012
84,10,8,0.011999999992147958
84,10,9,0.012
84,10,10,0.011999999998358601
84,11,1,0.012
84,11,2,0.012
84,11,3,0.011999999953371553
84,11,4,0.01199999998398471
84,11,5,0.011999999937651357
84,11,6,0.012
84,11,7,0.01199999996085327
84,11,8,0.011999999993080823
84,11,9,0.012
84,11,10,0.011999999965298214
84,12,1,0.012
84,12,2,0.012
84,12,3,0.01199999998345918
84,12,4,0.011999999996036998
84,12,5,0.012
84,12,6,0.012
84,12,7,0.012
84,12,8,0.011999999996153976
84,12,9,0.01199999998007454
84,12,10,0.011999999994181554
84,13,1,0.011999999978963947
84,13,2,0.011999999994294602
84,13,3,0.011999999967804445
84,13,4,0.011999999971464875
84,13,5,0.012
84,13,6,0.012
84,13,7,0.012
84,13,8,0.011999999992873489
84,13,9,0.012
84,13,10,0.012
84,14,1,0.012
84,14,2,0.011999999980342263
84,14,3,0.011999999987156076
84,14,4,0.012
84,14,5,0.011999999976058773
84,14,6,0.011999999969325062
84,14,7,0.011999999971186587
84,14,8,0.011999999988953347
84,14,9,0.01199999994220561
84,14,10,0.011999999985786186
84,15,1,0.01199999995343429
84,15,2,0.012
84,15,3,0.012
84,15,4,0.011999999998357444
84,15,5,0.01199999998892154
84,15,6,0.011999999995353089
84,15,7,0.011999999940730408
84,15,8,0.011999999998759447
84,15,9,0.012
84,15,10,0.012
84,16,1,0.011999999980931101
84,16,2,0.011999999981434167
84,16,3,0.012
84,16,4,0.012
84,16,5,0.012
84,16,6,0.01199999997220104
84,16,7,0.012
84,16,8,0.011999999972373054
84,16,9,0.012
84,16,10,0.011999999973153208
84,17,1,0.011999999943195007
84,17,2,0.011999999985414955
84,17,3,0.012
84,17,4,0.01199999996256856
84,17,5,0.011999999959121682
84,17,6,0.01199999999782294
84,17,7,0.012
84,17,8,0.011999999968162645
84,17,9,0.012
84,17,10,0.011999999954697416
84,18,1,0.011999999956662444
84,18,2,0.012
84,18,3,0.011999999981586837
84,18,4,0.012
84,18,5,0.012
84,18,6,0.011999999982655857
84,18,7,0.012
84,18,8,0.01199999999803636
84,18,9,0.011999999968561978
84,18,10,0.0119999999977016
84,19,1,0.011999999988202656
84,19,2,0.011999999979718706
84,19,3,0.011999999958019439
84,19,4,0.011999999998962216
84,19,5,0.012
84,19,6,0.012
84,19,7,0.012
84,19,8,0.012
84,19,9,0.011999999969136727
84,19,10,0.012
84,20,1,0.012
84,20,2,0.012
84,20,3,0.012
84,20,4,0.012
84,20,5,0.01199999993842852
84,20,6,0.011999999994667845
84,20,7,0.012
84,20,8,0.011999999941552542
84,20,9,0.012
84,20,10,0.012
84,21,1,0.011999999998667903
84,21,2,0.01199999999559645
84,21,3,0.012
84,21,4,0.012
84,21,5,0.011999999985063993
84,21,6,0.012
84,21,7,0.011999999935076375
84,21,8,0.011999999980242204
84,21,9,0.011999999984042976
84,21,10,0.011999999962652746
84,22,1,0.012
84,22,2,0.012
84,22,3,0.011999999998187433
84,22,4,0.01199999997485202
84,22,5,0.011999999954177602
84,22,6,0.012
84,22,7,0.011999999965737557
84,22,8,0.0119999999904985
84,22,9,0.011999999911969365
84,22,10,0.011999999978678733
84,23,1,0.011999999972013724
84,23,2,0.012
84,23,3,0.011999999969687813
84,23,4,0.011999999990436036
84,23,5,0.011999999977604571
84,23,6,0.011999999984629306
84,23,7,0.012
84,23,8,0.011999999999881605
84,23,9,0.011999999989226101
84,23,10,0.012
84,24,1,0.012
84,24,2,0.011999999984017573
84,24,3,0.01199999999073205
84,24,4,0.011999999972841596
84,24,5,0.011999999998947117
84,24,6,0.012
84,24,7,0.01199999997930093
84,24,8,0.01199999999682183
84,24,9,0.011999999967066341
84,24,10,0.012
86,1,1,0.011999999991836985
86,1,2,0.01199999955249606
86,1,3,0.012
86,1,4,0.011999999290824043
86,1,5,0.011999999622367585
86,1,6,0.012
86,1,7,0.012
86,1,8,0.011999999578037435
86,1,9,0.011999999729137678
86,1,10,0.011999999353893953
86,2,1,0.011999999154685387
86,2,2,0.011999999257181454
86,2,3,0.011999999404671169
86,2,4,0.011999999791115878
86,2,5,0.012
86,2,6,0.012
86,2,7,0.011999999672415829
86,2,8,0.012
86,2,9,0.012
86,2,10,0.012
86,3,1,0.012
86,3,2,0.012
86,3,3,0.012
86,3,4,0.012
86,3,5,0.012
86,3,6,0.012
86,3,7,0.012
86,3,8,0.012
86,3,9,0.012
86,3,10,0.01199999997831902
86,4,1,0.011999999795199223
86,4,2,0.01199999977811847
86,4,3,0.012
86,4,4,0.01199999946107827
86,4,5,0.012
86,4,6,0.011999999936572553
86,4,7,0.012
86,4,8,0.012
86,4,9,0.011999999501362268
86,4,10,0.011999999364503078
86,5,1,0.01199999998766943
86,5,2,0.012
86,5,3,0.012
86,5,4,0.011999999595184385
86,5,5,0.011999999892997743
86,5,6,0.01199999958126452
86,5,7,0.012
86,5,8,0.012
86,5,9,0.011999999709581988
86,5,10,0.011999999706298559
86,6,1,0.012
86,6,2,0.011999999836309644
86,6,3,0.012
86,6,4,0.012
86,6,5,0.011999999928038407
86,6,6,0.012
86,6,7,0.012
86,6,8,0.011999999086822324
86,6,9,0.012
86,6,10,0.011999999609272283
86,7,1,0.012
86,7,2,0.012
86,7,3,0.012
86,7,4,0.012
86,7,5,0.012
86,7,6,0.012
86,7,7,0.012
86,7,8,0.012
86,7,9,0.011999999846434684
86,7,10,0.011999999891217306
86,8,1,0.011999999362358571
86,8,2,0.011999999979983994
86,8,3,0.012
86,8,4,0.011999999657981653
86,8,5,0.011999999555464075
86,8,6,0.011999999505563658
86,8,7,0.011999999424343655
86,8,8,0.01199999983098271
86,8,9,0.011999999454282567
86,8,10,0.012
86,9,1,0.011999999857410515
86,9,2,0.011999999418454005
86,9,3,0.012
86,9,4,0.012
86,9,5,0.01199999987401118
86,9,6,0.011999999961217478
86,9,7,0.01199999964938614
86,9,8,0.012
86,9,9,0.011999999628527713
86,9,10,0.012
86,10,1,0.011999999816230345
86,10,2,0.012
86,10,3,0.011999999539013984
86,10,4,0.012
86,10,5,0.012
86,10,6,0.011999999525088817
86,10,7,0.012
86,10,8,0.012
86,10,9,0.011999999334601774
86,10,10,0.012
86,11,1,0.011999999892489899
86,11,2,0.011999999474702566
86,11,3,0.011999999737989875
86,11,4,0.012
86,11,5,0.012
86,11,6,0.011999999976676112
86,11,7,0.012
86,11,8,0.012
86,11,9,0.012
86,11,10,0.012
86,12,1,0.012
86,12,2,0.012
86,12,3,0.011999999710398723
86,12,4,0.011999999018500795
86,12,5,0.012
86,12,6,0.012
86,12,7,0.011999999987151844
86,12,8,0.011999999612450352
86,12,9,0.012
86,12,10,0.012
86,13,1,0.012
86,13,2,0.012
86,13,3,0.011999999540735828
86,13,4,0.011999999901721514
86,13,5,0.011999999424294638
86,13,6,0.011999999811240447
86,13,7,0.011999999971334996
86,13,8,0.012
86,13,9,0.012
86,13,10,0.012
86,14,1,0.012
86,14,2,0.01199999983882824
86,14,3,0.011999999576116582
86,14,4,0.012
86,14,5,0.012
86,14,6,0.01199999925928985
86,14,7,0.011999998719463889
86,14,8,0.012
86,14,9,0.011999999468157219
86,14,10,0.012
86,15,1,0.012
86,15,2,0.012
86,15,3,0.012
86,15,4,0.011999999817868479
86,15,5,0.011999999758208674
86,15,6,0.011999999899659608
86,15,7,0.01199999979638039
86,15,8,0.012
86,15,9,0.011999999481180246
86,15,10,0.011999999995580435
86,16,1,0.012
86,16,2,0.011999999483074814
86,16,3,0.012
86,16,4,0.012
86,16,5,0.011999999676124251
86,16,6,0.012
86,16,7,0.011999999858351651
86,16,8,0.012
86,16,9,0.011999999866777966
86,16,10,0.01199999982768718
86,17,1,0.012
86,17,2,0.012
86,17,3,0.011999999675310374
86,17,4,0.012
86,17,5,0.011999999296323782
86,17,6,0.012
86,17,7,0.011999998960561198
86,17,8,0.012
86,17,9,0.012
86,17,10,0.01199999962492393
86,18,1,0.012
86,18,2,0.011999999848716414
86,18,3,0.012
86,18,4,0.011999999828665897
86,18,5,0.01199999939149693
86,18,6,0.011999999901515235
86,18,7,0.011999999704817133
86,18,8,0.012
86,18,9,0.011999999670978034
86,18,10,0.012
86,19,1,0.01199999971882254
86,19,2,0.012
86,19,3,0.012
86,19,4,0.01199999985606226
86,19,5,0.011999999847750825
86,19,6,0.012
86,19,7,0.011999999875219158
86,19,8,0.012
86,19,9,0.012
86,19,10,0.012
86,20,1,0.012
86,20,2,0.011999999364655678
86,20,3,0.01199999997519341
86,20,4,0.011999999610400991
86,20,5,0.012
86,20,6,0.011999999455637345
86,20,7,0.011999999453915389
86,20,8,0.011999999240825787
86,20,9,0.01199999956656328
86,20,10,0.011999999480273638
86,21,1,0.012
86,21,2,0.011999999816620532
86,21,3,0.012
86,21,4,0.012
86,21,5,0.011999999428590202
86,21,6,0.012
86,21,7,0.012
86,21,8,0.011999999722338395
86,21,9,0.011999999866505906
86,21,10,0.011999998790651417
86,22,1,0.011999999582883947
86,22,2,0.011999999519973603
86,22,3,0.012
86,22,4,0.0119999997005511
86,22,5,0.011999999549002549
86,22,6,0.011999999115605953
86,22,7,0.011999999207341405
86,22,8,0.012
86,22,9,0.011999999618983237
86,22,10,0.011999999750076595
86,23,1,0.011999999513108955
86,23,2,0.012
86,23,3,0.011999999970371239
86,23,4,0.012
86,23,5,0.012
86,23,6,0.011999999765780589
86,23,7,0.011999999402469264
86,23,8,0.011999999243634693
86,23,9,0.011999999960818603
86,23,10,0.012
86,24,1,0.012
86,24,2,0.011999999343282775
86,24,3,0.011999999414563256
86,24,4,0.011999999863979927
86,24,5,0.012
86,24,6,0.012
86,24,7,0.012
86,24,8,0.012
86,24,9,0.012
86,24,10,0.011999999765644032
87,1,1,0.011999999757341812
87,1,2,0.011999999983184517
87,1,3,0.012
87,1,4,0.012
87,1,5,0.011999999713576431
87,1,6,0.011999999591352978
87,1,7,0.012
87,1,8,0.011999999619371843
87,1,9,0.012
87,1,10,0.012
87,2,1,0.012
87,2,2,0.012
87,2,3,0.012
87,2,4,0.012
87,2,5,0.012
87,2,6,0.011999999106041548
87,2,7,0.011999999947498202
87,2,8,0.012
87,2,9,0.011999999178675752
87,2,10,0.011999999812506212
87,3,1,0.012
87,3,2,0.01199999963076398
87,3,3,0.011999999710537002
87,3,4,0.011999999554573482
87,3,5,0.011999999822500551
87,3,6,0.011999999380528925
87,3,7,0.011999999227423369
87,3,8,0.011999999436989692
87,3,9,0.011999999377252879
87,3,10,0.011999999282741536
87,4,1,0.012
87,4,2,0.012
87,4,3,0.011999999793809113
87,4,4,0.012
87,4,5,0.011999999284301788
87,4,6,0.012
87,4,7,0.012
87,4,8,0.011999999868235661
87,4,9,0.012
87,4,10,0.012
87,5,1,0.012
87,5,2,0.01199999963734899
87,5,3,0.012
87,5,4,0.012
87,5,5,0.011999999780074128
87,5,6,0.01199999989617448
87,5,7,0.011999999701519354
87,5,8,0.012
87,5,9,0.012
87,5,10,0.011999999700968045
87,6,1,0.011999999904707681
87,6,2,0.012
87,6,3,0.011999999149894802
87,6,4,0.011999999510801218
87,6,5,0.012
87,6,6,0.011999999716810789
87,6,7,0.011999999873879563
87,6,8,0.012
87,6,9,0.011999999636822828
87,6,10,0.012
87,7,1,0.01199999903013066
87,7,2,0.012
87,7,3,0.012
87,7,4,0.011999999819105489
87,7,5,0.011999999610522089
87,7,6,0.011999999868880756
87,7,7,0.012
87,7,8,0.011999999904398859
87,7,9,0.012
87,7,10,0.011999999910032005
87,8,1,0.012
87,8,2,0.012
87,8,3,0.011999999503843672
87,8,4,0.011999999241010584
87,8,5,0.012
87,8,6,0.012
87,8,7,0.012
87,8,8,0.012
87,8,9,0.012
87,8,10,0.011999999901285058
87,9,1,0.012
87,9,2,0.012
87,9,3,0.011999999084322921
87,9,4,0.011999999576465081
87,9,5,0.012
87,9,6,0.011999999877829348
87,9,7,0.012
87,9,8,0.012
87,9,9,0.012
87,9,10,0.011999999747690782
87,10,1,0.012
87,10,2,0.01199999963564144
87,10,3,0.012
87,10,4,0.011999999905284497
87,10,5,0.01199999998224624
87,10,6,0.012
87,10,7,0.01199999994532372
87,10,8,0.012
87,10,9,0.012
87,10,10,0.011999999212874868
87,11,1,0.012
87,11,2,0.012
87,11,3,0.012
87,11,4,0.012
87,11,5,0.011999999710373188
87,11,6,0.01199999986046607
87,11,7,0.011999999567525066
87,11,8,0.011999999743590756
87,11,9,0.011999999796073912
87,11,10,0.012
87,12,1,0.011999999995113697
87,12,2,0.011999998804643447
87,12,3,0.011999999542593731
87,12,4,0.012
87,12,5,0.011999999619188961
87,12,6,0.011999999517859128
87,12,7,0.012
87,12,8,0.011999999952396645
87,12,9,0.012
87,12,10,0.011999999327431177
87,13,1,0.011999999874712841
87,13,2,0.012
87,13,3,0.012
87,13,4,0.012
87,13,5,0.011999999975946196
87,13,6,0.012
87,13,7,0.011999999499346714
87,13,8,0.011999999321562357
87,13,9,0.011999999273992312
87,13,10,0.011999999799625238
87,14,1,0.011999999985443155
87,14,2,0.011999999497041669
87,14,3,0.012
87,14,4,0.011999999804030437
87,14,5,0.011999999853274324
87,14,6,0.012
87,14,7,0.012
87,14,8,0.011999999518283094
87,14,9,0.012
87,14,10,0.011999999692379582
87,15,1,0.011999999666588768
87,15,2,0.011999999493859825
87,15,3,0.012
87,15,4,0.011999999568948982
87,15,5,0.012
87,15,6,0.011999999624964619
87,15,7,0.011999999932809646
87,15,8,0.012
87,15,9,0.012
87,15,10,0.012
87,16,1,0.012
87,16,2,0.012
87,16,3,0.012
87,16,4,0.012
87,16,5,0.011999999334625144
87,16,6,0.011999999840383302
87,16,7,0.01199999961824802
87,16,8,0.01199999969323233
87,16,9,0.012
87,16,10,0.012
87,17,1,0.01199999944944724
87,17,2,0.012
87,17,3,0.012
87,17,4,0.011999999976270104
87,17,5,0.011999999520198229
87,17,6,0.01199999990460604
87,17,7,0.012
87,17,8,0.011999999546268736
87,17,9,0.011999999010099821
87,17,10,0.012
87,18,1,0.011999999890650148
87,18,2,0.011999999820791002
87,18,3,0.012
87,18,4,0.012
87,18,5,0.011999999853749499
87,18,6,0.012
87,18,7,0.012
87,18,8,0.012
87,18,9,0.012
87,18,10,0.011999999235116493
87,19,1,0.012
87,19,2,0.01199999991463746
87,19,3,0.012
87,19,4,0.012
87,19,5,0.01199999953200534
87,19,6,0.01199999947540542
87,19,7,0.011999999879740708
87,19,8,0.011999999893694158
87,19,9,0.011999999525603877
87,19,10,0.011999999007936607
87,20,1,0.012
87,20,2,0.012
87,20,3,0.011999999392094174
87,20,4,0.012
87,20,5,0.011999999749778167
87,20,6,0.012
87,20,7,0.012
87,20,8,0.012
87,20,9,0.012
87,20,10,0.012
87,21,1,0.01199999892990955
87,21,2,0.012
87,21,3,0.011999999358079605
87,21,4,0.011999999708273368
87,21,5,0.012
87,21,6,0.012
87,21,7,0.012
87,21,8,0.012
87,21,9,0.012
87,21,10,0.012
87,22,1,0.011999999454541
87,22,2,0.012
87,22,3,0.011999999334582456
87,22,4,0.011999999410215623
87,22,5,0.012
87,22,6,0.012
87,22,7,0.012
87,22,8,0.012
87,22,9,0.011999999904051872
87,22,10,0.011999999817496276
87,23,1,0.012
87,23,2,0.011999999668419803
87,23,3,0.011999999858748195
87,23,4,0.011999999003575734
87,23,5,0.011999999336544193
87,23,6,0.011999999641887249
87,23,7,0.012
87,23,8,0.012
87,23,9,0.01199999920570341
87,23,10,0.011999999135919925
87,24,1,0.012
87,24,2,0.012
87,24,3,0.012
87,24,4,0.011999999770823278
87,24,5,0.012
87,24,6,0.011999999714786491
87,24,7,0.01199999925043388
87,24,8,0.012
87,24,9,0.012
87,24,10,0.012
89,1,1,0.011999999950492363
89,1,2,0.012
89,1,3,0.011999999049552984
89,1,4,0.012
89,1,5,0.012
89,1,6,0.012
89,1,7,0.011999999333496741
89,1,8,0.012
89,1,9,0.012
89,1,10,0.012
89,2,1,0.012
89,2,2,0.011999999437244446
89,2,3,0.012
89,2,4,0.01199999945054575
89,2,5,0.011999999728636801
89,2,6,0.012
89,2,7,0.012
89,2,8,0.011999999431482694
89,2,9,0.012
89,2,10,0.012
89,3,1,0.011999999638704684
89,3,2,0.012
89,3,3,0.011999999603920952
89,3,4,0.012
89,3,5,0.012
89,3,6,0.012
89,3,7,0.012
89,3,8,0.012
89,3,9,0.012
89,3,10,0.012
89,4,1,0.01199999916874131
89,4,2,0.012
89,4,3,0.012
89,4,4,0.011999999945577988
89,4,5,0.012
89,4,6,0.012
89,4,7,0.011999999640739445
89,4,8,0.012
89,4,9,0.011999999564617836
89,4,10,0.01199999962706949
89,5,1,0.011999998857336658
89,5,2,0.012
89,5,3,0.011999999587846089
89,5,4,0.011999999367844183
89,5,5,0.012
89,5,6,0.011999999644949938
89,5,7,0.012
89,5,8,0.011999999935040834
89,5,9,0.012
89,5,10,0.012
89,6,1,0.012
89,6,2,0.011999999709462833
89,6,3,0.012
89,6,4,0.011999999672670403
89,6,5,0.011999999683542178
89,6,6,0.012
89,6,7,0.012
89,6,8,0.012
89,6,9,0.012
89,6,10,0.012
89,7,1,0.012
89,7,2,0.012
89,7,3,0.011999999092892899
89,7,4,0.011999999650662285
89,7,5,0.011999999792938476
89,7,6,0.01199999974506133
89,7,7,0.01199999952989747
89,7,8,0.011999999803706307
89,7,9,0.011999999674127126
89,7,10,0.012
89,8,1,0.012
89,8,2,0.011999999868115507
89,8,3,0.012
89,8,4,0.012
89,8,5,0.011999999628552582
89,8,6,0.012
89,8,7,0.011999998967753667
89,8,8,0.011999999850150989
89,8,9,0.012
89,8,10,0.011999999663716954
89,9,1,0.011999999423989771
89,9,2,0.011999999579285936
89,9,3,0.012
89,9,4,0.011999999580250442
89,9,5,0.01199999927143558
89,9,6,0.012
89,9,7,0.012
89,9,8,0.012
89,9,9,0.011999999697091202
89,9,10,0.012
89,10,1,0.012
89,10,2,0.012
89,10,3,0.012
89,10,4,0.012
89,10,5,0.012
89,10,6,0.012
89,10,7,0.012
89,10,8,0.011999999617225726
89,10,9,0.012
89,10,10,0.011999999619880214
89,11,1,0.011999999217621293
89,11,2,0.012
89,11,3,0.011999999811579898
89,11,4,0.012
89,11,5,0.012
89,11,6,0.012
89,11,7,0.011999999851077747
89,11,8,0.012
89,11,9,0.011999999273391848
89,11,10,0.011999999588553106
89,12,1,0.011999999827042862
89,12,2,0.012
89,12,3,0.012
89,12,4,0.01199999948419922
89,12,5,0.011999999900423497
89,12,6,0.012
89,12,7,0.011999999133370964
89,12,8,0.012
89,12,9,0.01199999952440195
89,12,10,0.012
89,13,1,0.012
89,13,2,0.011999999013671409
89,13,3,0.011999999614610457
89,13,4,0.011999999989343757
89,13,5,0.012
89,13,6,0.011999999310795484
89,13,7,0.012
89,13,8,0.012
89,13,9,0.012
89,13,10,0.011999999304630526
89,14,1,0.011999999401884398
89,14,2,0.012
89,14,3,0.012
89,14,4,0.011999999487690594
89,14,5,0.012
89,14,6,0.01199999980063099
89,14,7,0.011999999436517195
89,14,8,0.011999999896815827
89,14,9,0.011999999544869189
89,14,10,0.012
89,15,1,0.011999999612251178
89,15,2,0.011999999821535046
89,15,3,0.012
89,15,4,0.012
89,15,5,0.011999999707935805
89,15,6,0.012
89,15,7,0.011999999759575886
89,15,8,0.011999999623513918
89,15,9,0.011999999401806571
89,15,10,0.011999999890790009
89,16,1,0.011999999719988885
89,16,2,0.011999999418036839
89,16,3,0.011999999705000736
89,16,4,0.011999999135903328
89,16,5,0.012
89,16,6,0.012
89,16,7,0.012
89,16,8,0.011999999978807838
89,16,9,0.012
89,16,10,0.011999999574889203
89,17,1,0.012
89,17,2,0.011999999650967458
89,17,3,0.012
89,17,4,0.011999999393630945
89,17,5,0.012
89,17,6,0.011999999924834026
89,17,7,0.011999999974020431
89,17,8,0.0119999995933677
89,17,9,0.012
89,17,10,0.01199999979355576
89,18,1,0.011999999905743186
89,18,2,0.012
89,18,3,0.011999999159303942
89,18,4,0.012
89,18,5,0.011999999432133479
89,18,6,0.011999999893195168
89,18,7,0.011999999499586633
89,18,8,0.011999999112696669
89,18,9,0.0119999998091328
89,18,10,0.012
89,19,1,0.011999999764791436
89,19,2,0.012
89,19,3,0.012
89,19,4,0.012
89,19,5,0.012
89,19,6,0.011999999989291132
89,19,7,0.012
89,19,8,0.011999999865621391
89,19,9,0.011999999890175472
89,19,10,0.012
89,20,1,0.011999999207937484
89,20,2,0.011999999599343503
89,20,3,0.012
89,20,4,0.011999999767370206
89,20,5,0.012
89,20,6,0.012
89,20,7,0.0119999995924146
89,20,8,0.011999998612905127
89,20,9,0.012
89,20,10,0.011999999820339391
89,21,1,0.012
89,21,2,0.012
89,21,3,0.012
89,21,4,0.011999999738227018
89,21,5,0.012
89,21,6,0.012
89,21,7,0.011999999688114327
89,21,8,0.012
89,21,9,0.011999999949644347
89,21,10,0.012
89,22,1,0.012
89,22,2,0.011999999802441486
89,22,3,0.012
89,22,4,0.012
89,22,5,0.012
89,22,6,0.012
89,22,7,0.011999999601106037
89,22,8,0.011999999388996818
89,22,9,0.011999999675985362
89,22,10,0.012
89,23,1,0.01199999943109814
89,23,2,0.012
89,23,3,0.012
89,23,4,0.011999999978942744
89,23,5,0.011999999692361457
89,23,6,0.011999999540564965
89,23,7,0.012
89,23,8,0.01199999890722303
89,23,9,0.012
89,23,10,0.012
89,24,1,0.011999999680263773
89,24,2,0.012
89,24,3,0.011999999480423795
89,24,4,0.011999999601150668
89,24,5,0.012
89,24,6,0.011999999743895429
89,24,7,0.012
89,24,8,0.01199999942973895
89,24,9,0.012
89,24,10,0.01199999979537264
91,1,1,0.03
91,1,2,0.029999999217023926
91,1,3,0.03
91,1,4,0.029999999947300626
91,1,5,0.029999999336027705
91,1,6,0.03
91,1,7,0.03
91,1,8,0.029999999876294814
91,1,9,0.0299999994770912
91,1,10,0.02999999939515602
91,2,1,0.029999999883402573
91,2,2,0.03
91,2,3,0.029999999682447598
91,2,4,0.03
91,2,5,0.03
91,2,6,0.029999999291547452
91,2,7,0.02999999971967504
91,2,8,0.03
91,2,9,0.0299999995274437
91,2,10,0.029999999080952827
91,3,1,0.029999999701290858
91,3,2,0.029999999820524897
91,3,3,0.03
91,3,4,0.03
91,3,5,0.03
91,3,6,0.029999998787968385
91,3,7,0.029999999808402955
91,3,8,0.029999999002125965
91,3,9,0.03
91,3,10,0.03
91,4,1,0.03
91,4,2,0.029999999203844302
91,4,3,0.03
91,4,4,0.03
91,4,5,0.029999999771266772
91,4,6,0.029999999464869476
91,4,7,0.03
91,4,8,0.02999999936023834
91,4,9,0.03
91,4,10,0.029999999686247503
91,5,1,0.03
91,5,2,0.0299999999449988
91,5,3,0.03
91,5,4,0.03
91,5,5,0.029999998911428072
91,5,6,0.03
91,5,7,0.03
91,5,8,0.03
91,5,9,0.029999999872131422
91,5,10,0.029999999619527984
91,6,1,0.029999999811341715
91,6,2,0.03
91,6,3,0.029999999521381437
91,6,4,0.03
91,6,5,0.03
91,6,6,0.029999999497899055
91,6,7,0.029999999511272357
91,6,8,0.02999999934543207
91,6,9,0.03
91,6,10,0.03
91,7,1,0.03
91,7,2,0.02999999984562296
91,7,3,0.03
91,7,4,0.03
91,7,5,0.03
91,7,6,0.03
91,7,7,0.03
91,7,8,0.029999999420419032
91,7,9,0.029999999385008858
91,7,10,0.03
91,8,1,0.029999999899346486
91,8,2,0.029999999880532924
91,8,3,0.029999999405475597
91,8,4,0.029999999566859115
91,8,5,0.03
91,8,6,0.0299999998508082
91,8,7,0.03
91,8,8,0.03
91,8,9,0.029999999476057637
91,8,10,0.03
91,9,1,0.03
91,9,2,0.03
91,9,3,0.029999999797372556
91,9,4,0.03
91,9,5,0.03
91,9,6,0.029999999828891066
91,9,7,0.02999999965426431
91,9,8,0.029999999293546686
91,9,9,0.03
91,9,10,0.029999999036429248
91,10,1,0.029999999694184043
91,10,2,0.03
91,10,3,0.029999999535792132
91,10,4,0.02999999951806659
91,10,5,0.029999999871466565
91,10,6,0.029999999836308994
91,10,7,0.029999999946567796
91,10,8,0.03
91,10,9,0.02999999994009689
91,10,10,0.03
91,11,1,0.03
91,11,2,0.02999999931486874
91,11,3,0.029999999988071402
91,11,4,0.03
91,11,5,0.029999999442204994
91,11,6,0.03
91,11,7,0.03
91,11,8,0.029999999116276738
91,11,9,0.03
91,11,10,0.03
91,12,1,0.029999999948839506
91,12,2,0.029999999042734593
91,12,3,0.03
91,12,4,0.03
91,12,5,0.03
91,12,6,0.02999999894808214
91,12,7,0.03
91,12,8,0.029999999279558043
91,12,9,0.02999999986666041
91,12,10,0.03
91,13,1,0.029999999683935852
91,13,2,0.03
91,13,3,0.03
91,13,4,0.02999999972516887
91,13,5,0.02999999998347269
91,13,6,0.03
91,13,7,0.029999999758468954
91,13,8,0.029999999772927388
91,13,9,0.02999999924533686
91,13,10,0.03
91,14,1,0.03
91,14,2,0.03
91,14,3,0.029999999746634143
91,14,4,0.03
91,14,5,0.029999999590101356
91,14,6,0.029999999978632008
91,14,7,0.03
91,14,8,0.03
91,14,9,0.03
91,14,10,0.029999999625703044
91,15,1,0.03
91,15,2,0.03
91,15,3,0.02999999892716143
91,15,4,0.03
91,15,5,0.03
91,15,6,0.029999999794817434
91,15,7,0.03
91,15,8,0.03
91,15,9,0.03
91,15,10,0.03
91,16,1,0.029999999802063027
91,16,2,0.03
91,16,3,0.03
91,16,4,0.03
91,16,5,0.03
91,16,6,0.03
91,16,7,0.029999999653256032
91,16,8,0.029999999806298583
91,16,9,0.02999999950286697
91,16,10,0.03
91,17,1,0.03
91,17,2,0.03
91,17,3,0.03
91,17,4,0.03
91,17,5,0.029999999714416414
91,17,6,0.03
91,17,7,0.03
91,17,8,0.03
91,17,9,0.03
91,17,10,0.03
91,18,1,0.029999999974625213
91,18,2,0.03
91,18,3,0.03
91,18,4,0.02999999997580527
91,18,5,0.03
91,18,6,0.03
91,18,7,0.03
91,18,8,0.03
91,18,9,0.02999999933237396
91,18,10,0.029999999116720688
91,19,1,0.03
91,19,2,0.029999999579686687
91,19,3,0.029999999247545928
91,19,4,0.029999999742177486
91,19,5,0.02999999992406316
91,19,6,0.029999999988701065
91,19,7,0.029999999885897466
91,19,8,0.03
91,19,9,0.03
91,19,10,0.029999999184811832
91,20,1,0.03
91,20,2,0.029999999663843813
91,20,3,0.029999999267035116
91,20,4,0.03
91,20,5,0.02999999949877663
91,20,6,0.029999999345319495
91,20,7,0.03
91,20,8,0.03
91,20,9,0.029999999761801566
91,20,10,0.03
91,21,1,0.02999999928449193
91,21,2,0.02999999920790658
91,21,3,0.029999999774297348
91,21,4,0.029999999443905245
91,21,5,0.029999999454009108
91,21,6,0.03
91,21,7,0.029999999868629557
91,21,8,0.029999999479958128
91,21,9,0.029999999794871557
91,21,10,0.029999999846190728
91,22,1,0.03
91,22,2,0.03
91,22,3,0.029999999487500706
91,22,4,0.02999999964988459
91,22,5,0.02999999996794761
91,22,6,0.029999999320808046
91,22,7,0.029999999935980848
91,22,8,0.03
91,22,9,0.03
91,22,10,0.029999999505550823
91,23,1,0.03
91,23,2,0.02999999996031824
91,23,3,0.029999999289951507
91,23,4,0.03
91,23,5,0.03
91,23,6,0.03
91,23,7,0.029999999016840473
91,23,8,0.03
91,23,9,0.029999999730501548
91,23,10,0.029999998976911108
91,24,1,0.03
91,24,2,0.03
91,24,3,0.03
91,24,4,0.03
91,24,5,0.029999999396357113
91,24,6,0.029999999261840715
91,24,7,0.02999999981361423
91,24,8,0.029999999516756415
91,24,9,0.029999999049307058
91,24,10,0.02999999952851684
93,1,1,0.029999999948806033
93,1,2,0.03
93,1,3,0.029999999737915062
93,1,4,0.029999999672150557
93,1,5,0.03
93,1,6,0.029999999690126677
93,1,7,0.03
93,1,8,0.03
93,1,9,0.03
93,1,10,0.03
93,2,1,0.02999999979214535
93,2,2,0.02999999972466355
93,2,3,0.02999999993050778
93,2,4,0.029999999907630304
93,2,5,0.02999999985731361
93,2,6,0.03
93,2,7,0.029999999735887017
93,2,8,0.029999999973367608
93,2,9,0.029999999968375823
93,2,10,0.03
93,3,1,0.03
93,3,2,0.03
93,3,3,0.03
93,3,4,0.029999999356545237
93,3,5,0.02999999999180969
93,3,6,0.03
93,3,7,0.03
93,3,8,0.03
93,3,9,0.029999999667546073
93,3,10,0.029999999515547437
93,4,1,0.029999999765308816
93,4,2,0.03
93,4,3,0.029999999631208918
93,4,4,0.03
93,4,5,0.029999999656975584
93,4,6,0.02999999988668517
93,4,7,0.029999999234853025
93,4,8,0.03
93,4,9,0.03
93,4,10,0.03
93,5,1,0.02999999997699765
93,5,2,0.02999999924072061
93,5,3,0.02999999978255191
93,5,4,0.029999999955278966
93,5,5,0.03
93,5,6,0.029999999902017793
93,5,7,0.029999999237985187
93,5,8,0.029999999316375647
93,5,9,0.03
93,5,10,0.03
93,6,1,0.02999999982427437
93,6,2,0.03
93,6,3,0.03
93,6,4,0.029999999644192032
93,6,5,0.029999999494010887
93,6,6,0.03
93,6,7,0.029999999892900475
93,6,8,0.03
93,6,9,0.03
93,6,10,0.029999999474117633
93,7,1,0.029999999540155975
93,7,2,0.02999999986489149
93,7,3,0.03
93,7,4,0.029999999639990005
93,7,5,0.03
93,7,6,0.03
93,7,7,0.03
93,7,8,0.03
93,7,9,0.03
93,7,10,0.02999999941192044
93,8,1,0.029999999806364752
93,8,2,0.029999999876718253
93,8,3,0.03
93,8,4,0.03
93,8,5,0.03
93,8,6,0.03
93,8,7,0.03
93,8,8,0.03
93,8,9,0.03
93,8,10,0.03
93,9,1,0.03
93,9,2,0.03
93,9,3,0.03
93,9,4,0.03
93,9,5,0.02999999944296461
93,9,6,0.029999999914036457
93,9,7,0.03
93,9,8,0.03
93,9,9,0.02999999968064071
93,9,10,0.03
93,10,1,0.03
93,10,2,0.029999999384278442
93,10,3,0.03
93,10,4,0.03
93,10,5,0.029999999876838213
93,10,6,0.0299999996862918
93,10,7,0.03
93,10,8,0.03
93,10,9,0.029999999708660907
93,10,10,0.029999999810580102
93,11,1,0.02999999925576391
93,11,2,0.03
93,11,3,0.029999999878931205
93,11,4,0.029999999054559634
93,11,5,0.03
93,11,6,0.02999999993117991
93,11,7,0.029999999636123043
93,11,8,0.03
93,11,9,0.029999999982194436
93,11,10,0.03
93,12,1,0.03
93,12,2,0.03
93,12,3,0.029999999665150767
93,12,4,0.029999999656649956
93,12,5,0.029999999985275916
93,12,6,0.03
93,12,7,0.03
93,12,8,0.03
93,12,9,0.03
93,12,10,0.03
93,13,1,0.03
93,13,2,0.029999999947552314
93,13,3,0.029999999936115906
93,13,4,0.03
93,13,5,0.03
93,13,6,0.03
93,13,7,0.029999999760596585
93,13,8,0.03
93,13,9,0.03
93,13,10,0.03
93,14,1,0.03
93,14,2,0.029999999467145155
93,14,3,0.029999999556197032
93,14,4,0.02999999967070205
93,14,5,0.03
93,14,6,0.029999999874720462
93,14,7,0.029999999979285985
93,14,8,0.029999999450779413
93,14,9,0.03
93,14,10,0.029999999587512927
93,15,1,0.02999999959582128
93,15,2,0.029999999527610954
93,15,3,0.03
93,15,4,0.029999999828945523
93,15,5,0.029999999886832662
93,15,6,0.03
93,15,7,0.03
93,15,8,0.029999999743977046
93,15,9,0.03
93,15,10,0.029999999731920246
93,16,1,0.029999999677934264
93,16,2,0.03
93,16,3,0.029999999748815398
93,16,4,0.02999999997169267
93,16,5,0.03
93,16,6,0.029999999952251166
93,16,7,0.03
93,16,8,0.03
93,16,9,0.03
93,16,10,0.029999999420618206
93,17,1,0.03
93,17,2,0.02999999994351299
93,17,3,0.02999999964611022
93,17,4,0.03
93,17,5,0.03
93,17,6,0.029999999752554574
93,17,7,0.02999999942034337
93,17,8,0.029999999745786043
93,17,9,0.029999999377215092
93,17,10,0.029999999713263115
93,18,1,0.02999999998462527
93,18,2,0.029999999382263665
93,18,3,0.02999999999823233
93,18,4,0.03
93,18,5,0.0299999997365904
93,18,6,0.029999999631689478
93,18,7,0.02999999954758248
93,18,8,0.03
93,18,9,0.03
93,18,10,0.03
93,19,1,0.03
93,19,2,0.03
93,19,3,0.03
93,19,4,0.03
93,19,5,0.03
93,19,6,0.03
93,19,7,0.02999999979637269
93,19,8,0.029999999511018782
93,19,9,0.029999999902003416
93,19,10,0.03
93,20,1,0.03
93,20,2,0.03
93,20,3,0.03
93,20,4,0.02999999951399046
93,20,5,0.03
93,20,6,0.03
93,20,7,0.029999999716905923
93,20,8,0.029999999073346273
93,20,9,0.03
93,20,10,0.029999999850086945
93,21,1,0.03
93,21,2,0.03
93,21,3,0.029999999744681483
93,21,4,0.03
93,21,5,0.03
93,21,6,0.03
93,21,7,0.03
93,21,8,0.03
93,21,9,0.03
93,21,10,0.03
93,22,1,0.029999999671811384
93,22,2,0.03
93,22,3,0.03
93,22,4,0.03
93,22,5,0.0299999998236255
93,22,6,0.03
93,22,7,0.029999999748699213
93,22,8,0.03
93,22,9,0.029999999657933873
93,22,10,0.03
93,23,1,0.03
93,23,2,0.02999999985003099
93,23,3,0.03
93,23,4,0.03
93,23,5,0.029999999346655093
93,23,6,0.029999999009128753
93,23,7,0.03
93,23,8,0.029999999620319018
93,23,9,0.03
93,23,10,0.03
93,24,1,0.029999999951010548
93,24,2,0.029999999561402202
93,24,3,0.03
93,24,4,0.029999999662977617
93,24,5,0.03
93,24,6,0.03
93,24,7,0.03
93,24,8,0.03
93,24,9,0.03
93,24,10,0.03
95,1,1,0.14999999871921266
95,1,2,0.15
95,1,3,0.1499999997535736
95,1,4,0.15
95,1,5,0.15
95,1,6,0.1499999987376972
95,1,7,0.14999999984405032
95,1,8,0.14999999907889827
95,1,9,0.1499999988947629
95,1,10,0.1499999989767089
95,2,1,0.14999999811459908
95,2,2,0.14999999862345825
95,2,3,0.1499999979081148
95,2,4,0.14999999981348133
95,2,5,0.1499999984404501
95,2,6,0.14999999821550236
95,2,7,0.14999999898388117
95,2,8,0.1499999983675644
95,2,9,0.1499999989089953
95,2,10,0.14999999961507526
95,3,1,0.14999999888248272
95,3,2,0.14999999891439397
95,3,3,0.15
95,3,4,0.1499999996418977
95,3,5,0.14999999998737534
95,3,6,0.15
95,3,7,0.15
95,3,8,0.14999999977780842
95,3,9,0.15
95,3,10,0.15
95,4,1,0.1499999972534123
95,4,2,0.1499999984117243
95,4,3,0.1499999992912422
95,4,4,0.14999999900797056
95,4,5,0.14999999809344033
95,4,6,0.1499999986674616
95,4,7,0.14999999816538034
95,4,8,0.14999999806330466
95,4,9,0.14999999957900867
95,4,10,0.14999999841821166
95,5,1,0.14999999668538821
95,5,2,0.14999999926390506
95,5,3,0.1499999987625633
95,5,4,0.149999998546255
95,5,5,0.14999999780570517
95,5,6,0.149999999099244
95,5,7,0.14999999844175038
95,5,8,0.14999999774348394
95,5,9,0.14999999742978098
95,5,10,0.14999999845553746
95,6,1,0.15
95,6,2,0.15
95,6,3,0.15
95,6,4,0.15
95,6,5,0.15
95,6,6,0.15
95,6,7,0.15
95,6,8,0.15
95,6,9,0.15
95,6,10,0.15
95,7,1,0.14999999877722814
95,7,2,0.14999999902604333
95,7,3,0.1499999978908524
95,7,4,0.14999999847570067
95,7,5,0.149999997254329
95,7,6,0.149999998354452
95,7,7,0.14999999718592305
95,7,8,0.14999999859709257
95,7,9,0.14999999766716643
95,7,10,0.1499999981975101
95,8,1,0.14999999567130062
95,8,2,0.14999999650362705
95,8,3,0.14999999530452335
95,8,4,0.14999999738109826
95,8,5,0.14999999520511842
95,8,6,0.14999999592368973
95,8,7,0.14999999496276306
95,8,8,0.14999999617986193
95,8,9,0.14999999592764712
95,8,10,0.1499999965409714
95,9,1,0.15
95,9,2,0.1499999998827033
95,9,3,0.15
95,9,4,0.15
95,9,5,0.15
95,9,6,0.15
95,9,7,0.15
95,9,8,0.15
95,9,9,0.15
95,9,10,0.15
95,10,1,0.149999998073578
95,10,2,0.14999999811193832
95,10,3,0.14999999919106521
95,10,4,0.1499999988951557
95,10,5,0.14999999800768704
95,10,6,0.14999999957597876
95,10,7,0.14999999915401885
95,10,8,0.14999999758785398
95,10,9,0.14999999775841122
95,10,10,0.14999999894001226
95,11,1,0.14999999950773613
95,11,2,0.14999999957799448
95,11,3,0.14999999944129827
95,11,4,0.1499999974003159
95,11,5,0.14999999920533802
95,11,6,0.1499999983335486
95,11,7,0.15
95,11,8,0.14999999753630944
95,11,9,0.14999999886000437
95,11,10,0.14999999818062104
95,12,1,0.1499999983791387
95,12,2,0.1499999987449625
95,12,3,0.15
95,12,4,0.14999999945177211
95,12,5,0.15
95,12,6,0.14999999756927607
95,12,7,0.14999999854888335
95,12,8,0.14999999916352036
95,12,9,0.14999999950397358
95,12,10,0.14999999861162816
95,13,1,0.15
95,13,2,0.14999999831384814
95,13,3,0.14999999904799854
95,13,4,0.15
95,13,5,0.14999999971652045
95,13,6,0.14999999860614477
95,13,7,0.1499999997540391
95,13,8,0.14999999952181864
95,13,9,0.14999999952656928
95,13,10,0.14999999916062168
95,14,1,0.14999999857503465
95,14,2,0.14999999966788113
95,14,3,0.14999999893591287
95,14,4,0.14999999977941858
95,14,5,0.15
95,14,6,0.1499999983250171
95,14,7,0.14999999979856127
95,14,8,0.15
95,14,9,0.15
95,14,10,0.1499999998059408
95,15,1,0.15
95,15,2,0.15
95,15,3,0.1499999993758736
95,15,4,0.14999999926579433
95,15,5,0.14999999963456967
95,15,6,0.14999999988503943
95,15,7,0.14999999988406332
95,15,8,0.14999999958848176
95,15,9,0.15
95,15,10,0.14999999910734585
95,16,1,0.15
95,16,2,0.15
95,16,3,0.15
95,16,4,0.15
95,16,5,0.15
95,16,6,0.15
95,16,7,0.15
95,16,8,0.15
95,16,9,0.15
95,16,10,0.15
95,17,1,0.14999999667742359
95,17,2,0.14999999758304106
95,17,3,0.1499999984833117
95,17,4,0.14999999857080493
95,17,5,0.14999999821507426
95,17,6,0.14999999843836698
95,17,7,0.14999999859283797
95,17,8,0.14999999911204542
95,17,9,0.14999999939677722
95,17,10,0.14999999881033077
95,18,1,0.149999997708556
95,18,2,0.1499999974698769
95,18,3,0.149999998813098
95,18,4,0.14999999851667267
95,18,5,0.14999999807374675
95,18,6,0.14999999872948
95,18,7,0.14999999765640348
95,18,8,0.14999999856209345
95,18,9,0.14999999810595832
95,18,10,0.14999999890528448
95,19,1,0.15
95,19,2,0.15
95,19,3,0.15
95,19,4,0.15
95,19,5,0.15
95,19,6,0.15
95,19,7,0.15
95,19,8,0.15
95,19,9,0.15
95,19,10,0.15
95,20,1,0.15
95,20,2,0.14999999960423338
95,20,3,0.14999999961668142
95,20,4,0.14999999934827235
95,20,5,0.14999999894779847
95,20,6,0.14999999915769635
95,20,7,0.14999999930594687
95,20,8,0.15
95,20,9,0.14999999926429974
95,20,10,0.14999999870484015
95,21,1,0.15
95,21,2,0.15
95,21,3,0.15
95,21,4,0.15
95,21,5,0.15
95,21,6,0.15
95,21,7,0.15
95,21,8,0.15
95,21,9,0.15
95,21,10,0.15
95,22,1,0.15
95,22,2,0.15
95,22,3,0.15
95,22,4,0.14999999960604504
95,22,5,0.15
95,22,6,0.14999999921393092
95,22,7,0.15
95,22,8,0.14999999972253986
95,22,9,0.15
95,22,10,0.15
95,23,1,0.15
95,23,2,0.15
95,23,3,0.15
95,23,4,0.15
95,23,5,0.15
95,23,6,0.15
95,23,7,0.15
95,23,8,0.15
95,23,9,0.15
95,23,10,0.15
95,24,1,0.15
95,24,2,0.15
95,24,3,0.15
95,24,4,0.14999999978914547
95,24,5,0.15
95,24,6,0.14999999984788204
95,24,7,0.14999999944878484
95,24,8,0.15
95,24,9,0.15
95,24,10,0.14999999946694365
97,1,1,0.04199999999015955
97,1,2,0.04199999999124587
97,1,3,0.04199999999010254
97,1,4,0.041999999989843745
97,1,5,0.04199999998988527
97,1,6,0.04199999998989375
97,1,7,0.04199999999014648
97,1,8,0.04199999999176333
97,1,9,0.041999999990079584
97,1,10,0.041999999989783904
97,2,1,0.04199999999016529
97,2,2,0.04199999999086625
97,2,3,0.04199999998987922
97,2,4,0.04199999998988728
97,2,5,0.04199999999015454
97,2,6,0.04199999999016364
97,2,7,0.041999999989994104
97,2,8,0.041999999991855545
97,2,9,0.041999999990153865
97,2,10,0.04199999999124018
97,3,1,0.04199999998992439
97,3,2,0.041999999990628964
97,3,3,0.041999999990201035
97,3,4,0.0419999999901977
97,3,5,0.041999999989907624
97,3,6,0.041999999989943325
97,3,7,0.04199999999020716
97,3,8,0.041999999991693154
97,3,9,0.04199999998991523
97,3,10,0.04199999999122918
97,4,1,0.04199999999018208
97,4,2,0.04199999999066033
97,4,3,0.04199999998990683
97,4,4,0.04199999999000508
97,4,5,0.041999999989922744
97,4,6,0.04199999999017334
97,4,7,0.041999999989908915
97,4,8,0.04199999999185731
97,4,9,0.04199999998999065
97,4,10,0.04199999999119938
97,5,1,0.0419999999898572
97,5,2,0.0419999999904078
97,5,3,0.0419999999898365
97,5,4,0.041999999989837354
97,5,5,0.04199999999012092
97,5,6,0.04199999999019174
97,5,7,0.04199999999000588
97,5,8,0.04199999999180192
97,5,9,0.04199999998984489
97,5,10,0.041999999991467724
97,6,1,0.04199999998993379
97,6,2,0.04199999999095465
97,6,3,0.04199999998969067
97,6,4,0.04199999998966775
97,6,5,0.04199999999012575
97,6,6,0.0419999999897009
97,6,7,0.041999999989933735
97,6,8,0.0419999999917148
97,6,9,0.041999999989716166
97,6,10,0.04199999999168757
97,7,1,0.041999999990113515
97,7,2,0.04199999999069964
97,7,3,0.04199999998965721
97,7,4,0.04199999998974522
97,7,5,0.041999999990130946
97,7,6,0.04199999998969975
97,7,7,0.04199999999002047
97,7,8,0.04199999999180704
97,7,9,0.041999999989384446
97,7,10,0.04199999999169367
97,8,1,0.041999999989864
97,8,2,0.041999999991677125
97,8,3,0.04199999999028247
97,8,4,0.04199999998975158
97,8,5,0.041999999990383376
97,8,6,0.04199999998986339
97,8,7,0.0419999999902315
97,8,8,0.04199999998959558
97,8,9,0.041999999989751256
97,8,10,0.041999999991686916
97,9,1,0.04199999998993933
97,9,2,0.04199999999192891
97,9,3,0.04199999998992823
97,9,4,0.04199999998990559
97,9,5,0.04199999998997011
97,9,6,0.041999999989857366
97,9,7,0.041999999990276704
97,9,8,0.04199999999070007
97,9,9,0.04199999998966417
97,9,10,0.04199999999034051
97,10,1,0.04199999999005102
97,10,2,0.041999999990285156
97,10,3,0.04199999999005041
97,10,4,0.04199999999003118
97,10,5,0.04199999999014569
97,10,6,0.041999999990392854
97,10,7,0.04199999999025606
97,10,8,0.041999999991854046
97,10,9,0.04199999999005388
97,10,10,0.04199999999025285
97,11,1,0.04199999999020084
97,11,2,0.04199999999024079
97,11,3,0.04199999999024807
97,11,4,0.041999999990510774
97,11,5,0.041999999990211596
97,11,6,0.041999999990512654
97,11,7,0.041999999990227736
97,11,8,0.04199999999067849
97,11,9,0.04199999999024558
97,11,10,0.04199999999055434
97,12,1,0.04199999999022824
97,12,2,0.0419999999905872
97,12,3,0.04199999999023832
97,12,4,0.04199999999053852
97,12,5,0.041999999990312266
97,12,6,0.04199999999024293
97,12,7,0.041999999990246804
97,12,8,0.041999999990260634
97,12,9,0.04199999999030978
97,12,10,0.04199999999023465
97,13,1,0.04199999999022435
97,13,2,0.04199999999042361
97,13,3,0.041999999990230394
97,13,4,0.041999999990194166
97,13,5,0.041999999990214844
97,13,6,0.041999999990279105
97,13,7,0.041999999990239754
97,13,8,0.04199999999069175
97,13,9,0.041999999990227965
97,13,10,0.04199999999026327
97,14,1,0.04199999999022426
97,14,2,0.041999999990262084
97,14,3,0.04199999999023096
97,14,4,0.041999999990519836
97,14,5,0.041999999990218716
97,14,6,0.04199999999022877
97,14,7,0.041999999990276884
97,14,8,0.04199999999051688
97,14,9,0.0419999999902307
97,14,10,0.041999999990405976
97,15,1,0.0419999999901476
97,15,2,0.041999999990337746
97,15,3,0.04199999999010168
97,15,4,0.04199999999009124
97,15,5,0.04199999999050218
97,15,6,0.04199999999010719
97,15,7,0.04199999999012611
97,15,8,0.041999999991323055
97,15,9,0.04199999999015525
97,15,10,0.041999999990306215
97,16,1,0.04199999998991878
97,16,2,0.04199999999109165
97,16,3,0.041999999989942756
97,16,4,0.04199999998996464
97,16,5,0.04199999998993616
97,16,6,0.04199999998995897
97,16,7,0.04199999999025346
97,16,8,0.04199999999185617
97,16,9,0.04199999999021126
97,16,10,0.04199999999028356
97,17,1,0.041999999989352166
97,17,2,0.041999999991848024
97,17,3,0.04199999999022139
97,17,4,0.041999999990186415
97,17,5,0.04199999998983293
97,17,6,0.04199999998921254
97,17,7,0.04199999999047062
97,17,8,0.041999999991849175
97,17,9,0.04199999998938876
97,17,10,0.04199999999167971
97,18,1,0.04199999998733838
97,18,2,0.041999999991778274
97,18,3,0.041999999989982745
97,18,4,0.041999999990251856
97,18,5,0.041999999989787394
97,18,6,0.041999999989170665
97,18,7,0.041999999991057385
97,18,8,0.04199999999186266
97,18,9,0.041999999989109804
97,18,10,0.041999999991860305
97,19,1,0.04199999998727728
97,19,2,0.04199999999177817
97,19,3,0.041999999991899496
97,19,4,0.041999999987855134
97,19,5,0.041999999989482235
97,19,6,0.04199999998916986
97,19,7,0.041999999991853616
97,19,8,0.04199999999179514
97,19,9,0.04199999998742768
97,19,10,0.041999999991674815
97,20,1,0.041999999991929625
97,20,2,0.041999999991244076
97,20,3,0.04199999998972618
97,20,4,0.04199999998774959
97,20,5,0.04199999998969167
97,20,6,0.04199999998940576
97,20,7,0.04199999999026067
97,20,8,0.04199999999174324
97,20,9,0.04199999998725773
97,20,10,0.041999999991626256
97,21,1,0.041999999988950876
97,21,2,0.04199999999121511
97,21,3,0.041999999989803985
97,21,4,0.04199999998838111
97,21,5,0.04199999998979061
97,21,6,0.04199999999179278
97,21,7,0.04199999999169252
97,21,8,0.041999999985395
97,21,9,0.041999999991557166
97,21,10,0.04199999999186195
97,22,1,0.04199999998876005
97,22,2,0.041999999988145346
97,22,3,0.04199999998980641
97,22,4,0.04199999998894647
97,22,5,0.04199999998980515
97,22,6,0.04199999999169022
97,22,7,0.04199999999178644
97,22,8,0.04199999999193306
97,22,9,0.041999999989120816
97,22,10,0.041999999991790216
97,23,1,0.041999999989221784
97,23,2,0.04199999998978849
97,23,3,0.04199999998964524
97,23,4,0.04199999998893762
97,23,5,0.04199999998941247
97,23,6,0.0419999999916906
97,23,7,0.04199999999127163
97,23,8,0.04199999999180676
97,23,9,0.041999999988981754
97,23,10,0.04199999999169431
97,24,1,0.04199999998946497
97,24,2,0.041999999989553324
97,24,3,0.04199999998973971
97,24,4,0.04199999999169356
97,24,5,0.04199999998948243
97,24,6,0.04199999998942974
97,24,7,0.04199999998944019
97,24,8,0.041999999991752905
97,24,9,0.04199999998932634
97,24,10,0.041999999991679846
98,1,1,0.04199999932319162
98,1,2,0.042
98,1,3,0.042
98,1,4,0.041999999990715825
98,1,5,0.042
98,1,6,0.042
98,1,7,0.042
98,1,8,0.042
98,1,9,0.042
98,1,10,0.041999999881063066
98,2,1,0.042
98,2,2,0.042
98,2,3,0.04199999999064202
98,2,4,0.042
98,2,5,0.04199999972190466
98,2,6,0.042
98,2,7,0.042
98,2,8,0.04199999912467842
98,2,9,0.04199999989570291
98,2,10,0.042
98,3,1,0.04199999974366231
98,3,2,0.042
98,3,3,0.04199999853226938
98,3,4,0.0419999994068902
98,3,5,0.04199999999512599
98,3,6,0.042
98,3,7,0.04199999976728691
98,3,8,0.04199999982211511
98,3,9,0.04199999968774448
98,3,10,0.0419999986158498
98,4,1,0.04199999976893981
98,4,2,0.041999999406551636
98,4,3,0.042
98,4,4,0.04199999906768115
98,4,5,0.041999999206282446
98,4,6,0.04199999975108448
98,4,7,0.042
98,4,8,0.04199999925677855
98,4,9,0.04199999952158828
98,4,10,0.042
98,5,1,0.04199999931726128
98,5,2,0.04199999973715218
98,5,3,0.041999999635570606
98,5,4,0.042
98,5,5,0.04199999923388914
98,5,6,0.042
98,5,7,0.0419999994778017
98,5,8,0.042
98,5,9,0.041999999935863785
98,5,10,0.04199999996753584
98,6,1,0.042
98,6,2,0.041999999873409855
98,6,3,0.041999999526133036
98,6,4,0.04199999986687586
98,6,5,0.041999999632997775
98,6,6,0.04199999999007714
98,6,7,0.041999999906604746
98,6,8,0.042
98,6,9,0.042
98,6,10,0.041999999930050214
98,7,1,0.0419999988483869
98,7,2,0.042
98,7,3,0.042
98,7,4,0.042
98,7,5,0.042
98,7,6,0.042
98,7,7,0.041999999968513835
98,7,8,0.041999999863837345
98,7,9,0.042
98,7,10,0.042
98,8,1,0.042
98,8,2,0.04199999994496645
98,8,3,0.042
98,8,4,0.042
98,8,5,0.042
98,8,6,0.042
98,8,7,0.0419999993755199
98,8,8,0.041999999828437384
98,8,9,0.041999999873079785
98,8,10,0.042
98,9,1,0.042
98,9,2,0.04199999919676456
98,9,3,0.042
98,9,4,0.04199999971485757
98,9,5,0.04199999967727053
98,9,6,0.042
98,9,7,0.042
98,9,8,0.042
98,9,9,0.042
98,9,10,0.041999999778179364
98,10,1,0.042
98,10,2,0.041999998945433326
98,10,3,0.04199999974878005
98,10,4,0.042
98,10,5,0.042
98,10,6,0.0419999988685833
98,10,7,0.04199999881922295
98,10,8,0.042
98,10,9,0.042
98,10,10,0.042
98,11,1,0.041999999350482375
98,11,2,0.04199999968943524
98,11,3,0.041999999574968805
98,11,4,0.04199999999382298
98,11,5,0.04199999971684715
98,11,6,0.0419999987158341
98,11,7,0.042
98,11,8,0.042
98,11,9,0.042
98,11,10,0.04199999936733323
98,12,1,0.042
98,12,2,0.04199999963313972
98,12,3,0.042
98,12,4,0.04199999993746284
98,12,5,0.042
98,12,6,0.041999999585363046
98,12,7,0.04199999967114476
98,12,8,0.042
98,12,9,0.042
98,12,10,0.04199999864146353
98,13,1,0.04199999984514302
98,13,2,0.04199999937136617
98,13,3,0.041999999141375643
98,13,4,0.041999999798565946
98,13,5,0.042
98,13,6,0.041999999989018544
98,13,7,0.042
98,13,8,0.042
98,13,9,0.04199999961934997
98,13,10,0.042
98,14,1,0.041999999884109074
98,14,2,0.04199999950600147
98,14,3,0.041999999808686406
98,14,4,0.042
98,14,5,0.042
98,14,6,0.042
98,14,7,0.04199999982613645
98,14,8,0.04199999973418128
98,14,9,0.042
98,14,10,0.04199999884926686
98,15,1,0.04199999916030467
98,15,2,0.04199999988984343
98,15,3,0.041999999396448384
98,15,4,0.04199999971758828
98,15,5,0.041999999793710774
98,15,6,0.042
98,15,7,0.04199999912348329
98,15,8,0.04199999851703112
98,15,9,0.04199999991002368
98,15,10,0.04199999905072366
98,16,1,0.042
98,16,2,0.042
98,16,3,0.04199999961787593
98,16,4,0.041999999200597826
98,16,5,0.04199999985368896
98,16,6,0.04199999955733269
98,16,7,0.042
98,16,8,0.04199999994775852
98,16,9,0.0419999989232801
98,16,10,0.04199999993507955
98,17,1,0.042
98,17,2,0.042
98,17,3,0.04199999995495002
98,17,4,0.04199999959123163
98,17,5,0.04199999974620727
98,17,6,0.042
98,17,7,0.04199999968264867
98,17,8,0.042
98,17,9,0.04199999985625452
98,17,10,0.04199999895865986
98,18,1,0.042
98,18,2,0.04199999983006869
98,18,3,0.04199999980233404
98,18,4,0.04199999939750537
98,18,5,0.04199999920024722
98,18,6,0.04199999963890777
98,18,7,0.042
98,18,8,0.041999999718519476
98,18,9,0.042
98,18,10,0.04199999951238659
98,19,1,0.04199999960109546
98,19,2,0.042
98,19,3,0.041999998898022084
98,19,4,0.042
98,19,5,0.042
98,19,6,0.04199999984743247
98,19,7,0.042
98,19,8,0.04199999997669296
98,19,9,0.041999999943673816
98,19,10,0.041999999960610934
98,20,1,0.04199999966248935
98,20,2,0.042
98,20,3,0.04199999997548376
98,20,4,0.04199999968504953
98,20,5,0.04199999950034772
98,20,6,0.041999999942145094
98,20,7,0.041999999935249166
98,20,8,0.042
98,20,9,0.041999999967955115
98,20,10,0.042
98,21,1,0.04199999935166138
98,21,2,0.042
98,21,3,0.04199999940435223
98,21,4,0.041999999966807366
98,21,5,0.042
98,21,6,0.042
98,21,7,0.042
98,21,8,0.042
98,21,9,0.042
98,21,10,0.04199999923905079
98,22,1,0.04199999951072797
98,22,2,0.04199999969784618
98,22,3,0.042
98,22,4,0.042
98,22,5,0.041999999159739954
98,22,6,0.04199999959794953
98,22,7,0.042
98,22,8,0.04199999986813924
98,22,9,0.042
98,22,10,0.04199999935008181
98,23,1,0.04199999964097312
98,23,2,0.042
98,23,3,0.042
98,23,4,0.04199999979745361
98,23,5,0.042
98,23,6,0.042
98,23,7,0.04199999928098924
98,23,8,0.04199999911104338
98,23,9,0.041999999392677845
98,23,10,0.042
98,24,1,0.042
98,24,2,0.041999999869779314
98,24,3,0.042
98,24,4,0.041999999095750584
98,24,5,0.042
98,24,6,0.041999999833007395
98,24,7,0.042
98,24,8,0.04199999963066409
98,24,9,0.041999999176505876
98,24,10,0.0419999997820798
99,1,1,0.042
99,1,2,0.041999999564939605
99,1,3,0.04199999973320445
99,1,4,0.04199999994907705
99,1,5,0.041999999235130536
99,1,6,0.041999999789597564
99,1,7,0.042
99,1,8,0.04199999986449843
99,1,9,0.04199999931968762
99,1,10,0.04199999991631337
99,2,1,0.04199999889789585
99,2,2,0.04199999996817516
99,2,3,0.042
99,2,4,0.042
99,2,5,0.041999999947302136
99,2,6,0.042
99,2,7,0.042
99,2,8,0.042
99,2,9,0.042
99,2,10,0.042
99,3,1,0.042
99,3,2,0.042
99,3,3,0.042
99,3,4,0.041999999955580125
99,3,5,0.041999999654854014
99,3,6,0.04199999981685082
99,3,7,0.04199999980680569
99,3,8,0.042
99,3,9,0.042
99,3,10,0.042
99,4,1,0.041999999666129384
99,4,2,0.041999999912854025
99,4,3,0.0419999995942516
99,4,4,0.04199999970465429
99,4,5,0.042
99,4,6,0.04199999972227203
99,4,7,0.042
99,4,8,0.042
99,4,9,0.042
99,4,10,0.042
99,5,1,0.042
99,5,2,0.042
99,5,3,0.04199999969001561
99,5,4,0.042
99,5,5,0.04199999971558238
99,5,6,0.04199999972647589
99,5,7,0.04199999976682095
99,5,8,0.04199999942696686
99,5,9,0.04199999981054914
99,5,10,0.04199999958670547
99,6,1,0.041999999715661096
99,6,2,0.04199999988594255
99,6,3,0.042
99,6,4,0.042
99,6,5,0.042
99,6,6,0.04199999977211133
99,6,7,0.042
99,6,8,0.04199999967112095
99,6,9,0.04199999975616264
99,6,10,0.04199999970753182
99,7,1,0.042
99,7,2,0.042
99,7,3,0.042
99,7,4,0.04199999960366102
99,7,5,0.04199999972863533
99,7,6,0.042
99,7,7,0.042
99,7,8,0.042
99,7,9,0.041999999301946145
99,7,10,0.042
99,8,1,0.041999998782346615
99,8,2,0.042
99,8,3,0.0419999994864339
99,8,4,0.042
99,8,5,0.04199999932238724
99,8,6,0.04199999949464733
99,8,7,0.041999999636156526
99,8,8,0.041999999800566734
99,8,9,0.04199999985241232
99,8,10,0.041999999986035486
99,9,1,0.041999999492001616
99,9,2,0.042
99,9,3,0.041999999679021016
99,9,4,0.042
99,9,5,0.04199999985557079
99,9,6,0.04199999952963129
99,9,7,0.041999999690971124
99,9,8,0.041999999474479854
99,9,9,0.04199999993424142
99,9,10,0.041999999848366
99,10,1,0.04199999942060295
99,10,2,0.042
99,10,3,0.041999999880263594
99,10,4,0.042
99,10,5,0.042
99,10,6,0.042
99,10,7,0.042
99,10,8,0.041999999770442
99,10,9,0.041999999896126905
99,10,10,0.042
99,11,1,0.04199999947600608
99,11,2,0.042
99,11,3,0.04199999994562165
99,11,4,0.042
99,11,5,0.042
99,11,6,0.042
99,11,7,0.04199999944864957
99,11,8,0.04199999983398717
99,11,9,0.042
99,11,10,0.042
99,12,1,0.041999999585821235
99,12,2,0.042
99,12,3,0.04199999988695502
99,12,4,0.04199999944939592
99,12,5,0.04199999945021082
99,12,6,0.042
99,12,7,0.042
99,12,8,0.041999999705110924
99,12,9,0.04199999989081005
99,12,10,0.042
99,13,1,0.042
99,13,2,0.041999999690170375
99,13,3,0.042
99,13,4,0.042
99,13,5,0.04199999969595303
99,13,6,0.041999999644381836
99,13,7,0.04199999940465371
99,13,8,0.041999999470257315
99,13,9,0.042
99,13,10,0.04199999962450446
99,14,1,0.04199999953432365
99,14,2,0.04199999990750436
99,14,3,0.042
99,14,4,0.041999999925276366
99,14,5,0.042
99,14,6,0.042
99,14,7,0.042
99,14,8,0.041999999545119515
99,14,9,0.04199999987675995
99,14,10,0.04199999973661972
99,15,1,0.042
99,15,2,0.04199999972637847
99,15,3,0.042
99,15,4,0.042
99,15,5,0.04199999976070612
99,15,6,0.0419999998271009
99,15,7,0.042
99,15,8,0.042
99,15,9,0.042
99,15,10,0.04199999976782731
99,16,1,0.041999998749817746
99,16,2,0.041999999668046184
99,16,3,0.042
99,16,4,0.042
99,16,5,0.042
99,16,6,0.042
99,16,7,0.04199999928036757
99,16,8,0.04199999970073759
99,16,9,0.042
99,16,10,0.042
99,17,1,0.042
99,17,2,0.0419999997769791
99,17,3,0.042
99,17,4,0.04199999945637134
99,17,5,0.042
99,17,6,0.041999999937483656
99,17,7,0.04199999946248961
99,17,8,0.041999999581943614
99,17,9,0.042
99,17,10,0.042
99,18,1,0.04199999984706393
99,18,2,0.042
99,18,3,0.042
99,18,4,0.042
99,18,5,0.04199999920475045
99,18,6,0.042
99,18,7,0.041999999649713515
99,18,8,0.04199999991755521
99,18,9,0.042
99,18,10,0.042
99,19,1,0.042
99,19,2,0.042
99,19,3,0.042
99,19,4,0.04199999998867404
99,19,5,0.042
99,19,6,0.042
99,19,7,0.042
99,19,8,0.041999999332003046
99,19,9,0.042
99,19,10,0.04199999935142984
99,20,1,0.042
99,20,2,0.042
99,20,3,0.041999999748815076
99,20,4,0.041999999906601526
99,20,5,0.042
99,20,6,0.042
99,20,7,0.04199999988007086
99,20,8,0.042
99,20,9,0.04199999995380943
99,20,10,0.04199999998981685
99,21,1,0.04199999904620322
99,21,2,0.042
99,21,3,0.042
99,21,4,0.042
99,21,5,0.04199999908073193
99,21,6,0.042
99,21,7,0.042
99,21,8,0.041999999513438135
99,21,9,0.042
99,21,10,0.04199999985351921
99,22,1,0.042
99,22,2,0.042
99,22,3,0.042
99,22,4,0.041999999945251554
99,22,5,0.042
99,22,6,0.042
99,22,7,0.04199999922691394
99,22,8,0.042
99,22,9,0.04199999963294493
99,22,10,0.0419999995069304
99,23,1,0.04199999995217851
99,23,2,0.04199999941995858
99,23,3,0.042
99,23,4,0.04199999978222324
99,23,5,0.042
99,23,6,0.042
99,23,7,0.042
99,23,8,0.042
99,23,9,0.042
99,23,10,0.041999999853815084
99,24,1,0.04199999975535196
99,24,2,0.042
99,24,3,0.04199999952943623
99,24,4,0.042
99,24,5,0.042
99,24,6,0.04199999987154557
99,24,7,0.042
99,24,8,0.04199999981413005
99,24,9,0.042
99,24,10,0.042
100,1,1,0.042
100,1,2,0.042
100,1,3,0.042
100,1,4,0.04199999996409293
100,1,5,0.042
100,1,6,0.042
100,1,7,0.04199999945128802
100,1,8,0.04199999993569298
100,1,9,0.042
100,1,10,0.042
100,2,1,0.042
100,2,2,0.04199999951034156
100,2,3,0.042
100,2,4,0.04199999975034929
100,2,5,0.041999999747232286
100,2,6,0.041999999632764795
100,2,7,0.04199999970051671
100,2,8,0.04199999876061028
100,2,9,0.04199999940215421
100,2,10,0.041999999644175834
100,3,1,0.0419999999815055
100,3,2,0.04199999969183926
100,3,3,0.04199999972126972
100,3,4,0.042
100,3,5,0.042
100,3,6,0.042
100,3,7,0.042
100,3,8,0.04199999881246019
100,3,9,0.04199999975878421
100,3,10,0.04199999984320085
100,4,1,0.042
100,4,2,0.04199999938288029
100,4,3,0.042
100,4,4,0.042
100,4,5,0.041999999434326585
100,4,6,0.042
100,4,7,0.0419999996461336
100,4,8,0.04199999915811742
100,4,9,0.04199999978242408
100,4,10,0.04199999990208475
100,5,1,0.042
100,5,2,0.04199999980104774
100,5,3,0.042
100,5,4,0.04199999952746769
100,5,5,0.042
100,5,6,0.042
100,5,7,0.042
100,5,8,0.041999999972431534
100,5,9,0.04199999995333559
100,5,10,0.042
100,6,1,0.042
100,6,2,0.041999999716674785
100,6,3,0.041999999888358286
100,6,4,0.042
100,6,5,0.042
100,6,6,0.042
100,6,7,0.04199999992612008
100,6,8,0.041999999432447865
100,6,9,0.042
100,6,10,0.042
100,7,1,0.04199999939175825
100,7,2,0.042
100,7,3,0.04199999929822179
100,7,4,0.042
100,7,5,0.042
100,7,6,0.041999999014107336
100,7,7,0.041999999500016094
100,7,8,0.042
100,7,9,0.042
100,7,10,0.04199999928923309
100,8,1,0.042
100,8,2,0.042
100,8,3,0.042
100,8,4,0.041999999591291026
100,8,5,0.042
100,8,6,0.04199999991297104
100,8,7,0.042
100,8,8,0.042
100,8,9,0.042
100,8,10,0.04199999997985293
100,9,1,0.041999999622199136
100,9,2,0.04199999987606284
100,9,3,0.042
100,9,4,0.041999999758891016
100,9,5,0.042
100,9,6,0.042
100,9,7,0.04199999989288272
100,9,8,0.042
100,9,9,0.04199999958786915
100,9,10,0.04199999997247328
100,10,1,0.04199999964120943
100,10,2,0.04199999982072322
100,10,3,0.042
100,10,4,0.04199999964097789
100,10,5,0.042
100,10,6,0.041999999650393804
100,10,7,0.042
100,10,8,0.042
100,10,9,0.04199999997318021
100,10,10,0.041999999944594246
100,11,1,0.042
100,11,2,0.041999999731812176
100,11,3,0.04199999980697755
100,11,4,0.041999999264504706
100,11,5,0.04199999967928447
100,11,6,0.042
100,11,7,0.042
100,11,8,0.042
100,11,9,0.042
100,11,10,0.042
100,12,1,0.042
100,12,2,0.04199999979720487
100,12,3,0.042
100,12,4,0.042
100,12,5,0.042
100,12,6,0.042
100,12,7,0.04199999955955702
100,12,8,0.042
100,12,9,0.04199999953988143
100,12,10,0.041999999895146356
100,13,1,0.041999999307721914
100,13,2,0.042
100,13,3,0.042
100,13,4,0.04199999956941547
100,13,5,0.04199999987335079
100,13,6,0.04199999973880186
100,13,7,0.04199999971302282
100,13,8,0.042
100,13,9,0.04199999982430369
100,13,10,0.042
100,14,1,0.042
100,14,2,0.04199999958672285
100,14,3,0.042
100,14,4,0.04199999986237035
100,14,5,0.041999999936058074
100,14,6,0.042
100,14,7,0.04199999954813599
100,14,8,0.042
100,14,9,0.042
100,14,10,0.04199999993173226
100,15,1,0.04199999959641132
100,15,2,0.042
100,15,3,0.042
100,15,4,0.041999999884842376
100,15,5,0.042
100,15,6,0.042
100,15,7,0.042
100,15,8,0.04199999893276363
100,15,9,0.04199999912850966
100,15,10,0.04199999970089402
100,16,1,0.042
100,16,2,0.04199999984812952
100,16,3,0.042
100,16,4,0.041999999735087945
100,16,5,0.04199999953163397
100,16,6,0.04199999964824841
100,16,7,0.042
100,16,8,0.042
100,16,9,0.04199999954303385
100,16,10,0.04199999947396971
100,17,1,0.04199999964036649
100,17,2,0.04199999979103658
100,17,3,0.04199999942033
100,17,4,0.042
100,17,5,0.042
100,17,6,0.04199999986698422
100,17,7,0.042
100,17,8,0.042
100,17,9,0.042
100,17,10,0.042
100,18,1,0.042
100,18,2,0.041999999453597
100,18,3,0.04199999971984342
100,18,4,0.04199999969563245
100,18,5,0.042
100,18,6,0.04199999952011413
100,18,7,0.04199999995074033
100,18,8,0.042
100,18,9,0.04199999930777254
100,18,10,0.041999999068922045
100,19,1,0.042
100,19,2,0.042
100,19,3,0.04199999991221581
100,19,4,0.042
100,19,5,0.04199999964140677
100,19,6,0.042
100,19,7,0.04199999983280428
100,19,8,0.042
100,19,9,0.042
100,19,10,0.042
100,20,1,0.041999999363147356
100,20,2,0.04199999983637459
100,20,3,0.042
100,20,4,0.04199999982005531
100,20,5,0.04199999943585009
100,20,6,0.04199999980837976
100,20,7,0.04199999993515813
100,20,8,0.041999999663497656
100,20,9,0.042
100,20,10,0.042
100,21,1,0.042
100,21,2,0.04199999961016154
100,21,3,0.04199999991552056
100,21,4,0.042
100,21,5,0.042
100,21,6,0.04199999970844187
100,21,7,0.04199999964718143
100,21,8,0.042
100,21,9,0.041999999892405104
100,21,10,0.042
100,22,1,0.041999998878015476
100,22,2,0.04199999996178305
100,22,3,0.04199999992042075
100,22,4,0.04199999947562816
100,22,5,0.042
100,22,6,0.04199999942099247
100,22,7,0.042
100,22,8,0.041999999940549926
100,22,9,0.042
100,22,10,0.042
100,23,1,0.042
100,23,2,0.042
100,23,3,0.04199999944148558
100,23,4,0.042
100,23,5,0.041999999131132615
100,23,6,0.041999999663208276
100,23,7,0.041999999228631346
100,23,8,0.04199999990145664
100,23,9,0.04199999923544384
100,23,10,0.04199999946576338
100,24,1,0.041999999861713766
100,24,2,0.04199999977864333
100,24,3,0.042
100,24,4,0.04199999941130528
100,24,5,0.04199999910413066
100,24,6,0.042
100,24,7,0.04199999919289221
100,24,8,0.04199999996840886
100,24,9,0.04199999985568481
100,24,10,0.04199999956421685
101,1,1,0.045
101,1,2,0.044999999782163194
101,1,3,0.04499999961050065
101,1,4,0.044999999282163354
101,1,5,0.045
101,1,6,0.045
101,1,7,0.045
101,1,8,0.045
101,1,9,0.04499999991907821
101,1,10,0.045
101,2,1,0.04499999872055456
101,2,2,0.04499999971508116
101,2,3,0.044999998727623045
101,2,4,0.04499999921009433
101,2,5,0.04499999981841853
101,2,6,0.045
101,2,7,0.045
101,2,8,0.045
101,2,9,0.045
101,2,10,0.045
101,3,1,0.04499999971201493
101,3,2,0.04499999989645036
101,3,3,0.04499999981127022
101,3,4,0.045
101,3,5,0.045
101,3,6,0.04499999943530639
101,3,7,0.04499999945517825
101,3,8,0.044999999853088224
101,3,9,0.04499999971783519
101,3,10,0.045
101,4,1,0.04499999898444972
101,4,2,0.04499999920524431
101,4,3,0.044999999858663764
101,4,4,0.04499999913780306
101,4,5,0.04499999985472103
101,4,6,0.045
101,4,7,0.044999998654107407
101,4,8,0.045
101,4,9,0.044999999303907655
101,4,10,0.045
101,5,1,0.04499999997057846
101,5,2,0.044999999346413376
101,5,3,0.045
101,5,4,0.045
101,5,5,0.045
101,5,6,0.045
101,5,7,0.0449999991461661
101,5,8,0.04499999941497462
101,5,9,0.045
101,5,10,0.044999998922693296
101,6,1,0.045
101,6,2,0.04499999903148316
101,6,3,0.045
101,6,4,0.0449999997334152
101,6,5,0.045
101,6,6,0.04499999972246051
101,6,7,0.044999999167039506
101,6,8,0.045
101,6,9,0.045
101,6,10,0.04499999926419582
101,7,1,0.044999999942357455
101,7,2,0.044999999801915956
101,7,3,0.044999999969330094
101,7,4,0.04499999911941367
101,7,5,0.045
101,7,6,0.045
101,7,7,0.044999999226472985
101,7,8,0.045
101,7,9,0.045
101,7,10,0.045
101,8,1,0.044999999322062285
101,8,2,0.04499999929643894
101,8,3,0.04499999984012304
101,8,4,0.04499999930120527
101,8,5,0.045
101,8,6,0.045
101,8,7,0.04499999929113135
101,8,8,0.045
101,8,9,0.044999999645553866
101,8,10,0.045
101,9,1,0.045
101,9,2,0.045
101,9,3,0.04499999977356846
101,9,4,0.045
101,9,5,0.045
101,9,6,0.044999999906764905
101,9,7,0.04499999993369708
101,9,8,0.045
101,9,9,0.04499999980631468
101,9,10,0.045
101,10,1,0.045
101,10,2,0.045
101,10,3,0.045
101,10,4,0.044999999495317924
101,10,5,0.04499999972355245
101,10,6,0.04499999957310648
101,10,7,0.044999999772990996
101,10,8,0.045
101,10,9,0.0449999994926397
101,10,10,0.04499999955076132
101,11,1,0.045
101,11,2,0.045
101,11,3,0.045
101,11,4,0.045
101,11,5,0.044999999049896974
101,11,6,0.045
101,11,7,0.045
101,11,8,0.04499999992660178
101,11,9,0.045
101,11,10,0.045
101,12,1,0.045
101,12,2,0.04499999971291612
101,12,3,0.04499999901651871
101,12,4,0.045
101,12,5,0.044999999222673906
101,12,6,0.04499999992097699
101,12,7,0.04499999940153024
101,12,8,0.045
101,12,9,0.045
101,12,10,0.04499999941142439
101,13,1,0.04499999936713732
101,13,2,0.04499999889583915
101,13,3,0.04499999988119893
101,13,4,0.045
101,13,5,0.044999999757143735
101,13,6,0.045
101,13,7,0.045
101,13,8,0.045
101,13,9,0.045
101,13,10,0.045
101,14,1,0.045
101,14,2,0.044999999122009075
101,14,3,0.04499999947326517
101,14,4,0.044999999720785874
101,14,5,0.044999999949618306
101,14,6,0.044999998873737956
101,14,7,0.045
101,14,8,0.04499999937192137
101,14,9,0.045
101,14,10,0.045
101,15,1,0.045
101,15,2,0.045
101,15,3,0.045
101,15,4,0.045
101,15,5,0.045
101,15,6,0.044999999513088806
101,15,7,0.04499999995755796
101,15,8,0.04499999890511189
101,15,9,0.045
101,15,10,0.04499999997462674
101,16,1,0.04499999959024982
101,16,2,0.045
101,16,3,0.045
101,16,4,0.045
101,16,5,0.045
101,16,6,0.045
101,16,7,0.044999999433536594
101,16,8,0.045
101,16,9,0.04499999874763396
101,16,10,0.045
101,17,1,0.04499999955936499
101,17,2,0.044999999887317
101,17,3,0.045
101,17,4,0.044999999980383926
101,17,5,0.045
101,17,6,0.045
101,17,7,0.04499999985164059
101,17,8,0.045
101,17,9,0.045
101,17,10,0.04499999984340439
101,18,1,0.04499999936364894
101,18,2,0.04499999967205414
101,18,3,0.04499999924979492
101,18,4,0.045
101,18,5,0.045
101,18,6,0.045
101,18,7,0.04499999945795438
101,18,8,0.045
101,18,9,0.04499999946073498
101,18,10,0.0449999997981369
101,19,1,0.045
101,19,2,0.04499999974426882
101,19,3,0.0449999999914919
101,19,4,0.045
101,19,5,0.04499999953984571
101,19,6,0.04499999957999984
101,19,7,0.04499999992332304
101,19,8,0.045
101,19,9,0.04499999977951792
101,19,10,0.045
101,20,1,0.045
101,20,2,0.045
101,20,3,0.045
101,20,4,0.045
101,20,5,0.045
101,20,6,0.045
101,20,7,0.04499999976787938
101,20,8,0.045
101,20,9,0.045
101,20,10,0.045
101,21,1,0.04499999915192264
101,21,2,0.044999999674387475
101,21,3,0.04499999956218131
101,21,4,0.044999999491874595
101,21,5,0.045
101,21,6,0.044999999959700665
101,21,7,0.045
101,21,8,0.045
101,21,9,0.044999999618735104
101,21,10,0.045
101,22,1,0.0449999994155474
101,22,2,0.04499999967118039
101,22,3,0.044999999952011954
101,22,4,0.04499999836804261
101,22,5,0.045
101,22,6,0.045
101,22,7,0.0449999997869631
101,22,8,0.045
101,22,9,0.044999999422484796
101,22,10,0.044999998503670924
101,23,1,0.045
101,23,2,0.045
101,23,3,0.045
101,23,4,0.04499999955352567
101,23,5,0.04499999996857526
101,23,6,0.044999999674537855
101,23,7,0.04499999954388036
101,23,8,0.045
101,23,9,0.045
101,23,10,0.045
101,24,1,0.045
101,24,2,0.045
101,24,3,0.045
101,24,4,0.04499999901820594
101,24,5,0.045
101,24,6,0.044999998836526126
101,24,7,0.045
101,24,8,0.044999999890381684
101,24,9,0.044999999868127104
101,24,10,0.045
102,1,1,0.005999999971703878
102,1,2,0.005999999977920278
102,1,3,0.005999999977926773
102,1,4,0.006
102,1,5,0.00599999993639538
102,1,6,0.005999999962211747
102,1,7,0.005999999968787424
102,1,8,0.006
102,1,9,0.0059999999929344384
102,1,10,0.006
102,2,1,0.006
102,2,2,0.005999999991390935
102,2,3,0.0059999999894192624
102,2,4,0.006
102,2,5,0.006
102,2,6,0.0059999999193518765
102,2,7,0.0059999999166493925
102,2,8,0.0059999999577683046
102,2,9,0.005999999970988731
102,2,10,0.0059999999403875705
102,3,1,0.005999999938493598
102,3,2,0.006
102,3,3,0.0059999999915324835
102,3,4,0.005999999935732593
102,3,5,0.006
102,3,6,0.005999999946870459
102,3,7,0.005999999967287822
102,3,8,0.005999999997341365
102,3,9,0.006
102,3,10,0.0059999999231537746
102,4,1,0.006
102,4,2,0.005999999951282675
102,4,3,0.005999999940893867
102,4,4,0.0059999999848248265
102,4,5,0.005999999994735579
102,4,6,0.005999999943019639
102,4,7,0.006
102,4,8,0.005999999990231269
102,4,9,0.005999999997392607
102,4,10,0.00599999998729118
102,5,1,0.005999999975455889
102,5,2,0.006
102,5,3,0.006
102,5,4,0.006
102,5,5,0.005999999950002947
102,5,6,0.0059999999340761365
102,5,7,0.005999999992133924
102,5,8,0.00599999996314738
102,5,9,0.0059999999856537745
102,5,10,0.005999999987468968
102,6,1,0.005999999991818106
102,6,2,0.006
102,6,3,0.005999999986872255
102,6,4,0.006
102,6,5,0.006
102,6,6,0.006
102,6,7,0.006
102,6,8,0.005999999999654029
102,6,9,0.005999999979538463
102,6,10,0.006
102,7,1,0.005999999997317852
102,7,2,0.0059999999619689895
102,7,3,0.005999999972086813
102,7,4,0.005999999992195389
102,7,5,0.005999999975446533
102,7,6,0.0059999999955705
102,7,7,0.006
102,7,8,0.006
102,7,9,0.005999999965617342
102,7,10,0.006
102,8,1,0.006
102,8,2,0.006
102,8,3,0.00599999993780225
102,8,4,0.005999999988512953
102,8,5,0.006
102,8,6,0.006
102,8,7,0.006
102,8,8,0.005999999961604999
102,8,9,0.006
102,8,10,0.005999999962457054
102,9,1,0.005999999951909845
102,9,2,0.006
102,9,3,0.006
102,9,4,0.0059999999689434955
102,9,5,0.005999999930839018
102,9,6,0.0059999999747125336
102,9,7,0.005999999987079339
102,9,8,0.005999999985669288
102,9,9,0.005999999984045826
102,9,10,0.005999999997042612
102,10,1,0.005999999980500348
102,10,2,0.00599999993830932
102,10,3,0.005999999962459554
102,10,4,0.006
102,10,5,0.006
102,10,6,0.005999999974309245
102,10,7,0.005999999947970834
102,10,8,0.005999999966703952
102,10,9,0.006
102,10,10,0.006
102,11,1,0.006
102,11,2,0.006
102,11,3,0.00599999997667474
102,11,4,0.00599999996850642
102,11,5,0.006
102,11,6,0.005999999962787734
102,11,7,0.005999999985716455
102,11,8,0.0059999999867054055
102,11,9,0.006
102,11,10,0.006
102,12,1,0.005999999970252214
102,12,2,0.006
102,12,3,0.005999999969610497
102,12,4,0.006
102,12,5,0.00599999998815634
102,12,6,0.005999999957497346
102,12,7,0.006
102,12,8,0.006
102,12,9,0.006
102,12,10,0.0059999999996505
102,13,1,0.005999999960783037
102,13,2,0.005999999991048933
102,13,3,0.005999999985972362
102,13,4,0.005999999950657531
102,13,5,0.006
102,13,6,0.005999999975062356
102,13,7,0.005999999991584
102,13,8,0.005999999915413551
102,13,9,0.005999999993898043
102,13,10,0.0059999999530792585
102,14,1,0.005999999991906209
102,14,2,0.005999999981440976
102,14,3,0.005999999966701265
102,14,4,0.005999999975307651
102,14,5,0.0059999999789968565
102,14,6,0.005999999984148921
102,14,7,0.005999999992721255
102,14,8,0.006
102,14,9,0.006
102,14,10,0.005999999985412669
102,15,1,0.005999999952235765
102,15,2,0.005999999982118679
102,15,3,0.00599999994483587
102,15,4,0.006
102,15,5,0.006
102,15,6,0.0059999999960608785
102,15,7,0.0059999999731474105
102,15,8,0.00599999994791236
102,15,9,0.006
102,15,10,0.006
102,16,1,0.00599999999753998
102,16,2,0.006
102,16,3,0.005999999980007992
102,16,4,0.00599999998286063
102,16,5,0.006
102,16,6,0.005999999993732038
102,16,7,0.005999999997018815
102,16,8,0.00599999997375124
102,16,9,0.005999999967602032
102,16,10,0.006
102,17,1,0.00599999999811302
102,17,2,0.005999999978526639
102,17,3,0.0059999999680385024
102,17,4,0.005999999984260736
102,17,5,0.005999999983752573
102,17,6,0.005999999926973171
102,17,7,0.006
102,17,8,0.005999999989167544
102,17,9,0.005999999996113732
102,17,10,0.006
102,18,1,0.005999999968950001
102,18,2,0.006
102,18,3,0.006
102,18,4,0.006
102,18,5,0.006
102,18,6,0.005999999994748369
102,18,7,0.006
102,18,8,0.005999999955464672
102,18,9,0.006
102,18,10,0.005999999989533865
102,19,1,0.005999999976702542
102,19,2,0.0059999999655648804
102,19,3,0.006
102,19,4,0.005999999998566485
102,19,5,0.006
102,19,6,0.005999999963293881
102,19,7,0.005999999961018831
102,19,8,0.005999999957980378
102,19,9,0.006
102,19,10,0.005999999919552518
102,20,1,0.005999999949282185
102,20,2,0.006
102,20,3,0.005999999968560694
102,20,4,0.005999999998952945
102,20,5,0.005999999980435702
102,20,6,0.006
102,20,7,0.005999999985328051
102,20,8,0.005999999993055548
102,20,9,0.006
102,20,10,0.006
102,21,1,0.006
102,21,2,0.006
102,21,3,0.006
102,21,4,0.006
102,21,5,0.006
102,21,6,0.005999999980166804
102,21,7,0.005999999978479581
102,21,8,0.00599999998631367
102,21,9,0.0059999999780575
102,21,10,0.0059999999738477305
102,22,1,0.006
102,22,2,0.006
102,22,3,0.006
102,22,4,0.006
102,22,5,0.005999999971513138
102,22,6,0.005999999978551471
102,22,7,0.006
102,22,8,0.00599999999555419
102,22,9,0.005999999970385847
102,22,10,0.005999999961418593
102,23,1,0.006
102,23,2,0.006
102,23,3,0.006
102,23,4,0.005999999983766342
102,23,5,0.0059999999593601545
102,23,6,0.005999999963683637
102,23,7,0.006
102,23,8,0.005999999952077888
102,23,9,0.005999999926070147
102,23,10,0.005999999967527831
102,24,1,0.005999999966978958
102,24,2,0.0059999999330413705
102,24,3,0.006
102,24,4,0.006
102,24,5,0.005999999963787667
102,24,6,0.006
102,24,7,0.006
102,24,8,0.006
102,24,9,0.005999999978602288
102,24,10,0.006
103,1,1,0.006
103,1,2,0.005999999978229905
103,1,3,0.0059999999709800704
103,1,4,0.006
103,1,5,0.005999999988698076
103,1,6,0.006
103,1,7,0.005999999980083706
103,1,8,0.006
103,1,9,0.005999999973020476
103,1,10,0.005999999972358629
103,2,1,0.0059999999684612485
103,2,2,0.005999999976980621
103,2,3,0.006
103,2,4,0.005999999936200516
103,2,5,0.005999999903913195
103,2,6,0.006
103,2,7,0.006
103,2,8,0.006
103,2,9,0.0059999999914839685
103,2,10,0.006
103,3,1,0.006
103,3,2,0.0059999999932104
103,3,3,0.005999999950245679
103,3,4,0.006
103,3,5,0.0059999999289286
103,3,6,0.006
103,3,7,0.005999999990482049
103,3,8,0.0059999999699149615
103,3,9,0.005999999974291793
103,3,10,0.006
103,4,1,0.005999999994177772
103,4,2,0.006
103,4,3,0.006
103,4,4,0.00599999998087749
103,4,5,0.005999999992980071
103,4,6,0.006
103,4,7,0.00599999998853871
103,4,8,0.005999999987062845
103,4,9,0.005999999993580495
103,4,10,0.005999999995391759
103,5,1,0.006
103,5,2,0.005999999996869806
103,5,3,0.0059999999743447965
103,5,4,0.005999999954356611
103,5,5,0.006
103,5,6,0.006
103,5,7,0.005999999963348918
103,5,8,0.006
103,5,9,0.005999999972820315
103,5,10,0.006
103,6,1,0.005999999976753199
103,6,2,0.005999999960164555
103,6,3,0.005999999982682372
103,6,4,0.005999999969872743
103,6,5,0.005999999963330564
103,6,6,0.005999999951093695
103,6,7,0.005999999976189907
103,6,8,0.005999999973056978
103,6,9,0.00599999996271763
103,6,10,0.005999999999640706
103,7,1,0.005999999942102478
103,7,2,0.006
103,7,3,0.00599999997782795
103,7,4,0.005999999957917926
103,7,5,0.005999999971339056
103,7,6,0.005999999973345284
103,7,7,0.005999999986367172
103,7,8,0.005999999953078185
103,7,9,0.005999999995516817
103,7,10,0.005999999965886349
103,8,1,0.005999999943702041
103,8,2,0.005999999993562288
103,8,3,0.006
103,8,4,0.006
103,8,5,0.005999999985192601
103,8,6,0.00599999990251708
103,8,7,0.0059999999764415255
103,8,8,0.005999999964453831
103,8,9,0.006
103,8,10,0.00599999997175117
103,9,1,0.005999999989356811
103,9,2,0.0059999999568952625
103,9,3,0.005999999977717327
103,9,4,0.005999999990293245
103,9,5,0.006
103,9,6,0.005999999959530228
103,9,7,0.005999999951059781
103,9,8,0.005999999999779699
103,9,9,0.005999999982360602
103,9,10,0.006
103,10,1,0.005999999959268149
103,10,2,0.006
103,10,3,0.006
103,10,4,0.005999999973699859
103,10,5,0.005999999954983539
103,10,6,0.006
103,10,7,0.006
103,10,8,0.006
103,10,9,0.006
103,10,10,0.005999999957161197
103,11,1,0.005999999976849609
103,11,2,0.006
103,11,3,0.005999999989163478
103,11,4,0.006
103,11,5,0.005999999989273674
103,11,6,0.005999999992131403
103,11,7,0.006
103,11,8,0.006
103,11,9,0.005999999980497622
103,11,10,0.005999999959994963
103,12,1,0.006
103,12,2,0.005999999955848651
103,12,3,0.006
103,12,4,0.006
103,12,5,0.00599999996106273
103,12,6,0.006
103,12,7,0.00599999994077935
103,12,8,0.005999999975387779
103,12,9,0.005999999950473812
103,12,10,0.005999999951206031
103,13,1,0.00599999999502141
103,13,2,0.006
103,13,3,0.005999999973279859
103,13,4,0.006
103,13,5,0.005999999999447857
103,13,6,0.006
103,13,7,0.005999999967721905
103,13,8,0.006
103,13,9,0.005999999950412542
103,13,10,0.005999999948355296
103,14,1,0.005999999941196238
103,14,2,0.005999999977777555
103,14,3,0.006
103,14,4,0.005999999976977719
103,14,5,0.005999999989354274
103,14,6,0.005999999973233164
103,14,7,0.005999999964282728
103,14,8,0.005999999935106184
103,14,9,0.005999999983519329
103,14,10,0.005999999978729245
103,15,1,0.006
103,15,2,0.00599999999777318
103,15,3,0.005999999998465433
103,15,4,0.005999999966882138
103,15,5,0.005999999948760489
103,15,6,0.0059999999946260645
103,15,7,0.006
103,15,8,0.005999999982316795
103,15,9,0.0059999999381852775
103,15,10,0.005999999963842836
103,16,1,0.00599999997274316
103,16,2,0.0059999999903291995
103,16,3,0.005999999969446714
103,16,4,0.005999999964365997
103,16,5,0.005999999964676609
103,16,6,0.00599999998100211
103,16,7,0.005999999995713729
103,16,8,0.006
103,16,9,0.005999999963751411
103,16,10,0.006
103,17,1,0.005999999995190811
103,17,2,0.006
103,17,3,0.006
103,17,4,0.006
103,17,5,0.005999999989928301
103,17,6,0.006
103,17,7,0.005999999950611069
103,17,8,0.00599999996816413
103,17,9,0.005999999989118506
103,17,10,0.005999999991846808
103,18,1,0.005999999998864073
103,18,2,0.006
103,18,3,0.0059999999979979055
103,18,4,0.005999999975838981
103,18,5,0.005999999969498745
103,18,6,0.005999999971154399
103,18,7,0.005999999998846592
103,18,8,0.006
103,18,9,0.00599999993797719
103,18,10,0.006
103,19,1,0.00599999999128732
103,19,2,0.005999999979518878
103,19,3,0.005999999961616863
103,19,4,0.0059999999559938455
103,19,5,0.006
103,19,6,0.006
103,19,7,0.0059999999978811135
103,19,8,0.005999999988250532
103,19,9,0.005999999980723201
103,19,10,0.006
103,20,1,0.005999999973089969
103,20,2,0.005999999949981466
103,20,3,0.006
103,20,4,0.005999999970454705
103,20,5,0.00599999996658639
103,20,6,0.006
103,20,7,0.005999999923504338
103,20,8,0.005999999957795729
103,20,9,0.0059999999586436694
103,20,10,0.005999999970610683
103,21,1,0.00599999993970552
103,21,2,0.005999999980761765
103,21,3,0.005999999990479981
103,21,4,0.006
103,21,5,0.006
103,21,6,0.005999999953991784
103,21,7,0.005999999974183231
103,21,8,0.005999999972472902
103,21,9,0.006
103,21,10,0.005999999970894369
103,22,1,0.0059999999413995215
103,22,2,0.005999999986330591
103,22,3,0.0059999999829130355
103,22,4,0.005999999974539707
103,22,5,0.005999999991306062
103,22,6,0.005999999993438036
103,22,7,0.00599999998232454
103,22,8,0.005999999961222398
103,22,9,0.006
103,22,10,0.005999999996593033
103,23,1,0.005999999994527465
103,23,2,0.0059999999363260954
103,23,3,0.005999999968605863
103,23,4,0.0059999999919298
103,23,5,0.005999999969273371
103,23,6,0.006
103,23,7,0.0059999999978570945
103,23,8,0.006
103,23,9,0.006
103,23,10,0.006
103,24,1,0.006
103,24,2,0.006
103,24,3,0.005999999964343777
103,24,4,0.005999999952197497
103,24,5,0.006
103,24,6,0.006
103,24,7,0.005999999946803901
103,24,8,0.005999999967776484
103,24,9,0.006
103,24,10,0.005999999946479424
105,1,1,-0.059910744548929924
105,1,2,-0.00616648854079708
105,1,3,-0.12539999891563108
105,1,4,-0.1253999960726175
105,1,5,0.005999999678833527
105,1,6,0.005999999412601683
105,1,7,-0.05180461744072182
105,1,8,0.004885027007407379
105,1,9,-0.059340035842048895
105,1,10,0.005999999815504401
105,2,1,-0.059489254563334336
105,2,2,-0.013704401449961486
105,2,3,0.13740000016198825
105,2,4,0.137399996691453
105,2,5,-0.12539999901931143
105,2,6,-0.12539999918095665
105,2,7,0.00019148282596966493
105,2,8,-0.1223853855071184
105,2,9,-0.0600599643223518
105,2,10,-0.060192793214083384
105,3,1,0.13739999928429522
105,3,2,-0.02449065779863806
105,3,3,-0.12539999945360272
105,3,4,-0.1253999994579882
105,3,5,0.1373999885739625
105,3,6,0.13739999972526062
105,3,7,-0.05498891758416728
105,3,8,0.134620859680114
105,3,9,0.13739998987134366
105,3,10,-0.05920720622473402
105,4,1,-0.12539999894863324
105,4,2,-0.03106573587295198
105,4,3,0.13739999713978332
105,4,4,0.13739999730658242
105,4,5,0.006000010447818914
105,4,6,-0.06099241419860519
105,4,7,0.06479676877992813
105,4,8,-0.12382748569116935
105,4,9,0.006000009396145826
105,4,10,0.005999999777663031
105,5,1,0.13462790250019768
105,5,2,0.04106209748359966
105,5,3,0.006000001761720931
105,5,4,0.006000001423310243
105,5,5,-0.04191197864387297
105,5,6,-0.058407585589444595
105,5,7,-0.036598795304643626
105,5,8,0.035788657050607714
105,5,9,0.006000000943392549
105,5,10,0.006000000733317651
105,6,1,0.008772096817413123
105,6,2,-0.061034814076135896
105,6,3,0.005999996508007901
105,6,4,0.005999999358510503
105,6,5,-0.03969690405072018
105,6,6,0.035478204021790326
105,6,7,-0.01699591857567213
105,6,8,0.04810112611706291
105,6,9,-0.03696180683375803
105,6,10,0.014067049594391874
105,7,1,-0.1253999980621605
105,7,2,0.0060000002527076405
105,7,3,-0.03589589707228171
105,7,4,-0.10336342583628348
105,7,5,-0.03179111438142156
105,7,6,-0.023478203455419122
105,7,7,0.005999999899365498
105,7,8,0.06481720022036987
105,7,9,-0.04016369342159608
105,7,10,0.02007247206664249
105,8,1,0.01037113107049854
105,8,2,0.1374000008952588
105,8,3,-0.08350410011710041
105,8,4,-0.016036572310247167
105,8,5,0.005999997298126809
105,8,6,0.048045470667524376
105,8,7,0.1373999956026432
105,8,8,-0.12540000086129385
105,8,9,-0.0362744986371757
105,8,10,0.11526047668606844
105,9,1,0.0016288691619230726
105,9,2,-0.12539999981639102
105,9,3,0.006000000568513644
105,9,4,0.005999999883836854
105,9,5,0.0059999997243412664
105,9,6,0.09535452439312431
105,9,7,-0.028708109422118988
105,9,8,0.07077068813317286
105,9,9,0.006000000114185862
105,9,10,0.0059999999658307684
105,10,1,0.005999999882214764
105,10,2,0.1373999962550985
105,10,3,0.0059999998149094375
105,10,4,0.13739999864600952
105,10,5,0.0059999995915554685
105,10,6,-0.12539999514503433
105,10,7,-0.09069188333921992
105,10,8,-0.024288858613873678
105,10,9,0.006000000127158832
105,10,10,0.005999998593552577
105,11,1,0.006000003122103099
105,11,2,0.006000001422247736
105,11,3,0.12301817708358266
105,11,4,-0.0666523893404734
105,11,5,0.006000007052422022
105,11,6,0.005999999767108562
105,11,7,0.006000001846089301
105,11,8,0.10291816973685271
105,11,9,0.12369010487966248
105,11,10,-0.12539999769546378
105,12,1,0.07135340805069597
105,12,2,-0.1253999978462173
105,12,3,0.01076814455207435
105,12,4,-0.052747608251220386
105,12,5,0.1373999893975753
105,12,6,0.006000002134134604
105,12,7,0.011822551457820742
105,12,8,0.0032944847326123877
105,12,9,0.01086254694195699
105,12,10,0.006000087298798636
105,13,1,0.0720464567030413
105,13,2,0.13739999790804858
105,13,3,0.015613664394289134
105,13,4,0.13739999888340276
105,13,5,-0.125399987884848
105,13,6,0.13739999581741902
105,13,7,0.00017744847364758413
105,13,8,-0.12269448503971336
105,13,9,0.014847333743166555
105,13,10,0.005999916302720206
105,14,1,0.006000130663269217
105,14,2,0.0012946617558328615
105,14,3,0.006000013086214391
105,14,4,-0.12539999732396004
105,14,5,0.13739999189270394
105,14,6,0.006000001525991731
105,14,7,0.13739999543448045
105,14,8,0.006000000393696867
105,14,9,0.006000013317178456
105,14,10,0.13739999439743975
105,15,1,0.005999999841315987
105,15,2,-0.12069465881718999
105,15,3,0.0059999997292574745
105,15,4,0.13739999765963487
105,15,5,-0.1253999962610091
105,15,6,0.005999999895032586
105,15,7,0.00599999994713755
105,15,8,0.07819872950374716
105,15,9,0.006000000262709769
105,15,10,-0.1253999938457496
105,16,1,0.006000000385959515
105,16,2,0.012318191811533099
105,16,3,0.005999966509220112
105,16,4,0.0060000003689072885
105,16,5,0.13739999193822153
105,16,6,0.006000000652382034
105,16,7,-0.05863298842915144
105,16,8,0.010443447278143855
105,16,9,0.002126710022010785
105,16,10,0.0059999955422077485
105,17,1,0.0059999995165500915
105,17,2,-0.0003181919026656935
105,17,3,-0.08614519184668888
105,17,4,0.003998008820367151
105,17,5,-0.06769904641252987
105,17,6,-0.11265928263064556
105,17,7,-0.060767010157612
105,17,8,-0.01730410746866068
105,17,9,0.009873289478475695
105,17,10,0.05873806938638635
105,18,1,0.005999997590638095
105,18,2,0.10425809462862703
105,18,3,0.09814522439460219
105,18,4,0.008001991382797542
105,18,5,0.07969904804724412
105,18,6,0.03907525328419748
105,18,7,0.13739999951546944
105,18,8,-0.047338069905391106
105,18,9,0.0060000002388569135
105,18,10,-0.04673806771899294
105,19,1,0.006000002060048329
105,19,2,0.03914190435422497
105,19,3,0.006000001427241563
105,19,4,0.005999999540328494
105,19,5,-0.0362939750352479
105,19,6,0.0590099745333943
105,19,7,-0.1253999985741081
105,19,8,0.13739999992077612
105,19,9,0.0059999999314273335
105,19,10,0.13739999529815417
105,20,1,-0.12540000066660817
105,20,2,-0.12539999757583684
105,20,3,-0.12539999789306833
105,20,4,-0.12539999920228787
105,20,5,-0.08310602321177483
105,20,6,-0.09282594727388525
105,20,7,0.005999999772238381
105,20,8,-0.12540000047202635
105,20,9,-0.10778279854160236
105,20,10,-0.07201819213841008
105,21,1,0.05073405325897614
105,21,2,0.13739999809275696
105,21,3,0.06103985746603841
105,21,4,0.005999999724592287
105,21,5,0.04846610028181536
105,21,6,0.03225618500398865
105,21,7,0.04242668745884696
105,21,8,0.005999999784916934
105,21,9,-0.011617200804192667
105,21,10,-0.04738180278461007
105,22,1,0.08753939483327922
105,22,2,-0.12539999988304099
105,22,3,0.08236014044990904
105,22,4,0.03277874627612413
105,22,5,0.09493389900700643
105,22,6,0.11052418251055579
105,22,7,0.10097331258090685
105,22,8,0.005999999739728376
105,22,9,0.09036126782171973
105,22,10,0.1360126721406696
105,23,1,-0.12027344633769937
105,23,2,0.10317142210163512
105,23,3,-0.0215791337224773
105,23,4,-0.020778745981364578
105,23,5,0.005999997650622124
105,23,6,0.006619632390554126
105,23,7,0.006000000629783529
105,23,8,0.13739999973062783
105,23,9,-0.07836126794734888
105,23,10,0.007387323705559748
105,24,1,0.0059999998593632245
105,24,2,-0.09117142281777389
105,24,3,-0.09782086489782213
105,24,4,0.00894296366159766
105,24,5,-0.12539999942261462
105,24,6,-0.1254000003133228
105,24,7,-0.12539999912458988
105,24,8,-0.12539999784283395
105,24,9,0.005999999391484915
105,24,10,-0.12539999550664072
106,1,1,0.005999999941291749
106,1,2,0.005999999994584303
106,1,3,0.005999999912016902
106,1,4,0.0059999999513576175
106,1,5,0.006
106,1,6,0.005999999999149531
106,1,7,0.005999999970027531
106,1,8,0.005999999989888524
106,1,9,0.005999999999025098
106,1,10,0.005999999959519743
106,2,1,0.005999999931949318
106,2,2,0.006
106,2,3,0.005999999997088021
106,2,4,0.006
106,2,5,0.0059999999665315985
106,2,6,0.006
106,2,7,0.006
106,2,8,0.006
106,2,9,0.005999999967630908
106,2,10,0.005999999987099497
106,3,1,0.006
106,3,2,0.005999999973372053
106,3,3,0.006
106,3,4,0.005999999980848665
106,3,5,0.005999999978851167
106,3,6,0.005999999934154019
106,3,7,0.005999999943087456
106,3,8,0.0059999999657773945
106,3,9,0.005999999979777466
106,3,10,0.006
106,4,1,0.006
106,4,2,0.006
106,4,3,0.005999999961834793
106,4,4,0.006
106,4,5,0.005999999996082128
106,4,6,0.006
106,4,7,0.005999999960341125
106,4,8,0.005999999983508364
106,4,9,0.00599999996609769
106,4,10,0.005999999988606137
106,5,1,0.005999999987670498
106,5,2,0.0059999999677707175
106,5,3,0.005999999957423319
106,5,4,0.006
106,5,5,0.0059999999775961835
106,5,6,0.005999999960127885
106,5,7,0.006
106,5,8,0.0059999999786229
106,5,9,0.005999999994680019
106,5,10,0.005999999965216385
106,6,1,0.005999999984632478
106,6,2,0.006
106,6,3,0.006
106,6,4,0.0059999999974643175
106,6,5,0.005999999983690326
106,6,6,0.006
106,6,7,0.00599999998496142
106,6,8,0.005999999981485194
106,6,9,0.006
106,6,10,0.006
106,7,1,0.005999999976667751
106,7,2,0.005999999976196274
106,7,3,0.005999999997711189
106,7,4,0.005999999979552837
106,7,5,0.005999999945516867
106,7,6,0.006
106,7,7,0.0059999999908264354
106,7,8,0.005999999948328647
106,7,9,0.005999999991739778
106,7,10,0.006
106,8,1,0.006
106,8,2,0.006
106,8,3,0.005999999988663664
106,8,4,0.006
106,8,5,0.005999999982177938
106,8,6,0.006
106,8,7,0.005999999974703145
106,8,8,0.006
106,8,9,0.005999999978442515
106,8,10,0.006
106,9,1,0.006
106,9,2,0.006
106,9,3,0.006
106,9,4,0.005999999918862188
106,9,5,0.006
106,9,6,0.006
106,9,7,0.005999999968700017
106,9,8,0.005999999978613828
106,9,9,0.005999999991982624
106,9,10,0.005999999996807155
106,10,1,0.006
106,10,2,0.005999999986659601
106,10,3,0.00599999996704748
106,10,4,0.006
106,10,5,0.00599999997638781
106,10,6,0.005999999964569563
106,10,7,0.005999999989406224
106,10,8,0.006
106,10,9,0.005999999979482439
106,10,10,0.005999999939490093
106,11,1,0.006
106,11,2,0.005999999978754483
106,11,3,0.006
106,11,4,0.006
106,11,5,0.006
106,11,6,0.005999999963496053
106,11,7,0.005999999949402049
106,11,8,0.006
106,11,9,0.005999999987720067
106,11,10,0.005999999951059617
106,12,1,0.005999999998490684
106,12,2,0.005999999999089071
106,12,3,0.005999999968998509
106,12,4,0.0059999999676720265
106,12,5,0.005999999973220701
106,12,6,0.0059999999920606
106,12,7,0.005999999959537116
106,12,8,0.00599999997501998
106,12,9,0.0059999999881203345
106,12,10,0.006
106,13,1,0.00599999996695427
106,13,2,0.006
106,13,3,0.005999999987484593
106,13,4,0.005999999960637334
106,13,5,0.005999999958776192
106,13,6,0.005999999995468595
106,13,7,0.005999999973559059
106,13,8,0.006
106,13,9,0.0059999999748233486
106,13,10,0.005999999959978733
106,14,1,0.005999999980024312
106,14,2,0.005999999982717917
106,14,3,0.005999999965090306
106,14,4,0.00599999998145294
106,14,5,0.006
106,14,6,0.006
106,14,7,0.006
106,14,8,0.006
106,14,9,0.005999999966040051
106,14,10,0.00599999996789939
106,15,1,0.00599999995908775
106,15,2,0.005999999971703192
106,15,3,0.005999999985270062
106,15,4,0.005999999991414722
106,15,5,0.0059999999570027295
106,15,6,0.0059999999657145255
106,15,7,0.005999999967295569
106,15,8,0.00599999999638125
106,15,9,0.006
106,15,10,0.006
106,16,1,0.006
106,16,2,0.006
106,16,3,0.0059999999543956595
106,16,4,0.005999999937465712
106,16,5,0.006
106,16,6,0.006
106,16,7,0.006
106,16,8,0.005999999993521781
106,16,9,0.006
106,16,10,0.006
106,17,1,0.005999999979647153
106,17,2,0.005999999970324738
106,17,3,0.006
106,17,4,0.0059999999862104525
106,17,5,0.006
106,17,6,0.006
106,17,7,0.005999999972493348
106,17,8,0.005999999982916156
106,17,9,0.005999999953664711
106,17,10,0.006
106,18,1,0.006
106,18,2,0.006
106,18,3,0.005999999968718567
106,18,4,0.005999999943700483
106,18,5,0.005999999963271114
106,18,6,0.005999999988831491
106,18,7,0.005999999965841212
106,18,8,0.006
106,18,9,0.006
106,18,10,0.005999999951253584
106,19,1,0.00599999999137522
106,19,2,0.006
106,19,3,0.006
106,19,4,0.00599999999982162
106,19,5,0.0059999999370589
106,19,6,0.005999999984231199
106,19,7,0.005999999976807599
106,19,8,0.005999999995713847
106,19,9,0.005999999982992373
106,19,10,0.006
106,20,1,0.006
106,20,2,0.006
106,20,3,0.006
106,20,4,0.005999999990258524
106,20,5,0.006
106,20,6,0.006
106,20,7,0.00599999994206486
106,20,8,0.005999999978480255
106,20,9,0.006
106,20,10,0.005999999958898318
106,21,1,0.005999999948491672
106,21,2,0.005999999970890057
106,21,3,0.005999999976255871
106,21,4,0.005999999997562929
106,21,5,0.006
106,21,6,0.006
106,21,7,0.005999999990940013
106,21,8,0.005999999997091966
106,21,9,0.00599999998615259
106,21,10,0.005999999969733484
106,22,1,0.005999999963083243
106,22,2,0.005999999986637722
106,22,3,0.006
106,22,4,0.0059999999746673405
106,22,5,0.005999999940744326
106,22,6,0.0059999999724817486
106,22,7,0.006
106,22,8,0.006
106,22,9,0.005999999961827481
106,22,10,0.006
106,23,1,0.005999999962196317
106,23,2,0.006
106,23,3,0.005999999948240926
106,23,4,0.005999999999040075
106,23,5,0.006
106,23,6,0.006
106,23,7,0.005999999986001424
106,23,8,0.005999999975365877
106,23,9,0.005999999983609182
106,23,10,0.006
106,24,1,0.005999999991149904
106,24,2,0.005999999983085118
106,24,3,0.005999999991151185
106,24,4,0.005999999931789672
106,24,5,0.0059999999519813755
106,24,6,0.006
106,24,7,0.006
106,24,8,0.005999999892990073
106,24,9,0.006
106,24,10,0.0059999999755853545
108,1,1,0.04499999982718487
108,1,2,0.04499999993152004
108,1,3,0.044999999537973366
108,1,4,0.045
108,1,5,0.04499999964355009
108,1,6,0.04499999941864739
108,1,7,0.04499999968536078
108,1,8,0.045
108,1,9,0.045
108,1,10,0.0449999993953395
108,2,1,0.04499999927091426
108,2,2,0.045
108,2,3,0.045
108,2,4,0.045
108,2,5,0.04499999953942294
108,2,6,0.04499999980324479
108,2,7,0.045
108,2,8,0.045
108,2,9,0.04499999898826448
108,2,10,0.04499999874836338
108,3,1,0.045
108,3,2,0.045
108,3,3,0.045
108,3,4,0.045
108,3,5,0.045
108,3,6,0.04499999994822619
108,3,7,0.04499999904965674
108,3,8,0.04499999971310245
108,3,9,0.045
108,3,10,0.04499999994623126
108,4,1,0.045
108,4,2,0.04499999974851267
108,4,3,0.045
108,4,4,0.045
108,4,5,0.04499999977276016
108,4,6,0.045
108,4,7,0.044999999187700826
108,4,8,0.045
108,4,9,0.044999999428370366
108,4,10,0.045
108,5,1,0.045
108,5,2,0.045
108,5,3,0.04499999994347154
108,5,4,0.045
108,5,5,0.045
108,5,6,0.04499999949911985
108,5,7,0.045
108,5,8,0.045
108,5,9,0.04499999980359915
108,5,10,0.044999998793469644
108,6,1,0.044999999963335896
108,6,2,0.045
108,6,3,0.045
108,6,4,0.045
108,6,5,0.045
108,6,6,0.04499999857324562
108,6,7,0.04499999893905748
108,6,8,0.044999999963349635
108,6,9,0.044999998511089406
108,6,10,0.045
108,7,1,0.04499999996380942
108,7,2,0.04499999854774861
108,7,3,0.045
108,7,4,0.045
108,7,5,0.04499999901332781
108,7,6,0.044999999792127224
108,7,7,0.0449999991984856
108,7,8,0.04499999913103869
108,7,9,0.04499999961541612
108,7,10,0.045
108,8,1,0.045
108,8,2,0.04499999957992823
108,8,3,0.045
108,8,4,0.044999999824609116
108,8,5,0.045
108,8,6,0.044999999439361574
108,8,7,0.044999999700689686
108,8,8,0.044999999992279216
108,8,9,0.045
108,8,10,0.044999998492610604
108,9,1,0.045
108,9,2,0.045
108,9,3,0.04499999978259628
108,9,4,0.045
108,9,5,0.045
108,9,6,0.04499999968685009
108,9,7,0.045
108,9,8,0.045
108,9,9,0.045
108,9,10,0.0449999989004346
108,10,1,0.04499999951686349
108,10,2,0.04499999992264514
108,10,3,0.045
108,10,4,0.04499999901419091
108,10,5,0.04499999980014039
108,10,6,0.045
108,10,7,0.045
108,10,8,0.045
108,10,9,0.045
108,10,10,0.0449999994324989
108,11,1,0.045
108,11,2,0.045
108,11,3,0.044999999965043704
108,11,4,0.04499999952686002
108,11,5,0.044999999693591225
108,11,6,0.044999999924804246
108,11,7,0.045
108,11,8,0.04499999975965399
108,11,9,0.0449999992990542
108,11,10,0.045
108,12,1,0.0449999989744328
108,12,2,0.04499999987076402
108,12,3,0.045
108,12,4,0.044999998624869406
108,12,5,0.04499999988956127
108,12,6,0.04499999995352483
108,12,7,0.04499999892783496
108,12,8,0.04499999969855595
108,12,9,0.04499999931134535
108,12,10,0.045
108,13,1,0.045
108,13,2,0.045
108,13,3,0.04499999975842589
108,13,4,0.04499999922191722
108,13,5,0.044999999874322016
108,13,6,0.04499999977432381
108,13,7,0.045
108,13,8,0.045
108,13,9,0.04499999950207839
108,13,10,0.044999999358584675
108,14,1,0.044999999359066234
108,14,2,0.04499999968787849
108,14,3,0.0449999999764259
108,14,4,0.04499999937237219
108,14,5,0.044999999146781045
108,14,6,0.044999999944386415
108,14,7,0.04499999959278603
108,14,8,0.044999999982065
108,14,9,0.044999998896498916
108,14,10,0.045
108,15,1,0.045
108,15,2,0.044999999681534314
108,15,3,0.045
108,15,4,0.045
108,15,5,0.044999999995314593
108,15,6,0.045
108,15,7,0.045
108,15,8,0.044999999395349904
108,15,9,0.044999998564041264
108,15,10,0.04499999934747473
108,16,1,0.045
108,16,2,0.045
108,16,3,0.045
108,16,4,0.04499999972982883
108,16,5,0.04499999932243665
108,16,6,0.044999999881860854
108,16,7,0.045
108,16,8,0.045
108,16,9,0.045
108,16,10,0.04499999942167801
108,17,1,0.045
108,17,2,0.045
108,17,3,0.045
108,17,4,0.04499999951658981
108,17,5,0.045
108,17,6,0.045
108,17,7,0.044999999216963085
108,17,8,0.04499999945009929
108,17,9,0.045
108,17,10,0.044999999849587705
108,18,1,0.04499999966420427
108,18,2,0.04499999945543258
108,18,3,0.045
108,18,4,0.04499999849481115
108,18,5,0.045
108,18,6,0.045
108,18,7,0.045
108,18,8,0.04499999936756133
108,18,9,0.045
108,18,10,0.04499999939578854
108,19,1,0.0449999999132223
108,19,2,0.045
108,19,3,0.044999999195435805
108,19,4,0.045
108,19,5,0.045
108,19,6,0.04499999956968171
108,19,7,0.044999998015310995
108,19,8,0.045
108,19,9,0.044999999668547216
108,19,10,0.045
108,20,1,0.04499999987213223
108,20,2,0.04499999994870707
108,20,3,0.04499999914626018
108,20,4,0.04499999991171666
108,20,5,0.04499999981098157
108,20,6,0.045
108,20,7,0.04499999917251962
108,20,8,0.0449999995265037
108,20,9,0.045
108,20,10,0.045
108,21,1,0.04499999904433796
108,21,2,0.044999999352809544
108,21,3,0.044999999283941425
108,21,4,0.045
108,21,5,0.044999999672149585
108,21,6,0.045
108,21,7,0.045
108,21,8,0.045
108,21,9,0.045
108,21,10,0.04499999864372048
108,22,1,0.04499999917289271
108,22,2,0.04499999969129942
108,22,3,0.045
108,22,4,0.045
108,22,5,0.04499999987163965
108,22,6,0.04499999973083684
108,22,7,0.045
108,22,8,0.044999999232114146
108,22,9,0.045
108,22,10,0.044999999909631716
108,23,1,0.045
108,23,2,0.045
108,23,3,0.045
108,23,4,0.044999999693793716
108,23,5,0.045
108,23,6,0.044999999758815676
108,23,7,0.045
108,23,8,0.045
108,23,9,0.045
108,23,10,0.04499999946831679
108,24,1,0.045
108,24,2,0.044999999521048495
108,24,3,0.04499999961537848
108,24,4,0.044999999207240904
108,24,5,0.04499999934788135
108,24,6,0.04499999983390379
108,24,7,0.04499999745917338
108,24,8,0.04499999851254552
108,24,9,0.044999999240706634
108,24,10,0.044999999379869204
109,1,1,0.006
109,1,2,0.00599999995497133
109,1,3,0.006
109,1,4,0.0059999999840631285
109,1,5,0.006
109,1,6,0.006
109,1,7,0.006
109,1,8,0.005999999978821613
109,1,9,0.005999999969109972
109,1,10,0.0059999999761415485
109,2,1,0.005999999997288077
109,2,2,0.006
109,2,3,0.006
109,2,4,0.005999999988247892
109,2,5,0.005999999994009464
109,2,6,0.006
109,2,7,0.006
109,2,8,0.005999999996192329
109,2,9,0.005999999944950138
109,2,10,0.006
109,3,1,0.0059999999658864045
109,3,2,0.006
109,3,3,0.005999999947567301
109,3,4,0.005999999967139347
109,3,5,0.005999999967084446
109,3,6,0.005999999953659553
109,3,7,0.005999999990540447
109,3,8,0.005999999971338099
109,3,9,0.005999999998960545
109,3,10,0.005999999980399712
109,4,1,0.006
109,4,2,0.005999999999972999
109,4,3,0.005999999977150179
109,4,4,0.00599999999333814
109,4,5,0.006
109,4,6,0.005999999982136198
109,4,7,0.006
109,4,8,0.005999999994262761
109,4,9,0.005999999936332379
109,4,10,0.005999999986262314
109,5,1,0.005999999970291742
109,5,2,0.006
109,5,3,0.006
109,5,4,0.005999999998035549
109,5,5,0.006
109,5,6,0.005999999990477019
109,5,7,0.005999999998441932
109,5,8,0.005999999962758851
109,5,9,0.005999999966273706
109,5,10,0.005999999979065487
109,6,1,0.006
109,6,2,0.006
109,6,3,0.005999999959272223
109,6,4,0.006
109,6,5,0.00599999998553917
109,6,6,0.006
109,6,7,0.005999999991681285
109,6,8,0.006
109,6,9,0.006
109,6,10,0.006
109,7,1,0.006
109,7,2,0.006
109,7,3,0.0059999999584967045
109,7,4,0.006
109,7,5,0.005999999991662938
109,7,6,0.006
109,7,7,0.006
109,7,8,0.00599999998464229
109,7,9,0.005999999997377006
109,7,10,0.005999999995681973
109,8,1,0.006
109,8,2,0.006
109,8,3,0.0059999999214447805
109,8,4,0.006
109,8,5,0.006
109,8,6,0.006
109,8,7,0.006
109,8,8,0.005999999996147365
109,8,9,0.006
109,8,10,0.005999999977054693
109,9,1,0.006
109,9,2,0.005999999999457772
109,9,3,0.006
109,9,4,0.005999999945446852
109,9,5,0.005999999971005726
109,9,6,0.006
109,9,7,0.0059999999643757795
109,9,8,0.005999999997430561
109,9,9,0.0059999999534688375
109,9,10,0.005999999986276039
109,10,1,0.006
109,10,2,0.006
109,10,3,0.0059999999930130735
109,10,4,0.0059999999962222494
109,10,5,0.005999999959115848
109,10,6,0.0059999999804458
109,10,7,0.006
109,10,8,0.005999999989244775
109,10,9,0.005999999929221733
109,10,10,0.0059999999745548455
109,11,1,0.005999999946594555
109,11,2,0.005999999989152849
109,11,3,0.006
109,11,4,0.005999999991242365
109,11,5,0.006
109,11,6,0.005999999992941707
109,11,7,0.006
109,11,8,0.006
109,11,9,0.005999999952139123
109,11,10,0.00599999998499276
109,12,1,0.006
109,12,2,0.005999999994519917
109,12,3,0.005999999982080506
109,12,4,0.006
109,12,5,0.006
109,12,6,0.005999999986074242
109,12,7,0.006
109,12,8,0.0059999999928943
109,12,9,0.006
109,12,10,0.00599999999816811
109,13,1,0.0059999999446861026
109,13,2,0.006
109,13,3,0.006
109,13,4,0.006
109,13,5,0.006
109,13,6,0.006
109,13,7,0.005999999983899884
109,13,8,0.0059999999755046
109,13,9,0.006
109,13,10,0.006
109,14,1,0.006
109,14,2,0.005999999972520015
109,14,3,0.005999999934226834
109,14,4,0.006
109,14,5,0.006
109,14,6,0.0059999999795448886
109,14,7,0.006
109,14,8,0.006
109,14,9,0.005999999987562732
109,14,10,0.006
109,15,1,0.005999999972040479
109,15,2,0.005999999988976379
109,15,3,0.006
109,15,4,0.005999999969111179
109,15,5,0.005999999996007907
109,15,6,0.005999999913259703
109,15,7,0.006
109,15,8,0.006
109,15,9,0.006
109,15,10,0.00599999995962984
109,16,1,0.0059999999428961654
109,16,2,0.005999999956973062
109,16,3,0.005999999979828981
109,16,4,0.005999999969884942
109,16,5,0.005999999988006183
109,16,6,0.005999999977624786
109,16,7,0.006
109,16,8,0.00599999997455114
109,16,9,0.0059999999551604705
109,16,10,0.005999999989550364
109,17,1,0.005999999992857812
109,17,2,0.005999999978158893
109,17,3,0.005999999996678634
109,17,4,0.005999999947740801
109,17,5,0.0059999999628182615
109,17,6,0.00599999993158663
109,17,7,0.005999999972432682
109,17,8,0.006
109,17,9,0.005999999994180452
109,17,10,0.005999999962801747
109,18,1,0.0059999999969849605
109,18,2,0.005999999997253869
109,18,3,0.005999999980503462
109,18,4,0.006
109,18,5,0.005999999974448986
109,18,6,0.006
109,18,7,0.005999999954173857
109,18,8,0.005999999966176617
109,18,9,0.005999999958032173
109,18,10,0.005999999964152569
109,19,1,0.005999999966041078
109,19,2,0.006
109,19,3,0.005999999969263564
109,19,4,0.005999999993889775
109,19,5,0.006
109,19,6,0.006
109,19,7,0.00599999997580182
109,19,8,0.006
109,19,9,0.0059999999519191605
109,19,10,0.006
109,20,1,0.005999999995611417
109,20,2,0.005999999973299919
109,20,3,0.0059999999738841875
109,20,4,0.005999999976025697
109,20,5,0.006
109,20,6,0.005999999951220553
109,20,7,0.006
109,20,8,0.005999999998006128
109,20,9,0.005999999997331515
109,20,10,0.00599999995980631
109,21,1,0.005999999982673955
109,21,2,0.005999999976986525
109,21,3,0.006
109,21,4,0.005999999999418505
109,21,5,0.005999999998021782
109,21,6,0.005999999983977433
109,21,7,0.006
109,21,8,0.005999999981085746
109,21,9,0.005999999999092134
109,21,10,0.006
109,22,1,0.006
109,22,2,0.0059999999761931044
109,22,3,0.005999999991598823
109,22,4,0.0059999999662804365
109,22,5,0.0059999999300947016
109,22,6,0.005999999999429351
109,22,7,0.0059999999890869155
109,22,8,0.005999999988426985
109,22,9,0.0059999999987227284
109,22,10,0.005999999983516843
109,23,1,0.005999999960062268
109,23,2,0.005999999965107
109,23,3,0.005999999947650825
109,23,4,0.006
109,23,5,0.006
109,23,6,0.005999999994346278
109,23,7,0.0059999999860949615
109,23,8,0.005999999975482562
109,23,9,0.005999999951058238
109,23,10,0.005999999939703002
109,24,1,0.005999999910230928
109,24,2,0.005999999980283027
109,24,3,0.005999999980771345
109,24,4,0.005999999995735243
109,24,5,0.005999999976292081
109,24,6,0.005999999988418006
109,24,7,0.005999999974432513
109,24,8,0.005999999984340421
109,24,9,0.005999999953073126
109,24,10,0.0059999999822054895
110,1,1,0.006
110,1,2,0.005999999984799886
110,1,3,0.005999999923424176
110,1,4,0.006
110,1,5,0.005999999998909072
110,1,6,0.005999999908122694
110,1,7,0.006
110,1,8,0.006
110,1,9,0.005999999926208206
110,1,10,0.006
110,2,1,0.006
110,2,2,0.005999999978411885
110,2,3,0.005999999996957203
110,2,4,0.006
110,2,5,0.006
110,2,6,0.006
110,2,7,0.0059999999999591075
110,2,8,0.005999999999118877
110,2,9,0.005999999997107083
110,2,10,0.005999999931313879
110,3,1,0.006
110,3,2,0.0059999999916576785
110,3,3,0.006
110,3,4,0.005999999953506752
110,3,5,0.006
110,3,6,0.006
110,3,7,0.00599999996263216
110,3,8,0.005999999976939285
110,3,9,0.0059999999953955704
110,3,10,0.005999999947011114
110,4,1,0.005999999977860979
110,4,2,0.006
110,4,3,0.006
110,4,4,0.006
110,4,5,0.00599999993268302
110,4,6,0.006
110,4,7,0.0059999999537962145
110,4,8,0.005999999958792024
110,4,9,0.005999999987171253
110,4,10,0.0059999999948166655
110,5,1,0.00599999997844422
110,5,2,0.005999999938921391
110,5,3,0.005999999997535775
110,5,4,0.006
110,5,5,0.006
110,5,6,0.006
110,5,7,0.0059999999511741176
110,5,8,0.006
110,5,9,0.006
110,5,10,0.006
110,6,1,0.006
110,6,2,0.005999999898793074
110,6,3,0.006
110,6,4,0.005999999988377185
110,6,5,0.006
110,6,6,0.005999999989731414
110,6,7,0.006
110,6,8,0.005999999964108049
110,6,9,0.005999999952188105
110,6,10,0.005999999950403831
110,7,1,0.005999999990880266
110,7,2,0.005999999970904543
110,7,3,0.006
110,7,4,0.005999999962518987
110,7,5,0.005999999952309154
110,7,6,0.005999999988777413
110,7,7,0.006
110,7,8,0.0059999999841955365
110,7,9,0.006
110,7,10,0.005999999983417992
110,8,1,0.006
110,8,2,0.00599999997407788
110,8,3,0.006
110,8,4,0.005999999951017777
110,8,5,0.00599999995123085
110,8,6,0.005999999992634439
110,8,7,0.005999999950011964
110,8,8,0.00599999995577799
110,8,9,0.006
110,8,10,0.005999999978361412
110,9,1,0.005999999942868622
110,9,2,0.006
110,9,3,0.00599999995547415
110,9,4,0.006
110,9,5,0.006
110,9,6,0.00599999997576546
110,9,7,0.005999999958630875
110,9,8,0.005999999995902894
110,9,9,0.006
110,9,10,0.006
110,10,1,0.005999999911943409
110,10,2,0.005999999931721622
110,10,3,0.005999999990592808
110,10,4,0.006
110,10,5,0.006
110,10,6,0.005999999904543307
110,10,7,0.00599999996800743
110,10,8,0.005999999983721527
110,10,9,0.006
110,10,10,0.005999999951767657
110,11,1,0.006
110,11,2,0.005999999970594777
110,11,3,0.00599999998090938
110,11,4,0.006
110,11,5,0.0059999999661388415
110,11,6,0.005999999954838353
110,11,7,0.0059999999872374365
110,11,8,0.005999999986536664
110,11,9,0.00599999997068746
110,11,10,0.006
110,12,1,0.005999999981639626
110,12,2,0.005999999988360705
110,12,3,0.006
110,12,4,0.005999999997825793
110,12,5,0.005999999992226418
110,12,6,0.005999999949566917
110,12,7,0.005999999996787769
110,12,8,0.005999999959994673
110,12,9,0.005999999908011512
110,12,10,0.005999999983979418
110,13,1,0.005999999993432674
110,13,2,0.005999999995587507
110,13,3,0.0059999999073928195
110,13,4,0.005999999976825959
110,13,5,0.005999999972644193
110,13,6,0.006
110,13,7,0.006
110,13,8,0.006
110,13,9,0.0059999999326263015
110,13,10,0.0059999999841284235
110,14,1,0.006
110,14,2,0.005999999999806355
110,14,3,0.005999999996626704
110,14,4,0.005999999920793468
110,14,5,0.006
110,14,6,0.006
110,14,7,0.0059999999308177066
110,14,8,0.006
110,14,9,0.006
110,14,10,0.006
110,15,1,0.005999999982546605
110,15,2,0.005999999990363519
110,15,3,0.005999999927514044
110,15,4,0.006
110,15,5,0.005999999988859625
110,15,6,0.005999999992657441
110,15,7,0.006
110,15,8,0.006
110,15,9,0.006
110,15,10,0.006
110,16,1,0.00599999999970476
110,16,2,0.006
110,16,3,0.005999999967396322
110,16,4,0.005999999909863808
110,16,5,0.005999999960058233
110,16,6,0.006
110,16,7,0.005999999931417879
110,16,8,0.006
110,16,9,0.005999999971089305
110,16,10,0.005999999971732561
110,17,1,0.005999999930674834
110,17,2,0.006
110,17,3,0.006
110,17,4,0.006
110,17,5,0.0059999999850472024
110,17,6,0.006
110,17,7,0.006
110,17,8,0.006
110,17,9,0.006
110,17,10,0.005999999977611747
110,18,1,0.005999999968918621
110,18,2,0.006
110,18,3,0.005999999964630062
110,18,4,0.0059999999813490495
110,18,5,0.006
110,18,6,0.005999999960237222
110,18,7,0.005999999992590169
110,18,8,0.006
110,18,9,0.006
110,18,10,0.006
110,19,1,0.005999999987460666
110,19,2,0.0059999999848238394
110,19,3,0.006
110,19,4,0.0059999999837373336
110,19,5,0.005999999993649599
110,19,6,0.005999999953754422
110,19,7,0.00599999997263187
110,19,8,0.0059999999930766545
110,19,9,0.006
110,19,10,0.0059999999527803605
110,20,1,0.005999999974281273
110,20,2,0.006
110,20,3,0.006
110,20,4,0.006
110,20,5,0.006
110,20,6,0.005999999960842078
110,20,7,0.005999999974745332
110,20,8,0.0059999999951748095
110,20,9,0.005999999982777893
110,20,10,0.006
110,21,1,0.006
110,21,2,0.006
110,21,3,0.005999999948157905
110,21,4,0.005999999955534449
110,21,5,0.006
110,21,6,0.006
110,21,7,0.005999999958185523
110,21,8,0.00599999999240064
110,21,9,0.005999999998116817
110,21,10,0.005999999942381706
110,22,1,0.005999999929385165
110,22,2,0.006
110,22,3,0.005999999976207537
110,22,4,0.006
110,22,5,0.005999999989616492
110,22,6,0.006
110,22,7,0.0059999999380866975
110,22,8,0.00599999999144879
110,22,9,0.00599999998233712
110,22,10,0.006
110,23,1,0.006
110,23,2,0.006
110,23,3,0.006
110,23,4,0.005999999966832724
110,23,5,0.005999999973811149
110,23,6,0.006
110,23,7,0.005999999981467052
110,23,8,0.005999999997750305
110,23,9,0.006
110,23,10,0.006
110,24,1,0.006
110,24,2,0.0059999999645234114
110,24,3,0.005999999975199358
110,24,4,0.005999999928105383
110,24,5,0.005999999975832004
110,24,6,0.005999999985247612
110,24,7,0.006
110,24,8,0.006
110,24,9,0.006
110,24,10,0.006
112,1,1,0.0059999999846400975
112,1,2,0.005999999983684001
112,1,3,0.006
112,1,4,0.006
112,1,5,0.005999999975330378
112,1,6,0.006
112,1,7,0.005999999995838737
112,1,8,0.005999999980953963
112,1,9,0.005999999931314809
112,1,10,0.005999999985882978
112,2,1,0.005999999927647756
112,2,2,0.00599999998705858
112,2,3,0.005999999951822654
112,2,4,0.0059999999642708635
112,2,5,0.00599999995078597
112,2,6,0.005999999979301257
112,2,7,0.006
112,2,8,0.006
112,2,9,0.006
112,2,10,0.006
112,3,1,0.005999999999534836
112,3,2,0.005999999975575682
112,3,3,0.00599999999991363
112,3,4,0.006
112,3,5,0.005999999954120011
112,3,6,0.005999999981882678
112,3,7,0.006
112,3,8,0.006
112,3,9,0.00599999998295532
112,3,10,0.005999999968613973
112,4,1,0.005999999979559301
112,4,2,0.005999999990617483
112,4,3,0.0059999999539883525
112,4,4,0.005999999952000595
112,4,5,0.005999999975757578
112,4,6,0.005999999974828155
112,4,7,0.005999999972170239
112,4,8,0.00599999999117351
112,4,9,0.006
112,4,10,0.0059999999805882415
112,5,1,0.005999999948043094
112,5,2,0.006
112,5,3,0.005999999960545441
112,5,4,0.005999999988254262
112,5,5,0.005999999992007232
112,5,6,0.006
112,5,7,0.006
112,5,8,0.006
112,5,9,0.00599999994279421
112,5,10,0.0059999999647053215
112,6,1,0.00599999998562227
112,6,2,0.006
112,6,3,0.005999999962308072
112,6,4,0.005999999964521781
112,6,5,0.005999999987579371
112,6,6,0.005999999968363701
112,6,7,0.005999999937779471
112,6,8,0.005999999987954752
112,6,9,0.006
112,6,10,0.006
112,7,1,0.0059999999727008285
112,7,2,0.0059999999721908615
112,7,3,0.005999999939040532
112,7,4,0.006
112,7,5,0.005999999955858343
112,7,6,0.005999999966819464
112,7,7,0.005999999958109167
112,7,8,0.006
112,7,9,0.0059999999753574534
112,7,10,0.00599999998963302
112,8,1,0.005999999923537863
112,8,2,0.005999999990396382
112,8,3,0.006
112,8,4,0.006
112,8,5,0.006
112,8,6,0.006
112,8,7,0.005999999989026561
112,8,8,0.005999999988171856
112,8,9,0.005999999946400984
112,8,10,0.005999999975949688
112,9,1,0.006
112,9,2,0.006
112,9,3,0.005999999962976774
112,9,4,0.0059999999896365105
112,9,5,0.005999999950951573
112,9,6,0.006
112,9,7,0.006
112,9,8,0.005999999995604299
112,9,9,0.006
112,9,10,0.005999999994635574
112,10,1,0.005999999995425116
112,10,2,0.005999999997684163
112,10,3,0.005999999988121785
112,10,4,0.005999999975833961
112,10,5,0.005999999994616839
112,10,6,0.005999999992417182
112,10,7,0.006
112,10,8,0.0059999999682882055
112,10,9,0.006
112,10,10,0.006
112,11,1,0.005999999978052489
112,11,2,0.0059999999877611565
112,11,3,0.006
112,11,4,0.0059999999534808
112,11,5,0.005999999993269639
112,11,6,0.00599999999129501
112,11,7,0.006
112,11,8,0.005999999985762394
112,11,9,0.006
112,11,10,0.005999999994282579
112,12,1,0.005999999983470002
112,12,2,0.005999999995857319
112,12,3,0.006
112,12,4,0.006
112,12,5,0.006
112,12,6,0.005999999964367619
112,12,7,0.005999999961790958
112,12,8,0.0059999999926181324
112,12,9,0.006
112,12,10,0.006
112,13,1,0.005999999997892254
112,13,2,0.0059999999871883924
112,13,3,0.00599999999367741
112,13,4,0.006
112,13,5,0.005999999941403239
112,13,6,0.005999999941145737
112,13,7,0.005999999962688324
112,13,8,0.005999999993927363
112,13,9,0.005999999978652901
112,13,10,0.005999999961395386
112,14,1,0.005999999954248991
112,14,2,0.006
112,14,3,0.006
112,14,4,0.006
112,14,5,0.005999999994594191
112,14,6,0.005999999936447328
112,14,7,0.006
112,14,8,0.005999999995815852
112,14,9,0.00599999999708932
112,14,10,0.006
112,15,1,0.005999999991400579
112,15,2,0.005999999982432946
112,15,3,0.006
112,15,4,0.005999999931815311
112,15,5,0.005999999998349076
112,15,6,0.005999999998108338
112,15,7,0.005999999977388093
112,15,8,0.005999999993138272
112,15,9,0.0059999999294129275
112,15,10,0.005999999989778626
112,16,1,0.005999999950488298
112,16,2,0.005999999974957926
112,16,3,0.005999999987579829
112,16,4,0.006
112,16,5,0.006
112,16,6,0.006
112,16,7,0.00599999999331316
112,16,8,0.005999999991328886
112,16,9,0.006
112,16,10,0.00599999998244885
112,17,1,0.006
112,17,2,0.006
112,17,3,0.005999999949439921
112,17,4,0.005999999990379215
112,17,5,0.006
112,17,6,0.006
112,17,7,0.0059999999585487185
112,17,8,0.005999999953365809
112,17,9,0.0059999999593589315
112,17,10,0.005999999995321276
112,18,1,0.005999999996948516
112,18,2,0.00599999997679565
112,18,3,0.006
112,18,4,0.005999999985863147
112,18,5,0.006
112,18,6,0.006
112,18,7,0.005999999964158814
112,18,8,0.006
112,18,9,0.005999999978011289
112,18,10,0.0059999999861445885
112,19,1,0.005999999979548493
112,19,2,0.006
112,19,3,0.006
112,19,4,0.005999999985907209
112,19,5,0.005999999964427627
112,19,6,0.006
112,19,7,0.006
112,19,8,0.00599999996933645
112,19,9,0.005999999959481611
112,19,10,0.006
112,20,1,0.005999999972043139
112,20,2,0.006
112,20,3,0.0059999999263136705
112,20,4,0.005999999982493093
112,20,5,0.00599999995141029
112,20,6,0.0059999999910116675
112,20,7,0.005999999996929725
112,20,8,0.005999999975694337
112,20,9,0.005999999979677831
112,20,10,0.006
112,21,1,0.005999999974521712
112,21,2,0.005999999999843575
112,21,3,0.005999999984643081
112,21,4,0.005999999942383094
112,21,5,0.0059999999861117675
112,21,6,0.006
112,21,7,0.006
112,21,8,0.0059999999848325825
112,21,9,0.00599999997657974
112,21,10,0.005999999980040777
112,22,1,0.006
112,22,2,0.00599999997167916
112,22,3,0.005999999998430136
112,22,4,0.0059999999801932935
112,22,5,0.006
112,22,6,0.005999999991556398
112,22,7,0.0059999999931771575
112,22,8,0.005999999986313176
112,22,9,0.005999999973630793
112,22,10,0.005999999988855503
112,23,1,0.005999999996381726
112,23,2,0.006
112,23,3,0.005999999946272427
112,23,4,0.006
112,23,5,0.005999999958722496
112,23,6,0.005999999928931077
112,23,7,0.005999999993787225
112,23,8,0.00599999998058609
112,23,9,0.006
112,23,10,0.0059999999497675205
112,24,1,0.00599999997787358
112,24,2,0.005999999994014571
112,24,3,0.005999999978652179
112,24,4,0.006
112,24,5,0.006
112,24,6,0.005999999967852401
112,24,7,0.005999999960934643
112,24,8,0.0059999999763181155
112,24,9,0.006
112,24,10,0.006
113,1,1,0.005999999981774445
113,1,2,0.0059999999640330814
113,1,3,0.005999999999915184
113,1,4,0.005999999941218956
113,1,5,0.006
113,1,6,0.005999999963240854
113,1,7,0.005999999960837332
113,1,8,0.006
113,1,9,0.006
113,1,10,0.005999999998334768
113,2,1,0.006
113,2,2,0.005999999994647648
113,2,3,0.006
113,2,4,0.006
113,2,5,0.006
113,2,6,0.005999999952656779
113,2,7,0.005999999945629983
113,2,8,0.005999999976509407
113,2,9,0.005999999934536315
113,2,10,0.005999999999077521
113,3,1,0.005999999974650269
113,3,2,0.005999999967043257
113,3,3,0.005999999973959919
113,3,4,0.0059999999963112755
113,3,5,0.006
113,3,6,0.005999999963787639
113,3,7,0.006
113,3,8,0.00599999999185985
113,3,9,0.005999999981856893
113,3,10,0.005999999996941799
113,4,1,0.006
113,4,2,0.005999999981510101
113,4,3,0.006
113,4,4,0.005999999998254374
113,4,5,0.006
113,4,6,0.006
113,4,7,0.005999999981755849
113,4,8,0.005999999991845417
113,4,9,0.005999999982256268
113,4,10,0.006
113,5,1,0.006
113,5,2,0.005999999979525772
113,5,3,0.005999999997960054
113,5,4,0.005999999994480337
113,5,5,0.005999999985429522
113,5,6,0.00599999994722579
113,5,7,0.005999999984504623
113,5,8,0.0059999999802531345
113,5,9,0.006
113,5,10,0.005999999975077705
113,6,1,0.005999999928791341
113,6,2,0.005999999925644595
113,6,3,0.0059999999903588425
113,6,4,0.006
113,6,5,0.005999999982775561
113,6,6,0.006
113,6,7,0.006
113,6,8,0.006
113,6,9,0.005999999985051421
113,6,10,0.005999999965625863
113,7,1,0.005999999978549747
113,7,2,0.006
113,7,3,0.006
113,7,4,0.005999999953370777
113,7,5,0.006
113,7,6,0.006
113,7,7,0.006
113,7,8,0.005999999981194326
113,7,9,0.005999999994607388
113,7,10,0.005999999959631019
113,8,1,0.006
113,8,2,0.005999999961189967
113,8,3,0.005999999973394371
113,8,4,0.005999999971441988
113,8,5,0.005999999938365613
113,8,6,0.005999999925673891
113,8,7,0.006
113,8,8,0.005999999994565075
113,8,9,0.005999999987963037
113,8,10,0.006
113,9,1,0.00599999997933285
113,9,2,0.005999999941646433
113,9,3,0.006
113,9,4,0.0059999999683574
113,9,5,0.006
113,9,6,0.005999999980428911
113,9,7,0.005999999987851085
113,9,8,0.0059999999891540146
113,9,9,0.00599999996516537
113,9,10,0.00599999996936848
113,10,1,0.0059999999899201725
113,10,2,0.005999999988486326
113,10,3,0.005999999982832446
113,10,4,0.005999999977125248
113,10,5,0.005999999990053129
113,10,6,0.006
113,10,7,0.005999999975351167
113,10,8,0.006
113,10,9,0.005999999977623391
113,10,10,0.005999999972552017
113,11,1,0.006
113,11,2,0.005999999993733768
113,11,3,0.005999999963383046
113,11,4,0.006
113,11,5,0.006
113,11,6,0.0059999999727837205
113,11,7,0.0059999999762319345
113,11,8,0.006
113,11,9,0.006
113,11,10,0.005999999957474134
113,12,1,0.006
113,12,2,0.005999999974535708
113,12,3,0.005999999967642028
113,12,4,0.005999999978574824
113,12,5,0.005999999990356025
113,12,6,0.006
113,12,7,0.005999999989753757
113,12,8,0.0059999999930538395
113,12,9,0.006
113,12,10,0.005999999953053947
113,13,1,0.0059999999664251576
113,13,2,0.006
113,13,3,0.005999999983383741
113,13,4,0.005999999983124532
113,13,5,0.006
113,13,6,0.0059999999788293845
113,13,7,0.005999999972771092
113,13,8,0.005999999987690241
113,13,9,0.006
113,13,10,0.006
113,14,1,0.006
113,14,2,0.0059999999739892285
113,14,3,0.005999999987815904
113,14,4,0.005999999982756882
113,14,5,0.005999999978987036
113,14,6,0.006
113,14,7,0.005999999995485533
113,14,8,0.005999999971196435
113,14,9,0.005999999973104575
113,14,10,0.005999999973429981
113,15,1,0.006
113,15,2,0.006
113,15,3,0.005999999971261147
113,15,4,0.006
113,15,5,0.005999999988075322
113,15,6,0.005999999973675729
113,15,7,0.005999999978818948
113,15,8,0.005999999983997195
113,15,9,0.006
113,15,10,0.006
113,16,1,0.006
113,16,2,0.005999999996444433
113,16,3,0.005999999990497801
113,16,4,0.00599999997238862
113,16,5,0.006
113,16,6,0.006
113,16,7,0.006
113,16,8,0.0059999999952022876
113,16,9,0.005999999985456431
113,16,10,0.006
113,17,1,0.005999999965560464
113,17,2,0.005999999974649423
113,17,3,0.006
113,17,4,0.006
113,17,5,0.005999999972350734
113,17,6,0.0059999999726304334
113,17,7,0.00599999997488837
113,17,8,0.006
113,17,9,0.006
113,17,10,0.005999999988575144
113,18,1,0.005999999983506657
113,18,2,0.006
113,18,3,0.006
113,18,4,0.005999999988633514
113,18,5,0.005999999996994715
113,18,6,0.0059999999392782305
113,18,7,0.006
113,18,8,0.006
113,18,9,0.005999999939516915
113,18,10,0.006
113,19,1,0.006
113,19,2,0.005999999931134425
113,19,3,0.0059999999625327816
113,19,4,0.0059999999861724135
113,19,5,0.006
113,19,6,0.00599999996164155
113,19,7,0.005999999976444584
113,19,8,0.006
113,19,9,0.006
113,19,10,0.005999999997915451
113,20,1,0.0059999999927096564
113,20,2,0.0059999999808674764
113,20,3,0.006
113,20,4,0.006
113,20,5,0.006
113,20,6,0.006
113,20,7,0.006
113,20,8,0.005999999984776239
113,20,9,0.005999999996021882
113,20,10,0.006
113,21,1,0.005999999973427997
113,21,2,0.005999999990188437
113,21,3,0.006
113,21,4,0.006
113,21,5,0.006
113,21,6,0.005999999992308991
113,21,7,0.00599999999865769
113,21,8,0.005999999991257665
113,21,9,0.005999999965346531
113,21,10,0.005999999993416022
113,22,1,0.005999999968265467
113,22,2,0.006
113,22,3,0.005999999990496996
113,22,4,0.005999999966631586
113,22,5,0.005999999971693676
113,22,6,0.005999999969731107
113,22,7,0.005999999981118276
113,22,8,0.0059999999794838055
113,22,9,0.006
113,22,10,0.005999999996954997
113,23,1,0.005999999959961498
113,23,2,0.005999999996554373
113,23,3,0.006
113,23,4,0.0059999999377712415
113,23,5,0.006
113,23,6,0.006
113,23,7,0.0059999999787632985
113,23,8,0.006
113,23,9,0.005999999943860593
113,23,10,0.006
113,24,1,0.006
113,24,2,0.006
113,24,3,0.006
113,24,4,0.005999999980983911
113,24,5,0.005999999946253137
113,24,6,0.006
113,24,7,0.005999999985459609
113,24,8,0.006
113,24,9,0.005999999967285119
113,24,10,0.006
135,1,1,0.04199999998965453
135,1,2,0.041999999990348307
135,1,3,0.04199999998967311
135,1,4,0.04199999998963952
135,1,5,0.041999999989606004
135,1,6,0.04199999998959455
135,1,7,0.041999999989916284
135,1,8,0.04199999999157537
135,1,9,0.04199999998951349
135,1,10,0.041999999990109275
135,2,1,0.04199999998964812
135,2,2,0.041999999990337246
135,2,3,0.04199999998965644
135,2,4,0.041999999989623595
135,2,5,0.041999999989599454
135,2,6,0.04199999998958884
135,2,7,0.0419999999899015
135,2,8,0.04199999999157004
135,2,9,0.04199999998950905
135,2,10,0.04199999999010089
135,3,1,0.041999999989636945
135,3,2,0.04199999999034133
135,3,3,0.04199999998966428
135,3,4,0.041999999989634225
135,3,5,0.041999999989580164
135,3,6,0.04199999998957678
135,3,7,0.04199999998990549
135,3,8,0.04199999999156652
135,3,9,0.04199999998951552
135,3,10,0.04199999999010704
135,4,1,0.041999999989650885
135,4,2,0.041999999990333145
135,4,3,0.04199999998965767
135,4,4,0.041999999989624774
135,4,5,0.041999999989581545
135,4,6,0.04199999998958415
135,4,7,0.04199999998991035
135,4,8,0.04199999999156989
135,4,9,0.04199999998950336
135,4,10,0.04199999999009746
135,5,1,0.041999999989644765
135,5,2,0.04199999999033365
135,5,3,0.04199999998965377
135,5,4,0.04199999998962777
135,5,5,0.04199999998959251
135,5,6,0.041999999989592814
135,5,7,0.04199999998995014
135,5,8,0.04199999999160368
135,5,9,0.04199999998943159
135,5,10,0.04199999999010075
135,6,1,0.04199999998965583
135,6,2,0.041999999990351665
135,6,3,0.04199999998966966
135,6,4,0.041999999989638326
135,6,5,0.04199999998959371
135,6,6,0.04199999998959151
135,6,7,0.041999999989948904
135,6,8,0.041999999991560635
135,6,9,0.04199999998931891
135,6,10,0.041999999990103405
135,7,1,0.041999999989674464
135,7,2,0.04199999999035019
135,7,3,0.041999999989670064
135,7,4,0.04199999998963142
135,7,5,0.041999999989617585
135,7,6,0.041999999989607864
135,7,7,0.04199999998999944
135,7,8,0.04199999999155428
135,7,9,0.04199999998932341
135,7,10,0.04199999999011887
135,8,1,0.04199999998965511
135,8,2,0.041999999990361254
135,8,3,0.041999999989682534
135,8,4,0.04199999998964014
135,8,5,0.04199999998966001
135,8,6,0.041999999989613256
135,8,7,0.04199999998997973
135,8,8,0.041999999989168264
135,8,9,0.04199999998932573
135,8,10,0.04199999999012222
135,9,1,0.04199999998966249
135,9,2,0.04199999998963277
135,9,3,0.041999999989680806
135,9,4,0.04199999998963643
135,9,5,0.04199999998968673
135,9,6,0.04199999998963827
135,9,7,0.041999999989970956
135,9,8,0.04199999999048702
135,9,9,0.041999999989044
135,9,10,0.041999999990108665
135,10,1,0.04199999999004813
135,10,2,0.041999999989890686
135,10,3,0.04199999999003021
135,10,4,0.04199999998999817
135,10,5,0.04199999999007592
135,10,6,0.04199999998979984
135,10,7,0.04199999999020064
135,10,8,0.04199999999054388
135,10,9,0.04199999999007795
135,10,10,0.04199999999012729
135,11,1,0.041999999990085995
135,11,2,0.041999999990113536
135,11,3,0.04199999998993115
135,11,4,0.04199999999000525
135,11,5,0.041999999990095634
135,11,6,0.0419999999899846
135,11,7,0.04199999999012396
135,11,8,0.041999999990593735
135,11,9,0.041999999989948265
135,11,10,0.04199999999006909
135,12,1,0.04199999999010011
135,12,2,0.04199999999007391
135,12,3,0.041999999990111905
135,12,4,0.04199999999003733
135,12,5,0.041999999990109324
135,12,6,0.041999999990089076
135,12,7,0.04199999999012441
135,12,8,0.04199999998997505
135,12,9,0.041999999990107534
135,12,10,0.04199999999013145
135,13,1,0.04199999999009902
135,13,2,0.04199999999000241
135,13,3,0.041999999990113515
135,13,4,0.04199999998971073
135,13,5,0.04199999998995994
135,13,6,0.04199999998996039
135,13,7,0.041999999990119066
135,13,8,0.041999999990083685
135,13,9,0.04199999999010788
135,13,10,0.041999999990130016
135,14,1,0.041999999990100054
135,14,2,0.041999999990132875
135,14,3,0.04199999999011181
135,14,4,0.041999999989992064
135,14,5,0.04199999999008013
135,14,6,0.0419999999900812
135,14,7,0.04199999998993291
135,14,8,0.04199999999040113
135,14,9,0.04199999999010779
135,14,10,0.04199999999000684
135,15,1,0.04199999998980621
135,15,2,0.041999999990126664
135,15,3,0.041999999989978144
135,15,4,0.04199999998995862
135,15,5,0.04199999998986145
135,15,6,0.041999999989961456
135,15,7,0.04199999998999749
135,15,8,0.04199999999117296
135,15,9,0.04199999998981352
135,15,10,0.04199999999009974
135,16,1,0.041999999989896904
135,16,2,0.04199999999013274
135,16,3,0.04199999998996997
135,16,4,0.04199999998962778
135,16,5,0.04199999998969016
135,16,6,0.04199999998993589
135,16,7,0.04199999998997819
135,16,8,0.041999999991164785
135,16,9,0.04199999998961338
135,16,10,0.041999999990110067
135,17,1,0.04199999998853634
135,17,2,0.041999999991054734
135,17,3,0.041999999989946656
135,17,4,0.041999999988603015
135,17,5,0.04199999998967806
135,17,6,0.04199999998993517
135,17,7,0.04199999998999594
135,17,8,0.04199999999118109
135,17,9,0.04199999998959755
135,17,10,0.04199999999085996
135,18,1,0.041999999987037816
135,18,2,0.04199999999106075
135,18,3,0.041999999990042565
135,18,4,0.04199999998859106
135,18,5,0.04199999998967292
135,18,6,0.04199999998993676
135,18,7,0.041999999989987234
135,18,8,0.04199999999117348
135,18,9,0.04199999998958527
135,18,10,0.0419999999915423
135,19,1,0.041999999987143426
135,19,2,0.04199999999098237
135,19,3,0.041999999990039644
135,19,4,0.041999999988561756
135,19,5,0.041999999989673034
135,19,6,0.041999999989926706
135,19,7,0.04199999998998699
135,19,8,0.04199999999113521
135,19,9,0.04199999998958393
135,19,10,0.041999999991498366
135,20,1,0.041999999981139
135,20,2,0.04199999999097144
135,20,3,0.041999999989148266
135,20,4,0.04199999998667125
135,20,5,0.04199999998912351
135,20,6,0.04199999998853674
135,20,7,0.041999999989849164
135,20,8,0.04199999998193574
135,20,9,0.04199999998576251
135,20,10,0.04199999999148803
135,21,1,0.04199999998448231
135,21,2,0.04199999999097583
135,21,3,0.04199999998939411
135,21,4,0.04199999998912919
135,21,5,0.04199999999056388
135,21,6,0.04199999999065452
135,21,7,0.04199999999060586
135,21,8,0.04199999998294545
135,21,9,0.04199999998741833
135,21,10,0.04199999999153379
135,22,1,0.0419999999872924
135,22,2,0.04199999998696971
135,22,3,0.04199999998940357
135,22,4,0.041999999989140877
135,22,5,0.041999999990572946
135,22,6,0.04199999999066264
135,22,7,0.041999999990612005
135,22,8,0.04199999998967219
135,22,9,0.04199999998744495
135,22,10,0.04199999999154164
135,23,1,0.04199999998885135
135,23,2,0.04199999998953066
135,23,3,0.041999999989406823
135,23,4,0.04199999998915298
135,23,5,0.04199999999056832
135,23,6,0.04199999999066745
135,23,7,0.041999999990609514
135,23,8,0.04199999998969435
135,23,9,0.04199999998887168
135,23,10,0.04199999999151985
135,24,1,0.04199999998859246
135,24,2,0.041999999989037036
135,24,3,0.04199999998933049
135,24,4,0.041999999989135714
135,24,5,0.04199999998896175
135,24,6,0.04199999998897908
135,24,7,0.04199999998899702
135,24,8,0.04199999998921686
135,24,9,0.04199999998879478
135,24,10,0.041999999991599965
152,1,1,0.04199999958238878
152,1,2,0.04199999958239663
152,1,3,0.04199999958239296
152,1,4,0.04199999958239564
152,1,5,0.04199999958244885
152,1,6,0.041999999582441036
152,1,7,0.04199999958241197
152,1,8,0.04199999958246448
152,1,9,0.04199999958240693
152,1,10,0.04199999958234803
152,2,1,0.04199999958239791
152,2,2,0.041999999582405634
152,2,3,0.04199999958243225
152,2,4,0.04199999958231549
152,2,5,0.04199999958240919
152,2,6,0.04199999958239683
152,2,7,0.04199999958243355
152,2,8,0.04199999958240007
152,2,9,0.041999999582400305
152,2,10,0.04199999958238279
152,3,1,0.04199999958238292
152,3,2,0.04199999958239785
152,3,3,0.0419999995823959
152,3,4,0.04199999958240022
152,3,5,0.04199999958238715
152,3,6,0.04199999958243512
152,3,7,0.0419999995824159
152,3,8,0.041999999582453075
152,3,9,0.04199999958236675
152,3,10,0.04199999958238664
152,4,1,0.04199999958240035
152,4,2,0.041999999582400985
152,4,3,0.04199999958243833
152,4,4,0.041999999582322194
152,4,5,0.041999999582338396
152,4,6,0.04199999958244396
152,4,7,0.041999999582427026
152,4,8,0.04199999958239261
152,4,9,0.04199999958244157
152,4,10,0.041999999582543114
152,5,1,0.04199999958243654
152,5,2,0.041999999582445664
152,5,3,0.04199999958239224
152,5,4,0.041999999582423016
152,5,5,0.041999999582408624
152,5,6,0.04199999958240193
152,5,7,0.04199999958239771
152,5,8,0.04199999958233791
152,5,9,0.04199999958235535
152,5,10,0.04199999958244744
152,6,1,0.04199999958551692
152,6,2,0.041999999586859384
152,6,3,0.04199999958544659
152,6,4,0.041999999585423
152,6,5,0.0419999995866657
152,6,6,0.04199999958496618
152,6,7,0.041999999587059286
152,6,8,0.04199999958646845
152,6,9,0.04199999958547356
152,6,10,0.04199999958767755
152,7,1,0.04199999967544365
152,7,2,0.04199999970173431
152,7,3,0.04199999966417981
152,7,4,0.04199999966367279
152,7,5,0.041999999686403236
152,7,6,0.04199999966327658
152,7,7,0.041999999347649676
152,7,8,0.041999999687721896
152,7,9,0.041999999661753724
152,7,10,0.04199999998274883
152,8,1,0.041999999980272165
152,8,2,0.041999999982355055
152,8,3,0.041999999980556056
152,8,4,0.04199999997932672
152,8,5,0.041999999980762634
152,8,6,0.04199999998010024
152,8,7,0.04199999998100359
152,8,8,0.041999999979824766
152,8,9,0.04199999997973541
152,8,10,0.041999999980636214
152,9,1,0.041999999979229215
152,9,2,0.0419999999840566
152,9,3,0.04199999997958412
152,9,4,0.041999999978915466
152,9,5,0.04199999998027428
152,9,6,0.041999999669189915
152,9,7,0.04199999997939556
152,9,8,0.04199999998213165
152,9,9,0.04199999998005947
152,9,10,0.04199999998133577
152,10,1,0.04199999998071031
152,10,2,0.041999999981200915
152,10,3,0.041999999977224825
152,10,4,0.04199999998065963
152,10,5,0.041999999976513984
152,10,6,0.04199999998089273
152,10,7,0.04199999998028969
152,10,8,0.04199999997883453
152,10,9,0.041999999980685064
152,10,10,0.041999999980974666
152,11,1,0.04199999997790558
152,11,2,0.04199999998116891
152,11,3,0.041999999981163015
152,11,4,0.041999999981173874
152,11,5,0.04199999997775917
152,11,6,0.04199999998043638
152,11,7,0.04199999998114474
152,11,8,0.04199999998204192
152,11,9,0.04199999998116392
152,11,10,0.04199999998126849
152,12,1,0.04199999998120741
152,12,2,0.04199999998148644
152,12,3,0.04199999997658334
152,12,4,0.04199999998127061
152,12,5,0.04199999998117151
152,12,6,0.04199999997939787
152,12,7,0.041999999980609284
152,12,8,0.04199999998125591
152,12,9,0.04199999998127271
152,12,10,0.04199999998126132
152,13,1,0.04199999998120525
152,13,2,0.041999999981242674
152,13,3,0.04199999997579655
152,13,4,0.0419999999811905
152,13,5,0.04199999998118501
152,13,6,0.041999999981196315
152,13,7,0.04199999998118184
152,13,8,0.0419999999814934
152,13,9,0.04199999997817581
152,13,10,0.041999999981250626
152,14,1,0.04199999997805073
152,14,2,0.041999999981197376
152,14,3,0.041999999981181015
152,14,4,0.041999999981225535
152,14,5,0.04199999998106387
152,14,6,0.04199999998009967
152,14,7,0.041999999981219345
152,14,8,0.041999999982401705
152,14,9,0.04199999997786199
152,14,10,0.04199999998121933
152,15,1,0.041999999980997786
152,15,2,0.04199999998048235
152,15,3,0.041999999977775364
152,15,4,0.04199999997732242
152,15,5,0.04199999998113418
152,15,6,0.04199999970131123
152,15,7,0.041999999697486134
152,15,8,0.04199999998295754
152,15,9,0.04199999998099602
152,15,10,0.0419999999810107
152,16,1,0.041999999681632504
152,16,2,0.041999999982785446
152,16,3,0.04199999968963386
152,16,4,0.0419999999805034
152,16,5,0.04199999998046868
152,16,6,0.04199999998041975
152,16,7,0.0419999999798567
152,16,8,0.04199999997967614
152,16,9,0.04199999998051683
152,16,10,0.0419999999749765
152,17,1,0.04199999996479233
152,17,2,0.04199999998358604
152,17,3,0.04199999998015898
152,17,4,0.04199999998014876
152,17,5,0.04199999968018999
152,17,6,0.04199999968739227
152,17,7,0.041999999683673586
152,17,8,0.0419999999836444
152,17,9,0.041999999978388235
152,17,10,0.04199999998186638
152,18,1,0.041999999600556254
152,18,2,0.04199999959717754
152,18,3,0.041999999600926236
152,18,4,0.04199999960096731
152,18,5,0.04199999959231682
152,18,6,0.041999999590170214
152,18,7,0.04199999959274533
152,18,8,0.04199999959921913
152,18,9,0.041999999600218475
152,18,10,0.041999999599483605
152,19,1,0.041999999582329244
152,19,2,0.04199999958245325
152,19,3,0.04199999958242032
152,19,4,0.041999999582373965
152,19,5,0.04199999958244745
152,19,6,0.04199999958237539
152,19,7,0.041999999582426666
152,19,8,0.0419999995824448
152,19,9,0.041999999582433334
152,19,10,0.041999999582337716
152,20,1,0.04199999958242608
152,20,2,0.04199999958227722
152,20,3,0.04199999958228499
152,20,4,0.04199999958224516
152,20,5,0.04199999958228025
152,20,6,0.04199999958218774
152,20,7,0.041999999582272504
152,20,8,0.041999999582391166
152,20,9,0.04199999958218218
152,20,10,0.04199999958226032
152,21,1,0.041999999582429406
152,21,2,0.04199999958239759
152,21,3,0.04199999958236721
152,21,4,0.04199999958237602
152,21,5,0.04199999958245175
152,21,6,0.041999999582386024
152,21,7,0.04199999958239647
152,21,8,0.04199999958227283
152,21,9,0.04199999958245051
152,21,10,0.04199999958243759
152,22,1,0.041999999582434173
152,22,2,0.041999999582257024
152,22,3,0.04199999958245
152,22,4,0.04199999958243833
152,22,5,0.04199999958239653
152,22,6,0.041999999582448794
152,22,7,0.04199999958241527
152,22,8,0.04199999958243017
152,22,9,0.041999999582431
152,22,10,0.041999999582431495
152,23,1,0.0419999995824028
152,23,2,0.041999999582397696
152,23,3,0.04199999958239164
152,23,4,0.041999999582437254
152,23,5,0.04199999958245645
152,23,6,0.04199999958244298
152,23,7,0.0419999995828557
152,23,8,0.04199999958237142
152,23,9,0.04199999958244219
152,23,10,0.041999999582436234
152,24,1,0.0419999995822716
152,24,2,0.041999999582184505
152,24,3,0.041999998897461484
152,24,4,0.04199999958251139
152,24,5,0.04199999958225723
152,24,6,0.0419999995822566
152,24,7,0.0419999995821108
152,24,8,0.041999999582496485
152,24,9,0.041999999582156174
152,24,10,0.04199999958222731
197,1,1,0.041999999989468975
197,1,2,0.04199999999024335
197,1,3,0.041999999989511025
197,1,4,0.04199999998975899
197,1,5,0.041999999989748786
197,1,6,0.041999999989754594
197,1,7,0.04199999998975919
197,1,8,0.04199999999154802
197,1,9,0.041999999989283436
197,1,10,0.041999999991107366
197,2,1,0.041999999989470314
197,2,2,0.04199999999023262
197,2,3,0.04199999998979839
197,2,4,0.041999999989810494
197,2,5,0.04199999998944425
197,2,6,0.041999999989426405
197,2,7,0.04199999998976696
197,2,8,0.041999999991566006
197,2,9,0.041999999989274825
197,2,10,0.04199999998997405
197,3,1,0.041999999989823636
197,3,2,0.04199999999023569
197,3,3,0.04199999998950892
197,3,4,0.04199999998947259
197,3,5,0.041999999989814435
197,3,6,0.04199999998985752
197,3,7,0.041999999989759854
197,3,8,0.041999999991598584
197,3,9,0.04199999998982557
197,3,10,0.04199999998998087
197,4,1,0.04199999998950856
197,4,2,0.04199999999022787
197,4,3,0.04199999998982817
197,4,4,0.04199999998984383
197,4,5,0.04199999998983486
197,4,6,0.0419999999894426
197,4,7,0.041999999989804845
197,4,8,0.04199999999157324
197,4,9,0.041999999989773086
197,4,10,0.041999999991040794
197,5,1,0.04199999998977908
197,5,2,0.041999999990315194
197,5,3,0.04199999998973196
197,5,4,0.04199999998974288
197,5,5,0.04199999998940098
197,5,6,0.04199999998937378
197,5,7,0.041999999989781024
197,5,8,0.04199999999165177
197,5,9,0.041999999989753574
197,5,10,0.041999999991381036
197,6,1,0.041999999989740425
197,6,2,0.0419999999902477
197,6,3,0.041999999989595575
197,6,4,0.04199999998956902
197,6,5,0.0419999999894322
197,6,6,0.041999999989606504
197,6,7,0.04199999998986675
197,6,8,0.04199999999162954
197,6,9,0.04199999998904128
197,6,10,0.04199999999159646
197,7,1,0.041999999989502074
197,7,2,0.04199999999060926
197,7,3,0.041999999989565946
197,7,4,0.04199999998960922
197,7,5,0.04199999998939685
197,7,6,0.041999999989605914
197,7,7,0.0419999999899273
197,7,8,0.04199999999165138
197,7,9,0.04199999998907862
197,7,10,0.04199999999160979
197,8,1,0.041999999989770734
197,8,2,0.04199999999159439
197,8,3,0.04199999998946778
197,8,4,0.04199999998962043
197,8,5,0.041999999989431734
197,8,6,0.041999999989693254
197,8,7,0.0419999999901519
197,8,8,0.041999999989487787
197,8,9,0.04199999998900425
197,8,10,0.04199999999159972
197,9,1,0.041999999989785125
197,9,2,0.04199999998955934
197,9,3,0.0419999999898121
197,9,4,0.041999999989728594
197,9,5,0.041999999989853286
197,9,6,0.041999999989743374
197,9,7,0.04199999999012693
197,9,8,0.041999999990600244
197,9,9,0.04199999998955048
197,9,10,0.04199999999022751
197,10,1,0.04199999998993467
197,10,2,0.041999999990188434
197,10,3,0.041999999989938565
197,10,4,0.04199999998991386
197,10,5,0.04199999998998932
197,10,6,0.041999999989620444
197,10,7,0.041999999990134956
197,10,8,0.041999999990554
197,10,9,0.04199999998993946
197,10,10,0.04199999999010335
197,11,1,0.04199999999008579
197,11,2,0.041999999990124846
197,11,3,0.041999999990141486
197,11,4,0.0419999999897831
197,11,5,0.041999999990098784
197,11,6,0.04199999998975352
197,11,7,0.04199999999011115
197,11,8,0.041999999990559776
197,11,9,0.04199999999013975
197,11,10,0.041999999989942506
197,12,1,0.04199999999011495
197,12,2,0.04199999998999135
197,12,3,0.0419999999901223
197,12,4,0.041999999989786756
197,12,5,0.04199999999015559
197,12,6,0.04199999999012683
197,12,7,0.041999999990134
197,12,8,0.04199999999014714
197,12,9,0.04199999999014897
197,12,10,0.04199999999010614
197,13,1,0.04199999999010992
197,13,2,0.04199999999023488
197,13,3,0.041999999990111586
197,13,4,0.041999999990090076
197,13,5,0.041999999990101074
197,13,6,0.041999999990169956
197,13,7,0.04199999999011279
197,13,8,0.041999999990095224
197,13,9,0.041999999990110566
197,13,10,0.04199999999014797
197,14,1,0.041999999990110004
197,14,2,0.04199999999014609
197,14,3,0.041999999990114265
197,14,4,0.04199999998979643
197,14,5,0.04199999999010245
197,14,6,0.04199999999012233
197,14,7,0.041999999990167354
197,14,8,0.04199999999040533
197,14,9,0.04199999999011676
197,14,10,0.04199999999022813
197,15,1,0.04199999999004098
197,15,2,0.041999999990188115
197,15,3,0.041999999989989094
197,15,4,0.04199999998997653
197,15,5,0.041999999989737344
197,15,6,0.04199999998999147
197,15,7,0.041999999990010584
197,15,8,0.041999999991181876
197,15,9,0.041999999990048116
197,15,10,0.04199999999015267
197,16,1,0.041999999989817155
197,16,2,0.04199999999099655
197,16,3,0.041999999989841115
197,16,4,0.0419999999898771
197,16,5,0.04199999998983651
197,16,6,0.0419999999898645
197,16,7,0.041999999989836966
197,16,8,0.04199999999111988
197,16,9,0.04199999998932965
197,16,10,0.04199999999019281
197,17,1,0.04199999998802938
197,17,2,0.04199999999104587
197,17,3,0.04199999998977661
197,17,4,0.04199999998818819
197,17,5,0.041999999989691325
197,17,6,0.041999999989071855
197,17,7,0.04199999998985874
197,17,8,0.041999999991130764
197,17,9,0.04199999998932792
197,17,10,0.041999999991579516
197,18,1,0.041999999987250736
197,18,2,0.04199999999162564
197,18,3,0.04199999998990386
197,18,4,0.04199999998818999
197,18,5,0.041999999989693046
197,18,6,0.0419999999890895
197,18,7,0.04199999999089554
197,18,8,0.041999999991158866
197,18,9,0.041999999989011626
197,18,10,0.041999999991490324
197,19,1,0.041999999987196814
197,19,2,0.04199999999163104
197,19,3,0.041999999989873145
197,19,4,0.041999999987866625
197,19,5,0.04199999998947117
197,19,6,0.041999999989086864
197,19,7,0.04199999998986117
197,19,8,0.04199999999167811
197,19,9,0.04199999998731675
197,19,10,0.041999999991611386
197,20,1,0.04199999997979186
197,20,2,0.04199999999110624
197,20,3,0.04199999998961665
197,20,4,0.041999999987594405
197,20,5,0.04199999998958197
197,20,6,0.041999999989128275
197,20,7,0.04199999999015245
197,20,8,0.04199999998172144
197,20,9,0.04199999998706967
197,20,10,0.04199999999152927
197,21,1,0.04199999998872528
197,21,2,0.04199999999110994
197,21,3,0.041999999989711274
197,21,4,0.04199999998794653
197,21,5,0.04199999998968517
197,21,6,0.04199999999164873
197,21,7,0.04199999999160726
197,21,8,0.04199999998526528
197,21,9,0.041999999986824764
197,21,10,0.04199999999150997
197,22,1,0.04199999998866461
197,22,2,0.04199999998778923
197,22,3,0.04199999998972819
197,22,4,0.041999999988848444
197,22,5,0.041999999989707194
197,22,6,0.04199999999160051
197,22,7,0.04199999999162515
197,22,8,0.041999999989551
197,22,9,0.04199999998895461
197,22,10,0.041999999991622225
197,23,1,0.04199999998853529
197,23,2,0.04199999998923809
197,23,3,0.04199999998955467
197,23,4,0.04199999998883755
197,23,5,0.041999999989317666
197,23,6,0.041999999991606425
197,23,7,0.041999999991122965
197,23,8,0.041999999991773056
197,23,9,0.04199999998888792
197,23,10,0.041999999991610124
197,24,1,0.041999999989250136
197,24,2,0.04199999998949364
197,24,3,0.04199999998957895
197,24,4,0.04199999999160342
197,24,5,0.04199999998931919
197,24,6,0.04199999998929966
197,24,7,0.04199999998937473
197,24,8,0.04199999998934548
197,24,9,0.0419999999892083
197,24,10,0.04199999999169777
9,1,1,0.054
9,1,2,0.054
9,1,3,0.053999999985221286
9,1,4,0.053999999995244255
9,1,5,0.054
9,1,6,0.054
9,1,7,0.05399999997659961
9,1,8,0.053999999994323915
9,1,9,0.053999999956430116
9,1,10,0.053999999964477186
9,2,1,0.05399999999757902
9,2,2,0.05399999999061636
9,2,3,0.054
9,2,4,0.05399999995958025
9,2,5,0.05399999995726449
9,2,6,0.05399999995772986
9,2,7,0.053999999992026496
9,2,8,0.054
9,2,9,0.054
9,2,10,0.054
9,3,1,0.05399999997966574
9,3,2,0.054
9,3,3,0.05399999997877392
9,3,4,0.0539999999850647
9,3,5,0.053999999946992464
9,3,6,0.054
9,3,7,0.053999999957130417
9,3,8,0.054
9,3,9,0.053999999960905244
9,3,10,0.05399999995244663
9,4,1,0.05399999999272828
9,4,2,0.053999999978717426
9,4,3,0.05399999998791825
9,4,4,0.05399999995977206
9,4,5,0.05399999998066411
9,4,6,0.05399999999712494
9,4,7,0.05399999998622797
9,4,8,0.05399999999573795
9,4,9,0.05399999998484499
9,4,10,0.054
9,5,1,0.054
9,5,2,0.053999999995155326
9,5,3,0.053999999979908876
9,5,4,0.054
9,5,5,0.05399999998419234
9,5,6,0.054
9,5,7,0.054
9,5,8,0.054
9,5,9,0.054
9,5,10,0.053999999991441984
9,6,1,0.053999999964820834
9,6,2,0.054
9,6,3,0.05399999996279514
9,6,4,0.054
9,6,5,0.05399999998228659
9,6,6,0.054
9,6,7,0.053999999991345415
9,6,8,0.05399999996563619
9,6,9,0.054
9,6,10,0.054
9,7,1,0.05399999998738094
9,7,2,0.053999999993804455
9,7,3,0.054
9,7,4,0.054
9,7,5,0.05399999999874641
9,7,6,0.05399999999641378
9,7,7,0.05399999998421879
9,7,8,0.05399999998984523
9,7,9,0.05399999996314912
9,7,10,0.053999999990419226
9,8,1,0.05399999994783783
9,8,2,0.054
9,8,3,0.054
9,8,4,0.054
9,8,5,0.05399999996696544
9,8,6,0.054
9,8,7,0.05399999997596142
9,8,8,0.0539999999814518
9,8,9,0.054
9,8,10,0.054
9,9,1,0.05399999998626042
9,9,2,0.054
9,9,3,0.054
9,9,4,0.054
9,9,5,0.05399999998693682
9,9,6,0.05399999999117045
9,9,7,0.054
9,9,8,0.054
9,9,9,0.053999999997924666
9,9,10,0.054
9,10,1,0.054
9,10,2,0.054
9,10,3,0.053999999961544545
9,10,4,0.053999999977203554
9,10,5,0.05399999998296589
9,10,6,0.054
9,10,7,0.054
9,10,8,0.054
9,10,9,0.054
9,10,10,0.054
9,11,1,0.054
9,11,2,0.054
9,11,3,0.053999999978491
9,11,4,0.053999999974430564
9,11,5,0.054
9,11,6,0.053999999954463744
9,11,7,0.05399999997514985
9,11,8,0.054
9,11,9,0.05399999996748911
9,11,10,0.05399999994909698
9,12,1,0.053999999992503114
9,12,2,0.05399999999445718
9,12,3,0.053999999981339156
9,12,4,0.054
9,12,5,0.05399999998479677
9,12,6,0.054
9,12,7,0.054
9,12,8,0.05399999999169638
9,12,9,0.054
9,12,10,0.054
9,13,1,0.053999999978574735
9,13,2,0.054
9,13,3,0.054
9,13,4,0.053999999925426
9,13,5,0.05399999997922349
9,13,6,0.05399999998119427
9,13,7,0.053999999990954665
9,13,8,0.054
9,13,9,0.054
9,13,10,0.05399999998115689
9,14,1,0.054
9,14,2,0.053999999988374986
9,14,3,0.054
9,14,4,0.054
9,14,5,0.054
9,14,6,0.054
9,14,7,0.054
9,14,8,0.054
9,14,9,0.053999999995749615
9,14,10,0.054
9,15,1,0.05399999999239058
9,15,2,0.054
9,15,3,0.054
9,15,4,0.054
9,15,5,0.054
9,15,6,0.054
9,15,7,0.054
9,15,8,0.053999999973850875
9,15,9,0.05399999999734832
9,15,10,0.054
9,16,1,0.053999999995378155
9,16,2,0.053999999981873
9,16,3,0.05399999996835345
9,16,4,0.054
9,16,5,0.054
9,16,6,0.054
9,16,7,0.05399999999624651
9,16,8,0.05399999999437423
9,16,9,0.05399999998169943
9,16,10,0.0539999999965872
9,17,1,0.054
9,17,2,0.054
9,17,3,0.054
9,17,4,0.0539999999671779
9,17,5,0.053999999993053716
9,17,6,0.054
9,17,7,0.053999999973065975
9,17,8,0.05399999998940357
9,17,9,0.054
9,17,10,0.05399999998118008
9,18,1,0.05399999999689806
9,18,2,0.0539999999857967
9,18,3,0.05399999997493248
9,18,4,0.05399999997887708
9,18,5,0.05399999996799921
9,18,6,0.05399999995005483
9,18,7,0.05399999995893626
9,18,8,0.054
9,18,9,0.053999999967580724
9,18,10,0.054
9,19,1,0.05399999996929984
9,19,2,0.05399999999898709
9,19,3,0.054
9,19,4,0.054
9,19,5,0.053999999992378964
9,19,6,0.054
9,19,7,0.054
9,19,8,0.053999999997382774
9,19,9,0.05399999999649187
9,19,10,0.053999999952102314
9,20,1,0.053999999990390624
9,20,2,0.05399999995937946
9,20,3,0.054
9,20,4,0.05399999998454651
9,20,5,0.053999999925008584
9,20,6,0.0539999999871056
9,20,7,0.053999999981037536
9,20,8,0.05399999996559635
9,20,9,0.05399999999487995
9,20,10,0.0539999999483314
9,21,1,0.053999999985600004
9,21,2,0.0539999999663565
9,21,3,0.053999999983978156
9,21,4,0.05399999999704791
9,21,5,0.054
9,21,6,0.053999999993831004
9,21,7,0.054
9,21,8,0.054
9,21,9,0.05399999998476152
9,21,10,0.05399999998820401
9,22,1,0.05399999998732643
9,22,2,0.053999999989324296
9,22,3,0.05399999994880471
9,22,4,0.05399999997857423
9,22,5,0.05399999999630526
9,22,6,0.054
9,22,7,0.054
9,22,8,0.054
9,22,9,0.05399999999261807
9,22,10,0.053999999985405875
9,23,1,0.054
9,23,2,0.05399999997362632
9,23,3,0.054
9,23,4,0.05399999995546682
9,23,5,0.054
9,23,6,0.05399999994762824
9,23,7,0.053999999949192135
9,23,8,0.053999999965566266
9,23,9,0.054
9,23,10,0.054
9,24,1,0.053999999918868904
9,24,2,0.05399999997650109
9,24,3,0.05399999994019762
9,24,4,0.0539999999856332
9,24,5,0.05399999993242672
9,24,6,0.053999999920937077
9,24,7,0.054
9,24,8,0.05399999992037878
9,24,9,0.054
9,24,10,0.05399999999957755
149,1,1,0.0
149,1,2,0.0
149,1,3,-8.282752261834503e-11
149,1,4,0.0
149,1,5,0.0
149,1,6,0.0
149,1,7,0.0
149,1,8,-1.8326995476769525e-10
149,1,9,0.0
149,1,10,-7.838063531551143e-12
149,2,1,-3.107897272869309e-10
149,2,2,-2.6698004917946605e-10
149,2,3,-2.0312146409295906e-10
149,2,4,-1.4121154245927414e-10
149,2,5,-1.1121942256053785e-10
149,2,6,-1.1743900296679044e-10
149,2,7,0.0
149,2,8,-1.3388179453954763e-10
149,2,9,-4.707328971065294e-10
149,2,10,-1.2034279128769754e-10
149,3,1,0.0
149,3,2,0.0
149,3,3,0.0
149,3,4,0.0
149,3,5,0.0
149,3,6,0.0
149,3,7,0.0
149,3,8,0.0
149,3,9,0.0
149,3,10,0.0
149,4,1,0.0
149,4,2,0.0
149,4,3,0.0
149,4,4,0.0
149,4,5,0.0
149,4,6,0.0
149,4,7,0.0
149,4,8,-1.6506296329765746e-11
149,4,9,0.0
149,4,10,0.0
149,5,1,0.0
149,5,2,0.0
149,5,3,0.0
149,5,4,0.0
149,5,5,0.0
149,5,6,0.0
149,5,7,0.0
149,5,8,0.0
149,5,9,0.0
149,5,10,0.0
149,6,1,0.0
149,6,2,0.0
149,6,3,0.0
149,6,4,0.0
149,6,5,0.0
149,6,6,0.0
149,6,7,0.0
149,6,8,0.0
149,6,9,0.0
149,6,10,0.0
149,7,1,0.0
149,7,2,0.0
149,7,3,0.0
149,7,4,0.0
149,7,5,0.0
149,7,6,0.0
149,7,7,0.0
149,7,8,0.0
149,7,9,0.0
149,7,10,0.0
149,8,1,0.0
149,8,2,0.0
149,8,3,0.0
149,8,4,0.0
149,8,5,0.0
149,8,6,0.0
149,8,7,0.0
149,8,8,0.0
149,8,9,0.0
149,8,10,0.0
149,9,1,0.0
149,9,2,0.0
149,9,3,0.0
149,9,4,0.0
149,9,5,-4.9171000604530946e-11
149,9,6,0.0
149,9,7,0.0
149,9,8,0.0
149,9,9,0.0
149,9,10,0.0
149,10,1,0.0
149,10,2,0.0
149,10,3,0.0
149,10,4,0.0
149,10,5,0.0
149,10,6,0.0
149,10,7,0.0
149,10,8,0.0
149,10,9,0.0
149,10,10,0.0
149,11,1,-5.6581739293903865e-11
149,11,2,-1.0280704065834811e-10
149,11,3,-3.1374641773496137e-10
149,11,4,-1.0503203862199939e-10
149,11,5,-1.1354023277121428e-10
149,11,6,-1.5511486539665498e-10
149,11,7,0.0
149,11,8,0.0
149,11,9,-1.77316661353899e-10
149,11,10,-2.1706081376748898e-11
149,12,1,-2.3019697259485383e-10
149,12,2,0.0
149,12,3,0.0
149,12,4,-1.0772172043260753e-10
149,12,5,-5.639050337791218e-11
149,12,6,-1.6851625650460278e-10
149,12,7,0.0
149,12,8,0.0
149,12,9,-2.396335352372603e-10
149,12,10,-2.5360652466943634e-10
149,13,1,-1.6708601169312942e-10
149,13,2,-7.707978699755813e-11
149,13,3,-4.419564714197577e-11
149,13,4,0.0
149,13,5,-1.344372391187676e-10
149,13,6,-1.039539010427859e-10
149,13,7,-1.2856737896527193e-10
149,13,8,0.0
149,13,9,-1.3166678858311798e-10
149,13,10,0.0
149,14,1,-9.362525199563265e-10
149,14,2,-9.40497735246737e-10
149,14,3,-9.087632868443052e-10
149,14,4,-1.0124227567409605e-9
149,14,5,-1.0953104534472402e-9
149,14,6,-9.741862871948115e-10
149,14,7,-8.33271118771961e-10
149,14,8,-8.048420263584433e-10
149,14,9,-1.176792274737437e-9
149,14,10,-1.207469124686611e-9
149,15,1,-1.395277227089764e-10
149,15,2,-1.7668944085613703e-10
149,15,3,0.0
149,15,4,0.0
149,15,5,0.0
149,15,6,-4.914652018683796e-11
149,15,7,0.0
149,15,8,0.0
149,15,9,0.0
149,15,10,0.0
149,16,1,-4.6364578842883475e-12
149,16,2,0.0
149,16,3,0.0
149,16,4,0.0
149,16,5,0.0
149,16,6,0.0
149,16,7,0.0
149,16,8,-3.8566871918277457e-11
149,16,9,0.0
149,16,10,0.0
149,17,1,-1.2216933020781084e-10
149,17,2,0.0
149,17,3,-3.377809143501054e-11
149,17,4,-8.52050652255798e-11
149,17,5,-2.4605317783255032e-11
149,17,6,-3.139810633712159e-11
149,17,7,-1.274375049931109e-11
149,17,8,0.0
149,17,9,-4.786049334626341e-11
149,17,10,0.0
149,18,1,-5.478057452101837e-10
149,18,2,-5.28215915451824e-10
149,18,3,-5.417470916313505e-10
149,18,4,-5.299538585745722e-10
149,18,5,-4.766412819989796e-10
149,18,6,-5.688312598728373e-10
149,18,7,-5.51261924996993e-10
149,18,8,-4.2485437390382685e-10
149,18,9,-5.873642128229051e-10
149,18,10,-2.2965801482754955e-10
149,19,1,-6.622689618929201e-10
149,19,2,-7.194037032753897e-10
149,19,3,-7.011367597620222e-10
149,19,4,-6.729097834501374e-10
149,19,5,-7.930063272709731e-10
149,19,6,-7.546447911011001e-10
149,19,7,-7.919646050069673e-10
149,19,8,-5.737735842004099e-10
149,19,9,-7.429215576060244e-10
149,19,10,-7.604797902516225e-10
149,20,1,-3.1662567012702425e-10
149,20,2,-2.873051241358837e-10
149,20,3,-1.1866174709496136e-10
149,20,4,-2.855744529739468e-10
149,20,5,-1.2085393796823496e-10
149,20,6,-2.5565449757181113e-10
149,20,7,-2.1520657478291128e-10
149,20,8,-2.546176602891137e-10
149,20,9,0.0
149,20,10,-3.7981828793220984e-10
149,21,1,0.0
149,21,2,0.0
149,21,3,0.0
149,21,4,0.0
149,21,5,0.0
149,21,6,0.0
149,21,7,0.0
149,21,8,0.0
149,21,9,0.0
149,21,10,0.0
149,22,1,0.0
149,22,2,0.0
149,22,3,0.0
149,22,4,0.0
149,22,5,0.0
149,22,6,0.0
149,22,7,0.0
149,22,8,0.0
149,22,9,0.0
149,22,10,0.0
149,23,1,0.0
149,23,2,0.0
149,23,3,0.0
149,23,4,0.0
149,23,5,0.0
149,23,6,0.0
149,23,7,0.0
149,23,8,0.0
149,23,9,0.0
149,23,10,0.0
149,24,1,-3.2799502003300063e-10
149,24,2,-3.615694965652949e-10
149,24,3,-3.8529535117959313e-10
149,24,4,-5.395887070491767e-10
149,24,5,-1.8377427357663123e-10
149,24,6,-2.773253293675282e-10
149,24,7,-2.8496327519889064e-10
149,24,8,-2.1499590996398865e-10
149,24,9,-1.6688339599113533e-10
149,24,10,-2.448468094939926e-10
160,1,1,0.041999999762969
160,1,2,0.04199999976238416
160,1,3,0.04199999976297082
160,1,4,0.04199999976311309
160,1,5,0.041999999762336426
160,1,6,0.04199999976232382
160,1,7,0.041999999762321966
160,1,8,0.04199999976240127
160,1,9,0.0419999997622328
160,1,10,0.041999999763003455
160,2,1,0.04199999976222767
160,2,2,0.0419999997622787
160,2,3,0.04199999976232898
160,2,4,0.0419999997629743
160,2,5,0.0419999997622236
160,2,6,0.041999999762227305
160,2,7,0.04199999976232818
160,2,8,0.04199999976231316
160,2,9,0.04199999976310942
160,2,10,0.04199999976220523
160,3,1,0.041999999762989404
160,3,2,0.04199999976297472
160,3,3,0.04199999976297712
160,3,4,0.04199999976303114
160,3,5,0.04199999976299429
160,3,6,0.04199999976233721
160,3,7,0.04199999976229273
160,3,8,0.041999999762326025
160,3,9,0.04199999976298547
160,3,10,0.04199999976296985
160,4,1,0.04199999976221601
160,4,2,0.04199999976227318
160,4,3,0.041999999762332554
160,4,4,0.04199999976258333
160,4,5,0.04199999976298021
160,4,6,0.04199999976234909
160,4,7,0.0419999997622279
160,4,8,0.04199999976231083
160,4,9,0.04199999976234762
160,4,10,0.0419999997623815
160,5,1,0.04199999976234119
160,5,2,0.04199999976233129
160,5,3,0.04199999976299471
160,5,4,0.04199999976222779
160,5,5,0.04199999976222296
160,5,6,0.04199999976228024
160,5,7,0.04199999976299536
160,5,8,0.04199999976328812
160,5,9,0.041999999762973896
160,5,10,0.041999999762328835
160,6,1,0.04199999976432722
160,6,2,0.0419999997651698
160,6,3,0.041999999764290315
160,6,4,0.041999999764171014
160,6,5,0.041999999765732106
160,6,6,0.04199999976465724
160,6,7,0.04199999976584982
160,6,8,0.041999999764933
160,6,9,0.04199999976519699
160,6,10,0.04199999976572706
160,7,1,0.04199999982134289
160,7,2,0.04199999983703756
160,7,3,0.041999999814502934
160,7,4,0.041999999814625315
160,7,5,0.04199999982736103
160,7,6,0.041999999813856874
160,7,7,0.04199999997608654
160,7,8,0.04199999982816186
160,7,9,0.041999999812785405
160,7,10,0.04199999999096955
160,8,1,0.04199999998972901
160,8,2,0.04199999999084368
160,8,3,0.041999999989870446
160,8,4,0.04199999998950123
160,8,5,0.0419999999900393
160,8,6,0.04199999998964606
160,8,7,0.04199999999015648
160,8,8,0.04199999998952405
160,8,9,0.04199999998965803
160,8,10,0.041999999990004186
160,9,1,0.04199999998963171
160,9,2,0.041999999991667515
160,9,3,0.04199999998989201
160,9,4,0.04199999998978529
160,9,5,0.041999999989944595
160,9,6,0.04199999998981544
160,9,7,0.041999999989702476
160,9,8,0.0419999999906741
160,9,9,0.041999999989624545
160,9,10,0.04199999999032027
160,10,1,0.041999999990162115
160,10,2,0.041999999990279875
160,10,3,0.04199999998247468
160,10,4,0.041999999989992556
160,10,5,0.04199999998178355
160,10,6,0.04199999999015847
160,10,7,0.041999999989983564
160,10,8,0.041999999989126464
160,10,9,0.04199999999001757
160,10,10,0.0419999999863925
160,11,1,0.041999999990163635
160,11,2,0.041999999990219965
160,11,3,0.04199999999022367
160,11,4,0.04199999999024853
160,11,5,0.04199999998240462
160,11,6,0.04199999998995114
160,11,7,0.041999999990206274
160,11,8,0.04199999999066989
160,11,9,0.0419999999902324
160,11,10,0.041999999990297826
160,12,1,0.04199999999034091
160,12,2,0.04199999999036134
160,12,3,0.041999999990211534
160,12,4,0.04199999999021578
160,12,5,0.041999999990204984
160,12,6,0.0419999999902158
160,12,7,0.04199999998734446
160,12,8,0.04199999999025868
160,12,9,0.04199999999039512
160,12,10,0.04199999998588054
160,13,1,0.04199999999034
160,13,2,0.04199999999028433
160,13,3,0.041999999990209806
160,13,4,0.04199999999016144
160,13,5,0.04199999999018985
160,13,6,0.041999999990232455
160,13,7,0.04199999999023344
160,13,8,0.04199999999040301
160,13,9,0.04199999999020313
160,13,10,0.04199999998613997
160,14,1,0.04199999999018666
160,14,2,0.04199999998692119
160,14,3,0.041999999990202604
160,14,4,0.041999999990272194
160,14,5,0.041999999990189274
160,14,6,0.04199999998650969
160,14,7,0.04199999999023232
160,14,8,0.04199999998799273
160,14,9,0.041999999990198045
160,14,10,0.04199999999026367
160,15,1,0.04199999999010464
160,15,2,0.041999999990080764
160,15,3,0.04199999998362784
160,15,4,0.04199999999005584
160,15,5,0.04199999999017444
160,15,6,0.041999999990073526
160,15,7,0.04199999999009171
160,15,8,0.04199999999126226
160,15,9,0.04199999999010413
160,15,10,0.04199999999019818
160,16,1,0.04199999998986749
160,16,2,0.041999999991048066
160,16,3,0.04199999998990023
160,16,4,0.04199999998986357
160,16,5,0.041999999989827785
160,16,6,0.0419999999898884
160,16,7,0.041999999989536116
160,16,8,0.04199999998954938
160,16,9,0.04199999998992537
160,16,10,0.04199999998721043
160,17,1,0.04199999998197393
160,17,2,0.0419999999913981
160,17,3,0.04199999998974668
160,17,4,0.04199999998966962
160,17,5,0.04199999982365613
160,17,6,0.041999999828523614
160,17,7,0.04199999982572373
160,17,8,0.04199999999146904
160,17,9,0.04199999998878637
160,17,10,0.041999999990565834
160,18,1,0.041999999774493736
160,18,2,0.041999999771774134
160,18,3,0.04199999977416155
160,18,4,0.04199999977434092
160,18,5,0.04199999976872315
160,18,6,0.04199999976813276
160,18,7,0.041999999768997154
160,18,8,0.04199999977312249
160,18,9,0.04199999977380006
160,18,10,0.04199999977330723
160,19,1,0.04199999976296608
160,19,2,0.041999999762369754
160,19,3,0.04199999976229
160,19,4,0.041999999762385685
160,19,5,0.04199999976271956
160,19,6,0.04199999976310533
160,19,7,0.04199999976297922
160,19,8,0.04199999976232652
160,19,9,0.04199999976232936
160,19,10,0.041999999762996454
160,20,1,0.04199999976303719
160,20,2,0.041999999762243855
160,20,3,0.041999999762254506
160,20,4,0.04199999976220995
160,20,5,0.041999999762258766
160,20,6,0.041999999762908156
160,20,7,0.04199999976224815
160,20,8,0.04199999976278877
160,20,9,0.0419999997629084
160,20,10,0.04199999976213694
160,21,1,0.0419999997623246
160,21,2,0.04199999976298848
160,21,3,0.04199999976298089
160,21,4,0.04199999976227349
160,21,5,0.04199999976234099
160,21,6,0.04199999976310813
160,21,7,0.0419999997631124
160,21,8,0.04199999976224712
160,21,9,0.04199999976315134
160,21,10,0.04199999976229885
160,22,1,0.04199999976233143
160,22,2,0.04199999976224251
160,22,3,0.04199999976234011
160,22,4,0.04199999976233298
160,22,5,0.041999999763111424
160,22,6,0.0419999997623389
160,22,7,0.04199999976305686
160,22,8,0.041999999762250446
160,22,9,0.04199999976232368
160,22,10,0.041999999762220123
160,23,1,0.04199999976310676
160,23,2,0.04199999976293388
160,23,3,0.04199999976299089
160,23,4,0.04199999976233065
160,23,5,0.041999999762343816
160,23,6,0.04199999976232812
160,23,7,0.0419999997632753
160,23,8,0.04199999976221742
160,23,9,0.041999999762334234
160,23,10,0.04199999976232025
160,24,1,0.041999999762245076
160,24,2,0.04199999976296968
160,24,3,0.04199999997997093
160,24,4,0.04199999976256101
160,24,5,0.04199999976224023
160,24,6,0.041999999762240385
160,24,7,0.04199999976316462
160,24,8,0.04199999976247312
160,24,9,0.04199999976303245
160,24,10,0.04199999976276433
151,1,1,0.04499999998952586
151,1,2,0.04499999999032998
151,1,3,0.0449999999896035
151,1,4,0.044999999989568905
151,1,5,0.04499999998952551
151,1,6,0.04499999998951975
151,1,7,0.044999999989860553
151,1,8,0.04499999999163035
151,1,9,0.044999999989378
151,1,10,0.04499999999007409
151,2,1,0.04499999998963015
151,2,2,0.044999999990322316
151,2,3,0.04499999998960491
151,2,4,0.0449999999895693
151,2,5,0.04499999998952747
151,2,6,0.044999999989515746
151,2,7,0.04499999998986237
151,2,8,0.04499999999165752
151,2,9,0.04499999998947039
151,2,10,0.04499999999005801
151,3,1,0.04499999998958506
151,3,2,0.04499999999031853
151,3,3,0.044999999989663954
151,3,4,0.04499999998962732
151,3,5,0.044999999989523656
151,3,6,0.044999999989515815
151,3,7,0.04499999998985169
151,3,8,0.04499999999162542
151,3,9,0.044999999989438426
151,3,10,0.04499999999006445
151,4,1,0.04499999998959105
151,4,2,0.04499999999031797
151,4,3,0.04499999998960567
151,4,4,0.044999999989570987
151,4,5,0.04499999998952336
151,4,6,0.0449999999895387
151,4,7,0.04499999998986744
151,4,8,0.044999999991664166
151,4,9,0.04499999998943863
151,4,10,0.044999999990077644
151,5,1,0.04499999998959003
151,5,2,0.04499999999033115
151,5,3,0.04499999998960512
151,5,4,0.04499999998957071
151,5,5,0.044999999989559454
151,5,6,0.04499999998953804
151,5,7,0.04499999998986179
151,5,8,0.04499999999160993
151,5,9,0.044999999989355735
151,5,10,0.044999999990080725
151,6,1,0.044999999989597465
151,6,2,0.044999999990328644
151,6,3,0.044999999989609046
151,6,4,0.04499999998957973
151,6,5,0.04499999998953644
151,6,6,0.04499999998953082
151,6,7,0.04499999998990981
151,6,8,0.04499999999161968
151,6,9,0.04499999998923687
151,6,10,0.04499999999008617
151,7,1,0.04499999998959266
151,7,2,0.04499999999033858
151,7,3,0.044999999989610975
151,7,4,0.04499999998957646
151,7,5,0.04499999998945766
151,7,6,0.04499999998954794
151,7,7,0.04499999999003285
151,7,8,0.044999999991619515
151,7,9,0.044999999989221724
151,7,10,0.04499999999009092
151,8,1,0.044999999989591234
151,8,2,0.044999999990340725
151,8,3,0.04499999998957591
151,8,4,0.044999999989573713
151,8,5,0.04499999998954338
151,8,6,0.044999999989545084
151,8,7,0.044999999989948886
151,8,8,0.04499999998944591
151,8,9,0.044999999989244935
151,8,10,0.04499999999008916
151,9,1,0.04499999998989581
151,9,2,0.04499999998964895
151,9,3,0.04499999998994481
151,9,4,0.04499999998986863
151,9,5,0.044999999989974976
151,9,6,0.04499999998980549
151,9,7,0.044999999990222354
151,9,8,0.04499999999062995
151,9,9,0.04499999998943541
151,9,10,0.044999999990356476
151,10,1,0.04499999999017513
151,10,2,0.044999999989734266
151,10,3,0.044999999990165226
151,10,4,0.0449999999901379
151,10,5,0.04499999999020005
151,10,6,0.04499999998972277
151,10,7,0.04499999998994081
151,10,8,0.04499999999066873
151,10,9,0.044999999990050214
151,10,10,0.04499999999018629
151,11,1,0.044999999990278754
151,11,2,0.0449999999903064
151,11,3,0.04499999998995509
151,11,4,0.044999999989930636
151,11,5,0.04499999999028993
151,11,6,0.04499999998982659
151,11,7,0.0449999999903066
151,11,8,0.04499999999077185
151,11,9,0.044999999989973116
151,11,10,0.044999999990080114
151,12,1,0.04499999999029839
151,12,2,0.04499999999011003
151,12,3,0.04499999999031061
151,12,4,0.044999999989914684
151,12,5,0.0449999999902983
151,12,6,0.04499999999030382
151,12,7,0.04499999999032209
151,12,8,0.044999999990176294
151,12,9,0.04499999999030652
151,12,10,0.044999999990326126
151,13,1,0.04499999999029622
151,13,2,0.044999999990032596
151,13,3,0.04499999999030947
151,13,4,0.044999999990035976
151,13,5,0.04499999999010199
151,13,6,0.0449999999900134
151,13,7,0.04499999999032189
151,13,8,0.04499999999019798
151,13,9,0.04499999999030602
151,13,10,0.04499999999032468
151,14,1,0.044999999990299425
151,14,2,0.04499999999033391
151,14,3,0.04499999999030614
151,14,4,0.0449999999899393
151,14,5,0.044999999990283604
151,14,6,0.044999999990289585
151,14,7,0.04499999998995439
151,14,8,0.04499999999059695
151,14,9,0.044999999990305274
151,14,10,0.0449999999900618
151,15,1,0.044999999989819114
151,15,2,0.04499999999033276
151,15,3,0.0449999999901762
151,15,4,0.04499999999015878
151,15,5,0.044999999989857625
151,15,6,0.044999999990173414
151,15,7,0.04499999999020532
151,15,8,0.044999999991350924
151,15,9,0.044999999989802274
151,15,10,0.0449999999903067
151,16,1,0.04499999998993997
151,16,2,0.04499999999010265
151,16,3,0.04499999998999796
151,16,4,0.044999999989554895
151,16,5,0.04499999998962844
151,16,6,0.044999999989899946
151,16,7,0.04499999998994346
151,16,8,0.044999999991212014
151,16,9,0.04499999998948905
151,16,10,0.04499999999007854
151,17,1,0.04499999998831632
151,17,2,0.04499999999102565
151,17,3,0.044999999989882765
151,17,4,0.044999999988444006
151,17,5,0.044999999989622716
151,17,6,0.04499999998990045
151,17,7,0.04499999998994872
151,17,8,0.044999999991211265
151,17,9,0.04499999998955264
151,17,10,0.044999999990805735
151,18,1,0.04499999998669956
151,18,2,0.044999999991012646
151,18,3,0.044999999989936285
151,18,4,0.04499999998842836
151,18,5,0.044999999989620225
151,18,6,0.04499999998990099
151,18,7,0.044999999989962874
151,18,8,0.04499999999121524
151,18,9,0.04499999998951495
151,18,10,0.044999999991593764
151,19,1,0.04499999998672892
151,19,2,0.04499999999100148
151,19,3,0.04499999998984795
151,19,4,0.04499999998838756
151,19,5,0.044999999989526376
151,19,6,0.04499999998989654
151,19,7,0.044999999989947616
151,19,8,0.04499999999115624
151,19,9,0.04499999998951561
151,19,10,0.044999999991563074
151,20,1,0.04499999998010533
151,20,2,0.04499999999113328
151,20,3,0.0449999999895282
151,20,4,0.04499999998701246
151,20,5,0.0449999999894932
151,20,6,0.04499999998893247
151,20,7,0.04499999999012482
151,20,8,0.04499999998161025
151,20,9,0.044999999986563434
151,20,10,0.04499999999163685
151,21,1,0.044999999983769405
151,21,2,0.04499999999101413
151,21,3,0.044999999989318126
151,21,4,0.04499999998902632
151,21,5,0.0449999999905828
151,21,6,0.044999999990677164
151,21,7,0.044999999990625775
151,21,8,0.04499999998425387
151,21,9,0.044999999987122175
151,21,10,0.044999999991588435
151,22,1,0.04499999998700171
151,22,2,0.04499999998745283
151,22,3,0.044999999989325086
151,22,4,0.04499999998904266
151,22,5,0.044999999990584225
151,22,6,0.04499999999068169
151,22,7,0.044999999990629175
151,22,8,0.044999999989646135
151,22,9,0.044999999987174286
151,22,10,0.04499999999159984
151,23,1,0.044999999988749755
151,23,2,0.044999999989349185
151,23,3,0.044999999989329686
151,23,4,0.04499999998904702
151,23,5,0.044999999990582226
151,23,6,0.04499999999068143
151,23,7,0.04499999999062629
151,23,8,0.04499999998963298
151,23,9,0.04499999998873737
151,23,10,0.04499999999159033
151,24,1,0.04499999998901396
151,24,2,0.04499999998925097
151,24,3,0.04499999998956622
151,24,4,0.044999999989046455
151,24,5,0.0449999999892045
151,24,6,0.044999999989229225
151,24,7,0.04499999998917538
151,24,8,0.0449999999893303
151,24,9,0.044999999989050986
151,24,10,0.04499999999139463
150,1,1,-1.9068520605327748e-11
150,1,2,-1.8129674646550745e-11
150,1,3,-1.87781309657336e-11
150,1,4,-1.9129790202290797e-11
150,1,5,-1.9159949050273548e-11
150,1,6,-1.9141981380312143e-11
150,1,7,-1.8905385145769588e-11
150,1,8,-1.5950047244726262e-11
150,1,9,-1.919583438709472e-11
150,1,10,-1.8542437684398465e-11
150,2,1,-1.8976773538120364e-11
150,2,2,-1.8150812463683282e-11
150,2,3,-1.903829053250175e-11
150,2,4,-1.910329668602472e-11
150,2,5,-1.9118298804093828e-11
150,2,6,-1.9115713683401537e-11
150,2,7,-1.8997225402188232e-11
150,2,8,-1.5949228207293792e-11
150,2,9,-1.8935651449466986e-11
150,2,10,-1.864322339946644e-11
150,3,1,-1.9046674574835674e-11
150,3,2,-1.8217937900183267e-11
150,3,3,-1.9021977226393485e-11
150,3,4,-1.9013035642892926e-11
150,3,5,-1.9044018892757177e-11
150,3,6,-1.9051421391466328e-11
150,3,7,-1.8963433759893214e-11
150,3,8,-1.5960128831147117e-11
150,3,9,-1.9063478921497337e-11
150,3,10,-1.865683258806558e-11
150,4,1,-1.891559170832183e-11
150,4,2,-1.8098536810950426e-11
150,4,3,-1.9124889611660354e-11
150,4,4,-1.91161652139139e-11
150,4,5,-1.9116189932999132e-11
150,4,6,-1.9073641089653867e-11
150,4,7,-1.8872790421708696e-11
150,4,8,-1.5957655441479243e-11
150,4,9,-1.9111067291547702e-11
150,4,10,-1.8652094454434306e-11
150,5,1,-1.9142994301737323e-11
150,5,2,-1.8179366794078704e-11
150,5,3,-1.906012776121004e-11
150,5,4,-1.916332944957425e-11
150,5,5,-1.9182823597849683e-11
150,5,6,-1.8776191155659788e-11
150,5,7,-1.876697072236217e-11
150,5,8,-1.595184167730071e-11
150,5,9,-1.9179995323919898e-11
150,5,10,-1.8619899541976834e-11
150,6,1,-1.9151541205322934e-11
150,6,2,-1.8108857444664896e-11
150,6,3,-1.882048675798819e-11
150,6,4,-1.9181024054178726e-11
150,6,5,-1.9111072409056385e-11
150,6,6,-1.932303896876524e-11
150,6,7,-1.8635081534509116e-11
150,6,8,-1.5943480971107365e-11
150,6,9,-1.920544082843893e-11
150,6,10,-1.8450190007294267e-11
150,7,1,-1.9207902377809405e-11
150,7,2,-1.776688349843225e-11
150,7,3,-1.9058855729244184e-11
150,7,4,-1.909998372566373e-11
150,7,5,-1.9358767301017847e-11
150,7,6,-1.9213024779460542e-11
150,7,7,-1.8705256389472467e-11
150,7,8,-1.5957130007095335e-11
150,7,9,-1.9226582157079258e-11
150,7,10,-1.8392207244493074e-11
150,8,1,-1.898359273151745e-11
150,8,2,-1.809592145951665e-11
150,8,3,-1.889504048151484e-11
150,8,4,-1.918455978895409e-11
150,8,5,-1.9180216788019576e-11
150,8,6,-1.9199771490940808e-11
150,8,7,-1.873184842931391e-11
150,8,8,-1.5894855656050028e-11
150,8,9,-1.927891685083716e-11
150,8,10,-1.8508549858336498e-11
150,9,1,-1.9431702193167813e-11
150,9,2,-1.9435410260613837e-11
150,9,3,-1.9433008394034476e-11
150,9,4,-1.9433354116728447e-11
150,9,5,-1.9427912311121726e-11
150,9,6,-1.9432899887056247e-11
150,9,7,-1.9123068342450755e-11
150,9,8,-1.5915051743411122e-11
150,9,9,-1.604638279688142e-11
150,9,10,-1.8862722479477576e-11
150,10,1,-1.859803098558882e-11
150,10,2,-1.878629050832473e-11
150,10,3,-1.8652506551118952e-11
150,10,4,-1.8612995432167685e-11
150,10,5,-1.865795340437015e-11
150,10,6,-1.878489166277249e-11
150,10,7,-1.8616677191845402e-11
150,10,8,-1.7589662272945927e-11
150,10,9,-1.8675999083976744e-11
150,10,10,-1.862521411275295e-11
150,11,1,-1.862432599820753e-11
150,11,2,-1.862349907653788e-11
150,11,3,-1.862541883628756e-11
150,11,4,-1.8626357177410804e-11
150,11,5,-1.8623766800255475e-11
150,11,6,-1.862640587723539e-11
150,11,7,-1.862353952651051e-11
150,11,8,-1.7951233783294462e-11
150,11,9,-1.8625635919912288e-11
150,11,10,-1.8625769339208728e-11
150,12,1,-1.8572169341904888e-11
150,12,2,-1.857348113476587e-11
150,12,3,-1.8572787681584598e-11
150,12,4,-1.857360679518555e-11
150,12,5,-1.8572708925599896e-11
150,12,6,-1.8572120750078038e-11
150,12,7,-1.8572517761199477e-11
150,12,8,-1.8394639155839318e-11
150,12,9,-1.8572762502746746e-11
150,12,10,-1.8572635266282896e-11
150,13,1,-1.8564771106728374e-11
150,13,2,-1.8566004649151105e-11
150,13,3,-1.8565257497965668e-11
150,13,4,-1.846044093164318e-11
150,13,5,-1.8563729420409935e-11
150,13,6,-1.856605330919036e-11
150,13,7,-1.8565294940957106e-11
150,13,8,-1.856619353778169e-11
150,13,9,-1.8564732772533232e-11
150,13,10,-1.856550855291157e-11
150,14,1,-1.8579876053156602e-11
150,14,2,-1.858004794084341e-11
150,14,3,-1.857962512771127e-11
150,14,4,-1.858162308497193e-11
150,14,5,-1.8579627084189635e-11
150,14,6,-1.857991792753399e-11
150,14,7,-1.8581799618642774e-11
150,14,8,-1.832772846602635e-11
150,14,9,-1.8579179841907846e-11
150,14,10,-1.8580405577958067e-11
150,15,1,-1.878064493031419e-11
150,15,2,-1.8743499172575013e-11
150,15,3,-1.8779602245570438e-11
150,15,4,-1.878115997033269e-11
150,15,5,-1.8785360020035375e-11
150,15,6,-1.8777917009186204e-11
150,15,7,-1.8776629239161678e-11
150,15,8,-1.6780859450360708e-11
150,15,9,-1.8783782709754593e-11
150,15,10,-1.8762640825312332e-11
150,16,1,-1.8617830095919506e-11
150,16,2,-1.855311176448186e-11
150,16,3,-1.8845375165755034e-11
150,16,4,-1.8934000165225636e-11
150,16,5,-1.9007105910969663e-11
150,16,6,-1.8820595211934026e-11
150,16,7,-1.8816640901101468e-11
150,16,8,-1.656751740119752e-11
150,16,9,-1.901235964815764e-11
150,16,10,-1.8626825444175404e-11
150,17,1,-1.9916286078297213e-11
150,17,2,-1.6902518763301678e-11
150,17,3,-1.8829851033987965e-11
150,17,4,-2.0246686109481536e-11
150,17,5,-1.9328769955336354e-11
150,17,6,-1.884143043647372e-11
150,17,7,-1.8769153341810658e-11
150,17,8,-1.6620851262204638e-11
150,17,9,-1.9463503972885372e-11
150,17,10,-1.7266122514740584e-11
150,18,1,-2.2506896755630594e-11
150,18,2,-1.678744557262636e-11
150,18,3,-1.864623748688865e-11
150,18,4,-2.1119031015970735e-11
150,18,5,-1.924061730637635e-11
150,18,6,-1.8586864786744295e-11
150,18,7,-1.8587198612801197e-11
150,18,8,-1.6580729764639044e-11
150,18,9,-1.9139072158701023e-11
150,18,10,-1.6037436087459884e-11
150,19,1,-2.4017945144327137e-11
150,19,2,-1.678929946379415e-11
150,19,3,-1.8620261744432393e-11
150,19,4,-2.1218770718097797e-11
150,19,5,-1.858709520100873e-11
150,19,6,-1.85078185485048e-11
150,19,7,-1.8275603958021078e-11
150,19,8,-1.6607997638871746e-11
150,19,9,-1.9119266348648244e-11
150,19,10,-1.6023624972053615e-11
150,20,1,-3.1434262042312595e-11
150,20,2,-1.6340446420209384e-11
150,20,3,-1.7018636675661058e-11
150,20,4,-1.7114477849146687e-11
150,20,5,-1.6818997045261422e-11
150,20,6,-1.704417699925082e-11
150,20,7,-1.6741025821448987e-11
150,20,8,-3.1773884639987866e-11
150,20,9,-1.7222083346661986e-11
150,20,10,-1.5949715463264975e-11
150,21,1,-2.5119761380144215e-11
150,21,2,-1.68229260183256e-11
150,21,3,-1.9746480298741745e-11
150,21,4,-2.0264694530627317e-11
150,21,5,-1.763787260091284e-11
150,21,6,-1.7398717715685554e-11
150,21,7,-1.7457861060662977e-11
150,21,8,-1.590696888850049e-11
150,21,9,-2.299869632467024e-11
150,21,10,-1.598564409098484e-11
150,22,1,-2.201172201521068e-11
150,22,2,-1.5909649523649735e-11
150,22,3,-1.9873907601159926e-11
150,22,4,-1.9882286638151526e-11
150,22,5,-1.7653194142795553e-11
150,22,6,-1.749690758817374e-11
150,22,7,-1.758630721570912e-11
150,22,8,-1.930824376218021e-11
150,22,9,-2.2010642929987278e-11
150,22,10,-1.5993387184543773e-11
150,23,1,-2.0333013504784652e-11
150,23,2,-1.939476131199343e-11
150,23,3,-1.936226887193986e-11
150,23,4,-1.9760943071421818e-11
150,23,5,-1.7613385578975826e-11
150,23,6,-1.7137691525134733e-11
150,23,7,-1.7498832291635015e-11
150,23,8,-1.9199965196862967e-11
150,23,9,-2.0238481307697124e-11
150,23,10,-1.598744283437944e-11
150,24,1,-1.951797736115117e-11
150,24,2,-1.8640230086664078e-11
150,24,3,-1.9854608870977993e-11
150,24,4,-1.9874395891172535e-11
150,24,5,-1.7694532324485885e-11
150,24,6,-1.7506941015958425e-11
150,24,7,-1.762995342294879e-11
150,24,8,-1.9886473510190773e-11
150,24,9,-1.975236424199067e-11
150,24,10,-1.598632106785784e-11
2,1,1,0.06599999996645901
2,1,2,0.06599999996956477
2,1,3,0.0659999999574258
2,1,4,0.06599999996923174
2,1,5,0.06599999997883862
2,1,6,0.06599999997618163
2,1,7,0.06599999995645643
2,1,8,0.0659999999753894
2,1,9,0.06599999997366605
2,1,10,0.06599999998885428
2,2,1,0.06599999999072205
2,2,2,0.06599999997884604
2,2,3,0.06599999998541126
2,2,4,0.066
2,2,5,0.06599999999560391
2,2,6,0.06599999999899674
2,2,7,0.06599999998888535
2,2,8,0.066
2,2,9,0.06599999998953249
2,2,10,0.06599999999462683
2,3,1,0.06599999994478595
2,3,2,0.066
2,3,3,0.066
2,3,4,0.066
2,3,5,0.06599999997561358
2,3,6,0.0659999999876629
2,3,7,0.06599999999183091
2,3,8,0.06599999999793602
2,3,9,0.066
2,3,10,0.06599999997322392
2,4,1,0.06599999999908403
2,4,2,0.06599999994340329
2,4,3,0.066
2,4,4,0.06599999998611425
2,4,5,0.06599999997968271
2,4,6,0.0659999999304887
2,4,7,0.06599999996439739
2,4,8,0.06599999999138473
2,4,9,0.06599999997843169
2,4,10,0.066
2,5,1,0.06599999996075794
2,5,2,0.06599999994746958
2,5,3,0.06599999998980517
2,5,4,0.066
2,5,5,0.06599999997548105
2,5,6,0.06599999998594758
2,5,7,0.06599999999461212
2,5,8,0.0659999999564717
2,5,9,0.06599999990479703
2,5,10,0.06599999999866135
2,6,1,0.06599999999740219
2,6,2,0.06599999996839803
2,6,3,0.06599999999984954
2,6,4,0.06599999997860023
2,6,5,0.066
2,6,6,0.06599999995202557
2,6,7,0.066
2,6,8,0.066
2,6,9,0.06599999999670933
2,6,10,0.06599999996245424
2,7,1,0.066
2,7,2,0.06599999996402475
2,7,3,0.06599999997654764
2,7,4,0.06599999999658497
2,7,5,0.06599999998521792
2,7,6,0.066
2,7,7,0.06599999998815213
2,7,8,0.066
2,7,9,0.06599999996418504
2,7,10,0.066
2,8,1,0.0659999999848702
2,8,2,0.06599999997861455
2,8,3,0.06599999998470844
2,8,4,0.06599999999460485
2,8,5,0.066
2,8,6,0.06599999997288905
2,8,7,0.06599999997540064
2,8,8,0.06599999996944374
2,8,9,0.06599999997766155
2,8,10,0.06599999997258921
2,9,1,0.06599999995861645
2,9,2,0.06599999998524883
2,9,3,0.06599999999022035
2,9,4,0.06599999997498586
2,9,5,0.06599999997302358
2,9,6,0.06599999996286124
2,9,7,0.06599999997684743
2,9,8,0.06599999997545952
2,9,9,0.066
2,9,10,0.06599999996351737
2,10,1,0.0659999999879499
2,10,2,0.066
2,10,3,0.06599999998168657
2,10,4,0.06599999997129281
2,10,5,0.06599999996232914
2,10,6,0.066
2,10,7,0.06599999998070384
2,10,8,0.06599999996099487
2,10,9,0.0659999999928237
2,10,10,0.06599999998136068
2,11,1,0.06599999999504191
2,11,2,0.066
2,11,3,0.0659999999731727
2,11,4,0.06599999996721184
2,11,5,0.06599999998443533
2,11,6,0.06599999997355992
2,11,7,0.066
2,11,8,0.066
2,11,9,0.06599999998851452
2,11,10,0.066
2,12,1,0.06599999999369129
2,12,2,0.06599999995258223
2,12,3,0.06599999993436331
2,12,4,0.0659999999738149
2,12,5,0.06599999998255066
2,12,6,0.06599999998739065
2,12,7,0.06599999998484508
2,12,8,0.066
2,12,9,0.06599999998194919
2,12,10,0.06599999999430396
2,13,1,0.06599999996466153
2,13,2,0.06599999998866003
2,13,3,0.06599999995936469
2,13,4,0.06599999997667375
2,13,5,0.06599999996515502
2,13,6,0.06599999998825015
2,13,7,0.06599999999415702
2,13,8,0.06599999996064013
2,13,9,0.066
2,13,10,0.0659999999833219
2,14,1,0.066
2,14,2,0.06599999995093386
2,14,3,0.06599999997788253
2,14,4,0.066
2,14,5,0.06599999997646006
2,14,6,0.06599999999588092
2,14,7,0.06599999997804966
2,14,8,0.06599999999495254
2,14,9,0.06599999996847163
2,14,10,0.06599999999445962
2,15,1,0.0659999999992508
2,15,2,0.06599999997530617
2,15,3,0.066
2,15,4,0.06599999996133811
2,15,5,0.06599999996646475
2,15,6,0.06599999999218444
2,15,7,0.06599999996352222
2,15,8,0.06599999998431053
2,15,9,0.066
2,15,10,0.06599999996802582
2,16,1,0.06599999997824195
2,16,2,0.066
2,16,3,0.06599999995387643
2,16,4,0.06599999995827766
2,16,5,0.06599999995732535
2,16,6,0.06599999995420192
2,16,7,0.06599999999555378
2,16,8,0.066
2,16,9,0.0659999999693013
2,16,10,0.065999999982427
2,17,1,0.0659999999822657
2,17,2,0.0659999999470033
2,17,3,0.0659999999692683
2,17,4,0.06599999997682768
2,17,5,0.066
2,17,6,0.06599999999482394
2,17,7,0.06599999999383326
2,17,8,0.06599999995927619
2,17,9,0.06599999999165254
2,17,10,0.0659999999867002
2,18,1,0.06599999995474752
2,18,2,0.066
2,18,3,0.066
2,18,4,0.06599999996203251
2,18,5,0.06599999998118837
2,18,6,0.066
2,18,7,0.06599999993574637
2,18,8,0.065999999980826
2,18,9,0.066
2,18,10,0.066
2,19,1,0.06599999996463203
2,19,2,0.0659999999760098
2,19,3,0.0659999999886847
2,19,4,0.06599999997919444
2,19,5,0.066
2,19,6,0.06599999998407136
2,19,7,0.06599999996627867
2,19,8,0.0659999999998147
2,19,9,0.06599999997849659
2,19,10,0.06599999999000099
2,20,1,0.06599999999653754
2,20,2,0.066
2,20,3,0.066
2,20,4,0.066
2,20,5,0.06599999998559007
2,20,6,0.06599999999234728
2,20,7,0.066
2,20,8,0.06599999998652818
2,20,9,0.066
2,20,10,0.066
2,21,1,0.06599999998395766
2,21,2,0.066
2,21,3,0.06599999999210245
2,21,4,0.066
2,21,5,0.066
2,21,6,0.06599999999751
2,21,7,0.06599999996873598
2,21,8,0.066
2,21,9,0.06599999998120475
2,21,10,0.06599999998712415
2,22,1,0.06599999994734705
2,22,2,0.066
2,22,3,0.066
2,22,4,0.06599999998165229
2,22,5,0.066
2,22,6,0.06599999998707308
2,22,7,0.06599999998282238
2,22,8,0.06599999999218771
2,22,9,0.06599999998716131
2,22,10,0.06599999994775803
2,23,1,0.06599999996003995
2,23,2,0.0659999999869842
2,23,3,0.06599999996550643
2,23,4,0.06599999997391176
2,23,5,0.06599999999522796
2,23,6,0.06599999997575537
2,23,7,0.066
2,23,8,0.06599999996601018
2,23,9,0.066
2,23,10,0.0659999999768842
2,24,1,0.06599999999104517
2,24,2,0.066
2,24,3,0.06599999999390573
2,24,4,0.066
2,24,5,0.06599999998099551
2,24,6,0.0659999999328717
2,24,7,0.06599999996090035
2,24,8,0.06599999997862342
2,24,9,0.066
2,24,10,0.066
4,1,1,-1.5874086835644815e-11
4,1,2,-9.908093373994953e-12
4,1,3,-6.740100799190488e-12
4,1,4,-1.5866650982046327e-11
4,1,5,-4.839232967460805e-12
4,1,6,-1.4645955081820984e-11
4,1,7,-1.6632481041515234e-11
4,1,8,-1.0161510955591924e-11
4,1,9,-3.8924052524408087e-11
4,1,10,-3.7304830977580756e-11
4,2,1,-6.84757332428924e-12
4,2,2,-7.981509968821482e-12
4,2,3,-4.667335183493987e-11
4,2,4,-1.0842965231635753e-11
4,2,5,-4.4003670376451094e-11
4,2,6,0.0
4,2,7,0.0
4,2,8,-3.4216659453717435e-12
4,2,9,-4.5198963652408166e-11
4,2,10,0.0
4,3,1,-9.823542187940748e-12
4,3,2,-1.2582620308098861e-11
4,3,3,-4.386102683431068e-12
4,3,4,-1.48413375271933e-11
4,3,5,-1.2617342750294266e-11
4,3,6,0.0
4,3,7,-8.281114609107827e-12
4,3,8,-3.6818833355420355e-11
4,3,9,-1.2912256898664515e-11
4,3,10,-4.4598849638055505e-11
4,4,1,-1.513056743447333e-11
4,4,2,0.0
4,4,3,-4.52748989525255e-11
4,4,4,0.0
4,4,5,-6.231919142726024e-12
4,4,6,-6.420966509911848e-12
4,4,7,-6.3918335630933614e-12
4,4,8,0.0
4,4,9,-1.5141955283029046e-11
4,4,10,0.0
4,5,1,-1.1364188020293326e-11
4,5,2,-3.5970062168279973e-12
4,5,3,-1.0657746984691475e-11
4,5,4,-4.840950855621254e-11
4,5,5,-1.3217349656426057e-11
4,5,6,-1.3681292632406954e-11
4,5,7,0.0
4,5,8,-2.112288490820069e-11
4,5,9,-4.614408690676077e-11
4,5,10,0.0
4,6,1,-6.0022248524230594e-12
4,6,2,-3.6446757938131094e-11
4,6,3,-1.325528343672254e-11
4,6,4,0.0
4,6,5,0.0
4,6,6,-3.59927022439617e-11
4,6,7,-1.0641096704135158e-11
4,6,8,-2.470808822298276e-12
4,6,9,-1.5604601533436702e-11
4,6,10,-1.3142993948779583e-11
4,7,1,-1.4015758379591814e-11
4,7,2,0.0
4,7,3,-1.3677102514828204e-11
4,7,4,-1.2755088480995501e-11
4,7,5,-6.494254663524882e-12
4,7,6,-6.559658311087213e-12
4,7,7,0.0
4,7,8,-1.1894477698788652e-11
4,7,9,0.0
4,7,10,-6.196789951510114e-12
4,8,1,0.0
4,8,2,0.0
4,8,3,0.0
4,8,4,0.0
4,8,5,-4.64240341513537e-11
4,8,6,0.0
4,8,7,-6.680907940383184e-12
4,8,8,-1.490100404177852e-11
4,8,9,-4.196601791913251e-11
4,8,10,0.0
4,9,1,0.0
4,9,2,-1.459118452375111e-11
4,9,3,-6.517816394956732e-12
4,9,4,-8.538275760424348e-12
4,9,5,0.0
4,9,6,-1.3349676728426813e-11
4,9,7,-1.3812273831361664e-11
4,9,8,0.0
4,9,9,-8.905132212913012e-13
4,9,10,0.0
4,10,1,-4.2786200746698994e-11
4,10,2,-8.63303420550355e-12
4,10,3,-1.186603383617103e-11
4,10,4,0.0
4,10,5,-4.3051019364667985e-11
4,10,6,-5.028433472304117e-12
4,10,7,0.0
4,10,8,-4.104415564871891e-11
4,10,9,0.0
4,10,10,-1.0600010769857759e-11
4,11,1,-1.2490523924623883e-11
4,11,2,-4.432835524533456e-12
4,11,3,0.0
4,11,4,-5.082655754296124e-12
4,11,5,-4.442342109028733e-11
4,11,6,-1.495519102378788e-11
4,11,7,-3.433843217658818e-11
4,11,8,-6.4091721188568784e-12
4,11,9,-6.2402141403510336e-12
4,11,10,-1.0482457954279695e-11
4,12,1,-1.6459823346764086e-11
4,12,2,-1.2912450551006076e-11
4,12,3,-9.15190079362426e-12
4,12,4,-1.101012204365778e-11
4,12,5,-1.2151272007379797e-11
4,12,6,-3.749424914100111e-11
4,12,7,0.0
4,12,8,0.0
4,12,9,-1.146269431403582e-11
4,12,10,-3.5192489935494627e-11
4,13,1,-7.585281528153199e-12
4,13,2,-1.0590069602948925e-11
4,13,3,-3.9979798966054395e-11
4,13,4,-1.0723213293678524e-11
4,13,5,-1.8607962483656486e-11
4,13,6,-1.3398038866261076e-11
4,13,7,-1.1395486465468941e-11
4,13,8,-9.646168219445806e-12
4,13,9,-1.1682568425460892e-11
4,13,10,0.0
4,14,1,-1.629697532675687e-11
4,14,2,-3.455156044636218e-11
4,14,3,-1.1344359371598029e-11
4,14,4,-5.933200721749643e-12
4,14,5,-1.2206410788489819e-11
4,14,6,-6.385682004397853e-12
4,14,7,-4.912256324945091e-12
4,14,8,-3.9034002290934404e-12
4,14,9,-2.5616995518285046e-12
4,14,10,-6.375580116660464e-12
4,15,1,-7.703819486763076e-12
4,15,2,-5.0678186199782206e-11
4,15,3,-4.020282300268899e-12
4,15,4,-3.544193432230951e-11
4,15,5,-1.271238750741966e-11
4,15,6,-5.907309528438854e-12
4,15,7,-4.549186281948565e-12
4,15,8,-7.589471041671377e-12
4,15,9,-4.335013328768908e-11
4,15,10,-1.1597120416176353e-11
4,16,1,0.0
4,16,2,-1.1459883036854369e-11
4,16,3,-1.2269838778942099e-11
4,16,4,-4.625068107458881e-11
4,16,5,-3.3123879744275383e-12
4,16,6,-1.3784348237580165e-11
4,16,7,-3.545196989763396e-11
4,16,8,0.0
4,16,9,-1.0977336739280191e-11
4,16,10,0.0
4,17,1,-4.498926911527106e-12
4,17,2,-4.67007926875594e-12
4,17,3,0.0
4,17,4,0.0
4,17,5,-1.2902074383620393e-11
4,17,6,-1.288423438359591e-11
4,17,7,0.0
4,17,8,-4.237783698669415e-11
4,17,9,-4.642301273542056e-12
4,17,10,-7.173041972253465e-12
4,18,1,-1.2236299933393282e-11
4,18,2,-4.0143099681322345e-12
4,18,3,-6.306230590779551e-12
4,18,4,0.0
4,18,5,0.0
4,18,6,0.0
4,18,7,-7.454437073343436e-12
4,18,8,-1.3719256884204546e-12
4,18,9,0.0
4,18,10,-4.2019056752236393e-11
4,19,1,-1.4101009123391995e-11
4,19,2,-1.730209150228969e-11
4,19,3,-1.2357896715828089e-11
4,19,4,-4.156774309016832e-11
4,19,5,-1.3243658431086465e-11
4,19,6,-7.150954180218529e-12
4,19,7,0.0
4,19,8,-8.026940630640342e-12
4,19,9,0.0
4,19,10,0.0
4,20,1,-3.6731549885190034e-11
4,20,2,0.0
4,20,3,-1.533328033953879e-11
4,20,4,-3.1092283505235713e-12
4,20,5,0.0
4,20,6,-1.0012773002977273e-11
4,20,7,-7.442372114326314e-12
4,20,8,-1.7172057815484733e-11
4,20,9,-2.8434866763303945e-12
4,20,10,-2.854672207037242e-11
4,21,1,-1.7603904386332774e-11
4,21,2,-7.11186305147515e-12
4,21,3,0.0
4,21,4,-1.494930274652063e-11
4,21,5,0.0
4,21,6,-1.5189543317165942e-11
4,21,7,-9.56551751591878e-12
4,21,8,-1.1753053391627688e-11
4,21,9,-8.678733093646401e-12
4,21,10,-7.724098272846172e-12
4,22,1,-1.1240271708084689e-11
4,22,2,-3.0266910505671873e-11
4,22,3,-3.9971604907196e-11
4,22,4,-7.676143657179716e-12
4,22,5,-6.1868300794713634e-12
4,22,6,-6.280145783927419e-12
4,22,7,-5.543288926536674e-12
4,22,8,-1.3663848491281338e-11
4,22,9,-2.778787230065546e-11
4,22,10,-7.03701521520308e-12
4,23,1,-7.131135904045603e-12
4,23,2,-3.7188545615358744e-11
4,23,3,-7.626703672085618e-12
4,23,4,-9.489834561634697e-12
4,23,5,-3.6127673721146814e-11
4,23,6,-1.7038155530529128e-11
4,23,7,-1.4935579918674042e-12
4,23,8,0.0
4,23,9,0.0
4,23,10,-8.650979145711219e-12
4,24,1,-9.425347064342188e-12
4,24,2,0.0
4,24,3,-3.9781354423460636e-11
4,24,4,0.0
4,24,5,-1.1216686018021216e-11
4,24,6,-6.6513068250628125e-12
4,24,7,0.0
4,24,8,-4.4149139157553115e-11
4,24,9,-3.4579984499274213e-12
4,24,10,-1.49539380307303e-11
6,1,1,0.041999999945086325
6,1,2,0.04199999999268475
6,1,3,0.041999999980647816
6,1,4,0.04199999998859988
6,1,5,0.041999999978931876
6,1,6,0.041999999955091
6,1,7,0.042
6,1,8,0.042
6,1,9,0.042
6,1,10,0.04199999996220647
6,2,1,0.042
6,2,2,0.042
6,2,3,0.04199999998968041
6,2,4,0.04199999995777773
6,2,5,0.04199999999793531
6,2,6,0.0419999999616825
6,2,7,0.042
6,2,8,0.041999999991513826
6,2,9,0.042
6,2,10,0.042
6,3,1,0.042
6,3,2,0.042
6,3,3,0.04199999998495622
6,3,4,0.0419999999669065
6,3,5,0.0419999999529249
6,3,6,0.041999999993258194
6,3,7,0.04199999997096507
6,3,8,0.041999999991818256
6,3,9,0.04199999999627458
6,3,10,0.04199999997628739
6,4,1,0.041999999965421156
6,4,2,0.042
6,4,3,0.04199999996746045
6,4,4,0.04199999999902339
6,4,5,0.0419999999800637
6,4,6,0.04199999996499535
6,4,7,0.04199999995427058
6,4,8,0.04199999998007441
6,4,9,0.04199999996335972
6,4,10,0.04199999998684291
6,5,1,0.04199999996369928
6,5,2,0.04199999999211518
6,5,3,0.04199999998689784
6,5,4,0.041999999996735884
6,5,5,0.042
6,5,6,0.041999999987836226
6,5,7,0.04199999997629367
6,5,8,0.04199999999969347
6,5,9,0.042
6,5,10,0.04199999997013051
6,6,1,0.041999999982135855
6,6,2,0.042
6,6,3,0.042
6,6,4,0.042
6,6,5,0.042
6,6,6,0.042
6,6,7,0.04199999999764909
6,6,8,0.04199999998067279
6,6,9,0.041999999968119525
6,6,10,0.042
6,7,1,0.04199999998768809
6,7,2,0.041999999964735114
6,7,3,0.04199999997481082
6,7,4,0.04199999998187954
6,7,5,0.04199999998556213
6,7,6,0.042
6,7,7,0.042
6,7,8,0.041999999957179665
6,7,9,0.042
6,7,10,0.04199999996981225
6,8,1,0.04199999999067453
6,8,2,0.042
6,8,3,0.042
6,8,4,0.042
6,8,5,0.041999999971018186
6,8,6,0.04199999999729158
6,8,7,0.04199999997580639
6,8,8,0.04199999999165908
6,8,9,0.042
6,8,10,0.04199999999937368
6,9,1,0.04199999998851849
6,9,2,0.042
6,9,3,0.041999999973566064
6,9,4,0.042
6,9,5,0.04199999997377006
6,9,6,0.04199999999081726
6,9,7,0.04199999998798058
6,9,8,0.04199999998933591
6,9,9,0.042
6,9,10,0.04199999999110268
6,10,1,0.041999999982336035
6,10,2,0.042
6,10,3,0.041999999991316365
6,10,4,0.041999999981236866
6,10,5,0.04199999998504415
6,10,6,0.04199999998727034
6,10,7,0.042
6,10,8,0.04199999997016811
6,10,9,0.04199999998772202
6,10,10,0.042
6,11,1,0.04199999999833852
6,11,2,0.04199999999372112
6,11,3,0.04199999997608483
6,11,4,0.04199999997395726
6,11,5,0.042
6,11,6,0.04199999999278965
6,11,7,0.04199999994902736
6,11,8,0.04199999997335229
6,11,9,0.04199999997887771
6,11,10,0.04199999996991261
6,12,1,0.042
6,12,2,0.04199999998687864
6,12,3,0.042
6,12,4,0.04199999998459925
6,12,5,0.04199999999336818
6,12,6,0.041999999960828927
6,12,7,0.04199999999444656
6,12,8,0.042
6,12,9,0.042
6,12,10,0.042
6,13,1,0.04199999998833533
6,13,2,0.042
6,13,3,0.041999999990391126
6,13,4,0.0419999999644557
6,13,5,0.041999999987241
6,13,6,0.04199999995722733
6,13,7,0.042
6,13,8,0.041999999964123895
6,13,9,0.041999999975887235
6,13,10,0.0419999999807105
6,14,1,0.042
6,14,2,0.042
6,14,3,0.04199999999558799
6,14,4,0.041999999979509775
6,14,5,0.042
6,14,6,0.04199999996196983
6,14,7,0.042
6,14,8,0.041999999970409284
6,14,9,0.042
6,14,10,0.0419999999871697
6,15,1,0.04199999994631416
6,15,2,0.04199999998935559
6,15,3,0.042
6,15,4,0.04199999998412335
6,15,5,0.04199999996832076
6,15,6,0.041999999969248136
6,15,7,0.04199999996074605
6,15,8,0.04199999996589791
6,15,9,0.04199999998250318
6,15,10,0.04199999999940514
6,16,1,0.04199999998899415
6,16,2,0.041999999994455146
6,16,3,0.04199999998187328
6,16,4,0.04199999998451998
6,16,5,0.04199999996871535
6,16,6,0.042
6,16,7,0.042
6,16,8,0.04199999998541814
6,16,9,0.041999999952228785
6,16,10,0.042
6,17,1,0.04199999999150105
6,17,2,0.042
6,17,3,0.04199999996592203
6,17,4,0.04199999999199668
6,17,5,0.042
6,17,6,0.0419999999648305
6,17,7,0.04199999995024504
6,17,8,0.0419999999972777
6,17,9,0.042
6,17,10,0.041999999993121546
6,18,1,0.04199999997534484
6,18,2,0.042
6,18,3,0.04199999999532794
6,18,4,0.042
6,18,5,0.04199999998922685
6,18,6,0.041999999983512296
6,18,7,0.0419999999804218
6,18,8,0.04199999996412781
6,18,9,0.04199999998420705
6,18,10,0.042
6,19,1,0.041999999994685296
6,19,2,0.04199999998978524
6,19,3,0.041999999986301426
6,19,4,0.04199999998773055
6,19,5,0.0419999999789983
6,19,6,0.04199999998759991
6,19,7,0.041999999991244014
6,19,8,0.04199999998197761
6,19,9,0.041999999986887436
6,19,10,0.041999999984532375
6,20,1,0.04199999998642923
6,20,2,0.04199999997137339
6,20,3,0.042
6,20,4,0.042
6,20,5,0.042
6,20,6,0.0419999999904074
6,20,7,0.041999999986798715
6,20,8,0.041999999977759925
6,20,9,0.0419999999785854
6,20,10,0.0419999999899344
6,21,1,0.04199999998628926
6,21,2,0.042
6,21,3,0.04199999997739427
6,21,4,0.042
6,21,5,0.04199999999528008
6,21,6,0.04199999997915031
6,21,7,0.04199999995413994
6,21,8,0.042
6,21,9,0.04199999997748614
6,21,10,0.04199999998408694
6,22,1,0.041999999988765004
6,22,2,0.042
6,22,3,0.041999999982399
6,22,4,0.04199999997862662
6,22,5,0.042
6,22,6,0.042
6,22,7,0.042
6,22,8,0.04199999998670899
6,22,9,0.04199999998316004
6,22,10,0.04199999995875855
6,23,1,0.0419999999558651
6,23,2,0.04199999994571521
6,23,3,0.041999999984943484
6,23,4,0.04199999998039147
6,23,5,0.041999999992147055
6,23,6,0.04199999996549805
6,23,7,0.04199999998195523
6,23,8,0.041999999987018054
6,23,9,0.042
6,23,10,0.041999999994075186
6,24,1,0.041999999995697326
6,24,2,0.041999999940043005
6,24,3,0.041999999948071465
6,24,4,0.04199999999158393
6,24,5,0.0419999999893659
6,24,6,0.042
6,24,7,0.042
6,24,8,0.041999999999510734
6,24,9,0.041999999951739496
6,24,10,0.042
12,1,1,0.042
12,1,2,0.04199999999557694
12,1,3,0.041999999995149105
12,1,4,0.041999999985231545
12,1,5,0.04199999998121663
12,1,6,0.04199999998784781
12,1,7,0.041999999940961714
12,1,8,0.04199999996315916
12,1,9,0.04199999997909035
12,1,10,0.041999999999606095
12,2,1,0.041999999977535035
12,2,2,0.04199999999712214
12,2,3,0.042
12,2,4,0.042
12,2,5,0.04199999997984995
12,2,6,0.04199999996970607
12,2,7,0.042
12,2,8,0.041999999999747864
12,2,9,0.042
12,2,10,0.042
12,3,1,0.04199999995759031
12,3,2,0.042
12,3,3,0.04199999996563566
12,3,4,0.041999999958855165
12,3,5,0.042
12,3,6,0.041999999972392885
12,3,7,0.04199999996411488
12,3,8,0.042
12,3,9,0.04199999993196257
12,3,10,0.04199999999445573
12,4,1,0.04199999996006629
12,4,2,0.041999999961944576
12,4,3,0.042
12,4,4,0.04199999999596056
12,4,5,0.04199999999316494
12,4,6,0.04199999997357361
12,4,7,0.041999999972233984
12,4,8,0.04199999998883219
12,4,9,0.04199999999153886
12,4,10,0.0419999999943591
12,5,1,0.042
12,5,2,0.041999999993047335
12,5,3,0.042
12,5,4,0.04199999998781549
12,5,5,0.04199999999884608
12,5,6,0.042
12,5,7,0.042
12,5,8,0.0419999999860024
12,5,9,0.041999999994102866
12,5,10,0.041999999954773194
12,6,1,0.04199999999613046
12,6,2,0.0419999999883118
12,6,3,0.041999999947035294
12,6,4,0.04199999999909978
12,6,5,0.041999999993964025
12,6,6,0.0419999999874281
12,6,7,0.042
12,6,8,0.041999999999448145
12,6,9,0.042
12,6,10,0.041999999993249666
12,7,1,0.041999999969572176
12,7,2,0.04199999998462724
12,7,3,0.04199999998666111
12,7,4,0.042
12,7,5,0.042
12,7,6,0.041999999945588576
12,7,7,0.04199999998797894
12,7,8,0.04199999996880315
12,7,9,0.042
12,7,10,0.042
12,8,1,0.041999999996989335
12,8,2,0.04199999999257071
12,8,3,0.042
12,8,4,0.041999999981072185
12,8,5,0.042
12,8,6,0.042
12,8,7,0.041999999983067984
12,8,8,0.042
12,8,9,0.041999999995947064
12,8,10,0.04199999997918067
12,9,1,0.042
12,9,2,0.04199999998928199
12,9,3,0.04199999997856193
12,9,4,0.04199999999155537
12,9,5,0.042
12,9,6,0.04199999996812124
12,9,7,0.04199999999792422
12,9,8,0.04199999999540086
12,9,9,0.042
12,9,10,0.04199999997421533
12,10,1,0.042
12,10,2,0.042
12,10,3,0.041999999976559066
12,10,4,0.04199999999352595
12,10,5,0.04199999997819671
12,10,6,0.0419999999926081
12,10,7,0.04199999997725036
12,10,8,0.04199999999401314
12,10,9,0.04199999997355468
12,10,10,0.042
12,11,1,0.04199999997951358
12,11,2,0.04199999998607202
12,11,3,0.04199999998853265
12,11,4,0.04199999998320425
12,11,5,0.042
12,11,6,0.042
12,11,7,0.041999999952038965
12,11,8,0.042
12,11,9,0.041999999965350476
12,11,10,0.042
12,12,1,0.041999999982994175
12,12,2,0.04199999997118485
12,12,3,0.04199999995111818
12,12,4,0.042
12,12,5,0.041999999991487576
12,12,6,0.042
12,12,7,0.04199999999181487
12,12,8,0.041999999994237744
12,12,9,0.04199999998461818
12,12,10,0.041999999987650936
12,13,1,0.04199999999826517
12,13,2,0.042
12,13,3,0.04199999998334707
12,13,4,0.04199999999849661
12,13,5,0.041999999992825734
12,13,6,0.041999999971201955
12,13,7,0.04199999995479724
12,13,8,0.04199999999146738
12,13,9,0.04199999996905074
12,13,10,0.04199999997558747
12,14,1,0.042
12,14,2,0.042
12,14,3,0.042
12,14,4,0.04199999999737661
12,14,5,0.042
12,14,6,0.042
12,14,7,0.042
12,14,8,0.04199999999539076
12,14,9,0.042
12,14,10,0.042
12,15,1,0.041999999977597305
12,15,2,0.04199999997827542
12,15,3,0.041999999991614495
12,15,4,0.041999999981370065
12,15,5,0.04199999999434999
12,15,6,0.04199999998757806
12,15,7,0.04199999998140306
12,15,8,0.041999999994351916
12,15,9,0.04199999999645485
12,15,10,0.042
12,16,1,0.042
12,16,2,0.04199999999590642
12,16,3,0.04199999996323045
12,16,4,0.042
12,16,5,0.04199999998151397
12,16,6,0.04199999998452053
12,16,7,0.041999999948015766
12,16,8,0.042
12,16,9,0.042
12,16,10,0.04199999998097621
12,17,1,0.041999999961514434
12,17,2,0.041999999991034764
12,17,3,0.04199999998540722
12,17,4,0.04199999998174367
12,17,5,0.041999999990040414
12,17,6,0.042
12,17,7,0.04199999997091768
12,17,8,0.042
12,17,9,0.042
12,17,10,0.041999999997251514
12,18,1,0.04199999998979172
12,18,2,0.041999999984725
12,18,3,0.04199999997006484
12,18,4,0.04199999997424028
12,18,5,0.04199999997818409
12,18,6,0.04199999998131577
12,18,7,0.04199999999299372
12,18,8,0.04199999996987038
12,18,9,0.042
12,18,10,0.04199999999825997
12,19,1,0.04199999998967389
12,19,2,0.041999999995032594
12,19,3,0.0419999999872004
12,19,4,0.04199999997147915
12,19,5,0.0419999999934414
12,19,6,0.04199999998534407
12,19,7,0.041999999995252814
12,19,8,0.042
12,19,9,0.041999999969436305
12,19,10,0.042
12,20,1,0.041999999984237125
12,20,2,0.04199999992238891
12,20,3,0.042
12,20,4,0.042
12,20,5,0.04199999997712334
12,20,6,0.041999999999940744
12,20,7,0.041999999991647476
12,20,8,0.04199999997674356
12,20,9,0.041999999974604324
12,20,10,0.042
12,21,1,0.04199999996748429
12,21,2,0.04199999996883596
12,21,3,0.04199999999138593
12,21,4,0.041999999969142825
12,21,5,0.042
12,21,6,0.041999999963589295
12,21,7,0.0419999999893184
12,21,8,0.042
12,21,9,0.041999999998028344
12,21,10,0.041999999990597475
12,22,1,0.04199999998544052
12,22,2,0.04199999999778957
12,22,3,0.041999999977356296
12,22,4,0.04199999996906643
12,22,5,0.041999999945754804
12,22,6,0.041999999983936886
12,22,7,0.04199999996390689
12,22,8,0.042
12,22,9,0.04199999999116347
12,22,10,0.042
12,23,1,0.04199999998421533
12,23,2,0.041999999959314395
12,23,3,0.04199999999398571
12,23,4,0.04199999998013964
12,23,5,0.042
12,23,6,0.041999999973252496
12,23,7,0.041999999985141735
12,23,8,0.04199999999087789
12,23,9,0.04199999997370694
12,23,10,0.041999999994413846
12,24,1,0.042
12,24,2,0.041999999946000316
12,24,3,0.042
12,24,4,0.042
12,24,5,0.042
12,24,6,0.04199999999578091
12,24,7,0.042
12,24,8,0.042
12,24,9,0.042
12,24,10,0.04199999998197111
10,1,1,0.0
10,1,2,-4.497338816676475e-11
10,1,3,0.0
10,1,4,-7.460086999770946e-13
10,1,5,-3.438571096835014e-11
10,1,6,-1.1009149785449308e-11
10,1,7,0.0
10,1,8,0.0
10,1,9,-4.2245280875971924e-11
10,1,10,0.0
10,2,1,-6.87945805331356e-11
10,2,2,0.0
10,2,3,-3.17782393118202e-11
10,2,4,-3.88194498495873e-11
10,2,5,-6.21044535943825e-11
10,2,6,-1.7294917273268415e-11
10,2,7,-5.921820683075018e-11
10,2,8,-1.0447479470085397e-11
10,2,9,-6.004031067821786e-11
10,2,10,0.0
10,3,1,0.0
10,3,2,0.0
10,3,3,-3.434074878300503e-11
10,3,4,-5.155750347026398e-12
10,3,5,-9.640356604594798e-12
10,3,6,-3.674370558755539e-11
10,3,7,-8.144956519416143e-11
10,3,8,-1.7963936002791947e-11
10,3,9,-5.247522096376609e-13
10,3,10,0.0
10,4,1,-9.018096012120481e-12
10,4,2,-3.926434751855791e-13
10,4,3,-8.663402047257492e-12
10,4,4,-7.425230775023579e-11
10,4,5,-1.3214800519828244e-12
10,4,6,0.0
10,4,7,-1.0064539772462736e-11
10,4,8,0.0
10,4,9,-5.488349337471539e-11
10,4,10,-2.0737771901756635e-11
10,5,1,0.0
10,5,2,-1.5553976734667048e-11
10,5,3,0.0
10,5,4,-2.7327679533031537e-11
10,5,5,-2.5411499582563096e-11
10,5,6,-9.358147734182923e-13
10,5,7,0.0
10,5,8,0.0
10,5,9,0.0
10,5,10,0.0
10,6,1,-3.630222828653336e-11
10,6,2,0.0
10,6,3,-2.861505803488228e-11
10,6,4,-5.4333169889816805e-11
10,6,5,-6.012378915389896e-12
10,6,6,-5.528815548895981e-12
10,6,7,0.0
10,6,8,0.0
10,6,9,-1.9878472057420736e-11
10,6,10,-5.95048415295589e-11
10,7,1,-2.2467941513673966e-11
10,7,2,-1.020194786945269e-11
10,7,3,0.0
10,7,4,-3.3957399828206196e-11
10,7,5,-3.803623442446192e-12
10,7,6,-1.4707287266095148e-13
10,7,7,-4.333253810544715e-11
10,7,8,-2.098658378156537e-12
10,7,9,-5.641806514678948e-11
10,7,10,-1.662157702066989e-11
10,8,1,-2.4889640607161158e-11
10,8,2,-1.3455878380436193e-11
10,8,3,-1.0441393670994555e-12
10,8,4,-5.974694986948593e-11
10,8,5,0.0
10,8,6,-6.758768784060221e-11
10,8,7,-6.11129019608718e-11
10,8,8,-5.369316102843413e-13
10,8,9,-2.4828734277060365e-11
10,8,10,-3.828220330974748e-11
10,9,1,-3.209336495511026e-11
10,9,2,-1.6253081441265705e-11
10,9,3,-3.402458993833083e-11
10,9,4,-2.1595455781349102e-11
10,9,5,0.0
10,9,6,0.0
10,9,7,0.0
10,9,8,-5.66633198695321e-12
10,9,9,0.0
10,9,10,0.0
10,10,1,0.0
10,10,2,-2.309359113617919e-11
10,10,3,-3.5926147728236994e-12
10,10,4,0.0
10,10,5,0.0
10,10,6,-6.243618033161872e-11
10,10,7,0.0
10,10,8,-3.9764132714950616e-12
10,10,9,-2.758818562613497e-11
10,10,10,-1.3298525293258369e-11
10,11,1,0.0
10,11,2,-2.2684183142707264e-11
10,11,3,0.0
10,11,4,-7.90764952173543e-12
10,11,5,0.0
10,11,6,0.0
10,11,7,-1.0141759073314508e-11
10,11,8,0.0
10,11,9,0.0
10,11,10,-2.0048166032903144e-11
10,12,1,0.0
10,12,2,0.0
10,12,3,0.0
10,12,4,-3.508876177492053e-11
10,12,5,-4.8143931240024287e-11
10,12,6,0.0
10,12,7,-2.4932501852254978e-11
10,12,8,0.0
10,12,9,0.0
10,12,10,0.0
10,13,1,-1.8581440335027903e-11
10,13,2,-3.432022144335826e-11
10,13,3,-3.5670081481254313e-11
10,13,4,-4.189050778144733e-12
10,13,5,-2.796237177069841e-11
10,13,6,-4.320505952045001e-11
10,13,7,0.0
10,13,8,-1.255715395571914e-11
10,13,9,0.0
10,13,10,-6.882866902363246e-12
10,14,1,0.0
10,14,2,0.0
10,14,3,0.0
10,14,4,0.0
10,14,5,0.0
10,14,6,-3.1194720607554203e-11
10,14,7,-2.4156758242220778e-11
10,14,8,0.0
10,14,9,-9.280115933895146e-12
10,14,10,-3.563250130860065e-11
10,15,1,0.0
10,15,2,0.0
10,15,3,0.0
10,15,4,-4.598766098567578e-11
10,15,5,0.0
10,15,6,0.0
10,15,7,0.0
10,15,8,0.0
10,15,9,0.0
10,15,10,0.0
10,16,1,-1.4640685131400033e-11
10,16,2,-1.477932331932199e-12
10,16,3,-2.2186548668960582e-11
10,16,4,-4.5821002798473264e-11
10,16,5,-3.7425229473633007e-11
10,16,6,-6.106628882991254e-11
10,16,7,-4.444763832157695e-11
10,16,8,-6.013715527115511e-11
10,16,9,-1.942847484485557e-11
10,16,10,0.0
10,17,1,-2.5904407884845173e-11
10,17,2,-1.608225936057545e-11
10,17,3,-5.6682260223360224e-11
10,17,4,0.0
10,17,5,-3.642811704873424e-11
10,17,6,-3.1651223487270996e-11
10,17,7,0.0
10,17,8,0.0
10,17,9,0.0
10,17,10,0.0
10,18,1,-4.0765342584720686e-11
10,18,2,0.0
10,18,3,-2.6404661003440202e-11
10,18,4,-3.3047554135636865e-11
10,18,5,-2.0753496292009078e-11
10,18,6,0.0
10,18,7,-4.6881902110780884e-11
10,18,8,-4.415670729190384e-11
10,18,9,-1.8874649497186675e-11
10,18,10,0.0
10,19,1,0.0
10,19,2,0.0
10,19,3,-9.69149498031889e-12
10,19,4,-3.09859234973651e-11
10,19,5,-5.159742831418586e-12
10,19,6,-1.3343278666336449e-12
10,19,7,-1.895282605234236e-11
10,19,8,-1.5949676243413664e-11
10,19,9,-3.5682968895636375e-11
10,19,10,-5.020275005799874e-11
10,20,1,-4.955040419918924e-12
10,20,2,-1.0496711732722258e-11
10,20,3,-1.1069362191594004e-11
10,20,4,0.0
10,20,5,0.0
10,20,6,0.0
10,20,7,0.0
10,20,8,-5.98684461241628e-11
10,20,9,0.0
10,20,10,0.0
10,21,1,-1.020204275912562e-11
10,21,2,-2.188846881876424e-11
10,21,3,-4.492755402109997e-11
10,21,4,-1.445920334244582e-11
10,21,5,-9.561275234042621e-12
10,21,6,-4.3646857734311547e-11
10,21,7,-1.93354258754759e-11
10,21,8,-3.1107234843563702e-12
10,21,9,0.0
10,21,10,0.0
10,22,1,-3.470530977308315e-11
10,22,2,-2.379780400518783e-12
10,22,3,-3.4462495650367153e-12
10,22,4,-3.0492535802920025e-11
10,22,5,0.0
10,22,6,-5.267479406950731e-13
10,22,7,-1.0795509080353452e-11
10,22,8,-1.6940873407684826e-11
10,22,9,-1.1210238204262085e-11
10,22,10,-1.3706589722208613e-11
10,23,1,-2.140037890327717e-11
10,23,2,0.0
10,23,3,-4.411474318407446e-11
10,23,4,-3.912005443310967e-11
10,23,5,0.0
10,23,6,-1.352829254411067e-11
10,23,7,0.0
10,23,8,-3.3122755839400376e-12
10,23,9,-2.5901950086375463e-11
10,23,10,0.0
10,24,1,-1.648129297613317e-11
10,24,2,-4.5469649866086054e-11
10,24,3,0.0
10,24,4,-2.2037294635853373e-11
10,24,5,-2.2641176439034827e-11
10,24,6,-9.813592955963802e-12
10,24,7,-9.048631621841816e-12
10,24,8,-4.0992737223444705e-11
10,24,9,-1.431132217244938e-11
10,24,10,0.0
11,1,1,0.04199999998053679
11,1,2,0.04199999997081755
11,1,3,0.042
11,1,4,0.042
11,1,5,0.04199999998102362
11,1,6,0.042
11,1,7,0.042
11,1,8,0.041999999995669904
11,1,9,0.041999999975027756
11,1,10,0.042
11,2,1,0.04199999999257437
11,2,2,0.04199999999996596
11,2,3,0.0419999999700651
11,2,4,0.042
11,2,5,0.04199999997366029
11,2,6,0.04199999998186774
11,2,7,0.042
11,2,8,0.04199999998874333
11,2,9,0.042
11,2,10,0.042
11,3,1,0.042
11,3,2,0.04199999998532274
11,3,3,0.042
11,3,4,0.04199999995622821
11,3,5,0.04199999997165331
11,3,6,0.042
11,3,7,0.04199999999959732
11,3,8,0.04199999998995562
11,3,9,0.042
11,3,10,0.04199999995998196
11,4,1,0.042
11,4,2,0.04199999999666947
11,4,3,0.042
11,4,4,0.042
11,4,5,0.042
11,4,6,0.04199999999171755
11,4,7,0.04199999999835023
11,4,8,0.041999999990991625
11,4,9,0.042
11,4,10,0.042
11,5,1,0.042
11,5,2,0.041999999963942845
11,5,3,0.042
11,5,4,0.041999999983717756
11,5,5,0.042
11,5,6,0.04199999999412947
11,5,7,0.04199999997532793
11,5,8,0.04199999999391861
11,5,9,0.041999999973050296
11,5,10,0.041999999990748126
11,6,1,0.042
11,6,2,0.042
11,6,3,0.042
11,6,4,0.042
11,6,5,0.041999999968369624
11,6,6,0.042
11,6,7,0.042
11,6,8,0.04199999999880223
11,6,9,0.04199999999249983
11,6,10,0.04199999993824065
11,7,1,0.042
11,7,2,0.041999999979926574
11,7,3,0.042
11,7,4,0.042
11,7,5,0.041999999966906246
11,7,6,0.04199999998795547
11,7,7,0.04199999999949956
11,7,8,0.041999999988994396
11,7,9,0.042
11,7,10,0.042
11,8,1,0.042
11,8,2,0.041999999977993405
11,8,3,0.04199999997404303
11,8,4,0.042
11,8,5,0.04199999996670042
11,8,6,0.041999999980390584
11,8,7,0.04199999999240344
11,8,8,0.04199999998884936
11,8,9,0.042
11,8,10,0.042
11,9,1,0.042
11,9,2,0.042
11,9,3,0.04199999997481016
11,9,4,0.04199999999273495
11,9,5,0.04199999999070997
11,9,6,0.04199999998847516
11,9,7,0.042
11,9,8,0.042
11,9,9,0.04199999997642461
11,9,10,0.042
11,10,1,0.0419999999916815
11,10,2,0.042
11,10,3,0.04199999998039771
11,10,4,0.041999999972754214
11,10,5,0.04199999996223101
11,10,6,0.04199999996179091
11,10,7,0.042
11,10,8,0.041999999962700964
11,10,9,0.042
11,10,10,0.042
11,11,1,0.04199999996693563
11,11,2,0.0419999999889518
11,11,3,0.042
11,11,4,0.0419999999922795
11,11,5,0.04199999999140109
11,11,6,0.042
11,11,7,0.04199999994089873
11,11,8,0.042
11,11,9,0.0419999999634573
11,11,10,0.042
11,12,1,0.041999999996231614
11,12,2,0.042
11,12,3,0.04199999996883275
11,12,4,0.04199999998355123
11,12,5,0.042
11,12,6,0.042
11,12,7,0.04199999997739336
11,12,8,0.042
11,12,9,0.042
11,12,10,0.04199999998108182
11,13,1,0.042
11,13,2,0.042
11,13,3,0.04199999999162716
11,13,4,0.042
11,13,5,0.041999999970789695
11,13,6,0.0419999999909831
11,13,7,0.041999999958688576
11,13,8,0.042
11,13,9,0.04199999997079045
11,13,10,0.04199999998071806
11,14,1,0.042
11,14,2,0.041999999966891015
11,14,3,0.041999999990159936
11,14,4,0.042
11,14,5,0.041999999985662985
11,14,6,0.042
11,14,7,0.042
11,14,8,0.041999999995960394
11,14,9,0.04199999999620725
11,14,10,0.041999999957774085
11,15,1,0.042
11,15,2,0.04199999997547968
11,15,3,0.04199999997356502
11,15,4,0.042
11,15,5,0.042
11,15,6,0.04199999998331077
11,15,7,0.042
11,15,8,0.04199999999122613
11,15,9,0.042
11,15,10,0.04199999994260965
11,16,1,0.04199999999633401
11,16,2,0.042
11,16,3,0.04199999993591659
11,16,4,0.042
11,16,5,0.04199999999884967
11,16,6,0.042
11,16,7,0.04199999996748987
11,16,8,0.042
11,16,9,0.04199999996211263
11,16,10,0.042
11,17,1,0.041999999959941706
11,17,2,0.04199999997557464
11,17,3,0.04199999998097795
11,17,4,0.042
11,17,5,0.042
11,17,6,0.041999999976340185
11,17,7,0.042
11,17,8,0.042
11,17,9,0.042
11,17,10,0.042
11,18,1,0.042
11,18,2,0.042
11,18,3,0.04199999999310779
11,18,4,0.04199999998516598
11,18,5,0.04199999995637553
11,18,6,0.04199999997879868
11,18,7,0.04199999995088534
11,18,8,0.042
11,18,9,0.042
11,18,10,0.042
11,19,1,0.04199999995385299
11,19,2,0.04199999999992088
11,19,3,0.042
11,19,4,0.0419999999866883
11,19,5,0.042
11,19,6,0.04199999997729968
11,19,7,0.042
11,19,8,0.042
11,19,9,0.04199999996828786
11,19,10,0.04199999999154558
11,20,1,0.04199999996946562
11,20,2,0.04199999998500679
11,20,3,0.04199999997819632
11,20,4,0.04199999998856062
11,20,5,0.041999999985378136
11,20,6,0.042
11,20,7,0.042
11,20,8,0.04199999996916534
11,20,9,0.042
11,20,10,0.041999999999588235
11,21,1,0.042
11,21,2,0.04199999999498906
11,21,3,0.04199999999599976
11,21,4,0.04199999999568179
11,21,5,0.041999999995559645
11,21,6,0.041999999965963854
11,21,7,0.042
11,21,8,0.04199999998635662
11,21,9,0.04199999999425775
11,21,10,0.041999999975541664
11,22,1,0.04199999998680873
11,22,2,0.0419999999842066
11,22,3,0.04199999998008602
11,22,4,0.042
11,22,5,0.04199999999152608
11,22,6,0.042
11,22,7,0.04199999997353751
11,22,8,0.041999999991235965
11,22,9,0.04199999999313833
11,22,10,0.042
11,23,1,0.042
11,23,2,0.041999999959922985
11,23,3,0.042
11,23,4,0.042
11,23,5,0.042
11,23,6,0.04199999998273623
11,23,7,0.042
11,23,8,0.04199999999220897
11,23,9,0.041999999975529355
11,23,10,0.042
11,24,1,0.04199999999259235
11,24,2,0.04199999993950206
11,24,3,0.04199999999059689
11,24,4,0.041999999977424395
11,24,5,0.04199999998234061
11,24,6,0.04199999996610554
11,24,7,0.04199999998979962
11,24,8,0.04199999996070049
11,24,9,0.04199999996827913
11,24,10,0.042
16,1,1,0.04499999999590775
16,1,2,0.045
16,1,3,0.044999999986386124
16,1,4,0.045
16,1,5,0.044999999973144564
16,1,6,0.04499999997888094
16,1,7,0.044999999963515294
16,1,8,0.045
16,1,9,0.045
16,1,10,0.044999999971140875
16,2,1,0.04499999997526543
16,2,2,0.04499999996979469
16,2,3,0.044999999994999505
16,2,4,0.04499999999697278
16,2,5,0.045
16,2,6,0.045
16,2,7,0.045
16,2,8,0.04499999995195482
16,2,9,0.044999999984728485
16,2,10,0.04499999996656053
16,3,1,0.044999999957221266
16,3,2,0.04499999997629114
16,3,3,0.044999999993910945
16,3,4,0.04499999997382614
16,3,5,0.044999999973765
16,3,6,0.045
16,3,7,0.04499999999945361
16,3,8,0.04499999999119538
16,3,9,0.04499999999229533
16,3,10,0.04499999998295839
16,4,1,0.04499999999648664
16,4,2,0.044999999994347346
16,4,3,0.044999999962264066
16,4,4,0.04499999999599676
16,4,5,0.04499999998441541
16,4,6,0.04499999997087158
16,4,7,0.045
16,4,8,0.044999999960342145
16,4,9,0.0449999999537003
16,4,10,0.04499999997886286
16,5,1,0.04499999999378672
16,5,2,0.04499999999009945
16,5,3,0.04499999998637168
16,5,4,0.04499999999348805
16,5,5,0.0449999999584315
16,5,6,0.044999999958924355
16,5,7,0.045
16,5,8,0.045
16,5,9,0.044999999982072346
16,5,10,0.04499999997081684
16,6,1,0.04499999996071866
16,6,2,0.0449999999996001
16,6,3,0.04499999993587561
16,6,4,0.04499999996401406
16,6,5,0.044999999987481124
16,6,6,0.04499999998072129
16,6,7,0.044999999985943284
16,6,8,0.044999999950876474
16,6,9,0.04499999998100788
16,6,10,0.044999999975188686
16,7,1,0.04499999997034043
16,7,2,0.044999999981362664
16,7,3,0.04499999996607184
16,7,4,0.04499999998059096
16,7,5,0.045
16,7,6,0.045
16,7,7,0.04499999998596649
16,7,8,0.0449999999719264
16,7,9,0.04499999999752613
16,7,10,0.04499999998960119
16,8,1,0.04499999999043763
16,8,2,0.044999999959632005
16,8,3,0.04499999996459873
16,8,4,0.045
16,8,5,0.044999999983295964
16,8,6,0.044999999987479354
16,8,7,0.04499999997711455
16,8,8,0.044999999997436715
16,8,9,0.04499999997110427
16,8,10,0.045
16,9,1,0.045
16,9,2,0.044999999992285815
16,9,3,0.04499999999052561
16,9,4,0.04499999998945453
16,9,5,0.04499999999118843
16,9,6,0.04499999999825436
16,9,7,0.04499999999919479
16,9,8,0.04499999999052276
16,9,9,0.04499999999901407
16,9,10,0.04499999998556072
16,10,1,0.045
16,10,2,0.044999999973855606
16,10,3,0.044999999942297295
16,10,4,0.044999999996044544
16,10,5,0.045
16,10,6,0.04499999997740657
16,10,7,0.0449999999976726
16,10,8,0.045
16,10,9,0.044999999969696475
16,10,10,0.045
16,11,1,0.0449999999427503
16,11,2,0.04499999997523176
16,11,3,0.044999999991150494
16,11,4,0.044999999977147306
16,11,5,0.04499999998671629
16,11,6,0.044999999959739766
16,11,7,0.045
16,11,8,0.04499999999197048
16,11,9,0.04499999996397685
16,11,10,0.04499999998425303
16,12,1,0.045
16,12,2,0.04499999998621898
16,12,3,0.04499999998531744
16,12,4,0.045
16,12,5,0.044999999989947734
16,12,6,0.04499999997083593
16,12,7,0.04499999998032767
16,12,8,0.045
16,12,9,0.04499999999354454
16,12,10,0.045
16,13,1,0.04499999998845205
16,13,2,0.045
16,13,3,0.0449999999906507
16,13,4,0.04499999998752606
16,13,5,0.0449999999893312
16,13,6,0.045
16,13,7,0.04499999998929179
16,13,8,0.04499999999877076
16,13,9,0.045
16,13,10,0.045
16,14,1,0.04499999999366668
16,14,2,0.045
16,14,3,0.045
16,14,4,0.04499999998482751
16,14,5,0.04499999996528868
16,14,6,0.045
16,14,7,0.044999999972306255
16,14,8,0.045
16,14,9,0.04499999999174267
16,14,10,0.0449999999997281
16,15,1,0.04499999999773679
16,15,2,0.0449999999778998
16,15,3,0.04499999996413191
16,15,4,0.045
16,15,5,0.04499999995140564
16,15,6,0.04499999995261432
16,15,7,0.04499999994870889
16,15,8,0.04499999999659683
16,15,9,0.045
16,15,10,0.044999999973511125
16,16,1,0.044999999986963
16,16,2,0.045
16,16,3,0.045
16,16,4,0.04499999999536033
16,16,5,0.044999999992043745
16,16,6,0.04499999997132118
16,16,7,0.044999999991385764
16,16,8,0.04499999995203258
16,16,9,0.045
16,16,10,0.04499999999089199
16,17,1,0.04499999996221597
16,17,2,0.045
16,17,3,0.04499999999207869
16,17,4,0.045
16,17,5,0.045
16,17,6,0.044999999963701395
16,17,7,0.0449999999917834
16,17,8,0.045
16,17,9,0.045
16,17,10,0.04499999999365787
16,18,1,0.04499999997043369
16,18,2,0.04499999994977925
16,18,3,0.04499999997439571
16,18,4,0.045
16,18,5,0.04499999996542176
16,18,6,0.044999999984468894
16,18,7,0.04499999999354556
16,18,8,0.04499999997137619
16,18,9,0.045
16,18,10,0.044999999999144204
16,19,1,0.04499999998098095
16,19,2,0.044999999995426816
16,19,3,0.0449999999838495
16,19,4,0.04499999997346385
16,19,5,0.045
16,19,6,0.04499999995834157
16,19,7,0.045
16,19,8,0.04499999999967735
16,19,9,0.04499999998981764
16,19,10,0.04499999996907528
16,20,1,0.044999999976681165
16,20,2,0.044999999999562626
16,20,3,0.045
16,20,4,0.045
16,20,5,0.0449999999540989
16,20,6,0.04499999999095054
16,20,7,0.04499999999333381
16,20,8,0.04499999997557976
16,20,9,0.04499999998986167
16,20,10,0.044999999971094766
16,21,1,0.045
16,21,2,0.045
16,21,3,0.04499999999594439
16,21,4,0.0449999999807507
16,21,5,0.04499999999597104
16,21,6,0.045
16,21,7,0.04499999999221401
16,21,8,0.04499999997594211
16,21,9,0.04499999999356674
16,21,10,0.045
16,22,1,0.044999999992122716
16,22,2,0.04499999998069078
16,22,3,0.04499999997092894
16,22,4,0.044999999995592586
16,22,5,0.04499999998609096
16,22,6,0.04499999998302867
16,22,7,0.044999999993802116
16,22,8,0.04499999994973856
16,22,9,0.044999999981284886
16,22,10,0.045
16,23,1,0.04499999999522615
16,23,2,0.045
16,23,3,0.04499999996726182
16,23,4,0.045
16,23,5,0.044999999973133226
16,23,6,0.045
16,23,7,0.045
16,23,8,0.045
16,23,9,0.04499999999371685
16,23,10,0.045
16,24,1,0.044999999979653454
16,24,2,0.04499999993193834
16,24,3,0.044999999970736164
16,24,4,0.04499999995001081
16,24,5,0.045
16,24,6,0.045
16,24,7,0.045
16,24,8,0.044999999988452645
16,24,9,0.04499999997069597
16,24,10,0.04499999999932878
17,1,1,0.04199999998563278
17,1,2,0.042
17,1,3,0.041999999959514735
17,1,4,0.041999999996694876
17,1,5,0.04199999998894654
17,1,6,0.04199999994456462
17,1,7,0.0419999999754647
17,1,8,0.042
17,1,9,0.041999999991171
17,1,10,0.041999999994232956
17,2,1,0.0419999999920952
17,2,2,0.04199999995516982
17,2,3,0.04199999999356886
17,2,4,0.041999999992956734
17,2,5,0.042
17,2,6,0.04199999999943891
17,2,7,0.04199999999750955
17,2,8,0.04199999997664608
17,2,9,0.042
17,2,10,0.04199999995191557
17,3,1,0.0419999999890744
17,3,2,0.041999999950087206
17,3,3,0.04199999995853095
17,3,4,0.041999999984391884
17,3,5,0.042
17,3,6,0.04199999999718021
17,3,7,0.041999999983994965
17,3,8,0.04199999994563314
17,3,9,0.04199999998732621
17,3,10,0.042
17,4,1,0.041999999957482485
17,4,2,0.04199999997417083
17,4,3,0.042
17,4,4,0.04199999996587175
17,4,5,0.04199999996784389
17,4,6,0.042
17,4,7,0.04199999998151146
17,4,8,0.041999999978900825
17,4,9,0.041999999996962085
17,4,10,0.042
17,5,1,0.042
17,5,2,0.042
17,5,3,0.04199999995702976
17,5,4,0.04199999996759847
17,5,5,0.04199999998711687
17,5,6,0.041999999991352836
17,5,7,0.042
17,5,8,0.042
17,5,9,0.042
17,5,10,0.041999999976177954
17,6,1,0.04199999999415952
17,6,2,0.042
17,6,3,0.041999999954169066
17,6,4,0.04199999994316944
17,6,5,0.041999999966133815
17,6,6,0.04199999999252922
17,6,7,0.042
17,6,8,0.04199999997414768
17,6,9,0.042
17,6,10,0.04199999997883462
17,7,1,0.04199999996148282
17,7,2,0.041999999961274084
17,7,3,0.041999999984159854
17,7,4,0.042
17,7,5,0.04199999995501758
17,7,6,0.04199999999510634
17,7,7,0.04199999998544344
17,7,8,0.041999999979468246
17,7,9,0.04199999998499023
17,7,10,0.041999999966230925
17,8,1,0.04199999999352732
17,8,2,0.04199999999749292
17,8,3,0.04199999998869321
17,8,4,0.04199999999852151
17,8,5,0.04199999999202275
17,8,6,0.042
17,8,7,0.041999999969964716
17,8,8,0.04199999999220265
17,8,9,0.042
17,8,10,0.042
17,9,1,0.041999999990005116
17,9,2,0.041999999978934076
17,9,3,0.04199999996640466
17,9,4,0.04199999998405475
17,9,5,0.042
17,9,6,0.041999999976353335
17,9,7,0.04199999999587467
17,9,8,0.042
17,9,9,0.042
17,9,10,0.041999999978356455
17,10,1,0.041999999995396976
17,10,2,0.04199999997874821
17,10,3,0.04199999993200408
17,10,4,0.042
17,10,5,0.041999999993347345
17,10,6,0.042
17,10,7,0.04199999999896059
17,10,8,0.042
17,10,9,0.041999999980707095
17,10,10,0.04199999998256375
17,11,1,0.04199999994693868
17,11,2,0.0419999999962062
17,11,3,0.04199999999142822
17,11,4,0.04199999997627979
17,11,5,0.041999999996033495
17,11,6,0.041999999999719616
17,11,7,0.04199999999581696
17,11,8,0.04199999998893055
17,11,9,0.041999999987626026
17,11,10,0.042
17,12,1,0.04199999998597357
17,12,2,0.04199999999987474
17,12,3,0.042
17,12,4,0.04199999996691088
17,12,5,0.04199999998940501
17,12,6,0.042
17,12,7,0.04199999997355668
17,12,8,0.04199999997831307
17,12,9,0.04199999998110009
17,12,10,0.04199999998802094
17,13,1,0.041999999988251546
17,13,2,0.042
17,13,3,0.04199999998476351
17,13,4,0.041999999983536575
17,13,5,0.041999999942449316
17,13,6,0.04199999999697771
17,13,7,0.04199999999408998
17,13,8,0.042
17,13,9,0.042
17,13,10,0.042
17,14,1,0.0419999999685678
17,14,2,0.041999999978651475
17,14,3,0.041999999985632315
17,14,4,0.0419999999635517
17,14,5,0.04199999997527808
17,14,6,0.04199999998695948
17,14,7,0.042
17,14,8,0.04199999998037965
17,14,9,0.042
17,14,10,0.04199999999817353
17,15,1,0.041999999987579396
17,15,2,0.04199999995351665
17,15,3,0.041999999999303074
17,15,4,0.04199999999284629
17,15,5,0.042
17,15,6,0.04199999996388374
17,15,7,0.04199999999925047
17,15,8,0.04199999998836279
17,15,9,0.04199999999203939
17,15,10,0.04199999998452743
17,16,1,0.04199999996533864
17,16,2,0.042
17,16,3,0.042
17,16,4,0.042
17,16,5,0.04199999997554969
17,16,6,0.04199999997481
17,16,7,0.042
17,16,8,0.041999999989626696
17,16,9,0.042
17,16,10,0.042
17,17,1,0.041999999979525984
17,17,2,0.04199999999296254
17,17,3,0.042
17,17,4,0.041999999975928716
17,17,5,0.04199999997824707
17,17,6,0.041999999928144384
17,17,7,0.042
17,17,8,0.04199999996897302
17,17,9,0.04199999999907251
17,17,10,0.04199999999459853
17,18,1,0.04199999997376718
17,18,2,0.04199999998943022
17,18,3,0.042
17,18,4,0.042
17,18,5,0.04199999997577636
17,18,6,0.042
17,18,7,0.041999999991327114
17,18,8,0.04199999996452876
17,18,9,0.041999999983434615
17,18,10,0.042
17,19,1,0.04199999997848824
17,19,2,0.042
17,19,3,0.04199999999137918
17,19,4,0.0419999999877401
17,19,5,0.042
17,19,6,0.041999999972318854
17,19,7,0.04199999999178139
17,19,8,0.042
17,19,9,0.042
17,19,10,0.04199999997961639
17,20,1,0.04199999999192823
17,20,2,0.042
17,20,3,0.04199999998225566
17,20,4,0.04199999996894435
17,20,5,0.042
17,20,6,0.04199999999308854
17,20,7,0.04199999999124401
17,20,8,0.04199999999643741
17,20,9,0.041999999993387924
17,20,10,0.041999999980624564
17,21,1,0.041999999991816125
17,21,2,0.042
17,21,3,0.04199999999967387
17,21,4,0.042
17,21,5,0.04199999998767527
17,21,6,0.041999999967112664
17,21,7,0.04199999998316375
17,21,8,0.042
17,21,9,0.04199999998112092
17,21,10,0.04199999999623724
17,22,1,0.04199999999135177
17,22,2,0.04199999997179866
17,22,3,0.0419999999843362
17,22,4,0.041999999990040046
17,22,5,0.042
17,22,6,0.04199999999610853
17,22,7,0.042
17,22,8,0.041999999989687155
17,22,9,0.04199999998937754
17,22,10,0.041999999984526706
17,23,1,0.041999999964447095
17,23,2,0.04199999998630233
17,23,3,0.042
17,23,4,0.04199999996559895
17,23,5,0.042
17,23,6,0.042
17,23,7,0.04199999997807881
17,23,8,0.042
17,23,9,0.042
17,23,10,0.04199999997095349
17,24,1,0.04199999997737443
17,24,2,0.042
17,24,3,0.042
17,24,4,0.04199999998942613
17,24,5,0.04199999998707622
17,24,6,0.04199999997594354
17,24,7,0.041999999985622254
17,24,8,0.04199999996286301
17,24,9,0.04199999999901491
17,24,10,0.042
20,1,1,-0.006518973778005415
20,1,2,-0.0049418546494237
20,1,3,-0.003512426640824555
20,1,4,-0.004625482478371389
20,1,5,-0.004129846807015358
20,1,6,-0.004888038630316012
20,1,7,-0.006004825718283546
20,1,8,-0.014575896738070988
20,1,9,-0.014061376936823359
20,1,10,-0.005651258330877497
20,2,1,-0.007083503243958549
20,2,2,-0.0055057988811503915
20,2,3,-0.004303742462882846
20,2,4,-0.0051895006450721004
20,2,5,-0.00469423658795117
20,2,6,-0.0054523347759809935
20,2,7,-0.006569288950019555
20,2,8,0.012984329245303322
20,2,9,-0.010044571250381395
20,2,10,-0.006215556045336534
20,3,1,-0.011528998490142238
20,3,2,-0.009947837890294737
20,3,3,-0.00874528260763662
20,3,4,-0.009632100405907335
20,3,5,-0.011496097535689925
20,3,6,-0.00843357772535139
20,3,7,-0.011014739917416232
20,3,8,-0.013461422712496418
20,3,9,0.02284759190004381
20,3,10,-0.010659970239211876
20,4,1,-0.005539914000107728
20,4,2,-0.006442325553225367
20,4,3,-0.00524068315038824
20,4,4,-0.006126605976200091
20,4,5,-0.008258043148464664
20,4,6,-0.009031764661458887
20,4,7,-0.007507064535140861
20,4,8,0.01146625478379905
20,4,9,0.001258354892792532
20,4,10,-0.007153480413769289
20,5,1,-0.0005113738363434894
20,5,2,-0.0014118234862502998
20,5,3,-0.00022710773978133417
20,5,4,-0.0010960399531737782
20,5,5,-0.0032214266048372154
20,5,6,-0.003994266394116492
20,5,7,-0.000704079317388233
20,5,8,-0.011246777472980914
20,5,9,4.5929470278886526e-10
20,5,10,-0.002119663853565112
20,6,1,0.0031769249738456185
20,6,2,0.0023698581773748157
20,6,3,0.003486693647892385
20,6,4,0.003497329362020394
20,6,5,-3.247413490973211e-7
20,6,6,-1.0748788949314579e-8
20,6,7,2.47451165458166e-9
20,6,8,-0.0015544781316839
20,6,9,-0.013984639519284811
20,6,10,2.762594202401426e-7
20,7,1,0.010793332195618375
20,7,2,0.008391193714393208
20,7,3,0.00605848550374865
20,7,4,0.0069102125266034195
20,7,5,-2.2576614272909318e-8
20,7,6,0.003867388445243264
20,7,7,0.011420578887309837
20,7,8,-0.014905151143955435
20,7,9,-0.011893586221991475
20,7,10,0.00889519103194702
20,8,1,0.01721249142624564
20,8,2,0.01748858838097989
20,8,3,0.012484036185481311
20,8,4,0.01626215962959413
20,8,5,0.006719535495378027
20,8,6,0.011832928860384517
20,8,7,0.02037941515074552
20,8,8,0.02818747162906142
20,8,9,-0.005921773348060589
20,8,10,0.022904459485178923
20,9,1,-0.031799985092628894
20,9,2,-0.03179999933157142
20,9,3,-0.0317999725587605
20,9,4,-0.031799971846877224
20,9,5,-0.0067195373166731125
20,9,6,-0.01570032389470354
20,9,7,-0.03179999758974362
20,9,8,0.0031056703551627443
20,9,9,0.031799999877681624
20,9,10,-0.03179999340759626
20,10,1,2.622805045209987e-9
20,10,2,-1.5247523161362803e-10
20,10,3,0.00040786759452835056
20,10,4,8.413923592164544e-9
20,10,5,6.85102047897939e-9
20,10,6,-5.03724859447661e-11
20,10,7,0.03176705113726441
20,10,8,-1.483952136091524e-9
20,10,9,-0.008544631879710966
20,10,10,0.03179997765116565
20,11,1,2.420458245392168e-9
20,11,2,1.4410546298343133e-8
20,11,3,-0.00040786663172667434
20,11,4,-3.800796808321707e-9
20,11,5,-2.7459113101461557e-9
20,11,6,4.879871735068834e-10
20,11,7,-0.01638689305029277
20,11,8,1.1024363335917437e-9
20,11,9,-0.023255366164544596
20,11,10,-0.0317999693330927
20,12,1,0.014514507167390087
20,12,2,0.006863327618996034
20,12,3,0.01523736658739434
20,12,4,-4.586999090645687e-9
20,12,5,-3.3975558343752782e-9
20,12,6,0.03043141526160726
20,12,7,0.009179525420701913
20,12,8,-7.626613897148335e-11
20,12,9,0.015187758023009293
20,12,10,0.016569945630749636
20,13,1,0.01422235055420519
20,13,2,-0.006863338479873313
20,13,3,0.014911707472317823
20,13,4,0.031799999360897765
20,13,5,0.031799998181894565
20,13,6,-0.007587626264817254
20,13,7,0.0072403146304343274
20,13,8,-0.03179999920597659
20,13,9,0.014875225288025064
20,13,10,0.015230033490105615
20,14,1,0.003063136495098712
20,14,2,0.0033325489837957314
20,14,3,0.001650923975920195
20,14,4,-1.2022057406672797e-9
20,14,5,2.9895592791575997e-10
20,14,6,0.008956209153915727
20,14,7,-2.445463877548682e-9
20,14,8,-3.309520677269456e-10
20,14,9,0.001737014376005913
20,14,10,-0.019816074930730825
20,15,1,-0.0027131273245199093
20,15,2,-0.0033325505762521594
20,15,3,-0.005529765320392245
20,15,4,1.1422919589543341e-9
20,15,5,-6.407845290865594e-11
20,15,6,-0.010771234887641357
20,15,7,-0.031799976082560626
20,15,8,2.340594594104017e-9
20,15,9,6.94520459497082e-11
20,15,10,-0.011983914188371829
20,16,1,0.00271312769680822
20,16,2,-2.278856380232087e-9
20,16,3,-0.0020187686791241933
20,16,4,1.284060928452989e-10
20,16,5,-0.01453169768187712
20,16,6,-0.012596607221595543
20,16,7,9.69477160258385e-10
20,16,8,0.007597992007268329
20,16,9,-0.0013173000052186493
20,16,10,-2.7881119338280073e-9
20,17,1,-4.6106988061308394e-11
20,17,2,1.68376116158824e-7
20,17,3,0.0016905002111024306
20,17,4,-0.004603833249958894
20,17,5,-0.007497547322983989
20,17,6,-0.005782669635612049
20,17,7,5.338468817607981e-9
20,17,8,0.011805783587616053
20,17,9,-0.012749605326577854
20,17,10,-2.0467656871646003e-11
20,18,1,-2.9085239787236774e-8
20,18,2,1.3505378684740523e-6
20,18,3,0.001280342687890713
20,18,4,-0.013591390870733093
20,18,5,-0.002501203644668545
20,18,6,-0.0016974788572934783
20,18,7,1.8183011451483065e-7
20,18,8,0.012396189756155382
20,18,9,-0.0088858814176626
20,18,10,0.00011060060669330075
20,19,1,2.91401312658307e-8
20,19,2,-1.51881423225556e-6
20,19,3,-0.027222308146657465
20,19,4,-0.013604775665650676
20,19,5,-0.007269550775797372
20,19,6,-0.0009520085504976097
20,19,7,-2.0840612489256348e-7
20,19,8,3.2137821510664384e-8
20,19,9,-0.008847212879640035
20,19,10,-0.00011059224256752196
20,20,1,-0.03179999988955335
20,20,2,0.03179999959511075
20,20,3,0.03179999986301047
20,20,4,0.03179999990278416
20,20,5,0.031799999748793724
20,20,6,0.03179999966731792
20,20,7,0.031799999739708706
20,20,8,-0.031799999977081606
20,20,9,0.03179999990153079
20,20,10,0.031799955683021845
20,21,1,-2.8262993779130602e-11
20,21,2,-0.031799999638212076
20,21,3,-0.008967491376481857
20,21,4,-0.00738155628302458
20,21,5,-0.016283917485401908
20,21,6,-0.016283766070156577
20,21,7,-0.0162838300159688
20,21,8,0.03179999991011795
20,21,9,-0.029859484572778365
20,21,10,-0.016185005277638612
20,22,1,-3.7551034976902104e-12
20,22,2,0.03179999981832836
20,22,3,-0.007407377587109154
20,22,4,-0.006311648657639443
20,22,5,-0.015210814492196991
20,22,6,-0.015210504348418826
20,22,7,-0.015210645419783267
20,22,8,-0.007104283249649556
20,22,9,-0.001940515302360757
20,22,10,-0.015111228250498038
20,23,1,3.5589959888706196e-11
20,23,2,-0.0317999998038386
20,23,3,0.016374867613900664
20,23,4,0.008572023888997457
20,23,5,-0.0003052661153540444
20,23,6,-0.00030572797108755254
20,23,7,-0.00030552271962402613
20,23,8,0.007104283010925421
20,23,9,3.866346357715476e-11
20,23,10,-0.0005036738230021202
20,24,1,-1.3946388317391767e-10
20,24,2,-8.737992393411878e-11
20,24,3,-0.03179999860475448
20,24,4,-0.02667881890945895
20,24,5,-1.6619181759024723e-9
20,24,6,-1.2653996801554587e-9
20,24,7,-1.6764302923527234e-9
20,24,8,-0.031799999747005016
20,24,9,-8.245675752160549e-11
20,24,10,-5.429970246042098e-8
22,1,1,0.042
22,1,2,0.042
22,1,3,0.04199999997171273
22,1,4,0.042
22,1,5,0.04199999997062908
22,1,6,0.04199999999527575
22,1,7,0.04199999997772314
22,1,8,0.042
22,1,9,0.042
22,1,10,0.04199999998991887
22,2,1,0.041999999988304476
22,2,2,0.042
22,2,3,0.041999999997626776
22,2,4,0.0419999999793793
22,2,5,0.042
22,2,6,0.042
22,2,7,0.042
22,2,8,0.04199999997698783
22,2,9,0.042
22,2,10,0.042
22,3,1,0.041999999997110835
22,3,2,0.042
22,3,3,0.04199999996111742
22,3,4,0.042
22,3,5,0.04199999999431969
22,3,6,0.041999999986717995
22,3,7,0.04199999996361839
22,3,8,0.04199999999455963
22,3,9,0.041999999979266185
22,3,10,0.042
22,4,1,0.041999999977973254
22,4,2,0.042
22,4,3,0.041999999966566094
22,4,4,0.04199999997698595
22,4,5,0.04199999997432117
22,4,6,0.04199999997743682
22,4,7,0.04199999998035109
22,4,8,0.04199999999806447
22,4,9,0.04199999995060788
22,4,10,0.04199999998881734
22,5,1,0.042
22,5,2,0.041999999971543696
22,5,3,0.04199999995367274
22,5,4,0.041999999960309724
22,5,5,0.0419999999754353
22,5,6,0.041999999973795714
22,5,7,0.04199999997953686
22,5,8,0.04199999999294658
22,5,9,0.04199999996963009
22,5,10,0.042
22,6,1,0.04199999992437531
22,6,2,0.04199999999100158
22,6,3,0.04199999999355875
22,6,4,0.042
22,6,5,0.04199999997348822
22,6,6,0.04199999999389748
22,6,7,0.042
22,6,8,0.04199999999197036
22,6,9,0.04199999997747699
22,6,10,0.042
22,7,1,0.041999999979850614
22,7,2,0.041999999990942116
22,7,3,0.042
22,7,4,0.041999999977960625
22,7,5,0.04199999999891056
22,7,6,0.042
22,7,7,0.041999999984781156
22,7,8,0.042
22,7,9,0.041999999997681864
22,7,10,0.04199999999715204
22,8,1,0.042
22,8,2,0.041999999976618685
22,8,3,0.04199999995242843
22,8,4,0.04199999999585444
22,8,5,0.041999999996356036
22,8,6,0.04199999999473727
22,8,7,0.04199999999480686
22,8,8,0.04199999997719998
22,8,9,0.04199999997193248
22,8,10,0.042
22,9,1,0.04199999997707589
22,9,2,0.04199999998032936
22,9,3,0.042
22,9,4,0.042
22,9,5,0.042
22,9,6,0.04199999998696105
22,9,7,0.041999999979258414
22,9,8,0.041999999994384356
22,9,9,0.042
22,9,10,0.04199999998912063
22,10,1,0.042
22,10,2,0.041999999986445345
22,10,3,0.041999999972962686
22,10,4,0.042
22,10,5,0.04199999999921764
22,10,6,0.042
22,10,7,0.041999999987343335
22,10,8,0.0419999999824226
22,10,9,0.041999999965847336
22,10,10,0.042
22,11,1,0.04199999995614176
22,11,2,0.04199999998923059
22,11,3,0.0419999999820481
22,11,4,0.04199999998581225
22,11,5,0.042
22,11,6,0.04199999998984435
22,11,7,0.04199999998157605
22,11,8,0.042
22,11,9,0.041999999977889266
22,11,10,0.04199999999133608
22,12,1,0.041999999994913086
22,12,2,0.042
22,12,3,0.042
22,12,4,0.041999999949839245
22,12,5,0.042
22,12,6,0.04199999998960831
22,12,7,0.041999999974635306
22,12,8,0.04199999996494682
22,12,9,0.04199999999949822
22,12,10,0.042
22,13,1,0.041999999954429414
22,13,2,0.04199999996117347
22,13,3,0.04199999999332909
22,13,4,0.042
22,13,5,0.04199999996169576
22,13,6,0.042
22,13,7,0.042
22,13,8,0.041999999970827186
22,13,9,0.041999999990495154
22,13,10,0.041999999974481284
22,14,1,0.04199999996509272
22,14,2,0.04199999997507975
22,14,3,0.041999999987385746
22,14,4,0.0419999999700426
22,14,5,0.042
22,14,6,0.041999999986711
22,14,7,0.041999999992760655
22,14,8,0.04199999998304717
22,14,9,0.042
22,14,10,0.042
22,15,1,0.04199999998649364
22,15,2,0.04199999996646936
22,15,3,0.042
22,15,4,0.0419999999963872
22,15,5,0.04199999997815326
22,15,6,0.041999999956917146
22,15,7,0.042
22,15,8,0.041999999994973614
22,15,9,0.042
22,15,10,0.041999999991966665
22,16,1,0.04199999999088511
22,16,2,0.041999999999628855
22,16,3,0.042
22,16,4,0.041999999968992986
22,16,5,0.04199999998732201
22,16,6,0.042
22,16,7,0.04199999999178458
22,16,8,0.042
22,16,9,0.04199999998928355
22,16,10,0.042
22,17,1,0.042
22,17,2,0.04199999998523642
22,17,3,0.04199999999941378
22,17,4,0.04199999997481263
22,17,5,0.04199999998069928
22,17,6,0.042
22,17,7,0.04199999999826194
22,17,8,0.04199999999674908
22,17,9,0.041999999979556016
22,17,10,0.041999999952517186
22,18,1,0.04199999998246731
22,18,2,0.041999999995666296
22,18,3,0.04199999997679383
22,18,4,0.04199999996616932
22,18,5,0.042
22,18,6,0.041999999972382844
22,18,7,0.042
22,18,8,0.042
22,18,9,0.04199999998691862
22,18,10,0.042
22,19,1,0.041999999991924296
22,19,2,0.04199999998888228
22,19,3,0.041999999998185544
22,19,4,0.041999999983794285
22,19,5,0.042
22,19,6,0.04199999998101249
22,19,7,0.042
22,19,8,0.04199999995301233
22,19,9,0.04199999997704239
22,19,10,0.041999999965631085
22,20,1,0.04199999998217484
22,20,2,0.04199999996956215
22,20,3,0.041999999991981674
22,20,4,0.041999999983917076
22,20,5,0.04199999996277309
22,20,6,0.0419999999849225
22,20,7,0.04199999998549245
22,20,8,0.04199999999274828
22,20,9,0.04199999997518689
22,20,10,0.042
22,21,1,0.0419999999749361
22,21,2,0.0419999999856502
22,21,3,0.042
22,21,4,0.04199999999796338
22,21,5,0.041999999984340744
22,21,6,0.041999999995831844
22,21,7,0.0419999999676195
22,21,8,0.041999999987447315
22,21,9,0.042
22,21,10,0.041999999968876656
22,22,1,0.04199999997331859
22,22,2,0.042
22,22,3,0.042
22,22,4,0.04199999997223267
22,22,5,0.042
22,22,6,0.04199999996188532
22,22,7,0.041999999988632804
22,22,8,0.04199999997071051
22,22,9,0.04199999998359607
22,22,10,0.042
22,23,1,0.04199999999066413
22,23,2,0.042
22,23,3,0.04199999996901959
22,23,4,0.041999999989965814
22,23,5,0.04199999996814385
22,23,6,0.04199999995338401
22,23,7,0.042
22,23,8,0.04199999997696879
22,23,9,0.042
22,23,10,0.041999999975933476
22,24,1,0.042
22,24,2,0.042
22,24,3,0.042
22,24,4,0.041999999984034336
22,24,5,0.04199999995711593
22,24,6,0.04199999999813732
22,24,7,0.042
22,24,8,0.042
22,24,9,0.04199999995833952
22,24,10,0.041999999994635134
24,1,1,0.04199999996818253
24,1,2,0.041999999954801616
24,1,3,0.041999999984273485
24,1,4,0.04199999998939144
24,1,5,0.04199999997684718
24,1,6,0.0419999999878061
24,1,7,0.04199999997223863
24,1,8,0.041999999998776905
24,1,9,0.042
24,1,10,0.041999999982834484
24,2,1,0.041999999970952585
24,2,2,0.041999999994296
24,2,3,0.042
24,2,4,0.041999999987554916
24,2,5,0.04199999996633469
24,2,6,0.042
24,2,7,0.042
24,2,8,0.041999999963340647
24,2,9,0.041999999964740055
24,2,10,0.042
24,3,1,0.04199999999457569
24,3,2,0.042
24,3,3,0.042
24,3,4,0.04199999996731551
24,3,5,0.04199999998253908
24,3,6,0.04199999999870051
24,3,7,0.04199999995504126
24,3,8,0.041999999992164166
24,3,9,0.042
24,3,10,0.042
24,4,1,0.04199999993566452
24,4,2,0.04199999994971632
24,4,3,0.0419999999758945
24,4,4,0.04199999995841698
24,4,5,0.042
24,4,6,0.041999999953365216
24,4,7,0.041999999965410734
24,4,8,0.042
24,4,9,0.042
24,4,10,0.04199999995279983
24,5,1,0.041999999960488005
24,5,2,0.04199999996415644
24,5,3,0.04199999999151327
24,5,4,0.042
24,5,5,0.04199999996430441
24,5,6,0.041999999958580427
24,5,7,0.041999999983569854
24,5,8,0.042
24,5,9,0.042
24,5,10,0.041999999981099614
24,6,1,0.04199999998055308
24,6,2,0.041999999977350405
24,6,3,0.042
24,6,4,0.04199999997192273
24,6,5,0.041999999981036686
24,6,6,0.04199999998217048
24,6,7,0.042
24,6,8,0.04199999999038648
24,6,9,0.041999999963531806
24,6,10,0.042
24,7,1,0.042
24,7,2,0.04199999995835556
24,7,3,0.042
24,7,4,0.04199999998628836
24,7,5,0.04199999997895889
24,7,6,0.041999999961738844
24,7,7,0.042
24,7,8,0.042
24,7,9,0.042
24,7,10,0.041999999969731264
24,8,1,0.04199999996225016
24,8,2,0.042
24,8,3,0.0419999999871508
24,8,4,0.041999999975353794
24,8,5,0.04199999993437398
24,8,6,0.04199999997869253
24,8,7,0.04199999998923692
24,8,8,0.04199999998012724
24,8,9,0.042
24,8,10,0.04199999997142119
24,9,1,0.041999999959411505
24,9,2,0.042
24,9,3,0.041999999983309846
24,9,4,0.04199999998826593
24,9,5,0.04199999999187076
24,9,6,0.04199999999107631
24,9,7,0.042
24,9,8,0.042
24,9,9,0.042
24,9,10,0.042
24,10,1,0.041999999996294404
24,10,2,0.04199999999138945
24,10,3,0.042
24,10,4,0.042
24,10,5,0.042
24,10,6,0.04199999997634191
24,10,7,0.042
24,10,8,0.04199999999299757
24,10,9,0.04199999998876828
24,10,10,0.042
24,11,1,0.04199999994403405
24,11,2,0.04199999997921904
24,11,3,0.04199999996263535
24,11,4,0.04199999996544322
24,11,5,0.04199999999212914
24,11,6,0.04199999994964975
24,11,7,0.042
24,11,8,0.042
24,11,9,0.041999999982518875
24,11,10,0.042
24,12,1,0.041999999977083764
24,12,2,0.04199999999605066
24,12,3,0.04199999999274256
24,12,4,0.041999999972941314
24,12,5,0.04199999995214247
24,12,6,0.04199999994958328
24,12,7,0.04199999998331144
24,12,8,0.042
24,12,9,0.041999999992377
24,12,10,0.042
24,13,1,0.04199999999038103
24,13,2,0.04199999998001645
24,13,3,0.041999999996899955
24,13,4,0.041999999985629935
24,13,5,0.041999999962638895
24,13,6,0.04199999998243386
24,13,7,0.041999999970903035
24,13,8,0.0419999999713463
24,13,9,0.042
24,13,10,0.04199999998928298
24,14,1,0.04199999994709342
24,14,2,0.042
24,14,3,0.0419999999773242
24,14,4,0.042
24,14,5,0.04199999994367534
24,14,6,0.04199999997629093
24,14,7,0.042
24,14,8,0.041999999994384224
24,14,9,0.042
24,14,10,0.042
24,15,1,0.04199999998257793
24,15,2,0.042
24,15,3,0.04199999997602155
24,15,4,0.041999999992934516
24,15,5,0.042
24,15,6,0.042
24,15,7,0.042
24,15,8,0.041999999988687337
24,15,9,0.042
24,15,10,0.041999999967486074
24,16,1,0.041999999975489304
24,16,2,0.042
24,16,3,0.042
24,16,4,0.04199999996843792
24,16,5,0.04199999996288635
24,16,6,0.042
24,16,7,0.04199999998036439
24,16,8,0.041999999977518146
24,16,9,0.041999999974580524
24,16,10,0.042
24,17,1,0.041999999971293486
24,17,2,0.042
24,17,3,0.042
24,17,4,0.041999999977985626
24,17,5,0.04199999997718402
24,17,6,0.04199999999616602
24,17,7,0.04199999999540616
24,17,8,0.041999999996132166
24,17,9,0.04199999997332931
24,17,10,0.041999999995758944
24,18,1,0.041999999984367084
24,18,2,0.04199999998438002
24,18,3,0.042
24,18,4,0.04199999998392302
24,18,5,0.041999999959665274
24,18,6,0.041999999994399004
24,18,7,0.041999999989184696
24,18,8,0.042
24,18,9,0.04199999997805175
24,18,10,0.0419999999710861
24,19,1,0.041999999972875124
24,19,2,0.04199999998425987
24,19,3,0.041999999979658635
24,19,4,0.042
24,19,5,0.042
24,19,6,0.042
24,19,7,0.04199999999479904
24,19,8,0.04199999999396928
24,19,9,0.04199999997601087
24,19,10,0.041999999964578934
24,20,1,0.041999999971280774
24,20,2,0.04199999999125776
24,20,3,0.041999999925836654
24,20,4,0.0419999999907928
24,20,5,0.042
24,20,6,0.041999999999250165
24,20,7,0.04199999998873995
24,20,8,0.04199999999912193
24,20,9,0.041999999966142405
24,20,10,0.042
24,21,1,0.04199999997705697
24,21,2,0.041999999993052435
24,21,3,0.04199999996827762
24,21,4,0.042
24,21,5,0.042
24,21,6,0.04199999999551672
24,21,7,0.042
24,21,8,0.04199999997311507
24,21,9,0.04199999999935328
24,21,10,0.04199999995835057
24,22,1,0.04199999999027541
24,22,2,0.04199999999795616
24,22,3,0.042
24,22,4,0.04199999998426627
24,22,5,0.04199999997624746
24,22,6,0.041999999957595
24,22,7,0.042
24,22,8,0.041999999995657365
24,22,9,0.041999999989273805
24,22,10,0.041999999971494534
24,23,1,0.04199999998268749
24,23,2,0.04199999997498734
24,23,3,0.042
24,23,4,0.04199999997708546
24,23,5,0.042
24,23,6,0.04199999997816382
24,23,7,0.04199999997769349
24,23,8,0.042
24,23,9,0.04199999997565272
24,23,10,0.04199999999071695
24,24,1,0.041999999959849994
24,24,2,0.04199999995272138
24,24,3,0.042
24,24,4,0.041999999990291456
24,24,5,0.042
24,24,6,0.04199999997532848
24,24,7,0.04199999997078034
24,24,8,0.04199999999377655
24,24,9,0.04199999999051978
24,24,10,0.042
33,1,1,0.041999999987343266
33,1,2,0.041999999981634444
33,1,3,0.041999999998900396
33,1,4,0.04199999998020534
33,1,5,0.04199999994968151
33,1,6,0.042
33,1,7,0.0419999999960309
33,1,8,0.042
33,1,9,0.04199999997274266
33,1,10,0.0419999999810396
33,2,1,0.041999999991980314
33,2,2,0.04199999999506258
33,2,3,0.042
33,2,4,0.041999999987404404
33,2,5,0.042
33,2,6,0.04199999996415698
33,2,7,0.042
33,2,8,0.041999999994591086
33,2,9,0.041999999975340804
33,2,10,0.04199999997375238
33,3,1,0.041999999979740514
33,3,2,0.041999999980716025
33,3,3,0.041999999979737156
33,3,4,0.042
33,3,5,0.042
33,3,6,0.041999999976458036
33,3,7,0.042
33,3,8,0.04199999998321585
33,3,9,0.04199999997084294
33,3,10,0.042
33,4,1,0.042
33,4,2,0.04199999999716394
33,4,3,0.042
33,4,4,0.04199999999055505
33,4,5,0.042
33,4,6,0.042
33,4,7,0.04199999996668362
33,4,8,0.04199999997434002
33,4,9,0.042
33,4,10,0.04199999995348462
33,5,1,0.04199999999675446
33,5,2,0.04199999999813622
33,5,3,0.042
33,5,4,0.042
33,5,5,0.041999999977017144
33,5,6,0.04199999996589314
33,5,7,0.042
33,5,8,0.04199999998714158
33,5,9,0.04199999998406592
33,5,10,0.04199999994859348
33,6,1,0.041999999952409335
33,6,2,0.04199999998265986
33,6,3,0.041999999995884114
33,6,4,0.04199999997894279
33,6,5,0.04199999996665593
33,6,6,0.041999999989491985
33,6,7,0.042
33,6,8,0.042
33,6,9,0.04199999998988909
33,6,10,0.04199999996210429
33,7,1,0.041999999974205754
33,7,2,0.04199999998785571
33,7,3,0.04199999996741608
33,7,4,0.04199999999298127
33,7,5,0.041999999995741166
33,7,6,0.04199999998437359
33,7,7,0.042
33,7,8,0.04199999999552248
33,7,9,0.041999999975669916
33,7,10,0.04199999999450256
33,8,1,0.042
33,8,2,0.041999999992802406
33,8,3,0.04199999998563335
33,8,4,0.04199999999174467
33,8,5,0.04199999999760759
33,8,6,0.04199999995869497
33,8,7,0.04199999998873265
33,8,8,0.04199999998858022
33,8,9,0.041999999982932155
33,8,10,0.04199999999062088
33,9,1,0.042
33,9,2,0.042
33,9,3,0.04199999998568736
33,9,4,0.041999999973135936
33,9,5,0.04199999998757433
33,9,6,0.042
33,9,7,0.04199999998279367
33,9,8,0.04199999997942447
33,9,9,0.04199999998239468
33,9,10,0.042
33,10,1,0.042
33,10,2,0.04199999995164447
33,10,3,0.042
33,10,4,0.041999999995846804
33,10,5,0.042
33,10,6,0.04199999999728248
33,10,7,0.041999999979727844
33,10,8,0.04199999998768611
33,10,9,0.0419999999760016
33,10,10,0.04199999997840013
33,11,1,0.042
33,11,2,0.04199999998872549
33,11,3,0.04199999997741951
33,11,4,0.04199999996860129
33,11,5,0.042
33,11,6,0.04199999994753473
33,11,7,0.04199999993245145
33,11,8,0.04199999999781442
33,11,9,0.04199999998181222
33,11,10,0.04199999999480708
33,12,1,0.041999999966564734
33,12,2,0.04199999997072643
33,12,3,0.041999999997705886
33,12,4,0.041999999985023934
33,12,5,0.042
33,12,6,0.04199999998669476
33,12,7,0.04199999999634278
33,12,8,0.04199999998927945
33,12,9,0.042
33,12,10,0.041999999979501594
33,13,1,0.041999999963029715
33,13,2,0.04199999996020117
33,13,3,0.042
33,13,4,0.042
33,13,5,0.041999999974904424
33,13,6,0.042
33,13,7,0.04199999999192955
33,13,8,0.04199999997233701
33,13,9,0.04199999998685541
33,13,10,0.04199999996398663
33,14,1,0.042
33,14,2,0.041999999987476465
33,14,3,0.041999999989965967
33,14,4,0.04199999997212609
33,14,5,0.04199999996187651
33,14,6,0.04199999998479583
33,14,7,0.041999999958512
33,14,8,0.04199999996297859
33,14,9,0.042
33,14,10,0.04199999998415972
33,15,1,0.04199999998607079
33,15,2,0.0419999999751067
33,15,3,0.041999999979346406
33,15,4,0.041999999982767953
33,15,5,0.042
33,15,6,0.04199999997385852
33,15,7,0.04199999999014945
33,15,8,0.042
33,15,9,0.042
33,15,10,0.041999999972435066
33,16,1,0.04199999994964295
33,16,2,0.042
33,16,3,0.04199999994448466
33,16,4,0.0419999999924432
33,16,5,0.042
33,16,6,0.042
33,16,7,0.041999999981813606
33,16,8,0.04199999997078561
33,16,9,0.04199999998277759
33,16,10,0.041999999983635405
33,17,1,0.041999999996849495
33,17,2,0.041999999994965155
33,17,3,0.04199999998927513
33,17,4,0.041999999966790866
33,17,5,0.04199999999519416
33,17,6,0.04199999998986711
33,17,7,0.042
33,17,8,0.0419999999975423
33,17,9,0.041999999989964475
33,17,10,0.04199999998146096
33,18,1,0.042
33,18,2,0.0419999999876474
33,18,3,0.041999999995609265
33,18,4,0.0419999999559842
33,18,5,0.04199999996779859
33,18,6,0.041999999953919495
33,18,7,0.04199999996686565
33,18,8,0.042
33,18,9,0.042
33,18,10,0.041999999998829744
33,19,1,0.041999999985654485
33,19,2,0.04199999997289127
33,19,3,0.0419999999898499
33,19,4,0.04199999997079532
33,19,5,0.04199999998742203
33,19,6,0.042
33,19,7,0.04199999999816672
33,19,8,0.041999999985440725
33,19,9,0.042
33,19,10,0.0419999999898345
33,20,1,0.04199999997357149
33,20,2,0.04199999999306793
33,20,3,0.04199999996779487
33,20,4,0.04199999998148614
33,20,5,0.042
33,20,6,0.04199999999099432
33,20,7,0.04199999999283239
33,20,8,0.041999999971901125
33,20,9,0.042
33,20,10,0.041999999988072446
33,21,1,0.0419999999888407
33,21,2,0.041999999990586366
33,21,3,0.041999999982119215
33,21,4,0.041999999994542736
33,21,5,0.041999999981563764
33,21,6,0.04199999999805795
33,21,7,0.04199999996932109
33,21,8,0.04199999999913075
33,21,9,0.0419999999817025
33,21,10,0.04199999997369893
33,22,1,0.042
33,22,2,0.04199999999009007
33,22,3,0.041999999965836345
33,22,4,0.042
33,22,5,0.042
33,22,6,0.042
33,22,7,0.042
33,22,8,0.04199999996974774
33,22,9,0.04199999999851586
33,22,10,0.04199999997430278
33,23,1,0.042
33,23,2,0.04199999996546012
33,23,3,0.041999999984914084
33,23,4,0.04199999995745929
33,23,5,0.042
33,23,6,0.041999999985767505
33,23,7,0.04199999999725204
33,23,8,0.042
33,23,9,0.042
33,23,10,0.04199999998790739
33,24,1,0.041999999978199934
33,24,2,0.042
33,24,3,0.042
33,24,4,0.042
33,24,5,0.04199999997615959
33,24,6,0.04199999996540277
33,24,7,0.04199999997904086
33,24,8,0.041999999964424974
33,24,9,0.04199999998411302
33,24,10,0.042
250,1,1,-2.6233037964118466e-10
250,1,2,-4.065432435140792e-10
250,1,3,0.0
250,1,4,0.0
250,1,5,0.0
250,1,6,-1.1137268884908735e-10
250,1,7,-2.6447688483699494e-10
250,1,8,-7.463563100884585e-11
250,1,9,0.0
250,1,10,-2.0060753058714909e-10
250,2,1,0.0
250,2,2,0.0
250,2,3,0.0
250,2,4,0.0
250,2,5,0.0
250,2,6,0.0
250,2,7,0.0
250,2,8,0.0
250,2,9,0.0
250,2,10,0.0
250,3,1,0.0
250,3,2,0.0
250,3,3,-8.234524173644786e-11
250,3,4,0.0
250,3,5,-3.70696806584192e-11
250,3,6,-1.5664003427673379e-10
250,3,7,0.0
250,3,8,-1.5193912794586595e-10
250,3,9,-5.681433101756284e-10
250,3,10,-2.448314884162528e-10
250,4,1,-4.417133325773648e-11
250,4,2,-4.2251246945568255e-10
250,4,3,-7.255114287119113e-10
250,4,4,0.0
250,4,5,0.0
250,4,6,-3.330424824810052e-11
250,4,7,-9.437917114496486e-11
250,4,8,0.0
250,4,9,0.0
250,4,10,-1.0766543212525903e-10
250,5,1,0.0
250,5,2,0.0
250,5,3,0.0
250,5,4,0.0
250,5,5,0.0
250,5,6,0.0
250,5,7,0.0
250,5,8,0.0
250,5,9,0.0
250,5,10,0.0
250,6,1,-7.781575384058215e-11
250,6,2,0.0
250,6,3,0.0
250,6,4,-2.038293978046113e-10
250,6,5,0.0
250,6,6,0.0
250,6,7,-1.656412784711847e-10
250,6,8,-3.286870775554007e-10
250,6,9,-7.878386831805528e-11
250,6,10,0.0
250,7,1,-9.605540807200441e-10
250,7,2,-1.249871761643817e-9
250,7,3,-6.411764452707303e-10
250,7,4,-8.469525081267193e-10
250,7,5,-1.1778946706897386e-9
250,7,6,-7.951654890092641e-10
250,7,7,-3.8836645011031123e-10
250,7,8,-1.2475622757079918e-9
250,7,9,-5.934113200822821e-10
250,7,10,-1.0230083447027027e-9
250,8,1,-1.2350738209931933e-9
250,8,2,-1.2735204002467526e-9
250,8,3,-5.846065853631899e-10
250,8,4,-1.0978720155208066e-9
250,8,5,-9.114160537393445e-10
250,8,6,-8.914275984039932e-10
250,8,7,-1.4003078696589455e-9
250,8,8,-1.4147814031417738e-9
250,8,9,-1.2805867477538868e-9
250,8,10,-1.3412113641919632e-9
250,9,1,0.0
250,9,2,-9.250000765348432e-11
250,9,3,-4.845877032977342e-10
250,9,4,0.0
250,9,5,-1.7252621553609515e-10
250,9,6,-5.066793651309354e-10
250,9,7,-7.275307023490996e-10
250,9,8,-6.515477046775686e-11
250,9,9,-6.015661302427588e-10
250,9,10,-7.09324488035179e-10
250,10,1,-1.2985010844346334e-9
250,10,2,-6.868856594621775e-10
250,10,3,-1.1771226215984143e-9
250,10,4,-7.804401569444508e-10
250,10,5,-9.494469654924842e-10
250,10,6,-7.618061736991422e-10
250,10,7,-1.129011550915493e-9
250,10,8,-1.3751269012374223e-9
250,10,9,-1.742590516329301e-9
250,10,10,-1.4866332609386745e-9
250,11,1,0.0
250,11,2,0.0
250,11,3,0.0
250,11,4,0.0
250,11,5,0.0
250,11,6,0.0
250,11,7,0.0
250,11,8,0.0
250,11,9,0.0
250,11,10,0.0
250,12,1,0.0
250,12,2,0.0
250,12,3,0.0
250,12,4,0.0
250,12,5,-1.587920905876672e-10
250,12,6,0.0
250,12,7,-3.643523260876691e-10
250,12,8,0.0
250,12,9,0.0
250,12,10,0.0
250,13,1,0.0
250,13,2,0.0
250,13,3,0.0
250,13,4,0.0
250,13,5,0.0
250,13,6,0.0
250,13,7,0.0
250,13,8,0.0
250,13,9,0.0
250,13,10,0.0
250,14,1,0.0
250,14,2,-1.3658620900969254e-9
250,14,3,0.0
250,14,4,-6.914848693639897e-10
250,14,5,-3.0707680842567697e-10
250,14,6,-2.73181477439266e-12
250,14,7,-1.1357068618877975e-9
250,14,8,-1.1007865730050526e-9
250,14,9,-8.637053294791031e-10
250,14,10,-1.3244489949215676e-9
250,15,1,-2.583222968866039e-9
250,15,2,-1.1136267463740523e-9
250,15,3,-2.5164792472054387e-9
250,15,4,-3.038258311605091e-9
250,15,5,-2.099387330645186e-10
250,15,6,-1.6833165972229835e-9
250,15,7,-1.4340639786780685e-9
250,15,8,-1.1933192212154609e-9
250,15,9,-6.421896348030032e-10
250,15,10,-1.6936205771145296e-9
250,16,1,-3.1176952131062308e-9
250,16,2,-2.7573363592381384e-9
250,16,3,-2.702081003391754e-9
250,16,4,-1.6652732526267755e-9
250,16,5,-3.060576014846106e-9
250,16,6,-2.3623942801975772e-9
250,16,7,-2.8451132561002623e-9
250,16,8,-3.02509617355895e-9
250,16,9,-2.7008542069495434e-9
250,16,10,-2.3025283901745297e-9
250,17,1,0.0
250,17,2,0.0
250,17,3,0.0
250,17,4,-1.1123191256956488e-10
250,17,5,0.0
250,17,6,-1.3205014859352104e-10
250,17,7,0.0
250,17,8,0.0
250,17,9,-4.412958887201057e-11
250,17,10,0.0
250,18,1,-4.750204674053293e-10
250,18,2,-9.293699143597678e-11
250,18,3,-4.371887296628074e-10
250,18,4,-1.469373511753247e-10
250,18,5,-5.6413984594883004e-11
250,18,6,-4.691114163790644e-11
250,18,7,-5.232920763376114e-10
250,18,8,-2.543836252755227e-10
250,18,9,-4.133815512119554e-10
250,18,10,-2.176048230495553e-10
250,19,1,-2.604139126560767e-10
250,19,2,-2.8754953973475494e-10
250,19,3,-3.327276232312215e-10
250,19,4,0.0
250,19,5,-1.9633672465602103e-10
250,19,6,0.0
250,19,7,0.0
250,19,8,-3.273055160235572e-10
250,19,9,-3.498357159514853e-11
250,19,10,-4.346720761105871e-10
250,20,1,0.0
250,20,2,0.0
250,20,3,0.0
250,20,4,0.0
250,20,5,0.0
250,20,6,0.0
250,20,7,0.0
250,20,8,0.0
250,20,9,0.0
250,20,10,0.0
250,21,1,-1.4366470235671613e-9
250,21,2,-1.002597338484179e-9
250,21,3,-9.054319516366149e-10
250,21,4,-9.228457997778605e-10
250,21,5,-7.092204601377716e-10
250,21,6,-1.153713347079588e-9
250,21,7,-7.483398345442538e-10
250,21,8,-1.2427441298257236e-9
250,21,9,-1.0643148584676965e-9
250,21,10,-9.397649325393331e-10
250,22,1,-4.279780974059122e-10
250,22,2,-8.349780866723222e-10
250,22,3,-8.774521109700117e-10
250,22,4,-1.055012965878177e-9
250,22,5,-1.127812065959688e-9
250,22,6,-1.3929652986632846e-9
250,22,7,-1.2433418739021818e-9
250,22,8,-9.583471793916942e-10
250,22,9,-1.024805573734966e-9
250,22,10,-9.119607291552256e-10
250,23,1,0.0
250,23,2,0.0
250,23,3,0.0
250,23,4,0.0
250,23,5,0.0
250,23,6,0.0
250,23,7,0.0
250,23,8,0.0
250,23,9,0.0
250,23,10,0.0
250,24,1,0.0
250,24,2,-5.455155216438357e-10
250,24,3,0.0
250,24,4,0.0
250,24,5,0.0
250,24,6,0.0
250,24,7,0.0
250,24,8,0.0
250,24,9,0.0
250,24,10,0.0
32,1,1,0.041999999975538445
32,1,2,0.041999999972124974
32,1,3,0.041999999977421404
32,1,4,0.04199999999254554
32,1,5,0.04199999997169145
32,1,6,0.04199999996884361
32,1,7,0.042
32,1,8,0.04199999997315078
32,1,9,0.04199999999163376
32,1,10,0.042
32,2,1,0.04199999996424978
32,2,2,0.041999999973022166
32,2,3,0.042
32,2,4,0.041999999982070324
32,2,5,0.04199999995858719
32,2,6,0.042
32,2,7,0.04199999996905767
32,2,8,0.04199999995959108
32,2,9,0.041999999998662434
32,2,10,0.041999999991617784
32,3,1,0.041999999971477485
32,3,2,0.042
32,3,3,0.04199999998272697
32,3,4,0.04199999998418697
32,3,5,0.04199999999407275
32,3,6,0.04199999998689765
32,3,7,0.041999999967419537
32,3,8,0.04199999998896097
32,3,9,0.042
32,3,10,0.042
32,4,1,0.04199999997143184
32,4,2,0.041999999985469216
32,4,3,0.041999999964368956
32,4,4,0.042
32,4,5,0.04199999998331906
32,4,6,0.042
32,4,7,0.0419999999862307
32,4,8,0.042
32,4,9,0.0419999999913931
32,4,10,0.04199999998878119
32,5,1,0.04199999999563744
32,5,2,0.04199999999322857
32,5,3,0.04199999998487987
32,5,4,0.042
32,5,5,0.041999999989144395
32,5,6,0.04199999995430197
32,5,7,0.04199999998547307
32,5,8,0.042
32,5,9,0.042
32,5,10,0.041999999967789706
32,6,1,0.041999999999423825
32,6,2,0.04199999999559543
32,6,3,0.04199999999379473
32,6,4,0.041999999962495024
32,6,5,0.04199999998645968
32,6,6,0.04199999997612191
32,6,7,0.042
32,6,8,0.042
32,6,9,0.04199999999070564
32,6,10,0.04199999999055276
32,7,1,0.04199999997696271
32,7,2,0.042
32,7,3,0.04199999996265971
32,7,4,0.041999999953436506
32,7,5,0.042
32,7,6,0.04199999999954859
32,7,7,0.042
32,7,8,0.04199999998840752
32,7,9,0.04199999996959161
32,7,10,0.04199999996928904
32,8,1,0.0419999999665879
32,8,2,0.04199999995971979
32,8,3,0.042
32,8,4,0.042
32,8,5,0.041999999985091
32,8,6,0.04199999998418522
32,8,7,0.041999999970995176
32,8,8,0.04199999999316014
32,8,9,0.042
32,8,10,0.04199999999743295
32,9,1,0.04199999996646193
32,9,2,0.041999999971650985
32,9,3,0.041999999988132954
32,9,4,0.04199999997711676
32,9,5,0.0419999999710802
32,9,6,0.042
32,9,7,0.041999999979813435
32,9,8,0.0419999999766591
32,9,9,0.04199999998837277
32,9,10,0.04199999998388919
32,10,1,0.042
32,10,2,0.04199999996909897
32,10,3,0.04199999998375731
32,10,4,0.042
32,10,5,0.04199999997172184
32,10,6,0.041999999964836866
32,10,7,0.04199999998881742
32,10,8,0.04199999998330266
32,10,9,0.042
32,10,10,0.04199999998953174
32,11,1,0.0419999999717109
32,11,2,0.0419999999577743
32,11,3,0.042
32,11,4,0.042
32,11,5,0.041999999963667684
32,11,6,0.0419999999882601
32,11,7,0.04199999997981039
32,11,8,0.04199999998026094
32,11,9,0.04199999998722835
32,11,10,0.041999999996201826
32,12,1,0.0419999999929396
32,12,2,0.0419999999548475
32,12,3,0.042
32,12,4,0.041999999989109055
32,12,5,0.04199999999039441
32,12,6,0.04199999998690251
32,12,7,0.042
32,12,8,0.04199999996683117
32,12,9,0.04199999998749962
32,12,10,0.041999999998739164
32,13,1,0.042
32,13,2,0.04199999997910276
32,13,3,0.042
32,13,4,0.04199999997958658
32,13,5,0.042
32,13,6,0.041999999957659157
32,13,7,0.04199999997639153
32,13,8,0.04199999998297832
32,13,9,0.04199999997540442
32,13,10,0.04199999996345506
32,14,1,0.041999999986911264
32,14,2,0.042
32,14,3,0.04199999998153049
32,14,4,0.041999999940133786
32,14,5,0.04199999998787335
32,14,6,0.042
32,14,7,0.04199999998020254
32,14,8,0.042
32,14,9,0.04199999996824684
32,14,10,0.04199999998294459
32,15,1,0.042
32,15,2,0.042
32,15,3,0.042
32,15,4,0.04199999997103108
32,15,5,0.04199999997100003
32,15,6,0.04199999999717707
32,15,7,0.04199999999273739
32,15,8,0.04199999998559385
32,15,9,0.04199999997934317
32,15,10,0.04199999997979919
32,16,1,0.042
32,16,2,0.041999999985402645
32,16,3,0.041999999997795336
32,16,4,0.042
32,16,5,0.042
32,16,6,0.042
32,16,7,0.04199999997901678
32,16,8,0.042
32,16,9,0.04199999998806017
32,16,10,0.04199999997937139
32,17,1,0.041999999996848066
32,17,2,0.04199999997990839
32,17,3,0.04199999997516399
32,17,4,0.0419999999873087
32,17,5,0.041999999967754297
32,17,6,0.042
32,17,7,0.0419999999859307
32,17,8,0.041999999986727855
32,17,9,0.042
32,17,10,0.04199999997653538
32,18,1,0.041999999996675835
32,18,2,0.04199999996937581
32,18,3,0.04199999993974503
32,18,4,0.04199999995144706
32,18,5,0.04199999995867594
32,18,6,0.041999999991933726
32,18,7,0.042
32,18,8,0.042
32,18,9,0.042
32,18,10,0.041999999976221024
32,19,1,0.04199999999386142
32,19,2,0.042
32,19,3,0.042
32,19,4,0.042
32,19,5,0.0419999999715286
32,19,6,0.042
32,19,7,0.04199999999128057
32,19,8,0.04199999996167075
32,19,9,0.042
32,19,10,0.042
32,20,1,0.041999999989965495
32,20,2,0.04199999996509408
32,20,3,0.041999999986187704
32,20,4,0.04199999999764793
32,20,5,0.0419999999586568
32,20,6,0.042
32,20,7,0.041999999987541406
32,20,8,0.04199999997829892
32,20,9,0.041999999966345736
32,20,10,0.04199999997552565
32,21,1,0.041999999988105795
32,21,2,0.042
32,21,3,0.0419999999986576
32,21,4,0.04199999999877187
32,21,5,0.04199999999628584
32,21,6,0.04199999999129357
32,21,7,0.042
32,21,8,0.041999999977428266
32,21,9,0.04199999997453923
32,21,10,0.04199999999004528
32,22,1,0.041999999972919186
32,22,2,0.042
32,22,3,0.041999999952545254
32,22,4,0.04199999998197994
32,22,5,0.042
32,22,6,0.04199999997987058
32,22,7,0.04199999996727576
32,22,8,0.042
32,22,9,0.041999999980469056
32,22,10,0.0419999999727193
32,23,1,0.04199999996259216
32,23,2,0.04199999997598957
32,23,3,0.04199999999966478
32,23,4,0.041999999982677026
32,23,5,0.04199999996505706
32,23,6,0.042
32,23,7,0.04199999998513934
32,23,8,0.041999999964714325
32,23,9,0.041999999951288086
32,23,10,0.04199999997168714
32,24,1,0.04199999997416275
32,24,2,0.04199999988080831
32,24,3,0.04199999997266277
32,24,4,0.04199999998291536
32,24,5,0.04199999997126931
32,24,6,0.042
32,24,7,0.041999999978700686
32,24,8,0.041999999974772884
32,24,9,0.04199999998065151
32,24,10,0.04199999997860143
37,1,1,0.04199999996730729
37,1,2,0.042
37,1,3,0.04199999995114217
37,1,4,0.041999999991268154
37,1,5,0.042
37,1,6,0.04199999997726267
37,1,7,0.042
37,1,8,0.0419999999765403
37,1,9,0.042
37,1,10,0.042
37,2,1,0.041999999969733345
37,2,2,0.042
37,2,3,0.0419999999976317
37,2,4,0.0419999999763734
37,2,5,0.042
37,2,6,0.04199999999560462
37,2,7,0.04199999999168997
37,2,8,0.04199999997432773
37,2,9,0.04199999998723883
37,2,10,0.04199999995833618
37,3,1,0.042
37,3,2,0.041999999974339106
37,3,3,0.04199999998096097
37,3,4,0.04199999998103754
37,3,5,0.041999999997881475
37,3,6,0.041999999988829674
37,3,7,0.04199999998747426
37,3,8,0.04199999999033761
37,3,9,0.041999999999000746
37,3,10,0.042
37,4,1,0.042
37,4,2,0.041999999990382245
37,4,3,0.042
37,4,4,0.04199999998478694
37,4,5,0.042
37,4,6,0.04199999998324701
37,4,7,0.041999999976341726
37,4,8,0.041999999995712266
37,4,9,0.042
37,4,10,0.042
37,5,1,0.042
37,5,2,0.042
37,5,3,0.04199999999209885
37,5,4,0.04199999999542581
37,5,5,0.042
37,5,6,0.042
37,5,7,0.041999999993167635
37,5,8,0.042
37,5,9,0.04199999999772013
37,5,10,0.04199999999938771
37,6,1,0.042
37,6,2,0.042
37,6,3,0.041999999961472106
37,6,4,0.04199999998858074
37,6,5,0.042
37,6,6,0.042
37,6,7,0.042
37,6,8,0.041999999957921745
37,6,9,0.04199999998372761
37,6,10,0.042
37,7,1,0.04199999998317105
37,7,2,0.04199999999788293
37,7,3,0.04199999998428118
37,7,4,0.04199999997560875
37,7,5,0.041999999944172445
37,7,6,0.042
37,7,7,0.04199999996660652
37,7,8,0.04199999996715972
37,7,9,0.041999999974671756
37,7,10,0.04199999997862657
37,8,1,0.042
37,8,2,0.042
37,8,3,0.042
37,8,4,0.042
37,8,5,0.04199999999501062
37,8,6,0.0419999999965788
37,8,7,0.04199999998135439
37,8,8,0.04199999999929477
37,8,9,0.042
37,8,10,0.04199999999584507
37,9,1,0.042
37,9,2,0.04199999998484106
37,9,3,0.042
37,9,4,0.042
37,9,5,0.042
37,9,6,0.042
37,9,7,0.04199999997188397
37,9,8,0.041999999981930165
37,9,9,0.0419999999883653
37,9,10,0.042
37,10,1,0.041999999975935745
37,10,2,0.041999999982144876
37,10,3,0.041999999969503515
37,10,4,0.04199999997892265
37,10,5,0.042
37,10,6,0.042
37,10,7,0.04199999995811751
37,10,8,0.041999999982798006
37,10,9,0.04199999999617754
37,10,10,0.042
37,11,1,0.04199999999406704
37,11,2,0.042
37,11,3,0.041999999986796155
37,11,4,0.041999999981788244
37,11,5,0.041999999972756295
37,11,6,0.041999999954900995
37,11,7,0.042
37,11,8,0.042
37,11,9,0.042
37,11,10,0.042
37,12,1,0.041999999972720636
37,12,2,0.042
37,12,3,0.0419999999606151
37,12,4,0.04199999997284452
37,12,5,0.041999999945785155
37,12,6,0.04199999998742918
37,12,7,0.04199999997227318
37,12,8,0.04199999996974823
37,12,9,0.042
37,12,10,0.042
37,13,1,0.042
37,13,2,0.041999999962799225
37,13,3,0.042
37,13,4,0.042
37,13,5,0.042
37,13,6,0.042
37,13,7,0.04199999998414009
37,13,8,0.041999999977241395
37,13,9,0.042
37,13,10,0.042
37,14,1,0.04199999996877157
37,14,2,0.04199999998537353
37,14,3,0.0419999999859377
37,14,4,0.041999999973806844
37,14,5,0.04199999998752405
37,14,6,0.04199999998236424
37,14,7,0.041999999983856805
37,14,8,0.0419999999745593
37,14,9,0.041999999975146
37,14,10,0.0419999999742025
37,15,1,0.042
37,15,2,0.04199999999881199
37,15,3,0.04199999997008866
37,15,4,0.042
37,15,5,0.0419999999683211
37,15,6,0.042
37,15,7,0.042
37,15,8,0.04199999999106652
37,15,9,0.04199999998749177
37,15,10,0.042
37,16,1,0.042
37,16,2,0.04199999999125428
37,16,3,0.04199999999558574
37,16,4,0.0419999999996734
37,16,5,0.042
37,16,6,0.04199999998698549
37,16,7,0.04199999998086393
37,16,8,0.042
37,16,9,0.04199999998434628
37,16,10,0.042
37,17,1,0.04199999999599697
37,17,2,0.042
37,17,3,0.04199999998549079
37,17,4,0.041999999967422506
37,17,5,0.04199999995531412
37,17,6,0.041999999980753405
37,17,7,0.042
37,17,8,0.041999999982403134
37,17,9,0.042
37,17,10,0.042
37,18,1,0.04199999998302222
37,18,2,0.04199999997972155
37,18,3,0.04199999999315844
37,18,4,0.041999999976920874
37,18,5,0.042
37,18,6,0.042
37,18,7,0.042
37,18,8,0.042
37,18,9,0.041999999986817006
37,18,10,0.04199999998873163
37,19,1,0.0419999999981997
37,19,2,0.042
37,19,3,0.042
37,19,4,0.042
37,19,5,0.042
37,19,6,0.041999999998002316
37,19,7,0.04199999998492946
37,19,8,0.04199999999169725
37,19,9,0.041999999999240846
37,19,10,0.04199999998292293
37,20,1,0.041999999991851916
37,20,2,0.04199999997673773
37,20,3,0.042
37,20,4,0.04199999998519856
37,20,5,0.042
37,20,6,0.041999999992911034
37,20,7,0.041999999996656996
37,20,8,0.0419999999984661
37,20,9,0.041999999985129564
37,20,10,0.04199999998025966
37,21,1,0.04199999998896103
37,21,2,0.04199999998633923
37,21,3,0.04199999998957792
37,21,4,0.04199999996403082
37,21,5,0.042
37,21,6,0.042
37,21,7,0.042
37,21,8,0.04199999998765905
37,21,9,0.04199999997592461
37,21,10,0.041999999995711974
37,22,1,0.042
37,22,2,0.04199999999017035
37,22,3,0.04199999996732327
37,22,4,0.04199999997315817
37,22,5,0.04199999997198052
37,22,6,0.04199999997728718
37,22,7,0.0419999999894214
37,22,8,0.042
37,22,9,0.04199999997878353
37,22,10,0.042
37,23,1,0.042
37,23,2,0.041999999954999416
37,23,3,0.041999999989307216
37,23,4,0.042
37,23,5,0.04199999998688428
37,23,6,0.04199999999947438
37,23,7,0.04199999997942613
37,23,8,0.04199999999597874
37,23,9,0.042
37,23,10,0.04199999994484877
37,24,1,0.042
37,24,2,0.041999999954342754
37,24,3,0.04199999997754273
37,24,4,0.041999999975401076
37,24,5,0.041999999996283885
37,24,6,0.04199999997818518
37,24,7,0.041999999947378304
37,24,8,0.041999999997787675
37,24,9,0.042
37,24,10,0.04199999999480024
39,1,1,0.041999999981723976
39,1,2,0.041999999995134395
39,1,3,0.04199999995108401
39,1,4,0.0419999999753387
39,1,5,0.042
39,1,6,0.042
39,1,7,0.041999999998068485
39,1,8,0.042
39,1,9,0.04199999998368877
39,1,10,0.041999999989994666
39,2,1,0.04199999998921116
39,2,2,0.042
39,2,3,0.042
39,2,4,0.042
39,2,5,0.041999999958520905
39,2,6,0.041999999972875755
39,2,7,0.042
39,2,8,0.042
39,2,9,0.042
39,2,10,0.0419999999709244
39,3,1,0.042
39,3,2,0.041999999982724294
39,3,3,0.041999999989964426
39,3,4,0.041999999970669194
39,3,5,0.042
39,3,6,0.0419999999690291
39,3,7,0.04199999998999701
39,3,8,0.04199999999531832
39,3,9,0.042
39,3,10,0.04199999997185918
39,4,1,0.04199999994718658
39,4,2,0.04199999997956486
39,4,3,0.04199999999591728
39,4,4,0.04199999998946015
39,4,5,0.042
39,4,6,0.041999999965915885
39,4,7,0.041999999974999584
39,4,8,0.042
39,4,9,0.041999999996034126
39,4,10,0.04199999997887008
39,5,1,0.04199999999824129
39,5,2,0.042
39,5,3,0.04199999999409569
39,5,4,0.04199999998955606
39,5,5,0.042
39,5,6,0.041999999954880435
39,5,7,0.042
39,5,8,0.041999999994165
39,5,9,0.041999999990319156
39,5,10,0.041999999998367336
39,6,1,0.042
39,6,2,0.042
39,6,3,0.04199999999817733
39,6,4,0.04199999997283532
39,6,5,0.04199999997311273
39,6,6,0.04199999999533057
39,6,7,0.04199999996153039
39,6,8,0.04199999997429439
39,6,9,0.042
39,6,10,0.042
39,7,1,0.042
39,7,2,0.04199999997884466
39,7,3,0.04199999997811863
39,7,4,0.041999999988613756
39,7,5,0.042
39,7,6,0.042
39,7,7,0.042
39,7,8,0.042
39,7,9,0.041999999969411395
39,7,10,0.042
39,8,1,0.042
39,8,2,0.04199999998100564
39,8,3,0.042
39,8,4,0.042
39,8,5,0.04199999998869509
39,8,6,0.04199999998689285
39,8,7,0.04199999998666324
39,8,8,0.042
39,8,9,0.04199999997402508
39,8,10,0.04199999999499282
39,9,1,0.04199999999669083
39,9,2,0.042
39,9,3,0.04199999996295034
39,9,4,0.04199999996900636
39,9,5,0.04199999998854885
39,9,6,0.041999999972541675
39,9,7,0.04199999999869993
39,9,8,0.042
39,9,9,0.04199999996440649
39,9,10,0.04199999998085465
39,10,1,0.04199999997846916
39,10,2,0.041999999983947746
39,10,3,0.042
39,10,4,0.042
39,10,5,0.041999999955541024
39,10,6,0.042
39,10,7,0.041999999994309645
39,10,8,0.042
39,10,9,0.04199999995698361
39,10,10,0.0419999999818285
39,11,1,0.042
39,11,2,0.04199999997026855
39,11,3,0.042
39,11,4,0.042
39,11,5,0.042
39,11,6,0.04199999997512292
39,11,7,0.04199999996553843
39,11,8,0.042
39,11,9,0.04199999998598226
39,11,10,0.04199999997676512
39,12,1,0.041999999996044694
39,12,2,0.042
39,12,3,0.042
39,12,4,0.042
39,12,5,0.04199999998625682
39,12,6,0.042
39,12,7,0.04199999997909683
39,12,8,0.042
39,12,9,0.042
39,12,10,0.041999999975374125
39,13,1,0.042
39,13,2,0.041999999971574276
39,13,3,0.04199999995806588
39,13,4,0.042
39,13,5,0.041999999993912934
39,13,6,0.04199999996493035
39,13,7,0.04199999997072636
39,13,8,0.041999999989876295
39,13,9,0.04199999996011229
39,13,10,0.04199999998941196
39,14,1,0.04199999997863771
39,14,2,0.041999999986116095
39,14,3,0.04199999999921609
39,14,4,0.042
39,14,5,0.042
39,14,6,0.04199999998812077
39,14,7,0.04199999998775923
39,14,8,0.042
39,14,9,0.041999999990277585
39,14,10,0.042
39,15,1,0.04199999998610472
39,15,2,0.041999999991994656
39,15,3,0.042
39,15,4,0.041999999964097395
39,15,5,0.0419999999935967
39,15,6,0.041999999994364344
39,15,7,0.042
39,15,8,0.04199999997162274
39,15,9,0.041999999956997845
39,15,10,0.04199999997551673
39,16,1,0.041999999964361906
39,16,2,0.04199999997626903
39,16,3,0.042
39,16,4,0.042
39,16,5,0.04199999997548666
39,16,6,0.042
39,16,7,0.042
39,16,8,0.041999999977435476
39,16,9,0.042
39,16,10,0.041999999989159896
39,17,1,0.04199999998047891
39,17,2,0.04199999998700919
39,17,3,0.042
39,17,4,0.04199999998620863
39,17,5,0.041999999985044424
39,17,6,0.042
39,17,7,0.04199999996875977
39,17,8,0.04199999997638008
39,17,9,0.042
39,17,10,0.04199999995959298
39,18,1,0.041999999980364196
39,18,2,0.0419999999784417
39,18,3,0.04199999997237963
39,18,4,0.04199999997689388
39,18,5,0.041999999965094445
39,18,6,0.041999999957431325
39,18,7,0.04199999998101214
39,18,8,0.041999999986089394
39,18,9,0.04199999998349733
39,18,10,0.04199999998613093
39,19,1,0.04199999998944578
39,19,2,0.041999999965337646
39,19,3,0.042
39,19,4,0.042
39,19,5,0.04199999999726211
39,19,6,0.04199999999201729
39,19,7,0.04199999997027373
39,19,8,0.0419999999850441
39,19,9,0.04199999998347941
39,19,10,0.04199999998872332
39,20,1,0.04199999999488791
39,20,2,0.042
39,20,3,0.04199999999936301
39,20,4,0.04199999998147193
39,20,5,0.042
39,20,6,0.041999999991882274
39,20,7,0.04199999997283113
39,20,8,0.0419999999967774
39,20,9,0.041999999981644005
39,20,10,0.041999999958598995
39,21,1,0.04199999997397847
39,21,2,0.04199999998194937
39,21,3,0.042
39,21,4,0.04199999997601549
39,21,5,0.04199999996466402
39,21,6,0.04199999999117105
39,21,7,0.042
39,21,8,0.04199999999239865
39,21,9,0.04199999997340102
39,21,10,0.042
39,22,1,0.04199999999434493
39,22,2,0.041999999975617375
39,22,3,0.04199999999874115
39,22,4,0.041999999986012976
39,22,5,0.041999999995183133
39,22,6,0.041999999972144215
39,22,7,0.04199999998276244
39,22,8,0.0419999999637039
39,22,9,0.041999999986207195
39,22,10,0.04199999996548779
39,23,1,0.041999999976690405
39,23,2,0.041999999997191596
39,23,3,0.042
39,23,4,0.041999999981375304
39,23,5,0.042
39,23,6,0.042
39,23,7,0.04199999993913989
39,23,8,0.04199999999092615
39,23,9,0.042
39,23,10,0.04199999995383857
39,24,1,0.04199999995415452
39,24,2,0.041999999984459704
39,24,3,0.042
39,24,4,0.04199999999698157
39,24,5,0.041999999984041025
39,24,6,0.041999999989322474
39,24,7,0.04199999996034452
39,24,8,0.042
39,24,9,0.04199999997702223
39,24,10,0.042
41,1,1,0.04199999999211485
41,1,2,0.042
41,1,3,0.042
41,1,4,0.04199999997508301
41,1,5,0.041999999994839256
41,1,6,0.04199999999413475
41,1,7,0.04199999995470542
41,1,8,0.04199999998209477
41,1,9,0.04199999996564046
41,1,10,0.042
41,2,1,0.04199999999564242
41,2,2,0.042
41,2,3,0.04199999997507695
41,2,4,0.042
41,2,5,0.04199999996975889
41,2,6,0.042
41,2,7,0.0419999999951409
41,2,8,0.04199999997060727
41,2,9,0.042
41,2,10,0.04199999995233633
41,3,1,0.041999999991802955
41,3,2,0.04199999998989585
41,3,3,0.042
41,3,4,0.042
41,3,5,0.041999999992253574
41,3,6,0.04199999996697569
41,3,7,0.042
41,3,8,0.041999999975405
41,3,9,0.04199999998404837
41,3,10,0.042
41,4,1,0.04199999998433623
41,4,2,0.042
41,4,3,0.04199999998829267
41,4,4,0.04199999999400734
41,4,5,0.04199999996377628
41,4,6,0.042
41,4,7,0.04199999997287819
41,4,8,0.04199999998038625
41,4,9,0.04199999996524868
41,4,10,0.042
41,5,1,0.042
41,5,2,0.042
41,5,3,0.042
41,5,4,0.041999999988810606
41,5,5,0.04199999997166477
41,5,6,0.042
41,5,7,0.041999999957583835
41,5,8,0.042
41,5,9,0.042
41,5,10,0.041999999983908666
41,6,1,0.041999999970678686
41,6,2,0.042
41,6,3,0.042
41,6,4,0.04199999998229856
41,6,5,0.042
41,6,6,0.04199999998167795
41,6,7,0.04199999999420032
41,6,8,0.04199999997082736
41,6,9,0.042
41,6,10,0.04199999996405069
41,7,1,0.04199999998355481
41,7,2,0.042
41,7,3,0.042
41,7,4,0.042
41,7,5,0.04199999996037828
41,7,6,0.041999999993697586
41,7,7,0.042
41,7,8,0.04199999997240697
41,7,9,0.041999999981618484
41,7,10,0.041999999987553056
41,8,1,0.042
41,8,2,0.0419999999969962
41,8,3,0.042
41,8,4,0.04199999999718571
41,8,5,0.041999999936053564
41,8,6,0.04199999994397217
41,8,7,0.042
41,8,8,0.04199999997686264
41,8,9,0.042
41,8,10,0.04199999998404677
41,9,1,0.04199999994650554
41,9,2,0.04199999999565601
41,9,3,0.04199999997210428
41,9,4,0.042
41,9,5,0.041999999986004226
41,9,6,0.042
41,9,7,0.04199999995141841
41,9,8,0.04199999999085403
41,9,9,0.04199999997646378
41,9,10,0.04199999999472091
41,10,1,0.04199999995012117
41,10,2,0.0419999999882872
41,10,3,0.042
41,10,4,0.042
41,10,5,0.042
41,10,6,0.04199999998315941
41,10,7,0.041999999999981094
41,10,8,0.04199999999402992
41,10,9,0.04199999998545513
41,10,10,0.041999999977262385
41,11,1,0.042
41,11,2,0.041999999986506616
41,11,3,0.04199999999011671
41,11,4,0.042
41,11,5,0.04199999998302229
41,11,6,0.042
41,11,7,0.04199999998222396
41,11,8,0.042
41,11,9,0.04199999999785414
41,11,10,0.04199999995259049
41,12,1,0.04199999999773474
41,12,2,0.04199999995256481
41,12,3,0.041999999963945656
41,12,4,0.04199999996687937
41,12,5,0.041999999985244986
41,12,6,0.04199999998054402
41,12,7,0.04199999998816957
41,12,8,0.04199999998149336
41,12,9,0.041999999987268256
41,12,10,0.042
41,13,1,0.04199999996938772
41,13,2,0.04199999998997736
41,13,3,0.042
41,13,4,0.042
41,13,5,0.041999999982131844
41,13,6,0.042
41,13,7,0.042
41,13,8,0.04199999998031506
41,13,9,0.04199999998947983
41,13,10,0.04199999998525193
41,14,1,0.042
41,14,2,0.042
41,14,3,0.041999999993154895
41,14,4,0.04199999997402124
41,14,5,0.042
41,14,6,0.04199999997254454
41,14,7,0.04199999999169986
41,14,8,0.04199999999014863
41,14,9,0.04199999999470208
41,14,10,0.0419999999851619
41,15,1,0.041999999964518496
41,15,2,0.041999999993527416
41,15,3,0.04199999998979925
41,15,4,0.042
41,15,5,0.04199999999232717
41,15,6,0.042
41,15,7,0.04199999996983258
41,15,8,0.04199999998568507
41,15,9,0.042
41,15,10,0.04199999996717657
41,16,1,0.04199999999986338
41,16,2,0.04199999999596395
41,16,3,0.04199999998912717
41,16,4,0.042
41,16,5,0.042
41,16,6,0.04199999998146859
41,16,7,0.04199999998689061
41,16,8,0.042
41,16,9,0.04199999997937662
41,16,10,0.04199999998404247
41,17,1,0.041999999959008674
41,17,2,0.042
41,17,3,0.042
41,17,4,0.04199999996345669
41,17,5,0.042
41,17,6,0.04199999995302647
41,17,7,0.04199999995989599
41,17,8,0.042
41,17,9,0.042
41,17,10,0.04199999999544489
41,18,1,0.04199999999186628
41,18,2,0.04199999996984944
41,18,3,0.04199999997696024
41,18,4,0.042
41,18,5,0.041999999987971985
41,18,6,0.04199999997282786
41,18,7,0.041999999984211715
41,18,8,0.042
41,18,9,0.041999999988466916
41,18,10,0.041999999971312346
41,19,1,0.042
41,19,2,0.04199999996992978
41,19,3,0.042
41,19,4,0.04199999999547452
41,19,5,0.042
41,19,6,0.042
41,19,7,0.04199999999424422
41,19,8,0.04199999997541302
41,19,9,0.041999999976986106
41,19,10,0.042
41,20,1,0.04199999998359639
41,20,2,0.042
41,20,3,0.041999999971741635
41,20,4,0.04199999998549568
41,20,5,0.04199999999664745
41,20,6,0.041999999966453865
41,20,7,0.042
41,20,8,0.041999999991456635
41,20,9,0.041999999999046606
41,20,10,0.041999999988565684
41,21,1,0.041999999981459965
41,21,2,0.041999999963868745
41,21,3,0.041999999996253166
41,21,4,0.04199999996667391
41,21,5,0.041999999991021636
41,21,6,0.042
41,21,7,0.041999999998007874
41,21,8,0.04199999997286101
41,21,9,0.04199999999756161
41,21,10,0.041999999983687294
41,22,1,0.04199999996455376
41,22,2,0.04199999997330058
41,22,3,0.04199999999968081
41,22,4,0.04199999996502428
41,22,5,0.042
41,22,6,0.04199999998098667
41,22,7,0.04199999999911585
41,22,8,0.041999999951276255
41,22,9,0.04199999998102119
41,22,10,0.042
41,23,1,0.04199999998402889
41,23,2,0.04199999999930591
41,23,3,0.042
41,23,4,0.041999999967923765
41,23,5,0.04199999998116928
41,23,6,0.04199999999345883
41,23,7,0.042
41,23,8,0.04199999999398381
41,23,9,0.041999999981355174
41,23,10,0.041999999982608935
41,24,1,0.04199999998848156
41,24,2,0.042
41,24,3,0.0419999999936597
41,24,4,0.04199999996746272
41,24,5,0.041999999996394616
41,24,6,0.042
41,24,7,0.041999999993281543
41,24,8,0.042
41,24,9,0.042
41,24,10,0.04199999997788605
43,1,1,0.04199999999145996
43,1,2,0.04199999995107203
43,1,3,0.042
43,1,4,0.042
43,1,5,0.04199999998775988
43,1,6,0.04199999999828226
43,1,7,0.04199999994524233
43,1,8,0.042
43,1,9,0.042
43,1,10,0.042
43,2,1,0.04199999997933791
43,2,2,0.042
43,2,3,0.0419999999838265
43,2,4,0.04199999999604076
43,2,5,0.041999999958380524
43,2,6,0.042
43,2,7,0.042
43,2,8,0.041999999972999524
43,2,9,0.04199999998510433
43,2,10,0.04199999999079947
43,3,1,0.042
43,3,2,0.04199999999006237
43,3,3,0.042
43,3,4,0.042
43,3,5,0.04199999998084639
43,3,6,0.041999999988002
43,3,7,0.042
43,3,8,0.041999999942799036
43,3,9,0.042
43,3,10,0.041999999991380835
43,4,1,0.041999999987308675
43,4,2,0.041999999999745984
43,4,3,0.04199999999072498
43,4,4,0.041999999991591944
43,4,5,0.04199999996483661
43,4,6,0.042
43,4,7,0.041999999958696806
43,4,8,0.042
43,4,9,0.04199999998410826
43,4,10,0.042
43,5,1,0.042
43,5,2,0.04199999996272699
43,5,3,0.04199999994650869
43,5,4,0.042
43,5,5,0.042
43,5,6,0.042
43,5,7,0.041999999943335614
43,5,8,0.042
43,5,9,0.04199999996001594
43,5,10,0.04199999998189902
43,6,1,0.04199999999407597
43,6,2,0.042
43,6,3,0.041999999993124676
43,6,4,0.041999999935452545
43,6,5,0.042
43,6,6,0.04199999997741069
43,6,7,0.042
43,6,8,0.041999999983474104
43,6,9,0.041999999993050624
43,6,10,0.0419999999756424
43,7,1,0.04199999999341384
43,7,2,0.04199999999811241
43,7,3,0.04199999998513712
43,7,4,0.041999999984003215
43,7,5,0.04199999994252881
43,7,6,0.04199999997959477
43,7,7,0.042
43,7,8,0.042
43,7,9,0.041999999990817875
43,7,10,0.041999999963194916
43,8,1,0.04199999998889353
43,8,2,0.041999999987314296
43,8,3,0.042
43,8,4,0.042
43,8,5,0.04199999998512741
43,8,6,0.041999999983727804
43,8,7,0.042
43,8,8,0.04199999996901971
43,8,9,0.04199999998717457
43,8,10,0.041999999997757206
43,9,1,0.041999999990397906
43,9,2,0.04199999999710721
43,9,3,0.04199999997504646
43,9,4,0.041999999997276195
43,9,5,0.042
43,9,6,0.04199999998706865
43,9,7,0.041999999979712085
43,9,8,0.041999999997637136
43,9,9,0.042
43,9,10,0.041999999970371855
43,10,1,0.04199999998080556
43,10,2,0.042
43,10,3,0.04199999998379036
43,10,4,0.042
43,10,5,0.041999999974167423
43,10,6,0.042
43,10,7,0.0419999999810744
43,10,8,0.041999999962290056
43,10,9,0.0419999999808535
43,10,10,0.04199999998968567
43,11,1,0.041999999969343386
43,11,2,0.041999999990277925
43,11,3,0.041999999990848476
43,11,4,0.04199999998363183
43,11,5,0.042
43,11,6,0.04199999996965841
43,11,7,0.04199999996598808
43,11,8,0.04199999996942823
43,11,9,0.042
43,11,10,0.04199999997161633
43,12,1,0.042
43,12,2,0.041999999962871404
43,12,3,0.04199999996918343
43,12,4,0.042
43,12,5,0.041999999980662714
43,12,6,0.04199999999663743
43,12,7,0.04199999999853353
43,12,8,0.041999999995635744
43,12,9,0.04199999998882581
43,12,10,0.041999999993925355
43,13,1,0.042
43,13,2,0.04199999998806122
43,13,3,0.04199999999818736
43,13,4,0.04199999997585076
43,13,5,0.04199999998288327
43,13,6,0.04199999998294656
43,13,7,0.04199999999156604
43,13,8,0.04199999997178167
43,13,9,0.041999999980721736
43,13,10,0.04199999998870516
43,14,1,0.041999999971342954
43,14,2,0.04199999999185657
43,14,3,0.042
43,14,4,0.042
43,14,5,0.04199999998735201
43,14,6,0.04199999998339299
43,14,7,0.041999999957841545
43,14,8,0.041999999970555195
43,14,9,0.04199999997512258
43,14,10,0.042
43,15,1,0.041999999974044376
43,15,2,0.04199999999050412
43,15,3,0.042
43,15,4,0.04199999999131429
43,15,5,0.042
43,15,6,0.041999999971802864
43,15,7,0.04199999997335631
43,15,8,0.0419999999851172
43,15,9,0.04199999999903842
43,15,10,0.04199999994423972
43,16,1,0.04199999999584302
43,16,2,0.042
43,16,3,0.04199999996939818
43,16,4,0.041999999989664784
43,16,5,0.042
43,16,6,0.041999999967538275
43,16,7,0.04199999998777642
43,16,8,0.0419999999764142
43,16,9,0.04199999998823892
43,16,10,0.041999999976167136
43,17,1,0.04199999995987073
43,17,2,0.04199999995732907
43,17,3,0.04199999999176252
43,17,4,0.042
43,17,5,0.04199999997394424
43,17,6,0.042
43,17,7,0.04199999998659687
43,17,8,0.041999999982810725
43,17,9,0.04199999999021409
43,17,10,0.042
43,18,1,0.04199999997731967
43,18,2,0.04199999999270844
43,18,3,0.04199999996998562
43,18,4,0.04199999999823615
43,18,5,0.04199999997996812
43,18,6,0.042
43,18,7,0.042
43,18,8,0.04199999995780741
43,18,9,0.04199999997800006
43,18,10,0.041999999989478155
43,19,1,0.041999999980513264
43,19,2,0.04199999997825366
43,19,3,0.04199999998149867
43,19,4,0.04199999998139795
43,19,5,0.042
43,19,6,0.04199999998491147
43,19,7,0.042
43,19,8,0.041999999997858965
43,19,9,0.04199999997207571
43,19,10,0.042
43,20,1,0.04199999997446631
43,20,2,0.041999999960978036
43,20,3,0.04199999999782156
43,20,4,0.041999999976779404
43,20,5,0.042
43,20,6,0.0419999999530831
43,20,7,0.041999999980630004
43,20,8,0.04199999998035685
43,20,9,0.04199999997409778
43,20,10,0.04199999994208215
43,21,1,0.04199999998923597
43,21,2,0.041999999991052035
43,21,3,0.04199999998998259
43,21,4,0.041999999999305204
43,21,5,0.0419999999426811
43,21,6,0.04199999998956987
43,21,7,0.042
43,21,8,0.041999999980373875
43,21,9,0.04199999999309558
43,21,10,0.04199999998434174
43,22,1,0.04199999996438454
43,22,2,0.041999999981267445
43,22,3,0.042
43,22,4,0.042
43,22,5,0.041999999979555246
43,22,6,0.0419999999860319
43,22,7,0.04199999998106003
43,22,8,0.04199999996804403
43,22,9,0.042
43,22,10,0.042
43,23,1,0.042
43,23,2,0.0419999999916224
43,23,3,0.041999999985216356
43,23,4,0.04199999999064852
43,23,5,0.042
43,23,6,0.042
43,23,7,0.041999999975233994
43,23,8,0.041999999984880396
43,23,9,0.042
43,23,10,0.0419999999898884
43,24,1,0.041999999999103414
43,24,2,0.041999999994104205
43,24,3,0.04199999997374121
43,24,4,0.04199999998493431
43,24,5,0.042
43,24,6,0.04199999999743145
43,24,7,0.042
43,24,8,0.04199999997548388
43,24,9,0.0419999999704641
43,24,10,0.04199999998579214
46,1,1,0.02504828170698081
46,1,2,0.041912784724598834
46,1,3,0.03203786278554102
46,1,4,0.029162372746404118
46,1,5,0.03490056488980852
46,1,6,0.029417185019356213
46,1,7,0.024585762472978702
46,1,8,0.0005178961740671386
46,1,9,0.03536394805042351
46,1,10,0.03165905049862229
46,2,1,0.025048209680400793
46,2,2,0.04195875941844716
46,2,3,0.031451331267503345
46,2,4,0.02916237493779374
46,2,5,0.03489853438067476
46,2,6,0.029417318947745363
46,2,7,0.02458589044812543
46,2,8,0.08193896712717626
46,2,9,0.03536393383893706
46,2,10,0.031658964064562055
46,3,1,0.025048077975894104
46,3,2,0.04198503909118453
46,3,3,0.03145079054544854
46,3,4,0.029162270161093712
46,3,5,0.02812576973810035
46,3,6,0.024272444742217566
46,3,7,0.02458587789801541
46,3,8,-0.002142247359042271
46,3,9,0.048636108033116215
46,3,10,0.031659953624867024
46,4,1,0.03145316323436982
46,4,2,0.04199670706604483
46,4,3,0.0314510721047681
46,4,4,0.029162227818868555
46,4,5,0.028125248535761677
46,4,6,0.022597361971079706
46,4,7,0.02458531227321598
46,4,8,0.08346994520450507
46,4,9,0.048636008609552965
46,4,10,0.031659900945114915
46,5,1,0.031453424335189134
46,5,2,0.04200752731134334
46,5,3,0.03144993040166386
46,5,4,0.029161828305792396
46,5,5,0.028126252972747855
46,5,6,0.02259759868142435
46,5,7,0.029157158641380083
46,5,8,0.030392362477244726
46,5,9,0.042000000633792244
46,5,10,0.03165832133003048
46,6,1,0.03145377178485271
46,6,2,0.042021631659995506
46,6,3,0.03149016340532478
46,6,4,0.0315177325629637
46,6,5,0.028126249145444707
46,6,6,0.04119809706429971
46,6,7,0.042000001409895245
46,6,8,0.03599209924431808
46,6,9,0.03090269859020346
46,6,10,0.0362377953858938
46,7,1,0.04199544543227123
46,7,2,0.04203600956345553
46,7,3,0.03208458965769817
46,7,4,0.03428890880615468
46,7,5,0.029197382540754352
46,7,6,0.04200002220499234
46,7,7,0.04204220788301824
46,7,8,0.06383097700680154
46,7,9,0.030902768652075006
46,7,10,0.044084594818070345
46,8,1,0.04199962842457721
46,8,2,0.04208154097684072
46,8,3,0.032084261573453045
46,8,4,0.04188228734022877
46,8,5,0.0419999986266178
46,8,6,0.04199997309408191
46,8,7,0.04199808934405222
46,8,8,-0.040499999912657035
46,8,9,0.030904388175632597
46,8,10,0.05544403161394775
46,9,1,0.04199999762722274
46,9,2,-0.040499999144677785
46,9,3,0.04199999851490712
46,9,4,0.04199999754283851
46,9,5,0.04199999926427864
46,9,6,0.04199999902473243
46,9,7,0.04195970034975871
46,9,8,0.04200000051334633
46,9,9,-0.007209854615576861
46,9,10,0.06744067859484086
46,10,1,0.042000001169646396
46,10,2,0.04199999958388896
46,10,3,0.04204293106434777
46,10,4,0.06636989559711634
46,10,5,0.04200000200968378
46,10,6,0.04199999978346398
46,10,7,0.04310588082816315
46,10,8,0.12449999465909295
46,10,9,0.04204293374640846
46,10,10,0.04297009639777683
46,11,1,0.04200000799391881
46,11,2,0.07672655954910323
46,11,3,0.04195706949588483
46,11,4,0.06637142239938269
46,11,5,0.06536887083491102
46,11,6,0.0420000001350154
46,11,7,0.05117321591260345
46,11,8,0.04200000455270802
46,11,9,0.04195706725821872
46,11,10,-0.024973371725033486
46,12,1,0.0694909826013634
46,12,2,0.04553573586925337
46,12,3,0.07136363435624757
46,12,4,0.07575868011319595
46,12,5,0.10113112608919422
46,12,6,0.117396038203668
46,12,7,0.07811046745838623
46,12,8,-0.040499999148064396
46,12,9,0.07135149004503427
46,12,10,0.08325045283030255
46,13,1,0.0694909825881263
46,13,2,0.0037377061453732884
46,13,3,0.07136361624897697
46,13,4,-0.04049999644637503
46,13,5,-0.04049999828395932
46,13,6,-0.0008929733408053337
46,13,7,0.07811043412338062
46,13,8,0.04199999961900641
46,13,9,0.07135146986314361
46,13,10,0.08324952084456903
46,14,1,0.0695180248607911
46,14,2,0.042040138097919115
46,14,3,0.06577274772482508
46,14,4,0.10408228828368404
46,14,5,0.1244999985217259
46,14,6,0.09199693346472612
46,14,7,0.041973261588547146
46,14,8,0.041999999738878795
46,14,9,0.06579703851619005
46,14,10,-0.040499741267506925
46,15,1,0.04195864365815009
46,15,2,0.04199900793416359
46,15,3,0.04199999844842268
46,15,4,0.06241770943837159
46,15,5,0.04199999996092231
46,15,6,0.04199999869942045
46,15,7,0.04202673209270205
46,15,8,0.04200000385207496
46,15,9,0.04200000001697732
46,15,10,0.04202730736125137
46,16,1,0.04204135664270608
46,16,2,0.04196085209346732
46,16,3,0.04195066892776731
46,16,4,0.04200000011487154
46,16,5,0.04195434936124439
46,16,6,0.041951821033630876
46,16,7,0.036099632823998105
46,16,8,0.06950057787809188
46,16,9,0.037192398171101926
46,16,10,0.04197244471915881
46,17,1,0.04199999994155496
46,17,2,0.049048179573797375
46,17,3,0.04200701283519991
46,17,4,0.041970790851320196
46,17,5,0.042005902932808155
46,17,6,0.041991395124443776
46,17,7,0.03609713344220868
46,17,8,0.06949918257156538
46,17,9,0.0371899206062898
46,17,10,0.04199999998001411
46,18,1,0.04199997271280449
46,18,2,0.04905058867889128
46,18,3,0.04204231630626266
46,18,4,0.04200012789273235
46,18,5,0.0420397290707432
46,18,6,0.04201650841525371
46,18,7,0.03609955403516307
46,18,8,0.06950021300886522
46,18,9,0.04680899838429779
46,18,10,0.04227582789819984
46,19,1,0.04200002734058361
46,19,2,0.04904910545284145
46,19,3,0.042000003947966186
46,19,4,0.04202908131321762
46,19,5,0.042000018730689696
46,19,6,0.042040277545569396
46,19,7,0.036099239738346084
46,19,8,0.042000022565682214
46,19,9,0.04680868313670848
46,19,10,0.04209051082763026
46,20,1,-0.04049999987858229
46,20,2,0.058427342606655
46,20,3,-0.03447261941571376
46,20,4,-0.040499999864833894
46,20,5,-0.04049999961382232
46,20,6,-0.04049999985169798
46,20,7,-0.016895552731435358
46,20,8,-0.04049999981045255
46,20,9,-0.04049999980466741
46,20,10,0.04163367542125131
46,21,1,0.041999999962465784
46,21,2,0.08692478357865771
46,21,3,0.03835478195995488
46,21,4,0.04203995788132629
46,21,5,0.0695006091176993
46,21,6,0.0694998083448627
46,21,7,0.06950091709434045
46,21,8,0.041999999807484166
46,21,9,0.042000001942867175
46,21,10,0.0671072827157117
46,22,1,0.04199999999276341
46,22,2,-0.04049999991260353
46,22,3,0.03961784989494014
46,22,4,0.04201459926725146
46,22,5,0.06950048745141404
46,22,6,0.0694988055059806
46,22,7,0.06949968684394033
46,22,8,0.08411171644607417
46,22,9,0.04199999798786885
46,22,10,0.06710887855165869
46,23,1,0.042027655463485004
46,23,2,0.12449999960134531
46,23,3,0.04202456264637458
46,23,4,0.04199651272219582
46,23,5,0.06949890325944437
46,23,6,0.06950138599130792
46,23,7,0.06949939581288218
46,23,8,0.08238828314751243
46,23,9,0.042024976742945065
46,23,10,0.06712184187878713
46,24,1,0.04197234445778281
46,24,2,-0.04049999965969225
46,24,3,0.04197542515091785
46,24,4,0.041948930078617074
46,24,5,-0.040499999914468794
46,24,6,-0.04049999989171286
46,24,7,-0.040499999944885734
46,24,8,-0.04049999964363073
46,24,9,0.04197502315038167
46,24,10,-0.033338015318238656
48,1,1,0.132
48,1,2,0.13199999966847795
48,1,3,0.13199999984396463
48,1,4,0.13199999970193327
48,1,5,0.1319999998456113
48,1,6,0.132
48,1,7,0.1319999997024802
48,1,8,0.13199999998438672
48,1,9,0.13199999910393254
48,1,10,0.1319999998344661
48,2,1,0.132
48,2,2,0.13199999992241762
48,2,3,0.132
48,2,4,0.13199999949280625
48,2,5,0.132
48,2,6,0.132
48,2,7,0.13199999954930475
48,2,8,0.13199999981489777
48,2,9,0.132
48,2,10,0.13199999963633435
48,3,1,0.132
48,3,2,0.13199999953346656
48,3,3,0.132
48,3,4,0.1319999996605024
48,3,5,0.132
48,3,6,0.132
48,3,7,0.132
48,3,8,0.1319999997329845
48,3,9,0.132
48,3,10,0.13199999967055173
48,4,1,0.132
48,4,2,0.131999999409642
48,4,3,0.13199999966444653
48,4,4,0.132
48,4,5,0.13199999905509135
48,4,6,0.132
48,4,7,0.132
48,4,8,0.13199999955357966
48,4,9,0.132
48,4,10,0.132
48,5,1,0.13199999953679792
48,5,2,0.132
48,5,3,0.1319999995570833
48,5,4,0.132
48,5,5,0.13199999961766914
48,5,6,0.1319999995591012
48,5,7,0.132
48,5,8,0.132
48,5,9,0.132
48,5,10,0.13199999964234255
48,6,1,0.13199999960917616
48,6,2,0.132
48,6,3,0.132
48,6,4,0.132
48,6,5,0.132
48,6,6,0.132
48,6,7,0.132
48,6,8,0.13199999953205407
48,6,9,0.13199999984834176
48,6,10,0.132
48,7,1,0.132
48,7,2,0.132
48,7,3,0.1319999995860759
48,7,4,0.13199999904669638
48,7,5,0.132
48,7,6,0.13199999964181228
48,7,7,0.132
48,7,8,0.132
48,7,9,0.13199999990638045
48,7,10,0.132
48,8,1,0.13199999996339373
48,8,2,0.132
48,8,3,0.13199999969380094
48,8,4,0.13199999963018855
48,8,5,0.1319999995859056
48,8,6,0.13199999945532767
48,8,7,0.13199999982927008
48,8,8,0.13199999961535838
48,8,9,0.132
48,8,10,0.132
48,9,1,0.132
48,9,2,0.13199999994912592
48,9,3,0.13199999974180573
48,9,4,0.132
48,9,5,0.13199999975572976
48,9,6,0.132
48,9,7,0.132
48,9,8,0.132
48,9,9,0.132
48,9,10,0.132
48,10,1,0.13199999940176413
48,10,2,0.13199999992852468
48,10,3,0.132
48,10,4,0.1319999994609056
48,10,5,0.1319999999722305
48,10,6,0.132
48,10,7,0.13199999990952316
48,10,8,0.132
48,10,9,0.1319999996714428
48,10,10,0.1319999997900427
48,11,1,0.132
48,11,2,0.13199999987193398
48,11,3,0.1319999996186153
48,11,4,0.132
48,11,5,0.132
48,11,6,0.132
48,11,7,0.132
48,11,8,0.132
48,11,9,0.13199999981439034
48,11,10,0.13199999992228115
48,12,1,0.132
48,12,2,0.13199999973676535
48,12,3,0.132
48,12,4,0.13199999993971842
48,12,5,0.132
48,12,6,0.132
48,12,7,0.132
48,12,8,0.13199999996397602
48,12,9,0.132
48,12,10,0.13199999988997738
48,13,1,0.13199999945138477
48,13,2,0.13199999951085678
48,13,3,0.1319999993270824
48,13,4,0.13199999940105409
48,13,5,0.132
48,13,6,0.13199999946947
48,13,7,0.1319999997405984
48,13,8,0.132
48,13,9,0.13199999972471768
48,13,10,0.132
48,14,1,0.13199999997070772
48,14,2,0.132
48,14,3,0.132
48,14,4,0.1319999997758542
48,14,5,0.13199999970389703
48,14,6,0.132
48,14,7,0.13199999967407935
48,14,8,0.13199999992443817
48,14,9,0.13199999976787777
48,14,10,0.132
48,15,1,0.132
48,15,2,0.132
48,15,3,0.1319999997783473
48,15,4,0.132
48,15,5,0.13199999999860085
48,15,6,0.13199999962169742
48,15,7,0.13199999978405957
48,15,8,0.131999999520318
48,15,9,0.132
48,15,10,0.132
48,16,1,0.132
48,16,2,0.13199999960750036
48,16,3,0.132
48,16,4,0.13199999932030276
48,16,5,0.13199999998312745
48,16,6,0.13199999988462122
48,16,7,0.132
48,16,8,0.131999999883934
48,16,9,0.1319999998491772
48,16,10,0.132
48,17,1,0.1319999997662384
48,17,2,0.132
48,17,3,0.1319999992321652
48,17,4,0.132
48,17,5,0.132
48,17,6,0.132
48,17,7,0.13199999947173954
48,17,8,0.132
48,17,9,0.13199999921243039
48,17,10,0.132
48,18,1,0.132
48,18,2,0.13199999961170095
48,18,3,0.132
48,18,4,0.132
48,18,5,0.1319999995392495
48,18,6,0.132
48,18,7,0.132
48,18,8,0.132
48,18,9,0.13199999961428527
48,18,10,0.132
48,19,1,0.132
48,19,2,0.132
48,19,3,0.132
48,19,4,0.132
48,19,5,0.132
48,19,6,0.132
48,19,7,0.13199999942576035
48,19,8,0.1319999998943525
48,19,9,0.13199999956953615
48,19,10,0.1319999998019562
48,20,1,0.13199999995959483
48,20,2,0.13199999976344312
48,20,3,0.13199999979654653
48,20,4,0.13199999968578752
48,20,5,0.13199999993049144
48,20,6,0.1319999999634202
48,20,7,0.132
48,20,8,0.132
48,20,9,0.1319999999770826
48,20,10,0.13199999999308526
48,21,1,0.132
48,21,2,0.132
48,21,3,0.13199999953612024
48,21,4,0.132
48,21,5,0.132
48,21,6,0.132
48,21,7,0.13199999968827772
48,21,8,0.132
48,21,9,0.13199999994341122
48,21,10,0.13199999971914284
48,22,1,0.132
48,22,2,0.1319999997123846
48,22,3,0.1319999996615763
48,22,4,0.13199999957563924
48,22,5,0.1319999995893829
48,22,6,0.13199999957355396
48,22,7,0.132
48,22,8,0.13199999975739488
48,22,9,0.132
48,22,10,0.13199999937440163
48,23,1,0.132
48,23,2,0.1319999998297197
48,23,3,0.13199999971137985
48,23,4,0.132
48,23,5,0.132
48,23,6,0.13199999960231545
48,23,7,0.13199999968987924
48,23,8,0.132
48,23,9,0.132
48,23,10,0.132
48,24,1,0.132
48,24,2,0.132
48,24,3,0.132
48,24,4,0.132
48,24,5,0.13199999977208945
48,24,6,0.131999999954636
48,24,7,0.132
48,24,8,0.132
48,24,9,0.132
48,24,10,0.132
56,1,1,0.0599999997853288
56,1,2,0.059999999781518105
56,1,3,0.05999999979390651
56,1,4,0.0599999997949361
56,1,5,0.05999999978901078
56,1,6,0.059999999816976755
56,1,7,0.059999999790854165
56,1,8,0.059999999791902105
56,1,9,0.05999999980609378
56,1,10,0.05999999979215635
56,2,1,0.05999999978999486
56,2,2,0.05999999979576373
56,2,3,0.05999999979581223
56,2,4,0.05999999980579801
56,2,5,0.05999999980624152
56,2,6,0.05999999980533757
56,2,7,0.059999999784657664
56,2,8,0.059999999782205146
56,2,9,0.0599999998175875
56,2,10,0.059999999772532044
56,3,1,0.05999999979754511
56,3,2,0.05999999978334844
56,3,3,0.059999999782768494
56,3,4,0.05999999978713066
56,3,5,0.059999999812036575
56,3,6,0.059999999802163306
56,3,7,0.0599999998202768
56,3,8,0.059999999773631865
56,3,9,0.059999999781653435
56,3,10,0.059999999786162585
56,4,1,0.05999999980601292
56,4,2,0.05999999979710794
56,4,3,0.05999999979308732
56,4,4,0.05999999979036249
56,4,5,0.05999999979767167
56,4,6,0.05999999979216876
56,4,7,0.059999999781699044
56,4,8,0.05999999979644473
56,4,9,0.0599999997841556
56,4,10,0.059999999789878355
56,5,1,0.059999999783952235
56,5,2,0.05999999980516836
56,5,3,0.05999999978945896
56,5,4,0.05999999978281188
56,5,5,0.059999999784453834
56,5,6,0.05999999979740159
56,5,7,0.05999999980732245
56,5,8,0.059999999806349506
56,5,9,0.05999999982281853
56,5,10,0.05999999978703749
56,6,1,0.05999999978958594
56,6,2,0.05999999979971111
56,6,3,0.05999999977595759
56,6,4,0.05999999979898137
56,6,5,0.05999999978093403
56,6,6,0.05999999978527251
56,6,7,0.059999999781934224
56,6,8,0.05999999979025581
56,6,9,0.05999999977875522
56,6,10,0.059999999795455956
56,7,1,0.05999999983527736
56,7,2,0.05999999985021817
56,7,3,0.0599999998800935
56,7,4,0.05999999984246265
56,7,5,0.05999999984733211
56,7,6,0.05999999983648897
56,7,7,0.0599999996613534
56,7,8,0.059999999837040616
56,7,9,0.059999999864581835
56,7,10,0.05999999927489679
56,8,1,0.06
56,8,2,0.05999999974681616
56,8,3,0.06
56,8,4,0.059999999624300346
56,8,5,0.06
56,8,6,0.05999999987482583
56,8,7,0.05999999978909636
56,8,8,0.06
56,8,9,0.06
56,8,10,0.059999999779600494
56,9,1,0.059999999937868725
56,9,2,0.06
56,9,3,0.06
56,9,4,0.06
56,9,5,0.06
56,9,6,0.05999999985695393
56,9,7,0.059999999003573286
56,9,8,0.06
56,9,9,0.06
56,9,10,0.05999999984245947
56,10,1,0.06
56,10,2,0.05999999993421694
56,10,3,0.0599999997226571
56,10,4,0.05999999979468732
56,10,5,0.059999999979963914
56,10,6,0.06
56,10,7,0.06
56,10,8,0.06
56,10,9,0.0599999998861126
56,10,10,0.05999999953689573
56,11,1,0.06
56,11,2,0.06
56,11,3,0.05999999936347727
56,11,4,0.05999999988157638
56,11,5,0.05999999997975096
56,11,6,0.059999999286247045
56,11,7,0.06
56,11,8,0.05999999951013827
56,11,9,0.05999999978639395
56,11,10,0.059999999927494156
56,12,1,0.06
56,12,2,0.06
56,12,3,0.05999999998544395
56,12,4,0.059999999801508636
56,12,5,0.059999999926540315
56,12,6,0.059999999956550296
56,12,7,0.06
56,12,8,0.06
56,12,9,0.06
56,12,10,0.06
56,13,1,0.06
56,13,2,0.05999999989187993
56,13,3,0.05999999995815916
56,13,4,0.05999999977336218
56,13,5,0.05999999919061253
56,13,6,0.06
56,13,7,0.05999999955913764
56,13,8,0.05999999986854691
56,13,9,0.05999999970689362
56,13,10,0.05999999912854676
56,14,1,0.05999999962231222
56,14,2,0.05999999987619848
56,14,3,0.05999999979965672
56,14,4,0.05999999991366541
56,14,5,0.06
56,14,6,0.05999999995813991
56,14,7,0.05999999983588221
56,14,8,0.06
56,14,9,0.059999999983334544
56,14,10,0.05999999991711173
56,15,1,0.059999999813088414
56,15,2,0.06
56,15,3,0.06
56,15,4,0.06
56,15,5,0.06
56,15,6,0.05999999987545395
56,15,7,0.05999999989474559
56,15,8,0.06
56,15,9,0.05999999989430796
56,15,10,0.0599999999224055
56,16,1,0.059999999858408835
56,16,2,0.059999999875813906
56,16,3,0.05999999983027992
56,16,4,0.0599999996209944
56,16,5,0.06
56,16,6,0.059999999958217864
56,16,7,0.06
56,16,8,0.06
56,16,9,0.06
56,16,10,0.0599999999999178
56,17,1,0.059999999988627546
56,17,2,0.05999999978791129
56,17,3,0.06
56,17,4,0.06
56,17,5,0.059999999792813175
56,17,6,0.05999999981103069
56,17,7,0.059999999803956074
56,17,8,0.06
56,17,9,0.05999999987720391
56,17,10,0.06
56,18,1,0.05999999979394572
56,18,2,0.05999999978841521
56,18,3,0.05999999980746443
56,18,4,0.05999999977598785
56,18,5,0.059999999796612254
56,18,6,0.05999999980124607
56,18,7,0.05999999980180959
56,18,8,0.05999999978749196
56,18,9,0.05999999979379082
56,18,10,0.059999999785615606
56,19,1,0.059999999791734974
56,19,2,0.059999999796172446
56,19,3,0.059999999792392955
56,19,4,0.0599999997948722
56,19,5,0.05999999978947026
56,19,6,0.05999999980493459
56,19,7,0.059999999767480376
56,19,8,0.059999999797115545
56,19,9,0.059999999781260936
56,19,10,0.05999999978422141
56,20,1,0.05999999978559751
56,20,2,0.05999999981509651
56,20,3,0.05999999981101347
56,20,4,0.059999999800487966
56,20,5,0.05999999978904923
56,20,6,0.05999999978947066
56,20,7,0.05999999980693102
56,20,8,0.05999999977999752
56,20,9,0.05999999979458127
56,20,10,0.059999999790130515
56,21,1,0.05999999977664845
56,21,2,0.05999999978859755
56,21,3,0.05999999980763883
56,21,4,0.05999999979078031
56,21,5,0.059999999790797294
56,21,6,0.05999999981696384
56,21,7,0.059999999781015105
56,21,8,0.05999999978463968
56,21,9,0.05999999979967436
56,21,10,0.05999999977807493
56,22,1,0.05999999979574905
56,22,2,0.05999999979812926
56,22,3,0.05999999980186764
56,22,4,0.059999999798714315
56,22,5,0.059999999799021445
56,22,6,0.059999999779794234
56,22,7,0.0599999997773467
56,22,8,0.059999999787703026
56,22,9,0.05999999978908526
56,22,10,0.05999999980338553
56,23,1,0.05999999978103597
56,23,2,0.05999999977591036
56,23,3,0.059999999799919046
56,23,4,0.059999999793273646
56,23,5,0.05999999979140197
56,23,6,0.05999999979319924
56,23,7,0.05999999979904664
56,23,8,0.05999999980586283
56,23,9,0.05999999978381074
56,23,10,0.05999999978951872
56,24,1,0.05999999977108228
56,24,2,0.05999999978480254
56,24,3,0.05999999945194817
56,24,4,0.05999999978092655
56,24,5,0.05999999977929712
56,24,6,0.05999999978630148
56,24,7,0.05999999977858715
56,24,8,0.05999999979395776
56,24,9,0.05999999978705907
56,24,10,0.059999999796032384
59,1,1,0.059999999656752845
59,1,2,0.059999999656475476
59,1,3,0.05999999965544245
59,1,4,0.059999999656186555
59,1,5,0.05999999965566067
59,1,6,0.05999999965746396
59,1,7,0.0599999996565887
59,1,8,0.059999999657170795
59,1,9,0.05999999965621117
59,1,10,0.05999999965628879
59,2,1,0.05999999965762232
59,2,2,0.0599999996562468
59,2,3,0.05999999965645251
59,2,4,0.059999999657266094
59,2,5,0.05999999965594122
59,2,6,0.059999999656949965
59,2,7,0.05999999965624611
59,2,8,0.05999999965737657
59,2,9,0.05999999965570833
59,2,10,0.05999999965665924
59,3,1,0.05999999965550937
59,3,2,0.05999999965662269
59,3,3,0.05999999965702911
59,3,4,0.05999999965638017
59,3,5,0.059999999656602104
59,3,6,0.05999999965627779
59,3,7,0.059999999656671923
59,3,8,0.05999999965745008
59,3,9,0.05999999965638506
59,3,10,0.0599999996556055
59,4,1,0.05999999965708942
59,4,2,0.059999999656190205
59,4,3,0.059999999657218146
59,4,4,0.059999999656366106
59,4,5,0.05999999965610673
59,4,6,0.05999999965676343
59,4,7,0.05999999965728271
59,4,8,0.05999999965727592
59,4,9,0.059999999656146864
59,4,10,0.05999999965652043
59,5,1,0.05999999965611661
59,5,2,0.059999999656385
59,5,3,0.059999999656497875
59,5,4,0.05999999965611243
59,5,5,0.0599999996578074
59,5,6,0.05999999965589632
59,5,7,0.05999999965717203
59,5,8,0.059999999656514015
59,5,9,0.05999999965713062
59,5,10,0.05999999965585779
59,6,1,0.05999999966031221
59,6,2,0.059999999662610826
59,6,3,0.05999999966088049
59,6,4,0.05999999966032947
59,6,5,0.059999999661503656
59,6,6,0.059999999659483494
59,6,7,0.05999999966256172
59,6,8,0.05999999966145777
59,6,9,0.05999999966092227
59,6,10,0.05999999966329494
59,7,1,0.05999999976798963
59,7,2,0.059999999792821036
59,7,3,0.05999999975561701
59,7,4,0.05999999975553981
59,7,5,0.059999999777626045
59,7,6,0.05999999975333918
59,7,7,0.05999999913699398
59,7,8,0.05999999978006053
59,7,9,0.05999999975267118
59,7,10,0.06
59,8,1,0.05999999996838012
59,8,2,0.06
59,8,3,0.059999999983498836
59,8,4,0.05999999996617408
59,8,5,0.05999999998736905
59,8,6,0.05999999998498329
59,8,7,0.06
59,8,8,0.06
59,8,9,0.05999999999812852
59,8,10,0.05999999998504654
59,9,1,0.05999999990935956
59,9,2,0.05999999995800337
59,9,3,0.05999999995204979
59,9,4,0.05999999999318589
59,9,5,0.05999999999378319
59,9,6,0.059999999760747255
59,9,7,0.05999999999693167
59,9,8,0.059999999980797566
59,9,9,0.059999999987521535
59,9,10,0.059999999970111545
59,10,1,0.05999999998587662
59,10,2,0.06
59,10,3,0.06
59,10,4,0.059999999981803935
59,10,5,0.05999999998752361
59,10,6,0.06
59,10,7,0.059999999997296515
59,10,8,0.059999999988394066
59,10,9,0.059999999989405396
59,10,10,0.05999999999480045
59,11,1,0.05999999999593337
59,11,2,0.059999999977081823
59,11,3,0.06
59,11,4,0.0599999999966198
59,11,5,0.059999999989107086
59,11,6,0.06
59,11,7,0.05999999996451641
59,11,8,0.06
59,11,9,0.0599999999926003
59,11,10,0.0599999999935674
59,12,1,0.05999999997107742
59,12,2,0.05999999998306184
59,12,3,0.05999999998981939
59,12,4,0.06
59,12,5,0.06
59,12,6,0.05999999998650101
59,12,7,0.059999999961993906
59,12,8,0.06
59,12,9,0.0599999999725419
59,12,10,0.05999999997163749
59,13,1,0.059999999948714855
59,13,2,0.05999999998947294
59,13,3,0.059999999987687104
59,13,4,0.05999999999995988
59,13,5,0.05999999999732912
59,13,6,0.059999999996445015
59,13,7,0.05999999999394869
59,13,8,0.06
59,13,9,0.05999999998526795
59,13,10,0.06
59,14,1,0.05999999998944941
59,14,2,0.05999999996670516
59,14,3,0.06
59,14,4,0.05999999997860527
59,14,5,0.05999999998544287
59,14,6,0.059999999989293985
59,14,7,0.06
59,14,8,0.05999999999028302
59,14,9,0.05999999999081721
59,14,10,0.06
59,15,1,0.06
59,15,2,0.059999999949720766
59,15,3,0.05999999998626639
59,15,4,0.05999999998810685
59,15,5,0.05999999998500748
59,15,6,0.05999999979199278
59,15,7,0.05999999979070315
59,15,8,0.059999999999684216
59,15,9,0.06
59,15,10,0.06
59,16,1,0.05999999977368873
59,16,2,0.06
59,16,3,0.059999999781112055
59,16,4,0.05999999994573557
59,16,5,0.06
59,16,6,0.05999999999208447
59,16,7,0.05999999998548768
59,16,8,0.059999999980669086
59,16,9,0.06
59,16,10,0.059999999987126365
59,17,1,0.059999999982337994
59,17,2,0.05999999996712163
59,17,3,0.06
59,17,4,0.059999999983942495
59,17,5,0.05999999977214426
59,17,6,0.059999999778632615
59,17,7,0.059999999775515525
59,17,8,0.0599999999881745
59,17,9,0.05999999998351754
59,17,10,0.05999999997015373
59,18,1,0.05999999968234398
59,18,2,0.059999999676576196
59,18,3,0.05999999968192284
59,18,4,0.059999999681426976
59,18,5,0.05999999967009502
59,18,6,0.059999999667531764
59,18,7,0.05999999967011456
59,18,8,0.05999999967788894
59,18,9,0.05999999968180314
59,18,10,0.059999999678939535
59,19,1,0.05999999965746322
59,19,2,0.05999999965718369
59,19,3,0.059999999657402846
59,19,4,0.05999999965623043
59,19,5,0.05999999965609716
59,19,6,0.05999999965651792
59,19,7,0.05999999965713745
59,19,8,0.059999999657362725
59,19,9,0.05999999965542919
59,19,10,0.059999999657682435
59,20,1,0.05999999965621268
59,20,2,0.0599999996566421
59,20,3,0.059999999657608626
59,20,4,0.05999999965753022
59,20,5,0.05999999965614474
59,20,6,0.059999999656127435
59,20,7,0.059999999656077024
59,20,8,0.05999999965713621
59,20,9,0.05999999965640109
59,20,10,0.05999999965660657
59,21,1,0.05999999965667553
59,21,2,0.059999999656730356
59,21,3,0.05999999965800446
59,21,4,0.0599999996567696
59,21,5,0.05999999965618105
59,21,6,0.05999999965716012
59,21,7,0.059999999656607114
59,21,8,0.05999999965692416
59,21,9,0.05999999965607005
59,21,10,0.05999999965693483
59,22,1,0.05999999965705384
59,22,2,0.059999999656504904
59,22,3,0.059999999656569054
59,22,4,0.059999999656935254
59,22,5,0.059999999656338815
59,22,6,0.059999999655301915
59,22,7,0.05999999965583123
59,22,8,0.0599999996555308
59,22,9,0.059999999656191676
59,22,10,0.059999999655693935
59,23,1,0.059999999657209965
59,23,2,0.05999999965528183
59,23,3,0.059999999656354164
59,23,4,0.059999999657040594
59,23,5,0.05999999965557027
59,23,6,0.059999999656400946
59,23,7,0.05999999965625368
59,23,8,0.059999999656886294
59,23,9,0.059999999656462834
59,23,10,0.059999999656808065
59,24,1,0.05999999965693144
59,24,2,0.05999999965573032
59,24,3,0.052658677717959936
59,24,4,0.05999999965578421
59,24,5,0.0599999996570327
59,24,6,0.05999999965552777
59,24,7,0.059999999656835855
59,24,8,0.05999999965681172
59,24,9,0.059999999656282284
59,24,10,0.05999999965648794
61,1,1,0.005999999892333793
61,1,2,0.005999999803424592
61,1,3,0.005999999765103243
61,1,4,0.005999998743647247
61,1,5,0.005999999775327544
61,1,6,0.006
61,1,7,0.005999999790590132
61,1,8,0.005999999909307322
61,1,9,0.006
61,1,10,0.005999999813047882
61,2,1,0.005999999391164126
61,2,2,0.005999999599856651
61,2,3,0.005999999664488247
61,2,4,0.006
61,2,5,0.005999999996861051
61,2,6,0.005999999787398239
61,2,7,0.005999999729691549
61,2,8,0.005999999717296384
61,2,9,0.005999999410387583
61,2,10,0.005999999835536274
61,3,1,0.005999998958254877
61,3,2,0.005999999350776269
61,3,3,0.006
61,3,4,0.0059999998678975435
61,3,5,0.005999999893751848
61,3,6,0.005999999780199745
61,3,7,0.0059999996972687035
61,3,8,0.005999999717943675
61,3,9,0.005999999376158198
61,3,10,0.005999999270021178
61,4,1,0.00599999976926026
61,4,2,0.0059999994291685555
61,4,3,0.006
61,4,4,0.005999999929163768
61,4,5,0.005999999261694727
61,4,6,0.0059999992617610935
61,4,7,0.005999999390742667
61,4,8,0.006
61,4,9,0.005999999348634126
61,4,10,0.005999998520030769
61,5,1,0.005999999821509796
61,5,2,0.005999999203531784
61,5,3,0.006
61,5,4,0.006
61,5,5,0.005999999932070259
61,5,6,0.005999999937712105
61,5,7,0.006
61,5,8,0.005999999207010823
61,5,9,0.005999999791214693
61,5,10,0.005999999900521087
61,6,1,0.006
61,6,2,0.005999999817578822
61,6,3,0.006
61,6,4,0.00599999975213799
61,6,5,0.005999999828472853
61,6,6,0.00599999987030477
61,6,7,0.006
61,6,8,0.005999999292712648
61,6,9,0.005999999708940961
61,6,10,0.005999999184445053
61,7,1,0.005999999445714523
61,7,2,0.005999999379725303
61,7,3,0.006
61,7,4,0.005999999867192594
61,7,5,0.006
61,7,6,0.005999999540694168
61,7,7,0.006
61,7,8,0.0059999986191523235
61,7,9,0.005999999272547672
61,7,10,0.006
61,8,1,0.006
61,8,2,0.005999999254419994
61,8,3,0.005999999697699039
61,8,4,0.005999998735848505
61,8,5,0.005999999919538104
61,8,6,0.005999999506309157
61,8,7,0.006
61,8,8,0.00599999990673777
61,8,9,0.0059999998764671296
61,8,10,0.006
61,9,1,0.005999998543401114
61,9,2,0.00599999934511087
61,9,3,0.006
61,9,4,0.006
61,9,5,0.006
61,9,6,0.005999999965088398
61,9,7,0.0059999993137594245
61,9,8,0.006
61,9,9,0.005999999467520706
61,9,10,0.00599999939718307
61,10,1,0.006
61,10,2,0.006
61,10,3,0.005999997804731193
61,10,4,0.006
61,10,5,0.006
61,10,6,0.005999999715263458
61,10,7,0.005999999593483527
61,10,8,0.005999999549143342
61,10,9,0.006
61,10,10,0.006
61,11,1,0.005999999763328094
61,11,2,0.006
61,11,3,0.005999999869079559
61,11,4,0.005999999847484755
61,11,5,0.006
61,11,6,0.005999999656608738
61,11,7,0.006
61,11,8,0.00599999982128217
61,11,9,0.006
61,11,10,0.006
61,12,1,0.006
61,12,2,0.006
61,12,3,0.006
61,12,4,0.006
61,12,5,0.005999999166447268
61,12,6,0.005999999921139436
61,12,7,0.006
61,12,8,0.005999999929845349
61,12,9,0.006
61,12,10,0.006
61,13,1,0.005999999336577496
61,13,2,0.006
61,13,3,0.006
61,13,4,0.006
61,13,5,0.005999998990178587
61,13,6,0.005999999993163014
61,13,7,0.0059999998824430524
61,13,8,0.006
61,13,9,0.0059999997032169055
61,13,10,0.0059999995215426405
61,14,1,0.005999999636901992
61,14,2,0.005999999789401927
61,14,3,0.005999999719407334
61,14,4,0.005999999874139474
61,14,5,0.006
61,14,6,0.00599999950827368
61,14,7,0.006
61,14,8,0.0059999994710039075
61,14,9,0.006
61,14,10,0.006
61,15,1,0.006
61,15,2,0.006
61,15,3,0.005999999646358141
61,15,4,0.006
61,15,5,0.006
61,15,6,0.006
61,15,7,0.0059999996496291
61,15,8,0.005999999600174895
61,15,9,0.006
61,15,10,0.006
61,16,1,0.0059999999271754334
61,16,2,0.005999999927432009
61,16,3,0.005999999914578859
61,16,4,0.005999999627323933
61,16,5,0.005999999708254788
61,16,6,0.005999999511782859
61,16,7,0.00599999965241357
61,16,8,0.006
61,16,9,0.006
61,16,10,0.006
61,17,1,0.005999999109634637
61,17,2,0.006
61,17,3,0.0059999998502820165
61,17,4,0.005999999641954732
61,17,5,0.005999999158828686
61,17,6,0.005999999909294812
61,17,7,0.006
61,17,8,0.005999999428497312
61,17,9,0.005999999502333661
61,17,10,0.006
61,18,1,0.006
61,18,2,0.005999998717140001
61,18,3,0.0059999994946962005
61,18,4,0.005999999280919483
61,18,5,0.005999999303054655
61,18,6,0.005999999823853494
61,18,7,0.005999999823259729
61,18,8,0.006
61,18,9,0.00599999922537228
61,18,10,0.005999999718475253
61,19,1,0.005999999923326385
61,19,2,0.0059999998179161166
61,19,3,0.005999999411897183
61,19,4,0.005999999283718453
61,19,5,0.005999999311466007
61,19,6,0.00599999976852578
61,19,7,0.005999999680028451
61,19,8,0.0059999992820003395
61,19,9,0.005999999339519699
61,19,10,0.006
61,20,1,0.006
61,20,2,0.005999999187098186
61,20,3,0.005999999779090645
61,20,4,0.006
61,20,5,0.006
61,20,6,0.0059999997458174475
61,20,7,0.006
61,20,8,0.005999999613393452
61,20,9,0.005999998855200538
61,20,10,0.005999999801096575
61,21,1,0.005999999970845682
61,21,2,0.005999999755707623
61,21,3,0.005999999795800907
61,21,4,0.005999999826611011
61,21,5,0.006
61,21,6,0.006
61,21,7,0.005999999988711039
61,21,8,0.005999999951882163
61,21,9,0.005999998447755252
61,21,10,0.005999999894923958
61,22,1,0.005999999873582777
61,22,2,0.00599999984271824
61,22,3,0.006
61,22,4,0.005999999197535434
61,22,5,0.006
61,22,6,0.006
61,22,7,0.005999999451208705
61,22,8,0.0059999992321648835
61,22,9,0.005999999821132165
61,22,10,0.006
61,23,1,0.00599999966211009
61,23,2,0.005999999261741066
61,23,3,0.005999999994265874
61,23,4,0.005999999694384138
61,23,5,0.00599999987049048
61,23,6,0.005999999376382904
61,23,7,0.0059999984016927185
61,23,8,0.0059999993617949575
61,23,9,0.005999999220611281
61,23,10,0.006
61,24,1,0.00599999931560281
61,24,2,0.005999999578979793
61,24,3,0.0059999985853841495
61,24,4,0.006
61,24,5,0.00599999919827
61,24,6,0.005999999885980456
61,24,7,0.005999999163198934
61,24,8,0.006
61,24,9,0.005999999837395614
61,24,10,0.005999999763484958
66,1,1,2.0937430795623133e-7
66,1,2,2.1248487135242338e-7
66,1,3,2.0927614346559738e-7
66,1,4,2.0742875561634713e-7
66,1,5,2.0990386476892985e-7
66,1,6,2.099467053828375e-7
66,1,7,2.103495780900901e-7
66,1,8,2.111653926640309e-7
66,1,9,2.091160864524715e-7
66,1,10,2.0729020104114898e-7
66,2,1,2.0911864671785526e-7
66,2,2,2.1037908246029405e-7
66,2,3,2.0988110929005378e-7
66,2,4,2.0697427678748765e-7
66,2,5,2.0903208729387566e-7
66,2,6,2.0908725576274207e-7
66,2,7,2.099003951566088e-7
66,2,8,2.1051724532123885e-7
66,2,9,2.0790164478872898e-7
66,2,10,2.0913511543227087e-7
66,3,1,2.087210622886348e-7
66,3,2,2.09362035324336e-7
66,3,3,2.0920705654346054e-7
66,3,4,2.079571263587465e-7
66,3,5,2.086763611967777e-7
66,3,6,2.0996408901439426e-7
66,3,7,2.1032819360032037e-7
66,3,8,2.1021932766614594e-7
66,3,9,2.0859573824287632e-7
66,3,10,2.0936430425257727e-7
66,4,1,2.091378957879473e-7
66,4,2,2.1042355216340814e-7
66,4,3,2.0991751233597434e-7
66,4,4,2.0837618500307978e-7
66,4,5,2.0855092340301943e-7
66,4,6,2.10420512996459e-7
66,4,7,2.0868257729399062e-7
66,4,8,2.1052386530360729e-7
66,4,9,2.099384237476337e-7
66,4,10,2.0823547210581247e-7
66,5,1,2.1002577194572911e-7
66,5,2,2.1007625331166646e-7
66,5,3,2.0873220821304123e-7
66,5,4,2.0864724114729702e-7
66,5,5,2.0923904525830528e-7
66,5,6,2.104637753678469e-7
66,5,7,2.088390555148024e-7
66,5,8,2.074975028726592e-7
66,5,9,2.0859829362236842e-7
66,5,10,2.1010386294364146e-7
66,6,1,2.1038060418183296e-7
66,6,2,2.110885175764806e-7
66,6,3,2.1033844082461177e-7
66,6,4,2.0895989811007597e-7
66,6,5,2.0996213561662071e-7
66,6,6,2.090641965493283e-7
66,6,7,2.0997979490582211e-7
66,6,8,2.1086995029720622e-7
66,6,9,2.079431780764328e-7
66,6,10,2.1077848463523185e-7
66,7,1,8.514137811281955e-9
66,7,2,0.00391751907417759
66,7,3,9.87555688770298e-8
66,7,4,9.834683097042478e-8
66,7,5,-1.5391601798010542e-7
66,7,6,1.041604474830832e-7
66,7,7,2.235570913147402e-7
66,7,8,-1.1768158362707709e-7
66,7,9,1.115089312591617e-7
66,7,10,0.005999999991598124
66,8,1,0.006
66,8,2,0.005999999977507413
66,8,3,0.0059999999961606355
66,8,4,0.006
66,8,5,0.005999999984833021
66,8,6,0.005999999996484281
66,8,7,0.005999999988140779
66,8,8,0.005999999990815927
66,8,9,0.005999999983033346
66,8,10,0.005999999993823011
66,9,1,0.005999999999852821
66,9,2,0.006
66,9,3,0.005999999997941922
66,9,4,0.005999999985090591
66,9,5,0.005999999987896538
66,9,6,7.327216707610668e-8
66,9,7,0.006
66,9,8,0.005999999968401581
66,9,9,0.0059999999959441256
66,9,10,0.006
66,10,1,0.0059999999873433605
66,10,2,0.006
66,10,3,0.0059999999385530025
66,10,4,0.005999999990280631
66,10,5,0.005999999986984772
66,10,6,0.005999999981395038
66,10,7,0.006
66,10,8,0.005999999990110825
66,10,9,0.0059999999764832595
66,10,10,0.005999999984031655
66,11,1,0.006
66,11,2,0.006
66,11,3,0.005999999988223103
66,11,4,0.005999999970170281
66,11,5,0.0059999999883562135
66,11,6,0.006
66,11,7,0.006
66,11,8,0.005999999994732894
66,11,9,0.0059999999830651195
66,11,10,0.005999999968379851
66,12,1,0.005999999978695842
66,12,2,0.005999999985593014
66,12,3,0.005999999992827788
66,12,4,0.006
66,12,5,0.006
66,12,6,0.005999999988584413
66,12,7,0.005999999995213661
66,12,8,0.005999999976363517
66,12,9,0.005999999987895005
66,12,10,0.005999999991686464
66,13,1,0.005999999980966297
66,13,2,0.005999999982450132
66,13,3,0.005999999986961799
66,13,4,0.005999999987191172
66,13,5,0.005999999977081705
66,13,6,0.005999999979464732
66,13,7,0.00599999998807878
66,13,8,0.006
66,13,9,0.0059999999755234725
66,13,10,0.0059999999782401605
66,14,1,0.005999999987864224
66,14,2,0.00599999998686447
66,14,3,0.005999999952990633
66,14,4,0.005999999985418625
66,14,5,0.0059999999858554596
66,14,6,0.005999999988001219
66,14,7,0.006
66,14,8,0.005999999987285162
66,14,9,0.005999999989201962
66,14,10,0.005999999978535399
66,15,1,0.0059999999978622215
66,15,2,0.006
66,15,3,0.0059999999891681005
66,15,4,0.005999999987863506
66,15,5,0.005999999965272775
66,15,6,0.0035380691992708984
66,15,7,0.004860888173195115
66,15,8,0.005999999992571648
66,15,9,0.005999999986419546
66,15,10,0.005999999989642536
66,16,1,-8.67336423248745e-8
66,16,2,0.005999999996698614
66,16,3,-3.19879342737651e-8
66,16,4,0.005999999990316562
66,16,5,0.005999999997960884
66,16,6,0.005999999977815818
66,16,7,0.005999999987689519
66,16,8,0.006
66,16,9,0.006
66,16,10,0.005999999988374276
66,17,1,0.005999999980893374
66,17,2,0.00599999999616192
66,17,3,0.005999999999748706
66,17,4,0.005999999981607614
66,17,5,-6.219348121381511e-8
66,17,6,-1.2477578210278976e-7
66,17,7,-1.2691421394175357e-7
66,17,8,0.005999999973599777
66,17,9,0.005999999981733595
66,17,10,0.00599999999538925
66,18,1,2.1584773776627575e-7
66,18,2,2.1793396487497288e-7
66,18,3,2.179048080008067e-7
66,18,4,2.2033197021163665e-7
66,18,5,2.191991667548726e-7
66,18,6,2.0823703462454207e-7
66,18,7,2.1932203848528706e-7
66,18,8,2.2026835251178615e-7
66,18,9,2.1933070745818552e-7
66,18,10,2.2015999802961952e-7
66,19,1,2.0854303374714082e-7
66,19,2,2.1012451994361216e-7
66,19,3,2.1060142231305614e-7
66,19,4,2.0838031751433413e-7
66,19,5,2.101586475785828e-7
66,19,6,2.0753013892355213e-7
66,19,7,2.0958802566009542e-7
66,19,8,2.1024930019191e-7
66,19,9,2.0991013572598738e-7
66,19,10,2.0736404052366419e-7
66,20,1,2.0875599577179017e-7
66,20,2,2.097466131854977e-7
66,20,3,2.0956196336313912e-7
66,20,4,2.101738268022566e-7
66,20,5,2.0957227415680547e-7
66,20,6,2.083617390603771e-7
66,20,7,2.096060235956196e-7
66,20,8,2.0970481445520318e-7
66,20,9,2.0798656880865393e-7
66,20,10,2.0840669581779438e-7
66,21,1,2.1010542552861147e-7
66,21,2,2.090135247315877e-7
66,21,3,2.0886026919652178e-7
66,21,4,2.0994172367522615e-7
66,21,5,2.10175745399599e-7
66,21,6,2.0784321658946466e-7
66,21,7,2.0783470759677455e-7
66,21,8,2.0794307396907846e-7
66,21,9,2.0951977635047867e-7
66,21,10,2.1078735121981272e-7
66,22,1,2.1011618827357102e-7
66,22,2,2.0851161057117117e-7
66,22,3,2.1016615120401966e-7
66,22,4,2.1009831869157847e-7
66,22,5,2.0776828832034256e-7
66,22,6,2.1026622647988936e-7
66,22,7,2.0864927606369346e-7
66,22,8,2.0966081080300157e-7
66,22,9,2.1009032181103036e-7
66,22,10,2.0900097742289473e-7
66,23,1,2.0829420050079302e-7
66,23,2,2.091517160856647e-7
66,23,3,2.0875715876242924e-7
66,23,4,2.0993146051596904e-7
66,23,5,2.100447359566964e-7
66,23,6,2.101002850770101e-7
66,23,7,1.9742631661449246e-7
66,23,8,2.0887363513502348e-7
66,23,9,2.0988489968036046e-7
66,23,10,2.1016246979016417e-7
66,24,1,2.0947273903401676e-7
66,24,2,2.0657701579217622e-7
66,24,3,1.2595753756780685e-7
66,24,4,2.1122347462410085e-7
66,24,5,2.0961294389123048e-7
66,24,6,2.095915188956175e-7
66,24,7,2.0853671441363203e-7
66,24,8,2.1079684983250717e-7
66,24,9,2.0686745020801852e-7
66,24,10,2.0828477146597273e-7
71,1,1,0.006
71,1,2,0.005999999964475189
71,1,3,0.005999999978374079
71,1,4,0.005999999972882491
71,1,5,0.0059999999756102885
71,1,6,0.005999999957081338
71,1,7,0.006
71,1,8,0.005999999985524595
71,1,9,0.0059999999670696915
71,1,10,0.005999999977269859
71,2,1,0.005999999997344458
71,2,2,0.005999999960611667
71,2,3,0.005999999983508493
71,2,4,0.006
71,2,5,0.00599999997186999
71,2,6,0.005999999977096004
71,2,7,0.00599999999095518
71,2,8,0.006
71,2,9,0.005999999971599482
71,2,10,0.0059999999968573395
71,3,1,0.005999999972066931
71,3,2,0.006
71,3,3,0.005999999994931447
71,3,4,0.006
71,3,5,0.005999999994368376
71,3,6,0.00599999998867761
71,3,7,0.0059999999735694245
71,3,8,0.005999999976191585
71,3,9,0.005999999962681814
71,3,10,0.005999999990708453
71,4,1,0.006
71,4,2,0.005999999956893758
71,4,3,0.0059999999952420535
71,4,4,0.005999999983099561
71,4,5,0.005999999981230678
71,4,6,0.006
71,4,7,0.006
71,4,8,0.005999999991579414
71,4,9,0.006
71,4,10,0.0059999999913108995
71,5,1,0.005999999985634605
71,5,2,0.005999999994125985
71,5,3,0.005999999964894128
71,5,4,0.005999999989668695
71,5,5,0.006
71,5,6,0.006
71,5,7,0.006
71,5,8,0.005999999992291844
71,5,9,0.005999999999997046
71,5,10,0.005999999987341658
71,6,1,0.006
71,6,2,0.0059999999962465946
71,6,3,0.005999999991412814
71,6,4,0.006
71,6,5,0.005999999994987622
71,6,6,0.00599999999676764
71,6,7,0.005999999989077254
71,6,8,0.006
71,6,9,0.006
71,6,10,0.00599999996312208
71,7,1,0.005999999983407511
71,7,2,0.00599999998839567
71,7,3,0.005999999967747265
71,7,4,0.005999999982864648
71,7,5,0.0059999999999012
71,7,6,0.005999999984367407
71,7,7,0.006
71,7,8,0.005999999973418135
71,7,9,0.00599999998854972
71,7,10,0.006
71,8,1,0.005999999952369423
71,8,2,0.006
71,8,3,0.00599999997928818
71,8,4,0.005999999963481743
71,8,5,0.005999999977526429
71,8,6,0.005999999993908929
71,8,7,0.006
71,8,8,0.006
71,8,9,0.006
71,8,10,0.005999999981694976
71,9,1,0.006
71,9,2,0.006
71,9,3,0.006
71,9,4,0.006
71,9,5,0.005999999963951268
71,9,6,0.006
71,9,7,0.005999999985698679
71,9,8,0.006
71,9,9,0.006
71,9,10,0.005999999967460395
71,10,1,0.006
71,10,2,0.005999999978438109
71,10,3,0.005999999995816589
71,10,4,0.006
71,10,5,0.005999999988136977
71,10,6,0.005999999969130936
71,10,7,0.0059999999892168705
71,10,8,0.006
71,10,9,0.006
71,10,10,0.006
71,11,1,0.006
71,11,2,0.005999999997769004
71,11,3,0.005999999960289309
71,11,4,0.005999999961428247
71,11,5,0.006
71,11,6,0.005999999999689558
71,11,7,0.006
71,11,8,0.005999999983782543
71,11,9,0.0059999999877428396
71,11,10,0.006
71,12,1,0.006
71,12,2,0.006
71,12,3,0.005999999976269211
71,12,4,0.006
71,12,5,0.0059999999935706145
71,12,6,0.006
71,12,7,0.005999999983354723
71,12,8,0.00599999998159598
71,12,9,0.005999999958811588
71,12,10,0.006
71,13,1,0.006
71,13,2,0.006
71,13,3,0.005999999972954043
71,13,4,0.005999999991267486
71,13,5,0.006
71,13,6,0.005999999976872796
71,13,7,0.006
71,13,8,0.006
71,13,9,0.006
71,13,10,0.005999999980803281
71,14,1,0.005999999967844739
71,14,2,0.005999999981861413
71,14,3,0.006
71,14,4,0.006
71,14,5,0.006
71,14,6,0.006
71,14,7,0.005999999964519812
71,14,8,0.005999999991190253
71,14,9,0.005999999943225033
71,14,10,0.006
71,15,1,0.006
71,15,2,0.005999999981367192
71,15,3,0.006
71,15,4,0.006
71,15,5,0.005999999948162445
71,15,6,0.006
71,15,7,0.006
71,15,8,0.005999999983437722
71,15,9,0.005999999986770611
71,15,10,0.005999999977055873
71,16,1,0.005999999965944115
71,16,2,0.0059999999934632385
71,16,3,0.006
71,16,4,0.005999999977010036
71,16,5,0.005999999978050958
71,16,6,0.006
71,16,7,0.0059999999797778055
71,16,8,0.0059999999848026585
71,16,9,0.0059999999948709614
71,16,10,0.005999999985373334
71,17,1,0.005999999971020143
71,17,2,0.00599999997564654
71,17,3,0.006
71,17,4,0.005999999998470706
71,17,5,0.005999999963466342
71,17,6,0.006
71,17,7,0.005999999957561331
71,17,8,0.006
71,17,9,0.006
71,17,10,0.005999999970080835
71,18,1,0.005999999986335786
71,18,2,0.006
71,18,3,0.005999999978500825
71,18,4,0.005999999982684538
71,18,5,0.006
71,18,6,0.006
71,18,7,0.005999999995744815
71,18,8,0.0059999999897932905
71,18,9,0.005999999989793117
71,18,10,0.005999999950537868
71,19,1,0.005999999982572954
71,19,2,0.005999999994301937
71,19,3,0.005999999983187819
71,19,4,0.005999999979888915
71,19,5,0.005999999963352406
71,19,6,0.005999999987039504
71,19,7,0.006
71,19,8,0.006
71,19,9,0.005999999997135716
71,19,10,0.005999999987798478
71,20,1,0.005999999990680552
71,20,2,0.006
71,20,3,0.005999999958558101
71,20,4,0.006
71,20,5,0.005999999997510734
71,20,6,0.005999999993863568
71,20,7,0.006
71,20,8,0.006
71,20,9,0.005999999975434094
71,20,10,0.005999999958016798
71,21,1,0.005999999965387769
71,21,2,0.005999999972831461
71,21,3,0.0059999999951495415
71,21,4,0.0059999999809408145
71,21,5,0.006
71,21,6,0.005999999990393864
71,21,7,0.005999999994098422
71,21,8,0.005999999977344742
71,21,9,0.005999999971093235
71,21,10,0.005999999971657436
71,22,1,0.005999999963432184
71,22,2,0.005999999987235029
71,22,3,0.006
71,22,4,0.00599999997661328
71,22,5,0.006
71,22,6,0.005999999986633837
71,22,7,0.005999999994002296
71,22,8,0.00599999996049529
71,22,9,0.006
71,22,10,0.006
71,23,1,0.005999999980403396
71,23,2,0.006
71,23,3,0.005999999989979983
71,23,4,0.006
71,23,5,0.005999999976499764
71,23,6,0.006
71,23,7,0.006
71,23,8,0.005999999986075756
71,23,9,0.00599999996496976
71,23,10,0.006
71,24,1,0.006
71,24,2,0.005999999959067551
71,24,3,0.006
71,24,4,0.005999999991757542
71,24,5,0.005999999978504345
71,24,6,0.006
71,24,7,0.005999999957037712
71,24,8,0.006
71,24,9,0.005999999974748386
71,24,10,0.006
75,1,1,0.03
75,1,2,0.029999999989756002
75,1,3,0.03
75,1,4,0.03
75,1,5,0.02999999997019098
75,1,6,0.029999999992981297
75,1,7,0.029999999998974566
75,1,8,0.029999999959868774
75,1,9,0.03
75,1,10,0.02999999998071853
75,2,1,0.029999999990770534
75,2,2,0.029999999968056586
75,2,3,0.029999999987453164
75,2,4,0.029999999954619255
75,2,5,0.03
75,2,6,0.029999999976776527
75,2,7,0.03
75,2,8,0.029999999993356168
75,2,9,0.03
75,2,10,0.029999999993041097
75,3,1,0.029999999993310964
75,3,2,0.029999999976778383
75,3,3,0.03
75,3,4,0.02999999999102779
75,3,5,0.029999999985517722
75,3,6,0.03
75,3,7,0.03
75,3,8,0.03
75,3,9,0.029999999978209083
75,3,10,0.029999999985263495
75,4,1,0.029999999993774375
75,4,2,0.029999999977094523
75,4,3,0.029999999992754073
75,4,4,0.03
75,4,5,0.029999999988581515
75,4,6,0.029999999979879274
75,4,7,0.02999999999706796
75,4,8,0.029999999997869717
75,4,9,0.02999999997130294
75,4,10,0.029999999976106067
75,5,1,0.02999999999766853
75,5,2,0.03
75,5,3,0.029999999982001802
75,5,4,0.03
75,5,5,0.02999999994269782
75,5,6,0.03
75,5,7,0.029999999976767135
75,5,8,0.029999999999807403
75,5,9,0.03
75,5,10,0.02999999995864024
75,6,1,0.03
75,6,2,0.02999999998068619
75,6,3,0.02999999993813017
75,6,4,0.03
75,6,5,0.029999999990018445
75,6,6,0.029999999983466252
75,6,7,0.029999999988277275
75,6,8,0.029999999983359955
75,6,9,0.029999999991483946
75,6,10,0.029999999982794266
75,7,1,0.02999999997920141
75,7,2,0.029999999995998075
75,7,3,0.02999999998014494
75,7,4,0.02999999998613403
75,7,5,0.03
75,7,6,0.029999999978504013
75,7,7,0.03
75,7,8,0.029999999999150817
75,7,9,0.02999999997551006
75,7,10,0.029999999967690944
75,8,1,0.029999999993597072
75,8,2,0.029999999994917165
75,8,3,0.029999999986907826
75,8,4,0.029999999977968116
75,8,5,0.02999999998583654
75,8,6,0.02999999997658734
75,8,7,0.029999999960468662
75,8,8,0.029999999982607665
75,8,9,0.03
75,8,10,0.03
75,9,1,0.029999999961807525
75,9,2,0.029999999968255236
75,9,3,0.029999999966422396
75,9,4,0.03
75,9,5,0.03
75,9,6,0.029999999965671653
75,9,7,0.02999999998385171
75,9,8,0.029999999962913977
75,9,9,0.02999999998227787
75,9,10,0.029999999955501355
75,10,1,0.0299999999802653
75,10,2,0.03
75,10,3,0.02999999997753652
75,10,4,0.03
75,10,5,0.02999999999997117
75,10,6,0.02999999994740694
75,10,7,0.02999999997938004
75,10,8,0.029999999965334954
75,10,9,0.03
75,10,10,0.03
75,11,1,0.03
75,11,2,0.02999999997687794
75,11,3,0.029999999976010612
75,11,4,0.03
75,11,5,0.02999999997271766
75,11,6,0.029999999990106517
75,11,7,0.03
75,11,8,0.029999999983662932
75,11,9,0.029999999975459556
75,11,10,0.029999999970270013
75,12,1,0.02999999999724972
75,12,2,0.0299999999854812
75,12,3,0.02999999999053725
75,12,4,0.029999999985749672
75,12,5,0.02999999993557965
75,12,6,0.029999999978322284
75,12,7,0.029999999972098953
75,12,8,0.029999999974698717
75,12,9,0.029999999986882783
75,12,10,0.029999999979138894
75,13,1,0.029999999958802682
75,13,2,0.03
75,13,3,0.029999999985596767
75,13,4,0.03
75,13,5,0.029999999927942042
75,13,6,0.0299999999903115
75,13,7,0.02999999997350264
75,13,8,0.02999999999678294
75,13,9,0.029999999983452284
75,13,10,0.03
75,14,1,0.029999999990839174
75,14,2,0.029999999966548754
75,14,3,0.029999999966744777
75,14,4,0.029999999986039205
75,14,5,0.029999999990532378
75,14,6,0.029999999978381882
75,14,7,0.029999999979483216
75,14,8,0.02999999999261091
75,14,9,0.029999999994304565
75,14,10,0.03
75,15,1,0.029999999966692528
75,15,2,0.02999999998729586
75,15,3,0.029999999963709938
75,15,4,0.0299999999662875
75,15,5,0.02999999995121748
75,15,6,0.03
75,15,7,0.029999999979500484
75,15,8,0.03
75,15,9,0.02999999996499814
75,15,10,0.03
75,16,1,0.03
75,16,2,0.03
75,16,3,0.03
75,16,4,0.03
75,16,5,0.03
75,16,6,0.03
75,16,7,0.029999999929039914
75,16,8,0.03
75,16,9,0.02999999996354453
75,16,10,0.02999999999336139
75,17,1,0.03
75,17,2,0.02999999999350184
75,17,3,0.03
75,17,4,0.02999999996065226
75,17,5,0.03
75,17,6,0.029999999979010542
75,17,7,0.0299999999995579
75,17,8,0.029999999983824185
75,17,9,0.029999999999776802
75,17,10,0.029999999984816297
75,18,1,0.02999999999084672
75,18,2,0.029999999984616214
75,18,3,0.03
75,18,4,0.029999999987658576
75,18,5,0.02999999997514333
75,18,6,0.029999999992015036
75,18,7,0.029999999964262128
75,18,8,0.03
75,18,9,0.029999999999989077
75,18,10,0.02999999999493174
75,19,1,0.029999999969477907
75,19,2,0.029999999985413618
75,19,3,0.029999999970541372
75,19,4,0.029999999978867216
75,19,5,0.029999999995271382
75,19,6,0.029999999980553492
75,19,7,0.03
75,19,8,0.029999999982860393
75,19,9,0.029999999986371456
75,19,10,0.02999999995390906
75,20,1,0.03
75,20,2,0.029999999993491438
75,20,3,0.029999999994738933
75,20,4,0.02999999998103615
75,20,5,0.03
75,20,6,0.02999999996216417
75,20,7,0.03
75,20,8,0.03
75,20,9,0.02999999999519507
75,20,10,0.03
75,21,1,0.029999999995154368
75,21,2,0.03
75,21,3,0.03
75,21,4,0.02999999999463483
75,21,5,0.029999999992039124
75,21,6,0.029999999979873588
75,21,7,0.03
75,21,8,0.029999999967730884
75,21,9,0.03
75,21,10,0.03
75,22,1,0.03
75,22,2,0.029999999997577055
75,22,3,0.029999999988448225
75,22,4,0.03
75,22,5,0.02999999997807936
75,22,6,0.02999999996434933
75,22,7,0.029999999991328193
75,22,8,0.03
75,22,9,0.029999999939186117
75,22,10,0.02999999995585012
75,23,1,0.03
75,23,2,0.0299999999769276
75,23,3,0.02999999995644374
75,23,4,0.03
75,23,5,0.03
75,23,6,0.03
75,23,7,0.03
75,23,8,0.029999999971870646
75,23,9,0.029999999978878398
75,23,10,0.029999999995133645
75,24,1,0.02999999999922897
75,24,2,0.029999999988793793
75,24,3,0.029999999984235637
75,24,4,0.029999999954870855
75,24,5,0.03
75,24,6,0.03
75,24,7,0.03
75,24,8,0.029999999979536666
75,24,9,0.03
75,24,10,0.02999999997989871
79,1,1,0.012
79,1,2,0.011999999681642138
79,1,3,0.011999999603769287
79,1,4,0.012
79,1,5,0.011999999869560317
79,1,6,0.011999999827215488
79,1,7,0.011999999975518386
79,1,8,0.011999999856349825
79,1,9,0.012
79,1,10,0.012
79,2,1,0.012
79,2,2,0.011999999396820421
79,2,3,0.012
79,2,4,0.011999999660083556
79,2,5,0.011999999898778242
79,2,6,0.012
79,2,7,0.011999999766203232
79,2,8,0.011999999880084324
79,2,9,0.011999999911265727
79,2,10,0.012
79,3,1,0.012
79,3,2,0.01199999990833828
79,3,3,0.01199999987735073
79,3,4,0.012
79,3,5,0.012
79,3,6,0.011999999827738939
79,3,7,0.012
79,3,8,0.012
79,3,9,0.011999999868840096
79,3,10,0.011999999809189388
79,4,1,0.01199999966910028
79,4,2,0.011999999875396862
79,4,3,0.011999999297135978
79,4,4,0.011999999981463949
79,4,5,0.011999999698043242
79,4,6,0.011999999919950535
79,4,7,0.012
79,4,8,0.012
79,4,9,0.011999999947866165
79,4,10,0.012
79,5,1,0.012
79,5,2,0.01199999987197739
79,5,3,0.011999999643364657
79,5,4,0.01199999982122126
79,5,5,0.012
79,5,6,0.012
79,5,7,0.011999999804067003
79,5,8,0.011999999356452582
79,5,9,0.012
79,5,10,0.011999999751482906
79,6,1,0.012
79,6,2,0.011999999903417765
79,6,3,0.01199999968545805
79,6,4,0.012
79,6,5,0.011999999600431297
79,6,6,0.012
79,6,7,0.011999999553939565
79,6,8,0.011999999864064005
79,6,9,0.011999999948002413
79,6,10,0.012
79,7,1,0.012
79,7,2,0.012
79,7,3,0.012
79,7,4,0.012
79,7,5,0.012
79,7,6,0.011999999504929674
79,7,7,0.012
79,7,8,0.011999999867189857
79,7,9,0.01199999971687991
79,7,10,0.01199999975628072
79,8,1,0.011999999380747483
79,8,2,0.012
79,8,3,0.012
79,8,4,0.012
79,8,5,0.01199999895306593
79,8,6,0.011999999741499947
79,8,7,0.012
79,8,8,0.01199999970224878
79,8,9,0.012
79,8,10,0.01199999962598103
79,9,1,0.01199999977272517
79,9,2,0.011999999747124264
79,9,3,0.01199999983290191
79,9,4,0.012
79,9,5,0.012
79,9,6,0.012
79,9,7,0.012
79,9,8,0.011999999645617557
79,9,9,0.012
79,9,10,0.012
79,10,1,0.012
79,10,2,0.011999999759004377
79,10,3,0.011999999832108081
79,10,4,0.011999999769276036
79,10,5,0.011999999870291201
79,10,6,0.012
79,10,7,0.012
79,10,8,0.011999999501664483
79,10,9,0.012
79,10,10,0.011999999833283873
79,11,1,0.011999999817340033
79,11,2,0.012
79,11,3,0.012
79,11,4,0.011999999930894479
79,11,5,0.012
79,11,6,0.011999999961811055
79,11,7,0.011999999236982311
79,11,8,0.01199999961281142
79,11,9,0.011999999769583918
79,11,10,0.011999999835768493
79,12,1,0.012
79,12,2,0.012
79,12,3,0.011999999502928137
79,12,4,0.012
79,12,5,0.011999999929790022
79,12,6,0.012
79,12,7,0.011999999790579934
79,12,8,0.011999998881265342
79,12,9,0.011999999737477316
79,12,10,0.011999999615664378
79,13,1,0.011999999712868742
79,13,2,0.012
79,13,3,0.011999999818193198
79,13,4,0.011999999761160013
79,13,5,0.011999999478005324
79,13,6,0.011999999703591115
79,13,7,0.012
79,13,8,0.011999999883323972
79,13,9,0.0119999991090114
79,13,10,0.011999999520439198
79,14,1,0.012
79,14,2,0.011999999641664144
79,14,3,0.01199999948511962
79,14,4,0.012
79,14,5,0.012
79,14,6,0.011999999917221192
79,14,7,0.012
79,14,8,0.012
79,14,9,0.012
79,14,10,0.012
79,15,1,0.01199999970338407
79,15,2,0.011999999826541525
79,15,3,0.012
79,15,4,0.011999999755805634
79,15,5,0.011999999935195599
79,15,6,0.012
79,15,7,0.012
79,15,8,0.011999999579823162
79,15,9,0.011999999278596773
79,15,10,0.011999999805136396
79,16,1,0.012
79,16,2,0.012
79,16,3,0.011999999925018134
79,16,4,0.011999999767920478
79,16,5,0.011999999304598316
79,16,6,0.01199999969779823
79,16,7,0.012
79,16,8,0.011999999496076597
79,16,9,0.012
79,16,10,0.011999999743841942
79,17,1,0.011999999970070448
79,17,2,0.011999999621277735
79,17,3,0.011999999591875662
79,17,4,0.012
79,17,5,0.011999999959686576
79,17,6,0.012
79,17,7,0.01199999944818793
79,17,8,0.011999999536305442
79,17,9,0.012
79,17,10,0.012
79,18,1,0.011999999977428405
79,18,2,0.012
79,18,3,0.012
79,18,4,0.011999999444270612
79,18,5,0.01199999984362845
79,18,6,0.01199999927387049
79,18,7,0.012
79,18,8,0.012
79,18,9,0.011999999839414086
79,18,10,0.012
79,19,1,0.011999999755848034
79,19,2,0.012
79,19,3,0.011999999896769442
79,19,4,0.012
79,19,5,0.012
79,19,6,0.012
79,19,7,0.012
79,19,8,0.011999999992001988
79,19,9,0.012
79,19,10,0.011999999846474367
79,20,1,0.012
79,20,2,0.012
79,20,3,0.011999999288236621
79,20,4,0.012
79,20,5,0.012
79,20,6,0.012
79,20,7,0.012
79,20,8,0.01199999969704756
79,20,9,0.01199999987456924
79,20,10,0.012
79,21,1,0.011999999838961122
79,21,2,0.011999999654435878
79,21,3,0.012
79,21,4,0.011999999915441265
79,21,5,0.01199999996876939
79,21,6,0.011999999884803448
79,21,7,0.01199999968637618
79,21,8,0.012
79,21,9,0.01199999978569643
79,21,10,0.012
79,22,1,0.011999999805640774
79,22,2,0.012
79,22,3,0.012
79,22,4,0.011999999756305776
79,22,5,0.011999999727203062
79,22,6,0.011999999923309398
79,22,7,0.01199999956277501
79,22,8,0.012
79,22,9,0.011999999795267342
79,22,10,0.012
79,23,1,0.012
79,23,2,0.011999999220593631
79,23,3,0.012
79,23,4,0.011999999998712011
79,23,5,0.011999999913292732
79,23,6,0.011999999410592186
79,23,7,0.011999999942611528
79,23,8,0.012
79,23,9,0.012
79,23,10,0.012
79,24,1,0.011999999732515122
79,24,2,0.012
79,24,3,0.012
79,24,4,0.011999999897386246
79,24,5,0.011999999992582947
79,24,6,0.011999999207918468
79,24,7,0.011999999646249213
79,24,8,0.011999999915051993
79,24,9,0.011999999733489159
79,24,10,0.011999999926279441
83,1,1,0.042
83,1,2,0.04199999940606939
83,1,3,0.042
83,1,4,0.042
83,1,5,0.04199999967496912
83,1,6,0.04199999964910484
83,1,7,0.042
83,1,8,0.042
83,1,9,0.041999999978376334
83,1,10,0.042
83,2,1,0.04199999947768561
83,2,2,0.042
83,2,3,0.042
83,2,4,0.042
83,2,5,0.042
83,2,6,0.04199999999926792
83,2,7,0.042
83,2,8,0.04199999920108723
83,2,9,0.041999999975724525
83,2,10,0.042
83,3,1,0.042
83,3,2,0.042
83,3,3,0.042
83,3,4,0.041999999661268654
83,3,5,0.042
83,3,6,0.042
83,3,7,0.04199999966845671
83,3,8,0.042
83,3,9,0.042
83,3,10,0.042
83,4,1,0.042
83,4,2,0.04199999941705409
83,4,3,0.042
83,4,4,0.042
83,4,5,0.042
83,4,6,0.042
83,4,7,0.041999999981070034
83,4,8,0.042
83,4,9,0.042
83,4,10,0.042
83,5,1,0.042
83,5,2,0.042
83,5,3,0.042
83,5,4,0.042
83,5,5,0.042
83,5,6,0.042
83,5,7,0.042
83,5,8,0.042
83,5,9,0.042
83,5,10,0.042
83,6,1,0.041999999561214495
83,6,2,0.042
83,6,3,0.042
83,6,4,0.04199999963825341
83,6,5,0.0419999994525857
83,6,6,0.042
83,6,7,0.042
83,6,8,0.042
83,6,9,0.042
83,6,10,0.041999999423837725
83,7,1,0.042
83,7,2,0.041999999481791145
83,7,3,0.04199999955062702
83,7,4,0.042
83,7,5,0.041999999981092266
83,7,6,0.04199999948968035
83,7,7,0.042
83,7,8,0.04199999989964771
83,7,9,0.042
83,7,10,0.042
83,8,1,0.042
83,8,2,0.0419999995818781
83,8,3,0.04199999993273119
83,8,4,0.04199999998934752
83,8,5,0.042
83,8,6,0.041999999612715944
83,8,7,0.042
83,8,8,0.041999999992650985
83,8,9,0.04199999993581358
83,8,10,0.042
83,9,1,0.041999999990943455
83,9,2,0.042
83,9,3,0.042
83,9,4,0.04199999992943518
83,9,5,0.042
83,9,6,0.04199999937409423
83,9,7,0.042
83,9,8,0.041999999823984474
83,9,9,0.041999999700465626
83,9,10,0.042
83,10,1,0.042
83,10,2,0.042
83,10,3,0.042
83,10,4,0.04199999999077104
83,10,5,0.042
83,10,6,0.04199999988083528
83,10,7,0.041999999423974275
83,10,8,0.04199999994005126
83,10,9,0.04199999947500992
83,10,10,0.042
83,11,1,0.042
83,11,2,0.041999999953960976
83,11,3,0.042
83,11,4,0.04199999955621344
83,11,5,0.04199999959357303
83,11,6,0.04199999928295162
83,11,7,0.042
83,11,8,0.042
83,11,9,0.042
83,11,10,0.0419999999767562
83,12,1,0.04199999950927765
83,12,2,0.042
83,12,3,0.04199999957228307
83,12,4,0.04199999952833679
83,12,5,0.042
83,12,6,0.042
83,12,7,0.041999999537799544
83,12,8,0.042
83,12,9,0.042
83,12,10,0.04199999998295922
83,13,1,0.04199999956238353
83,13,2,0.042
83,13,3,0.042
83,13,4,0.04199999993659114
83,13,5,0.041999999541177564
83,13,6,0.041999999675621444
83,13,7,0.04199999993874068
83,13,8,0.04199999937207524
83,13,9,0.042
83,13,10,0.04199999930992217
83,14,1,0.042
83,14,2,0.04199999997213918
83,14,3,0.042
83,14,4,0.041999999918942155
83,14,5,0.042
83,14,6,0.041999999458063444
83,14,7,0.042
83,14,8,0.042
83,14,9,0.04199999947261751
83,14,10,0.042
83,15,1,0.04199999957521436
83,15,2,0.042
83,15,3,0.042
83,15,4,0.04199999948342888
83,15,5,0.042
83,15,6,0.04199999949641556
83,15,7,0.042
83,15,8,0.04199999979242445
83,15,9,0.041999999929782664
83,15,10,0.04199999927988399
83,16,1,0.042
83,16,2,0.042
83,16,3,0.04199999963978083
83,16,4,0.042
83,16,5,0.041999999568215214
83,16,6,0.042
83,16,7,0.042
83,16,8,0.042
83,16,9,0.041999999557547935
83,16,10,0.042
83,17,1,0.042
83,17,2,0.04199999959769312
83,17,3,0.042
83,17,4,0.042
83,17,5,0.042
83,17,6,0.041999999707532445
83,17,7,0.042
83,17,8,0.04199999959334879
83,17,9,0.042
83,17,10,0.042
83,18,1,0.04199999975506383
83,18,2,0.04199999935504594
83,18,3,0.042
83,18,4,0.042
83,18,5,0.042
83,18,6,0.041999999634963966
83,18,7,0.042
83,18,8,0.042
83,18,9,0.04199999898274816
83,18,10,0.042
83,19,1,0.04199999989147116
83,19,2,0.04199999944331171
83,19,3,0.042
83,19,4,0.041999999805437636
83,19,5,0.0419999997899316
83,19,6,0.041999999582164514
83,19,7,0.042
83,19,8,0.04199999958800944
83,19,9,0.042
83,19,10,0.04199999993054227
83,20,1,0.041999999147511916
83,20,2,0.04199999999835675
83,20,3,0.042
83,20,4,0.04199999995814517
83,20,5,0.042
83,20,6,0.041999999950246635
83,20,7,0.042
83,20,8,0.042
83,20,9,0.04199999977982054
83,20,10,0.042
83,21,1,0.041999999932796635
83,21,2,0.042
83,21,3,0.04199999956412357
83,21,4,0.04199999998740107
83,21,5,0.04199999999186641
83,21,6,0.04199999946218685
83,21,7,0.04199999989271502
83,21,8,0.04199999987365052
83,21,9,0.042
83,21,10,0.042
83,22,1,0.042
83,22,2,0.04199999959514449
83,22,3,0.04199999955638093
83,22,4,0.042
83,22,5,0.04199999967764201
83,22,6,0.04199999987822622
83,22,7,0.04199999911070275
83,22,8,0.04199999992287577
83,22,9,0.042
83,22,10,0.042
83,23,1,0.042
83,23,2,0.042
83,23,3,0.042
83,23,4,0.042
83,23,5,0.042
83,23,6,0.042
83,23,7,0.042
83,23,8,0.042
83,23,9,0.042
83,23,10,0.042
83,24,1,0.042
83,24,2,0.04199999957155533
83,24,3,0.042
83,24,4,0.04199999983083971
83,24,5,0.041999999450518334
83,24,6,0.041999999944412975
83,24,7,0.04199999977425528
83,24,8,0.042
83,24,9,0.042
83,24,10,0.042
85,1,1,-0.1176975000079369
85,1,2,-0.1788615
85,1,3,-0.07138650000618867
85,1,4,-0.0278625
85,1,5,-0.03979000002861343
85,1,6,-0.1221585
85,1,7,-0.0969220000184977
85,1,8,-0.41494100000926204
85,1,9,-0.03561000001724938
85,1,10,-0.18540300002357998
85,2,1,-0.11829100002487307
85,2,2,-0.1704890000086433
85,2,3,-0.07046150000746648
85,2,4,-0.027355500004783886
85,2,5,-0.03833100002147969
85,2,6,-0.11480300000000002
85,2,7,-0.0941770000381828
85,2,8,-0.4004005000139113
85,2,9,-0.035028500025640924
85,2,10,-0.1929370000133617
85,3,1,-0.1115350000139638
85,3,2,-0.15857600000753494
85,3,3,-0.06575000001436919
85,3,4,-0.024771400005868596
85,3,5,-0.037752
85,3,6,-0.1121440000427471
85,3,7,-0.09308750003222387
85,3,8,-0.3413200000207981
85,3,9,-0.03206600001540125
85,3,10,-0.194803
85,4,1,-0.1079745
85,4,2,-0.15135150001986314
85,4,3,-0.06575000003056668
85,4,4,-0.0247714
85,4,5,-0.03891000001909154
85,4,6,-0.11344550000769606
85,4,7,-0.09526600000336527
85,4,8,-0.3489415000052897
85,4,9,-0.032066000006686315
85,4,10,-0.1882365
85,5,1,-0.1103480000248835
85,5,2,-0.13384100000002574
85,5,3,-0.06856800002934109
85,5,4,-0.026317000005863147
85,5,5,-0.04215150002016321
85,5,6,-0.11808450002182395
85,5,7,-0.10136650001827889
85,5,8,-0.35932000000968756
85,5,9,-0.033838
85,5,10,-0.19107050000237802
85,6,1,-0.10678750000000001
85,6,2,-0.11877000004655308
85,6,3,-0.06253600002745077
85,6,4,-0.023008500024274712
85,6,5,-0.043657000006584394
85,6,6,-0.11610450003330977
85,6,7,-0.10419900001410565
85,6,8,-0.3649955
85,6,9,-0.030045000023479058
85,6,10,-0.21339650000000002
85,7,1,-0.0820005
85,7,2,-0.10762250001908243
85,7,3,-0.05844100002051731
85,7,4,-0.02076265
85,7,5,-0.04833400000691418
85,7,6,-0.10133750000502863
85,7,7,-0.11300100004423098
85,7,8,-0.39672450000626996
85,7,9,-0.02746950001770356
85,7,10,-0.22148350001690217
85,8,1,-0.07592900001598081
85,8,2,-0.13934300002891153
85,8,3,-0.06341649999999999
85,8,4,-0.0234915
85,8,5,-0.06139400001208565
85,8,6,-0.124195
85,8,7,-0.13757700003039028
85,8,8,-0.41942700000934446
85,8,9,-0.03059850000722475
85,8,10,-0.23081500002671498
85,9,1,-0.05287650003497107
85,9,2,-0.16747500000943533
85,9,3,-0.0588810000065163
85,9,4,-0.021004100005801576
85,9,5,-0.06961450000547982
85,9,6,-0.13833950000733958
85,9,7,-0.15304600001685012
85,9,8,-0.41850850000556433
85,9,9,-0.027746500030911427
85,9,10,-0.2164380000141683
85,10,1,-0.030919500024929967
85,10,2,-0.1889565
85,10,3,-0.05980599999999999
85,10,4,-0.021511250020983686
85,10,5,-0.07517200003209457
85,10,6,-0.15259700000353846
85,10,7,-0.16350400003234902
85,10,8,-0.4282380000056855
85,10,9,-0.028328000050148346
85,10,10,-0.20745200000925462
85,11,1,-0.01927915000605399
85,11,2,-0.20555850003334156
85,11,3,-0.06390100000139638
85,11,4,-0.023757100013283138
85,11,5,-0.07741800000000001
85,11,6,-0.15966900002436624
85,11,7,-0.167731
85,11,8,-0.4401295000055948
85,11,9,-0.030903000036170563
85,11,10,-0.20842
85,12,1,-0.014577350027869153
85,12,2,-0.21440950002854528
85,12,3,-0.06997750000551443
85,12,4,-0.027089500000000002
85,12,5,-0.0748015000217751
85,12,6,-0.1565010000284938
85,12,7,-0.16280700000977247
85,12,8,-0.4393190000130116
85,12,9,-0.034724
85,12,10,-0.2174055000040436
85,13,1,-0.01521640000914887
85,13,2,-0.21684950000080416
85,13,3,-0.07380800000000001
85,13,4,-0.0291905
85,13,5,-0.06998500002516939
85,13,6,-0.14128150005091983
85,13,7,-0.15374350004250992
85,13,8,-0.4282380000095878
85,13,9,-0.03713300002518797
85,13,10,-0.22977800001331472
85,14,1,-0.017179300040845828
85,14,2,-0.2095775
85,14,3,-0.07332350000127949
85,14,4,-0.028925000026433306
85,14,5,-0.0663495000038917
85,14,6,-0.12351600003115717
85,14,7,-0.14690200000023104
85,14,8,-0.40769750000955474
85,14,9,-0.0368285
85,14,10,-0.23288850000931377
85,15,1,-0.01740755
85,15,2,-0.20077400001151538
85,15,3,-0.07046150001480544
85,15,4,-0.027355499999999998
85,15,5,-0.062436000011906724
85,15,6,-0.10258250002108883
85,15,7,-0.13953800000000002
85,15,8,-0.3790495000132192
85,15,9,-0.03502850002077527
85,15,10,-0.22666750001994318
85,16,1,-0.01672280001094339
85,16,2,-0.19838200000828077
85,16,3,-0.07380800000696766
85,16,4,-0.02919050002562376
85,16,5,-0.05896250001259066
85,16,6,-0.0822145
85,16,7,-0.13300200005853308
85,16,8,-0.3451035000022887
85,16,9,-0.03713300003302223
85,16,10,-0.2266675000012341
85,17,1,-0.0176358
85,17,2,-0.19288000000659314
85,17,3,-0.08380350003696671
85,17,4,-0.034672500007725246
85,17,5,-0.05757350000274515
85,17,6,-0.07372800001189386
85,17,7,-0.1303875
85,17,8,-0.307104
85,17,9,-0.043418500051191675
85,17,10,-0.23288850000000003
85,18,1,-0.020739900001989536
85,18,2,-0.1735510000061697
85,18,3,-0.08899900000754492
85,18,4,-0.0375220000331635
85,18,5,-0.05419250003440926
85,18,6,-0.08164849999999998
85,18,7,-0.12402550003941848
85,18,8,-0.2666720000059095
85,18,9,-0.046685500013039796
85,18,10,-0.224594000001356
85,19,1,-0.028591500021310043
85,19,2,-0.1484810000086469
85,19,3,-0.07873950000000002
85,19,4,-0.03189550001793494
85,19,5,-0.048635500035660285
85,19,6,-0.10829700002760019
85,19,7,-0.11356750001549366
85,19,8,-0.2509965000158771
85,19,9,-0.040234000015982735
85,19,10,-0.19964150000686479
85,20,1,-0.035986500012413866
85,20,2,-0.1421180000198836
85,20,3,-0.07970850003670654
85,20,4,-0.03242650001208095
85,20,5,-0.0492835
85,20,6,-0.13330400001404388
85,20,7,-0.11478750003456151
85,20,8,-0.281645
85,20,9,-0.04084350002133941
85,20,10,-0.19390450003800574
85,21,1,-0.046349000022838795
85,21,2,-0.1535045000290227
85,21,3,-0.08274650001258711
85,21,4,-0.03409300003038683
85,21,5,-0.05588300000913857
85,21,6,-0.1541810000085828
85,21,7,-0.1272065
85,21,8,-0.3156445000069165
85,21,9,-0.04275400000000001
85,21,10,-0.20842
85,22,1,-0.051096000023034945
85,22,2,-0.18197150002707232
85,22,3,-0.07724250002530673
85,22,4,-0.031074499999999998
85,22,5,-0.06315400001782881
85,22,6,-0.1784530000063045
85,22,7,-0.14088900000000001
85,22,8,-0.3394280000118768
85,22,9,-0.0392925
85,22,10,-0.2256310000087837
85,23,1,-0.050229000012704035
85,23,2,-0.19996050000232587
85,23,3,-0.07675799999999999
85,23,4,-0.03080850002369997
85,23,5,-0.06743750001111778
85,23,6,-0.2035170000254369
85,23,7,-0.14895000003376224
85,23,8,-0.3668875000070331
85,23,9,-0.03898800003988868
85,23,10,-0.23496200002963918
85,24,1,-0.04429450003143333
85,24,2,-0.19761650001653316
85,24,3,-0.0838035
85,24,4,-0.03467250001448498
85,24,5,-0.07591250000641989
85,24,6,-0.19644450002034555
85,24,7,-0.16489850000111642
85,24,8,-0.363103500013028
85,24,9,-0.0434185000096846
85,24,10,-0.25638950001730204
88,1,1,0.01199999995577531
88,1,2,0.011999999998390427
88,1,3,0.011999999980255584
88,1,4,0.011999999963515702
88,1,5,0.011999999967994411
88,1,6,0.011999999986040342
88,1,7,0.012
88,1,8,0.011999999979307525
88,1,9,0.01199999997821737
88,1,10,0.01199999998272683
88,2,1,0.011999999965329545
88,2,2,0.011999999955735785
88,2,3,0.01199999998515289
88,2,4,0.011999999969855365
88,2,5,0.01199999999985858
88,2,6,0.011999999981911624
88,2,7,0.011999999985481525
88,2,8,0.012
88,2,9,0.012
88,2,10,0.011999999987890626
88,3,1,0.0119999999808145
88,3,2,0.011999999985341707
88,3,3,0.012
88,3,4,0.012
88,3,5,0.011999999996526487
88,3,6,0.012
88,3,7,0.012
88,3,8,0.012
88,3,9,0.011999999973260497
88,3,10,0.011999999992072848
88,4,1,0.012
88,4,2,0.01199999997220741
88,4,3,0.011999999971227629
88,4,4,0.01199999998929046
88,4,5,0.012
88,4,6,0.011999999981292118
88,4,7,0.012
88,4,8,0.011999999966564843
88,4,9,0.011999999992491
88,4,10,0.011999999997577409
88,5,1,0.011999999988480923
88,5,2,0.011999999965831594
88,5,3,0.011999999974967387
88,5,4,0.011999999994303463
88,5,5,0.012
88,5,6,0.01199999999499719
88,5,7,0.012
88,5,8,0.012
88,5,9,0.012
88,5,10,0.01199999999312755
88,6,1,0.011999999978251874
88,6,2,0.011999999966187681
88,6,3,0.01199999999954695
88,6,4,0.011999999971682692
88,6,5,0.011999999979636909
88,6,6,0.012
88,6,7,0.011999999976415331
88,6,8,0.011999999998403973
88,6,9,0.01199999999356789
88,6,10,0.0119999999866162
88,7,1,0.011999999979833061
88,7,2,0.011999999972583676
88,7,3,0.012
88,7,4,0.012
88,7,5,0.011999999998348734
88,7,6,0.012
88,7,7,0.011999999936390008
88,7,8,0.011999999981622735
88,7,9,0.011999999983847978
88,7,10,0.012
88,8,1,0.011999999999785613
88,8,2,0.011999999978182714
88,8,3,0.011999999984129876
88,8,4,0.011999999990008597
88,8,5,0.011999999969942025
88,8,6,0.011999999997718858
88,8,7,0.011999999966371286
88,8,8,0.01199999997776543
88,8,9,0.012
88,8,10,0.01199999996605816
88,9,1,0.011999999972099492
88,9,2,0.011999999975803644
88,9,3,0.012
88,9,4,0.012
88,9,5,0.011999999978434907
88,9,6,0.011999999998028988
88,9,7,0.012
88,9,8,0.011999999999589988
88,9,9,0.011999999983990619
88,9,10,0.011999999978383802
88,10,1,0.011999999966755128
88,10,2,0.012
88,10,3,0.011999999958003353
88,10,4,0.012
88,10,5,0.011999999966865809
88,10,6,0.011999999985652793
88,10,7,0.011999999964593975
88,10,8,0.011999999967507998
88,10,9,0.011999999963739724
88,10,10,0.012
88,11,1,0.011999999949832668
88,11,2,0.011999999982118998
88,11,3,0.012
88,11,4,0.011999999959337286
88,11,5,0.012
88,11,6,0.011999999974830068
88,11,7,0.011999999996742537
88,11,8,0.011999999979034713
88,11,9,0.011999999990882545
88,11,10,0.011999999965275863
88,12,1,0.011999999979975595
88,12,2,0.011999999998101748
88,12,3,0.012
88,12,4,0.011999999963452588
88,12,5,0.012
88,12,6,0.01199999999067762
88,12,7,0.011999999982171527
88,12,8,0.01199999999422263
88,12,9,0.011999999985559532
88,12,10,0.012
88,13,1,0.011999999960354422
88,13,2,0.011999999967608987
88,13,3,0.01199999998408221
88,13,4,0.012
88,13,5,0.012
88,13,6,0.011999999959663395
88,13,7,0.01199999999362472
88,13,8,0.01199999999458098
88,13,9,0.012
88,13,10,0.011999999982780231
88,14,1,0.01199999999159323
88,14,2,0.0119999999794323
88,14,3,0.011999999979061218
88,14,4,0.012
88,14,5,0.011999999987713563
88,14,6,0.012
88,14,7,0.011999999978988892
88,14,8,0.012
88,14,9,0.012
88,14,10,0.011999999962656816
88,15,1,0.011999999976985098
88,15,2,0.011999999987703895
88,15,3,0.012
88,15,4,0.011999999994703307
88,15,5,0.011999999979163309
88,15,6,0.012
88,15,7,0.012
88,15,8,0.011999999992653465
88,15,9,0.012
88,15,10,0.01199999999987738
88,16,1,0.011999999983894298
88,16,2,0.012
88,16,3,0.011999999985662984
88,16,4,0.012
88,16,5,0.011999999974626321
88,16,6,0.01199999999216814
88,16,7,0.011999999990521079
88,16,8,0.012
88,16,9,0.011999999971893207
88,16,10,0.01199999999647991
88,17,1,0.011999999997254492
88,17,2,0.011999999956384639
88,17,3,0.011999999989796681
88,17,4,0.011999999958283818
88,17,5,0.012
88,17,6,0.011999999983889335
88,17,7,0.012
88,17,8,0.011999999996114785
88,17,9,0.012
88,17,10,0.011999999979607271
88,18,1,0.011999999994195104
88,18,2,0.012
88,18,3,0.012
88,18,4,0.011999999960939253
88,18,5,0.012
88,18,6,0.012
88,18,7,0.011999999958455826
88,18,8,0.01199999997565447
88,18,9,0.011999999958823311
88,18,10,0.011999999980389954
88,19,1,0.011999999988318757
88,19,2,0.012
88,19,3,0.012
88,19,4,0.011999999992783525
88,19,5,0.011999999986752056
88,19,6,0.012
88,19,7,0.011999999967654704
88,19,8,0.012
88,19,9,0.011999999985262562
88,19,10,0.011999999953910174
88,20,1,0.011999999988923801
88,20,2,0.011999999980416875
88,20,3,0.011999999979896793
88,20,4,0.011999999984882537
88,20,5,0.012
88,20,6,0.011999999994076652
88,20,7,0.011999999961327504
88,20,8,0.011999999976538594
88,20,9,0.01199999996857852
88,20,10,0.011999999953264479
88,21,1,0.01199999999928258
88,21,2,0.011999999999289804
88,21,3,0.011999999998545268
88,21,4,0.012
88,21,5,0.012
88,21,6,0.01199999994158277
88,21,7,0.01199999998909526
88,21,8,0.01199999999793411
88,21,9,0.012
88,21,10,0.012
88,22,1,0.011999999991054716
88,22,2,0.011999999946775858
88,22,3,0.012
88,22,4,0.012
88,22,5,0.011999999976982728
88,22,6,0.011999999972093443
88,22,7,0.011999999972702199
88,22,8,0.01199999999147575
88,22,9,0.011999999960309966
88,22,10,0.012
88,23,1,0.011999999969154981
88,23,2,0.011999999971335861
88,23,3,0.012
88,23,4,0.012
88,23,5,0.011999999982568094
88,23,6,0.012
88,23,7,0.011999999971007138
88,23,8,0.012
88,23,9,0.011999999992501797
88,23,10,0.012
88,24,1,0.012
88,24,2,0.011999999967871294
88,24,3,0.011999999961354096
88,24,4,0.012
88,24,5,0.012
88,24,6,0.012
88,24,7,0.012
88,24,8,0.011999999959901402
88,24,9,0.011999999977644045
88,24,10,0.012
90,1,1,0.029999999982393926
90,1,2,0.029999999973517693
90,1,3,0.029999999993765833
90,1,4,0.029999999966156835
90,1,5,0.02999999996108284
90,1,6,0.03
90,1,7,0.029999999988550064
90,1,8,0.03
90,1,9,0.029999999972250727
90,1,10,0.03
90,2,1,0.02999999999070394
90,2,2,0.03
90,2,3,0.02999999996242788
90,2,4,0.03
90,2,5,0.029999999971889044
90,2,6,0.029999999956628966
90,2,7,0.029999999944903044
90,2,8,0.029999999962737
90,2,9,0.02999999998714968
90,2,10,0.029999999974378647
90,3,1,0.029999999959791208
90,3,2,0.0299999999556312
90,3,3,0.03
90,3,4,0.02999999997179968
90,3,5,0.029999999970634197
90,3,6,0.029999999971505428
90,3,7,0.03
90,3,8,0.029999999999374524
90,3,9,0.03
90,3,10,0.02999999998268092
90,4,1,0.03
90,4,2,0.02999999998859847
90,4,3,0.029999999965132855
90,4,4,0.02999999997555737
90,4,5,0.02999999997454358
90,4,6,0.02999999997755661
90,4,7,0.02999999997868889
90,4,8,0.0299999999555694
90,4,9,0.029999999979706624
90,4,10,0.03
90,5,1,0.02999999999097326
90,5,2,0.02999999997775753
90,5,3,0.03
90,5,4,0.029999999991786395
90,5,5,0.03
90,5,6,0.029999999989489004
90,5,7,0.029999999971469165
90,5,8,0.02999999997475717
90,5,9,0.029999999988529483
90,5,10,0.029999999952964852
90,6,1,0.0299999999990327
90,6,2,0.029999999958861538
90,6,3,0.02999999998931884
90,6,4,0.029999999991812198
90,6,5,0.03
90,6,6,0.02999999999894632
90,6,7,0.03
90,6,8,0.03
90,6,9,0.03
90,6,10,0.03
90,7,1,0.02999999997111179
90,7,2,0.02999999999431893
90,7,3,0.03
90,7,4,0.02999999997778877
90,7,5,0.03
90,7,6,0.029999999976565005
90,7,7,0.029999999990231237
90,7,8,0.02999999999930477
90,7,9,0.029999999979979236
90,7,10,0.029999999977306256
90,8,1,0.029999999981343704
90,8,2,0.029999999975170718
90,8,3,0.029999999971076538
90,8,4,0.0299999999696099
90,8,5,0.03
90,8,6,0.02999999998284928
90,8,7,0.03
90,8,8,0.03
90,8,9,0.03
90,8,10,0.02999999997850275
90,9,1,0.03
90,9,2,0.029999999991853994
90,9,3,0.02999999999381346
90,9,4,0.03
90,9,5,0.02999999999835483
90,9,6,0.029999999968588868
90,9,7,0.029999999993007315
90,9,8,0.029999999985208737
90,9,9,0.029999999974096803
90,9,10,0.03
90,10,1,0.02999999995524696
90,10,2,0.03
90,10,3,0.02999999997696188
90,10,4,0.03
90,10,5,0.02999999996870221
90,10,6,0.0299999999862181
90,10,7,0.029999999964110367
90,10,8,0.029999999988892558
90,10,9,0.02999999999517472
90,10,10,0.029999999996812805
90,11,1,0.03
90,11,2,0.03
90,11,3,0.029999999983756322
90,11,4,0.029999999990738845
90,11,5,0.029999999986649074
90,11,6,0.02999999998111976
90,11,7,0.03
90,11,8,0.02999999997615807
90,11,9,0.03
90,11,10,0.029999999971526983
90,12,1,0.029999999985770274
90,12,2,0.02999999999200901
90,12,3,0.029999999975578874
90,12,4,0.02999999999723555
90,12,5,0.03
90,12,6,0.02999999994438675
90,12,7,0.029999999974669195
90,12,8,0.03
90,12,9,0.03
90,12,10,0.029999999951679818
90,13,1,0.03
90,13,2,0.03
90,13,3,0.02999999997221847
90,13,4,0.029999999982215905
90,13,5,0.029999999974979964
90,13,6,0.03
90,13,7,0.029999999990681172
90,13,8,0.02999999999598902
90,13,9,0.029999999993569754
90,13,10,0.03
90,14,1,0.029999999979917733
90,14,2,0.029999999986440956
90,14,3,0.029999999982242873
90,14,4,0.029999999983770845
90,14,5,0.03
90,14,6,0.029999999993551026
90,14,7,0.03
90,14,8,0.029999999978433722
90,14,9,0.029999999998871086
90,14,10,0.029999999977602415
90,15,1,0.03
90,15,2,0.03
90,15,3,0.02999999995645283
90,15,4,0.029999999938833403
90,15,5,0.02999999999708123
90,15,6,0.03
90,15,7,0.03
90,15,8,0.029999999952003496
90,15,9,0.03
90,15,10,0.029999999985930902
90,16,1,0.029999999975973926
90,16,2,0.02999999999729506
90,16,3,0.03
90,16,4,0.03
90,16,5,0.03
90,16,6,0.03
90,16,7,0.029999999987961417
90,16,8,0.029999999989321003
90,16,9,0.029999999996052067
90,16,10,0.03
90,17,1,0.03
90,17,2,0.02999999997470993
90,17,3,0.02999999999155371
90,17,4,0.029999999969445086
90,17,5,0.03
90,17,6,0.029999999973865425
90,17,7,0.029999999989797122
90,17,8,0.029999999999335957
90,17,9,0.029999999987099523
90,17,10,0.029999999991201315
90,18,1,0.029999999995752494
90,18,2,0.029999999992783178
90,18,3,0.03
90,18,4,0.03
90,18,5,0.029999999991609884
90,18,6,0.02999999999072848
90,18,7,0.029999999987908442
90,18,8,0.02999999997905641
90,18,9,0.03
90,18,10,0.03
90,19,1,0.029999999986690718
90,19,2,0.029999999954384023
90,19,3,0.029999999965278357
90,19,4,0.02999999998592124
90,19,5,0.02999999998643485
90,19,6,0.03
90,19,7,0.029999999960040064
90,19,8,0.03
90,19,9,0.029999999997017506
90,19,10,0.029999999989283502
90,20,1,0.029999999978400426
90,20,2,0.029999999963042916
90,20,3,0.029999999966748694
90,20,4,0.03
90,20,5,0.03
90,20,6,0.029999999999097245
90,20,7,0.029999999968734748
90,20,8,0.03
90,20,9,0.02999999998293976
90,20,10,0.03
90,21,1,0.029999999995476805
90,21,2,0.02999999998738368
90,21,3,0.029999999937075972
90,21,4,0.03
90,21,5,0.029999999974417355
90,21,6,0.02999999996852904
90,21,7,0.03
90,21,8,0.029999999975518245
90,21,9,0.029999999996707674
90,21,10,0.029999999982840288
90,22,1,0.029999999959642216
90,22,2,0.029999999979846332
90,22,3,0.029999999970561252
90,22,4,0.029999999981444717
90,22,5,0.029999999953222854
90,22,6,0.02999999998478637
90,22,7,0.03
90,22,8,0.02999999996248163
90,22,9,0.029999999998500053
90,22,10,0.029999999972807466
90,23,1,0.029999999990591247
90,23,2,0.02999999999274769
90,23,3,0.02999999999282574
90,23,4,0.029999999967680394
90,23,5,0.029999999999276702
90,23,6,0.03
90,23,7,0.029999999989387887
90,23,8,0.02999999999724587
90,23,9,0.02999999994348847
90,23,10,0.029999999980707716
90,24,1,0.029999999964209358
90,24,2,0.029999999996482736
90,24,3,0.03
90,24,4,0.029999999959802872
90,24,5,0.029999999954841185
90,24,6,0.03
90,24,7,0.03
90,24,8,0.03
90,24,9,0.03
90,24,10,0.029999999975075433
92,1,1,-0.0017999670177056117
92,1,2,0.02999999979129268
92,1,3,-0.0017999982770588929
92,1,4,-0.0017999987557330184
92,1,5,-0.0017999988871055506
92,1,6,-0.0017999989019674668
92,1,7,-0.0017999931567973888
92,1,8,0.022332040563074453
92,1,9,-0.0017999988225963336
92,1,10,0.003726868569237349
92,2,1,0.02999996952983689
92,2,2,0.029999999904083346
92,2,3,0.030000000162794357
92,2,4,0.03000000062689548
92,2,5,0.030000001315661714
92,2,6,0.030000001362313525
92,2,7,0.029999995214736418
92,2,8,0.03448825428483787
92,2,9,0.030000001293801128
92,2,10,0.056273084973301205
92,3,1,0.061799993772392224
92,3,2,-0.0017999963351805085
92,3,3,0.06179999542150055
92,3,4,0.061799995474152186
92,3,5,0.06179999417443805
92,3,6,0.06179999358569945
92,3,7,0.061799995085079586
92,3,8,0.004522698346403434
92,3,9,0.061799994163845975
92,3,10,-0.0017999531039840956
92,4,1,0.03000000236389937
92,4,2,0.05601834557624407
92,4,3,0.030000001101281436
92,4,4,0.030000001078486972
92,4,5,0.030000001549037897
92,4,6,0.029999999099366393
92,4,7,0.02999999621835995
92,4,8,0.03764374530031139
92,4,9,0.03000000192619428
92,4,10,0.02999999982591155
92,5,1,0.029999993433201862
92,5,2,0.003981651282676352
92,5,3,0.030000000895747624
92,5,4,0.03000000087300684
92,5,5,0.018249815761342717
92,5,6,0.03000000436238759
92,5,7,0.007405976216375087
92,5,8,0.03246208245099176
92,5,9,0.030000000581357388
92,5,10,0.03000000003294312
92,6,1,-0.0017999829458792565
92,6,2,0.047329823081013904
92,6,3,0.029999997731052573
92,6,4,0.029999999169985164
92,6,5,0.01661540807179691
92,6,6,0.025950387711547458
92,6,7,0.0207940312574708
92,6,8,0.03274806301465527
92,6,9,0.012917190863894151
92,6,10,0.03624293069448245
92,7,1,0.030000003567271876
92,7,2,0.012670176701889075
92,7,3,-0.0017999968942853254
92,7,4,-0.0017999841537927673
92,7,5,0.023334778338999194
92,7,6,0.002249613401333026
92,7,7,0.029999999513762324
92,7,8,0.04580311593362743
92,7,9,0.015282811606536629
92,7,10,0.03454988292470778
92,8,1,0.029999988437168015
92,8,2,0.030326354945202832
92,8,3,0.06179996493734591
92,8,4,0.029999985977488933
92,8,5,0.061799997906052215
92,8,6,0.030000000496483322
92,8,7,0.030000003004122918
92,8,8,-0.001799999865402019
92,8,9,0.030000004304755978
92,8,10,0.05100718592181909
92,9,1,0.0299999993002646
92,9,2,0.061473644903368686
92,9,3,-0.0017999640677140213
92,9,4,0.030000000106905334
92,9,5,-0.0017999958358337139
92,9,6,0.02999999923914252
92,9,7,0.061799995211450374
92,9,8,0.03000000001928622
92,9,9,0.029999994406936965
92,9,10,0.029999999620306354
92,10,1,0.02999999990138218
92,10,2,0.029646700855699044
92,10,3,0.029999999333627136
92,10,4,0.029999999977661663
92,10,5,0.02999999801132226
92,10,6,0.0300000001907385
92,10,7,-0.0017999976348333688
92,10,8,0.061799999808686425
92,10,9,0.030000000157687685
92,10,10,-0.0017999988573392986
92,11,1,0.030000002210386907
92,11,2,-0.0014467002072409228
92,11,3,0.03000000254036415
92,11,4,0.03000000242985437
92,11,5,0.030000002543171377
92,11,6,0.030000002813168707
92,11,7,0.03000000166054215
92,11,8,0.029999999876737023
92,11,9,0.030000002534702874
92,11,10,0.061799988739902806
92,12,1,0.04599409780638723
92,12,2,0.061799998650659355
92,12,3,0.04587477425220952
92,12,4,0.061799988078722834
92,12,5,0.05644791020525656
92,12,6,0.032581134009791436
92,12,7,0.046865439156835796
92,12,8,-0.0017999990880621275
92,12,9,0.045927412051952166
92,12,10,0.02964727699813842
92,13,1,0.04580588871981153
92,13,2,0.02999999585948383
92,13,3,0.045925212771697706
92,13,4,0.014928857822793839
92,13,5,0.03535207650467826
92,13,6,0.05921885579838086
92,13,7,0.04493454138501387
92,13,8,0.030000000194506046
92,13,9,0.04587257498086812
92,13,10,0.03035272006043091
92,14,1,0.030000009977550087
92,14,2,0.029999995662733512
92,14,3,0.030000009144331326
92,14,4,0.045071150492437796
92,14,5,0.030000007764471398
92,14,6,0.030000005963486426
92,14,7,0.03000001595965958
92,14,8,0.02999999919298685
92,14,9,0.03000000913156184
92,14,10,0.030000011179657202
92,15,1,0.0300000002841982
92,15,2,-0.0017999907362843156
92,15,3,0.030000000236823893
92,15,4,0.030000000190898678
92,15,5,0.03000000217827813
92,15,6,0.030000000239378825
92,15,7,0.029999999585481846
92,15,8,0.030000000046379816
92,15,9,0.03000000031588285
92,15,10,0.010708482652485621
92,16,1,0.030000000320137728
92,16,2,0.030000000017207127
92,16,3,0.013181996395994093
92,16,4,0.029999997033531213
92,16,5,0.029999999686935012
92,16,6,0.030000000310436693
92,16,7,-0.0017999960901086609
92,16,8,0.0319683074455588
92,16,9,0.030000000338112006
92,16,10,0.017491519703464575
92,17,1,0.0300000000673453
92,17,2,0.032563563202854896
92,17,3,0.015018010362035211
92,17,4,-0.0017999950676862884
92,17,5,-0.0017999954013688526
92,17,6,-0.0017999962652310035
92,17,7,0.029999997323007035
92,17,8,0.0326977316293266
92,17,9,0.014452544260071275
92,17,10,0.03000000172531755
92,18,1,0.029999996928611945
92,18,2,0.04633990743296534
92,18,3,0.02999999377646535
92,18,4,0.061799998388840295
92,18,5,0.030000000692321692
92,18,6,0.034606529139281236
92,18,7,0.02999999989458332
92,18,8,0.048897867200435235
92,18,9,0.045547455742597824
92,18,10,0.06139868034594047
92,19,1,-0.0017999968532868074
92,19,2,0.042896529086185645
92,19,3,0.06179999991329019
92,19,4,-0.0017999972515891451
92,19,5,0.0607562210436158
92,19,6,0.02539346790141995
92,19,7,0.061799999849264445
92,19,8,0.009440911713866384
92,19,9,-0.0017777528469975579
92,19,10,0.030401315223052772
92,20,1,0.061799999934433344
92,20,2,0.0216823931680488
92,20,3,0.029999997732251517
92,20,4,0.03126574078612594
92,20,5,0.03104376443393931
92,20,6,0.029999999410982237
92,20,7,-0.0017999998738886008
92,20,8,0.058795181716912406
92,20,9,0.029977752970649956
92,20,10,-0.0017999949488228986
92,21,1,0.0024130385337090944
92,21,2,0.03831760693500512
92,21,3,0.019637718153274062
92,21,4,0.028734256770379024
92,21,5,0.018014698340314664
92,21,6,0.042208449303766465
92,21,7,0.04212153205065078
92,21,8,-0.0017999999722802384
92,21,9,0.06179999991797172
92,21,10,0.05802532853447533
92,22,1,0.025786963294053677
92,22,2,-0.0017999998840750526
92,22,3,0.04036228353222428
92,22,4,0.04672054915580052
92,22,5,0.04198531111054708
92,22,6,0.04900576819538453
92,22,7,0.049678467748039766
92,22,8,0.05477616511300909
92,22,9,0.029999997256197567
92,22,10,0.032485202632936215
92,23,1,0.029999998362504214
92,23,2,0.0485288513441107
92,23,3,-0.001799998224801179
92,23,4,0.013279450624353222
92,23,5,-0.0017999987193286881
92,23,6,0.030585782421696506
92,23,7,0.030000000050799107
92,23,8,0.012029993700092084
92,23,9,-0.0017999970451570417
92,23,10,0.031289463604412135
92,24,1,0.029999999855932834
92,24,2,0.011471148648883572
92,24,3,0.029999998939616024
92,24,4,0.03276981794376065
92,24,5,0.029999999042375075
92,24,6,-0.0017999998976197047
92,24,7,-0.0017999999249251348
92,24,8,0.030994308554307116
92,24,9,0.02999999982320437
92,24,10,-0.0017999945131927939
94,1,1,0.029999999804286824
94,1,2,0.02999999980428485
94,1,3,0.029999999804288916
94,1,4,0.029999999804527933
94,1,5,0.029999999804265973
94,1,6,0.029999999804259506
94,1,7,0.029999999804251345
94,1,8,0.029999999804526042
94,1,9,0.029999999804501853
94,1,10,0.029999999804509528
94,2,1,0.02999999980449854
94,2,2,0.029999999804241388
94,2,3,0.029999999804259426
94,2,4,0.029999999804507366
94,2,5,0.029999999804501853
94,2,6,0.02999999980449817
94,2,7,0.029999999804259422
94,2,8,0.029999999804246738
94,2,9,0.02999999980451927
94,2,10,0.029999999804488052
94,3,1,0.029999999804289256
94,3,2,0.029999999804287292
94,3,3,0.029999999804288822
94,3,4,0.029999999804528492
94,3,5,0.029999999804295113
94,3,6,0.029999999804261705
94,3,7,0.02999999980424349
94,3,8,0.029999999804256265
94,3,9,0.029999999804287174
94,3,10,0.02999999980428488
94,4,1,0.029999999804495213
94,4,2,0.02999999980423482
94,4,3,0.02999999980426128
94,4,4,0.029999999804277498
94,4,5,0.02999999980429763
94,4,6,0.02999999980426269
94,4,7,0.02999999980450194
94,4,8,0.029999999804261872
94,4,9,0.029999999804276124
94,4,10,0.02999999980412799
94,5,1,0.029999999804274508
94,5,2,0.02999999980426305
94,5,3,0.029999999804297184
94,5,4,0.029999999804501264
94,5,5,0.029999999804500334
94,5,6,0.02999999980423813
94,5,7,0.029999999804305077
94,5,8,0.029999999804456605
94,5,9,0.029999999804272336
94,5,10,0.02999999980426085
94,6,1,0.029999999805607983
94,6,2,0.029999999806187398
94,6,3,0.029999999805580792
94,6,4,0.029999999805808617
94,6,5,0.029999999806160513
94,6,6,0.02999999980542404
94,6,7,0.029999999806296942
94,6,8,0.029999999806024413
94,6,9,0.029999999805632876
94,6,10,0.02999999980655609
94,7,1,0.029999999845751333
94,7,2,0.029999999857757496
94,7,3,0.029999999840706868
94,7,4,0.029999999840518408
94,7,5,0.029999999850505842
94,7,6,0.029999999840120438
94,7,7,0.029999999705422165
94,7,8,0.02999999985110899
94,7,9,0.029999999839403258
94,7,10,0.029999999990973858
94,8,1,0.029999999989737226
94,8,2,0.029999999991630076
94,8,3,0.029999999989878907
94,8,4,0.029999999989387568
94,8,5,0.029999999990043356
94,8,6,0.029999999989656034
94,8,7,0.029999999990159606
94,8,8,0.02999999998951274
94,8,9,0.02999999998961454
94,8,10,0.02999999999166343
94,9,1,0.029999999989664072
94,9,2,0.029999999991651927
94,9,3,0.029999999989416083
94,9,4,0.029999999989126697
94,9,5,0.02999999998978352
94,9,6,0.02999999984279556
94,9,7,0.029999999990034925
94,9,8,0.02999999999066284
94,9,9,0.029999999989641223
94,9,10,0.02999999999028231
94,10,1,0.02999999999000649
94,10,2,0.029999999990233
94,10,3,0.02999999999000267
94,10,4,0.02999999999001065
94,10,5,0.029999999989988247
94,10,6,0.029999999990033208
94,10,7,0.02999999999009544
94,10,8,0.029999999989128518
94,10,9,0.029999999989987786
94,10,10,0.029999999990068686
94,11,1,0.029999999988668632
94,11,2,0.02999999999016365
94,11,3,0.029999999990243574
94,11,4,0.029999999990245226
94,11,5,0.02999999999014887
94,11,6,0.029999999990183226
94,11,7,0.029999999990154666
94,11,8,0.029999999990599192
94,11,9,0.02999999999023291
94,11,10,0.029999999990261376
94,12,1,0.029999999990196476
94,12,2,0.02999999999037577
94,12,3,0.029999999988022327
94,12,4,0.029999999990264353
94,12,5,0.02999999999017603
94,12,6,0.029999999989347707
94,12,7,0.02999999999018512
94,12,8,0.029999999990261088
94,12,9,0.02999999999032557
94,12,10,0.029999999990221442
94,13,1,0.029999999990195595
94,13,2,0.029999999990252487
94,13,3,0.02999999998764297
94,13,4,0.029999999990244663
94,13,5,0.029999999990198253
94,13,6,0.02999999999026276
94,13,7,0.029999999990182016
94,13,8,0.029999999990370813
94,13,9,0.02999999998880592
94,13,10,0.029999999990217394
94,14,1,0.02999999998874091
94,14,2,0.02999999999018115
94,14,3,0.02999999999027454
94,14,4,0.02999999999025247
94,14,5,0.029999999990140677
94,14,6,0.029999999990114774
94,14,7,0.029999999990228083
94,14,8,0.029999999990430883
94,14,9,0.029999999988641075
94,14,10,0.02999999999025578
94,15,1,0.029999999990100876
94,15,2,0.029999999990169716
94,15,3,0.029999999990057948
94,15,4,0.02999999998834279
94,15,5,0.02999999999015808
94,15,6,0.029999999857315277
94,15,7,0.029999999855589897
94,15,8,0.02999999999119069
94,15,9,0.029999999990100272
94,15,10,0.029999999990148147
94,16,1,0.029999999848432768
94,16,2,0.02999999999104593
94,16,3,0.029999999852036136
94,16,4,0.029999999989848807
94,16,5,0.02999999998983476
94,16,6,0.029999999989846888
94,16,7,0.02999999998983953
94,16,8,0.029999999991683055
94,16,9,0.029999999989851138
94,16,10,0.029999999990134075
94,17,1,0.029999999988226465
94,17,2,0.0299999999913968
94,17,3,0.029999999989697403
94,17,4,0.029999999989674238
94,17,5,0.029999999847696412
94,17,6,0.029999999851163712
94,17,7,0.02999999984926472
94,17,8,0.02999999999147585
94,17,9,0.0299999999888088
94,17,10,0.029999999990582837
94,18,1,0.029999999812501142
94,18,2,0.029999999810956902
94,18,3,0.029999999812608796
94,18,4,0.0299999998124435
94,18,5,0.029999999808596668
94,18,6,0.029999999807932994
94,18,7,0.029999999808795513
94,18,8,0.029999999811603943
94,18,9,0.029999999812062878
94,18,10,0.029999999811745226
94,19,1,0.02999999980427348
94,19,2,0.029999999804287997
94,19,3,0.029999999804244365
94,19,4,0.02999999980447253
94,19,5,0.02999999980421081
94,19,6,0.029999999804522125
94,19,7,0.029999999804299106
94,19,8,0.029999999804273488
94,19,9,0.029999999804261893
94,19,10,0.02999999980452544
94,20,1,0.02999999980453558
94,20,2,0.029999999804203082
94,20,3,0.02999999980421098
94,20,4,0.029999999804202194
94,20,5,0.02999999980421362
94,20,6,0.029999999804224683
94,20,7,0.02999999980420345
94,20,8,0.029999999804323094
94,20,9,0.029999999804223493
94,20,10,0.029999999804453857
94,21,1,0.029999999804260893
94,21,2,0.0299999998042979
94,21,3,0.029999999804288704
94,21,4,0.029999999804246724
94,21,5,0.029999999804268707
94,21,6,0.029999999804525505
94,21,7,0.029999999804529897
94,21,8,0.029999999804205306
94,21,9,0.029999999804341995
94,21,10,0.02999999980424772
94,22,1,0.029999999804260644
94,22,2,0.029999999804198495
94,22,3,0.029999999804269387
94,22,4,0.02999999980426445
94,22,5,0.029999999804531996
94,22,6,0.02999999980426534
94,22,7,0.02999999980452387
94,22,8,0.029999999804496587
94,22,9,0.029999999804262375
94,22,10,0.029999999804500525
94,23,1,0.029999999804519624
94,23,2,0.029999999804335153
94,23,3,0.029999999804297177
94,23,4,0.029999999804261403
94,23,5,0.029999999804268658
94,23,6,0.029999999804261056
94,23,7,0.029999999796545166
94,23,8,0.02999999980454169
94,23,9,0.029999999804264457
94,23,10,0.029999999804256102
94,24,1,0.029999999804206846
94,24,2,0.029999999804281075
94,24,3,0.029999999534916014
94,24,4,0.029999999804473976
94,24,5,0.029999999804238554
94,24,6,0.02999999980419581
94,24,7,0.029999999804156647
94,24,8,0.029999999804335434
94,24,9,0.029999999804455044
94,24,10,0.029999999804555713
96,1,1,0.02999999999681275
96,1,2,0.029999999993320575
96,1,3,0.02999999993759842
96,1,4,0.02999999997268494
96,1,5,0.029999999963032112
96,1,6,0.029999999980111287
96,1,7,0.029999999999517267
96,1,8,0.03
96,1,9,0.029999999996928046
96,1,10,0.02999999999949666
96,2,1,0.0299999999784033
96,2,2,0.02999999996955536
96,2,3,0.03
96,2,4,0.029999999975224328
96,2,5,0.03
96,2,6,0.029999999983440155
96,2,7,0.0299999999960507
96,2,8,0.029999999999846684
96,2,9,0.029999999992745906
96,2,10,0.02999999998859164
96,3,1,0.029999999952181246
96,3,2,0.02999999999013639
96,3,3,0.029999999964350817
96,3,4,0.029999999964848836
96,3,5,0.03
96,3,6,0.03
96,3,7,0.029999999995830594
96,3,8,0.03
96,3,9,0.02999999995082526
96,3,10,0.02999999999284661
96,4,1,0.03
96,4,2,0.03
96,4,3,0.029999999971169172
96,4,4,0.03
96,4,5,0.03
96,4,6,0.029999999986113902
96,4,7,0.029999999970498358
96,4,8,0.029999999982419055
96,4,9,0.02999999998000266
96,4,10,0.029999999956259824
96,5,1,0.03
96,5,2,0.02999999997138008
96,5,3,0.03
96,5,4,0.029999999985257843
96,5,5,0.02999999998814805
96,5,6,0.02999999999429236
96,5,7,0.02999999997907767
96,5,8,0.029999999982013796
96,5,9,0.03
96,5,10,0.029999999974165387
96,6,1,0.03
96,6,2,0.03
96,6,3,0.029999999989214272
96,6,4,0.03
96,6,5,0.03
96,6,6,0.03
96,6,7,0.02999999999390971
96,6,8,0.029999999964719345
96,6,9,0.02999999998613216
96,6,10,0.03
96,7,1,0.02999999996884857
96,7,2,0.029999999979539727
96,7,3,0.029999999981427834
96,7,4,0.029999999976062567
96,7,5,0.0299999999762194
96,7,6,0.029999999990276943
96,7,7,0.02999999998666273
96,7,8,0.029999999992519052
96,7,9,0.029999999967515796
96,7,10,0.02999999998889277
96,8,1,0.029999999963899123
96,8,2,0.03
96,8,3,0.03
96,8,4,0.03
96,8,5,0.03
96,8,6,0.03
96,8,7,0.03
96,8,8,0.029999999994138524
96,8,9,0.03
96,8,10,0.03
96,9,1,0.03
96,9,2,0.0299999999870948
96,9,3,0.03
96,9,4,0.03
96,9,5,0.029999999987777227
96,9,6,0.029999999998880967
96,9,7,0.03
96,9,8,0.029999999989848126
96,9,9,0.029999999991368414
96,9,10,0.029999999988085356
96,10,1,0.03
96,10,2,0.029999999997669464
96,10,3,0.02999999999574668
96,10,4,0.03
96,10,5,0.029999999999532533
96,10,6,0.029999999976679403
96,10,7,0.029999999943402068
96,10,8,0.029999999982525605
96,10,9,0.03
96,10,10,0.029999999976466487
96,11,1,0.029999999976210664
96,11,2,0.029999999986774054
96,11,3,0.029999999989336997
96,11,4,0.02999999996555348
96,11,5,0.0299999999676644
96,11,6,0.029999999974474518
96,11,7,0.02999999996841164
96,11,8,0.029999999971807516
96,11,9,0.029999999984603398
96,11,10,0.029999999997078527
96,12,1,0.029999999998090297
96,12,2,0.029999999967375564
96,12,3,0.02999999998539095
96,12,4,0.029999999979744972
96,12,5,0.029999999995916824
96,12,6,0.03
96,12,7,0.03
96,12,8,0.02999999996922554
96,12,9,0.03
96,12,10,0.029999999996243698
96,13,1,0.029999999976399985
96,13,2,0.02999999998957326
96,13,3,0.029999999966090762
96,13,4,0.029999999966490647
96,13,5,0.02999999998848996
96,13,6,0.029999999996320862
96,13,7,0.03
96,13,8,0.03
96,13,9,0.03
96,13,10,0.02999999998354768
96,14,1,0.029999999955541257
96,14,2,0.029999999982456976
96,14,3,0.03
96,14,4,0.02999999999563821
96,14,5,0.029999999981487935
96,14,6,0.02999999999185127
96,14,7,0.03
96,14,8,0.029999999970643343
96,14,9,0.02999999998840711
96,14,10,0.02999999994947583
96,15,1,0.029999999974246294
96,15,2,0.029999999982013685
96,15,3,0.02999999999721674
96,15,4,0.029999999984935872
96,15,5,0.029999999975012362
96,15,6,0.03
96,15,7,0.029999999995292632
96,15,8,0.03
96,15,9,0.02999999999016885
96,15,10,0.02999999998730536
96,16,1,0.02999999998260567
96,16,2,0.029999999998883822
96,16,3,0.03
96,16,4,0.03
96,16,5,0.03
96,16,6,0.02999999995762884
96,16,7,0.029999999983496225
96,16,8,0.02999999999635383
96,16,9,0.03
96,16,10,0.03
96,17,1,0.029999999988323974
96,17,2,0.0299999999713703
96,17,3,0.029999999996351726
96,17,4,0.02999999999115272
96,17,5,0.03
96,17,6,0.02999999998104964
96,17,7,0.029999999974172725
96,17,8,0.029999999984595717
96,17,9,0.029999999969559498
96,17,10,0.03
96,18,1,0.029999999985919908
96,18,2,0.029999999995052096
96,18,3,0.029999999998125738
96,18,4,0.03
96,18,5,0.02999999998173466
96,18,6,0.029999999961304476
96,18,7,0.03
96,18,8,0.029999999972096368
96,18,9,0.02999999998759083
96,18,10,0.029999999987861764
96,19,1,0.02999999998370969
96,19,2,0.03
96,19,3,0.03
96,19,4,0.029999999967416643
96,19,5,0.03
96,19,6,0.03
96,19,7,0.029999999983594823
96,19,8,0.03
96,19,9,0.029999999995067785
96,19,10,0.029999999986248693
96,20,1,0.03
96,20,2,0.029999999982386148
96,20,3,0.02999999998155577
96,20,4,0.02999999997193254
96,20,5,0.03
96,20,6,0.029999999990865535
96,20,7,0.03
96,20,8,0.03
96,20,9,0.03
96,20,10,0.03
96,21,1,0.029999999996154096
96,21,2,0.03
96,21,3,0.029999999950700094
96,21,4,0.02999999995331463
96,21,5,0.0299999999875358
96,21,6,0.03
96,21,7,0.029999999966701503
96,21,8,0.029999999992089393
96,21,9,0.03
96,21,10,0.029999999971096415
96,22,1,0.02999999999624952
96,22,2,0.029999999958538887
96,22,3,0.02999999998847668
96,22,4,0.029999999946117104
96,22,5,0.02999999996614091
96,22,6,0.029999999994727904
96,22,7,0.03
96,22,8,0.02999999998136897
96,22,9,0.029999999986445994
96,22,10,0.029999999965382416
96,23,1,0.03
96,23,2,0.029999999966244657
96,23,3,0.029999999992485097
96,23,4,0.03
96,23,5,0.03
96,23,6,0.029999999998669875
96,23,7,0.02999999999594454
96,23,8,0.029999999959574142
96,23,9,0.029999999995423524
96,23,10,0.029999999989430086
96,24,1,0.029999999960377544
96,24,2,0.029999999989094167
96,24,3,0.029999999980600267
96,24,4,0.02999999994086578
96,24,5,0.029999999976188088
96,24,6,0.03
96,24,7,0.02999999999660358
96,24,8,0.02999999999724665
96,24,9,0.03
96,24,10,0.029999999970439836
450,1,1,-2.0682977552866078e-10
450,1,2,0.0
450,1,3,0.0
450,1,4,0.0
450,1,5,0.0
450,1,6,0.0
450,1,7,0.0
450,1,8,0.0
450,1,9,-1.190544884899225e-10
450,1,10,0.0
450,2,1,0.0
450,2,2,0.0
450,2,3,0.0
450,2,4,-2.661681985927089e-11
450,2,5,0.0
450,2,6,0.0
450,2,7,0.0
450,2,8,0.0
450,2,9,0.0
450,2,10,0.0
450,3,1,-7.98568988713555e-11
450,3,2,-8.534267736948209e-11
450,3,3,0.0
450,3,4,-1.9921697624880608e-10
450,3,5,-9.024414548974846e-11
450,3,6,-1.430173757199782e-10
450,3,7,-4.892979910131601e-10
450,3,8,0.0
450,3,9,0.0
450,3,10,0.0
450,4,1,0.0
450,4,2,0.0
450,4,3,-3.622657729351886e-13
450,4,4,-5.214956244614655e-10
450,4,5,0.0
450,4,6,-6.5168798135673e-10
450,4,7,0.0
450,4,8,0.0
450,4,9,0.0
450,4,10,-9.038098047753351e-11
450,5,1,0.0
450,5,2,0.0
450,5,3,0.0
450,5,4,0.0
450,5,5,0.0
450,5,6,0.0
450,5,7,0.0
450,5,8,0.0
450,5,9,0.0
450,5,10,0.0
450,6,1,-2.3152857409058925e-10
450,6,2,0.0
450,6,3,-2.672314036722412e-10
450,6,4,-2.4909696527686265e-10
450,6,5,0.0
450,6,6,0.0
450,6,7,0.0
450,6,8,0.0
450,6,9,0.0
450,6,10,0.0
450,7,1,0.0
450,7,2,-1.3627232675617051e-10
450,7,3,0.0
450,7,4,-2.75288070117341e-10
450,7,5,-1.9418755492495166e-10
450,7,6,0.0
450,7,7,-1.7386592165991033e-11
450,7,8,-7.41496586353918e-10
450,7,9,-6.359772153352594e-10
450,7,10,0.0
450,8,1,-4.317586288493658e-10
450,8,2,0.0
450,8,3,-1.5692996901961465e-10
450,8,4,-1.39788070008251e-10
450,8,5,-3.3998920345723604e-10
450,8,6,0.0
450,8,7,-1.4409196058551288e-10
450,8,8,-5.4193316501027766e-11
450,8,9,-2.088044737114103e-10
450,8,10,0.0
450,9,1,0.0
450,9,2,0.0
450,9,3,0.0
450,9,4,0.0
450,9,5,0.0
450,9,6,0.0
450,9,7,0.0
450,9,8,0.0
450,9,9,0.0
450,9,10,0.0
450,10,1,0.0
450,10,2,0.0
450,10,3,-3.3833991164300414e-10
450,10,4,0.0
450,10,5,-2.2264179388997718e-10
450,10,6,-9.190825878135911e-11
450,10,7,-4.917071194654454e-10
450,10,8,-5.878325604058432e-11
450,10,9,0.0
450,10,10,0.0
450,11,1,0.0
450,11,2,0.0
450,11,3,0.0
450,11,4,0.0
450,11,5,0.0
450,11,6,-2.65279354039194e-10
450,11,7,0.0
450,11,8,0.0
450,11,9,0.0
450,11,10,0.0
450,12,1,-1.5537415798405618e-10
450,12,2,0.0
450,12,3,-5.382566614642315e-10
450,12,4,-4.420286359163583e-11
450,12,5,-8.084244385031525e-11
450,12,6,0.0
450,12,7,0.0
450,12,8,0.0
450,12,9,0.0
450,12,10,0.0
450,13,1,0.0
450,13,2,0.0
450,13,3,0.0
450,13,4,0.0
450,13,5,0.0
450,13,6,0.0
450,13,7,0.0
450,13,8,-3.3180541647581663e-10
450,13,9,0.0
450,13,10,0.0
450,14,1,0.0
450,14,2,0.0
450,14,3,-1.5309753464975984e-11
450,14,4,0.0
450,14,5,-3.475504328775969e-10
450,14,6,-2.2275925548598252e-10
450,14,7,0.0
450,14,8,0.0
450,14,9,-1.3189560554849322e-10
450,14,10,0.0
450,15,1,0.0
450,15,2,-7.502853893726069e-11
450,15,3,-5.87008219810059e-11
450,15,4,0.0
450,15,5,-7.595640783009117e-11
450,15,6,0.0
450,15,7,-6.213310976832531e-10
450,15,8,0.0
450,15,9,0.0
450,15,10,0.0
450,16,1,0.0
450,16,2,0.0
450,16,3,-3.7623770765549125e-10
450,16,4,0.0
450,16,5,0.0
450,16,6,0.0
450,16,7,0.0
450,16,8,-3.4004266069587175e-10
450,16,9,0.0
450,16,10,-1.0497208657866963e-10
450,17,1,0.0
450,17,2,0.0
450,17,3,0.0
450,17,4,-3.4193581299746256e-10
450,17,5,0.0
450,17,6,0.0
450,17,7,0.0
450,17,8,0.0
450,17,9,-7.148459602035473e-11
450,17,10,0.0
450,18,1,-2.357279926812339e-10
450,18,2,-1.489647294405927e-10
450,18,3,-2.81667855706047e-10
450,18,4,-8.029491516126086e-10
450,18,5,-3.680100113534479e-10
450,18,6,-1.3870377069125084e-10
450,18,7,-5.5120463748892234e-11
450,18,8,-4.69377758882672e-10
450,18,9,-4.31757241070585e-10
450,18,10,-1.4107609525026987e-10
450,19,1,-4.018244070813637e-10
450,19,2,-2.3536761428744057e-10
450,19,3,-4.5806375359447316e-10
450,19,4,-4.2338127448360297e-10
450,19,5,-1.8013757152601784e-10
450,19,6,-1.5427747968033145e-10
450,19,7,0.0
450,19,8,0.0
450,19,9,-1.2422707307280234e-10
450,19,10,-2.0984752824304564e-10
450,20,1,0.0
450,20,2,-2.2910573438394977e-10
450,20,3,-1.1875302963204604e-9
450,20,4,-1.5325840596602802e-10
450,20,5,0.0
450,20,6,0.0
450,20,7,-3.899780498528571e-10
450,20,8,-2.544517929692347e-10
450,20,9,-4.739896253269649e-10
450,20,10,-6.983985612052379e-10
450,21,1,0.0
450,21,2,0.0
450,21,3,0.0
450,21,4,0.0
450,21,5,0.0
450,21,6,-2.227842355040366e-10
450,21,7,-1.9001133999552167e-10
450,21,8,0.0
450,21,9,0.0
450,21,10,-1.3779222207688235e-10
450,22,1,0.0
450,22,2,0.0
450,22,3,0.0
450,22,4,0.0
450,22,5,0.0
450,22,6,0.0
450,22,7,0.0
450,22,8,-1.2312928454605299e-11
450,22,9,0.0
450,22,10,0.0
450,23,1,-3.4026603756842633e-10
450,23,2,0.0
450,23,3,0.0
450,23,4,-1.3345879956716544e-11
450,23,5,0.0
450,23,6,-1.2493672763014274e-11
450,23,7,0.0
450,23,8,-4.443539980414357e-11
450,23,9,0.0
450,23,10,0.0
450,24,1,0.0
450,24,2,-3.287928818096475e-10
450,24,3,-4.6487735883005143e-10
450,24,4,0.0
450,24,5,0.0
450,24,6,-8.116289862414305e-10
450,24,7,0.0
450,24,8,0.0
450,24,9,0.0
450,24,10,0.0
104,1,1,0.005999999966959779
104,1,2,0.006
104,1,3,0.006
104,1,4,0.005999999970793851
104,1,5,0.006
104,1,6,0.00599999996451653
104,1,7,0.006
104,1,8,0.0059999999475243305
104,1,9,0.005999999994011918
104,1,10,0.005999999990077648
104,2,1,0.005999999995994411
104,2,2,0.006
104,2,3,0.0059999999872157005
104,2,4,0.005999999986868999
104,2,5,0.006
104,2,6,0.005999999990814862
104,2,7,0.005999999999839913
104,2,8,0.005999999949458666
104,2,9,0.006
104,2,10,0.005999999974876977
104,3,1,0.00599999997921137
104,3,2,0.005999999967298122
104,3,3,0.00599999999776867
104,3,4,0.005999999993857315
104,3,5,0.006
104,3,6,0.005999999989562503
104,3,7,0.005999999997273495
104,3,8,0.006
104,3,9,0.005999999974682174
104,3,10,0.005999999942446674
104,4,1,0.0059999999965562245
104,4,2,0.005999999964591584
104,4,3,0.00599999997257212
104,4,4,0.005999999993280774
104,4,5,0.005999999986119592
104,4,6,0.0059999999896628315
104,4,7,0.005999999997473641
104,4,8,0.00599999999097216
104,4,9,0.00599999999436056
104,4,10,0.005999999978643643
104,5,1,0.00599999998233622
104,5,2,0.0059999999872240055
104,5,3,0.006
104,5,4,0.006
104,5,5,0.0059999999629502376
104,5,6,0.005999999974454079
104,5,7,0.006
104,5,8,0.006
104,5,9,0.005999999998408119
104,5,10,0.005999999959818658
104,6,1,0.006
104,6,2,0.005999999968885986
104,6,3,0.005999999989887465
104,6,4,0.005999999990994064
104,6,5,0.005999999998510036
104,6,6,0.0059999999922284615
104,6,7,0.006
104,6,8,0.006
104,6,9,0.006
104,6,10,0.005999999959849262
104,7,1,0.006
104,7,2,0.005999999994861262
104,7,3,0.00599999999021007
104,7,4,0.006
104,7,5,0.006
104,7,6,0.006
104,7,7,0.005999999997976617
104,7,8,0.006
104,7,9,0.005999999975344982
104,7,10,0.0059999999944373075
104,8,1,0.006
104,8,2,0.0059999999975413835
104,8,3,0.005999999962791799
104,8,4,0.00599999997282242
104,8,5,0.005999999999999138
104,8,6,0.006
104,8,7,0.005999999990321669
104,8,8,0.006
104,8,9,0.005999999977408554
104,8,10,0.006
104,9,1,0.006
104,9,2,0.005999999989806295
104,9,3,0.005999999990075407
104,9,4,0.006
104,9,5,0.005999999967421531
104,9,6,0.006
104,9,7,0.006
104,9,8,0.005999999977552349
104,9,9,0.005999999983250659
104,9,10,0.0059999999487331986
104,10,1,0.006
104,10,2,0.005999999968850609
104,10,3,0.005999999993087056
104,10,4,0.005999999982554964
104,10,5,0.006
104,10,6,0.005999999963165927
104,10,7,0.005999999982138174
104,10,8,0.005999999968667901
104,10,9,0.005999999967840046
104,10,10,0.005999999994113229
104,11,1,0.005999999979519975
104,11,2,0.005999999952877067
104,11,3,0.006
104,11,4,0.005999999974899865
104,11,5,0.005999999988722936
104,11,6,0.005999999998166046
104,11,7,0.005999999972050568
104,11,8,0.005999999979708127
104,11,9,0.005999999985534584
104,11,10,0.005999999995133349
104,12,1,0.005999999985036459
104,12,2,0.005999999997364836
104,12,3,0.0059999999936686515
104,12,4,0.005999999961067548
104,12,5,0.006
104,12,6,0.005999999953247785
104,12,7,0.006
104,12,8,0.005999999990803511
104,12,9,0.006
104,12,10,0.006
104,13,1,0.005999999993239894
104,13,2,0.005999999964666401
104,13,3,0.006
104,13,4,0.005999999998125185
104,13,5,0.0059999999692341025
104,13,6,0.005999999992352421
104,13,7,0.005999999992650439
104,13,8,0.005999999962639107
104,13,9,0.006
104,13,10,0.006
104,14,1,0.006
104,14,2,0.006
104,14,3,0.005999999957094721
104,14,4,0.006
104,14,5,0.006
104,14,6,0.005999999996322718
104,14,7,0.006
104,14,8,0.006
104,14,9,0.006
104,14,10,0.005999999993717434
104,15,1,0.006
104,15,2,0.005999999990826093
104,15,3,0.006
104,15,4,0.005999999998295487
104,15,5,0.005999999996187827
104,15,6,0.0059999999869112565
104,15,7,0.0059999999817787015
104,15,8,0.006
104,15,9,0.006
104,15,10,0.005999999997686833
104,16,1,0.006
104,16,2,0.00599999998268852
104,16,3,0.006
104,16,4,0.006
104,16,5,0.0059999999789717
104,16,6,0.005999999971911073
104,16,7,0.005999999988739116
104,16,8,0.005999999972715314
104,16,9,0.006
104,16,10,0.005999999986925477
104,17,1,0.005999999977950641
104,17,2,0.005999999948683289
104,17,3,0.005999999989703533
104,17,4,0.005999999971920982
104,17,5,0.005999999981656057
104,17,6,0.005999999941405556
104,17,7,0.005999999999371537
104,17,8,0.006
104,17,9,0.005999999976587847
104,17,10,0.005999999989073056
104,18,1,0.005999999990677562
104,18,2,0.005999999959249465
104,18,3,0.005999999993531436
104,18,4,0.0059999999759325715
104,18,5,0.0059999999738054215
104,18,6,0.005999999985970531
104,18,7,0.005999999981078786
104,18,8,0.005999999976161162
104,18,9,0.006
104,18,10,0.005999999982336804
104,19,1,0.005999999980933657
104,19,2,0.006
104,19,3,0.006
104,19,4,0.006
104,19,5,0.005999999969784051
104,19,6,0.005999999982304059
104,19,7,0.005999999992790661
104,19,8,0.006
104,19,9,0.005999999980978178
104,19,10,0.005999999991481339
104,20,1,0.005999999996383548
104,20,2,0.006
104,20,3,0.005999999941340149
104,20,4,0.00599999999327166
104,20,5,0.006
104,20,6,0.005999999977210833
104,20,7,0.006
104,20,8,0.005999999997381016
104,20,9,0.006
104,20,10,0.005999999981294768
104,21,1,0.006
104,21,2,0.005999999994327329
104,21,3,0.005999999980014269
104,21,4,0.005999999966089611
104,21,5,0.0059999999672808975
104,21,6,0.006
104,21,7,0.005999999997409457
104,21,8,0.0059999999933749515
104,21,9,0.005999999973354215
104,21,10,0.0059999999882417365
104,22,1,0.005999999998332361
104,22,2,0.005999999980242334
104,22,3,0.005999999987239342
104,22,4,0.006
104,22,5,0.005999999997520857
104,22,6,0.006
104,22,7,0.005999999976631714
104,22,8,0.006
104,22,9,0.005999999986263322
104,22,10,0.005999999995211408
104,23,1,0.005999999971227594
104,23,2,0.006
104,23,3,0.005999999992747535
104,23,4,0.005999999985192905
104,23,5,0.006
104,23,6,0.005999999962324522
104,23,7,0.005999999975850119
104,23,8,0.005999999976174806
104,23,9,0.006
104,23,10,0.005999999983197947
104,24,1,0.005999999967273416
104,24,2,0.0059999999745735545
104,24,3,0.006
104,24,4,0.006
104,24,5,0.005999999970107504
104,24,6,0.005999999938764228
104,24,7,0.0059999999921363486
104,24,8,0.005999999974695155
104,24,9,0.005999999942045299
104,24,10,0.006
107,1,1,0.006
107,1,2,0.00599999997866397
107,1,3,0.006
107,1,4,0.00599999999954801
107,1,5,0.005999999985797185
107,1,6,0.0059999999959657645
107,1,7,0.006
107,1,8,0.006
107,1,9,0.005999999960662828
107,1,10,0.005999999996452731
107,2,1,0.006
107,2,2,0.0059999999638334295
107,2,3,0.005999999968307487
107,2,4,0.005999999954398231
107,2,5,0.005999999997872091
107,2,6,0.005999999962229833
107,2,7,0.005999999976747704
107,2,8,0.005999999986097344
107,2,9,0.006
107,2,10,0.005999999990371432
107,3,1,0.005999999968245513
107,3,2,0.006
107,3,3,0.0059999999655037965
107,3,4,0.006
107,3,5,0.005999999970060901
107,3,6,0.006
107,3,7,0.006
107,3,8,0.006
107,3,9,0.0059999999945658375
107,3,10,0.0059999999758035575
107,4,1,0.005999999962964079
107,4,2,0.005999999932372587
107,4,3,0.005999999989269932
107,4,4,0.005999999979907043
107,4,5,0.005999999956016465
107,4,6,0.005999999966449743
107,4,7,0.005999999990089276
107,4,8,0.006
107,4,9,0.0059999999928319215
107,4,10,0.005999999988633845
107,5,1,0.005999999988950268
107,5,2,0.006
107,5,3,0.005999999996242173
107,5,4,0.005999999957158684
107,5,5,0.005999999998610009
107,5,6,0.005999999994279954
107,5,7,0.005999999977376408
107,5,8,0.006
107,5,9,0.006
107,5,10,0.005999999986647324
107,6,1,0.0059999999989918595
107,6,2,0.005999999961219939
107,6,3,0.005999999992885305
107,6,4,0.005999999989053836
107,6,5,0.006
107,6,6,0.0059999999715856294
107,6,7,0.005999999962953325
107,6,8,0.005999999982304194
107,6,9,0.005999999972800147
107,6,10,0.005999999986580649
107,7,1,0.005999999991123779
107,7,2,0.006
107,7,3,0.005999999984061867
107,7,4,0.005999999987836504
107,7,5,0.005999999997458845
107,7,6,0.005999999980024108
107,7,7,0.00599999998763493
107,7,8,0.006
107,7,9,0.006
107,7,10,0.0059999999674654435
107,8,1,0.005999999958634886
107,8,2,0.005999999997899991
107,8,3,0.005999999999749305
107,8,4,0.005999999976956162
107,8,5,0.006
107,8,6,0.005999999957285622
107,8,7,0.005999999989151868
107,8,8,0.005999999981787284
107,8,9,0.005999999970918191
107,8,10,0.005999999986751562
107,9,1,0.005999999983868164
107,9,2,0.0059999999631233005
107,9,3,0.005999999961753739
107,9,4,0.006
107,9,5,0.005999999991038391
107,9,6,0.0059999999565919495
107,9,7,0.005999999990334681
107,9,8,0.006
107,9,9,0.005999999964722799
107,9,10,0.006
107,10,1,0.005999999958791955
107,10,2,0.0059999999787935685
107,10,3,0.006
107,10,4,0.005999999962431322
107,10,5,0.006
107,10,6,0.0059999999921152795
107,10,7,0.006
107,10,8,0.005999999985951693
107,10,9,0.005999999977261759
107,10,10,0.006
107,11,1,0.005999999999597726
107,11,2,0.005999999991476083
107,11,3,0.005999999969540089
107,11,4,0.005999999981224474
107,11,5,0.005999999978290026
107,11,6,0.005999999994781358
107,11,7,0.0059999999978103975
107,11,8,0.005999999983657054
107,11,9,0.005999999980074489
107,11,10,0.006
107,12,1,0.005999999978315604
107,12,2,0.005999999997148895
107,12,3,0.005999999998737645
107,12,4,0.005999999984712044
107,12,5,0.005999999981871221
107,12,6,0.006
107,12,7,0.006
107,12,8,0.006
107,12,9,0.006
107,12,10,0.005999999952317329
107,13,1,0.006
107,13,2,0.005999999976905731
107,13,3,0.005999999979894725
107,13,4,0.005999999982990082
107,13,5,0.006
107,13,6,0.005999999994586811
107,13,7,0.006
107,13,8,0.005999999984762727
107,13,9,0.005999999996025684
107,13,10,0.006
107,14,1,0.006
107,14,2,0.005999999979248994
107,14,3,0.0059999999884466715
107,14,4,0.005999999972453505
107,14,5,0.005999999970597097
107,14,6,0.0059999999806159875
107,14,7,0.006
107,14,8,0.005999999956137028
107,14,9,0.006
107,14,10,0.006
107,15,1,0.006
107,15,2,0.0059999999841751925
107,15,3,0.006
107,15,4,0.006
107,15,5,0.006
107,15,6,0.006
107,15,7,0.005999999980955099
107,15,8,0.006
107,15,9,0.005999999985085293
107,15,10,0.005999999981692978
107,16,1,0.005999999967589434
107,16,2,0.006
107,16,3,0.005999999985162559
107,16,4,0.006
107,16,5,0.0059999999621832235
107,16,6,0.005999999984854284
107,16,7,0.005999999974313953
107,16,8,0.005999999985404953
107,16,9,0.005999999978145719
107,16,10,0.005999999950404508
107,17,1,0.005999999995135614
107,17,2,0.0059999999910925915
107,17,3,0.005999999994670575
107,17,4,0.006
107,17,5,0.005999999952993784
107,17,6,0.005999999968569714
107,17,7,0.005999999998763097
107,17,8,0.006
107,17,9,0.006
107,17,10,0.005999999978769925
107,18,1,0.005999999982122542
107,18,2,0.005999999974912101
107,18,3,0.005999999993751005
107,18,4,0.006
107,18,5,0.006
107,18,6,0.005999999977966774
107,18,7,0.006
107,18,8,0.005999999966432569
107,18,9,0.005999999965814562
107,18,10,0.006
107,19,1,0.005999999983362777
107,19,2,0.00599999999867714
107,19,3,0.005999999971523687
107,19,4,0.005999999983577375
107,19,5,0.005999999999218102
107,19,6,0.005999999988588301
107,19,7,0.005999999999846285
107,19,8,0.005999999988138107
107,19,9,0.005999999986742987
107,19,10,0.005999999962054665
107,20,1,0.005999999969848233
107,20,2,0.006
107,20,3,0.005999999961000839
107,20,4,0.0059999999882321305
107,20,5,0.005999999955693247
107,20,6,0.005999999974290351
107,20,7,0.006
107,20,8,0.005999999979153811
107,20,9,0.005999999976478384
107,20,10,0.0059999999845373716
107,21,1,0.006
107,21,2,0.005999999987856719
107,21,3,0.005999999990661029
107,21,4,0.005999999983001831
107,21,5,0.0059999999636641144
107,21,6,0.005999999979132682
107,21,7,0.006
107,21,8,0.005999999981561708
107,21,9,0.0059999999912035635
107,21,10,0.005999999996473861
107,22,1,0.005999999968861552
107,22,2,0.005999999993269731
107,22,3,0.0059999999770011655
107,22,4,0.006
107,22,5,0.0059999999982970785
107,22,6,0.005999999995929076
107,22,7,0.005999999953617436
107,22,8,0.005999999949420362
107,22,9,0.006
107,22,10,0.0059999999458888
107,23,1,0.006
107,23,2,0.00599999996414597
107,23,3,0.005999999997059433
107,23,4,0.005999999953345404
107,23,5,0.005999999983760686
107,23,6,0.0059999999761896515
107,23,7,0.006
107,23,8,0.005999999989595648
107,23,9,0.006
107,23,10,0.005999999976997732
107,24,1,0.005999999986522415
107,24,2,0.005999999994836971
107,24,3,0.005999999995455406
107,24,4,0.006
107,24,5,0.00599999998959308
107,24,6,0.005999999982915859
107,24,7,0.005999999991834445
107,24,8,0.006
107,24,9,0.005999999966490211
107,24,10,0.005999999987030637
300,1,1,-1.0707254233861256e-11
300,1,2,-9.890842903047016e-12
300,1,3,-1.0620100427856593e-11
300,1,4,-1.019136097782406e-11
300,1,5,-1.0213181130233139e-11
300,1,6,-1.0203337657315305e-11
300,1,7,-1.0347919180766591e-11
300,1,8,-8.355721507018583e-12
300,1,9,-1.0858762842453444e-11
300,1,10,-8.893068840958561e-12
300,2,1,-1.0634336569412813e-11
300,2,2,-9.878240546077679e-12
300,2,3,-1.0139730381303171e-11
300,2,4,-1.0157243327925501e-11
300,2,5,-1.0670003511656656e-11
300,2,6,-1.0689574260987361e-11
300,2,7,-1.0111360991177728e-11
300,2,8,-8.532902463873968e-12
300,2,9,-1.0793783187636009e-11
300,2,10,-1.0133865652228916e-11
300,3,1,-1.0093679664264476e-11
300,3,2,-9.869649892636474e-12
300,3,3,-1.0607927545153534e-11
300,3,4,-1.0642561785928699e-11
300,3,5,-1.0110053674304222e-11
300,3,6,-1.0095534144045826e-11
300,3,7,-1.0335119131492524e-11
300,3,8,-8.32273233291257e-12
300,3,9,-1.0098377164086512e-11
300,3,10,-1.0120202382333125e-11
300,4,1,-1.0610014872846824e-11
300,4,2,-9.86447664036734e-12
300,4,3,-1.0134136534791934e-11
300,4,4,-1.0142367779557886e-11
300,4,5,-1.011747197080532e-11
300,4,6,-1.0720620137643299e-11
300,4,7,-1.0100108745215132e-11
300,4,8,-8.530109724531643e-12
300,4,9,-1.0119632982429745e-11
300,4,10,-8.823767805703109e-12
300,5,1,-1.0192718538706658e-11
300,5,2,-9.633928259445681e-12
300,5,3,-1.016797547482245e-11
300,5,4,-1.0174129639311658e-11
300,5,5,-1.0697821011223293e-11
300,5,6,-1.0616401678722213e-11
300,5,7,-1.013094325657221e-11
300,5,8,-8.360121320059533e-12
300,5,9,-1.0176615691802774e-11
300,5,10,-8.565275780171683e-12
300,6,1,-1.0178257771353473e-11
300,6,2,-9.860911822225358e-12
300,6,3,-1.0338580619502786e-11
300,6,4,-1.034179008089618e-11
300,6,5,-1.0714486317545597e-11
300,6,6,-1.033574985081978e-11
300,6,7,-9.954418753879734e-12
300,6,8,-8.30186129943813e-12
300,6,9,-1.1015573601344495e-11
300,6,10,-8.336085253941382e-12
300,7,1,-1.0616471465240258e-11
300,7,2,-9.331239960045983e-12
300,7,3,-1.0376011991748861e-11
300,7,4,-1.0132368063591654e-11
300,7,5,-1.0760361086307132e-11
300,7,6,-1.0330774671221307e-11
300,7,7,-1.0160463194984104e-11
300,7,8,-8.353225080973503e-12
300,7,9,-1.1032933141249584e-11
300,7,10,-8.333352346166658e-12
300,8,1,-1.0164171858927611e-11
300,8,2,-8.351825379060174e-12
300,8,3,-1.0648882645552615e-11
300,8,4,-1.0133016976785712e-11
300,8,5,-1.0680200216344481e-11
300,8,6,-1.0175783252937825e-11
300,8,7,-9.818514272343093e-12
300,8,8,-1.0762487446252783e-11
300,8,9,-1.1058266456912682e-11
300,8,10,-8.340086454156625e-12
300,9,1,-1.0378904231788413e-11
300,9,2,-1.0550512713711963e-11
300,9,3,-1.0323867557205168e-11
300,9,4,-1.0385390455181728e-11
300,9,5,-1.0292482100833737e-11
300,9,6,-1.0395811630099283e-11
300,9,7,-1.0044444723287957e-11
300,9,8,-9.566067760094087e-12
300,9,9,-1.0785111048525564e-11
300,9,10,-9.900037761641768e-12
300,10,1,-1.0073685030870122e-11
300,10,2,-9.751677182576155e-12
300,10,3,-1.0081616733543243e-11
300,10,4,-1.0115267996443325e-11
300,10,5,-1.0054101073921794e-11
300,10,6,-1.05211655618682e-11
300,10,7,-9.942874200896095e-12
300,10,8,-9.568112943081878e-12
300,10,9,-1.0114451624991085e-11
300,10,10,-9.994106137033428e-12
300,11,1,-9.96875555600876e-12
300,11,2,-9.937541829919017e-12
300,11,3,-9.778817239360754e-12
300,11,4,-1.0305120786776555e-11
300,11,5,-9.952807569692213e-12
300,11,6,-1.0432146043757792e-11
300,11,7,-9.929242832149357e-12
300,11,8,-9.467647326768309e-12
300,11,9,-9.780622432518365e-12
300,11,10,-1.0166155185771328e-11
300,12,1,-9.946109006777448e-12
300,12,2,-1.0107881499387253e-11
300,12,3,-9.928476488288739e-12
300,12,4,-1.0333608481627348e-11
300,12,5,-9.953633937412362e-12
300,12,6,-9.944956999165335e-12
300,12,7,-9.911337512931238e-12
300,12,8,-1.0026280903464935e-11
300,12,9,-9.939377283382726e-12
300,12,10,-9.90978738777153e-12
300,13,1,-9.949260123813757e-12
300,13,2,-9.729408532029026e-12
300,13,3,-9.927289684517348e-12
300,13,4,-1.016986106176085e-11
300,13,5,-1.0103140250458408e-11
300,13,6,-9.734957602892506e-12
300,13,7,-9.913748489320493e-12
300,13,8,-1.0044404628992814e-11
300,13,9,-9.92948542274016e-12
300,13,10,-9.914512773666138e-12
300,14,1,-9.947926688285422e-12
300,14,2,-9.902423992382023e-12
300,14,3,-9.936505589100941e-12
300,14,4,-1.0306364389574475e-11
300,14,5,-9.96888976228062e-12
300,14,6,-9.961691132720897e-12
300,14,7,-9.74813302693281e-12
300,14,8,-9.644498506384476e-12
300,14,9,-9.936300530025611e-12
300,14,10,-9.741018423671762e-12
300,15,1,-9.877505377474224e-12
300,15,2,-9.92140199658511e-12
300,15,3,-1.006643806456302e-11
300,15,4,-1.0086950287578553e-11
300,15,5,-1.0349587840085639e-11
300,15,6,-1.007455595456391e-11
300,15,7,-1.0046894273049177e-11
300,15,8,-8.880959324661492e-12
300,15,9,-9.862444421630296e-12
300,15,10,-9.946778225363453e-12
300,16,1,-1.0207296373124901e-11
300,16,2,-8.923915759255447e-12
300,16,3,-1.0184889304461365e-11
300,16,4,-1.0075512235505374e-11
300,16,5,-1.0083069585557417e-11
300,16,6,-1.0067897118960639e-11
300,16,7,-1.0266831465406893e-11
300,16,8,-8.99792395114242e-12
300,16,9,-1.0730306342283892e-11
300,16,10,-9.75046512069529e-12
300,17,1,-1.2021664206855053e-11
300,17,2,-8.983897150330142e-12
300,17,3,-1.0351898982662473e-11
300,17,4,-1.185981949240512e-11
300,17,5,-1.0252504509753064e-11
300,17,6,-1.0870310563155536e-11
300,17,7,-1.0259675362233976e-11
300,17,8,-8.969405745533055e-12
300,17,9,-1.0735239336577195e-11
300,17,10,-8.329635715922773e-12
300,18,1,-1.2725320653986658e-11
300,18,2,-8.34134062402759e-12
300,18,3,-1.005501775107263e-11
300,18,4,-1.1835491125083206e-11
300,18,5,-1.025009545419714e-11
300,18,6,-1.0870523064810913e-11
300,18,7,-9.086496475655977e-12
300,18,8,-8.930937965195265e-12
300,18,9,-1.0925916306536986e-11
300,18,10,-8.616050777689944e-12
300,19,1,-1.2769562412038143e-11
300,19,2,-8.358923567394358e-12
300,19,3,-1.0365960885957536e-11
300,19,4,-1.1950581186247839e-11
300,19,5,-1.069684307423015e-11
300,19,6,-1.0874532460123829e-11
300,19,7,-1.0272689350097406e-11
300,19,8,-8.35946362214336e-12
300,19,9,-1.261207763310168e-11
300,19,10,-8.274846198441976e-12
300,20,1,-2.0324769067049797e-11
300,20,2,-9.068063547063857e-12
300,20,3,-1.0676269666567296e-11
300,20,4,-1.3203995912468698e-11
300,20,5,-1.071253407035414e-11
300,20,6,-1.1290991250531107e-11
300,20,7,-1.007701576135553e-11
300,20,8,-1.858267686523881e-11
300,20,9,-1.3689556007889071e-11
300,20,10,-8.540892184470862e-12
300,21,1,-1.1271398973023871e-11
300,21,2,-8.79559176970553e-12
300,21,3,-1.0225746394292121e-11
300,21,4,-1.1623850570901769e-11
300,21,5,-1.0214961476668805e-11
300,21,6,-8.336685233672018e-12
300,21,7,-8.336967703136917e-12
300,21,8,-1.6009172156622263e-11
300,21,9,-1.3224099524919479e-11
300,21,10,-8.598324869457864e-12
300,22,1,-1.127672077766874e-11
300,22,2,-1.2773336717026106e-11
300,22,3,-1.0227866519493989e-11
300,22,4,-1.1086282357615572e-11
300,22,5,-1.0226858684243281e-11
300,22,6,-8.33378205363074e-12
300,22,7,-8.329666983012047e-12
300,22,8,-1.0579207744151738e-11
300,22,9,-1.10476923152548e-11
300,22,10,-8.35338106040814e-12
300,23,1,-1.1548661570370794e-11
300,23,2,-1.0917269115678864e-11
300,23,3,-1.0393672918441195e-11
300,23,4,-1.1093769655417439e-11
300,23,5,-1.0584802409837792e-11
300,23,6,-8.34222067487703e-12
300,23,7,-8.731182720970587e-12
300,23,8,-8.296116943136951e-12
300,23,9,-1.1054749864703372e-11
300,23,10,-8.338914711125483e-12
300,24,1,-1.1213575603610002e-11
300,24,2,-1.096689769459705e-11
300,24,3,-1.0646908007267624e-11
300,24,4,-8.328299418979967e-12
300,24,5,-1.101068432060051e-11
300,24,6,-1.0982598882090627e-11
300,24,7,-1.1004008921124445e-11
300,24,8,-1.0831286682673672e-11
300,24,9,-1.1170487578058948e-11
300,24,10,-8.894644802672364e-12
111,1,1,0.005999999972092861
111,1,2,0.005999999993295294
111,1,3,0.006
111,1,4,0.0059999999754698375
111,1,5,0.006
111,1,6,0.006
111,1,7,0.005999999950154908
111,1,8,0.005999999985139575
111,1,9,0.006
111,1,10,0.005999999994400211
111,2,1,0.005999999958881923
111,2,2,0.005999999959900092
111,2,3,0.005999999987653287
111,2,4,0.005999999973171465
111,2,5,0.005999999960156155
111,2,6,0.00599999995394034
111,2,7,0.005999999982294968
111,2,8,0.0059999999690596335
111,2,9,0.005999999969573603
111,2,10,0.006
111,3,1,0.0059999999830989935
111,3,2,0.005999999995175565
111,3,3,0.005999999995601123
111,3,4,0.00599999998999092
111,3,5,0.005999999992984274
111,3,6,0.005999999971182859
111,3,7,0.005999999995359429
111,3,8,0.006
111,3,9,0.005999999984325921
111,3,10,0.006
111,4,1,0.005999999995346468
111,4,2,0.005999999995832479
111,4,3,0.005999999967153006
111,4,4,0.005999999951094387
111,4,5,0.006
111,4,6,0.0059999999738230975
111,4,7,0.005999999984642539
111,4,8,0.006
111,4,9,0.005999999998839984
111,4,10,0.00599999998071689
111,5,1,0.006
111,5,2,0.005999999984944997
111,5,3,0.005999999958454732
111,5,4,0.00599999997152871
111,5,5,0.005999999971009005
111,5,6,0.005999999970578509
111,5,7,0.006
111,5,8,0.005999999973031028
111,5,9,0.005999999970202406
111,5,10,0.005999999974245049
111,6,1,0.005999999977316182
111,6,2,0.006
111,6,3,0.005999999980341386
111,6,4,0.005999999978112336
111,6,5,0.005999999971796001
111,6,6,0.005999999982466304
111,6,7,0.005999999987607369
111,6,8,0.005999999995678972
111,6,9,0.005999999961809494
111,6,10,0.005999999993482534
111,7,1,0.005999999995384061
111,7,2,0.005999999986601767
111,7,3,0.005999999985142989
111,7,4,0.005999999996124701
111,7,5,0.006
111,7,6,0.006
111,7,7,0.0059999999656963785
111,7,8,0.005999999998903835
111,7,9,0.005999999969760334
111,7,10,0.005999999984388953
111,8,1,0.00599999997951914
111,8,2,0.006
111,8,3,0.005999999992396342
111,8,4,0.005999999972548471
111,8,5,0.006
111,8,6,0.005999999979238276
111,8,7,0.006
111,8,8,0.006
111,8,9,0.005999999970853357
111,8,10,0.006
111,9,1,0.005999999995498674
111,9,2,0.005999999988696801
111,9,3,0.006
111,9,4,0.005999999983296756
111,9,5,0.005999999963763961
111,9,6,0.005999999990594937
111,9,7,0.005999999983931886
111,9,8,0.005999999984303815
111,9,9,0.00599999999128059
111,9,10,0.006
111,10,1,0.006
111,10,2,0.006
111,10,3,0.005999999981374017
111,10,4,0.005999999950509336
111,10,5,0.0059999999577071
111,10,6,0.006
111,10,7,0.005999999992650296
111,10,8,0.006
111,10,9,0.005999999996198139
111,10,10,0.006
111,11,1,0.006
111,11,2,0.006
111,11,3,0.005999999978373067
111,11,4,0.00599999998830645
111,11,5,0.005999999970209381
111,11,6,0.006
111,11,7,0.00599999995783756
111,11,8,0.0059999999855719155
111,11,9,0.005999999991737719
111,11,10,0.005999999990289908
111,12,1,0.005999999984626169
111,12,2,0.0059999999981039465
111,12,3,0.005999999956113794
111,12,4,0.005999999963241481
111,12,5,0.0059999999639164135
111,12,6,0.006
111,12,7,0.0059999999974889645
111,12,8,0.006
111,12,9,0.006
111,12,10,0.005999999980406108
111,13,1,0.006
111,13,2,0.005999999990260579
111,13,3,0.006
111,13,4,0.00599999999966364
111,13,5,0.006
111,13,6,0.005999999963571243
111,13,7,0.005999999974567139
111,13,8,0.005999999994448953
111,13,9,0.006
111,13,10,0.005999999971166693
111,14,1,0.005999999973929495
111,14,2,0.005999999984639921
111,14,3,0.005999999995771041
111,14,4,0.006
111,14,5,0.005999999987388089
111,14,6,0.005999999962733297
111,14,7,0.006
111,14,8,0.005999999967757379
111,14,9,0.005999999982001473
111,14,10,0.00599999996235358
111,15,1,0.005999999980678026
111,15,2,0.005999999984813509
111,15,3,0.006
111,15,4,0.005999999963935988
111,15,5,0.006
111,15,6,0.006
111,15,7,0.005999999941452645
111,15,8,0.005999999960595168
111,15,9,0.005999999980201923
111,15,10,0.005999999977764223
111,16,1,0.006
111,16,2,0.00599999997946837
111,16,3,0.006
111,16,4,0.006
111,16,5,0.005999999999421713
111,16,6,0.005999999949690683
111,16,7,0.006
111,16,8,0.005999999972652297
111,16,9,0.006
111,16,10,0.006
111,17,1,0.005999999985642932
111,17,2,0.005999999973787714
111,17,3,0.005999999967705906
111,17,4,0.005999999996390257
111,17,5,0.005999999977603479
111,17,6,0.005999999935377733
111,17,7,0.005999999988629225
111,17,8,0.0059999999583092
111,17,9,0.00599999999862857
111,17,10,0.006
111,18,1,0.005999999980389552
111,18,2,0.005999999975250893
111,18,3,0.005999999997457173
111,18,4,0.005999999998521465
111,18,5,0.005999999978150592
111,18,6,0.005999999999016934
111,18,7,0.005999999999278292
111,18,8,0.005999999957330264
111,18,9,0.005999999988647673
111,18,10,0.0059999999628426596
111,19,1,0.005999999995742788
111,19,2,0.005999999977696557
111,19,3,0.005999999982849055
111,19,4,0.00599999999613729
111,19,5,0.005999999999766221
111,19,6,0.006
111,19,7,0.005999999991117808
111,19,8,0.005999999999465984
111,19,9,0.005999999997638764
111,19,10,0.005999999999277477
111,20,1,0.005999999977889212
111,20,2,0.005999999984929588
111,20,3,0.005999999947110393
111,20,4,0.005999999978490657
111,20,5,0.00599999998493682
111,20,6,0.006
111,20,7,0.005999999981397826
111,20,8,0.005999999975757506
111,20,9,0.005999999994736101
111,20,10,0.005999999982211072
111,21,1,0.005999999997396573
111,21,2,0.005999999977624769
111,21,3,0.005999999999869259
111,21,4,0.006
111,21,5,0.005999999974981493
111,21,6,0.005999999964666519
111,21,7,0.006
111,21,8,0.005999999981127295
111,21,9,0.005999999981218435
111,21,10,0.006
111,22,1,0.006
111,22,2,0.0059999999910567816
111,22,3,0.0059999999781397305
111,22,4,0.005999999994406561
111,22,5,0.006
111,22,6,0.005999999979053622
111,22,7,0.006
111,22,8,0.005999999999196626
111,22,9,0.005999999993783064
111,22,10,0.005999999985201641
111,23,1,0.006
111,23,2,0.005999999949331187
111,23,3,0.005999999985692596
111,23,4,0.005999999974378569
111,23,5,0.006
111,23,6,0.005999999983712079
111,23,7,0.006
111,23,8,0.005999999982623909
111,23,9,0.005999999991940928
111,23,10,0.00599999994110771
111,24,1,0.005999999959571154
111,24,2,0.006
111,24,3,0.006
111,24,4,0.005999999992500277
111,24,5,0.006
111,24,6,0.006
111,24,7,0.0059999999839490704
111,24,8,0.005999999969757574
111,24,9,0.005999999970272807
111,24,10,0.005999999971780518
114,1,1,-0.11426160000479502
114,1,2,-0.2229412
114,1,3,-0.0895820000063079
114,1,4,-0.08140879999999999
114,1,5,-0.10705960003680903
114,1,6,-0.08994800001264944
114,1,7,-0.11401399999999999
114,1,8,-0.3940000000125981
114,1,9,-0.08159120001849512
114,1,10,-0.12698200003387122
114,2,1,-0.11476200002874623
114,2,2,-0.2135388000084095
114,2,3,-0.08866520002984415
114,2,4,-0.08057040003567462
114,2,5,-0.10451400001872799
114,2,6,-0.08515239999999999
114,2,7,-0.11131200000483114
114,2,8,-0.394000000001874
114,2,9,-0.0807508
114,2,10,-0.13174400002704723
114,3,1,-0.10906800001485917
114,3,2,-0.20016
114,3,3,-0.08399280000192696
114,3,4,-0.07629760003065336
114,3,5,-0.10350360002598823
114,3,6,-0.0834188
114,3,7,-0.11023960003241412
114,3,8,-0.3450608000139807
114,3,9,-0.0764692
114,3,10,-0.13292359999999998
114,4,1,-0.10606720002787182
114,4,2,-0.19204680000903396
114,4,3,-0.08399280001052739
114,4,4,-0.07629760000644807
114,4,5,-0.10552400002729516
114,4,6,-0.0842672000261432
114,4,7,-0.112384
114,4,8,-0.3523648000096791
114,4,9,-0.07646920001494066
114,4,10,-0.12877320001776704
114,5,1,-0.10806800003382416
114,5,2,-0.17238200002019163
114,5,3,-0.08678759999999999
114,5,4,-0.07885320001739483
114,5,5,-0.11118120001807003
114,5,6,-0.087292
114,5,7,-0.11838920000456657
114,5,8,-0.3623108000027266
114,5,9,-0.0790304000332357
114,5,10,-0.1305644
114,6,1,-0.1050672
114,6,2,-0.15545720000087757
114,6,3,-0.0808052000172604
114,6,4,-0.07338280000420026
114,6,5,-0.1138076
114,6,6,-0.08600080000818905
114,6,7,-0.12117720002351756
114,6,8,-0.3677496000144755
114,6,9,-0.07354840000784696
114,6,10,-0.14467519999999998
114,7,1,-0.08417720000308675
114,7,2,-0.14293800000578988
114,7,3,-0.07674440003286315
114,7,4,-0.0696692
114,7,5,-0.12197000003334182
114,7,6,-0.07637280004333658
114,7,7,-0.12984160000596176
114,7,8,-0.3940000000061831
114,7,9,-0.06982720003166236
114,7,10,-0.1497864
114,8,1,-0.07906040004366216
114,8,2,-0.1785608
114,8,3,-0.08167880001798744
114,8,4,-0.0741816
114,8,5,-0.1447596
114,8,6,-0.091276
114,8,7,-0.15403320002036652
114,8,8,-0.39400000001354346
114,8,9,-0.07434879999999999
114,8,10,-0.1556844000178809
114,9,1,-0.05963240002009158
114,9,2,-0.2101536
114,9,3,-0.07718120004100737
114,9,4,-0.07006839999999999
114,9,5,-0.15910440000369155
114,9,6,-0.10049800001060431
114,9,7,-0.1692600000069163
114,9,8,-0.39400000001241003
114,9,9,-0.07022720001014948
114,9,10,-0.14659760001098449
114,10,1,-0.041127600010736697
114,10,2,-0.2342784000017221
114,10,3,-0.0780980000068591
114,10,4,-0.0709072
114,10,5,-0.16880200002468376
114,10,6,-0.10979400001985272
114,10,7,-0.1795544000188932
114,10,8,-0.39400000001138336
114,10,9,-0.07106760001149588
114,10,10,-0.14091800000265636
114,11,1,-0.031317280014025686
114,11,2,-0.2529224000122075
114,11,3,-0.0821588000049216
114,11,4,-0.07462080001705382
114,11,5,-0.17272160002838766
114,11,6,-0.11440519999999998
114,11,7,-0.18371480000303372
114,11,8,-0.3940000000209193
114,11,9,-0.07478880002219379
114,11,10,-0.14152959999999998
114,12,1,-0.02735476002526842
114,12,2,-0.262862400000342
114,12,3,-0.08818480000480321
114,12,4,-0.08013120001118303
114,12,5,-0.16815560001445426
114,12,6,-0.11233960003268413
114,12,7,-0.17886800000274464
114,12,8,-0.3940000000101145
114,12,9,-0.08031080002806888
114,12,10,-0.1472092000001166
114,13,1,-0.027893360000000006
114,13,2,-0.26560280002435577
114,13,3,-0.09198359999999998
114,13,4,-0.08360520001541584
114,13,5,-0.15975080002003741
114,13,6,-0.10241639999999999
114,13,7,-0.16994640000257583
114,13,8,-0.39400000001438623
114,13,9,-0.08379200000749439
114,13,10,-0.15502880001693115
114,14,1,-0.029547600053272515
114,14,2,-0.2574356000071575
114,14,3,-0.09150320000932595
114,14,4,-0.08316599999999999
114,14,5,-0.1534068000075922
114,14,6,-0.09083320001042122
114,14,7,-0.1632120000160761
114,14,8,-0.39400000000248603
114,14,9,-0.08335200001743777
114,14,10,-0.15699480000157381
114,15,1,-0.029739960023725247
114,15,2,-0.24754960002765825
114,15,3,-0.0886652000025077
114,15,4,-0.08057040001925087
114,15,5,-0.14657800002781282
114,15,6,-0.07718439999999999
114,15,7,-0.15596320000739516
114,15,8,-0.3812184000005612
114,15,9,-0.08075080000757826
114,15,10,-0.15306320000208729
114,16,1,-0.029162880038468657
114,16,2,-0.2448632000100067
114,16,3,-0.09198359999999998
114,16,4,-0.08360519999999999
114,16,5,-0.14051680001927744
114,16,6,-0.06390440003780923
114,16,7,-0.14952920003130843
114,16,8,-0.34868680001557695
114,16,9,-0.08379200001149201
114,16,10,-0.15306320001288806
114,17,1,-0.02993232
114,17,2,-0.23868399999999998
114,17,3,-0.10189520000829555
114,17,4,-0.09266960003589632
114,17,5,-0.13809240000223283
114,17,6,-0.058371200012521086
114,17,7,-0.1469556
114,17,8,-0.3122700000013711
114,17,9,-0.09287520000677872
114,17,10,-0.15699480000875338
114,18,1,-0.03254840000989235
114,18,2,-0.21697720000838303
114,18,3,-0.10704800002837951
114,18,4,-0.09738120001035187
114,18,5,-0.1321928000239978
114,18,6,-0.0635356
114,18,7,-0.1406936
114,18,8,-0.2735224000346913
114,18,9,-0.0975968
114,18,10,-0.15175240002735518
114,19,1,-0.03916560001541074
114,19,2,-0.1888232
114,19,3,-0.0968740000049559
114,19,4,-0.08807720001768653
114,19,5,-0.12249520002338694
114,19,6,-0.08091000000895202
114,19,7,-0.13039920000612282
114,19,8,-0.2585000000044136
114,19,9,-0.08827360001934881
114,19,10,-0.13598160002058668
114,20,1,-0.04539800002534324
114,20,2,-0.18167720001231977
114,20,3,-0.0978344
114,20,4,-0.08895600002384624
114,20,5,-0.12362680002878501
114,20,6,-0.09721520003993184
114,20,7,-0.13160000000415092
114,20,8,-0.28787160001649703
114,20,9,-0.0891540000092848
114,20,10,-0.13235560002797653
114,21,1,-0.0541308
114,21,2,-0.19446480001051825
114,21,3,-0.10084760001206365
114,21,4,-0.09171120006389326
114,21,5,-0.13514280003922194
114,21,6,-0.1108272000122093
114,21,7,-0.1438244000401222
114,21,8,-0.3204548000179444
114,21,9,-0.09191479999999999
114,21,10,-0.14152960000139186
114,22,1,-0.05813200000000001
114,22,2,-0.22643360004430002
114,22,3,-0.09538920000759786
114,22,4,-0.0867196
114,22,5,-0.14783080001430002
114,22,6,-0.1266524000036685
114,22,7,-0.15729279999999998
114,22,8,-0.3432476
114,22,9,-0.08691320005331818
114,22,10,-0.15240760001775672
114,23,1,-0.057400799999999995
114,23,2,-0.24663600001994396
114,23,3,-0.09490920000760664
114,23,4,-0.0862804
114,23,5,-0.1553060000254203
114,23,6,-0.1429940000130689
114,23,7,-0.16522800000485918
114,23,8,-0.3695628000142763
114,23,9,-0.0864728
114,23,10,-0.15830560001697724
114,24,1,-0.052399600023742464
114,24,2,-0.2440032000194702
114,24,3,-0.1018952000184086
114,24,4,-0.09266960002912203
114,24,5,-0.1700952
114,24,6,-0.13838320005310006
114,24,7,-0.18092679999999997
114,24,8,-0.3659368000168055
114,24,9,-0.09287520001284369
114,24,10,-0.1718484000512117
