circuit_code,hour,scen,losses
1,1,1,0.00011087904871834143
1,1,2,0.00039269717407104784
1,1,3,0.00011087904918743137
1,1,4,0.00011087904880234943
1,1,5,0.00011087904585269227
1,1,6,0.00011087906074690998
1,1,7,0.00011087904867077496
1,1,8,0.0030682647014557206
1,1,9,0.0001108790488131624
1,1,10,0.00011087904884403551
1,2,1,0.00011087909291222729
1,2,2,0.00011087904957657705
1,2,3,0.00011087904958570966
1,2,4,0.00011087904852693679
1,2,5,0.00011087904962827513
1,2,6,0.00011087904963663841
1,2,7,0.00011087910450600702
1,2,8,0.00011087904312038516
1,2,9,0.00011087910167332169
1,2,10,0.00011087909453184003
1,3,1,0.00011087907748402738
1,3,2,0.0001108790662016583
1,3,3,0.0001108790502598356
1,3,4,0.00011087907302584352
1,3,5,0.00011087906039292652
1,3,6,0.00011087905022854618
1,3,7,0.00011087906334469291
1,3,8,0.00011087903094836539
1,3,9,0.00011087906795082575
1,3,10,0.00011087906444589677
1,4,1,0.00011087907257065105
1,4,2,0.00011087907139689868
1,4,3,0.0001108790720997556
1,4,4,0.00011087906792500585
1,4,5,0.00011087906783902515
1,4,6,0.0001108790642055701
1,4,7,0.00011087904919501587
1,4,8,0.00011087902335781516
1,4,9,0.00011087907251425222
1,4,10,0.00011087904944143808
1,5,1,0.00011087913061064655
1,5,2,0.00011087918131493699
1,5,3,0.0001108790479141975
1,5,4,0.00011087904681355644
1,5,5,0.00011087904789329991
1,5,6,0.00011087913189189939
1,5,7,0.00011087904720708768
1,5,8,0.0001108790034420863
1,5,9,0.00011087914656638082
1,5,10,0.00011087901781015753
1,6,1,0.00011087904485815803
1,6,2,0.00011088475905292303
1,6,3,0.00011087904451838826
1,6,4,0.00011087904455575083
1,6,5,0.00011087904599516247
1,6,6,0.00011087904472830071
1,6,7,0.00011087927785785365
1,6,8,0.00011087901783177969
1,6,9,0.00011087904439303301
1,6,10,0.00011801284377603859
1,7,1,0.00011087905013934448
1,7,2,0.00047847355144959257
1,7,3,0.00011087903914648309
1,7,4,0.00011087903906913845
1,7,5,0.00011087905629193052
1,7,6,0.00011087904944890185
1,7,7,0.00020223450002226356
1,7,8,0.0001108790006142869
1,7,9,0.00011087903907160658
1,7,10,0.0006197764960366897
1,8,1,0.00011087904383430162
1,8,2,0.00031435533972554305
1,8,3,0.00011087904341997213
1,8,4,0.00011087904133514916
1,8,5,0.00011087904217655517
1,8,6,0.00011087904133065387
1,8,7,0.00011087945504993505
1,8,8,0.020217118716295526
1,8,9,0.00011087904316058508
1,8,10,0.00011087900012593069
1,9,1,0.00011087905171037466
1,9,2,0.0019164589636561824
1,9,3,0.00011087904859705468
1,9,4,0.0001108790485944682
1,9,5,0.0007855160562745984
1,9,6,0.00011087905845973096
1,9,7,0.0001108790527242547
1,9,8,0.00011087900709972277
1,9,9,0.00011087908306780374
1,9,10,0.0001108790533500755
1,10,1,0.00011087906588474125
1,10,2,0.00011087905932371461
1,10,3,0.00011087906629890958
1,10,4,0.00011087906609362812
1,10,5,0.00011087905828652608
1,10,6,0.00011087905840599873
1,10,7,0.00011087906778227032
1,10,8,0.00011087922483378026
1,10,9,0.00011087906582505684
1,10,10,0.00011087905973423853
1,11,1,0.00011087907095574052
1,11,2,0.00011087906777067372
1,11,3,0.00011087907112307137
1,11,4,0.00011087907105624165
1,11,5,0.0001108790715347322
1,11,6,0.00011087907089514434
1,11,7,0.0001108790723975358
1,11,8,0.00011087910174501139
1,11,9,0.00011087906736136844
1,11,10,0.0001108790732829068
1,12,1,0.00011087907303579118
1,12,2,0.0001108790740523544
1,12,3,0.00011087907338406691
1,12,4,0.00011087907331673787
1,12,5,0.00011087906897688439
1,12,6,0.00011087906921164516
1,12,7,0.00011087907351025544
1,12,8,0.0001108790822146365
1,12,9,0.00011087907319215291
1,12,10,0.00011087907385635562
1,13,1,0.00011087907306460167
1,13,2,0.00011087908818478109
1,13,3,0.00011087907337479128
1,13,4,0.0001108790732990485
1,13,5,0.00011087907310874667
1,13,6,0.00011087907293894738
1,13,7,0.00011087907334752607
1,13,8,0.00011087907632222875
1,13,9,0.00011087907318172635
1,13,10,0.00011087907383235956
1,14,1,0.00011087907224754634
1,14,2,0.00011087907304199681
1,14,3,0.00011087907253026384
1,14,4,0.00011087907240080884
1,14,5,0.00011087906818900607
1,14,6,0.0001108790720405736
1,14,7,0.00011087906781210193
1,14,8,0.00011087908963662705
1,14,9,0.00011087907234186514
1,14,10,0.0001108790729205642
1,15,1,0.00011087906702415651
1,15,2,0.00011087906204174843
1,15,3,0.00011087906791757633
1,15,4,0.00011087906768681342
1,15,5,0.00011087906083769386
1,15,6,0.00011087906026180708
1,15,7,0.00011087906143658113
1,15,8,0.00011087927748540285
1,15,9,0.00011087906739575778
1,15,10,0.00011087906158466077
1,16,1,0.00011087905436786967
1,16,2,0.00011087905350740926
1,16,3,0.00011087949674016805
1,16,4,0.00011087948250708831
1,16,5,0.00011087905181627812
1,16,6,0.00011087905120246654
1,16,7,0.00011087905271021908
1,16,8,0.00011087900542370422
1,16,9,0.00011087905412237673
1,16,10,0.0001108790583393163
1,17,1,0.00011087903403505825
1,17,2,0.0003629479193349013
1,17,3,0.00011087910806590852
1,17,4,0.00011087907778681557
1,17,5,0.00011087903130059727
1,17,6,0.00011087903348991877
1,17,7,0.0007484982054775601
1,17,8,0.0017124764549661037
1,17,9,0.00011087903114869401
1,17,10,0.00011087899719715947
1,18,1,0.00014521592409462962
1,18,2,0.00011087910293690391
1,18,3,0.00012629342030800057
1,18,4,0.000152113182643443
1,18,5,0.00011087901611437778
1,18,6,0.00011087901616182032
1,18,7,0.00011087899332335614
1,18,8,0.000766702162572662
1,18,9,0.00011087901397841045
1,18,10,0.00013474997940820076
1,19,1,0.00011087904816450988
1,19,2,0.00011087902807360322
1,19,3,0.030941047491962966
1,19,4,0.00011087904118335091
1,19,5,0.00011087902183458901
1,19,6,0.00011087898689583544
1,19,7,0.00011087902997726648
1,19,8,0.0010366891689790698
1,19,9,0.0001108790504055563
1,19,10,0.00011087902415284028
1,20,1,0.00011087903856484495
1,20,2,0.00011087903532292263
1,20,3,0.00011087903046841179
1,20,4,0.00011087903895230382
1,20,5,0.00011087903642259588
1,20,6,0.00011087904889561379
1,20,7,0.00011087903456321443
1,20,8,0.00011087903803063407
1,20,9,0.00011087904219784696
1,20,10,0.00011087901021698224
1,21,1,0.0001108790081890548
1,21,2,0.001666926381854108
1,21,3,0.00011087900992430402
1,21,4,0.00011087900942775214
1,21,5,0.00011087905022129778
1,21,6,0.0016619879656193687
1,21,7,0.0016662542574783776
1,21,8,0.0016710289334443801
1,21,9,0.0016353734128590983
1,21,10,0.0002150132460530111
1,22,1,0.00011087915419352627
1,22,2,0.00043919712368501324
1,22,3,0.0001108790202417756
1,22,4,0.00011087901926112763
1,22,5,0.00011087917953060011
1,22,6,0.00011087909740017252
1,22,7,0.00011087899235638183
1,22,8,0.0014413208650161328
1,22,9,0.00011087901925121218
1,22,10,0.00011087912420369173
1,23,1,0.00011087913230115028
1,23,2,0.00011087907479193125
1,23,3,0.00011087907085733087
1,23,4,0.00011087902826870615
1,23,5,0.00011087902962407856
1,23,6,0.00011087907237277691
1,23,7,0.00011087910396411024
1,23,8,0.0026880509571653227
1,23,9,0.00011087902830829701
1,23,10,0.00011087899554124652
1,24,1,0.00011087905153977557
1,24,2,0.0001108790207067042
1,24,3,0.00011087905519171056
1,24,4,0.00011087905601053007
1,24,5,0.0001108790527790404
1,24,6,0.00011087903925202698
1,24,7,0.0001108790547786569
1,24,8,0.0016814113159825544
1,24,9,0.00011087905383725157
1,24,10,0.00011087902856463948
2,1,1,0.00027876682919300653
2,1,2,0.0005342012268872494
2,1,3,0.00027876682964447785
2,1,4,0.0002787668293481498
2,1,5,0.0002787668263317868
2,1,6,0.00027876684143507744
2,1,7,0.0002787668293026473
2,1,8,0.003203365337015369
2,1,9,0.00027876682940045864
2,1,10,0.0002787668295049569
2,2,1,0.00027876687391616367
2,2,2,0.0002787668302042925
2,2,3,0.0002787668301069328
2,2,4,0.0002787668289547872
2,2,5,0.00027876683017211335
2,2,6,0.00027876683017657403
2,2,7,0.0002787668856167515
2,2,8,0.0002787668273707478
2,2,9,0.00027876688274678627
2,2,10,0.00027876687564174467
2,3,1,0.0002787668582831962
2,3,2,0.00027876684681586136
2,3,3,0.00027876683080980285
2,3,4,0.00027876685380153355
2,3,5,0.0002787668410819731
2,3,6,0.000278766830635812
2,3,7,0.00027876684403289355
2,3,8,0.00027876681130687396
2,3,9,0.0002787668486358345
2,3,10,0.0002787668452352942
2,4,1,0.0002787668532566931
2,4,2,0.00027876685232362087
2,4,3,0.00027876685290369126
2,4,4,0.00027876684900986367
2,4,5,0.00027876684933609793
2,4,6,0.00027876684528597116
2,4,7,0.0002787668297519224
2,4,8,0.0002787668059267523
2,4,9,0.000278766853355462
2,4,10,0.0002787668297774939
2,5,1,0.00027876691214569145
2,5,2,0.00027876683165173555
2,5,3,0.00027876682862464325
2,5,4,0.0002787668272423955
2,5,5,0.0002787668284001758
2,5,6,0.00027876691350418436
2,5,7,0.00027876682770908335
2,5,8,0.00027876678337656084
2,5,9,0.00027876692847525356
2,5,10,0.00027876678977906285
2,6,1,0.00027876682508457744
2,6,2,0.0002787726073726701
2,6,3,0.000278766824838481
2,6,4,0.0002787668248937725
2,6,5,0.00027876682597193615
2,6,6,0.00027876682507806263
2,6,7,0.00027876705278467265
2,6,8,0.00027876680430751903
2,6,9,0.00027876682463051297
2,6,10,0.0002857289161312643
2,7,1,0.00027876683047998974
2,7,2,0.0006154947127633222
2,7,3,0.00027876681958114113
2,7,4,0.000278766819410947
2,7,5,0.00027876683625503197
2,7,6,0.0002787668302767367
2,7,7,0.00036191293768570733
2,7,8,0.0002787667805251821
2,7,9,0.00027876681944751376
2,7,10,0.0007511144323844463
2,8,1,0.00027876682463339115
2,8,2,0.00046332671433849457
2,8,3,0.00027876682405073136
2,8,4,0.0002787668218396224
2,8,5,0.0002787668227359506
2,8,6,0.00027876682185111625
2,8,7,0.000278767244134858
2,8,8,0.03193426040320548
2,8,9,0.00027876682383922905
2,8,10,0.00027876678027960987
2,9,1,0.00027876683260233523
2,9,2,0.0020409176287437044
2,9,3,0.00027876682927674743
2,9,4,0.00027876682940906276
2,9,5,0.0009137089510039397
2,9,6,0.00027876683895522637
2,9,7,0.0002787668336531143
2,9,8,0.000278766786961179
2,9,9,0.000278766863845563
2,9,10,0.0002787668341732168
2,10,1,0.00027876684678951325
2,10,2,0.0002787668405468896
2,10,3,0.0002787668472222664
2,10,4,0.0002787668469116518
2,10,5,0.00027876683906362544
2,10,6,0.0002787668391737702
2,10,7,0.0002787668486277503
2,10,8,0.0002787670160663372
2,10,9,0.0002787668466603914
2,10,10,0.0002787668406691697
2,11,1,0.00027876685189506985
2,11,2,0.00027876684878050243
2,11,3,0.00027876685195067766
2,11,4,0.00027876685184137696
2,11,5,0.00027876685247664776
2,11,6,0.0002787668516811569
2,11,7,0.0002787668532382581
2,11,8,0.00027876688359645746
2,11,9,0.00027876684845899795
2,11,10,0.00027876685416100425
2,12,1,0.0002787668539930322
2,12,2,0.00027876685493880406
2,12,3,0.00027876685433280075
2,12,4,0.0002787668542574566
2,12,5,0.0002787668498859314
2,12,6,0.0002787668502270349
2,12,7,0.0002787668544675975
2,12,8,0.0002787668632021262
2,12,9,0.00027876685415599437
2,12,10,0.0002787668547560209
2,13,1,0.00027876685399610594
2,13,2,0.00027876686914969504
2,13,3,0.00027876685430013335
2,13,4,0.00027876685429473685
2,13,5,0.0002787668540535961
2,13,6,0.0002787668539004567
2,13,7,0.00027876685421309566
2,13,8,0.0002787668572602899
2,13,9,0.0002787668540604766
2,13,10,0.00027876685470112927
2,14,1,0.0002787668531395611
2,14,2,0.0002787668538996455
2,14,3,0.0002787668533534693
2,14,4,0.00027876685331577997
2,14,5,0.00027876684928224626
2,14,6,0.00027876685286141084
2,14,7,0.0002787668486412271
2,14,8,0.0002787668708101132
2,14,9,0.000278766853251169
2,14,10,0.0002787668539715798
2,15,1,0.00027876684790329104
2,15,2,0.0002787668428896925
2,15,3,0.0002787668489091853
2,15,4,0.0002787668485373995
2,15,5,0.0002787668415595034
2,15,6,0.0002787668410935305
2,15,7,0.00027876684229560095
2,15,8,0.00027876706105276134
2,15,9,0.00027876684826175674
2,15,10,0.00027876684243131043
2,16,1,0.0002787668351385949
2,16,2,0.0002787668341815527
2,16,3,0.0002787672860352847
2,16,4,0.00027876727191242305
2,16,5,0.00027876683235312843
2,16,6,0.00027876683178023004
2,16,7,0.0002787668334348123
2,16,8,0.0002787667851652354
2,16,9,0.00027876683474966653
2,16,10,0.00027876683795561826
2,17,1,0.0002787668142593547
2,17,2,0.0005058667613601317
2,17,3,0.00027876688860311276
2,17,4,0.00027876685880802964
2,17,5,0.0002787668115400318
2,17,6,0.00027876681423357467
2,17,7,0.0008875690372736196
2,17,8,0.001861444373025301
2,17,9,0.00027876681143288297
2,17,10,0.00027876677694864784
2,18,1,0.0003115149546618651
2,18,2,0.00027876689947910053
2,18,3,0.00031866525588657597
2,18,4,0.00031796666873692904
2,18,5,0.0002787667960909443
2,18,6,0.0002787667960999642
2,18,7,0.0002787667768010992
2,18,8,0.0013899933596422367
2,18,9,0.0002787667940705463
2,18,10,0.0003007760977719506
2,19,1,0.000278766828366649
2,19,2,0.00027876680708139646
2,19,3,0.03080987391721336
2,19,4,0.0002787668212807289
2,19,5,0.0002787667964733806
2,19,6,0.00027876676692461703
2,19,7,0.0002787668119928321
2,19,8,0.0011603430447010847
2,19,9,0.00027876683095128766
2,19,10,0.00027876680306914195
2,20,1,0.00027876681875323156
2,20,2,0.00027876681417557186
2,20,3,0.000278766805268734
2,20,4,0.0002787668188372833
2,20,5,0.00027876682184675965
2,20,6,0.0002787668195811777
2,20,7,0.00027876682185919247
2,20,8,0.00027876682204628484
2,20,9,0.0002787668224542338
2,20,10,0.0002787667894904964
2,21,1,0.0002787667881407353
2,21,2,0.0017958648028511405
2,21,3,0.00027876678976339743
2,21,4,0.0002787667891660611
2,21,5,0.00027876682098502525
2,21,6,0.0018099030756777068
2,21,7,0.0017952783415432175
2,21,8,0.0017987382174165492
2,21,9,0.0017647236944330078
2,21,10,0.0003727885836476918
2,22,1,0.00027876693604013294
2,22,2,0.0005776291862263478
2,22,3,0.0002787668003106713
2,22,4,0.00027876679920112044
2,22,5,0.00027876696175794136
2,22,6,0.00027876688656803216
2,22,7,0.00027876677489625665
2,22,8,0.0025167182000787997
2,22,9,0.00027876679930309117
2,22,10,0.00027876688608304267
2,23,1,0.0002787669140881454
2,23,2,0.00027876684163291305
2,23,3,0.0002787668511106743
2,23,4,0.00027876680851748024
2,23,5,0.0002787668098169587
2,23,6,0.00027876684723084094
2,23,7,0.00027876688515216674
2,23,8,0.0028201280008876904
2,23,9,0.00027876680848922734
2,23,10,0.0002787667764084282
2,24,1,0.00027876683200737663
2,24,2,0.0002787668029685208
2,24,3,0.0002787668357741672
2,24,4,0.00027876683663799386
2,24,5,0.00027876683340656686
2,24,6,0.000278766819634656
2,24,7,0.0002787668352234433
2,24,8,0.002857365494574381
2,24,9,0.00027876683435817094
2,24,10,0.0002787668013875742
3,1,1,0.0007394271972996503
3,1,2,0.0009521156113160677
3,1,3,0.0007394271967423858
3,1,4,0.0007394271978745477
3,1,5,0.0007394271949224865
3,1,6,0.0007394272071611348
3,1,7,0.0007394271980835452
3,1,8,0.0034133434834791553
3,1,9,0.0007394271988076738
3,1,10,0.0007394271978244894
3,2,1,0.0007394272253871819
3,2,2,0.000739427199340187
3,2,3,0.0007394271985109523
3,2,4,0.0007394271974284966
3,2,5,0.0007394271976408386
3,2,6,0.0007394271984598705
3,2,7,0.000739427237628609
3,2,8,0.0007394271831118971
3,2,9,0.000739427234077489
3,2,10,0.0007394272270450366
3,3,1,0.0007394272264150441
3,3,2,0.0007394272144220131
3,3,3,0.000739427200085209
3,3,4,0.0007394272208689594
3,3,5,0.0007394272087593532
3,3,6,0.000739427199664891
3,3,7,0.000739427210849523
3,3,8,0.0007394271771105059
3,3,9,0.0007394272159819667
3,3,10,0.0007394272117541428
3,4,1,0.0007394272193517405
3,4,2,0.0007394272178884828
3,4,3,0.0007394272190497722
3,4,4,0.0007394272155917229
3,4,5,0.0007394272128917809
3,4,6,0.0007394272129545799
3,4,7,0.0007394271983870733
3,4,8,0.0007394271765440765
3,4,9,0.0007394272187360371
3,4,10,0.0007394271989203777
3,5,1,0.0007394272532300044
3,5,2,0.0007394273019090708
3,5,3,0.0007394271982749842
3,5,4,0.0007394271965668868
3,5,5,0.0007394271974045883
3,5,6,0.0007394272534636978
3,5,7,0.000739427197554077
3,5,8,0.0007394271534557298
3,5,9,0.0007394272675129583
3,5,10,0.0007394271715349703
3,6,1,0.0007394271946498606
3,6,2,0.0007394326487052586
3,6,3,0.000739427193472426
3,6,4,0.000739427193877884
3,6,5,0.0007394271803795561
3,6,6,0.0007394271938174522
3,6,7,0.000739427372751426
3,6,8,0.00073942716681172
3,6,9,0.000739427194176767
3,6,10,0.000746159413001653
3,7,1,0.0007394271965058299
3,7,2,0.001021380216809792
3,7,3,0.0007394271897452014
3,7,4,0.0007394271892492752
3,7,5,0.0007394271797058604
3,7,6,0.0007394271975485397
3,7,7,0.000812811739748002
3,7,8,0.0007394271511581892
3,7,9,0.0007394271887203545
3,7,10,0.0011358932620701499
3,8,1,0.0007394271920764721
3,8,2,0.0008878513903604668
3,8,3,0.0007394271929510428
3,8,4,0.0007394271911370523
3,8,5,0.0007394271919875584
3,8,6,0.0007394271919676539
3,8,7,0.0007394274837317337
3,8,8,0.032121994904541304
3,8,9,0.0007394271933785281
3,8,10,0.0007394271511060627
3,9,1,0.0007394272004916205
3,9,2,0.002363787532020661
3,9,3,0.0007394271967554497
3,9,4,0.0007394271977342765
3,9,5,0.0012769733423302857
3,9,6,0.0007394272011001661
3,9,7,0.0007394272010201098
3,9,8,0.0007394271505552095
3,9,9,0.0007394271487477553
3,9,10,0.0007394272006449018
3,10,1,0.000739427213008335
3,10,2,0.000739427208249485
3,10,3,0.000739427213776274
3,10,4,0.0007394272125299725
3,10,5,0.0007394272068017051
3,10,6,0.0007394272070045959
3,10,7,0.0007394272141494776
3,10,8,0.0007394273525665392
3,10,9,0.0007394272127043872
3,10,10,0.0007394272082055106
3,11,1,0.0007394272186682025
3,11,2,0.0007394272153677031
3,11,3,0.0007394272177316803
3,11,4,0.0007394272186383666
3,11,5,0.0007394272183147059
3,11,6,0.0007394272173970103
3,11,7,0.0007394272184269583
3,11,8,0.0007394272188976268
3,11,9,0.0007394272155440932
3,11,10,0.0007394272185070536
3,12,1,0.0007394272187956004
3,12,2,0.0007394272199876884
3,12,3,0.0007394272200400051
3,12,4,0.0007394272201654157
3,12,5,0.0007394272170073376
3,12,6,0.0007394272154453669
3,12,7,0.0007394272200741837
3,12,8,0.0007394271985989125
3,12,9,0.0007394272189905428
3,12,10,0.0007394272212689013
3,13,1,0.0007394272192559676
3,13,2,0.0007394270513893021
3,13,3,0.0007394272196032583
3,13,4,0.0007394272199669134
3,13,5,0.0007394272199721113
3,13,6,0.0007394272192634407
3,13,7,0.0007394272200413236
3,13,8,0.0007394272206766888
3,13,9,0.0007394272183727685
3,13,10,0.0007394272202379935
3,14,1,0.000739427219194145
3,14,2,0.0007394272195325188
3,14,3,0.0007394272195919064
3,14,4,0.0007394272186658027
3,14,5,0.0007394272158187489
3,14,6,0.0007394272193651511
3,14,7,0.0007394272159084748
3,14,8,0.0007394271933079919
3,14,9,0.0007394272193224452
3,14,10,0.0007394272194726066
3,15,1,0.0007394272132872667
3,15,2,0.0007394272105433094
3,15,3,0.0007394272148086426
3,15,4,0.0007394272138955185
3,15,5,0.0007394272101397901
3,15,6,0.0007394272081472543
3,15,7,0.0007394272102500418
3,15,8,0.0007394273947127629
3,15,9,0.0007394272142523099
3,15,10,0.0007394272099032917
3,16,1,0.0007394272020499508
3,16,2,0.0007394272016872092
3,16,3,0.0007394275195087258
3,16,4,0.0007394275043849876
3,16,5,0.0007394272004559078
3,16,6,0.0007394271995147822
3,16,7,0.0007394272014247259
3,16,8,0.0007394271545551203
3,16,9,0.0007394272025182173
3,16,10,0.0007394272000274789
3,17,1,0.0007394271836427562
3,17,2,0.0009295896210311301
3,17,3,0.0007394272460929464
3,17,4,0.0007394272183157265
3,17,5,0.0007394271827570626
3,17,6,0.0007394271832446279
3,17,7,0.001259860727849338
3,17,8,0.0021292206661349352
3,17,9,0.0007394271817313131
3,17,10,0.0007394271489356436
3,18,1,0.0007694674778370792
3,18,2,0.0007394271394522598
3,18,3,0.0007756326225260171
3,18,4,0.0007751737111882769
3,18,5,0.0007394271665010079
3,18,6,0.0007394271652722428
3,18,7,0.0007394271436293703
3,18,8,0.0017234632562907512
3,18,9,0.0007394271666709649
3,18,10,0.0007604877304450284
3,19,1,0.0007394271955967768
3,19,2,0.0007394271744304314
3,19,3,0.03129103540159057
3,19,4,0.0007394271882497629
3,19,5,0.0007394271634983419
3,19,6,0.0007394271394997277
3,19,7,0.0007394271768477453
3,19,8,0.0014919245826906602
3,19,9,0.0007394271975110849
3,19,10,0.0007394271721500948
3,20,1,0.000739427184988772
3,20,2,0.0007394271795852886
3,20,3,0.0007394271703009806
3,20,4,0.0007394271855472846
3,20,5,0.0007394271783771135
3,20,6,0.0007394271939966098
3,20,7,0.0007394271833096631
3,20,8,0.0007394271829355337
3,20,9,0.0007394271871009117
3,20,10,0.0007394271541530308
3,21,1,0.0007394271609920618
3,21,2,0.002116322349562896
3,21,3,0.0007394271615329299
3,21,4,0.0007394271609649952
3,21,5,0.0007394271876862989
3,21,6,0.0021077379340669086
3,21,7,0.002115439705036161
3,21,8,0.0020710554691381355
3,21,9,0.0020511782554455803
3,21,10,0.0008214500855564516
3,22,1,0.000739427286662164
3,22,2,0.0009875767530610625
3,22,3,0.0007394271707086312
3,22,4,0.0007394271707302933
3,22,5,0.0007394273079889191
3,22,6,0.0007394272306178838
3,22,7,0.0007394271445311168
3,22,8,0.0027566690582990134
3,22,9,0.0007394271713292026
3,22,10,0.0007394272364161906
3,23,1,0.000739427274345693
3,23,2,0.0007394272177335277
3,23,3,0.0007394272168774635
3,23,4,0.0007394271793019243
3,23,5,0.0007394271805098256
3,23,6,0.000739427227811644
3,23,7,0.0007394272465196044
3,23,8,0.0030468688404665253
3,23,9,0.0007394271794836752
3,23,10,0.0007394271465000339
3,24,1,0.000739427200798871
3,24,2,0.0007394271687001102
3,24,3,0.0007394272032056245
3,24,4,0.0007394272046139215
3,24,5,0.0007394272024797411
3,24,6,0.0007394271897199112
3,24,7,0.0007394272033792593
3,24,8,0.003057665338453608
3,24,9,0.0007394272025317281
3,24,10,0.0007394271754806641
4,1,1,6.968337237588429e-11
4,1,2,0.0001844650960849427
4,1,3,7.016823073221781e-11
4,1,4,6.978041068562175e-11
4,1,5,6.697984597296421e-11
4,1,6,8.151800728479654e-11
4,1,7,6.963900221443747e-11
4,1,8,0.001871311821036525
4,1,9,6.981933986269902e-11
4,1,10,6.98187237191942e-11
4,2,1,1.1262720753796847e-10
4,2,2,7.067620998714908e-11
4,2,3,7.064605276895437e-11
4,2,4,6.960717698544886e-11
4,2,5,7.067657923763956e-11
4,2,6,7.06761532046827e-11
4,2,7,1.2393921184135673e-10
4,2,8,1.8498520224773605e-10
4,2,9,1.2101665185321974e-10
4,2,10,1.1404332178905261e-10
4,3,1,9.789208471234912e-11
4,3,2,8.683358150680372e-11
4,3,3,7.128456491895993e-11
4,3,4,9.345610678547386e-11
4,3,5,8.121410899974455e-11
4,3,6,7.126635784676856e-11
4,3,7,8.400528560370865e-11
4,3,8,1.4493179432223865e-10
4,3,9,8.848012252298977e-11
4,3,10,8.506696436437707e-11
4,4,1,9.270381268354444e-11
4,4,2,9.185694386622622e-11
4,4,3,9.255939215955882e-11
4,4,4,8.849205637499745e-11
4,4,5,8.860404662184527e-11
4,4,6,8.48155185987033e-11
4,4,7,7.02646900924666e-11
4,4,8,1.209444789995698e-10
4,4,9,9.266233976846338e-11
4,4,10,7.046363485077833e-11
4,5,1,1.4923953927428073e-10
4,5,2,1.984471672922775e-10
4,5,3,6.899267787754071e-11
4,5,4,6.795329977020566e-11
4,5,5,6.896394625932079e-11
4,5,6,1.5048376396608702e-10
4,5,7,6.831993353036015e-11
4,5,8,6.999059472834917e-11
4,5,9,1.6485871976253707e-10
4,5,10,6.899967709193622e-11
4,6,1,6.574113828482957e-11
4,6,2,5.60828573651598e-9
4,6,3,6.54413733300253e-11
4,6,4,6.549046930087454e-11
4,6,5,6.686128128658952e-11
4,6,6,6.561938036171882e-11
4,6,7,2.896321925074027e-10
4,6,8,9.812794398787023e-11
4,6,9,6.531541668485087e-11
4,6,10,7.098491903001049e-6
4,7,1,7.03998279408448e-11
4,7,2,0.00024996719795840236
4,7,3,6.044184263367518e-11
4,7,4,6.039572559000805e-11
4,7,5,7.543009981218855e-11
4,7,6,6.995941664826785e-11
4,7,7,7.126846993659556e-5
4,7,8,6.249974374886815e-11
4,7,9,6.038567119941852e-11
4,7,10,0.0003391932846061227
4,8,1,6.473839291827039e-11
4,8,2,0.0001462193315072695
4,8,3,6.457536845263937e-11
4,8,4,6.257152339785493e-11
4,8,5,6.334901974251749e-11
4,8,6,6.25987416967727e-11
4,8,7,4.63581471764352e-10
4,8,8,0.01951441662443767
4,8,9,6.437704063691188e-11
4,8,10,6.410770083767782e-11
4,9,1,7.280837151209104e-11
4,9,2,0.0011267006781274466
4,9,3,6.969183816906456e-11
4,9,4,6.969192615885231e-11
4,9,5,0.0004404614849822797
4,9,6,7.861626692772494e-11
4,9,7,7.36743656142877e-11
4,9,8,7.79742592178082e-11
4,9,9,1.0192189132554277e-10
4,9,10,7.426585050133041e-11
4,10,1,8.647391680347508e-11
4,10,2,8.036475269261258e-11
4,10,3,8.686242480776595e-11
4,10,4,8.664654107958498e-11
4,10,5,7.912613766872977e-11
4,10,6,7.922478927401506e-11
4,10,7,8.828551680163041e-11
4,10,8,6.44479279605412e-10
4,10,9,8.639508109691769e-11
4,10,10,8.066004082271347e-11
4,11,1,9.13915788684511e-11
4,11,2,8.834671355433347e-11
4,11,3,9.155517859486378e-11
4,11,4,9.148552257165262e-11
4,11,5,9.194646860618068e-11
4,11,6,9.135562380183808e-11
4,11,7,9.273838919286864e-11
4,11,8,1.2150559702901942e-10
4,11,9,8.799839317762141e-11
4,11,10,9.363559709308828e-11
4,12,1,9.346501300770097e-11
4,12,2,9.438736658031009e-11
4,12,3,9.37332923649891e-11
4,12,4,9.366088865314721e-11
4,12,5,8.950747624613833e-11
4,12,6,8.973456326196848e-11
4,12,7,9.385788880921841e-11
4,12,8,1.0237446671547283e-10
4,12,9,9.357711237160729e-11
4,12,10,9.424195633496314e-11
4,13,1,9.343921024223741e-11
4,13,2,1.0788624360189518e-10
4,13,3,9.37172171375468e-11
4,13,4,9.364141675210141e-11
4,13,5,9.350524958988868e-11
4,13,6,9.334313479664248e-11
4,13,7,9.370622779413392e-11
4,13,8,9.660778317689156e-11
4,13,9,9.356273512923801e-11
4,13,10,9.418426742502897e-11
4,14,1,9.26320871883714e-11
4,14,2,9.339404081546739e-11
4,14,3,9.288802736378909e-11
4,14,4,9.282162967329643e-11
4,14,5,8.870813909557856e-11
4,14,6,9.241992525569889e-11
4,14,7,8.837884750191316e-11
4,14,8,1.0929586616637571e-10
4,14,9,9.273557353242544e-11
4,14,10,9.330273001322267e-11
4,15,1,8.757773651542672e-11
4,15,2,8.274500663325024e-11
4,15,3,8.843017433243861e-11
4,15,4,8.818395960705386e-11
4,15,5,8.158322687852665e-11
4,15,6,8.102012173164313e-11
4,15,7,8.217412297916917e-11
4,15,8,2.9216955581861156e-10
4,15,9,8.793836768866812e-11
4,15,10,8.230786371601922e-11
4,16,1,7.496183203427211e-11
4,16,2,7.446113665540568e-11
4,16,3,5.134254767707505e-10
4,16,4,4.925745701845784e-10
4,16,5,7.207379922837789e-11
4,16,6,7.152575297188318e-11
4,16,7,7.36299955241813e-11
4,16,8,7.451678810594193e-11
4,16,9,7.44339146618316e-11
4,16,10,7.764924679542997e-11
4,17,1,5.493340154817293e-11
4,17,2,0.00017923723538079323
4,17,3,1.2658349633588322e-10
4,17,4,9.749996605806917e-11
4,17,5,5.2769804536927827e-11
4,17,6,5.474939043134708e-11
4,17,7,0.0004203653588265975
4,17,8,0.0010168044001806539
4,17,9,5.261774741089525e-11
4,17,10,5.3510024085220223e-11
4,18,1,2.977559416739238e-5
4,18,2,3.229016921788719e-10
4,18,3,3.571696336794372e-5
4,18,4,3.5388623371445575e-5
4,18,5,3.770348570943611e-11
4,18,6,3.766583158372543e-11
4,18,7,4.523877954551667e-11
4,18,8,0.0007189678635821323
4,18,9,3.599368242895905e-11
4,18,10,2.3413989957323152e-5
4,19,1,6.900897678935289e-11
4,19,2,1.3309088608277838e-10
4,19,3,0.019159310074603503
4,19,4,6.232625506236859e-11
4,19,5,1.2818736352513366e-10
4,19,6,2.7177166682244493e-11
4,19,7,1.2675830791139486e-10
4,19,8,0.0005999508389947374
4,19,9,7.13462354921197e-11
4,19,10,1.0530855937503975e-10
4,20,1,5.968925223181142e-11
4,20,2,1.482918786574528e-10
4,20,3,1.4804057768240085e-10
4,20,4,5.973148935088059e-11
4,20,5,1.6478153011036292e-10
4,20,6,1.483359878551531e-10
4,20,7,1.4773380154369773e-10
4,20,8,1.7133798291453669e-10
4,20,9,6.307268733600625e-11
4,20,10,8.616471395108366e-11
4,21,1,3.0374546968673716e-11
4,21,2,0.0010023859469228233
4,21,3,3.1117544493291506e-11
4,21,4,3.1308077865024534e-11
4,21,5,6.758456923567622e-11
4,21,6,0.0010002403181368774
4,21,7,0.0010014986670317922
4,21,8,0.0009877747033785293
4,21,9,0.0009516993510118791
4,21,10,8.017685151966934e-5
4,22,1,1.717263761434642e-10
4,22,2,0.00022737191693526695
4,22,3,4.18593421742479e-11
4,22,4,4.099963917067164e-11
4,22,5,1.9130916581053217e-10
4,22,6,3.179700236487375e-10
4,22,7,4.2041648521628165e-11
4,22,8,0.0014025297789197035
4,22,9,4.10131884232507e-11
4,22,10,2.9097347194225133e-10
4,23,1,1.5023201505127438e-10
4,23,2,1.9774158628105907e-10
4,23,3,9.090804906152782e-11
4,23,4,4.980502409931966e-11
4,23,5,5.091978016289596e-11
4,23,6,2.564707417567256e-10
4,23,7,1.233197379167647e-10
4,23,8,0.001584202469958932
4,23,9,4.9794450225480394e-11
4,23,10,5.0111114481705203e-11
4,24,1,7.257082802090539e-11
4,24,2,1.1174885097805667e-10
4,24,3,7.617552329711655e-11
4,24,4,7.692615787827865e-11
4,24,5,7.308301301926162e-11
4,24,6,6.038635000904429e-11
4,24,7,7.537628541784416e-11
4,24,8,0.0016340171664374786
4,24,9,7.475616468908931e-11
4,24,10,1.0866545334515184e-10
5,1,1,0.00036009979440445857
5,1,2,0.000603602646952712
5,1,3,0.0003600997949399306
5,1,4,0.00036009979451273073
5,1,5,0.0003600997912519642
5,1,6,0.00036009980630957624
5,1,7,0.00036009979436117467
5,1,8,0.0032218453477700667
5,1,9,0.0003600997944507009
5,1,10,0.00036009979448561815
5,2,1,0.00036009983808889506
5,2,2,0.0003600997950502137
5,2,3,0.000360099795077359
5,2,4,0.00036009979398188275
5,2,5,0.000360099795085154
5,2,6,0.00036009979510722096
5,2,7,0.0003600998497167772
5,2,8,0.0003600997915462002
5,2,9,0.0003600998467985813
5,2,10,0.0003600998397306644
5,3,1,0.00036009982311871415
5,3,2,0.00036009981162827566
5,3,3,0.0003600997957005687
5,3,4,0.00036009981834371057
5,3,5,0.0003600998058784141
5,3,6,0.0003600997957075208
5,3,7,0.00036009980878217476
5,3,8,0.00036009977615285706
5,3,9,0.00036009981335478235
5,3,10,0.00036009980990187875
5,4,1,0.00036009981789425976
5,4,2,0.00036009981680905806
5,4,3,0.0003600998175150497
5,4,4,0.00036009981344504825
5,4,5,0.00036009981429728066
5,4,6,0.00036009980992942687
5,4,7,0.0003600997946095973
5,4,8,0.00036009977077791416
5,4,9,0.00036009981798345816
5,4,10,0.00036009979480699963
5,5,1,0.0003600998756583582
5,5,2,0.00036009979301193987
5,5,3,0.0003600997933828721
5,5,4,0.00036009979223147515
5,5,5,0.00036009979336181993
5,5,6,0.0003600998769874476
5,5,7,0.00036009979263253975
5,5,8,0.0003600997487692872
5,5,9,0.0003600998916240952
5,5,10,0.00036009977166645405
5,6,1,0.0003600997902163331
5,6,2,0.00036010548144747303
5,6,3,0.00036009978983653364
5,6,4,0.0003600997899276628
5,6,5,0.00036009979123749686
5,6,6,0.0003600997901130931
5,6,7,0.0003601000162036805
5,6,8,0.0003600997696048417
5,6,9,0.0003600997897002938
5,6,10,0.0003671170669197359
5,7,1,0.00036009979545409946
5,7,2,0.0006812273168749448
5,7,3,0.000360099784757863
5,7,4,0.0003600997846835685
5,7,5,0.00036009980094836407
5,7,6,0.00036009979468276454
5,7,7,0.00044010093231603873
5,7,8,0.00036009974588916815
5,7,9,0.00036009978470000605
5,7,10,0.0008119486300892799
5,8,1,0.00036009978953449156
5,8,2,0.0005347549064568838
5,8,3,0.0003600997889771444
5,8,4,0.0003600997868034887
5,8,5,0.00036009978761234466
5,8,6,0.0003600997868219274
5,8,7,0.0003601002002543629
5,8,8,0.030673667464755028
5,8,9,0.000360099788776991
5,8,10,0.0003600997456483652
5,9,1,0.00036009979741833683
5,9,2,0.002080529031495794
5,9,3,0.00036009979429486177
5,9,4,0.0003600997942626664
5,9,5,0.0009696328546079714
5,9,6,0.0003600998036628508
5,9,7,0.00036009979849711685
5,9,8,0.0003600997524266953
5,9,9,0.00036009982828602203
5,9,10,0.0003600997990102811
5,10,1,0.00036009981132911344
5,10,2,0.0003600998051038604
5,10,3,0.0003600998117691401
5,10,4,0.0003600998115822332
5,10,5,0.0003600998037718497
5,10,6,0.00036009980387624363
5,10,7,0.0003600998132545191
5,10,8,0.00036009997201760005
5,10,9,0.0003600998112418011
5,10,10,0.000360099805369508
5,11,1,0.00036009981638735
5,11,2,0.00036009981321013406
5,11,3,0.00036009981651910375
5,11,4,0.00036009981646577054
5,11,5,0.0003600998169316529
5,11,6,0.0003600998163304318
5,11,7,0.00036009981776935447
5,11,8,0.00036009984741795705
5,11,9,0.00036009981286392874
5,11,10,0.0003600998186879961
5,12,1,0.0003600998185231747
5,12,2,0.0003600998194777277
5,12,3,0.00036009981880800833
5,12,4,0.0003600998186601204
5,12,5,0.00036009981439247095
5,12,6,0.0003600998146634908
5,12,7,0.00036009981889035403
5,12,8,0.0003600998275788425
5,12,9,0.0003600998186140853
5,12,10,0.0003600998192513737
5,13,1,0.0003600998184583749
5,13,2,0.0003600998333871723
5,13,3,0.00036009981876850255
5,13,4,0.0003600998186653167
5,13,5,0.00036009981852709035
5,13,6,0.00036009981837515086
5,13,7,0.0003600998187783618
5,13,8,0.00036009982171114515
5,13,9,0.00036009981858835043
5,13,10,0.0003600998192043136
5,14,1,0.0003600998176323114
5,14,2,0.0003600998184436974
5,14,3,0.00036009981788079717
5,14,4,0.00036009981784621394
5,14,5,0.0003600998135751812
5,14,6,0.00036009981740760277
5,14,7,0.00036009981320753875
5,14,8,0.0003600998349373993
5,14,9,0.00036009981772494836
5,14,10,0.0003600998183484422
5,15,1,0.0003600998127095432
5,15,2,0.00036009980749049413
5,15,3,0.0003600998136403364
5,15,4,0.0003600998133416074
5,15,5,0.00036009980619424944
5,15,6,0.00036009980565898696
5,15,7,0.00036009980692124625
5,15,8,0.00036010002147176867
5,15,9,0.0003600998130471146
5,15,10,0.0003600998069911623
5,16,1,0.0003600997998052548
5,16,2,0.0003600997991100907
5,16,3,0.00036010024356661417
5,16,4,0.0003601002297831258
5,16,5,0.00036009979730701886
5,16,6,0.0003600997966842728
5,16,7,0.00036009979815425337
5,16,8,0.00036009975072558907
5,16,9,0.00036009979967863593
5,16,10,0.00036009980247151405
5,17,1,0.00036009977951864734
5,17,2,0.0005772154985344174
5,17,3,0.0003600998529448135
5,17,4,0.0003600998229679489
5,17,5,0.00036009977681199386
5,17,6,0.0003600997794488684
5,17,7,0.0009393630151457563
5,17,8,0.001883438111373
5,17,9,0.00036009977669542104
5,17,10,0.00036009974268481134
5,18,1,0.000392001228701013
5,18,2,0.0003600998560763721
5,18,3,0.0003985895389147145
5,18,4,0.0003982091611347212
5,18,5,0.0003600997616671688
5,18,6,0.000360099761703875
5,18,7,0.000360099737658739
5,18,8,0.0014559683766254465
5,18,9,0.00036009975970151113
5,18,10,0.00038241511761157834
5,19,1,0.00036009979349799204
5,19,2,0.00036009977292822566
5,19,3,0.029815405151453478
5,19,4,0.00036009978644449845
5,19,5,0.0003600997582467096
5,19,6,0.0003600997322090467
5,19,7,0.00036009977550661255
5,19,8,0.0012117941023800677
5,19,9,0.00036009979580433547
5,19,10,0.0003600997692449643
5,20,1,0.00036009978406249474
5,20,2,0.0003600997801977416
5,20,3,0.0003600997720035417
5,20,4,0.00036009978416612896
5,20,5,0.0003600997790347433
5,20,6,0.0003600997943072754
5,20,7,0.0003600997842880571
5,20,8,0.00036009978617046034
5,20,9,0.0003600997876092126
5,20,10,0.00036009975560350783
5,21,1,0.0003600997538254498
5,21,2,0.0018354177600402289
5,21,3,0.00036009975551808945
5,21,4,0.0003600997549624909
5,21,5,0.00036009980706144476
5,21,6,0.0018336993255993535
5,21,7,0.0018349549845134996
5,21,8,0.0018390063648638735
5,21,9,0.001807113291722985
5,21,10,0.0004507531820640912
5,22,1,0.0003600998989733565
5,22,2,0.0006454700543746258
5,22,3,0.00036009976588971033
5,22,4,0.0003600997647526328
5,22,5,0.0003600999244028097
5,22,6,0.0003600998420388154
5,22,7,0.000360099739017796
5,22,8,0.002547471616879932
5,22,9,0.0003600997647660163
5,22,10,0.00036009984632646297
5,23,1,0.000360099877539695
5,23,2,0.00036009981981782
5,23,3,0.0003600998161932007
5,23,4,0.00036009977377862425
5,23,5,0.00036009977518801806
5,23,6,0.00036009983364007446
5,23,7,0.00036009984907021746
5,23,8,0.0028512243749353374
5,23,9,0.00036009977377974417
5,23,10,0.00036009974117456184
5,24,1,0.00036009979699962467
5,24,2,0.00036009976624305366
5,24,3,0.0003600998006465113
5,24,4,0.0003600998015154588
5,24,5,0.0003600997983731374
5,24,6,0.0003600997848806821
5,24,7,0.0003600998000664181
5,24,8,0.0028527027579931447
5,24,9,0.0003600997992908649
5,24,10,0.0003600997737366296
6,1,1,6.41263290217568e-5
6,1,2,0.0003555495781746835
6,1,3,6.412632952159433e-5
6,1,4,6.412632913913136e-5
6,1,5,6.412632619183108e-5
6,1,6,6.412634086549486e-5
6,1,7,6.412632898133079e-5
6,1,8,0.0030048218457032743
6,1,9,6.412632914043072e-5
6,1,10,6.412632912533059e-5
6,2,1,6.412637250746648e-5
6,2,2,6.412632994432772e-5
6,2,3,6.412632991408378e-5
6,2,4,6.412632886094576e-5
6,2,5,6.412632994420789e-5
6,2,6,6.412632994788857e-5
6,2,7,6.412638396680841e-5
6,2,8,6.412632734476497e-5
6,2,9,6.412638107711442e-5
6,2,10,6.412637409485087e-5
6,3,1,6.412635751481615e-5
6,3,2,6.412634633910154e-5
6,3,3,6.412633058431375e-5
6,3,4,6.41263530582437e-5
6,3,5,6.412634060956089e-5
6,3,6,6.41263305666818e-5
6,3,7,6.412634349486564e-5
6,3,8,6.412631149703151e-5
6,3,9,6.412634800691737e-5
6,3,10,6.412634459549793e-5
6,4,1,6.412635265259983e-5
6,4,2,6.412635147092463e-5
6,4,3,6.412635218875513e-5
6,4,4,6.412634800443214e-5
6,4,5,6.412634799823005e-5
6,4,6,6.412634429447967e-5
6,4,7,6.412632952083289e-5
6,4,8,6.412630648843535e-5
6,4,9,6.41263526339544e-5
6,4,10,6.412632972916792e-5
6,5,1,6.412640969531981e-5
6,5,2,6.412632883293399e-5
6,5,3,6.412632824425804e-5
6,5,4,6.412632717686552e-5
6,5,5,6.412632820819058e-5
6,5,6,6.412641095588936e-5
6,5,7,6.412632753956131e-5
6,5,8,6.412628443510918e-5
6,5,9,6.41264255701556e-5
6,5,10,6.412628986580762e-5
6,6,1,6.412632530976592e-5
6,6,2,6.413198560244596e-5
6,6,3,6.412632495388447e-5
6,6,4,6.412632500763513e-5
6,6,5,6.41263268862861e-5
6,6,6,6.412632517444073e-5
6,6,7,6.412655381989671e-5
6,6,8,6.412630268292831e-5
6,6,9,6.412632481007696e-5
6,6,10,7.120126650195753e-5
6,7,1,6.412632999446549e-5
6,7,2,0.0004393925369707915
6,7,3,6.412631956748074e-5
6,7,4,6.412631952952162e-5
6,7,5,6.412633651835457e-5
6,7,6,6.412632961940283e-5
6,7,7,0.00016032820759293367
6,7,8,6.41262816329872e-5
6,7,9,6.412631950664036e-5
6,7,10,0.0005795086911062653
6,8,1,6.412632415451453e-5
6,8,2,0.0002764211122149158
6,8,3,6.412632380465663e-5
6,8,4,6.412632174807016e-5
6,8,5,6.41263225471734e-5
6,8,6,6.412632176853178e-5
6,8,7,6.412673094885448e-5
6,8,8,0.02986359641395418
6,8,9,6.412632358182562e-5
6,8,10,6.412628121581095e-5
6,9,1,6.412633202786973e-5
6,9,2,0.0018639893641857373
6,9,3,6.412632897622289e-5
6,9,4,6.412632898010772e-5
6,9,5,0.0007439092186773765
6,9,6,6.412633827722401e-5
6,9,7,6.412633300635467e-5
6,9,8,6.412628809219179e-5
6,9,9,6.412636280544448e-5
6,9,10,6.412633362136232e-5
6,10,1,6.412634601114061e-5
6,10,2,6.412633954873975e-5
6,10,3,6.412634639762051e-5
6,10,4,6.412634617681885e-5
6,10,5,6.41263385367387e-5
6,10,6,6.412633863304793e-5
6,10,7,6.412634783658334e-5
6,10,8,6.412650568172225e-5
6,10,9,6.412634593263748e-5
6,10,10,6.412634004988872e-5
6,11,1,6.412635098798873e-5
6,11,2,6.412634789512937e-5
6,11,3,6.412635115956901e-5
6,11,4,6.412635108936158e-5
6,11,5,6.412635156069539e-5
6,11,6,6.412635094631216e-5
6,11,7,6.41263523582032e-5
6,11,8,6.412638151959589e-5
6,11,9,6.412634754473132e-5
6,11,10,6.412635327605185e-5
6,12,1,6.412635308400344e-5
6,12,2,6.412635404111025e-5
6,12,3,6.412635337089142e-5
6,12,4,6.412635328309038e-5
6,12,5,6.412634906351776e-5
6,12,6,6.412634930430516e-5
6,12,7,6.412635349096511e-5
6,12,8,6.412636214230679e-5
6,12,9,6.412635320921737e-5
6,12,10,6.412635389624432e-5
6,13,1,6.412635306466902e-5
6,13,2,6.412636783482221e-5
6,13,3,6.412635335672591e-5
6,13,4,6.412635326764463e-5
6,13,5,6.412635312166165e-5
6,13,6,6.412635296951852e-5
6,13,7,6.412635334320097e-5
6,13,8,6.412635629925695e-5
6,13,9,6.412635318587467e-5
6,13,10,6.412635383800984e-5
6,14,1,6.412635223131249e-5
6,14,2,6.412635303407391e-5
6,14,3,6.412635249727599e-5
6,14,4,6.412635243752649e-5
6,14,5,6.412634825262394e-5
6,14,6,6.41263520169798e-5
6,14,7,6.41263479078539e-5
6,14,8,6.412636917153154e-5
6,14,9,6.412635233937755e-5
6,14,10,6.412635293979496e-5
6,15,1,6.412634711974717e-5
6,15,2,6.412634220069324e-5
6,15,3,6.412634798367035e-5
6,15,4,6.412634772304632e-5
6,15,5,6.412634100311191e-5
6,15,6,6.41263404432775e-5
6,15,7,6.412634162960152e-5
6,15,8,6.412655503714122e-5
6,15,9,6.412634749433965e-5
6,15,10,6.412634177324088e-5
6,16,1,6.412633464660584e-5
6,16,2,6.412633376428481e-5
6,16,3,6.412677063754141e-5
6,16,4,6.412675706164356e-5
6,16,5,6.412633210907432e-5
6,16,6,6.412633154657474e-5
6,16,7,6.412633294292113e-5
6,16,8,6.41262862768763e-5
6,16,9,6.412633448464297e-5
6,16,10,6.412633888200806e-5
6,17,1,6.412631450550594e-5
6,17,2,0.00032519976152334257
6,17,3,6.412638761798831e-5
6,17,4,6.41263576516952e-5
6,17,5,6.412631182463273e-5
6,17,6,6.412631400012736e-5
6,17,7,0.000712012805904466
6,17,8,0.0016709794732245125
6,17,9,6.412631169430538e-5
6,17,10,6.412627821103144e-5
6,18,1,9.997794124155355e-5
6,18,2,6.412639924157615e-5
6,18,3,0.0001082191201833215
6,18,4,0.00010773793090321522
6,18,5,6.412629719248516e-5
6,18,6,6.412629688913632e-5
6,18,7,6.412627698131464e-5
6,18,8,0.0012427588024656823
6,18,9,6.412629473180799e-5
6,18,10,8.899620937822716e-5
6,19,1,6.41263284619456e-5
6,19,2,6.412630828063387e-5
6,19,3,0.029055946121027063
6,19,4,6.412632161053459e-5
6,19,5,6.412630458699773e-5
6,19,6,6.41262683305632e-5
6,19,7,6.412631119424958e-5
6,19,8,0.0009963478210371817
6,19,9,6.412633077122087e-5
6,19,10,6.412630455794365e-5
6,20,1,6.412631884392865e-5
6,20,2,6.412631532612058e-5
6,20,3,6.412631438670847e-5
6,20,4,6.412631928549801e-5
6,20,5,6.412631964470171e-5
6,20,6,6.41263293032676e-5
6,20,7,6.412632008555566e-5
6,20,8,6.412632186006136e-5
6,20,9,6.412632249425511e-5
6,20,10,6.412629074517391e-5
6,21,1,6.412628900721207e-5
6,21,2,0.0016211617494689362
6,21,3,6.412629071250233e-5
6,21,4,6.412629017428375e-5
6,21,5,6.412632062029126e-5
6,21,6,0.0016197341674356294
6,21,7,0.0016207294305901664
6,21,8,0.0016239205569488905
6,21,9,0.0015921744000401473
6,21,10,0.0001738627357969907
6,22,1,6.412643312886338e-5
6,22,2,0.0004017825564924962
6,22,3,6.412630080911343e-5
6,22,4,6.412629991319287e-5
6,22,5,6.412645850119848e-5
6,22,6,6.41263801091966e-5
6,22,7,6.41262751246613e-5
6,22,8,0.002324881568251716
6,22,9,6.412629992209954e-5
6,22,10,6.412638139232173e-5
6,23,1,6.412641165675347e-5
6,23,2,6.412635449918705e-5
6,23,3,6.412635094900162e-5
6,23,4,6.412630884206836e-5
6,23,5,6.412630994972606e-5
6,23,6,6.412634306258268e-5
6,23,7,6.412638366833045e-5
6,23,8,0.0026356273895894585
6,23,9,6.412630882860031e-5
6,23,10,6.412627687774078e-5
6,24,1,6.412633181274338e-5
6,24,2,6.412630224721452e-5
6,24,3,6.41263353637168e-5
6,24,4,6.412633626435309e-5
6,24,5,6.412633306956678e-5
6,24,6,6.412631969225761e-5
6,24,7,6.412633491337847e-5
6,24,8,0.002638589839254015
6,24,9,6.412633406530716e-5
6,24,10,6.41263090855453e-5
7,1,1,0.0004905965613589014
7,1,2,0.0007156024334945973
7,1,3,0.0004905965598341389
7,1,4,0.0004905965607509764
7,1,5,0.000490596558805384
7,1,6,0.0004905965710576929
7,1,7,0.0004905965609770933
7,1,8,0.003249370699224746
7,1,9,0.0004905965613935319
7,1,10,0.0004905965604784434
7,2,1,0.0004905965937047355
7,2,2,0.0004905965625122246
7,2,3,0.0004905965620894672
7,2,4,0.0004905965615122674
7,2,5,0.0004905965620977679
7,2,6,0.0004905965619671187
7,2,7,0.000490596605793579
7,2,8,0.0004905965326516046
7,2,9,0.0004905966020396878
7,2,10,0.0004905965948830275
7,3,1,0.0004905965877569422
7,3,2,0.0004905965774429833
7,3,3,0.0004905965631862449
7,3,4,0.0004905965838850601
7,3,5,0.0004905965715083373
7,3,6,0.0004905965623203484
7,3,7,0.0004905965741178801
7,3,8,0.0004905965410520261
7,3,9,0.0004905965794073202
7,3,10,0.0004905965753108698
7,4,1,0.0004905965833807852
7,4,2,0.0004905965835709872
7,4,3,0.0004905965821176902
7,4,4,0.0004905965794504729
7,4,5,0.0004905965732113216
7,4,6,0.0004905965755997705
7,4,7,0.0004905965618998887
7,4,8,0.0004905965382576665
7,4,9,0.0004905965827582777
7,4,10,0.0004905965618602983
7,5,1,0.0004905966236796152
7,5,2,0.0004905966740525749
7,5,3,0.0004905965606051959
7,5,4,0.0004905965599784394
7,5,5,0.000490596560637192
7,5,6,0.0004905966248094953
7,5,7,0.0004905965605124521
7,5,8,0.000490596516602523
7,5,9,0.000490596638821261
7,5,10,0.0004905965368858826
7,6,1,0.0004905965577123598
7,6,2,0.0004906020883865204
7,6,3,0.0004905965570048464
7,6,4,0.0004905965564641254
7,6,5,0.0004905965462737319
7,6,6,0.0004905965569894378
7,6,7,0.0004905969070104727
7,6,8,0.0004905965317932231
7,6,9,0.000490596556936638
7,6,10,0.0004973378769700141
7,7,1,0.0004905965607451355
7,7,2,0.0007888394264013046
7,7,3,0.0004905965515484152
7,7,4,0.0004905965513843362
7,7,5,0.0004905965513479736
7,7,6,0.0004905965613097312
7,7,7,0.0005660019192875802
7,7,8,0.0004905965144015536
7,7,9,0.0004905965516044068
7,7,10,0.0009115474843772143
7,8,1,0.0004905965560122982
7,8,2,0.0006469104033633112
7,8,3,0.0004905965562208885
7,8,4,0.0004905965543619056
7,8,5,0.0004905965547869392
7,8,6,0.0004905965540146019
7,8,7,0.0004905968845639239
7,8,8,0.032209502780752484
7,8,9,0.0004905965558204442
7,8,10,0.0004905965137851618
7,9,1,0.0004905965636925254
7,9,2,0.002186117081715707
7,9,3,0.0004905965606829707
7,9,4,0.00049059656031762
7,9,5,0.00106144671931852
7,9,6,0.000490596566483914
7,9,7,0.0004905965643248937
7,9,8,0.0004905965166903847
7,9,9,0.0004905965387781041
7,9,10,0.0004905965653106607
7,10,1,0.000490596576995193
7,10,2,0.0004905965706020724
7,10,3,0.0004905965775787649
7,10,4,0.0004905965766535144
7,10,5,0.0004905965701732834
7,10,6,0.0004905965701893562
7,10,7,0.0004905965781951766
7,10,8,0.0004905967214878425
7,10,9,0.0004905965768434881
7,10,10,0.0004905965723697705
7,11,1,0.0004905965816367541
7,11,2,0.000490596578812123
7,11,3,0.0004905965818822131
7,11,4,0.0004905965815016697
7,11,5,0.0004905965823147518
7,11,6,0.0004905965815138898
7,11,7,0.0004905965821787436
7,11,8,0.0004905965926319633
7,11,9,0.0004905965784789765
7,11,10,0.0004905965821123542
7,12,1,0.000490596583054899
7,12,2,0.0004905965841902642
7,12,3,0.000490596584053727
7,12,4,0.0004905965828533223
7,12,5,0.0004905965807151829
7,12,6,0.0004905965799296704
7,12,7,0.0004905965839430808
7,12,8,0.000490596572327887
7,12,9,0.0004905965832312606
7,12,10,0.0004905965846080933
7,13,1,0.0004905965843238282
7,13,2,0.000490596477011474
7,13,3,0.000490596584017684
7,13,4,0.0004905965836552379
7,13,5,0.000490596583815794
7,13,6,0.0004905965835879962
7,13,7,0.0004905965837751819
7,13,8,0.0004905965853101191
7,13,9,0.0004905965832203798
7,13,10,0.0004905965844541573
7,14,1,0.0004905965828363755
7,14,2,0.000490596583260485
7,14,3,0.0004905965831904564
7,14,4,0.0004905965825047062
7,14,5,0.000490596579841993
7,14,6,0.0004905965822138577
7,14,7,0.0004905965800839361
7,14,8,0.000490596571895742
7,14,9,0.0004905965820954292
7,14,10,0.0004905965831050265
7,15,1,0.0004905965771793194
7,15,2,0.0004905965740432223
7,15,3,0.0004905965788418324
7,15,4,0.0004905965780590321
7,15,5,0.0004905965727942321
7,15,6,0.0004905965723084274
7,15,7,0.0004905965734792424
7,15,8,0.0004905967658109773
7,15,9,0.0004905965780380218
7,15,10,0.0004905965738897246
7,16,1,0.0004905965658930924
7,16,2,0.0004905965659507857
7,16,3,0.0004905969221107156
7,16,4,0.0004905969067757744
7,16,5,0.0004905965641366945
7,16,6,0.0004905965637709737
7,16,7,0.0004905965645089371
7,16,8,0.0004905965185552398
7,16,9,0.000490596566319902
7,16,10,0.0004905965660244938
7,17,1,0.0004905965468765898
7,17,2,0.0006912946581458747
7,17,3,0.0004905966127231151
7,17,4,0.0004905965831331753
7,17,5,0.0004905965449329069
7,17,6,0.0004905965468462865
7,17,7,0.0010317541603907482
7,17,8,0.001945434709186888
7,17,9,0.0004905965444271409
7,17,10,0.0004905965111762938
7,18,1,0.0005211529974002278
7,18,2,0.0004905965677644475
7,18,3,0.0005271583161097028
7,18,4,0.0005267655713060966
7,18,5,0.0004905965300945503
7,18,6,0.0004905965289456948
7,18,7,0.0004905965064511196
7,18,8,0.001502525557330298
7,18,9,0.0004905965283476412
7,18,10,0.0005119791694440031
7,19,1,0.0004905965604633758
7,19,2,0.0004905965396186929
7,19,3,0.031011747291319648
7,19,4,0.0004905965509948094
7,19,5,0.0004905965265279423
7,19,6,0.0004905965023448193
7,19,7,0.000490596540414031
7,19,8,0.001289601811203194
7,19,9,0.0004905965609866247
7,19,10,0.0004905965359548787
7,20,1,0.0004905965497671009
7,20,2,0.0004905965434628405
7,20,3,0.0004905965356596574
7,20,4,0.0004905965484686445
7,20,5,0.0004905965442137248
7,20,6,0.0004905965593144632
7,20,7,0.0004905965486316135
7,20,8,0.0004905965505863043
7,20,9,0.0004905965514729126
7,20,10,0.0004905965187263195
7,21,1,0.0004905965230720704
7,21,2,0.0018931764166586465
7,21,3,0.0004905965247571555
7,21,4,0.0004905965239351085
7,21,5,0.0004905965578338332
7,21,6,0.001896126581251259
7,21,7,0.0018923062110593504
7,21,8,0.001892934645819523
7,21,9,0.0018692990691395242
7,21,10,0.0005757317297772926
7,22,1,0.0004905966532825674
7,22,2,0.0007543654312503798
7,22,3,0.0004905965334376503
7,22,4,0.0004905965333727424
7,22,5,0.0004905966810417217
7,22,6,0.000490596598439716
7,22,7,0.0004905965076449089
7,22,8,0.002593726508633629
7,22,9,0.000490596533139897
7,22,10,0.0004905966034784228
7,23,1,0.0004905966387931707
7,23,2,0.0004905965812625638
7,23,3,0.0004905965775864206
7,23,4,0.0004905965417509326
7,23,5,0.000490596543159067
7,23,6,0.0004905965957741628
7,23,7,0.0004905966109609572
7,23,8,0.002888395220341018
7,23,9,0.0004905965425411796
7,23,10,0.000490596509738492
7,24,1,0.0004905965641825472
7,24,2,0.0004905965331153092
7,24,3,0.0004905965674819697
7,24,4,0.000490596568452449
7,24,5,0.0004905965655284393
7,24,6,0.000490596552380043
7,24,7,0.0004905965661052671
7,24,8,0.0029005457749789595
7,24,9,0.0004905965653253081
7,24,10,0.0004905965389302696
8,1,1,0.00026483037665176725
8,1,2,0.0005188196858548937
8,1,3,0.00026483037707884696
8,1,4,0.0002648303766367736
8,1,5,0.000264830373651024
8,1,6,0.00026483038873487526
8,1,7,0.0002648303766254792
8,1,8,0.0031663581522161596
8,1,9,0.00026483037689094057
8,1,10,0.00026483037701403574
8,2,1,0.00026483042080383516
8,2,2,0.0002648303776932521
8,2,3,0.0002648303774528804
8,2,4,0.00026483037625961117
8,2,5,0.0002648303777407632
8,2,6,0.00026483037782051573
8,2,7,0.00026483043244990615
8,2,8,0.0002648303753920389
8,2,9,0.0002648304294882049
8,2,10,0.00026483042230643605
8,3,1,0.0002648304055903423
8,3,2,0.0002648303942614426
8,3,3,0.0002648303782556349
8,3,4,0.00026483040117081556
8,3,5,0.00026483038843550346
8,3,6,0.0002648303779598318
8,3,7,0.0002648303910817314
8,3,8,0.0002648303592743037
8,3,9,0.000264830396037604
8,3,10,0.0002648303923466123
8,4,1,0.00026483040060145877
8,4,2,0.0002648303995130073
8,4,3,0.0002648304002248133
8,4,4,0.0002648303958348433
8,4,5,0.0002648303946913937
8,4,6,0.00026483039235434793
8,4,7,0.0002648303771051864
8,4,8,0.0002648303538927323
8,4,9,0.0002648304004488412
8,4,10,0.00026483037732194937
8,5,1,0.00026483045867652636
8,5,2,0.00026483050912983434
8,5,3,0.0002648303758228586
8,5,4,0.000264830374671959
8,5,5,0.00026483037570576546
8,5,6,0.00026483045964214235
8,5,7,0.0002648303750656604
8,5,8,0.0002648303314571885
8,5,9,0.0002648304746752292
8,5,10,0.00026483034241783716
8,6,1,0.00026483037260475675
8,6,2,0.0002648360937519904
8,6,3,0.0002648303724003016
8,6,4,0.0002648303725470399
8,6,5,0.0002648303733350076
8,6,6,0.0002648303725942792
8,6,7,0.0002648306174771241
8,6,8,0.00026483035269077244
8,6,9,0.0002648303722573245
8,6,10,0.00027179703031798234
8,7,1,0.0002648303779007698
8,7,2,0.0005996076183396498
8,7,3,0.00026483036688060345
8,7,4,0.00026483036691750395
8,7,5,0.000264830383636878
8,7,6,0.00026483037776152586
8,7,7,0.0003472977040398134
8,7,8,0.0002648303285775726
8,7,9,0.0002648303667951357
8,7,10,0.0007346181163446471
8,8,1,0.0002648303719095695
8,8,2,0.0004420044055617415
8,8,3,0.00026483037140725296
8,8,4,0.00026483036919880084
8,8,5,0.0002648303700258281
8,8,6,0.0002648303692667124
8,8,7,0.0002648307857391347
8,8,8,0.03151562808222515
8,8,9,0.00026483037127650945
8,8,10,0.0002648303282837083
8,9,1,0.0002648303796829973
8,9,2,0.002019289258750978
8,9,3,0.00026483037648226753
8,9,4,0.0002648303763961294
8,9,5,0.0008959072555163017
8,9,6,0.0002648303860255854
8,9,7,0.00026483038099270806
8,9,8,0.0002648303349533906
8,9,9,0.00026483041112178437
8,9,10,0.00026483038140776043
8,10,1,0.00026483039376303083
8,10,2,0.000264830387606034
8,10,3,0.00026483039433194977
8,10,4,0.0002648303938164034
8,10,5,0.0002648303862213079
8,10,6,0.0002648303862659762
8,10,7,0.0002648303957243055
8,10,8,0.00026483056130461474
8,10,9,0.0002648303938034583
8,10,10,0.0002648303877394853
8,11,1,0.00026483039888140086
8,11,2,0.00026483039577572857
8,11,3,0.0002648303989751503
8,11,4,0.0002648303989003065
8,11,5,0.00026483039943867747
8,11,6,0.0002648303987106082
8,11,7,0.0002648304001954251
8,11,8,0.0002648304299587498
8,11,9,0.00026483039524697325
8,11,10,0.00026483040120779254
8,12,1,0.0002648304009387609
8,12,2,0.00026483040198487293
8,12,3,0.0002648304013211875
8,12,4,0.0002648304011570454
8,12,5,0.0002648303968858012
8,12,6,0.00026483039718093156
8,12,7,0.00026483040152276347
8,12,8,0.0002648304100905273
8,12,9,0.0002648304012079704
8,12,10,0.00026483040188356237
8,13,1,0.0002648304009636785
8,13,2,0.0002648304160080402
8,13,3,0.0002648304012506189
8,13,4,0.000264830401305932
8,13,5,0.00026483040121812613
8,13,6,0.0002648304009370199
8,13,7,0.0002648304012136018
8,13,8,0.0002648304042842814
8,13,9,0.00026483040128518
8,13,10,0.0002648304018929973
8,14,1,0.00026483040023518156
8,14,2,0.0002648304009811044
8,14,3,0.00026483040025167726
8,14,4,0.00026483040032132516
8,14,5,0.0002648303960802944
8,14,6,0.00026483040004707714
8,14,7,0.0002648303955962852
8,14,8,0.0002648304176053782
8,14,9,0.00026483040034894087
8,14,10,0.0002648304009355744
8,15,1,0.0002648303949149429
8,15,2,0.0002648303898521156
8,15,3,0.0002648303958653677
8,15,4,0.00026483039580732384
8,15,5,0.0002648303887710152
8,15,6,0.00026483038824174845
8,15,7,0.00026483038936961486
8,15,8,0.0002648306055417339
8,15,9,0.00026483039532105397
8,15,10,0.00026483038960228833
8,16,1,0.0002648303822629844
8,16,2,0.00026483038144271094
8,16,3,0.0002648308280904428
8,16,4,0.00026483081384304853
8,16,5,0.0002648303798255042
8,16,6,0.00026483037920735315
8,16,7,0.0002648303805160764
8,16,8,0.00026483033323635786
8,16,9,0.00026483038214269246
8,16,10,0.00026483038497326396
8,17,1,0.00026483036188242406
8,17,2,0.0004910219520162183
8,17,3,0.0002648304358139225
8,17,4,0.00026483040560440366
8,17,5,0.000264830359212944
8,17,6,0.0002648303616730872
8,17,7,0.000864998815934313
8,17,8,0.0018235286238241866
8,17,9,0.0002648303590708966
8,17,10,0.0002648303250904449
8,18,1,0.0002972609875591253
8,18,2,0.0002648304419917863
8,18,3,0.0003040556770859892
8,18,4,0.00030366578591851045
8,18,5,0.00026483034406603404
8,18,6,0.0002648303439925929
8,18,7,0.0002648303236847843
8,18,8,0.0013904033498122084
8,18,9,0.0002648303416610174
8,18,10,0.00028709651053321925
8,19,1,0.0002648303757801466
8,19,2,0.0002648303555928119
8,19,3,0.030546832108105326
8,19,4,0.000264830369053991
8,19,5,0.0002648303505471645
8,19,6,0.0002648303149435921
8,19,7,0.00026483035916503584
8,19,8,0.0011431421836188122
8,19,9,0.00026483037831792226
8,19,10,0.00026483035144715374
8,20,1,0.0002648303664795369
8,20,2,0.000264830362404596
8,20,3,0.0002648303621812418
8,20,4,0.0002648303666668365
8,20,5,0.00026483036694904875
8,20,6,0.00026483036609881204
8,20,7,0.0002648303687174778
8,20,8,0.0002648303696509894
8,20,9,0.0002648303701351489
8,20,10,0.00026483033327321704
8,21,1,0.0002648303360171282
8,21,2,0.001772629637994716
8,21,3,0.00026483033771996573
8,21,4,0.00026483033719191005
8,21,5,0.0002648303696576455
8,21,6,0.0017818424230081926
8,21,7,0.0017719065343893984
8,21,8,0.0017681517424640732
8,21,9,0.001744469292355901
8,21,10,0.0003581382853755128
8,22,1,0.0002648304820611803
8,22,2,0.0005623589439563923
8,22,3,0.00026483034810697155
8,22,4,0.00026483034709410674
8,22,5,0.00026483050762829343
8,22,6,0.00026483043187424
8,22,7,0.00026483032209156373
8,22,8,0.0024777044792626186
8,22,9,0.00026483034704231375
8,22,10,0.0002648304861773192
8,23,1,0.0002648304604540998
8,23,2,0.00026483038771598516
8,23,3,0.0002648303987493583
8,23,4,0.0002648303561372586
8,23,5,0.0002648303574668535
8,23,6,0.00026483039992884386
8,23,7,0.0002648304318269304
8,23,8,0.002792166576935519
8,23,9,0.0002648303561987161
8,23,10,0.0002648303240885223
8,24,1,0.00026483037947424735
8,24,2,0.0002648303504685345
8,24,3,0.0002648303830516043
8,24,4,0.00026483038381073566
8,24,5,0.0002648303807163635
8,24,6,0.00026483036712838127
8,24,7,0.000264830382798552
8,24,8,0.0027985614849834082
8,24,9,0.0002648303817815946
8,24,10,0.0002648303417720983
9,1,1,5.04656880850808e-5
9,1,2,0.0003456871915351598
9,1,3,5.04656885705483e-5
9,1,4,5.046568817314651e-5
9,1,5,5.046568525095579e-5
9,1,6,5.046570011008264e-5
9,1,7,5.046568804373736e-5
9,1,8,0.0030225211209621307
9,1,9,5.046568820079745e-5
9,1,10,5.046568819759781e-5
9,2,1,5.046573201209814e-5
9,2,2,5.046568901196644e-5
9,2,3,5.0465688996040816e-5
9,2,4,5.0465687932009113e-5
9,2,5,5.046568902607586e-5
9,2,6,5.0465689021890086e-5
9,2,7,5.046574357932e-5
9,2,8,5.046568659880744e-5
9,2,9,5.046574065761468e-5
9,2,10,5.046573367639743e-5
9,3,1,5.046571682518387e-5
9,3,2,5.046570554194575e-5
9,3,3,5.046568967574012e-5
9,3,4,5.046571231331828e-5
9,3,5,5.0465699764911596e-5
9,3,6,5.0465689658114314e-5
9,3,7,5.046570267641291e-5
9,3,8,5.046567051285201e-5
9,3,9,5.0465707221835475e-5
9,3,10,5.046570380254685e-5
9,4,1,5.046571190879379e-5
9,4,2,5.0465710443597146e-5
9,4,3,5.046571139786397e-5
9,4,4,5.046570723915037e-5
9,4,5,5.0465707374662974e-5
9,4,6,5.046570349783526e-5
9,4,7,5.046568862061409e-5
9,4,8,5.046566527858002e-5
9,4,9,5.0465711878397226e-5
9,4,10,5.046568881780001e-5
9,5,1,5.046576949621228e-5
9,5,2,5.046581994697353e-5
9,5,3,5.046568730731602e-5
9,5,4,5.0465686242081896e-5
9,5,5,5.046568728415013e-5
9,5,6,5.0465770772777186e-5
9,5,7,5.046568660627777e-5
9,5,8,5.04656432271001e-5
9,5,9,5.046578551198313e-5
9,5,10,5.0465648501550676e-5
9,6,1,5.046568435817706e-5
9,6,2,5.047139715961039e-5
9,6,3,5.046568400188924e-5
9,6,4,5.0465684055993015e-5
9,6,5,5.0465686208636435e-5
9,6,6,5.0465684224124704e-5
9,6,7,5.046591426744521e-5
9,6,8,5.0465662626505076e-5
9,6,9,5.0465683865145216e-5
9,6,10,5.7719397641784294e-5
9,7,1,5.046568913604772e-5
9,7,2,0.0004334872223229482
9,7,3,5.046567857181259e-5
9,7,4,5.046567853346616e-5
9,7,5,5.046569571045501e-5
9,7,6,5.046568884191385e-5
9,7,7,0.00015030994374403962
9,7,8,5.046564040536985e-5
9,7,9,5.046567851479081e-5
9,7,10,0.0005753576076481913
9,8,1,5.046568320119329e-5
9,8,2,0.00026767914606330663
9,8,3,5.046568280369305e-5
9,8,4,5.046568077340148e-5
9,8,5,5.0465681569267305e-5
9,8,6,5.046568079492752e-5
9,8,7,5.0466093244515226e-5
9,8,8,0.03190425315081823
9,8,9,5.04656825682428e-5
9,8,10,5.046563988798025e-5
9,9,1,5.046569113712727e-5
9,9,2,0.001871684214964713
9,9,3,5.0465688028469456e-5
9,9,4,5.046568802340483e-5
9,9,5,0.0007407932795099525
9,9,6,5.0465697514825675e-5
9,9,7,5.046569211182363e-5
9,9,8,5.046564640787095e-5
9,9,9,5.0465722202817764e-5
9,9,10,5.0465692743436364e-5
9,10,1,5.0465705236178184e-5
9,10,2,5.046569866896629e-5
9,10,3,5.0465705629290904e-5
9,10,4,5.0465705409659856e-5
9,10,5,5.046569766726114e-5
9,10,6,5.046569777433838e-5
9,10,7,5.0465707079433374e-5
9,10,8,5.0465864719861835e-5
9,10,9,5.0465705138973455e-5
9,10,10,5.0465699179740206e-5
9,11,1,5.0465710256914906e-5
9,11,2,5.046570708880694e-5
9,11,3,5.0465710429166544e-5
9,11,4,5.0465710359483284e-5
9,11,5,5.04657108231983e-5
9,11,6,5.046571021816484e-5
9,11,7,5.046571163170298e-5
9,11,8,5.046574099991296e-5
9,11,9,5.0465706727014427e-5
9,11,10,5.046571254714281e-5
9,12,1,5.046571236102007e-5
9,12,2,5.046571333191543e-5
9,12,3,5.0465712645529636e-5
9,12,4,5.046571256041745e-5
9,12,5,5.046570826294278e-5
9,12,6,5.046570849169954e-5
9,12,7,5.0465712775542004e-5
9,12,8,5.0465721458330345e-5
9,12,9,5.04657124896395e-5
9,12,10,5.046571317487353e-5
9,13,1,5.04657123409165e-5
9,13,2,5.046572731910846e-5
9,13,3,5.046571262555935e-5
9,13,4,5.0465712539499e-5
9,13,5,5.046571240721643e-5
9,13,6,5.046571223874873e-5
9,13,7,5.0465712610963584e-5
9,13,8,5.046571559322221e-5
9,13,9,5.046571246786345e-5
9,13,10,5.046571311079883e-5
9,14,1,5.046571150960578e-5
9,14,2,5.0465712303517695e-5
9,14,3,5.046571178249285e-5
9,14,4,5.046571170674307e-5
9,14,5,5.046570744850443e-5
9,14,6,5.046571128431293e-5
9,14,7,5.046570710039648e-5
9,14,8,5.0465728565358677e-5
9,14,9,5.04657116237838e-5
9,14,10,5.0465712214414986e-5
9,15,1,5.0465706355577374e-5
9,15,2,5.04657013544839e-5
9,15,3,5.0465707216740105e-5
9,15,4,5.0465706959381924e-5
9,15,5,5.046570017189672e-5
9,15,6,5.046569959643049e-5
9,15,7,5.0465700787100745e-5
9,15,8,5.0465915895880065e-5
9,15,9,5.0465706712639275e-5
9,15,10,5.046570090847016e-5
9,16,1,5.04656937408191e-5
9,16,2,5.046569293496516e-5
9,16,3,5.0466132647731084e-5
9,16,4,5.046611843574739e-5
9,16,5,5.046569120745688e-5
9,16,6,5.0465690633492316e-5
9,16,7,5.046569204456217e-5
9,16,8,5.046564504794815e-5
9,16,9,5.046569358441127e-5
9,16,10,5.046569809438574e-5
9,17,1,5.046567327467564e-5
9,17,2,0.00031751436397280044
9,17,3,5.046574708361916e-5
9,17,4,5.046571690691782e-5
9,17,5,5.0465670770580334e-5
9,17,6,5.0465672975563526e-5
9,17,7,0.0007077319618368091
9,17,8,0.0016757315783307535
9,17,9,5.046567062688873e-5
9,17,10,5.0465636930546695e-5
9,18,1,8.77796846815441e-5
9,18,2,5.0465760874478025e-5
9,18,3,9.635360039409337e-5
9,18,4,9.588800584499529e-5
9,18,5,5.046565609930945e-5
9,18,6,5.046565559110738e-5
9,18,7,5.046563531047499e-5
9,18,8,0.0012411153015672322
9,18,9,5.046565355702458e-5
9,18,10,7.662360326631346e-5
9,19,1,5.046568750969887e-5
9,19,2,5.046566749017425e-5
9,19,3,0.030992253125145558
9,19,4,5.046568062838792e-5
9,19,5,5.046566359517192e-5
9,19,6,5.046562686273075e-5
9,19,7,5.0465669885870115e-5
9,19,8,0.0009942058945539196
9,19,9,5.046568986185722e-5
9,19,10,5.046566364859117e-5
9,20,1,5.046567790652593e-5
9,20,2,5.0465674835607546e-5
9,20,3,5.046567241444455e-5
9,20,4,5.046567817066393e-5
9,20,5,5.04656778855982e-5
9,20,6,5.046568847673061e-5
9,20,7,5.0465678851967904e-5
9,20,8,5.046568100531897e-5
9,20,9,5.0465681627894785e-5
9,20,10,5.046564984052841e-5
9,21,1,5.046564777862401e-5
9,21,2,0.0016227393828523885
9,21,3,5.046564925640242e-5
9,21,4,5.0465648942845646e-5
9,21,5,5.046567911056293e-5
9,21,6,0.0016192295106832958
9,21,7,0.0016219800679240018
9,21,8,0.0016279655062961848
9,21,9,0.001592652120171463
9,21,10,0.00016438070282366572
9,22,1,5.046579284933642e-5
9,22,2,0.0003947416551426935
9,22,3,5.0465659650980864e-5
9,22,4,5.046565876522876e-5
9,22,5,5.046581850227279e-5
9,22,6,5.046573817641584e-5
9,22,7,5.046563364614762e-5
9,22,8,0.002332869875579417
9,22,9,5.046565877941827e-5
9,22,10,5.046574045081451e-5
9,23,1,5.046577139573422e-5
9,23,2,5.0465713979380906e-5
9,23,3,5.046571023561057e-5
9,23,4,5.046566776237962e-5
9,23,5,5.0465668880557853e-5
9,23,6,5.046570326427862e-5
9,23,7,5.0465743218128376e-5
9,23,8,0.0026474997400222637
9,23,9,5.046566774832854e-5
9,23,10,5.0465635421808045e-5
9,24,1,5.046569091161208e-5
9,24,2,5.046566111612323e-5
9,24,3,5.046569446572704e-5
9,24,4,5.046569538875224e-5
9,24,5,5.0465692187225295e-5
9,24,6,5.046567871772764e-5
9,24,7,5.0465694009721455e-5
9,24,8,0.002646640558745858
9,24,9,5.0465693165650576e-5
9,24,10,5.046566007900268e-5
10,1,1,8.849162374086435e-5
10,1,2,0.00036910049093243124
10,1,3,8.849162320057895e-5
10,1,4,8.84916232918407e-5
10,1,5,8.849162114403676e-5
10,1,6,8.8491634285665e-5
10,1,7,8.849162332117601e-5
10,1,8,0.0030005202220678632
10,1,9,8.84916235815254e-5
10,1,10,8.849162334805636e-5
10,2,1,8.849166130889915e-5
10,2,2,8.849162472406034e-5
10,2,3,8.849162443083438e-5
10,2,4,8.849162379538963e-5
10,2,5,8.849162455936891e-5
10,2,6,8.849162455060605e-5
10,2,7,8.849167295867521e-5
10,2,8,8.849161293302366e-5
10,2,9,8.8491669669981e-5
10,2,10,8.849166239370089e-5
10,3,1,8.849165116777151e-5
10,3,2,8.849164030293981e-5
10,3,3,8.849162567214184e-5
10,3,4,8.849164688680677e-5
10,3,5,8.849163471540417e-5
10,3,6,8.849162501864334e-5
10,3,7,8.849163715574027e-5
10,3,8,8.849160470498283e-5
10,3,9,8.849164258558436e-5
10,3,10,8.849163827954116e-5
10,4,1,8.84916464087809e-5
10,4,2,8.84916459873535e-5
10,4,3,8.849164562003396e-5
10,4,4,8.849164250335413e-5
10,4,5,8.849163365927569e-5
10,4,6,8.849163820802984e-5
10,4,7,8.84916244381773e-5
10,4,8,8.849159837669242e-5
10,4,9,8.849164614955e-5
10,4,10,8.84916242377544e-5
10,5,1,8.849169456774871e-5
10,5,2,8.849161281563404e-5
10,5,3,8.849162306749672e-5
10,5,4,8.849162222979914e-5
10,5,5,8.84916230933682e-5
10,5,6,8.849169585759509e-5
10,5,7,8.849162233756504e-5
10,5,8,8.84915792855371e-5
10,5,9,8.849171021635071e-5
10,5,10,8.849157947382926e-5
10,6,1,8.849162003678892e-5
10,6,2,8.849715517498762e-5
10,6,3,8.849161957819729e-5
10,6,4,8.849161934019866e-5
10,6,5,8.849161533096201e-5
10,6,6,8.849161949481854e-5
10,6,7,8.849194002181708e-5
10,6,8,8.849159134688084e-5
10,6,9,8.849161932476312e-5
10,6,10,9.484977611705066e-5
10,7,1,8.849162405166301e-5
10,7,2,0.0004540912783794416
10,7,3,8.849161429969415e-5
10,7,4,8.849161392948741e-5
10,7,5,8.84916226295366e-5
10,7,6,8.849162383906803e-5
10,7,7,0.00018000225715433148
10,7,8,8.849157656578188e-5
10,7,9,8.849161414627262e-5
10,7,10,0.0005928251471704679
10,8,1,8.849161850455836e-5
10,8,2,0.0002866768079746027
10,8,3,8.849161856389881e-5
10,8,4,8.849161644797637e-5
10,8,5,8.849161712133926e-5
10,8,6,8.849161623376718e-5
10,8,7,8.849198247982428e-5
10,8,8,0.020172658395783114
10,8,9,8.849161799108058e-5
10,8,10,8.849157832214006e-5
10,9,1,8.849162643649685e-5
10,9,2,0.0018720851859821135
10,9,3,8.849162328897447e-5
10,9,4,8.849162314693064e-5
10,9,5,0.0007565738654780188
10,9,6,8.849163111186355e-5
10,9,7,8.84916269818965e-5
10,9,8,8.849158110255964e-5
10,9,9,8.849162841992621e-5
10,9,10,8.849162799510442e-5
10,10,1,8.84916399329258e-5
10,10,2,8.84916334200948e-5
10,10,3,8.849164037669833e-5
10,10,4,8.849163991309805e-5
10,10,5,8.849163284913405e-5
10,10,6,8.849163285013233e-5
10,10,7,8.84916413348562e-5
10,10,8,8.849178510790804e-5
10,10,9,8.849163983921844e-5
10,10,10,8.84916349482984e-5
10,11,1,8.84916444704997e-5
10,11,2,8.849164173003916e-5
10,11,3,8.849164482516573e-5
10,11,4,8.849164463821709e-5
10,11,5,8.849164532424463e-5
10,11,6,8.849164463069038e-5
10,11,7,8.849164543064497e-5
10,11,8,8.849166488731092e-5
10,11,9,8.849164136408698e-5
10,11,10,8.849164608485638e-5
10,12,1,8.849164637774968e-5
10,12,2,8.849164739364403e-5
10,12,3,8.849164670831855e-5
10,12,4,8.849164620709839e-5
10,12,5,8.849164341354203e-5
10,12,6,8.849164302816558e-5
10,12,7,8.849164693997512e-5
10,12,8,8.849164544639386e-5
10,12,9,8.849164630683335e-5
10,12,10,8.849164750362672e-5
10,13,1,8.84916468956102e-5
10,13,2,8.849159882191762e-5
10,13,3,8.849164690794654e-5
10,13,4,8.849164663698909e-5
10,13,5,8.849164647319337e-5
10,13,6,8.849164634711101e-5
10,13,7,8.84916466521092e-5
10,13,8,8.849164904238653e-5
10,13,9,8.849164633565469e-5
10,13,10,8.849164735762973e-5
10,14,1,8.849164563342032e-5
10,14,2,8.849164629614857e-5
10,14,3,8.849164599777817e-5
10,14,4,8.849164562125366e-5
10,14,5,8.849164231792063e-5
10,14,6,8.84916453268081e-5
10,14,7,8.849164242928005e-5
10,14,8,8.849164823957949e-5
10,14,9,8.849164537220667e-5
10,14,10,8.849164618185494e-5
10,15,1,8.849164054822381e-5
10,15,2,8.849163644194433e-5
10,15,3,8.849164161162348e-5
10,15,4,8.849164125698744e-5
10,15,5,8.849163524106788e-5
10,15,6,8.84916347294996e-5
10,15,7,8.849163583407337e-5
10,15,8,8.849183777388162e-5
10,15,9,8.849164125872614e-5
10,15,10,8.849163617582157e-5
10,16,1,8.849162867971325e-5
10,16,2,8.849162838262027e-5
10,16,3,8.849201951770831e-5
10,16,4,8.849200522900862e-5
10,16,5,8.849162668332226e-5
10,16,6,8.849162615541623e-5
10,16,7,8.849162712247829e-5
10,16,8,8.84915809354947e-5
10,16,9,8.849162857465258e-5
10,16,10,8.849163182408179e-5
10,17,1,8.849160910400258e-5
10,17,2,0.0003373173460702098
10,17,3,8.8491678589452e-5
10,17,4,8.849164884609265e-5
10,17,5,8.849160680696416e-5
10,17,6,8.849160866535022e-5
10,17,7,0.0007241035454131513
10,17,8,0.0016765265822872423
10,17,9,8.84916066558308e-5
10,17,10,8.849157353929591e-5
10,18,1,0.00012223796758404102
10,18,2,8.849165074754192e-5
10,18,3,0.0001299574930005955
10,18,4,0.00012947822358646795
10,18,5,8.849159233739236e-5
10,18,6,8.849159152276992e-5
10,18,7,8.849157008666761e-5
10,18,8,0.0007715949018825374
10,18,9,8.849159021728613e-5
10,18,10,0.00010924353056795269
10,19,1,8.849162291220487e-5
10,19,2,8.849160112185717e-5
10,19,3,0.03118811469750184
10,19,4,8.849161484126842e-5
10,19,5,8.849159397474037e-5
10,19,6,8.849156440962208e-5
10,19,7,8.84916050658625e-5
10,19,8,0.000998337065605567
10,19,9,8.849162528255072e-5
10,19,10,8.849159749574265e-5
10,20,1,8.849161291526588e-5
10,20,2,8.849160585205336e-5
10,20,3,8.849160121636162e-5
10,20,4,8.849161267085307e-5
10,20,5,8.84916058181406e-5
10,20,6,8.849160917773591e-5
10,20,7,8.849160814883793e-5
10,20,8,8.849161108422575e-5
10,20,9,8.84916154760575e-5
10,20,10,8.84915807608691e-5
10,21,1,8.84915848586873e-5
10,21,2,0.0016210503284304497
10,21,3,8.849158657412268e-5
10,21,4,8.849158572700713e-5
10,21,5,8.849160377318401e-5
10,21,6,0.0010100640267128578
10,21,7,0.0016199679878181462
10,21,8,0.0016203377316335494
10,21,9,0.0015974612791735396
10,21,10,0.00019092793917775471
10,22,1,8.849172110701555e-5
10,22,2,0.00041332493422839925
10,22,3,8.849159583626667e-5
10,22,4,8.849159550641644e-5
10,22,5,8.849174771137195e-5
10,22,6,8.849166283892682e-5
10,22,7,8.849156916858362e-5
10,22,8,0.0014085561704461436
10,22,9,8.849159541636011e-5
10,22,10,8.849166539250637e-5
10,23,1,8.849170338449831e-5
10,23,2,8.849163499374514e-5
10,23,3,8.849164136326437e-5
10,23,4,8.849160410192077e-5
10,23,5,8.849160516643472e-5
10,23,6,8.849164223766327e-5
10,23,7,8.849167531537407e-5
10,23,8,0.0026368201645452925
10,23,9,8.849160428670104e-5
10,23,10,8.849157130187074e-5
10,24,1,8.84916265030242e-5
10,24,2,8.849159564811523e-5
10,24,3,8.849162981572098e-5
10,24,4,8.849163065966614e-5
10,24,5,8.849157873133135e-5
10,24,6,8.849161437508155e-5
10,24,7,8.849162863410414e-5
10,24,8,0.0016293918526032172
10,24,9,8.8491628150943e-5
10,24,10,8.849159851121097e-5
11,1,1,0.0008722330069893057
11,1,2,0.0011269957008905734
11,1,3,0.0008722330101943456
11,1,4,0.0008722330078230319
11,1,5,0.000872232998734168
11,1,6,0.0008722330243399871
11,1,7,0.0008722330050616509
11,1,8,0.003926970940105207
11,1,9,0.0008722330054439858
11,1,10,0.0008722330071219496
11,2,1,0.0008722330821082701
11,2,2,0.0008722330025041149
11,2,3,0.0008722330061090882
11,2,4,0.0008722330020986129
11,2,5,0.0008722330053564186
11,2,6,0.0008722330081555391
11,2,7,0.0008722330915583264
11,2,8,0.0008722330391843112
11,2,9,0.0008722330964484116
11,2,10,0.0008722330931266283
11,3,1,0.000872233041613898
11,3,2,0.000872233024853917
11,3,3,0.0008722330036739672
11,3,4,0.0008722330342459924
11,3,5,0.0008722330220471825
11,3,6,0.0008722330094348417
11,3,7,0.0008722330259326123
11,3,8,0.0008722329913420274
11,3,9,0.0008722330235160279
11,3,10,0.0008722330245275928
11,4,1,0.0008722330362719127
11,4,2,0.000872233030567071
11,4,3,0.0008722330321839792
11,4,4,0.0008722330244187576
11,4,5,0.0008722330764186834
11,4,6,0.0008722330251954185
11,4,7,0.0008722330005705918
11,4,8,0.0008722329819823429
11,4,9,0.0008722330390873264
11,4,10,0.000872233005409628
11,5,1,0.0008722331411908069
11,5,2,0.0008722330613225229
11,5,3,0.0008722330030734033
11,5,4,0.0008722329984167163
11,5,5,0.0008722330024518926
11,5,6,0.0008722331443984119
11,5,7,0.000872232999825613
11,5,8,0.0008722329549363771
11,5,9,0.000872233163365981
11,5,10,0.0008722329501295615
11,6,1,0.0008722329987176207
11,6,2,0.0008722393444517344
11,6,3,0.0008722329982011217
11,6,4,0.0008722330018859245
11,6,5,0.000872233033147155
11,6,6,0.0008722330018563288
11,6,7,0.0008722328843158839
11,6,8,0.0008722329965383122
11,6,9,0.0008722329987729509
11,6,10,0.0008780165349879957
11,7,1,0.0008722330100959287
11,7,2,0.0012112024470281816
11,7,3,0.0008722329937710272
11,7,4,0.000872232998222032
11,7,5,0.0008722330569042859
11,7,6,0.0008722330079456396
11,7,7,0.0009618371553913209
11,7,8,0.0008722329464013421
11,7,9,0.0008722329978119795
11,7,10,0.0013434594762706587
11,8,1,0.0008722330022385281
11,8,2,0.0010553005768787688
11,8,3,0.0008722330001058413
11,8,4,0.0008722329972892703
11,8,5,0.00087223299534734
11,8,6,0.0008722329954460114
11,8,7,0.0008722336572683019
11,8,8,0.040527943874568456
11,8,9,0.0008722330003112977
11,8,10,0.0008722329516195374
11,9,1,0.0008722330104579619
11,9,2,0.00268979263136114
11,9,3,0.0008722330079461452
11,9,4,0.0008722330082309846
11,9,5,0.0015088049305045936
11,9,6,0.0008722330291502552
11,9,7,0.0008722330113826049
11,9,8,0.0008722329697603708
11,9,9,0.0008722331329475861
11,9,10,0.0008722330137259914
11,10,1,0.0008722330256901351
11,10,2,0.0008722330214205035
11,10,3,0.0008722330278535783
11,10,4,0.0008722330288833313
11,10,5,0.0008722330157531637
11,10,6,0.0008722330176770423
11,10,7,0.0008722330315609808
11,10,8,0.0008722332352812072
11,10,9,0.0008722330267975294
11,10,10,0.0008722330143438161
11,11,1,0.0008722330355042997
11,11,2,0.0008722330305747341
11,11,3,0.000872233033717658
11,11,4,0.0008722330348840182
11,11,5,0.0008722330342484624
11,11,6,0.0008722330349310097
11,11,7,0.0008722330386648084
11,11,8,0.0008722331221853195
11,11,9,0.0008722330295722481
11,11,10,0.0008722330408076434
11,12,1,0.0008722330393775928
11,12,2,0.0008722330377196114
11,12,3,0.0008722330383273197
11,12,4,0.0008722330365768478
11,12,5,0.000872233025867603
11,12,6,0.0008722330317064424
11,12,7,0.0008722330375798285
11,12,8,0.0008722330995465714
11,12,9,0.0008722330391329515
11,12,10,0.000872233039236047
11,13,1,0.0008722330373384688
11,13,2,0.0008722333905123535
11,13,3,0.0008722330379388625
11,13,4,0.0008722330392242065
11,13,5,0.0008722330386887276
11,13,6,0.0008722330390313363
11,13,7,0.0008722330366562843
11,13,8,0.0008722330450884344
11,13,9,0.000872233037288246
11,13,10,0.0008722330389026737
11,14,1,0.0008722330353873499
11,14,2,0.0008722330394251684
11,14,3,0.0008722330364614599
11,14,4,0.0008722330393585218
11,14,5,0.0008722330271901149
11,14,6,0.000872233036053503
11,14,7,0.0008722330247144402
11,14,8,0.0008722331312920379
11,14,9,0.0008722330394875349
11,14,10,0.0008722330387073994
11,15,1,0.0008722330293030954
11,15,2,0.0008722330188155651
11,15,3,0.0008722330284398335
11,15,4,0.0008722330307517431
11,15,5,0.0008722330190555387
11,15,6,0.0008722330181154614
11,15,7,0.0008722330174689285
11,15,8,0.0008722333071280124
11,15,9,0.0008722330286261677
11,15,10,0.0008722330202800326
11,16,1,0.0008722330135338048
11,16,2,0.0008722330097495825
11,16,3,0.0008722337280485191
11,16,4,0.0008722337087989724
11,16,5,0.0008722330069667735
11,16,6,0.0008722330052360488
11,16,7,0.0008722330106342643
11,16,8,0.0008722329547287604
11,16,9,0.0008722330117277593
11,16,10,0.0008722330187880037
11,17,1,0.0008722329908538763
11,17,2,0.0010872861088292323
11,17,3,0.0008722330817576678
11,17,4,0.0008722330533589852
11,17,5,0.0008722329828741944
11,17,6,0.0008722329882225422
11,17,7,0.0014767575051470088
11,17,8,0.0024686219894667944
11,17,9,0.0008722329841118038
11,17,10,0.0008722329446687311
11,18,1,0.0009089933022657781
11,18,2,0.000872233195681737
11,18,3,0.0009158447009347494
11,18,4,0.0009156919417664929
11,18,5,0.0008722329666756996
11,18,6,0.000872232968289128
11,18,7,0.0008722329472548232
11,18,8,0.002021066804987067
11,18,9,0.0008722329645072745
11,18,10,0.0009001919887378722
11,19,1,0.0008722330015830328
11,19,2,0.000872232978772655
11,19,3,0.03708377972841693
11,19,4,0.0008722330023645563
11,19,5,0.0008722329885898464
11,19,6,0.0008722329306704452
11,19,7,0.0008722329842417228
11,19,8,0.0013556871227362857
11,19,9,0.0008722330047197275
11,19,10,0.0008722329779886853
11,20,1,0.0008722329970492597
11,20,2,0.0008722329997014989
11,20,3,0.0008722329987412587
11,20,4,0.0008722330007079835
11,20,5,0.0008722330050701079
11,20,6,0.0008722329990927775
11,20,7,0.0008722330018112636
11,20,8,0.0008722330056228174
11,20,9,0.0008722330088888202
11,20,10,0.0008722329870016914
11,21,1,0.0008722329558852878
11,21,2,0.002467216738977433
11,21,3,0.0008722329561730573
11,21,4,0.0008722329568471478
11,21,5,0.0008722329753110341
11,21,6,0.0024618028340499458
11,21,7,0.002458676337336518
11,21,8,0.0024220059793372724
11,21,9,0.002390239653741436
11,21,10,0.0009620513662681227
11,22,1,0.0008722331532173434
11,22,2,0.001161229995268127
11,22,3,0.0008722329752477817
11,22,4,0.0008722329674519756
11,22,5,0.0008722331621946464
11,22,6,0.0008722330899323047
11,22,7,0.0008722329392056522
11,22,8,0.003154258424635893
11,22,9,0.000872232966989895
11,22,10,0.0008722330555295878
11,23,1,0.0008722331062782289
11,23,2,0.0008722330232908522
11,23,3,0.0008722330413456964
11,23,4,0.0008722329800715682
11,23,5,0.0008722329802449585
11,23,6,0.0008722330241914485
11,23,7,0.0008722330777369849
11,23,8,0.0035189914323951726
11,23,9,0.0008722329751884356
11,23,10,0.0008722329465227427
11,24,1,0.0008722330061083671
11,24,2,0.0008722329818129868
11,24,3,0.0008722330102797761
11,24,4,0.0008722330112010718
11,24,5,0.0008722329614540542
11,24,6,0.0008722329959449438
11,24,7,0.0008722330169771609
11,24,8,0.003518107938865395
11,24,9,0.000872233012654003
11,24,10,0.0008722329774071927
12,1,1,0.0006439578020319896
12,1,2,0.000861342544038295
12,1,3,0.0006439578024710705
12,1,4,0.0006439578021910045
12,1,5,0.0006439577991090329
12,1,6,0.0006439578141669239
12,1,7,0.0006439578020254801
12,1,8,0.0034462672495566594
12,1,9,0.0006439578022324331
12,1,10,0.0006439578022759342
12,2,1,0.0006439578461407009
12,2,2,0.0006439578028836863
12,2,3,0.0006439578028829059
12,2,4,0.0006439578018292151
12,2,5,0.0006439578029435605
12,2,6,0.0006439578029617339
12,2,7,0.0006439578579328305
12,2,8,0.0006439577992944267
12,2,9,0.000643957854679038
12,2,10,0.0006439578483652926
12,3,1,0.0006439578309462566
12,3,2,0.0006439578196673376
12,3,3,0.0006439578035323236
12,3,4,0.0006439578264996745
12,3,5,0.0006439578137827619
12,3,6,0.0006439578032523362
12,3,7,0.0006439578167326826
12,3,8,0.0006439577833007876
12,3,9,0.0006439578213970473
12,3,10,0.0006439578178495682
12,4,1,0.000643957825540849
12,4,2,0.0006439578247184831
12,4,3,0.0006439578253964697
12,4,4,0.0006439578213168814
12,4,5,0.0006439578201029726
12,4,6,0.0006439578176102566
12,4,7,0.000643957802542869
12,4,8,0.0006439577782760516
12,4,9,0.0006439578256449926
12,4,10,0.0006439578026592157
12,5,1,0.0006439578841345901
12,5,2,0.0006439578017714047
12,5,3,0.0006439578012186532
12,5,4,0.0006439577999698634
12,5,5,0.0006439578010959881
12,5,6,0.000643957885473021
12,5,7,0.0006439578004178646
12,5,8,0.0006439577552801383
12,5,9,0.0006439579002933698
12,5,10,0.0006439577793704534
12,6,1,0.0006439577979570021
12,6,2,0.0006439635577940111
12,6,3,0.0006439577976204466
12,6,4,0.0006439577976704114
12,6,5,0.0006439577992992559
12,6,6,0.0006439577979032937
12,6,7,0.0006439580230916157
12,6,8,0.0006439577765721431
12,6,9,0.0006439577975384955
12,6,10,0.0006510391715053824
12,7,1,0.0006439578032831725
12,7,2,0.0009445053885638353
12,7,3,0.0006439577922558803
12,7,4,0.0006439577921653649
12,7,5,0.0006439578083412838
12,7,6,0.0006439578033064854
12,7,7,0.0007218907500529828
12,7,8,0.0006439577520414979
12,7,9,0.0006439577922593689
12,7,10,0.0010679248583326912
12,8,1,0.0006439577971244731
12,8,2,0.000809536539478557
12,8,3,0.0006439577966753306
12,8,4,0.0006439577945503066
12,8,5,0.0006439577953557085
12,8,6,0.0006439577945846995
12,8,7,0.0006439582097944364
12,8,8,0.03036428217972258
12,8,9,0.000643957796516637
12,8,10,0.0006439577528927898
12,9,1,0.0006439578051526212
12,9,2,0.0023404142979416183
12,9,3,0.0006439578019471536
12,9,4,0.0006439578019748288
12,9,5,0.0012167189761879706
12,9,6,0.0006439578116100812
12,9,7,0.0006439578062001348
12,9,8,0.000643957759546999
12,9,9,0.0006439577714135412
12,9,10,0.0006439578067719098
12,10,1,0.0006439578194088473
12,10,2,0.0006439578128112247
12,10,3,0.0006439578198020459
12,10,4,0.0006439578195606468
12,10,5,0.0006439578116920221
12,10,6,0.0006439578118095225
12,10,7,0.0006439578212359007
12,10,8,0.0006439579809654149
12,10,9,0.0006439578192632009
12,10,10,0.0006439578132581621
12,11,1,0.0006439578245154572
12,11,2,0.0006439578212939864
12,11,3,0.0006439578246869681
12,11,4,0.0006439578245427608
12,11,5,0.0006439578249981589
12,11,6,0.000643957824447944
12,11,7,0.0006439578258820146
12,11,8,0.00064395785536953
12,11,9,0.000643957820899328
12,11,10,0.0006439578268956691
12,12,1,0.0006439578267048558
12,12,2,0.0006439578275838874
12,12,3,0.0006439578269544095
12,12,4,0.0006439578268075266
12,12,5,0.000643957822456318
12,12,6,0.000643957822717155
12,12,7,0.0006439578270749513
12,12,8,0.0006439578355344206
12,12,9,0.0006439578267108787
12,12,10,0.0006439578275236785
12,13,1,0.0006439578266334054
12,13,2,0.0006439578414571415
12,13,3,0.0006439578269303443
12,13,4,0.0006439578268377752
12,13,5,0.0006439578267633701
12,13,6,0.0006439578265564042
12,13,7,0.000643957826933218
12,13,8,0.0006439578299029234
12,13,9,0.0006439578267643347
12,13,10,0.0006439578273909365
12,14,1,0.0006439578257565152
12,14,2,0.0006439578266437226
12,14,3,0.0006439578259742702
12,14,4,0.0006439578259845446
12,14,5,0.0006439578216119672
12,14,6,0.0006439578255487766
12,14,7,0.0006439578213139984
12,14,8,0.0006439578429894938
12,14,9,0.0006439578258934366
12,14,10,0.0006439578265904773
12,15,1,0.0006439578205899
12,15,2,0.0006439578153774165
12,15,3,0.0006439578214746509
12,15,4,0.0006439578211739679
12,15,5,0.0006439578142554356
12,15,6,0.0006439578137565394
12,15,7,0.0006439578147693319
12,15,8,0.0006439580306549314
12,15,9,0.0006439578208534504
12,15,10,0.0006439578150300649
12,16,1,0.0006439578074922077
12,16,2,0.0006439578068622086
12,16,3,0.000643958256152777
12,16,4,0.0006439582419973157
12,16,5,0.0006439578051552143
12,16,6,0.0006439578045610555
12,16,7,0.0006439578060796582
12,16,8,0.0006439577566154055
12,16,9,0.0006439578074947447
12,16,10,0.0006439578100105414
12,17,1,0.0006439577870205371
12,17,2,0.0008492626128073551
12,17,3,0.0006439578609791204
12,17,4,0.0006439578305197909
12,17,5,0.000643957784555321
12,17,6,0.0006439577869603055
12,17,7,0.0011879009544721487
12,17,8,0.0021121351267925563
12,17,9,0.0006439577843641424
12,17,10,0.0006439577500014068
12,18,1,0.0006759486526164965
12,18,2,0.000643957863335714
12,18,3,0.000682412524156997
12,18,4,0.0006820387265336596
12,18,5,0.0006439577690107842
12,18,6,0.0006439577690555417
12,18,7,0.0006439577446428863
12,18,8,0.0016531691685299208
12,18,9,0.0006439577670590882
12,18,10,0.0006685395293075586
12,19,1,0.0006439578009331444
12,19,2,0.0006439577775226226
12,19,3,0.030378473412872573
12,19,4,0.000643957794263885
12,19,5,0.0006439577673145249
12,19,6,0.0006439577392569715
12,19,7,0.0006439577838748407
12,19,8,0.0010580442469668612
12,19,9,0.0006439578035309471
12,19,10,0.0006439577765275115
12,20,1,0.0006439577917136533
12,20,2,0.0006439577878105619
12,20,3,0.0006439577783216475
12,20,4,0.0006439577917206875
12,20,5,0.0006439577873438932
12,20,6,0.000643957801769259
12,20,7,0.0006439577916870359
12,20,8,0.0006439577937429506
12,20,9,0.000643957795289607
12,20,10,0.000643957762049028
12,21,1,0.0006439577610826443
12,21,2,0.0020619509175853735
12,21,3,0.0006439577627857105
12,21,4,0.0006439577622308265
12,21,5,0.0006439578124372729
12,21,6,0.002060527945781231
12,21,7,0.001955621420749243
12,21,8,0.0020700448319777463
12,21,9,0.0020326552855154814
12,21,10,0.0007323004224756089
12,22,1,0.000643957907177517
12,22,2,0.0009120561042772703
12,22,3,0.0006439577733207304
12,22,4,0.000643957772175702
12,22,5,0.000643957933109253
12,22,6,0.0006439578477852562
12,22,7,0.0006439577457850182
12,22,8,0.0027606417871020453
12,22,9,0.000643957772163268
12,22,10,0.000643957854350733
12,23,1,0.000643957885835266
12,23,2,0.0006439578167507936
12,23,3,0.000643957824033947
12,23,4,0.0006439577813334151
12,23,5,0.0006439577825649674
12,23,6,0.0006439578425356859
12,23,7,0.0006439578571598532
12,23,8,0.0030724729349953916
12,23,9,0.0006439577812991709
12,23,10,0.0006439577483242248
12,24,1,0.0006439578048166404
12,24,2,0.000643957781608196
12,24,3,0.0006439578085340547
12,24,4,0.0006439578093314484
12,24,5,0.0006439578060584627
12,24,6,0.0006439577924665875
12,24,7,0.0006439578081189944
12,24,8,0.0030743023652610476
12,24,9,0.0006439578072254168
12,24,10,0.0006439577809513427
13,1,1,6.929927617291343e-11
13,1,2,0.00018440508793010548
13,1,3,6.978165701779014e-11
13,1,4,6.939574335826253e-11
13,1,5,6.660866535298876e-11
13,1,6,8.102955579474014e-11
13,1,7,6.925511390048636e-11
13,1,8,0.0018753934846020075
13,1,9,6.943485171143443e-11
13,1,10,6.943433621997627e-11
13,2,1,1.1181964860993629e-10
13,2,2,7.02681623935158e-11
13,2,3,7.024399451806048e-11
13,2,4,6.922130940238635e-11
13,2,5,7.02719624820014e-11
13,2,6,7.027128028184676e-11
13,2,7,1.2305076797571176e-10
13,2,8,1.836875500775456e-10
13,2,9,1.2014330466583777e-10
13,2,10,1.1322129940897656e-10
13,3,1,9.734701960787121e-11
13,3,2,8.634864368511444e-11
13,3,3,7.088675820610534e-11
13,3,4,9.293500832388067e-11
13,3,5,8.075664623089169e-11
13,3,6,7.086757885894498e-11
13,3,7,8.353668349379664e-11
13,3,8,1.4409425418361205e-10
13,3,9,8.798563648971429e-11
13,3,10,8.459411168271656e-11
13,4,1,9.214944638803118e-11
13,4,2,9.134426887835415e-11
13,4,3,9.20436010067355e-11
13,4,4,8.799649654809027e-11
13,4,5,8.810774083555962e-11
13,4,6,8.453015589092965e-11
13,4,7,6.987406958032597e-11
13,4,8,1.2019992455816299e-10
13,4,9,9.211021018146498e-11
13,4,10,7.007360540976192e-11
13,5,1,1.481673452728537e-10
13,5,2,1.9702583076991826e-10
13,5,3,6.860103030492601e-11
13,5,4,6.757745184836655e-11
13,5,5,6.857083276856715e-11
13,5,6,1.494028369388826e-10
13,5,7,6.79423044418006e-11
13,5,8,6.959674092508152e-11
13,5,9,1.636558937243277e-10
13,5,10,6.860519053059823e-11
13,6,1,6.537892871694507e-11
13,6,2,5.5820630471386915e-9
13,6,3,6.507852860532512e-11
13,6,4,6.512757122374598e-11
13,6,5,6.645583172203219e-11
13,6,6,6.525896981535742e-11
13,6,7,2.881126833649733e-10
13,6,8,9.77065805473544e-11
13,6,9,6.495339676728169e-11
13,6,10,7.138166084309314e-6
13,7,1,6.988796912358413e-11
13,7,2,0.00024826018487494064
13,7,3,6.010722715801196e-11
13,7,4,6.006163940980861e-11
13,7,5,7.48833886727462e-11
13,7,6,6.944918005784223e-11
13,7,7,7.075457469810469e-5
13,7,8,6.214839162086095e-11
13,7,9,6.005180561112905e-11
13,7,10,0.00033703064946057
13,8,1,6.45835490249923e-11
13,8,2,0.00014587863990679802
13,8,3,6.423214011336835e-11
13,8,4,6.22264663971038e-11
13,8,5,6.29997619313156e-11
13,8,6,6.22530867447491e-11
13,8,7,4.6084608897792154e-10
13,8,8,0.019374977480811233
13,8,9,6.403235803690004e-11
13,8,10,6.37705102152302e-11
13,9,1,7.234684282639218e-11
13,9,2,0.0011271204022098873
13,9,3,6.928444390721662e-11
13,9,4,6.928461942557409e-11
13,9,5,0.00043901153748257136
13,9,6,7.814392178895217e-11
13,9,7,7.320767122578569e-11
13,9,8,7.750040023195402e-11
13,9,9,1.01190113503156e-10
13,9,10,7.379170631172021e-11
13,10,1,8.592486875933034e-11
13,10,2,7.991343793180623e-11
13,10,3,8.631169278329092e-11
13,10,4,8.609714971445786e-11
13,10,5,7.86758054675756e-11
13,10,6,7.876651486927074e-11
13,10,7,8.772381038236458e-11
13,10,8,6.406010497736838e-10
13,10,9,8.584762415720202e-11
13,10,10,8.02006203324779e-11
13,11,1,9.080751483705367e-11
13,11,2,8.782261949905513e-11
13,11,3,9.0971112674698e-11
13,11,4,9.090186134288755e-11
13,11,5,9.135851561742746e-11
13,11,6,9.077422520324389e-11
13,11,7,9.214346745562126e-11
13,11,8,1.2072165022082518e-10
13,11,9,8.748197065472628e-11
13,11,10,9.303291776193901e-11
13,12,1,9.287060824253045e-11
13,12,2,9.377804195354256e-11
13,12,3,9.313312360323696e-11
13,12,4,9.306048114151836e-11
13,12,5,8.900105761319405e-11
13,12,6,8.921595253468062e-11
13,12,7,9.325606242161374e-11
13,12,8,1.0171727983032104e-10
13,12,9,9.297989555588667e-11
13,12,10,9.363427224654617e-11
13,13,1,9.284355757071518e-11
13,13,2,1.071731052619204e-10
13,13,3,9.311696549944328e-11
13,13,4,9.304244372566904e-11
13,13,5,9.290978154541759e-11
13,13,6,9.274936412011422e-11
13,13,7,9.310749597355731e-11
13,13,8,9.598186754267424e-11
13,13,9,9.296498302046428e-11
13,13,10,9.357741291462756e-11
13,14,1,9.204290798362323e-11
13,14,2,9.279448928466622e-11
13,14,3,9.229507181366732e-11
13,14,4,9.223005785888182e-11
13,14,5,8.820345283015667e-11
13,14,6,9.183293485952212e-11
13,14,7,8.788401983889638e-11
13,14,8,1.0858337306338442e-10
13,14,9,9.214487329105383e-11
13,14,10,9.270385825571289e-11
13,15,1,8.702331871302092e-11
13,15,2,8.226638879955138e-11
13,15,3,8.786948287041095e-11
13,15,4,8.762634525236813e-11
13,15,5,8.113729012394834e-11
13,15,6,8.058064051513394e-11
13,15,7,8.170315291943544e-11
13,15,8,2.9027569154611455e-10
13,15,9,8.738107712595715e-11
13,15,10,8.184135694478868e-11
13,16,1,7.45456329402397e-11
13,16,2,7.40426955217085e-11
13,16,3,5.102027618715882e-10
13,16,4,4.886524527694827e-10
13,16,5,7.168361011332086e-11
13,16,6,7.114198915167287e-11
13,16,7,7.321779108289321e-11
13,16,8,7.432514813794774e-11
13,16,9,7.385891585524931e-11
13,16,10,7.720550823384624e-11
13,17,1,5.464198570136231e-11
13,17,2,0.00017905103017354287
13,17,3,1.2590007149552068e-10
13,17,4,9.696004451467924e-11
13,17,5,5.247360242624099e-11
13,17,6,5.447932668854222e-11
13,17,7,0.0004220377732128264
13,17,8,0.0010246008496277623
13,17,9,5.2317558638918653e-11
13,17,10,5.322799625962888e-11
13,18,1,2.9704323939040874e-5
13,18,2,3.2169604412903273e-10
13,18,3,3.5648376674737023e-5
13,18,4,3.530601457751261e-5
13,18,5,3.750787982719337e-11
13,18,6,3.747156411338596e-11
13,18,7,4.506409672225961e-11
13,18,8,0.00072022875064722
13,18,9,3.579047271089065e-11
13,18,10,2.3363601817437857e-5
13,19,1,6.862527669778688e-11
13,19,2,1.3232799977550034e-10
13,19,3,0.018858856253114512
13,19,4,6.19765440964993e-11
13,19,5,1.2750327776148363e-10
13,19,6,2.7065000853429586e-11
13,19,7,1.2597926711062244e-10
13,19,8,0.0005629559283132836
13,19,9,7.094826966557091e-11
13,19,10,1.0462744768773118e-10
13,20,1,5.926121015609547e-11
13,20,2,1.4726100129290956e-10
13,20,3,1.4683718142600536e-10
13,20,4,5.882709938370972e-11
13,20,5,1.6348752202581576e-10
13,20,6,1.471868803454004e-10
13,20,7,1.4668688757937473e-10
13,20,8,1.7013878793096345e-10
13,20,9,6.262048750642434e-11
13,20,10,8.550402324107744e-11
13,21,1,3.0210587776138264e-11
13,21,2,0.0010031456333210668
13,21,3,3.099851415550887e-11
13,21,4,3.11646882637515e-11
13,21,5,6.712924122287632e-11
13,21,6,0.0010010605984588016
13,21,7,0.001002163833261276
13,21,8,0.000981450730514744
13,21,9,0.0009539735949846358
13,21,10,7.964421496699124e-5
13,22,1,1.7073011122602683e-10
13,22,2,0.00022716274880026186
13,22,3,4.164647199565074e-11
13,22,4,4.105155020114469e-11
13,22,5,1.8988151517848195e-10
13,22,6,3.162060946145704e-10
13,22,7,4.183434591500084e-11
13,22,8,0.0013830324448334238
13,22,9,4.078344732392617e-11
13,22,10,2.891100064897528e-10
13,23,1,1.4957867430861745e-10
13,23,2,1.963199383387857e-10
13,23,3,9.02863573832281e-11
13,23,4,4.986427196588209e-11
13,23,5,5.065865190881907e-11
13,23,6,2.5503143082541764e-10
13,23,7,1.226405226555913e-10
13,23,8,0.001590555446019292
13,23,9,4.985634164026049e-11
13,23,10,4.976958006850871e-11
13,24,1,7.21633442344839e-11
13,24,2,1.1109660752664375e-10
13,24,3,7.574102688701457e-11
13,24,4,7.649564907146781e-11
13,24,5,7.269242957326567e-11
13,24,6,6.018690177165778e-11
13,24,7,7.514525851974763e-11
13,24,8,0.00163738661814401
13,24,9,7.43369227417301e-11
13,24,10,1.0789931348681777e-10
14,1,1,6.412632902231437e-5
14,1,2,0.00035495545082516394
14,1,3,6.412632951418771e-5
14,1,4,6.412632910429064e-5
14,1,5,6.412632618934077e-5
14,1,6,6.412634084496616e-5
14,1,7,6.412632898855342e-5
14,1,8,0.002999116015139609
14,1,9,6.412632912517003e-5
14,1,10,6.412632913109085e-5
14,2,1,6.412637219998503e-5
14,2,2,6.412632991715146e-5
14,2,3,6.41263299166584e-5
14,2,4,6.41263288935829e-5
14,2,5,6.412632992766322e-5
14,2,6,6.412632993255979e-5
14,2,7,6.412638399690841e-5
14,2,8,6.412632727506751e-5
14,2,9,6.412638106471826e-5
14,2,10,6.412637409331494e-5
14,3,1,6.412635757117885e-5
14,3,2,6.412634635479527e-5
14,3,3,6.412633060513064e-5
14,3,4,6.412635306801358e-5
14,3,5,6.412634063346038e-5
14,3,6,6.41263305747824e-5
14,3,7,6.412634350007848e-5
14,3,8,6.412631162660511e-5
14,3,9,6.41263480456929e-5
14,3,10,6.412634463133136e-5
14,4,1,6.4126352690625e-5
14,4,2,6.412635141939798e-5
14,4,3,6.412635219705627e-5
14,4,4,6.412634809633477e-5
14,4,5,6.41263481284342e-5
14,4,6,6.41263442784069e-5
14,4,7,6.412632952779745e-5
14,4,8,6.412630638714592e-5
14,4,9,6.412635272484186e-5
14,4,10,6.41263297500136e-5
14,5,1,6.412640923675351e-5
14,5,2,6.412632910648343e-5
14,5,3,6.412632821025784e-5
14,5,4,6.412632720243999e-5
14,5,5,6.412632822108168e-5
14,5,6,6.412641093907567e-5
14,5,7,6.412632756307432e-5
14,5,8,6.412628445504699e-5
14,5,9,6.412642553553188e-5
14,5,10,6.412629032454598e-5
14,6,1,6.412632531672148e-5
14,6,2,6.413198600509246e-5
14,6,3,6.412632494748066e-5
14,6,4,6.41263249889586e-5
14,6,5,6.412632690018799e-5
14,6,6,6.412632517964661e-5
14,6,7,6.412655436920865e-5
14,6,8,6.412630318547942e-5
14,6,9,6.412632480170844e-5
14,6,10,7.123242693192223e-5
14,7,1,6.412632973715928e-5
14,7,2,0.00043798641084173896
14,7,3,6.412631957837178e-5
14,7,4,6.412631952681414e-5
14,7,5,6.41263364808021e-5
14,7,6,6.412632956885538e-5
14,7,7,0.0001600765000038092
14,7,8,6.412628162492479e-5
14,7,9,6.412631953598299e-5
14,7,10,0.0005777760497290236
14,8,1,6.41263241496528e-5
14,8,2,0.000275858903262665
14,8,3,6.412632377680051e-5
14,8,4,6.412632176553902e-5
14,8,5,6.412632254071571e-5
14,8,6,6.412632176613155e-5
14,8,7,6.412673100696252e-5
14,8,8,0.030077190763033414
14,8,9,6.412632354280484e-5
14,8,10,6.412628119282066e-5
14,9,1,6.412633201061567e-5
14,9,2,0.0019154534255938751
14,9,3,6.412632898254123e-5
14,9,4,6.412632893625595e-5
14,9,5,0.000741771452385333
14,9,6,6.41263382337446e-5
14,9,7,6.412633299377896e-5
14,9,8,6.412628733425017e-5
14,9,9,6.412636285674598e-5
14,9,10,6.412633364552159e-5
14,10,1,6.412634599040495e-5
14,10,2,6.412633954782462e-5
14,10,3,6.41263463967589e-5
14,10,4,6.412634618441062e-5
14,10,5,6.412633855466114e-5
14,10,6,6.41263386131565e-5
14,10,7,6.412634784762153e-5
14,10,8,6.41265033337011e-5
14,10,9,6.41263459301007e-5
14,10,10,6.412633995840778e-5
14,11,1,6.412635099492914e-5
14,11,2,6.412634790580576e-5
14,11,3,6.412635113749036e-5
14,11,4,6.412635108255443e-5
14,11,5,6.412635154082903e-5
14,11,6,6.412635094637732e-5
14,11,7,6.412635233627863e-5
14,11,8,6.412638152120536e-5
14,11,9,6.41263475305075e-5
14,11,10,6.412635327921022e-5
14,12,1,6.412635307086137e-5
14,12,2,6.412635402329128e-5
14,12,3,6.4126353342453e-5
14,12,4,6.412635329605592e-5
14,12,5,6.412634907831655e-5
14,12,6,6.412634929471222e-5
14,12,7,6.412635345942938e-5
14,12,8,6.412636209872778e-5
14,12,9,6.412635319092685e-5
14,12,10,6.412635388449226e-5
14,13,1,6.412635304869162e-5
14,13,2,6.412636786812335e-5
14,13,3,6.412635335279139e-5
14,13,4,6.412635324875858e-5
14,13,5,6.412635311239501e-5
14,13,6,6.412635293711052e-5
14,13,7,6.41263533222554e-5
14,13,8,6.41263562958868e-5
14,13,9,6.412635318725699e-5
14,13,10,6.412635379247751e-5
14,14,1,6.412635220013523e-5
14,14,2,6.412635303118354e-5
14,14,3,6.412635247852817e-5
14,14,4,6.412635240352981e-5
14,14,5,6.412634826440407e-5
14,14,6,6.412635198542955e-5
14,14,7,6.412634791847493e-5
14,14,8,6.41263691451843e-5
14,14,9,6.412635233556803e-5
14,14,10,6.412635291668856e-5
14,15,1,6.412634712812808e-5
14,15,2,6.412634219599046e-5
14,15,3,6.412634798778376e-5
14,15,4,6.412634769943298e-5
14,15,5,6.412634101022841e-5
14,15,6,6.412634045058611e-5
14,15,7,6.412634166218863e-5
14,15,8,6.412655499665901e-5
14,15,9,6.412634747936129e-5
14,15,10,6.412634180211872e-5
14,16,1,6.41263346226077e-5
14,16,2,6.412633373947779e-5
14,16,3,6.412677107715668e-5
14,16,4,6.412675730966537e-5
14,16,5,6.412633218067258e-5
14,16,6,6.412633159102087e-5
14,16,7,6.41263329723905e-5
14,16,8,6.412628630619872e-5
14,16,9,6.412633441702116e-5
14,16,10,6.412633886449829e-5
14,17,1,6.412631437378326e-5
14,17,2,0.00032481936222180204
14,17,3,6.412638762171652e-5
14,17,4,6.412635765957351e-5
14,17,5,6.412631185801104e-5
14,17,6,6.412631397680844e-5
14,17,7,0.0007097184074814069
14,17,8,0.0016679186685754225
14,17,9,6.412631173119917e-5
14,17,10,6.412627823116139e-5
14,18,1,9.990338294095508e-5
14,18,2,6.412639972674247e-5
14,18,3,0.00010812123188156049
14,18,4,0.00010764446301348023
14,18,5,6.412629721936964e-5
14,18,6,6.41262967739814e-5
14,18,7,6.412627646422631e-5
14,18,8,0.0012404920246647767
14,18,9,6.412629475113215e-5
14,18,10,8.917556978062672e-5
14,19,1,6.412632846085343e-5
14,19,2,6.412630858433567e-5
14,19,3,0.029182541148362433
14,19,4,6.412632160111612e-5
14,19,5,6.41263041245073e-5
14,19,6,6.412626819893927e-5
14,19,7,6.41263107781706e-5
14,19,8,0.000995198741280091
14,19,9,6.412633079301584e-5
14,19,10,6.412630486998889e-5
14,20,1,6.412631883799411e-5
14,20,2,6.412631578174974e-5
14,20,3,6.412631288333543e-5
14,20,4,6.412631946018265e-5
14,20,5,6.412631792533295e-5
14,20,6,6.412632955227799e-5
14,20,7,6.412631956833741e-5
14,20,8,6.412632180370398e-5
14,20,9,6.412632249699966e-5
14,20,10,6.412629100413573e-5
14,21,1,6.412628874593969e-5
14,21,2,0.0016170985619332944
14,21,3,6.412629051183394e-5
14,21,4,6.412629016844595e-5
14,21,5,6.412632211770999e-5
14,21,6,0.0016144341101424445
14,21,7,0.001616411552719322
14,21,8,0.0016213359378827103
14,21,9,0.0015885457777477735
14,21,10,0.00017401523150608193
14,22,1,6.412643317042016e-5
14,22,2,0.0004013265915425505
14,22,3,6.412630081654535e-5
14,22,4,6.412629990051023e-5
14,22,5,6.412645827620721e-5
14,22,6,6.412637815645259e-5
14,22,7,6.412627488230369e-5
14,22,8,0.002333308396872692
14,22,9,6.412629994279378e-5
14,22,10,6.412640366416424e-5
14,23,1,6.412641173250631e-5
14,23,2,6.412635507727303e-5
14,23,3,6.412635093681607e-5
14,23,4,6.412630888889623e-5
14,23,5,6.412630994748936e-5
14,23,6,6.412634543259262e-5
14,23,7,6.412638369034922e-5
14,23,8,0.0026340419138534627
14,23,9,6.412630883621424e-5
14,23,10,6.412627674690732e-5
14,24,1,6.412633184542595e-5
14,24,2,6.412630212457822e-5
14,24,3,6.412633539749484e-5
14,24,4,6.412633625445263e-5
14,24,5,6.412633306144693e-5
14,24,6,6.412631974714914e-5
14,24,7,6.412633494351597e-5
14,24,8,0.002631591647765587
14,24,9,6.412633407350599e-5
14,24,10,6.412630236248859e-5
15,1,1,0.00011062707175607054
15,1,2,0.00038746010552817496
15,1,3,0.00011062707224392407
15,1,4,0.00011062707186048361
15,1,5,0.00011062706893144762
15,1,6,0.00011062708344933147
15,1,7,0.00011062707169409205
15,1,8,0.0030195370137443356
15,1,9,0.00011062707187723842
15,1,10,0.00011062707185699503
15,2,1,0.00011062711476565223
15,2,2,0.00011062707264025167
15,2,3,0.0001106270726100174
15,2,4,0.0001106270715897594
15,2,5,0.0001106270726436232
15,2,6,0.00011062707263612515
15,2,7,0.00011062712612762448
15,2,8,0.00011062706975674771
15,2,9,0.00011062704390150566
15,2,10,0.00011062711631229203
15,3,1,0.00011062710001923023
15,3,2,0.00011062708888610797
15,3,3,0.00011062707330164897
15,3,4,0.0001106270955660185
15,3,5,0.0001106270832257521
15,3,6,0.0001106270732879279
15,3,7,0.00011062708607493518
15,3,8,0.00011062705183283158
15,3,9,0.00011062709054591405
15,3,10,0.00011062708718254446
15,4,1,0.0001106270951693596
15,4,2,0.0001106270939211618
15,4,3,0.00011062709472325499
15,4,4,0.00011062709056207165
15,4,5,0.00011062709098918401
15,4,6,0.000110627086799144
15,4,7,0.00011062707225479154
15,4,8,0.0001106270491533072
15,4,9,0.0001106270951363135
15,4,10,0.00011062707244071686
15,5,1,0.00011062715161541275
15,5,2,0.00011062707124719567
15,5,3,0.00011062707096564257
15,5,4,0.00011062706993447104
15,5,5,0.0001106270709362329
15,5,6,0.00011062715287947649
15,5,7,0.00011062707027894293
15,5,8,0.00011062702740714754
15,5,9,0.00011062716733567002
15,5,10,0.00011062703928030587
15,6,1,0.00011062706798717155
15,6,2,0.00011063267179098351
15,6,3,0.00011062706764758073
15,6,4,0.00011062706770767071
15,6,5,0.00011062706913342187
15,6,6,0.00011062706787432053
15,6,7,0.00011062728450935504
15,6,8,0.00011062704422758128
15,6,9,0.00011062706752757841
15,6,10,0.00011757701547815491
15,7,1,0.00011062707274640938
15,7,2,0.0004687531865141932
15,7,3,0.00011062706237969761
15,7,4,0.00011062706230490234
15,7,5,0.00011062707893861664
15,7,6,0.00011062707220120778
15,7,7,0.000199446649384764
15,7,8,0.00011062702461853041
15,7,9,0.00011062706229154505
15,7,10,0.0006067173416513613
15,8,1,0.00011062706694050956
15,8,2,0.00031025497292047226
15,8,3,0.00011062706653951656
15,8,4,0.00011062706451946452
15,8,5,0.00011062706533032865
15,8,6,0.00011062706455063846
15,8,7,0.00011062746981057109
15,8,8,0.018078041705541885
15,8,9,0.00011062706630424882
15,8,10,0.0001106270240061049
15,9,1,0.00011062707464369576
15,9,2,0.0011618386801482137
15,9,3,0.000110627071655328
15,9,4,0.00011062707166340126
15,9,5,0.0007689315236028751
15,9,6,0.00011062708105645805
15,9,7,0.00011062707560126991
15,9,8,0.00011062702888311465
15,9,9,0.00011062703814144346
15,9,10,0.00011062707622858076
15,10,1,0.00011062708847746819
15,10,2,0.00011062708212319211
15,10,3,0.00011062708888463508
15,10,4,0.00011062708866587451
15,10,5,0.00011062708114336186
15,10,6,0.00011062708124073846
15,10,7,0.00011062709030137171
15,10,8,0.0001106272465947471
15,10,9,0.0001106270884067114
15,10,10,0.00011062708261512905
15,11,1,0.00011062709341415991
15,11,2,0.00011062709041344519
15,11,3,0.00011062709358988005
15,11,4,0.00011062709351236094
15,11,5,0.00011062709398226146
15,11,6,0.00011062709338406916
15,11,7,0.00011062709477528835
15,11,8,0.00011062712362375793
15,11,9,0.00011062709005514463
15,11,10,0.00011062709568568894
15,12,1,0.00011062709552714962
15,12,2,0.00011062709645390214
15,12,3,0.00011062709576259547
15,12,4,0.00011062709569787735
15,12,5,0.00011062709159863888
15,12,6,0.00011062709180386121
15,12,7,0.00011062709588686604
15,12,8,0.00011062710443316684
15,12,9,0.00011062709562843846
15,12,10,0.00011062709630465611
15,13,1,0.00011062709547599179
15,13,2,0.00011062711012258928
15,13,3,0.00011062709576359133
15,13,4,0.00011062709565984059
15,13,5,0.00011062709554599978
15,13,6,0.0001106270953695291
15,13,7,0.00011062709572132606
15,13,8,0.00011062709868396455
15,13,9,0.00011062709560539354
15,13,10,0.0001106270962441721
15,14,1,0.00011062709467769709
15,14,2,0.00011062709543713326
15,14,3,0.00011062709492064559
15,14,4,0.00011062709485153866
15,14,5,0.00011062709078270881
15,14,6,0.00011062709443506209
15,14,7,0.00011062709045430306
15,14,8,0.0001106271116748061
15,14,9,0.00011062709477310707
15,14,10,0.00011062709535408579
15,15,1,0.00011062708959579469
15,15,2,0.00011062708476811975
15,15,3,0.00011062709044382774
15,15,4,0.00011062709019422757
15,15,5,0.0001106270836246074
15,15,6,0.00011062708306357908
15,15,7,0.00011062708421717433
15,15,8,0.00011062729548151253
15,15,9,0.00011062708994665326
15,15,10,0.00011062708434650807
15,16,1,0.00011062707729422035
15,16,2,0.00011062707643495107
15,16,3,0.00011062751061568469
15,16,4,0.00011062749724189997
15,16,5,0.00011062707482273457
15,16,6,0.00011062707423920812
15,16,7,0.00011062707563291705
15,16,8,0.0001106270277919025
15,16,9,0.00011062707715999517
15,16,10,0.00011062708114612196
15,17,1,0.00011062705735229722
15,17,2,0.0003579265325341971
15,17,3,0.00011062712982811466
15,17,4,0.00011062710015961436
15,17,5,0.00011062705469938369
15,17,6,0.00011062705687704232
15,17,7,0.0007386705604310234
15,17,8,0.0016945776564412946
15,17,9,0.00011062705456877849
15,17,10,0.00011062702129385836
15,18,1,0.000144267189728159
15,18,2,0.00011062713724540145
15,18,3,0.00015144562670511272
15,18,4,0.00015101439687720036
15,18,5,0.00011062703985280227
15,18,6,0.00011062703987046092
15,18,7,0.00011062701987133435
15,18,8,0.001266702078294115
15,18,9,0.00011062703774150427
15,18,10,0.00011993619033319881
15,19,1,0.00011062707111816313
15,19,2,0.00011062705112451954
15,19,3,0.02801372370734848
15,19,4,0.00011062706434609078
15,19,5,0.00011062704612886923
15,19,6,0.00011062701138356619
15,19,7,0.00011062705393380799
15,19,8,0.0010196427671130522
15,19,9,0.0001106270734362566
15,19,10,0.0001106270473455531
15,20,1,0.00011062706158682316
15,20,2,0.00011062705793847858
15,20,3,0.00011062705379760497
15,20,4,0.00011062702289771855
15,20,5,0.00011062705964079887
15,20,6,0.00011062705819694054
15,20,7,0.0001106270626083212
15,20,8,0.000110627064308585
15,20,9,0.00011062706517257407
15,20,10,0.00011062703371115505
15,21,1,0.00011062703206368783
15,21,2,0.0016424560999339349
15,21,3,0.00011062703386149526
15,21,4,0.00011062703327655162
15,21,5,0.00011062707012903392
15,21,6,0.00164109383436189
15,21,7,0.0016387865803832234
15,21,8,0.0016417688656770245
15,21,9,0.0016134741509908593
15,21,10,0.00021248611298896065
15,22,1,0.00011062717511451719
15,22,2,0.0004331005965402318
15,22,3,0.00011062704384029994
15,22,4,0.0001106270428874655
15,22,5,0.0001106272002943481
15,22,6,0.00011062712195491932
15,22,7,0.000110627018204677
15,22,8,0.002349430450901125
15,22,9,0.00011062704289533774
15,22,10,0.00011062712353540434
15,23,1,0.00011062715368772057
15,23,2,0.00011062709696297785
15,23,3,0.00011062709333078887
15,23,4,0.00011062705174259842
15,23,5,0.00011062705303712723
15,23,6,0.00011062708995123038
15,23,7,0.00011062712590009941
15,23,8,0.0026530648578957337
15,23,9,0.00011062705173381605
15,23,10,0.00011062701899128962
15,24,1,0.00011062707452355506
15,24,2,0.00011062704425346116
15,24,3,0.0001106270780298131
15,24,4,0.00011062707893247432
15,24,5,0.00011062707565738645
15,24,6,0.00011062706249468775
15,24,7,0.00011062707759010192
15,24,8,0.0026529418923252196
15,24,9,0.00011062707673679023
15,24,10,0.00011062705198493491
16,1,1,8.988718174277365e-5
16,1,2,0.00022616463818503986
16,1,3,8.988718222621495e-5
16,1,4,8.988718182780942e-5
16,1,5,8.9887178935031e-5
16,1,6,8.988719343017863e-5
16,1,7,8.988718170432123e-5
16,1,8,0.0018822213787494906
16,1,9,8.988718184433038e-5
16,1,10,8.98871818540527e-5
16,2,1,8.98872247949891e-5
16,2,2,8.988718263964854e-5
16,2,3,8.98871826072827e-5
16,2,4,8.988718158090594e-5
16,2,5,8.988718263613914e-5
16,2,6,8.988718264414306e-5
16,2,7,8.98872361319948e-5
16,2,8,8.988717986230627e-5
16,2,9,8.98872332979748e-5
16,2,10,8.988722632428026e-5
16,3,1,8.988721001436124e-5
16,3,2,8.988719890915591e-5
16,3,3,8.988718329157865e-5
16,3,4,8.988720558854681e-5
16,3,5,8.988719322385093e-5
16,3,6,8.988718326562192e-5
16,3,7,8.988719608113756e-5
16,3,8,8.988716186081294e-5
16,3,9,8.988720056291762e-5
16,3,10,8.988719717029592e-5
16,4,1,8.988720521420083e-5
16,4,2,8.988720400112701e-5
16,4,3,8.988720470522857e-5
16,4,4,8.988720059205362e-5
16,4,5,8.988720069296138e-5
16,4,6,8.988719681859083e-5
16,4,7,8.988718224874192e-5
16,4,8,8.988715919391238e-5
16,4,9,8.988720517781934e-5
16,4,10,8.988718243417707e-5
16,5,1,8.988726168970494e-5
16,5,2,8.98871813770185e-5
16,5,3,8.988718094787771e-5
16,5,4,8.988717991872415e-5
16,5,5,8.988718092188788e-5
16,5,6,8.988726294033139e-5
16,5,7,8.988718027563658e-5
16,5,8,8.988713598597388e-5
16,5,9,8.988727741913697e-5
16,5,10,8.988714331627191e-5
16,6,1,8.988717801150133e-5
16,6,2,8.989278241086289e-5
16,6,3,8.988717765446119e-5
16,6,4,8.988717771936516e-5
16,6,5,8.988717924055084e-5
16,6,6,8.988717788305815e-5
16,6,7,8.98873985804672e-5
16,6,8,8.988715467234892e-5
16,6,9,8.988717752992711e-5
16,6,10,9.687352748172648e-5
16,7,1,8.988718268876176e-5
16,7,2,0.0002854518551975847
16,7,3,8.988717234634066e-5
16,7,4,8.988717229848535e-5
16,7,5,8.988718903481469e-5
16,7,6,8.988718219491549e-5
16,7,7,0.00018116359734753163
16,7,8,8.988713335416335e-5
16,7,9,8.988717230479644e-5
16,7,10,0.000592346254982366
16,8,1,8.988717693395802e-5
16,8,2,0.0002941245702600578
16,8,3,8.988717649310934e-5
16,8,4,8.988717451116081e-5
16,8,5,8.988717530180954e-5
16,8,6,8.988717453232265e-5
16,8,7,8.988758031051296e-5
16,8,8,0.02867662806407127
16,8,9,8.988717628038713e-5
16,8,10,8.988713423523286e-5
16,9,1,8.98871846270882e-5
16,9,2,0.0019190971711812927
16,9,3,8.988718163886305e-5
16,9,4,8.988718165584933e-5
16,9,5,0.0007549459250028343
16,9,6,8.988719107441153e-5
16,9,7,8.988718558925825e-5
16,9,8,8.98871409624689e-5
16,9,9,8.988721522038661e-5
16,9,10,8.98871862212325e-5
16,10,1,8.988719849394252e-5
16,10,2,8.98871921312289e-5
16,10,3,8.988719888873262e-5
16,10,4,8.988719866433844e-5
16,10,5,8.988719114818183e-5
16,10,6,8.988719123743642e-5
16,10,7,8.988720030956058e-5
16,10,8,8.988735699386644e-5
16,10,9,8.988719840922483e-5
16,10,10,8.988719256894839e-5
16,11,1,8.988720342590642e-5
16,11,2,8.988720041488013e-5
16,11,3,8.98872036026934e-5
16,11,4,8.98872035382655e-5
16,11,5,8.98872039868633e-5
16,11,6,8.98872033820134e-5
16,11,7,8.988720478282972e-5
16,11,8,8.988723367337854e-5
16,11,9,8.988720008560005e-5
16,11,10,8.988720567846867e-5
16,12,1,8.988720550838433e-5
16,12,2,8.988720647860982e-5
16,12,3,8.988720576799596e-5
16,12,4,8.98872057087633e-5
16,12,5,8.988720160202418e-5
16,12,6,8.988720181447624e-5
16,12,7,8.988720589455121e-5
16,12,8,8.988721446581996e-5
16,12,9,8.988720562498941e-5
16,12,10,8.98872063100321e-5
16,13,1,8.98872054874354e-5
16,13,2,8.98872201589161e-5
16,13,3,8.98872057597497e-5
16,13,4,8.988720570271357e-5
16,13,5,8.98872055490936e-5
16,13,6,8.988720538733186e-5
16,13,7,8.988720574464532e-5
16,13,8,8.988720868117807e-5
16,13,9,8.988720560906652e-5
16,13,10,8.988720625826446e-5
16,14,1,8.988720468237913e-5
16,14,2,8.988720545476753e-5
16,14,3,8.988720493064365e-5
16,14,4,8.988720485868675e-5
16,14,5,8.988720080517892e-5
16,14,6,8.988720444833217e-5
16,14,7,8.98872004620153e-5
16,14,8,8.98872214491459e-5
16,14,9,8.98872047794437e-5
16,14,10,8.988720536412314e-5
16,15,1,8.988719960939688e-5
16,15,2,8.988719477689142e-5
16,15,3,8.988720045434465e-5
16,15,4,8.988720020373806e-5
16,15,5,8.98871936143132e-5
16,15,6,8.98871930560095e-5
16,15,7,8.988719421809687e-5
16,15,8,8.988740567324737e-5
16,15,9,8.98871999526484e-5
16,15,10,8.988719436605251e-5
16,16,1,8.988718730524011e-5
16,16,2,8.988718643589708e-5
16,16,3,8.988762053750451e-5
16,16,4,8.988760715730352e-5
16,16,5,8.988718480758528e-5
16,16,6,8.98871842548855e-5
16,16,7,8.988718562895093e-5
16,16,8,8.988713923441464e-5
16,16,9,8.988718715094519e-5
16,16,10,8.988719129926129e-5
16,17,1,8.98871673786195e-5
16,17,2,0.00034229638704903385
16,17,3,8.988723994362306e-5
16,17,4,8.988721012673898e-5
16,17,5,8.988716468727181e-5
16,17,6,8.988716682344666e-5
16,17,7,0.0007226853687730606
16,17,8,0.0010446601892090096
16,17,9,8.988716455315187e-5
16,17,10,8.988713128208172e-5
16,18,1,0.00012401752851854588
16,18,2,8.988724876956846e-5
16,18,3,0.0001317432316917212
16,18,4,0.00013129517386666753
16,18,5,8.988714984570784e-5
16,18,6,8.988714988520497e-5
16,18,7,8.988713001940896e-5
16,18,8,0.0012534586598904704
16,18,9,8.988714769627891e-5
16,18,10,0.00011352356050975155
16,19,1,8.988718115016228e-5
16,19,2,8.988715762644079e-5
16,19,3,0.02801514114302241
16,19,4,8.988717435209579e-5
16,19,5,8.988715775848712e-5
16,19,6,8.988712140657556e-5
16,19,7,8.988716063995624e-5
16,19,8,0.0006264377493184336
16,19,9,8.988718346855905e-5
16,19,10,8.988715737304387e-5
16,20,1,8.988717159499715e-5
16,20,2,8.988716792551128e-5
16,20,3,8.988716673362384e-5
16,20,4,8.988717176056728e-5
16,20,5,8.988717162314732e-5
16,20,6,8.988718215743948e-5
16,20,7,8.988717275189572e-5
16,20,8,8.988717439973894e-5
16,20,9,8.988717517244857e-5
16,20,10,8.988714376579207e-5
16,21,1,8.988714202292778e-5
16,21,2,0.0016292731366136875
16,21,3,8.988714378855299e-5
16,21,4,8.988714322093784e-5
16,21,5,8.988713725510068e-5
16,21,6,0.001627910574325597
16,21,7,0.001022439731517002
16,21,8,0.0010282054110196536
16,21,9,0.0016002633688692192
16,21,10,0.000194548170326552
16,22,1,8.988728517590614e-5
16,22,2,0.0004180356701483297
16,22,3,8.988715378758315e-5
16,22,4,8.988715285299983e-5
16,22,5,8.988731035338182e-5
16,22,6,8.988723243664235e-5
16,22,7,8.988712825492722e-5
16,22,8,0.0023366272459446158
16,22,9,8.988715286633247e-5
16,22,10,8.988723373286469e-5
16,23,1,8.988726376324515e-5
16,23,2,8.988718940400244e-5
16,23,3,8.988720351174339e-5
16,23,4,8.988716172219999e-5
16,23,5,8.988716299268744e-5
16,23,6,8.988719850415622e-5
16,23,7,8.98872359527622e-5
16,23,8,0.00164503570207087
16,23,9,8.988716171729761e-5
16,23,10,8.988713001183259e-5
16,24,1,8.988718450324977e-5
16,24,2,8.988715427693071e-5
16,24,3,8.988718804061922e-5
16,24,4,8.98871889267159e-5
16,24,5,8.98871856347764e-5
16,24,6,8.988717247303587e-5
16,24,7,8.988718756865324e-5
16,24,8,0.0026402404287126156
16,24,9,8.988718671770105e-5
16,24,10,8.988716181414862e-5
17,1,1,6.998591385719517e-11
17,1,2,0.00018408444260732478
17,1,3,7.047273671313756e-11
17,1,4,7.008339424108636e-11
17,1,5,6.719531765855548e-11
17,1,6,8.178816427553589e-11
17,1,7,6.994137737375548e-11
17,1,8,0.0018651763052825948
17,1,9,7.002808087396815e-11
17,1,10,7.002734368260498e-11
17,2,1,1.1310671036168442e-10
17,2,2,7.09937328525499e-11
17,2,3,7.09616887249798e-11
17,2,4,6.99367156516649e-11
17,2,5,7.099436079359737e-11
17,2,6,7.099407831852305e-11
17,2,7,1.24465342841874e-10
17,2,8,1.8579396422816676e-10
17,2,9,1.2152979929149042e-10
17,2,10,1.1452247633842154e-10
17,3,1,9.832307253839172e-11
17,3,2,8.721651130335401e-11
17,3,3,7.132236545162195e-11
17,3,4,9.38672471635856e-11
17,3,5,8.145529710329409e-11
17,3,6,7.129778887362266e-11
17,3,7,8.426551443993581e-11
17,3,8,1.4561293592269128e-10
17,3,9,8.887083020688528e-11
17,3,10,8.53279813621505e-11
17,4,1,9.280558923952891e-11
17,4,2,9.226159316965089e-11
17,4,3,9.296646982045637e-11
17,4,4,8.888297411571974e-11
17,4,5,8.899554853044502e-11
17,4,6,8.511732395251097e-11
17,4,7,7.027858901278145e-11
17,4,8,1.21203072222434e-10
17,4,9,9.251698933638898e-11
17,4,10,7.068870152065569e-11
17,5,1,1.4982166501286853e-10
17,5,2,1.9940634250875543e-10
17,5,3,6.930586925577436e-11
17,5,4,6.819366931891254e-11
17,5,5,6.927244274702275e-11
17,5,6,1.5107039553073328e-10
17,5,7,6.85393396111976e-11
17,5,8,7.022522171987413e-11
17,5,9,1.654732742230887e-10
17,5,10,6.930783712783509e-11
17,6,1,6.602662984850834e-11
17,6,2,5.590776160220958e-9
17,6,3,6.563998590783199e-11
17,6,4,6.568887498416058e-11
17,6,5,6.697591239314001e-11
17,6,6,6.58133567089414e-11
17,6,7,2.892951997547057e-10
17,6,8,9.835657644420546e-11
17,6,9,6.551346570347934e-11
17,6,10,7.097131526485207e-6
17,7,1,7.067254005428183e-11
17,7,2,0.00025020070161081866
17,7,3,6.065163219748617e-11
17,7,4,6.060572983386282e-11
17,7,5,7.574662811683554e-11
17,7,6,7.022592597840113e-11
17,7,7,7.139823011309485e-5
17,7,8,6.272020607470313e-11
17,7,9,6.059598433053605e-11
17,7,10,0.00033981310064430605
17,8,1,6.492221389988698e-11
17,8,2,0.00014649208689472985
17,8,3,6.474856815293016e-11
17,8,4,6.279267816741801e-11
17,8,5,6.357207876031043e-11
17,8,6,6.281954731115126e-11
17,8,7,4.652846689372273e-10
17,8,8,0.020657706086938503
17,8,9,6.45526860819324e-11
17,8,10,6.429748052971795e-11
17,9,1,7.308119338573525e-11
17,9,2,0.0011416149892326324
17,9,3,6.992433135525652e-11
17,9,4,6.99242777910472e-11
17,9,5,0.00044252347384970736
17,9,6,7.905554728021648e-11
17,9,7,7.394741545606276e-11
17,9,8,7.825298677183451e-11
17,9,9,1.0253879836956842e-10
17,9,10,7.454561292563354e-11
17,10,1,8.679553205551848e-11
17,10,2,8.040195525998023e-11
17,10,3,8.718096614484535e-11
17,10,4,8.696535966791695e-11
17,10,5,7.93907658360003e-11
17,10,6,7.947460953843581e-11
17,10,7,8.861370531152858e-11
17,10,8,5.553301940393112e-10
17,10,9,8.671293292870937e-11
17,10,10,8.089845911255665e-11
17,11,1,9.173825942732467e-11
17,11,2,8.864190033171191e-11
17,11,3,9.190025140172332e-11
17,11,4,9.183319339292104e-11
17,11,5,9.22930941541193e-11
17,11,6,9.169333260441986e-11
17,11,7,9.309366216686822e-11
17,11,8,1.219736058059757e-10
17,11,9,8.828666563377731e-11
17,11,10,9.400133130944638e-11
17,12,1,9.381503388515576e-11
17,12,2,9.476031473176904e-11
17,12,3,9.409587444486814e-11
17,12,4,9.402039203394472e-11
17,12,5,8.980625075870729e-11
17,12,6,9.001726476101082e-11
17,12,7,9.421808140847154e-11
17,12,8,1.024548405672268e-10
17,12,9,9.39340413059817e-11
17,12,10,9.461387039198418e-11
17,13,1,9.379462349086534e-11
17,13,2,1.0851364072217137e-10
17,13,3,9.407955652009073e-11
17,13,4,9.400200429243773e-11
17,13,5,9.385212313496121e-11
17,13,6,9.368784954158387e-11
17,13,7,9.405899341078579e-11
17,13,8,9.698788123546097e-11
17,13,9,9.392077378850026e-11
17,13,10,9.455428201291078e-11
17,14,1,9.297928778359137e-11
17,14,2,9.374987586934959e-11
17,14,3,9.323923985272014e-11
17,14,4,9.317086803381973e-11
17,14,5,8.899047671435995e-11
17,14,6,9.27570946727897e-11
17,14,7,8.866733171104882e-11
17,14,8,1.097380552180046e-10
17,14,9,9.308294398419939e-11
17,14,10,9.366255050252596e-11
17,15,1,8.78994486595135e-11
17,15,2,8.300389185134499e-11
17,15,3,8.875326240088908e-11
17,15,4,8.850304491611117e-11
17,15,5,8.184490607559451e-11
17,15,6,8.128034033335393e-11
17,15,7,8.245165150322387e-11
17,15,8,2.932771950631065e-10
17,15,9,8.826055950343382e-11
17,15,10,8.258117154166869e-11
17,16,1,7.518541420257867e-11
17,16,2,7.467247978418294e-11
17,16,3,5.161882623999418e-10
17,16,4,4.948517664308932e-10
17,16,5,7.243958881054599e-11
17,16,6,7.188919525357853e-11
17,16,7,7.388656035286657e-11
17,16,8,7.473936627231573e-11
17,16,9,7.487852114550006e-11
17,16,10,7.789297057420303e-11
17,17,1,5.508040457148589e-11
17,17,2,0.00017919476409352324
17,17,3,1.2693895700903797e-10
17,17,4,9.779022901005792e-11
17,17,5,5.2949419592971146e-11
17,17,6,5.48635515229327e-11
17,17,7,0.00042303811188632354
17,17,8,0.001022527452415683
17,17,9,5.280128638422601e-11
17,17,10,5.3676379294415235e-11
17,18,1,2.9724473754756967e-5
17,18,2,3.2321508578303494e-10
17,18,3,3.56775821940048e-5
17,18,4,3.53264089651814e-5
17,18,5,3.785915448833726e-11
17,18,6,3.7820499478455266e-11
17,18,7,4.5296426904454087e-11
17,18,8,0.0007175107891857298
17,18,9,3.61173523018458e-11
17,18,10,2.3395382226348698e-5
17,19,1,6.931278488611273e-11
17,19,2,1.1967000243210506e-10
17,19,3,0.01983777845230718
17,19,4,6.26025058271783e-11
17,19,5,1.2853644461650548e-10
17,19,6,2.6795663110258808e-11
17,19,7,1.2723965677484073e-10
17,19,8,0.0005991495494217398
17,19,9,7.166080012119541e-11
17,19,10,1.0582734109886041e-10
17,20,1,5.994769210657203e-11
17,20,2,1.4919509373903107e-10
17,20,3,1.489550138471661e-10
17,20,4,6.01353227085678e-11
17,20,5,1.6584962302009736e-10
17,20,6,1.4919531790517735e-10
17,20,7,1.484263088839588e-10
17,20,8,1.7210464859996568e-10
17,20,9,6.334127961880869e-11
17,20,10,8.668018635105383e-11
17,21,1,3.047217632387356e-11
17,21,2,0.0010040982764220312
17,21,3,3.129489712297755e-11
17,21,4,3.1364232946003675e-11
17,21,5,6.829674299315655e-11
17,21,6,0.0009966550934351953
17,21,7,0.0010027049449790506
17,21,8,0.000995405248308342
17,21,9,0.0009551177497222784
17,21,10,8.077096809928315e-5
17,22,1,1.7250829451235422e-10
17,22,2,0.0002272736690642891
17,22,3,4.1967944178145113e-11
17,22,4,4.114394260737077e-11
17,22,5,1.9243841840207752e-10
17,22,6,3.1900280192750257e-10
17,22,7,4.2430663975286736e-11
17,22,8,0.0014044377128367104
17,22,9,4.115692603638513e-11
17,22,10,2.9221106642877047e-10
17,23,1,1.5102625588549414e-10
17,23,2,1.98835979712741e-10
17,23,3,9.137346435426301e-11
17,23,4,4.997329360341599e-11
17,23,5,5.1051397450781884e-11
17,23,6,2.5802149049658157e-10
17,23,7,1.2385712284069985e-10
17,23,8,0.0016140207606455763
17,23,9,4.997163687229386e-11
17,23,10,5.039721112791897e-11
17,24,1,7.289349025962876e-11
17,24,2,1.1217375223504524e-10
17,24,3,7.651741908155366e-11
17,24,4,7.726574954573727e-11
17,24,5,7.347151825990258e-11
17,24,6,6.044289094493465e-11
17,24,7,7.567271807308622e-11
17,24,8,0.0016296421319853802
17,24,9,7.508680194129871e-11
17,24,10,1.0917671153149481e-10
18,1,1,0.012861588786345904
18,1,2,0.012904108962966933
18,1,3,0.012861588783330331
18,1,4,0.012861588779857113
18,1,5,0.014954000939145964
18,1,6,0.012861588753829969
18,1,7,0.012861588789016502
18,1,8,0.014093701217735443
18,1,9,0.012861588784103735
18,1,10,0.012861588787939875
18,2,1,0.000624515214545608
18,2,2,0.01286158876584442
18,2,3,0.012861588767724298
18,2,4,0.01555986092615295
18,2,5,0.012861588767627835
18,2,6,0.012861588780640554
18,2,7,0.000624515218260547
18,2,8,0.0006245152383835005
18,2,9,0.0006245152106544451
18,2,10,0.0006245152188165098
18,3,1,0.0128615887888699
18,3,2,0.01286158880062467
18,3,3,0.015480295196677239
18,3,4,0.012861588800887525
18,3,5,0.012861588795490918
18,3,6,0.015493612836647146
18,3,7,0.012861588802315688
18,3,8,0.01286158881743431
18,3,9,0.01286158880010572
18,3,10,0.012861588801402
18,4,1,0.012861588830968227
18,4,2,0.012861588822344975
18,4,3,0.012861588829380268
18,4,4,0.01286158882960693
18,4,5,0.012861588830802939
18,4,6,0.012861588831309638
18,4,7,0.014834945415090662
18,4,8,0.012861588853322612
18,4,9,0.0128615888331864
18,4,10,0.014474055451781286
18,5,1,0.0006245152408266364
18,5,2,0.0006245152566902697
18,5,3,0.012861588775887693
18,5,4,0.015599929553006268
18,5,5,0.012861588762417187
18,5,6,0.0006245152419074258
18,5,7,0.014701739279584184
18,5,8,0.010136790530044267
18,5,9,0.0006245152502692708
18,5,10,0.012861588737750092
18,6,1,0.012833776947300863
18,6,2,0.012821177820893403
18,6,3,0.01283437311324903
18,6,4,0.01283437311683183
18,6,5,0.012822866334032996
18,6,6,0.012838226859177097
18,6,7,0.012821177142963647
18,6,8,0.012825216621318625
18,6,9,0.012835476028438389
18,6,10,0.01282634599285866
18,7,1,0.0004118358904205407
18,7,2,0.0005191498721116598
18,7,3,0.014661865013388333
18,7,4,0.014823164862952449
18,7,5,0.00038479243863682024
18,7,6,0.00044247229240862614
18,7,7,0.00041363303596247584
18,7,8,0.008606940480115888
18,7,9,0.014859161829693143
18,7,10,0.0005942945733892798
18,8,1,0.01033314114120668
18,8,2,0.009834268845345032
18,8,3,0.010440503120276005
18,8,4,0.013020432526231647
18,8,5,0.011049175264497812
18,8,6,0.012938213979719938
18,8,7,0.00981181155430673
18,8,8,0.036097420355823036
18,8,9,0.01053375573449517
18,8,10,0.010436283303333039
18,9,1,0.003721709055732736
18,9,2,0.0011534284473029106
18,9,3,0.00905422580436723
18,9,4,0.009054225807500557
18,9,5,0.000656873038315124
18,9,6,8.276737350181918e-5
18,9,7,0.0025447548522843162
18,9,8,0.0001544647360886256
18,9,9,5.587822830462087e-5
18,9,10,0.0018449647668321509
18,10,1,0.00507747531582704
18,10,2,0.0073731422904311705
18,10,3,0.00507747531322021
18,10,4,0.005077475312708362
18,10,5,0.008617553130794365
18,10,6,0.008615148123238535
18,10,7,0.0050774753101931695
18,10,8,0.005077475461465433
18,10,9,0.005077475311937726
18,10,10,0.007221214637140063
18,11,1,0.0030150534382809694
18,11,2,0.006842133807560776
18,11,3,0.0028592934295764826
18,11,4,0.0029219279788790732
18,11,5,0.00285145262487079
18,11,6,0.003056115699339977
18,11,7,0.0028514525181591744
18,11,8,0.0028514524793340464
18,11,9,0.007398649279848868
18,11,10,0.0028514525016788824
18,12,1,0.0029593651833155258
18,12,2,0.002084804745969426
18,12,3,0.002689955446891192
18,12,4,0.0027558269065878927
18,12,5,0.008084551895364209
18,12,6,0.007785682187049669
18,12,7,0.002567289958717675
18,12,8,0.0016791505367211468
18,12,9,0.002844961424029632
18,12,10,0.00221331368139412
18,13,1,0.0029751364135636275
18,13,2,3.6419633060744104e-5
18,13,3,0.002695973202668654
18,13,4,0.002764433911565005
18,13,5,0.0029099669127128193
18,13,6,0.003079456672156178
18,13,7,0.002708757613134037
18,13,8,0.000598679999570416
18,13,9,0.0028525254149883343
18,13,10,0.0022569964419807856
18,14,1,0.0031134152688943972
18,14,2,0.002372495308792331
18,14,3,0.002855402502819933
18,14,4,0.002924642552956109
18,14,5,0.008397072236206891
18,14,6,0.0033518589774254983
18,14,7,0.008931193906973391
18,14,8,0.0021112471710367123
18,14,9,0.0030096713760098385
18,14,10,0.0024548176794023466
18,15,1,0.004179592796375842
18,15,2,0.008189353449009135
18,15,3,0.004179592787572901
18,15,4,0.004179592792880211
18,15,5,0.010295456073061357
18,15,6,0.01150680910006437
18,15,7,0.009104359355547221
18,15,8,0.004179592815857379
18,15,9,0.004179592788512943
18,15,10,0.008822223127581802
18,16,1,0.00935987875936504
18,16,2,0.009560178007779902
18,16,3,0.009266198181901865
18,16,4,0.009266198143536093
18,16,5,0.011587029554954874
18,16,6,0.013022135014547045
18,16,7,0.010260863869419056
18,16,8,0.009455201135296878
18,16,9,0.009400523985199761
18,16,10,0.009280860959643885
18,17,1,0.01107799490063159
18,17,2,0.011110204474044118
18,17,3,0.01099211828086926
18,17,4,0.010992118276614922
18,17,5,0.013105731503981536
18,17,6,0.011656615098382693
18,17,7,0.011288224790095353
18,17,8,0.011746897769151126
18,17,9,0.013311641691440524
18,17,10,0.011982633255145135
18,18,1,0.01274594471982713
18,18,2,0.012724687103158917
18,18,3,0.012731421945631425
18,18,4,0.012731339537358033
18,18,5,0.012770994583032562
18,18,6,0.012790060795314612
18,18,7,0.012767051454117212
18,18,8,0.013155646483643289
18,18,9,0.014987133418745987
18,18,10,0.012729166390244967
18,19,1,0.012861588801941494
18,19,2,0.01286158882121805
18,19,3,0.03614424544734798
18,19,4,0.012861588792520235
18,19,5,0.012861588823958237
18,19,6,0.015551948274013011
18,19,7,0.012861588824278451
18,19,8,0.013201072449431374
18,19,9,0.012861588804083056
18,19,10,0.012861588806007605
18,20,1,0.0006245151811965083
18,20,2,0.0006245152193917526
18,20,3,0.0006245152090338857
18,20,4,0.0006245151914793541
18,20,5,0.0006245152282138988
18,20,6,0.0006245152067777605
18,20,7,0.0006245152170259884
18,20,8,0.0006245152286832194
18,20,9,0.0006245151843516052
18,20,10,0.0006245151768464262
18,21,1,0.016187800964160167
18,21,2,0.015023496032394027
18,21,3,0.015094043500805407
18,21,4,0.015302268941873112
18,21,5,0.014336036168831195
18,21,6,0.0150238646858159
18,21,7,0.015022218739799306
18,21,8,0.015027627469227285
18,21,9,0.015009614484242663
18,21,10,0.014394321864873324
18,22,1,0.012861588931333053
18,22,2,0.012976963467285831
18,22,3,0.01521811969274097
18,22,4,0.015417177787084282
18,22,5,0.012861588939746897
18,22,6,0.012861588994473027
18,22,7,0.013865611148163134
18,22,8,0.013788068411463716
18,22,9,0.015412705778350376
18,22,10,0.01286158899855229
18,23,1,0.012861588869637716
18,23,2,0.012861588903396023
18,23,3,0.01286158883847752
18,23,4,0.015427327438818292
18,23,5,0.013907211041395666
18,23,6,0.012861588908323193
18,23,7,0.012861588867310753
18,23,8,0.014054700289532499
18,23,9,0.015422880408680081
18,23,10,0.013844449730789896
18,24,1,0.012861588777257236
18,24,2,0.012861588793025623
18,24,3,0.012861588776105513
18,24,4,0.012861588777270878
18,24,5,0.012861588782424414
18,24,6,0.014266296186213822
18,24,7,0.012861588775279126
18,24,8,0.014053809150048375
18,24,9,0.012861588782442182
18,24,10,0.012861588784587397
19,1,1,6.997313962353144e-11
19,1,2,0.00018499691419031854
19,1,3,7.045985257437703e-11
19,1,4,7.00705961908342e-11
19,1,5,6.727107576483906e-11
19,1,6,8.190334020693775e-11
19,1,7,6.992861532336196e-11
19,1,8,0.0018772454127652138
19,1,9,7.011529593580283e-11
19,1,10,7.011461065267769e-11
19,2,1,1.1323015016337732e-10
19,2,2,7.097827533317124e-11
19,2,3,7.095023020749407e-11
19,2,4,6.992035813385805e-11
19,2,5,7.09808938779778e-11
19,2,6,7.098060812331859e-11
19,2,7,1.2460213682844998e-10
19,2,8,1.8606647981368444e-10
19,2,9,1.2167518309864703e-10
19,2,10,1.146603875721185e-10
19,3,1,9.830492646847179e-11
19,3,2,8.720045337554641e-11
19,3,3,7.139661387913275e-11
19,3,4,9.385019649981409e-11
19,3,5,8.157781406889325e-11
19,3,6,7.138236067460358e-11
19,3,7,8.43656226071563e-11
19,3,8,1.4558815458027482e-10
19,3,9,8.885471983121186e-11
19,3,10,8.543054762060524e-11
19,4,1,9.268258126618633e-11
19,4,2,9.224466673986374e-11
19,4,3,9.29490643491609e-11
19,4,4,8.886663985455198e-11
19,4,5,8.897918285617172e-11
19,4,6,8.522300710260678e-11
19,4,7,7.057021246204165e-11
19,4,8,1.2156879229407912e-10
19,4,9,9.264634992577576e-11
19,4,10,7.07684723255981e-11
19,5,1,1.4999929380435645e-10
19,5,2,1.996818641249971e-10
19,5,3,6.929521172958943e-11
19,5,4,6.826397531229569e-11
19,5,5,6.926136302816845e-11
19,5,6,1.5124947358804137e-10
19,5,7,6.861469025851614e-11
19,5,8,7.02952192782156e-11
19,5,9,1.6568319972765112e-10
19,5,10,6.929471495890522e-11
19,6,1,6.601420607333916e-11
19,6,2,5.628279292794837e-9
19,6,3,6.571959053925534e-11
19,6,4,6.576872716021035e-11
19,6,5,6.717358698399577e-11
19,6,6,6.589570579232326e-11
19,6,7,2.907952147577526e-10
19,6,8,9.859241759357843e-11
19,6,9,6.559301162828073e-11
19,6,10,7.1190603381827415e-6
19,7,1,7.078746606957847e-11
19,7,2,0.00025118214343460677
19,7,3,6.071582455705663e-11
19,7,4,6.066906911061056e-11
19,7,5,7.584405786857881e-11
19,7,6,7.034258879856384e-11
19,7,7,7.164024597720732e-5
19,7,8,6.286886237841484e-11
19,7,9,6.065859810102815e-11
19,7,10,0.00034119279143227517
19,8,1,6.500374325352577e-11
19,8,2,0.000147007722447008
19,8,3,6.48352274246255e-11
19,8,4,6.28676504646557e-11
19,8,5,6.364870014750798e-11
19,8,6,6.289547447815529e-11
19,8,7,4.658162114668351e-10
19,8,8,0.020791117690531977
19,8,9,6.463903031287859e-11
19,8,10,6.447136299929522e-11
19,9,1,7.326978980335352e-11
19,9,2,0.0011359054421045361
19,9,3,7.007936153098257e-11
19,9,4,7.007939822033113e-11
19,9,5,0.00044440653924530103
19,9,6,7.919934095784515e-11
19,9,7,7.421481246120547e-11
19,9,8,7.849678516100064e-11
19,9,9,1.0240567845868399e-10
19,9,10,7.472536959968013e-11
19,10,1,8.701482280616138e-11
19,10,2,8.086162663202892e-11
19,10,3,8.740473898944746e-11
19,10,4,8.718732671903442e-11
19,10,5,7.95932519683227e-11
19,10,6,7.967108260092005e-11
19,10,7,8.884182578086889e-11
19,10,8,6.483325005615799e-10
19,10,9,8.693500302922782e-11
19,10,10,8.115503711350587e-11
19,11,1,9.196888052614421e-11
19,11,2,8.887326762274846e-11
19,11,3,9.213339685996275e-11
19,11,4,9.206438612604648e-11
19,11,5,9.252635430655684e-11
19,11,6,9.193043610748277e-11
19,11,7,9.33252980093599e-11
19,11,8,1.2224576988551041e-10
19,11,9,8.852158148989136e-11
19,11,10,9.423108861023624e-11
19,12,1,9.405533748745381e-11
19,12,2,9.498945312470151e-11
19,12,3,9.432879574765643e-11
19,12,4,9.425396100669999e-11
19,12,5,9.003835248236502e-11
19,12,6,9.023685114927058e-11
19,12,7,9.445249400428229e-11
19,12,8,1.0300311226114427e-10
19,12,9,9.416988448281654e-11
19,12,10,9.484337269373446e-11
19,13,1,9.403070855667534e-11
19,13,2,1.0866688857149203e-10
19,13,3,9.431219122763266e-11
19,13,4,9.423538137841038e-11
19,13,5,9.409418650784089e-11
19,13,6,9.39296676714707e-11
19,13,7,9.42971686513459e-11
19,13,8,9.72205566839609e-11
19,13,9,9.415544307773784e-11
19,13,10,9.478421724269507e-11
19,14,1,9.321666485598067e-11
19,14,2,9.398465816054505e-11
19,14,3,9.347506741328925e-11
19,14,4,9.340775514764915e-11
19,14,5,8.921352952697235e-11
19,14,6,9.299917176732489e-11
19,14,7,8.8902522485968e-11
19,14,8,1.0998521520523922e-10
19,14,9,9.332032126741322e-11
19,14,10,9.389473600687242e-11
19,15,1,8.81266190430112e-11
19,15,2,8.320714477820436e-11
19,15,3,8.898381286039887e-11
19,15,4,8.87354122289489e-11
19,15,5,8.20443265796083e-11
19,15,6,8.147720823438113e-11
19,15,7,8.266916109782783e-11
19,15,8,2.9395526684166085e-10
19,15,9,8.848857787810535e-11
19,15,10,8.279357723935767e-11
19,16,1,7.538558930188781e-11
19,16,2,7.490004534840177e-11
19,16,3,5.162726076783803e-10
19,16,4,4.95321620804202e-10
19,16,5,7.24753338187074e-11
19,16,6,7.192259613860063e-11
19,16,7,7.39817995824588e-11
19,16,8,7.494168587625416e-11
19,16,9,7.46667376234233e-11
19,16,10,7.808474783904442e-11
19,17,1,5.517469043020443e-11
19,17,2,0.00017994171713104593
19,17,3,1.271441946835989e-10
19,17,4,9.794057608479924e-11
19,17,5,5.301784065242187e-11
19,17,6,5.4952420021747453e-11
19,17,7,0.00042312390474415527
19,17,8,0.0010224985081658032
19,17,9,5.286581920237602e-11
19,17,10,5.3756460924429325e-11
19,18,1,2.9829685076212368e-5
19,18,2,3.239410971978788e-10
19,18,3,3.579745942026692e-5
19,18,4,3.5449980699135126e-5
19,18,5,3.7850620582966374e-11
19,18,6,3.781191902474383e-11
19,18,7,4.53915725096297e-11
19,18,8,0.0007214147182884374
19,18,9,3.6172526866943954e-11
19,18,10,2.347329621775843e-5
19,19,1,6.93005017646846e-11
19,19,2,1.197396296665051e-10
19,19,3,0.01994132593701201
19,19,4,6.259186649643907e-11
19,19,5,1.2870888895174082e-10
19,19,6,2.7287487271880503e-11
19,19,7,1.2734004614864201e-10
19,19,8,0.000601799965076128
19,19,9,7.164836693120065e-11
19,19,10,1.0581909553333039e-10
19,20,1,6.001371725990454e-11
19,20,2,1.4939838939340365e-10
19,20,3,1.4901208851817453e-10
19,20,4,6.018969853552293e-11
19,20,5,1.6591480185236761e-10
19,20,6,1.4924598904585781e-10
19,20,7,1.4857419538303367e-10
19,20,8,1.7234025795380652e-10
19,20,9,6.341547249854678e-11
19,20,10,8.671076349915234e-11
19,21,1,3.05111622342408e-11
19,21,2,0.0010032514106384073
19,21,3,3.1296262744887107e-11
19,21,4,3.142362213509857e-11
19,21,5,6.831723354534077e-11
19,21,6,0.0010017596813208665
19,21,7,0.0010018794811871882
19,21,8,0.0009852619468982775
19,21,9,0.0009570589829800379
19,21,10,8.020566170288218e-5
19,22,1,1.7248086426365117e-10
19,22,2,0.00022825724811137676
19,22,3,4.2028798479504116e-11
19,22,4,4.1188253028761375e-11
19,22,5,1.9203266364876083e-10
19,22,6,3.193475128326121e-10
19,22,7,4.222180350825615e-11
19,22,8,0.0014057146494196396
19,22,9,4.120167206947038e-11
19,22,10,2.923794279386471e-10
19,23,1,1.5107356564353316e-10
19,23,2,1.9874711518405178e-10
19,23,3,9.141845033769003e-11
19,23,4,5.002485685684045e-11
19,23,5,5.112627125378622e-11
19,23,6,2.5816851747507996e-10
19,23,7,1.2383270693392762e-10
19,23,8,0.001596148683588979
19,23,9,5.002485092026477e-11
19,23,10,5.035912515932349e-11
19,24,1,7.288115280841195e-11
19,24,2,1.1230375273813053e-10
19,24,3,7.650461670795462e-11
19,24,4,7.725183740576344e-11
19,24,5,7.353099473357344e-11
19,24,6,6.085640385095749e-11
19,24,7,7.600020175746013e-11
19,24,8,0.001639440420867471
19,24,9,7.507338144514856e-11
19,24,10,1.0927791489987027e-10
20,1,1,0.00011869381866961159
20,1,2,0.0004054784527529946
20,1,3,0.00011869381912347744
20,1,4,0.00011869381872162383
20,1,5,0.00011869381581809163
20,1,6,0.00011869383094356103
20,1,7,0.00011869381861838503
20,1,8,0.0031413851636979363
20,1,9,0.00011869381874261762
20,1,10,0.00011869381875940725
20,2,1,0.00011869386186933729
20,2,2,0.0001186938195505934
20,2,3,0.00011869381952848159
20,2,4,0.00011869381859688134
20,2,5,0.00011869381955265126
20,2,6,0.00011869381956496485
20,2,7,0.00011869387357096154
20,2,8,0.00011869381575484667
20,2,9,0.00011869387065182213
20,2,10,0.00011869386352127903
20,3,1,0.00011869384812626672
20,3,2,0.00011869383647026534
20,3,3,0.0001186938203611499
20,3,4,0.00011869384343266324
20,3,5,0.00011869383057098387
20,3,6,0.00011869382034567055
20,3,7,0.00011869383353663687
20,3,8,0.00011869380051004934
20,3,9,0.00011869383822851379
20,3,10,0.00011869383470996823
20,4,1,0.00011869384306239055
20,4,2,0.00011869384162117508
20,4,3,0.0001186938425042258
20,4,4,0.00011869383825488582
20,4,5,0.00011869383840114153
20,4,6,0.00011869383444604768
20,4,7,0.00011869381923458403
20,4,8,0.00011869379505070909
20,4,9,0.0001186938429658714
20,4,10,0.00011869381942248753
20,5,1,0.00011869389971323543
20,5,2,0.00011869395061062889
20,5,3,0.00011869381780147012
20,5,4,0.00011869381685262278
20,5,5,0.00011869381777876134
20,5,6,0.00011869390100069518
20,5,7,0.00011869381720681335
20,5,8,0.00011869377235738001
20,5,9,0.0001186939159022889
20,5,10,0.00011869378754848325
20,6,1,0.00011869381471557003
20,6,2,0.00011869963802609495
20,6,3,0.00011869381434727827
20,6,4,0.00011869381442070881
20,6,5,0.00011869381589538642
20,6,6,0.00011869381459312617
20,6,7,0.00011869405556072304
20,6,8,0.00011869379035739227
20,6,9,0.00011869381422109991
20,6,10,0.0001259732610469394
20,7,1,0.00011869381887882992
20,7,2,0.00048601529684216805
20,7,3,0.00011869380893238701
20,7,4,0.00011869380888471509
20,7,5,0.00011869382499267054
20,7,6,0.00011869381823009483
20,7,7,0.00020969801775205983
20,7,8,0.0001186937694802232
20,7,9,0.00011869380888164669
20,7,10,0.0006282136901131892
20,8,1,0.00011869381350887665
20,8,2,0.0003249328698622262
20,8,3,0.00011869381310749417
20,8,4,0.00011869381110851878
20,8,5,0.00011869381183059187
20,8,6,0.00011869381114972242
20,8,7,0.00011869423175289159
20,8,8,0.03337557747305522
20,8,9,0.00011869381284447215
20,8,10,0.00011869376910417771
20,9,1,0.00011869382108719038
20,9,2,0.0019265661226092856
20,9,3,0.00011869381833121016
20,9,4,0.00011869381833444449
20,9,5,0.0007926535644929097
20,9,6,0.00011869382708718262
20,9,7,0.00011869382194369354
20,9,8,0.00011869377586130155
20,9,9,0.00011869385168105676
20,9,10,0.00011869382246944286
20,10,1,0.00011869383555715614
20,10,2,0.00011869382909468503
20,10,3,0.0001186938359492474
20,10,4,0.00011869383572671576
20,10,5,0.00011869382814357528
20,10,6,0.00011869382823722115
20,10,7,0.00011869383744151526
20,10,8,0.00011869399681568274
20,10,9,0.00011869383548904296
20,10,10,0.00011869382955657062
20,11,1,0.00011869384039319969
20,11,2,0.00011869383758252662
20,11,3,0.00011869384056137201
20,11,4,0.00011869384048164618
20,11,5,0.0001186938409491386
20,11,6,0.00011869384035175789
20,11,7,0.0001186938417532393
20,11,8,0.00011869387148329578
20,11,9,0.00011869383728641171
20,11,10,0.0001186938426956125
20,12,1,0.00011869384250850531
20,12,2,0.0001186938433556876
20,12,3,0.00011869384275453233
20,12,4,0.000118693842674194
20,12,5,0.00011869383888294221
20,12,6,0.00011869383913789904
20,12,7,0.00011869384285752883
20,12,8,0.00011869385152824723
20,12,9,0.00011869384259937087
20,12,10,0.00011869384324160699
20,13,1,0.00011869384248933697
20,13,2,0.00011869385648613948
20,13,3,0.00011869384273067761
20,13,4,0.00011869384268056412
20,13,5,0.00011869384254680057
20,13,6,0.00011869384242048069
20,13,7,0.00011869384271203386
20,13,8,0.00011869384528457826
20,13,9,0.00011869384262364121
20,13,10,0.00011869384318774856
20,14,1,0.00011869384168732795
20,14,2,0.00011869384237514197
20,14,3,0.00011869384190683058
20,14,4,0.00011869384183497733
20,14,5,0.00011869383812124796
20,14,6,0.00011869384149622094
20,14,7,0.00011869383777988297
20,14,8,0.00011869385904438879
20,14,9,0.00011869384176717362
20,14,10,0.00011869384231100501
20,15,1,0.0001186938366184256
20,15,2,0.00011869383186342562
20,15,3,0.0001186938374950463
20,15,4,0.00011869383719513198
20,15,5,0.00011869383079384225
20,15,6,0.00011869383029371293
20,15,7,0.00011869383134472715
20,15,8,0.0001186940493390167
20,15,9,0.00011869383697441322
20,15,10,0.00011869383146353866
20,16,1,0.00011869382420855055
20,16,2,0.00011869382331525158
20,16,3,0.00011869427400675969
20,16,4,0.0001186942595635529
20,16,5,0.00011869382172405915
20,16,6,0.00011869382122808723
20,16,7,0.00011869382251721097
20,16,8,0.00011869377434610928
20,16,9,0.00011869382410001426
20,16,10,0.00011869382816244944
20,17,1,0.00011869380367472246
20,17,2,0.00037503764320445806
20,17,3,0.0001186938790018872
20,17,4,0.00011869384810463182
20,17,5,0.00011869380087792444
20,17,6,0.00011869380311553014
20,17,7,0.0007723939057912644
20,17,8,0.0017628321079737118
20,17,9,0.00011869380075461248
20,17,10,0.00011869376610420995
20,18,1,0.00015363468604792736
20,18,2,0.0001186938876494384
20,18,3,0.00016106738136053555
20,18,4,0.0001606093272666708
20,18,5,0.00011869378555491598
20,18,6,0.0001186937854605651
20,18,7,0.00011869376120178295
20,18,8,0.001318010763220567
20,18,9,0.00011869378328594253
20,18,10,0.00014317317591522815
20,19,1,0.00011869381798201644
20,19,2,0.00011869379763167594
20,19,3,0.032345545815014136
20,19,4,0.00011869381094205835
20,19,5,0.0001186937910401492
20,19,6,0.00011869375561036637
20,19,7,0.00011869379953339725
20,19,8,0.0010654367681622412
20,19,9,0.000118693820372827
20,19,10,0.00011869379362266044
20,20,1,0.00011869380725398378
20,20,2,0.00011869380397634624
20,20,3,0.00011869379937870227
20,20,4,0.00011869380747131689
20,20,5,0.00011869380462188218
20,20,6,0.00011869381797859792
20,20,7,0.00011869380782289836
20,20,8,0.00011869381010290096
20,20,9,0.00011869381094151249
20,20,10,0.00011869377906089057
20,21,1,0.00011869377739703312
20,21,2,0.0017128159830425687
20,21,3,0.00011869377923368663
20,21,4,0.0001186937786421563
20,21,5,0.00011869382098247524
20,21,6,0.001710506800720134
20,21,7,0.0017113441035000346
20,21,8,0.0017109430750111422
20,21,9,0.0016787776341680913
20,21,10,0.00022445040182570724
20,22,1,0.00011869392621062531
20,22,2,0.0004531395200988227
20,22,3,0.00011869378968938778
20,22,4,0.00011869378866303468
20,22,5,0.00011869395202620757
20,22,6,0.00011869386868822373
20,22,7,0.00011869376253724168
20,22,8,0.0024467965765957306
20,22,9,0.00011869378865733652
20,22,10,0.00011869389576701086
20,23,1,0.00011869390394519174
20,23,2,0.00011869384521678026
20,23,3,0.00011869384114524105
20,23,4,0.00011869379788265563
20,23,5,0.0001186937991900038
20,23,6,0.00011869384239525766
20,23,7,0.00011869387502465631
20,23,8,0.002760120075399627
20,23,9,0.00011869379788303304
20,23,10,0.0001186937645674264
20,24,1,0.00011869382152341949
20,24,2,0.00011869379065469826
20,24,3,0.0001186938251839331
20,24,4,0.00011869382612412058
20,24,5,0.00011869382278282617
20,24,6,0.00011869380903938945
20,24,7,0.00011869382471714378
20,24,8,0.0027643491738623444
20,24,9,0.00011869382383615892
20,24,10,0.00011869379807057952
21,1,1,0.013205425240852164
21,1,2,0.013263573441208308
21,1,3,0.013205425232134319
21,1,4,0.013205425237501846
21,1,5,0.015175595540153523
21,1,6,0.013205425212106065
21,1,7,0.013205425243126635
21,1,8,0.014612320740953096
21,1,9,0.013205425239685006
21,1,10,0.013205425240753133
21,2,1,0.0011024848199800528
21,2,2,0.013205425220513278
21,2,3,0.013205425220432325
21,2,4,0.01574460297273177
21,2,5,0.013205425224306434
21,2,6,0.01320542523543807
21,2,7,0.0011024848221503469
21,2,8,0.0011024848485809836
21,2,9,0.00110248481618356
21,2,10,0.0011024848264489823
21,3,1,0.013205425257630514
21,3,2,0.013205425256840816
21,3,3,0.01566990992701053
21,3,4,0.013205425249073161
21,3,5,0.01320542524893171
21,3,6,0.015682412659152344
21,3,7,0.013205425254035202
21,3,8,0.013205425267651031
21,3,9,0.013205425248862314
21,3,10,0.013205425255699513
21,4,1,0.013205425283897596
21,4,2,0.013205425279723121
21,4,3,0.01320542528062811
21,4,4,0.013205425280766644
21,4,5,0.013205425298725431
21,4,6,0.013205425285115348
21,4,7,0.015063711856614202
21,4,8,0.013205425305020538
21,4,9,0.01320542528368411
21,4,10,0.014724414164784273
21,5,1,0.0011024848496542054
21,5,2,0.0011024848667478414
21,5,3,0.01320542523334518
21,5,4,0.01578221409968476
21,5,5,0.013205425217375832
21,5,6,0.0011024848517799334
21,5,7,0.014938501659760167
21,5,8,0.010624390990504719
21,5,9,0.001102484855596079
21,5,10,0.013205425196011682
21,6,1,0.013179178389227232
21,6,2,0.013167287843016226
21,6,3,0.01317974102401049
21,6,4,0.013179741027748873
21,6,5,0.013168881248335996
21,6,6,0.013183378016368126
21,6,7,0.013167286965383506
21,6,8,0.013171099407919242
21,6,9,0.013180781907775184
21,6,10,0.013172998887269981
21,7,1,0.0008351509652776372
21,7,2,0.0009120561219665206
21,7,3,0.014901015021776019
21,7,4,0.015052639659975948
21,7,5,0.0007996564683850155
21,7,6,0.000874868541472254
21,7,7,0.0008269796356762601
21,7,8,0.00916445255161715
21,7,9,0.015086471403943213
21,7,10,0.0009696665693574927
21,8,1,0.01081112203311674
21,8,2,0.010344703449565472
21,8,3,0.010913168680457773
21,8,4,0.01335529777632162
21,8,5,0.011491003214230876
21,8,6,0.013277729755554144
21,8,7,0.010315034077493571
21,8,8,0.03769046400840953
21,8,9,0.011001773412802666
21,8,10,0.01090915850798412
21,9,1,0.004400137800294354
21,9,2,0.0020133734162079042
21,9,3,0.00959229810875837
21,9,4,0.009592298112881457
21,9,5,0.0008199220839485247
21,9,6,0.0003478786317325015
21,9,7,0.0032032812240538784
21,9,8,0.00047079882020651005
21,9,9,0.000294746427543266
21,9,10,0.002470173125713533
21,10,1,0.0057458519123610545
21,10,2,0.00797911335078393
21,10,3,0.005745851908412972
21,10,4,0.005745851911795477
21,10,5,0.009174614513417433
21,10,6,0.009172311688375765
21,10,7,0.0057458519075946745
21,10,8,0.005745852067585049
21,10,9,0.005745851908958629
21,10,10,0.007832555032414971
21,11,1,0.003685806368254142
21,11,2,0.007466218636545995
21,11,3,0.0035267245844810566
21,11,4,0.003590775568033928
21,11,5,0.0035186985899512764
21,11,6,0.0037276351685388313
21,11,7,0.0035186984815323685
21,11,8,0.0035186984435677184
21,11,9,0.008003704844338615
21,11,10,0.003518698463356007
21,12,1,0.003629007050778432
21,12,2,0.0027239172275199145
21,12,3,0.003352980462458365
21,12,4,0.0034206690703756258
21,12,5,0.00866357075205425
21,12,6,0.008376371985674922
21,12,7,0.0032265606767648784
21,12,8,0.002292862716574411
21,12,9,0.003512052733801495
21,12,10,0.002858726081158254
21,13,1,0.0036451014134301625
21,13,2,2.3362975207716197e-5
21,13,3,0.003359169852434844
21,13,4,0.003429503627786326
21,13,5,0.003578552548449249
21,13,6,0.003751392332076489
21,13,7,0.0033723150993818403
21,13,8,0.0010709078449600874
21,13,9,0.0035197968226767327
21,13,10,0.00290438545144191
21,14,1,0.003785931583660953
21,14,2,0.00302473369327408
21,14,3,0.0035227419761755664
21,14,4,0.0035935490299916963
21,14,5,0.008963386661576409
21,14,6,0.004027662338492052
21,14,7,0.009474702349499254
21,14,8,0.0027517171868829304
21,14,9,0.0036803205473534533
21,14,10,0.0031101961850813625
21,15,1,0.004857711398925244
21,15,2,0.008764167340414374
21,15,3,0.00485771138888178
21,15,4,0.004857711392548408
21,15,5,0.010775293481009578
21,15,6,0.011924714993219043
21,15,7,0.009640197797403773
21,15,8,0.00485771142246487
21,15,9,0.00485771139036311
21,15,10,0.009370490846598346
21,16,1,0.009884167805929371
21,16,2,0.010075228140759208
21,16,3,0.009794752729516553
21,16,4,0.009794752722599439
21,16,5,0.012000680990069745
21,16,6,0.013356903810306651
21,16,7,0.010742401173432593
21,16,8,0.00997511325775794
21,16,9,0.009922951180446534
21,16,10,0.009808750428256248
21,17,1,0.011518334338558868
21,17,2,0.011582464830140547
21,17,3,0.01143688584447693
21,17,4,0.011436885835635239
21,17,5,0.013435756362671875
21,17,6,0.012066561826319475
21,17,7,0.011766025645154827
21,17,8,0.012273063206501999
21,17,9,0.013629917575381515
21,17,10,0.012375050821706585
21,18,1,0.013099786583944563
21,18,2,0.013076210223497711
21,18,3,0.013085080139383037
21,18,4,0.01308497036867712
21,18,5,0.013119922404844945
21,18,6,0.0131379186422181
21,18,7,0.013116200458161458
21,18,8,0.013576294010577996
21,18,9,0.015206727944993644
21,18,10,0.01308189547907829
21,19,1,0.013205425252850985
21,19,2,0.013205425272643121
21,19,3,0.03813197051942191
21,19,4,0.013205425247921928
21,19,5,0.01320542528503385
21,19,6,0.01573717533173904
21,19,7,0.01320542527642676
21,19,8,0.013597726965962204
21,19,9,0.013205425255878396
21,19,10,0.013205425258377422
21,20,1,0.0011024847837582885
21,20,2,0.001102484814047843
21,20,3,0.0011024848022976365
21,20,4,0.0011024847884624938
21,20,5,0.00110248482270145
21,20,6,0.0011024847988756888
21,20,7,0.00110248481237245
21,20,8,0.0011024848231709463
21,20,9,0.0011024847859723362
21,20,10,0.0011024847776714781
21,21,1,0.01633375663866841
21,21,2,0.015377896229980464
21,21,3,0.01530717199046394
21,21,4,0.015502750653970523
21,21,5,0.014594592303907193
21,21,6,0.015376375393243893
21,21,7,0.015376465574410747
21,21,8,0.015379229649926508
21,21,9,0.015358902602976537
21,21,10,0.01465872361858366
21,22,1,0.013205425384757868
21,22,2,0.013343237909683142
21,22,3,0.015423720651165127
21,22,4,0.015610650948666085
21,22,5,0.013205425394295457
21,22,6,0.013205425446608299
21,22,7,0.014151844772598985
21,22,8,0.01425293135459954
21,22,9,0.015606452083216895
21,22,10,0.01320542544835403
21,23,1,0.013205425321694081
21,23,2,0.01320542535424676
21,23,3,0.013205425301799604
21,23,4,0.015620180559092487
21,23,5,0.014191013946253033
21,23,6,0.013205425364788468
21,23,7,0.013205425315497827
21,23,8,0.014541891529164042
21,23,9,0.01561600521619461
21,23,10,0.0141319185548795
21,24,1,0.013205425236127376
21,24,2,0.01320542524615618
21,24,3,0.013205425232571764
21,24,4,0.013205425235769978
21,24,5,0.013205425237911564
21,24,6,0.014528981366871488
21,24,7,0.013205425235488647
21,24,8,0.014546003323504112
21,24,9,0.01320542524010632
21,24,10,0.013205425242558777
22,1,1,0.00014159905420527963
22,1,2,0.0004283729928028909
22,1,3,0.00014159905467919082
22,1,4,0.00014159905431902146
22,1,5,0.00014159905140468494
22,1,6,0.00014159906674131382
22,1,7,0.00014159905416164824
22,1,8,0.0032046893807291268
22,1,9,0.0001415990543510999
22,1,10,0.00014159905433010095
22,2,1,0.0001415990966643299
22,2,2,0.0001415990551603394
22,2,3,0.0001415990551099334
22,2,4,0.00014159905428061615
22,2,5,0.0001415990551245823
22,2,6,0.00014159905515010964
22,2,7,0.00014159910841685585
22,2,8,0.00014159905029469187
22,2,9,0.00014159910542414027
22,2,10,0.0001415990982246086
22,3,1,0.00014159908414306828
22,3,2,0.00014159907238106765
22,3,3,0.00014159905609149021
22,3,4,0.00014159907942301714
22,3,5,0.00014159906637582924
22,3,6,0.00014159905608597493
22,3,7,0.00014159906941337773
22,3,8,0.00014159903569145057
22,3,9,0.0001415990741286594
22,3,10,0.00014159907053397217
22,4,1,0.0001415990791138123
22,4,2,0.00014159907774011267
22,4,3,0.00014159907851756502
22,4,4,0.00014159907414739315
22,4,5,0.0001415990740704336
22,4,6,0.0001415990703108591
22,4,7,0.00014159905490258642
22,4,8,0.0001415990301656408
22,4,9,0.0001415990789874768
22,4,10,0.0001415990550773144
22,5,1,0.00014159913471998296
22,5,2,0.00014159918582319213
22,5,3,0.0001415990533716426
22,5,4,0.00014159905249222656
22,5,5,0.00014159905332191712
22,5,6,0.00014159913599049082
22,5,7,0.00014159905282766432
22,5,8,0.00014159900702555444
22,5,9,0.00014159915096403162
22,5,10,0.00014159902480609352
22,6,1,0.00014159905019126606
22,6,2,0.00014160498242811245
22,6,3,0.0001415990498379416
22,6,4,0.00014159904989255389
22,6,5,0.00014159905149487614
22,6,6,0.00014159905006828717
22,6,7,0.00014159929744244064
22,6,8,0.00014159902521537605
22,6,9,0.00014159904970852764
22,6,10,0.00014898834807911026
22,7,1,0.0001415990534500017
22,7,2,0.0005047632717605608
22,7,3,0.00014159904440265206
22,7,4,0.0001415990443673149
22,7,5,0.00014159905947376943
22,7,6,0.00014159905282380434
22,7,7,0.00023098480912274143
22,7,8,0.0001415990040523786
22,7,9,0.0001415990443708281
22,7,10,0.0006468122763275297
22,8,1,0.00014159904885913436
22,8,2,0.0003468763386457929
22,8,3,0.00014159904847298228
22,8,4,0.00014159904654176177
22,8,5,0.0001415990471816571
22,8,6,0.00014159904655425786
22,8,7,0.00014159947339667517
22,8,8,0.03385948698301895
22,8,9,0.00014159904823644583
22,8,10,0.0001415990037131226
22,9,1,0.00014159905613212698
22,9,2,0.0019443877249844604
22,9,3,0.00014159905371916433
22,9,4,0.0001415990537287747
22,9,5,0.0008103656433745854
22,9,6,0.00014159906152142046
22,9,7,0.00014159905686914292
22,9,8,0.00014159901005175664
22,9,9,0.00014159908616421393
22,9,10,0.000141599057304024
22,10,1,0.00014159907091172065
22,10,2,0.00014159906448773642
22,10,3,0.00014159907127578677
22,10,4,0.00014159907106488614
22,10,5,0.0001415990636242219
22,10,6,0.00014159906373112247
22,10,7,0.00014159907281255328
22,10,8,0.00014159923382057096
22,10,9,0.0001415990708118834
22,10,10,0.00014159906500099567
22,11,1,0.00014159907555850586
22,11,2,0.0001415990730637174
22,11,3,0.00014159907567801917
22,11,4,0.00014159907564962606
22,11,5,0.00014159907606599187
22,11,6,0.00014159907552445847
22,11,7,0.00014159907688863902
22,11,8,0.00014159910690117057
22,11,9,0.0001415990728163986
22,11,10,0.00014159907785602855
22,12,1,0.0001415990776684641
22,12,2,0.00014159907842167457
22,12,3,0.00014159907789631148
22,12,4,0.00014159907782722092
22,12,5,0.00014159907450215695
22,12,6,0.00014159907467728355
22,12,7,0.00014159907797001013
22,12,8,0.00014159908654877174
22,12,9,0.00014159907777591037
22,12,10,0.00014159907829026903
22,13,1,0.0001415990776603123
22,13,2,0.00014159909078131447
22,13,3,0.00014159907787485883
22,13,4,0.00014159907782193576
22,13,5,0.0001415990777102161
22,13,6,0.000141599077585282
22,13,7,0.00014159907788737657
22,13,8,0.00014159908006379924
22,13,9,0.00014159907774977513
22,13,10,0.00014159907825024557
22,14,1,0.0001415990768719286
22,14,2,0.00014159907744897907
22,14,3,0.00014159907705849664
22,14,4,0.00014159907698975424
22,14,5,0.0001415990737237895
22,14,6,0.00014159907671142244
22,14,7,0.00014159907343108108
22,14,8,0.0001415990942239449
22,14,9,0.00014159907692894947
22,14,10,0.0001415990773741462
22,15,1,0.00014159907184369274
22,15,2,0.000141599067375032
22,15,3,0.0001415990727543507
22,15,4,0.00014159907248695983
22,15,5,0.0001415990664162122
22,15,6,0.00014159906597269243
22,15,7,0.0001415990669243131
22,15,8,0.00014159928684981412
22,15,9,0.00014159907222171617
22,15,10,0.0001415990670001658
22,16,1,0.00014159905968292344
22,16,2,0.00014159905881422542
22,16,3,0.00014159951672555371
22,16,4,0.00014159950233089388
22,16,5,0.0001415990572903175
22,16,6,0.0001415990568420809
22,16,7,0.0001415990580563833
22,16,8,0.00014159900899759267
22,16,9,0.00014159905956694332
22,16,10,0.00014159906294424802
22,17,1,0.00014159903884423795
22,17,2,0.0003975511990156939
22,17,3,0.00014159911544581324
22,17,4,0.0001415990840167733
22,17,5,0.00014159903617803638
22,17,6,0.00014159903839470198
22,17,7,0.000799667312132832
22,17,8,0.0018040476878314455
22,17,9,0.00014159903602391387
22,17,10,0.0001415990007083876
22,18,1,0.0001766484691472669
22,18,2,0.00014159912321839503
22,18,3,0.00018399340934381565
22,18,4,0.00018354101482579067
22,18,5,0.00014159902050975447
22,18,6,0.00014159902044926163
22,18,7,0.00014159899554396725
22,18,8,0.001353215752404722
22,18,9,0.00014159901827535436
22,18,10,0.0001661860932705237
22,19,1,0.0001415990535858882
22,19,2,0.00014159903278019854
22,19,3,0.03298953339570614
22,19,4,0.00014159904636300467
22,19,5,0.0001415990258965515
22,19,6,0.00014159899000708734
22,19,7,0.00014159903469380565
22,19,8,0.0010973132619128364
22,19,9,0.0001415990560535076
22,19,10,0.00014159902872484535
22,20,1,0.000141599041814667
22,20,2,0.00014159903865321573
22,20,3,0.00014159903341309232
22,20,4,0.00014159904190463418
22,20,5,0.00014159903875506275
22,20,6,0.0001415990525577492
22,20,7,0.0001415990423384571
22,20,8,0.00014159904457106796
22,20,9,0.00014159904548830817
22,20,10,0.00014159901330298462
22,21,1,0.00014159901230592612
22,21,2,0.0017586023600417854
22,21,3,0.00014159901409932458
22,21,4,0.0001415990135682915
22,21,5,0.00014159906103769645
22,21,6,0.001755656807782583
22,21,7,0.0017571015747361509
22,21,8,0.0017558691901367217
22,21,9,0.0017235129890949819
22,21,10,0.0002471317652375761
22,22,1,0.00014159916376858714
22,22,2,0.0004766096990028544
22,22,3,0.00014159902485041457
22,22,4,0.00014159902377201063
22,22,5,0.000141599189952946
22,22,6,0.00014159910465364703
22,22,7,0.00014159899701771
22,22,8,0.0024996901276549107
22,22,9,0.00014159902377521363
22,22,10,0.0001415991326979786
22,23,1,0.0001415991410014071
22,23,2,0.00014159908133350068
22,23,3,0.0001415990772066204
22,23,4,0.0001415990331877638
22,23,5,0.00014159903447363582
22,23,6,0.00014159908143296168
22,23,7,0.00014159911154975225
22,23,8,0.0028202321808444685
22,23,9,0.00014159903317676235
22,23,10,0.00014159899911332687
22,24,1,0.00014159905715746193
22,24,2,0.0001415990256507689
22,24,3,0.00014159906091348778
22,24,4,0.0001415990618471952
22,24,5,0.00014159905847316973
22,24,6,0.00014159904453155413
22,24,7,0.0001415990603874558
22,24,8,0.0028252889497033693
22,24,9,0.00014159905952464307
22,24,10,0.00014159903321164178
23,1,1,0.015685095378648505
23,1,2,0.015747092653020784
23,1,3,0.01568509536946499
23,1,4,0.01568509537612584
23,1,5,0.017979090170464895
23,1,6,0.01568509534626139
23,1,7,0.01568509538246923
23,1,8,0.017102940158770102
23,1,9,0.015685095376585242
23,1,10,0.015685095381487484
23,2,1,0.00148316150246972
23,2,2,0.01568509535631419
23,2,3,0.015685095355607262
23,2,4,0.01864166663983332
23,2,5,0.01568509536019387
23,2,6,0.015685095373688403
23,2,7,0.001483161507013243
23,2,8,0.0014831615365606629
23,2,9,0.0014831614987760894
23,2,10,0.0014831615043773682
23,3,1,0.01568509539169166
23,3,2,0.015685095395747865
23,3,3,0.018554688714638754
23,3,4,0.015685095396493997
23,3,5,0.015685095395031434
23,3,6,0.018569247740564194
23,3,7,0.01568509539764094
23,3,8,0.01568509541148642
23,3,9,0.01568509539672338
23,3,10,0.015685095398158246
23,4,1,0.0156850954299337
23,4,2,0.015685095429266303
23,4,3,0.015685095424595966
23,4,4,0.015685095427394907
23,4,5,0.01568509543884431
23,4,6,0.015685095429892777
23,4,7,0.017848812041753634
23,4,8,0.015685095457625964
23,4,9,0.015685095428792664
23,4,10,0.017453737876967204
23,5,1,0.0014831615366434055
23,5,2,0.0014831615531184783
23,5,3,0.015685095370672003
23,5,4,0.018685464001010614
23,5,5,0.01568509535115249
23,5,6,0.001483161538159965
23,5,7,0.017703017746500807
23,5,8,0.012679302087617372
23,5,9,0.0014831615429161766
23,5,10,0.01568509532734756
23,6,1,0.015654534410451306
23,6,2,0.01564068919522109
23,6,3,0.01565518952454914
23,6,4,0.01565518952935097
23,6,5,0.015642544743246056
23,6,6,0.015659424320911226
23,6,7,0.01564068826364308
23,6,8,0.015645127498039205
23,6,9,0.015656401495843845
23,6,10,0.015646586132359308
23,7,1,0.0011542599188232448
23,7,2,0.0012162788963027747
23,7,3,0.017659368690813863
23,7,4,0.017835919567156962
23,7,5,0.001110243687903736
23,7,6,0.0012034036442258075
23,7,7,0.0011372822663664069
23,7,8,0.01097805526172086
23,7,9,0.017875313326247436
23,7,10,0.0012673992134287911
23,8,1,0.01289682186657208
23,8,2,0.012349899718611319
23,8,3,0.013015688698720463
23,8,4,0.01585960128178979
23,8,5,0.013688702215393478
23,8,6,0.015769284164618157
23,8,7,0.012318905869091448
23,8,8,0.03976806627010742
23,8,9,0.01311889500851696
23,8,10,0.01301101760758445
23,9,1,0.005407923975032952
23,9,2,0.0021394304483686503
23,9,3,0.011476745481791279
23,9,4,0.01147674548605306
23,9,5,0.0009455160691465333
23,9,6,0.0005375737067871305
23,9,7,0.003997490526875026
23,9,8,0.0006964888392350475
23,9,9,0.000467659819261753
23,9,10,0.003128181689514963
23,10,1,0.006986110268080275
23,10,2,0.009595667571455288
23,10,3,0.006986110263562997
23,10,4,0.006986110267697907
23,10,5,0.010989901361088588
23,10,6,0.010987216895453058
23,10,7,0.006986110263856063
23,10,8,0.006986110424252235
23,10,9,0.0069861102655193125
23,10,10,0.009424647942436092
23,11,1,0.004567159898492169
23,11,2,0.008997053485657849
23,11,3,0.004379526335093355
23,11,4,0.004455092803530509
23,11,5,0.0043700554553876905
23,11,6,0.0046164694999479405
23,11,7,0.00437005532701698
23,11,8,0.004370055281794831
23,11,9,0.0096243610986022
23,11,10,0.004370055305971035
23,12,1,0.004500185002320106
23,12,2,0.0034296908133625045
23,12,3,0.004174403707917112
23,12,4,0.0042543423662339845
23,12,5,0.01039406286643787
23,12,6,0.010059112292884757
23,12,7,0.004025013389444278
23,12,8,0.002917018282961761
23,12,9,0.004362212844952335
23,12,10,0.0035895888375798235
23,13,1,0.004519164729532145
23,13,2,7.510181208888999e-5
23,13,3,0.004181714616333047
23,13,4,0.004264773343503813
23,13,5,0.004440674346453889
23,13,6,0.004644470725148536
23,13,7,0.0041972408584640825
23,13,8,0.0014445188989025517
23,13,9,0.004371351423367136
23,13,10,0.0036437046617345337
23,14,1,0.004685174158875993
23,14,2,0.003786248392759381
23,14,3,0.004374826814019347
23,14,4,0.00445836428773935
23,14,5,0.010743650898626606
23,14,6,0.004969855907957839
23,14,7,0.011339689841258634
23,14,8,0.0034626799439245706
23,14,9,0.004560692177341366
23,14,10,0.003887393849029543
23,15,1,0.00594524373063806
23,15,2,0.010511367801387535
23,15,3,0.005945243719020947
23,15,4,0.005945243723752415
23,15,5,0.012855086842341563
23,15,6,0.014193793946270645
23,15,7,0.01153256917735355
23,15,8,0.0059452437511425555
23,15,9,0.005945243720554118
23,15,10,0.011218225791590689
23,16,1,0.011816877773815541
23,16,2,0.012039505281184821
23,16,3,0.011712682828110147
23,16,4,0.011712682767880116
23,16,5,0.014282258105551211
23,16,6,0.015861471279925213
23,16,7,0.012816771686524082
23,16,8,0.011922851748930234
23,16,9,0.01186207055947557
23,16,10,0.011728994372044449
23,17,1,0.013720532820833468
23,17,2,0.013762225942929817
23,17,3,0.013625675003955992
23,17,4,0.013625674991892779
23,17,5,0.015953283768451777
23,17,6,0.01435897695173091
23,17,7,0.013964427614564338
23,17,8,0.014484339299573492
23,17,9,0.016179355735560532
23,17,10,0.01471820509477373
23,18,1,0.015559170698989978
23,18,2,0.01553464122699037
23,18,3,0.015543712828366179
23,18,4,0.015543614831878114
23,18,5,0.015585538534852436
23,18,6,0.015606492833743109
23,18,7,0.0155812048040569
23,18,8,0.016043614718191053
23,18,9,0.0180153411640062
23,18,10,0.01554050547575119
23,19,1,0.015685095394898936
23,19,2,0.015685095414452583
23,19,3,0.04094435177618496
23,19,4,0.015685095386778057
23,19,5,0.015685095419161185
23,19,6,0.01863301733165242
23,19,7,0.015685095415525714
23,19,8,0.016088040360046813
23,19,9,0.015685095397097174
23,19,10,0.01568509540109424
23,20,1,0.0014831614642966198
23,20,2,0.0014831614993433796
23,20,3,0.0014831614845698888
23,20,4,0.0014831614724311946
23,20,5,0.0014831615086388055
23,20,6,0.0014831614816379097
23,20,7,0.0014831614964925077
23,20,8,0.0014831615098197647
23,20,9,0.0014831614660927972
23,20,10,0.0014831614657776885
23,21,1,0.0193277465687216
23,21,2,0.01811740383521088
23,21,3,0.018132300223257753
23,21,4,0.018360038999408437
23,21,5,0.017302576995474286
23,21,6,0.018119822307817883
23,21,7,0.018119903277879428
23,21,8,0.01811784376675244
23,21,9,0.018093463719354417
23,21,10,0.017370415626375535
23,22,1,0.015685095536934916
23,22,2,0.015823401388890896
23,22,3,0.01826801313586184
23,22,4,0.018485683820247782
23,22,5,0.01568509555536472
23,22,6,0.015685095608643444
23,22,7,0.016787060511533794
23,22,8,0.01675825042171709
23,22,9,0.01848079441299793
23,22,10,0.01568509561142384
23,23,1,0.015685095472295935
23,23,2,0.015685095503826574
23,23,3,0.015685095459259567
23,23,4,0.018496780671321
23,23,5,0.016832667161793605
23,23,6,0.01568509550920756
23,23,7,0.015685095470157784
23,23,8,0.01706120135730701
23,23,9,0.018491918649170717
23,23,10,0.01676385942283709
23,24,1,0.015685095367060236
23,24,2,0.01568509538878119
23,24,3,0.015685095369623793
23,24,4,0.015685095368942657
23,24,5,0.015685095376896222
23,24,6,0.017226181855453628
23,24,7,0.01568509536785273
23,24,8,0.017068850056599236
23,24,9,0.015685095374741224
23,24,10,0.015685095381022564
24,1,1,0.014238123642952686
24,1,2,0.014338577506590228
24,1,3,0.014238123638073604
24,1,4,0.014238123641078473
24,1,5,0.01613784893680067
24,1,6,0.014238123617655744
24,1,7,0.014238123646156946
24,1,8,0.01608265499157066
24,1,9,0.014238123644286213
24,1,10,0.014238123643425088
24,2,1,0.001964596895635288
24,2,2,0.014238123627864419
24,2,3,0.014238123623635161
24,2,4,0.016685181144470856
24,2,5,0.014238123629036795
24,2,6,0.014238123639635634
24,2,7,0.0019645969018638534
24,2,8,0.001964596918647745
24,2,9,0.0019645969002330213
24,2,10,0.0019645968985860227
24,3,1,0.014238123654756768
24,3,2,0.014238123662773905
24,3,3,0.016613362823330893
24,3,4,0.01423812365672144
24,3,5,0.014238123653219003
24,3,6,0.016625384960182798
24,3,7,0.014238123660346899
24,3,8,0.014238123669683923
24,3,9,0.014238123652294314
24,3,10,0.014238123659950886
24,4,1,0.014238123689740699
24,4,2,0.014238123684682085
24,4,3,0.014238123686513296
24,4,4,0.014238123689989245
24,4,5,0.01423812369073787
24,4,6,0.01423812368926346
24,4,7,0.016030164396287867
24,4,8,0.014238123710436852
24,4,9,0.014238123689938592
24,4,10,0.015703467215446253
24,5,1,0.0019645969330750125
24,5,2,0.0019645969516016294
24,5,3,0.014238123637369416
24,5,4,0.01672134147546267
24,5,5,0.014238123622779661
24,5,6,0.0019645969329837127
24,5,7,0.01590962787260333
24,5,8,0.011734690487749552
24,5,9,0.001964596938714491
24,5,10,0.014238123598624086
24,6,1,0.014212759492248771
24,6,2,0.014201269483453054
24,6,3,0.014213303222157978
24,6,4,0.014213303227214041
24,6,5,0.014202808198088715
24,6,6,0.014216817993210347
24,6,7,0.014201267445727217
24,6,8,0.01420495188025421
24,6,9,0.014214309128708474
24,6,10,0.01420827307534991
24,7,1,0.0016345909428913978
24,7,2,0.0017058580985487184
24,7,3,0.01587353513420264
24,7,4,0.016019506583428725
24,7,5,0.0015895400552675017
24,7,6,0.0016846135842528524
24,7,7,0.0016193207665758632
24,7,8,0.010308017106603567
24,7,9,0.01605207148003802
24,7,10,0.00175816389911601
24,8,1,0.011916527700596438
24,8,2,0.01148668619028616
24,8,3,0.012015845447076847
24,8,4,0.014382924756395061
24,8,5,0.012577540241158699
24,8,6,0.01430798807313539
24,8,7,0.011433146365648591
24,8,8,0.04210341604787529
24,8,9,0.01210205026033599
24,8,10,0.012011943223790499
24,9,1,0.0055475716656128845
24,9,2,0.002483809492433734
24,9,3,0.01072710903417787
24,9,4,0.010727109037559173
24,9,5,0.0013506895400148535
24,9,6,0.000972439740118834
24,9,7,0.004301264865987617
24,9,8,0.001151197367506184
24,9,9,0.0008909188329294463
24,9,10,0.0035163399678224505
24,10,1,0.00691612105910612
24,10,2,0.009141739585262284
24,10,3,0.0069161210528474485
24,10,4,0.006916121058020965
24,10,5,0.010317981706133938
24,10,6,0.01031572365172452
24,10,7,0.0069161210548666675
24,10,8,0.00691612123899252
24,10,9,0.006916121056225985
24,10,10,0.008996935168923659
24,11,1,0.004807994096810817
24,11,2,0.008634322487649383
24,11,3,0.004641654196504142
24,11,4,0.004708707811162313
24,11,5,0.004633244118690994
24,11,6,0.004851622722023073
24,11,7,0.004633244008639606
24,11,8,0.004633243970507671
24,11,9,0.009166022616668126
24,11,10,0.004633243988152929
24,12,1,0.004748679504361028
24,12,2,0.0037904446399048487
24,12,3,0.004459191405056077
24,12,4,0.004530379062453484
24,12,5,0.009816184158748931
24,12,6,0.009533537210878152
24,12,7,0.004325869363511732
24,12,8,0.0033229778652792406
24,12,9,0.004626278901906422
24,12,10,0.003934958193761056
24,13,1,0.004765495023350974
24,13,2,0.00035221149249603257
24,13,3,0.004465706314314349
24,13,4,0.004539660520746363
24,13,5,0.00469592027792695
24,13,6,0.004876382643514037
24,13,7,0.004479539175362556
24,13,8,0.0019263552025538923
24,13,9,0.004634395016275214
24,13,10,0.003983743855424383
24,14,1,0.004912354949518988
24,14,2,0.004111963998050347
24,14,3,0.004637481221534944
24,14,4,0.00471160879881671
24,14,5,0.01011074605710858
24,14,6,0.005163327172707581
24,14,7,0.010612008019739274
24,14,8,0.003820305584093372
24,14,9,0.004802268955885621
24,14,10,0.004202706610826375
24,15,1,0.006016032899129956
24,15,2,0.00991507344846182
24,15,3,0.0060160328892847155
24,15,4,0.006016032893802412
24,15,5,0.011881648223645793
24,15,6,0.012998421559717286
24,15,7,0.010773973895411066
24,15,8,0.006016032939736849
24,15,9,0.006016032889933599
24,15,10,0.010509951894466595
24,16,1,0.011012510196659237
24,16,2,0.01119913113969295
24,16,3,0.010925117827403621
24,16,4,0.010925117818708514
24,16,5,0.013072081179522712
24,16,6,0.01438447615956961
24,16,7,0.011849623028820908
24,16,8,0.011101362189366854
24,16,9,0.011050405250817201
24,16,10,0.010938801185173295
24,17,1,0.012604080283955965
24,17,2,0.012697483408179354
24,17,3,0.012524982134253407
24,17,4,0.012524982122600064
24,17,5,0.014460639241812514
24,17,6,0.01313594806964979
24,17,7,0.01294613000413054
24,17,8,0.013587674261589994
24,17,9,0.014648118042759372
24,17,10,0.013434841171895905
24,18,1,0.014143152080397844
24,18,2,0.014113238296538665
24,18,3,0.014128425569464252
24,18,4,0.014128242557956803
24,18,5,0.014155490267484682
24,18,6,0.014172884009295466
24,18,7,0.014151892829501952
24,18,8,0.014789862027108452
24,18,9,0.016167809117130574
24,18,10,0.01412256680790962
24,19,1,0.014238123660474123
24,19,2,0.014238123677101328
24,19,3,0.043743216390896636
24,19,4,0.01423812365237049
24,19,5,0.014238123687157956
24,19,6,0.016678039748183833
24,19,7,0.014238123680726064
24,19,8,0.014771696966434988
24,19,9,0.014238123661199134
24,19,10,0.014238123667867081
24,20,1,0.001964596856926897
24,20,2,0.0019645968810333646
24,20,3,0.0019645968612187065
24,20,4,0.0019645968554540066
24,20,5,0.0019645968939384084
24,20,6,0.001964596866060976
24,20,7,0.0019645968830410213
24,20,8,0.001964596896523381
24,20,9,0.0019645968638824277
24,20,10,0.0019645968495539904
24,21,1,0.017251367811892
24,21,2,0.016625255533293467
24,21,3,0.01626446006920682
24,21,4,0.016452605387037973
24,21,5,0.015578411556191519
24,21,6,0.016623286148652074
24,21,7,0.016623589948860557
24,21,8,0.016620442797540252
24,21,9,0.01659403710596115
24,21,10,0.01566002917943431
24,22,1,0.01423812380246393
24,22,2,0.014430188905616818
24,22,3,0.016376586567659283
24,22,4,0.01655637837111935
24,22,5,0.014238123813532918
24,22,6,0.014238123860794484
24,22,7,0.01515167767727463
24,22,8,0.015615992030473126
24,22,9,0.016552340463392653
24,22,10,0.014238123863011825
24,23,1,0.014238123733948452
24,23,2,0.014238123762949528
24,23,3,0.014238123713103333
24,23,4,0.016565542583574996
24,23,5,0.015189445649039639
24,23,6,0.014238123775797432
24,23,7,0.014238123719558219
24,23,8,0.015968806489206407
24,23,9,0.016561527356805328
24,23,10,0.015132463099926607
24,24,1,0.01423812363094151
24,24,2,0.014238123647191013
24,24,3,0.014238123639226512
24,24,4,0.01423812363866002
24,24,5,0.014238123643588719
24,24,6,0.015515197485969228
24,24,7,0.014238123643728827
24,24,8,0.015984211438255003
24,24,9,0.014238123642344629
24,24,10,0.014238123641039612
25,1,1,3.814901557223219e-5
25,1,2,0.0003580334100537339
25,1,3,3.8149015904327026e-5
25,1,4,3.8149015641240714e-5
25,1,5,3.814901291438211e-5
25,1,6,3.814902836360888e-5
25,1,7,3.814901551312874e-5
25,1,8,0.003193860314295273
25,1,9,3.8149015705031205e-5
25,1,10,3.814901563842046e-5
25,2,1,3.814905699449788e-5
25,2,2,3.814901656827419e-5
25,2,3,3.8149016505372925e-5
25,2,4,3.814901570088844e-5
25,2,5,3.8149016626892676e-5
25,2,6,3.814901652223171e-5
25,2,7,3.814906889099666e-5
25,2,8,3.8149010824454895e-5
25,2,9,3.8149066032967766e-5
25,2,10,3.814905894767797e-5
25,3,1,3.8149045844750004e-5
25,3,2,3.814903407183356e-5
25,3,3,3.814901756682977e-5
25,3,4,3.814904125510665e-5
25,3,5,3.814902788603433e-5
25,3,6,3.814901749355302e-5
25,3,7,3.814903131858187e-5
25,3,8,3.814899688750008e-5
25,3,9,3.814903570069044e-5
25,3,10,3.8149032364697446e-5
25,4,1,3.8149040753025625e-5
25,4,2,3.8149039530663455e-5
25,4,3,3.8149040257300426e-5
25,4,4,3.8149035771334425e-5
25,4,5,3.8149035609552176e-5
25,4,6,3.81490320987222e-5
25,4,7,3.814901614731818e-5
25,4,8,3.814899116133011e-5
25,4,9,3.814904078858636e-5
25,4,10,3.8149016588517564e-5
25,5,1,3.814909545059365e-5
25,5,2,3.814914768524632e-5
25,5,3,3.814901470622025e-5
25,5,4,3.814901414704529e-5
25,5,5,3.814901479497371e-5
25,5,6,3.814909714667941e-5
25,5,7,3.814901430555139e-5
25,5,8,3.814896737412419e-5
25,5,9,3.814911218142546e-5
25,5,10,3.814897106832708e-5
25,6,1,3.8149011604368464e-5
25,6,2,3.815513928987729e-5
25,6,3,3.814901106721052e-5
25,6,4,3.814901121956478e-5
25,6,5,3.814901384735633e-5
25,6,6,3.8149011410987915e-5
25,6,7,3.814925592853995e-5
25,6,8,3.814898963427445e-5
25,6,9,3.814901103970755e-5
25,6,10,4.611188610020332e-5
25,7,1,3.814901322800403e-5
25,7,2,0.0004331406732515962
25,7,3,3.814900558756025e-5
25,7,4,3.814900557480985e-5
25,7,5,3.8149019915415884e-5
25,7,6,3.814901296718521e-5
25,7,7,0.00014316543750786888
25,7,8,3.814896429508414e-5
25,7,9,3.81490055657212e-5
25,7,10,0.0005783698948586639
25,8,1,3.814900990839343e-5
25,8,2,0.0002731070200341597
25,8,3,3.814900954778888e-5
25,8,4,3.814900784171263e-5
25,8,5,3.814900827629518e-5
25,8,6,3.8149007771518845e-5
25,8,7,3.814944723603496e-5
25,8,8,0.03297062549763836
25,8,9,3.814900933642563e-5
25,8,10,3.8148963724705054e-5
25,9,1,3.814901684866181e-5
25,9,2,0.001881995658363941
25,9,3,3.814901484885207e-5
25,9,4,3.814901491017147e-5
25,9,5,0.0007425910522712321
25,9,6,3.814902134646812e-5
25,9,7,3.8149017467637075e-5
25,9,8,3.8148969519516286e-5
25,9,9,3.814904641206801e-5
25,9,10,3.81490177798743e-5
25,10,1,3.814903209992417e-5
25,10,2,3.814902572071492e-5
25,10,3,3.814903232638289e-5
25,10,4,3.814903221902804e-5
25,10,5,3.8149024892394796e-5
25,10,6,3.8149025028189695e-5
25,10,7,3.8149033915335814e-5
25,10,8,3.814919846591949e-5
25,10,9,3.81490319667044e-5
25,10,10,3.814902627131173e-5
25,11,1,3.814903643564183e-5
25,11,2,3.814903445897923e-5
25,11,3,3.8149036606127286e-5
25,11,4,3.8149036554872055e-5
25,11,5,3.8149037107607084e-5
25,11,6,3.8149036398591874e-5
25,11,7,3.814903786061387e-5
25,11,8,3.814906840394797e-5
25,11,9,3.814903427962686e-5
25,11,10,3.814903884395231e-5
25,12,1,3.8149038617591414e-5
25,12,2,3.814903919776432e-5
25,12,3,3.814903886412414e-5
25,12,4,3.8149038754194356e-5
25,12,5,3.814903583230072e-5
25,12,6,3.814903622652824e-5
25,12,7,3.8149038967657155e-5
25,12,8,3.814904713007066e-5
25,12,9,3.8149038663744044e-5
25,12,10,3.814903925864544e-5
25,13,1,3.81490385802831e-5
25,13,2,3.814905079469133e-5
25,13,3,3.8149038765282403e-5
25,13,4,3.8149038857041144e-5
25,13,5,3.814903868695343e-5
25,13,6,3.814903866394889e-5
25,13,7,3.8149038890378924e-5
25,13,8,3.8149040610998e-5
25,13,9,3.814903871577313e-5
25,13,10,3.8149039078164055e-5
25,14,1,3.814903782562385e-5
25,14,2,3.814903827555944e-5
25,14,3,3.814903795253653e-5
25,14,4,3.8149037951975814e-5
25,14,5,3.814903525624965e-5
25,14,6,3.814903760574488e-5
25,14,7,3.81490347512174e-5
25,14,8,3.814905513512365e-5
25,14,9,3.814903785370842e-5
25,14,10,3.814903823628462e-5
25,15,1,3.81490329849312e-5
25,15,2,3.814902864049796e-5
25,15,3,3.814903380793283e-5
25,15,4,3.814903360664373e-5
25,15,5,3.8149027919659684e-5
25,15,6,3.814902766557937e-5
25,15,7,3.814902834604126e-5
25,15,8,3.814925236022729e-5
25,15,9,3.8149033282116866e-5
25,15,10,3.814902855470761e-5
25,16,1,3.8149020885730764e-5
25,16,2,3.814902012955858e-5
25,16,3,3.814948716680739e-5
25,16,4,3.8149471522158406e-5
25,16,5,3.81490186160245e-5
25,16,6,3.8149018064758596e-5
25,16,7,3.814901929338978e-5
25,16,8,3.81489692330005e-5
25,16,9,3.81490205766386e-5
25,16,10,3.81490251930148e-5
25,17,1,3.814899939010909e-5
25,17,2,0.0003275056957549592
25,17,3,3.814907819317704e-5
25,17,4,3.814904584731316e-5
25,17,5,3.814899697639641e-5
25,17,6,3.8148999208597524e-5
25,17,7,0.0007430619816060656
25,17,8,0.0017706046237791263
25,17,9,3.814899696115702e-5
25,17,10,3.8148960767330156e-5
25,18,1,8.000245422441143e-5
25,18,2,3.814909467918296e-5
25,18,3,8.95518048353851e-5
25,18,4,8.899260774982993e-5
25,18,5,3.814898116880082e-5
25,18,6,3.814898081896342e-5
25,18,7,3.814895907577865e-5
25,18,8,0.0013118578206413943
25,18,9,3.8148978850271523e-5
25,18,10,6.773694651300624e-5
25,19,1,3.814901493559762e-5
25,19,2,3.814899363314513e-5
25,19,3,0.03235437554230587
25,19,4,3.814900760623491e-5
25,19,5,3.8148989619832554e-5
25,19,6,3.8148950227811585e-5
25,19,7,3.814899603813045e-5
25,19,8,0.0010507786984246944
25,19,9,3.814901748061917e-5
25,19,10,3.8148989597306736e-5
25,20,1,3.814900190161793e-5
25,20,2,3.8148998958373285e-5
25,20,3,3.814900004965125e-5
25,20,4,3.8149002516060585e-5
25,20,5,3.814900445160315e-5
25,20,6,3.8149013081292055e-5
25,20,7,3.814900309045203e-5
25,20,8,3.814900502844411e-5
25,20,9,3.8149005766175105e-5
25,20,10,3.8148973162575055e-5
25,21,1,3.8148972898104935e-5
25,21,2,0.0017273359439981032
25,21,3,3.814897414598215e-5
25,21,4,3.814897369351286e-5
25,21,5,3.814900600669749e-5
25,21,6,0.0017249964200339992
25,21,7,0.0017257503294036938
25,21,8,0.0017240186112964253
25,21,9,0.0016922793407164896
25,21,10,0.00016393931360790084
25,22,1,3.814912779329191e-5
25,22,2,0.00041080356752734603
25,22,3,3.814898539007142e-5
25,22,4,3.8148984433856496e-5
25,22,5,3.814915480850574e-5
25,22,6,3.814906881795211e-5
25,22,7,3.8148957458723235e-5
25,22,8,0.0024691518468899823
25,22,9,3.814898436443896e-5
25,22,10,3.814907174067943e-5
25,23,1,3.8149104642659985e-5
25,23,2,3.814904356517086e-5
25,23,3,3.814903905080505e-5
25,23,4,3.814899420283715e-5
25,23,5,3.814899498824478e-5
25,23,6,3.8149029589577774e-5
25,23,7,3.8149074507930096e-5
25,23,8,0.002805234583497408
25,23,9,3.814899402902951e-5
25,23,10,3.8148959241098135e-5
25,24,1,3.81490186328902e-5
25,24,2,3.814898663178502e-5
25,24,3,3.814902237520952e-5
25,24,4,3.81490233737267e-5
25,24,5,3.814902003045324e-5
25,24,6,3.8149005806423596e-5
25,24,7,3.814902169426507e-5
25,24,8,0.0028149339028876747
25,24,9,3.8149020964101206e-5
25,24,10,3.8148985689552706e-5
26,1,1,5.065111317868677e-5
26,1,2,0.000366943854148918
26,1,3,5.065111368586578e-5
26,1,4,5.065111327213782e-5
26,1,5,5.0651110464853505e-5
26,1,6,5.0651126044927906e-5
26,1,7,5.065111313153518e-5
26,1,8,0.003207225576269552
26,1,9,5.0651113321212284e-5
26,1,10,5.065111330071274e-5
26,2,1,5.06511550395662e-5
26,2,2,5.0651114192731876e-5
26,2,3,5.065111411118107e-5
26,2,4,5.065111345228634e-5
26,2,5,5.065111415552736e-5
26,2,6,5.065111415606947e-5
26,2,7,5.065116689485087e-5
26,2,8,5.0651108328917505e-5
26,2,9,5.065116380919528e-5
26,2,10,5.065115668175095e-5
26,3,1,5.06511439390254e-5
26,3,2,5.065113189189088e-5
26,3,3,5.065111529868592e-5
26,3,4,5.0651139156726615e-5
26,3,5,5.0651125718868306e-5
26,3,6,5.065111530757264e-5
26,3,7,5.065112881320557e-5
26,3,8,5.065109433661823e-5
26,3,9,5.065113365692695e-5
26,3,10,5.0651130033981426e-5
26,4,1,5.065113848359626e-5
26,4,2,5.065113713062361e-5
26,4,3,5.0651138192504945e-5
26,4,4,5.0651133699562245e-5
26,4,5,5.065113390592759e-5
26,4,6,5.065112963776599e-5
26,4,7,5.065111408549007e-5
26,4,8,5.0651088896226216e-5
26,4,9,5.0651138369762466e-5
26,4,10,5.0651114260385374e-5
26,5,1,5.065119352250981e-5
26,5,2,5.0651245347674794e-5
26,5,3,5.065111232496346e-5
26,5,4,5.065111165344673e-5
26,5,5,5.0651112325464814e-5
26,5,6,5.065119481928587e-5
26,5,7,5.0651111911588964e-5
26,5,8,5.0651064942564706e-5
26,5,9,5.065121000487418e-5
26,5,10,5.065106936206628e-5
26,6,1,5.0651109195439305e-5
26,6,2,5.0657236080239253e-5
26,6,3,5.065110880121262e-5
26,6,4,5.065110883843048e-5
26,6,5,5.0651110949123776e-5
26,6,6,5.0651109037504605e-5
26,6,7,5.0651356737413976e-5
26,6,8,5.065108572925622e-5
26,6,9,5.065110862003942e-5
26,6,10,5.84128613982716e-5
26,7,1,5.065111086312126e-5
26,7,2,0.0004421046245993859
26,7,3,5.065110319571341e-5
26,7,4,5.065110318295329e-5
26,7,5,5.0651117566196104e-5
26,7,6,5.0651110566987606e-5
26,7,7,0.0001529512376303745
26,7,8,5.0651061829080105e-5
26,7,9,5.065110320405217e-5
26,7,10,0.0004674862779444349
26,8,1,5.065110752001418e-5
26,8,2,0.00028219653653917905
26,8,3,5.065110713199845e-5
26,8,4,5.065110532093055e-5
26,8,5,5.065110592107176e-5
26,8,6,5.065110534974889e-5
26,8,7,5.065154404818699e-5
26,8,8,0.03265220804429352
26,8,9,5.065110690201365e-5
26,8,10,5.065106146585173e-5
26,9,1,5.0651114423211445e-5
26,9,2,0.0018878943766025727
26,9,3,5.06511124600358e-5
26,9,4,5.065111242527975e-5
26,9,5,0.0007518210854553158
26,9,6,5.065111895906207e-5
26,9,7,5.065111507065517e-5
26,9,8,5.0651067756318385e-5
26,9,9,5.065114397493039e-5
26,9,10,5.065111543020132e-5
26,10,1,5.065112962552526e-5
26,10,2,5.065112336991373e-5
26,10,3,5.065113005878234e-5
26,10,4,5.06511298407103e-5
26,10,5,5.06511225444665e-5
26,10,6,5.065112268349321e-5
26,10,7,5.065113160812296e-5
26,10,8,5.065129955897839e-5
26,10,9,5.065112955965233e-5
26,10,10,5.065112387913292e-5
26,11,1,5.065113413190131e-5
26,11,2,5.065113209721406e-5
26,11,3,5.065113423856762e-5
26,11,4,5.065113418908513e-5
26,11,5,5.0651134669286986e-5
26,11,6,5.065113414399073e-5
26,11,7,5.0651135507615945e-5
26,11,8,5.065116613285819e-5
26,11,9,5.0651131896891155e-5
26,11,10,5.065113644884699e-5
26,12,1,5.065113628359002e-5
26,12,2,5.065113691858027e-5
26,12,3,5.0651136457168644e-5
26,12,4,5.065113641868853e-5
26,12,5,5.065113366395383e-5
26,12,6,5.065113385455156e-5
26,12,7,5.065113657870893e-5
26,12,8,5.065114511679053e-5
26,12,9,5.0651136353946295e-5
26,12,10,5.065113681577983e-5
26,13,1,5.065113630171705e-5
26,13,2,5.065114850187236e-5
26,13,3,5.065113645039025e-5
26,13,4,5.065113642812202e-5
26,13,5,5.065113632647591e-5
26,13,6,5.065113621861189e-5
26,13,7,5.0651136441337375e-5
26,13,8,5.0651138245881966e-5
26,13,9,5.065113637697373e-5
26,13,10,5.0651136742100356e-5
26,14,1,5.0651135468757665e-5
26,14,2,5.0651136002931634e-5
26,14,3,5.065113565061984e-5
26,14,4,5.0651135621124154e-5
26,14,5,5.0651132899193115e-5
26,14,6,5.0651135321282364e-5
26,14,7,5.065113265803859e-5
26,14,8,5.065115275166373e-5
26,14,9,5.065113555729493e-5
26,14,10,5.065113589997551e-5
26,15,1,5.065113051727104e-5
26,15,2,5.065112639812528e-5
26,15,3,5.065113143688135e-5
26,15,4,5.065113119161405e-5
26,15,5,5.0651125616706856e-5
26,15,6,5.065112523329201e-5
26,15,7,5.065112604801344e-5
26,15,8,5.065134989267136e-5
26,15,9,5.065113096238893e-5
26,15,10,5.065112607771424e-5
26,16,1,5.065111857475419e-5
26,16,2,5.065111776319076e-5
26,16,3,5.065158505237323e-5
26,16,4,5.0651570258155184e-5
26,16,5,5.0651116270736766e-5
26,16,6,5.065111590759057e-5
26,16,7,5.0651116934617744e-5
26,16,8,5.0651066771470575e-5
26,16,9,5.065111824063757e-5
26,16,10,5.0651122615468106e-5
26,17,1,5.0651097028122746e-5
26,17,2,0.00021058348581537724
26,17,3,5.0651175834154765e-5
26,17,4,5.0651143640035474e-5
26,17,5,5.065109461283702e-5
26,17,6,5.0651096815983365e-5
26,17,7,0.0007480476397918556
26,17,8,0.0017694116027041542
26,17,9,5.065109454593099e-5
26,17,10,5.06510571284484e-5
26,18,1,9.098204102034691e-5
26,18,2,5.065119095977441e-5
26,18,3,0.00010023251792466476
26,18,4,9.96900030018744e-5
26,18,5,5.0651078869806255e-5
26,18,6,5.06510783040707e-5
26,18,7,5.0651057264909225e-5
26,18,8,0.001321737035066635
26,18,9,5.06510763094332e-5
26,18,10,7.874316573417603e-5
26,19,1,5.065111256816252e-5
26,19,2,5.065109081283356e-5
26,19,3,0.032049855158810196
26,19,4,5.0651105195898216e-5
26,19,5,5.0651088729296256e-5
26,19,6,5.065104780058371e-5
26,19,7,5.0651094191327e-5
26,19,8,0.0010599077937697805
26,19,9,5.0651115045592736e-5
26,19,10,5.065108382497297e-5
26,20,1,5.0651099478176795e-5
26,20,2,5.065109560503271e-5
26,20,3,5.065109717196112e-5
26,20,4,5.065110005951045e-5
26,20,5,5.0651102643983265e-5
26,20,6,5.0651098488904735e-5
26,20,7,5.0651101268245796e-5
26,20,8,5.065110273222773e-5
26,20,9,5.065110325126008e-5
26,20,10,5.065107035516248e-5
26,21,1,5.065107034278337e-5
26,21,2,0.0017384589114364556
26,21,3,5.065107165093105e-5
26,21,4,5.0651071390101696e-5
26,21,5,5.065110349872304e-5
26,21,6,0.0017362356982950796
26,21,7,0.0017369376534749719
26,21,8,0.0017439039803318274
26,21,9,0.0017009636281542129
26,21,10,0.00011213369530595976
26,22,1,5.065122551222461e-5
26,22,2,0.00041961550878296967
26,22,3,5.065108293582062e-5
26,22,4,5.065108201631495e-5
26,22,5,5.065125235945418e-5
26,22,6,5.065116893257337e-5
26,22,7,5.0651055221832234e-5
26,22,8,0.0024944099578674247
26,22,9,5.0651082003666525e-5
26,22,10,5.0651170016657504e-5
26,23,1,5.065120241399384e-5
26,23,2,5.0651123464106106e-5
26,23,3,5.065113679297125e-5
26,23,4,5.0651091697633475e-5
26,23,5,5.065109272115409e-5
26,23,6,5.0651124384701933e-5
26,23,7,5.065117229540054e-5
26,23,8,0.002814793919467522
26,23,9,5.065109164473714e-5
26,23,10,5.065105708158107e-5
26,24,1,5.065111622736077e-5
26,24,2,5.065108478453094e-5
26,24,3,5.0651120019826875e-5
26,24,4,5.0651121034044515e-5
26,24,5,5.0651117529697644e-5
26,24,6,5.0651103323331695e-5
26,24,7,5.0651119532756286e-5
26,24,8,0.002827950818850383
26,24,9,5.065111864893443e-5
26,24,10,5.065108335143438e-5
27,1,1,0.00012864633414218414
27,1,2,0.0004247618870672905
27,1,3,0.00012864633467172328
27,1,4,0.00012864633428383846
27,1,5,0.00012864633143446874
27,1,6,0.00012864634684910865
27,1,7,0.00012864633410164254
27,1,8,0.0032506956606949268
27,1,9,0.00012864633428331736
27,1,10,0.0001286463342729708
27,2,1,0.00012864637569409324
27,2,2,0.00012864633508459573
27,2,3,0.00012864633507803582
27,2,4,0.0001286463343538048
27,2,5,0.00012864633510855573
27,2,6,0.0001286463350847084
27,2,7,0.00012864638749431688
27,2,8,0.00012864632905519973
27,2,9,0.0001286463844921461
27,2,10,0.0001286463772926195
27,3,1,0.00012864636468704855
27,3,2,0.00012864635268022593
27,3,3,0.00012864633623097286
27,3,4,0.00012864635993944235
27,3,5,0.00012864634657009505
27,3,6,0.00012864633620839514
27,3,7,0.00012864634962707745
27,3,8,0.00012864631528618472
27,3,9,0.00012864635440652165
27,3,10,0.0001286463508154441
27,4,1,0.0001286463595712216
27,4,2,0.00012864635817412228
27,4,3,0.0001286463588837575
27,4,4,0.00012864635435781322
27,4,5,0.00012864635446162344
27,4,6,0.00012864635052139785
27,4,7,0.00012864633497955194
27,4,8,0.00012864630972574007
27,4,9,0.00012864635945821775
27,4,10,0.00012864633515092527
27,5,1,0.00012864641399194183
27,5,2,0.00012864646542905576
27,5,3,0.00012864633327134526
27,5,4,0.00012864633257643723
27,5,5,0.0001286463332334669
27,5,6,0.00012864641528540717
27,5,7,0.0001286463328145663
27,5,8,0.00012864628594762108
27,5,9,0.00012864643033641163
27,5,10,0.0001286463021607014
27,6,1,0.00012864633006471154
27,6,2,0.00012865238734188062
27,6,3,0.00012864632966633563
27,6,4,0.0001286463297445905
27,6,5,0.0001286463312827083
27,6,6,0.00012864632991092735
27,6,7,0.00012864657492617652
27,6,8,0.00012864630461081924
27,6,9,0.00012864632952905305
27,6,10,0.0001315491640093653
27,7,1,0.00012864633218583844
27,7,2,0.0004964465326074523
27,7,3,0.00012864632420286987
27,7,4,0.0001286463241700562
27,7,5,0.0001286463382943454
27,7,6,0.00012864633153139907
27,7,7,0.00021953169570159168
27,7,8,0.00012864628287339146
27,7,9,0.000128646324185949
27,7,10,0.0006395349445221241
27,8,1,0.00012864632853936114
27,8,2,0.000340534973876212
27,8,3,0.00012864632814193122
27,8,4,0.00012864632634700823
27,8,5,0.00012864632688896254
27,8,6,0.00012864632636738936
27,8,7,0.00012864676099340848
27,8,8,0.03272160205490065
27,8,9,0.00012864632788399548
27,8,10,0.00012864628256296364
27,9,1,0.00012864633538621191
27,9,2,0.001936963465937489
27,9,3,0.00012864633340125645
27,9,4,0.0001286463333957895
27,9,5,0.000802558844909239
27,9,6,0.00012864634014661823
27,9,7,0.00012864633601545868
27,9,8,0.0001286462886664187
27,9,9,0.00012864636483158628
27,9,10,0.00012864633635130168
27,10,1,0.00012864635049690591
27,10,2,0.000128646344275108
27,10,3,0.00012864635091910058
27,10,4,0.00012864635065946831
27,10,5,0.0001286463434452532
27,10,6,0.00012864634355277876
27,10,7,0.00012864635242370193
27,10,8,0.0001286465159446045
27,10,9,0.00012864635041358872
27,10,10,0.00012864634473829818
27,11,1,0.00012864635494045965
27,11,2,0.0001286463529244749
27,11,3,0.00012864635505053983
27,11,4,0.00012864635500653803
27,11,5,0.0001286463554670759
27,11,6,0.00012864635490353438
27,11,7,0.00012864635630592785
27,11,8,0.00012864638663032932
27,11,9,0.00012864635270777615
27,11,10,0.00012864635724334038
27,12,1,0.00012864635711405263
27,12,2,0.00012864635770186295
27,12,3,0.0001286463572757982
27,12,4,0.00012864635722973627
27,12,5,0.0001286463544490561
27,12,6,0.00012864635466853312
27,12,7,0.0001286463573616101
27,12,8,0.00012864636580812031
27,12,9,0.00012864635717608645
27,12,10,0.00012864635759143956
27,13,1,0.00012864635707516197
27,13,2,0.00012864636922933434
27,13,3,0.00012864635726484022
27,13,4,0.0001286463571871331
27,13,5,0.0001286463571010585
27,13,6,0.0001286463570165041
27,13,7,0.00012864635724451717
27,13,8,0.00012864635899332286
27,13,9,0.00012864635715676827
27,13,10,0.00012864635756159904
27,14,1,0.0001286463562599307
27,14,2,0.00012864635678520847
27,14,3,0.00012864635645357182
27,14,4,0.00012864635639496598
27,14,5,0.00012864635372369747
27,14,6,0.00012864635614650432
27,14,7,0.0001286463534560032
27,14,8,0.00012864637370900992
27,14,9,0.0001286463563683431
27,14,10,0.00012864635670540637
27,15,1,0.00012864635137556195
27,15,2,0.00012864634727165883
27,15,3,0.00012864635228489578
27,15,4,0.00012864635201613697
27,15,5,0.0001286463464327937
27,15,6,0.00012864634609848383
27,15,7,0.00012864634687066953
27,15,8,0.00012864656905284125
27,15,9,0.00012864635175301075
27,15,10,0.00012864634692026186
27,16,1,0.0001286463394924926
27,16,2,0.00012864633863990215
27,16,3,0.00012864680450453455
27,16,4,0.00012864678928499758
27,16,5,0.00012864633719823472
27,16,6,0.0001286463368661514
27,16,7,0.00012864633790179715
27,16,8,0.00012864628795725657
27,16,9,0.00012864633940197986
27,16,10,0.00012864634354812655
27,17,1,0.00012864631841012325
27,17,2,0.0003928874221977823
27,17,3,0.00012864639644159827
27,17,4,0.0001286463644590221
27,17,5,0.0001286463157098278
27,17,6,0.00012864631788027796
27,17,7,0.0008031369004607554
27,17,8,0.0018265815278494589
27,17,9,0.00012864631558929648
27,17,10,0.000128646279514264
27,18,1,0.00016479384032243137
27,18,2,0.0001286464052187849
27,18,3,0.0001724285778260965
27,18,4,0.0001719574609228392
27,18,5,0.0001286462997517492
27,18,6,0.00012864629964748846
27,18,7,0.00012864627449333773
27,18,8,0.001369449661099758
27,18,9,0.00012864629750625233
27,18,10,0.0001539333464860332
27,19,1,0.00012864633350216377
27,19,2,0.00012864631219113105
27,19,3,0.03211585206960695
27,19,4,0.0001286463261354748
27,19,5,0.0001286463056965243
27,19,6,0.0001286462686890237
27,19,7,0.00012864631436436597
27,19,8,0.0011083484695045328
27,19,9,0.0001286463359691371
27,19,10,0.0001286463080308702
27,20,1,0.00012864632053289607
27,20,2,0.0001286463169787217
27,20,3,0.00012864631332415463
27,20,4,0.000128646320578172
27,20,5,0.00012864631840300917
27,20,6,0.00012864633135174338
27,20,7,0.00012864632129104694
27,20,8,0.00012864632328754393
27,20,9,0.0001286463242537862
27,20,10,0.00012864629179772417
27,21,1,0.00012864629145218197
27,21,2,0.0017850997500177663
27,21,3,0.0001286462933452699
27,21,4,0.00012864629271772333
27,21,5,0.00012864633775460835
27,21,6,0.0017829228552737595
27,21,7,0.0017836098461939274
27,21,8,0.0017837035139126052
27,21,9,0.001751020584458743
27,21,10,0.0002382539774395552
27,22,1,0.0001286464459434509
27,22,2,0.00047427610107319965
27,22,3,0.00012864630425337323
27,22,4,0.00012864630315946438
27,22,5,0.00012864647276255797
27,22,6,0.00012864638640792392
27,22,7,0.00012864627592298588
27,22,8,0.0025369983020517677
27,22,9,0.0001286463031697022
27,22,10,0.00012864641416574703
27,23,1,0.0001286464227890722
27,23,2,0.0001286463618526903
27,23,3,0.0001286463577448314
27,23,4,0.00012864631278906968
27,23,5,0.00012864631401147402
27,23,6,0.0001286463585593488
27,23,7,0.00012864639270075625
27,23,8,0.002866388924726689
27,23,9,0.00012864631275739935
27,23,10,0.00012864627800192603
27,24,1,0.00012864633716558796
27,24,2,0.0001286463050904409
27,24,3,0.00012864634095415293
27,24,4,0.0001286463418990766
27,24,5,0.00012864633846158038
27,24,6,0.0001286463242990178
27,24,7,0.0001286463404628254
27,24,8,0.002872069684466672
27,24,9,0.00012864633953018422
27,24,10,0.0001286463127446703
28,1,1,0.022845492089047206
28,1,2,0.022937972297686838
28,1,3,0.022845492083665656
28,1,4,0.02284549208547837
28,1,5,0.02584394029124847
28,1,6,0.022845492046414086
28,1,7,0.022845492093636118
28,1,8,0.02456676693967803
28,1,9,0.02284549208920956
28,1,10,0.022845492087217385
28,2,1,0.003387344425567123
28,2,2,0.022845492064890584
28,2,3,0.02284549205844949
28,2,4,0.026707930371876295
28,2,5,0.02284549206687206
28,2,6,0.0228454920838958
28,2,7,0.0033873444321058537
28,2,8,0.0033873444413220345
28,2,9,0.0033873444240089495
28,2,10,0.0033873444146750773
28,3,1,0.02284549211128201
28,3,2,0.022845492116312344
28,3,3,0.026594558169976322
28,3,4,0.02284549212300485
28,3,5,0.022845492119812155
28,3,6,0.026613536203243467
28,3,7,0.022845492121830138
28,3,8,0.022845492128572495
28,3,9,0.022845492116104003
28,3,10,0.022845492110558623
28,4,1,0.02284549215769583
28,4,2,0.02284549215175969
28,4,3,0.022845492154631684
28,4,4,0.02284549215692843
28,4,5,0.022845492149105348
28,4,6,0.02284549215829808
28,4,7,0.02567396198545716
28,4,8,0.022845492178655127
28,4,9,0.022845492158756028
28,4,10,0.025158288196584444
28,5,1,0.0033873444775749865
28,5,2,0.0033873444939221575
28,5,3,0.022845492080274934
28,5,4,0.026765013397666213
28,5,5,0.02284549205635654
28,5,6,0.0033873444789314883
28,5,7,0.025483699513341576
28,5,8,0.01889423559998817
28,5,9,0.003387344484346353
28,5,10,0.02284549202001019
28,6,1,0.022805460606166294
28,6,2,0.02278732486607859
28,6,3,0.022806318759839198
28,6,4,0.022806318767590754
28,6,5,0.0227897547854667
28,6,6,0.022811866016499954
28,6,7,0.022787323018456023
28,6,8,0.02279313809729658
28,6,9,0.02280790635086701
28,6,10,0.02279420845632514
28,7,1,0.002851865015115977
28,7,2,0.00288697900312011
28,7,3,0.025426728943176217
28,7,4,0.025657138924196247
28,7,5,0.002778526952674313
28,7,6,0.0029332238755247347
28,7,7,0.002807677649777663
28,7,8,0.016641820033506033
28,7,9,0.025708541798784804
28,7,10,0.002931118014557301
28,8,1,0.019181266703040795
28,8,2,0.01847036948967083
28,8,3,0.019338036845763105
28,8,4,0.023074027889246864
28,8,5,0.02022461701973625
28,8,6,0.02295575716869428
28,8,7,0.018418225761684046
28,8,8,0.047837386427937334
28,8,9,0.019474106757706406
28,8,10,0.019331877344387467
28,9,1,0.00911168409666092
28,9,2,0.003101446970080805
28,9,3,0.017303567843637076
28,9,4,0.017303567849180468
28,9,5,0.0018976353047407614
28,9,6,0.0017656879448720688
28,9,7,0.007131239383972535
28,9,8,0.0020610006109358387
28,9,9,0.0016303007224816345
28,9,10,0.005879682682403185
28,10,1,0.011280351182405989
28,10,2,0.01479968292465481
28,10,3,0.011280351173507022
28,10,4,0.0112803511818531
28,10,5,0.016657555248574492
28,10,6,0.01665398953241877
28,10,7,0.011280351175595667
28,10,8,0.011280351353721985
28,10,9,0.01128035117915291
28,10,10,0.01457088925327968
28,11,1,0.007937279459202654
28,11,2,0.013997865216690436
28,11,3,0.007672827554881841
28,11,4,0.007779446843822147
28,11,5,0.007659453532811974
28,11,6,0.008006620542627466
28,11,7,0.00765945335371643
28,11,8,0.007659453288695742
28,11,9,0.014838048699997485
28,11,10,0.007659453321300488
28,12,1,0.00784299418824409
28,12,2,0.0063172237487510545
28,12,3,0.007382588951709705
28,12,4,0.007495845184922094
28,12,5,0.015865086493529704
28,12,6,0.015418639295652048
28,12,7,0.007170407873350242
28,12,8,0.005570660681100907
28,12,9,0.007648376894982777
28,12,10,0.006547683185284855
28,13,1,0.007869725422184547
28,13,2,0.000715993531089815
28,13,3,0.0073929549551627295
28,13,4,0.007510609645300598
28,13,5,0.007759115564579472
28,13,6,0.008045968923640588
28,13,7,0.007414963981488008
28,13,8,0.003325432947430473
28,13,9,0.00766128374043469
28,13,10,0.006625451030813149
28,14,1,0.008103131211763275
28,14,2,0.006829770225391382
28,14,3,0.007666191581379503
28,14,4,0.007784059122383708
28,14,5,0.016330295158102446
28,14,6,0.008501791638536321
28,14,7,0.01712183172997909
28,14,8,0.006364855641599448
28,14,9,0.007928179586702262
28,14,10,0.006974307666020325
28,15,1,0.009854589446038684
28,15,2,0.01602127103676198
28,15,3,0.00985458943156185
28,15,4,0.009854589437687754
28,15,5,0.01912620990352074
28,15,6,0.02088890461562942
28,15,7,0.017377562249680005
28,15,8,0.009854589468798547
28,15,9,0.009854589432506828
28,15,10,0.016960687114720985
28,16,1,0.017754169498776364
28,16,2,0.018048795140563047
28,16,3,0.017616195127943355
28,16,4,0.017616195042609917
28,16,5,0.02100516145944803
28,16,6,0.023076476431956042
28,16,7,0.019075658281073406
28,16,8,0.017894445242316263
28,16,9,0.017813996981456918
28,16,10,0.01763779841260214
28,17,1,0.020266506516032456
28,17,2,0.020309737767586083
28,17,3,0.02014166156540798
28,17,4,0.02014166155374557
28,17,5,0.023196683058813592
28,17,6,0.02110596207995478
28,17,7,0.02055676512200905
28,17,8,0.021187323846282403
28,17,9,0.023492578532968635
28,17,10,0.021577699012827987
28,18,1,0.0226784866768132
28,18,2,0.022648389427631258
28,18,3,0.02266255576703822
28,18,4,0.022662396763835312
28,18,5,0.02271507438919852
28,18,6,0.022742526375880694
28,18,7,0.022709396667623036
28,18,8,0.02328875997748899
28,18,9,0.025891232336395915
28,18,10,0.02265730961574192
28,19,1,0.022845492116695874
28,19,2,0.022845492132588796
28,19,3,0.05151133242567342
28,19,4,0.022845492108039482
28,19,5,0.022845492135206494
28,19,6,0.02669665694058011
28,19,7,0.022845492135067383
28,19,8,0.023356518321503417
28,19,9,0.022845492114891886
28,19,10,0.022845492123382737
28,20,1,0.003387344377965519
28,20,2,0.00338734441911155
28,20,3,0.003387344380884557
28,20,4,0.0033873443870576793
28,20,5,0.0033873444120784
28,20,6,0.003387344392812031
28,20,7,0.0033873444191142364
28,20,8,0.003387344432696539
28,20,9,0.003387344376383836
28,20,10,0.0033873443742058053
28,21,1,0.027601752441407383
28,21,2,0.026003239421645813
28,21,3,0.026043796687970657
28,21,4,0.026340790935295202
28,21,5,0.024960899197581786
28,21,6,0.026001213248629886
28,21,7,0.026001615579978057
28,21,8,0.026002738954755123
28,21,9,0.0259765830848943
28,21,10,0.025043457158122787
28,22,1,0.02284549231593051
28,22,2,0.02302074952095098
28,22,3,0.026220791593990874
28,22,4,0.026504603472027106
28,22,5,0.022845492331335683
28,22,6,0.022845492378908927
28,22,7,0.024287355176667986
28,22,8,0.024185247182425835
28,22,9,0.02649822932417992
28,22,10,0.022845492381009847
28,23,1,0.02284549221548693
28,23,2,0.02284549224396378
28,23,3,0.022845492193836484
28,23,4,0.026519069895335264
28,23,5,0.024346966069568845
28,23,6,0.02284549225901867
28,23,7,0.022845492203687198
28,23,8,0.024555084457792725
28,23,9,0.026512731546682638
28,23,10,0.024257028005400815
28,24,1,0.022845492076115703
28,24,2,0.022845492100836553
28,24,3,0.02284549207877274
28,24,4,0.02284549208034389
28,24,5,0.022845492083237596
28,24,6,0.02486112242284691
28,24,7,0.022845492079853973
28,24,8,0.024571768517355007
28,24,9,0.022845492085648247
28,24,10,0.02284549210025106
29,1,1,0.02872920156637612
29,1,2,0.028883006372734114
29,1,3,0.028729201560211366
29,1,4,0.0287292015621133
29,1,5,0.032460826162696896
29,1,6,0.028729201512543517
29,1,7,0.02872920157286402
29,1,8,0.030741967210371646
29,1,9,0.02872920156665599
29,1,10,0.028729201564344747
29,2,1,0.004520092567818641
29,2,2,0.028729201536393946
29,2,3,0.028729201528644034
29,2,4,0.033536834516527454
29,2,5,0.02872920153933401
29,2,6,0.028729201559658732
29,2,7,0.004520092571922134
29,2,8,0.004520092570829451
29,2,9,0.004520092573744274
29,2,10,0.004520092549207487
29,3,1,0.0287292015935223
29,3,2,0.028729201598633666
29,3,3,0.033395621460664715
29,3,4,0.02872920160018709
29,3,5,0.02872920159734641
29,3,6,0.03341925951378319
29,3,7,0.02872920160476795
29,3,8,0.028729201611081064
29,3,9,0.028729201591372936
29,3,10,0.028729201593076813
29,4,1,0.02872920164942095
29,4,2,0.028729201643026666
29,4,3,0.02872920164741021
29,4,4,0.028729201647747345
29,4,5,0.028729201639495838
29,4,6,0.028729201651680334
29,4,7,0.03224917706309837
29,4,8,0.02872920166793453
29,4,9,0.02872920165174456
29,4,10,0.03160716523771307
29,5,1,0.004520092630043689
29,5,2,0.004520092646606313
29,5,3,0.02872920155580476
29,5,4,0.033607937740703364
29,5,5,0.028729201525445957
29,5,6,0.004520092631508375
29,5,7,0.03201228685564817
29,5,8,0.023817396872318604
29,5,9,0.004520092637222705
29,5,10,0.028729201480847594
29,6,1,0.028679408071613267
29,6,2,0.028656849805693288
29,6,3,0.028680475484779134
29,6,4,0.02868047549500988
29,6,5,0.028659872432507595
29,6,6,0.028687375449524925
29,6,7,0.028656847659017635
29,6,8,0.028664080734333207
29,6,9,0.028682450211408406
29,6,10,0.0286638989974757
29,7,1,0.00384371100004996
29,7,2,0.0038591195931033996
29,7,3,0.031941357708433656
29,7,4,0.032228230493667936
29,7,5,0.0037508424305000773
29,7,6,0.003946664756008225
29,7,7,0.0037804055604084424
29,7,8,0.021019708187416625
29,7,9,0.03229223316176541
29,7,10,0.0039017881312061035
29,8,1,0.024174017632179842
29,8,2,0.023279570170794583
29,8,3,0.024368807299983825
29,8,4,0.029013480604377105
29,8,5,0.025470554205205036
29,8,6,0.028866359179428824
29,8,7,0.023226036425603114
29,8,8,0.053469405021710735
29,8,9,0.0245378830976148
29,8,10,0.024361153859110907
29,9,1,0.011668614502642151
29,9,2,0.0037489055583752114
29,9,3,0.02184151825338874
29,9,4,0.0218415182600329
29,9,5,0.002645940884421761
29,9,6,0.002460006691169774
29,9,7,0.009204552439845656
29,9,8,0.002838296640099876
29,9,9,0.0022858613300671595
29,9,10,0.007644012471053928
29,10,1,0.01436293420218435
29,10,2,0.01873242786730307
29,10,3,0.014362934192189022
29,10,4,0.01436293420299053
29,10,5,0.02103924827251288
29,10,6,0.02103482033962727
29,10,7,0.014362934193554736
29,10,8,0.014362934374221448
29,10,9,0.014362934197675621
29,10,10,0.018448377393242194
29,11,1,0.010208027590677097
29,11,2,0.017736973802949134
29,11,3,0.009878907123236903
29,11,4,0.010011610560202753
29,11,5,0.00986226003708736
29,11,6,0.010294309594716023
29,11,7,0.009862259814388341
29,11,8,0.00986225973174484
29,11,9,0.018780059927068733
29,11,10,0.00986225977190298
29,12,1,0.010090697026093717
29,12,2,0.008189977849902559
29,12,3,0.009517577009323559
29,12,4,0.009658589764752526
29,12,5,0.020055215959846027
29,12,6,0.01950089631955517
29,12,7,0.00925333897666187
29,12,8,0.00725809640924805
29,12,9,0.009848472380408079
29,12,10,0.008477358759600784
29,13,1,0.010123963151307099
29,13,2,0.0010898383347841475
29,13,3,0.009530484323155241
29,13,4,0.009676971185756304
29,13,5,0.009986306530222179
29,13,6,0.010343268529293445
29,13,7,0.009557888494555446
29,13,8,0.004442027624253479
29,13,9,0.009864538170545075
29,13,10,0.008574308021559953
29,14,1,0.010414388789282358
29,14,2,0.008828962491328193
29,14,3,0.009870647143300954
29,14,4,0.010017350854994746
29,14,5,0.020632865118381256
29,14,6,0.010910286393107819
29,14,7,0.021615814106872425
29,14,8,0.008249384367569489
29,14,9,0.010196704039976223
29,14,10,0.009009057760766817
29,15,1,0.012591902425923871
29,15,2,0.020249145887434313
29,15,3,0.012591902410717242
29,15,4,0.012591902416462911
29,15,5,0.024105610474914378
29,15,6,0.026296241809010475
29,15,7,0.02193341667429357
29,15,8,0.012591902440546332
29,15,9,0.012591902411865908
29,15,10,0.02141568975238906
29,16,1,0.022401170979109822
29,16,2,0.02276712853573453
29,16,3,0.022229799324264252
29,16,4,0.02222979935633215
29,16,5,0.026440761997937857
29,16,6,0.029016526500652284
29,16,7,0.02404280178143544
29,16,8,0.02257540597808319
29,16,9,0.02247548140899781
29,16,10,0.02225663168262197
29,17,1,0.025522616742869757
29,17,2,0.025538990308398752
29,17,3,0.025367454503688013
29,17,4,0.025367454494042905
29,17,5,0.029166062251651328
29,17,6,0.026566072507302745
29,17,7,0.02579904448753344
29,17,8,0.026453733428514065
29,17,9,0.029534179217261692
29,17,10,0.027152565011600037
29,18,1,0.028515559953532728
29,18,2,0.028484040204315993
29,18,3,0.028522775688908507
29,18,4,0.02852237390930281
29,18,5,0.028566982873763167
29,18,6,0.02860112815256867
29,18,7,0.028559920857846772
29,18,8,0.02926101447714498
29,18,9,0.032519714402776075
29,18,10,0.02850941636919707
29,19,1,0.0287292016017623
29,19,2,0.028729201616134063
29,19,3,0.05885060597515044
29,19,4,0.028729201591184386
29,19,5,0.02872920161629958
29,19,6,0.03352279239559808
29,19,7,0.028729201619749997
29,19,8,0.029289180525539096
29,19,9,0.02872920159846981
29,19,10,0.028729201607180586
29,20,1,0.0045200925116125985
29,20,2,0.004520092557200048
29,20,3,0.004520092512312044
29,20,4,0.004520092513443813
29,20,5,0.004520092546112795
29,20,6,0.004520092528536259
29,20,7,0.004520092562603097
29,20,8,0.004520092553919442
29,20,9,0.004520092510254127
29,20,10,0.004520092519257293
29,21,1,0.03465036664500513
29,21,2,0.0324556099616706
29,21,3,0.032709695195336216
29,21,4,0.033079558447558916
29,21,5,0.031361448793066855
29,21,6,0.032453553652647606
29,21,7,0.03245393292544619
29,21,8,0.03245186066262068
29,21,9,0.032424521508443736
29,21,10,0.031448008794892846
29,22,1,0.028729201859028494
29,22,2,0.028946217822894457
29,22,3,0.032930111713774426
29,22,4,0.0332835808663123
29,22,5,0.028729201860203713
29,22,6,0.028729201910425224
29,22,7,0.030523130518754122
29,22,8,0.030162711386492944
29,22,9,0.03327564186705101
29,22,10,0.028729201913185825
29,23,1,0.028729201718025916
29,23,2,0.028729201746973035
29,23,3,0.028729201694265575
29,23,4,0.03330159886446245
29,23,5,0.03059731632438043
29,23,6,0.028729201764334814
29,23,7,0.02872920170650418
29,23,8,0.03050635988378652
29,23,9,0.03329370440567594
29,23,10,0.03048538893359472
29,24,1,0.028729201550282666
29,24,2,0.02872920156837925
29,24,3,0.028729201552408854
29,24,4,0.028729201555472678
29,24,5,0.028729201560008962
29,24,6,0.031237250024041756
29,24,7,0.02872920155495621
29,24,8,0.03053479819798847
29,24,9,0.028729201562063083
29,24,10,0.028729201560748874
30,1,1,0.01776317671555358
30,1,2,0.017881808931206673
30,1,3,0.017763176713249916
30,1,4,0.017763176713261383
30,1,5,0.020055554972310836
30,1,6,0.017763176686894595
30,1,7,0.01776317671967294
30,1,8,0.01984381068260154
30,1,9,0.01776317671763272
30,1,10,0.01776317671930736
30,2,1,0.002938601848388574
30,2,2,0.017763176697683677
30,2,3,0.017763176693109554
30,2,4,0.02071725399119002
30,2,5,0.017763176699390558
30,2,6,0.017763176712374137
30,2,7,0.002938601853114531
30,2,8,0.0029386018764933383
30,2,9,0.0029386018434329904
30,2,10,0.002938601852455581
30,3,1,0.017763176743645543
30,3,2,0.017763176743256778
30,3,3,0.020630396043230116
30,3,4,0.017763176738387308
30,3,5,0.01776317673832556
30,3,6,0.02064493506197373
30,3,7,0.01776317673959694
30,3,8,0.017763176753809815
30,3,9,0.017763176735262582
30,3,10,0.017763176740825923
30,4,1,0.01776317677141849
30,4,2,0.017763176767473913
30,4,3,0.017763176770378617
30,4,4,0.017763176769648913
30,4,5,0.01776317676776217
30,4,6,0.017763176773106452
30,4,7,0.01992543685076095
30,4,8,0.017763176788363606
30,4,9,0.017763176773035155
30,4,10,0.01953081339063261
30,5,1,0.0029386018934559658
30,5,2,0.0029386019124132785
30,5,3,0.01776317670957753
30,5,4,0.020760990535998322
30,5,5,0.01776317669108567
30,5,6,0.002938601894955412
30,5,7,0.019779815316049006
30,5,8,0.014751265764265574
30,5,9,0.0029386019008413125
30,5,10,0.01776317666276071
30,6,1,0.017732612899514236
30,6,2,0.017718767389300692
30,6,3,0.017733268084563252
30,6,4,0.017733268090536332
30,6,5,0.017720621882164063
30,6,6,0.01773750332511775
30,6,7,0.017718765338762876
30,6,8,0.017723204953086196
30,6,9,0.01773448018259304
30,6,10,0.01772675970503242
30,7,1,0.002520341030672149
30,7,2,0.0025807636838191647
30,7,3,0.019736216583056177
30,7,4,0.019912559928704852
30,7,5,0.0024627984508149886
30,7,6,0.002584097235691296
30,7,7,0.002493828708608303
30,7,8,0.013038262851483828
30,7,9,0.01995190599461319
30,7,10,0.0026309724411647775
30,8,1,0.014969747336515874
30,8,2,0.014449030517626563
30,8,3,0.015089096597697608
30,8,4,0.017937682796270223
30,8,5,0.015764315938471617
30,8,6,0.017847368958055138
30,8,7,0.01438903692376783
30,8,8,0.0489296713549263
30,8,9,0.015192697994895045
30,8,10,0.01508440710197691
30,9,1,0.00732125508175765
30,9,2,0.0031287051624992518
30,9,3,0.013541276105360277
30,9,4,0.013541276109077358
30,9,5,0.0019904737826409347
30,9,6,0.0016588534465136347
30,9,7,0.005814415665971306
30,9,8,0.0018954155111541814
30,9,9,0.0015495931155053771
30,9,10,0.004858832692542212
30,10,1,0.008967880324055705
30,10,2,0.011638951953555984
30,10,3,0.008967880317678322
30,10,4,0.008967880324452795
30,10,5,0.013050221342566939
30,10,6,0.013047511451582661
30,10,7,0.008967880318650139
30,10,8,0.008967880520557431
30,10,9,0.008967880320815627
30,10,10,0.01146523962670799
30,11,1,0.0064282713453842665
30,11,2,0.011030232111663237
30,11,3,0.006226977670959283
30,11,4,0.006308144651699443
30,11,5,0.006216795185350213
30,11,6,0.006481036918441318
30,11,7,0.006216795050694168
30,11,8,0.00621679500418875
30,11,9,0.011668082825311475
30,11,10,0.0062167950245664615
30,12,1,0.006356514549803418
30,12,2,0.005193317333107711
30,12,3,0.006005942104973007
30,12,4,0.006092209123265696
30,12,5,0.012448088880172566
30,12,6,0.012108979358924974
30,12,7,0.005844268771419738
30,12,8,0.004622265111777624
30,12,9,0.006208361665978707
30,12,10,0.005369301972735401
30,13,1,0.006376859803406384
30,13,2,0.0007891144581550179
30,13,3,0.006013838698006484
30,13,4,0.006103453728537449
30,13,5,0.006292668070243133
30,13,6,0.006510976717766431
30,13,7,0.006030604123007017
30,13,8,0.002890395246991029
30,13,9,0.0062181886576258925
30,13,10,0.005428660261609927
30,14,1,0.006554467640357583
30,14,2,0.005584551065012534
30,14,3,0.0062219253133423405
30,14,4,0.0063116555197702305
30,14,5,0.012801531405115097
30,14,6,0.006857679731529637
30,14,7,0.013403113277278786
30,14,8,0.005229700481153554
30,14,9,0.0064213462894571706
30,14,10,0.005694779351141109
30,15,1,0.007885564833015099
30,15,2,0.01256674046670211
30,15,3,0.007885564823594685
30,15,4,0.007885564826738217
30,15,5,0.014927835809799062
30,15,6,0.016270542005579897
30,15,7,0.013597534001277608
30,15,8,0.007885564874979214
30,15,9,0.007885564824715053
30,15,10,0.013280617771037166
30,16,1,0.013883909308358257
30,16,2,0.014107994220519582
30,16,3,0.013778984285339212
30,16,4,0.01377898427487874
30,16,5,0.01635916413077631
30,16,6,0.017939552650239405
30,16,7,0.014889355295428104
30,16,8,0.013990594073072411
30,16,9,0.013929409061262084
30,16,10,0.013795412343687445
30,17,1,0.01579623035135562
30,17,2,0.015894529471276952
30,17,3,0.015701117628588723
30,17,4,0.015701117615016632
30,17,5,0.01803135448465686
30,17,6,0.01643601078126368
30,17,7,0.016223163419193908
30,17,8,0.016890508308989086
30,17,9,0.01825737099360504
30,17,10,0.01679572958748198
30,18,1,0.017646736601850718
30,18,2,0.017612700140116868
30,18,3,0.017630132841753784
30,18,4,0.017629925396423583
30,18,5,0.017663607397056788
30,18,6,0.01768456509147549
30,18,7,0.017659272911719807
30,18,8,0.018377433556378497
30,18,9,0.020091760571247678
30,18,10,0.01762350576225597
30,19,1,0.017763176735740054
30,19,2,0.01776317675757028
30,19,3,0.051931659514738764
30,19,4,0.01776317673059218
30,19,5,0.01776317675758109
30,19,6,0.020708616651218394
30,19,7,0.01776317676101553
30,19,8,0.018365580900736585
30,19,9,0.017763176735266506
30,19,10,0.0177631767470583
30,20,1,0.002938601804971317
30,20,2,0.0029386018336605936
30,20,3,0.0029386018181528765
30,20,4,0.0029386018095965637
30,20,5,0.002938601845797329
30,20,6,0.002938601812464893
30,20,7,0.002938601834345426
30,20,8,0.002938601845105314
30,20,9,0.0029386018098752466
30,20,10,0.002938601812772748
30,21,1,0.021402361326329132
30,21,2,0.02056332692617097
30,21,3,0.020208570772498918
30,21,4,0.020436010308966055
30,21,5,0.019379808992313792
30,21,6,0.02056135168466684
30,21,7,0.020561570062272116
30,21,8,0.020560809643662477
30,21,9,0.020526090410791738
30,21,10,0.019473735180740043
30,22,1,0.017763176897341127
30,22,2,0.017975809316157134
30,22,3,0.020344106744009022
30,22,4,0.020561485486102465
30,22,5,0.017763176918149465
30,22,6,0.017763176971275264
30,22,7,0.018864744438499448
30,22,8,0.019292001879226257
30,22,9,0.020556602734584976
30,22,10,0.017763176974192163
30,23,1,0.017763176823203608
30,23,2,0.017763176855080335
30,23,3,0.01776317679923302
30,23,4,0.02057256722340863
30,23,5,0.018910316788901656
30,23,6,0.01776317687370245
30,23,7,0.0177631768174046
30,23,8,0.019696125709661318
30,23,9,0.020567711828192035
30,23,10,0.018841560341691595
30,24,1,0.017763176712691568
30,24,2,0.01776317673075534
30,24,3,0.01776317670967353
30,24,4,0.017763176709935696
30,24,5,0.017763176718888978
30,24,6,0.019303489133597546
30,24,7,0.017763176709819802
30,24,8,0.019763537894252427
30,24,9,0.01776317671344099
30,24,10,0.01776317672935225
31,1,1,7.699442529013208e-5
31,1,2,0.00038621901242672597
31,1,3,7.699442583948127e-5
31,1,4,7.699442541248478e-5
31,1,5,7.6994422603425e-5
31,1,6,7.69944380091193e-5
31,1,7,7.699442524267327e-5
31,1,8,0.003207761184210989
31,1,9,7.699442545365294e-5
31,1,10,7.699442544289363e-5
31,2,1,7.699446690521618e-5
31,2,2,7.699442627992548e-5
31,2,3,7.699442627467975e-5
31,2,4,7.69944255669071e-5
31,2,5,7.699442629745288e-5
31,2,6,7.699442628852947e-5
31,2,7,7.699447871405074e-5
31,2,8,7.699442033772019e-5
31,2,9,7.699447565641308e-5
31,2,10,7.699446850214966e-5
31,3,1,7.699445590558363e-5
31,3,2,7.69944438830416e-5
31,3,3,7.699442741098737e-5
31,3,4,7.699445113070548e-5
31,3,5,7.699443775251665e-5
31,3,6,7.699442739930113e-5
31,3,7,7.699444085310015e-5
31,3,8,7.69944065175571e-5
31,3,9,7.699444569594443e-5
31,3,10,7.699444202236113e-5
31,4,1,7.699445069283672e-5
31,4,2,7.699444934244924e-5
31,4,3,7.699445014726067e-5
31,4,4,7.699444572903451e-5
31,4,5,7.699444574001338e-5
31,4,6,7.699444168644213e-5
31,4,7,7.699442618161977e-5
31,4,8,7.699440088596071e-5
31,4,9,7.699445064247687e-5
31,4,10,7.699442633059824e-5
31,5,1,7.699450515884576e-5
31,5,2,7.699455661667853e-5
31,5,3,7.699442445056683e-5
31,5,4,7.699442374610338e-5
31,5,5,7.699442442707808e-5
31,5,6,7.69945064637157e-5
31,5,7,7.699442400825349e-5
31,5,8,7.699437725874748e-5
31,5,9,7.69945215158642e-5
31,5,10,7.699437541713666e-5
31,6,1,7.699442130955236e-5
31,6,2,7.700049159380863e-5
31,6,3,7.699442091976913e-5
31,6,4,7.699442097967708e-5
31,6,5,7.699442283735492e-5
31,6,6,7.699442115616851e-5
31,6,7,7.699466799759469e-5
31,6,8,7.699439685896683e-5
31,6,9,7.699442076256878e-5
31,6,10,8.457001876456602e-5
31,7,1,7.699442328368218e-5
31,7,2,0.00045845957815448775
31,7,3,7.699441538581781e-5
31,7,4,7.699441537447222e-5
31,7,5,7.699442966297863e-5
31,7,6,7.699442268465845e-5
31,7,7,0.00017395324343621863
31,7,8,7.6994374200694e-5
31,7,9,7.699441536813164e-5
31,7,10,0.00037404718060186356
31,8,1,7.699441966356788e-5
31,8,2,0.0003002493223575888
31,8,3,7.699441924707543e-5
31,8,4,7.699441751240943e-5
31,8,5,7.699441805817251e-5
31,8,6,7.699441751959102e-5
31,8,7,7.699485278859029e-5
31,8,8,0.03214959813967926
31,8,9,7.699441907436239e-5
31,8,10,7.699437386166846e-5
31,9,1,7.69944265491044e-5
31,9,2,0.0018996797995131395
31,9,3,7.699442457804463e-5
31,9,4,7.699442457882455e-5
31,9,5,0.0007663348964168349
31,9,6,7.699443134018222e-5
31,9,7,7.699442716837225e-5
31,9,8,7.699437984932608e-5
31,9,9,7.699445597020823e-5
31,9,10,7.699442751020137e-5
31,10,1,7.699444166532657e-5
31,10,2,7.699443543206177e-5
31,10,3,7.699444209242929e-5
31,10,4,7.699444185602651e-5
31,10,5,7.699443464342271e-5
31,10,6,7.69944347621876e-5
31,10,7,7.69944435912287e-5
31,10,8,7.69946085115866e-5
31,10,9,7.69944415785852e-5
31,10,10,7.699443586976483e-5
31,11,1,7.699444612147893e-5
31,11,2,7.69944441230113e-5
31,11,3,7.699444622943552e-5
31,11,4,7.699444619010692e-5
31,11,5,7.69944466671389e-5
31,11,6,7.699444609814982e-5
31,11,7,7.699444749285424e-5
31,11,8,7.699447787593361e-5
31,11,9,7.699444389736178e-5
31,11,10,7.699444844435264e-5
31,12,1,7.699444827533672e-5
31,12,2,7.699444886623929e-5
31,12,3,7.699444845835985e-5
31,12,4,7.699444840003196e-5
31,12,5,7.699444567667466e-5
31,12,6,7.699444586457435e-5
31,12,7,7.699444853717194e-5
31,12,8,7.699445701590535e-5
31,12,9,7.69944483450755e-5
31,12,10,7.69944487775508e-5
31,13,1,7.699444825409716e-5
31,13,2,7.699446043208717e-5
31,13,3,7.699444843300178e-5
31,13,4,7.69944483800155e-5
31,13,5,7.699444829196414e-5
31,13,6,7.699444819511474e-5
31,13,7,7.69944484388406e-5
31,13,8,7.699445019771025e-5
31,13,9,7.699444833549357e-5
31,13,10,7.699444874216509e-5
31,14,1,7.699444746591719e-5
31,14,2,7.699444796931117e-5
31,14,3,7.699444763336455e-5
31,14,4,7.699444758681271e-5
31,14,5,7.699444490471181e-5
31,14,6,7.699444733556512e-5
31,14,7,7.699444466743823e-5
31,14,8,7.699446458574507e-5
31,14,9,7.699444752227015e-5
31,14,10,7.699444790017313e-5
31,15,1,7.699444253346693e-5
31,15,2,7.699443844542115e-5
31,15,3,7.699444345260301e-5
31,15,4,7.699444318935865e-5
31,15,5,7.699443763998908e-5
31,15,6,7.699443726817886e-5
31,15,7,7.699443805679903e-5
31,15,8,7.699466040109488e-5
31,15,9,7.699444293937032e-5
31,15,10,7.699443811591646e-5
31,16,1,7.699443067735768e-5
31,16,2,7.699442979276346e-5
31,16,3,7.699489488417203e-5
31,16,4,7.69948801880393e-5
31,16,5,7.699442839754076e-5
31,16,6,7.699442804573826e-5
31,16,7,7.699442907252205e-5
31,16,8,7.699437914034389e-5
31,16,9,7.69944305311652e-5
31,16,10,7.699443510351721e-5
31,17,1,7.6994409485239e-5
31,17,2,0.0003540153091722411
31,17,3,7.699448759602148e-5
31,17,4,7.699445562250948e-5
31,17,5,7.69944068788628e-5
31,17,6,7.699440902230972e-5
31,17,7,0.0007635529610274442
31,17,8,0.0017810611015764066
31,17,9,7.69944067584125e-5
31,17,10,7.699436957115494e-5
31,18,1,0.0001149099955728826
31,18,2,7.69944999347104e-5
31,18,3,0.00012354808472527935
31,18,4,0.00012303913433185824
31,18,5,7.699439114928436e-5
31,18,6,7.699439082889841e-5
31,18,7,7.69943691618565e-5
31,18,8,0.001332867054099625
31,18,9,7.699438868849335e-5
31,18,10,0.00010337826408155233
31,19,1,7.699442472357905e-5
31,19,2,7.699440325035871e-5
31,19,3,0.031548229049937364
31,19,4,7.699441732504616e-5
31,19,5,7.699439899232952e-5
31,19,6,7.699436013697995e-5
31,19,7,7.699440593785507e-5
31,19,8,0.0010723719494557004
31,19,9,7.699442718554165e-5
31,19,10,7.699438788189029e-5
31,20,1,7.699441169345629e-5
31,20,2,7.699440802668842e-5
31,20,3,7.69944079816144e-5
31,20,4,7.699441190342793e-5
31,20,5,7.69944130897964e-5
31,20,6,7.69944227064822e-5
31,20,7,7.699441293018176e-5
31,20,8,7.699441474542251e-5
31,20,9,7.699441544842351e-5
31,20,10,7.699438287090885e-5
31,21,1,7.69943826253308e-5
31,21,2,0.0017476288977837761
31,21,3,7.6994384399722e-5
31,21,4,7.699438381565694e-5
31,21,5,7.699441760702557e-5
31,21,6,0.0017455701756946519
31,21,7,0.0017462090450121284
31,21,8,0.0017533249156233865
31,21,9,0.0017145399848719318
31,21,10,0.00013105425705317974
31,22,1,7.699453709753603e-5
31,22,2,0.0004361283069634775
31,22,3,7.69943952985717e-5
31,22,4,7.6994394329871e-5
31,22,5,7.699456427504703e-5
31,22,6,7.69944791734538e-5
31,22,7,7.699436741041775e-5
31,22,8,0.0024982401103526334
31,22,9,7.699439434121023e-5
31,22,10,7.699448115989574e-5
31,23,1,7.699451400114348e-5
31,23,2,7.6994452713671e-5
31,23,3,7.69944487749569e-5
31,23,4,7.699440394261524e-5
31,23,5,7.699440499447253e-5
31,23,6,7.69944425723505e-5
31,23,7,7.699448397611365e-5
31,23,8,0.0028258086171239756
31,23,9,7.699440393909282e-5
31,23,10,7.699436927307684e-5
31,24,1,7.69944283277536e-5
31,24,2,7.699439667858125e-5
31,24,3,7.699443211182901e-5
31,24,4,7.6994433077191e-5
31,24,5,7.699442970087494e-5
31,24,6,7.699441550107852e-5
31,24,7,7.699443162226076e-5
31,24,8,0.002831006127635582
31,24,9,7.699443070575191e-5
31,24,10,7.699439542042698e-5
32,1,1,0.0002428891703765143
32,1,2,0.0004965128591237838
32,1,3,0.00024288917080592603
32,1,4,0.00024288917049877266
32,1,5,0.0002428891675443886
32,1,6,0.00024288918229222817
32,1,7,0.0002428891703506628
32,1,8,0.0031288835741555073
32,1,9,0.00024288917071257988
32,1,10,0.00024288917071698705
32,2,1,0.00024288921372833227
32,2,2,0.00024288917126422135
32,2,3,0.0002428891712514261
32,2,4,0.00024288917018536318
32,2,5,0.0002428891712720557
32,2,6,0.0002428891712765237
32,2,7,0.00024288922524357798
32,2,8,0.00024288916802056424
32,2,9,0.00024288922203429268
32,2,10,0.00024288921541531247
32,3,1,0.00024288919877132103
32,3,2,0.00024288918765102006
32,3,3,0.00024288917189748557
32,3,4,0.00024288919434255131
32,3,5,0.00024288918190970782
32,3,6,0.00024288917187903407
32,3,7,0.00024288918479385086
32,3,8,0.00024288915114773515
32,3,9,0.00024288918926722417
32,3,10,0.00024288918587829302
32,4,1,0.00024288919383128624
32,4,2,0.00024288919274545253
32,4,3,0.00024288919340169943
32,4,4,0.00024288918933475424
32,4,5,0.00024288918904733433
32,4,6,0.00024288918576908253
32,4,7,0.00024288917088293992
32,4,8,0.00024288914717886576
32,4,9,0.0002428891938359892
32,4,10,0.00024288917105727895
32,5,1,0.00024288925093008578
32,5,2,0.0002428891706427363
32,5,3,0.00024288916956072813
32,5,4,0.0002428891684835432
32,5,5,0.0002428891695088881
32,5,6,0.00024288925221521216
32,5,7,0.00024288916886708743
32,5,8,0.0002428891232228844
32,5,9,0.0002428892667667957
32,5,10,0.0002428891453224547
32,6,1,0.00024288916648664545
32,6,2,0.00024289479941258627
32,6,3,0.0002428891661532009
32,6,4,0.00024288916621095804
32,6,5,0.00024288916755770907
32,6,6,0.00024288916638793496
32,6,7,0.00024288939056915347
32,6,8,0.00024288914644000437
32,6,9,0.0002428891660451701
32,6,10,0.0002498265521304383
32,7,1,0.00024288917151746013
32,7,2,0.0005752822668867991
32,7,3,0.00024288916088061125
32,7,4,0.00024288916082809234
32,7,5,0.00024288917719305503
32,7,6,0.0002428891708565823
32,7,7,0.00032462528582759585
32,7,8,0.00024288912171997181
32,7,9,0.00024288916085651166
32,7,10,0.0007101178132510609
32,8,1,0.0002428891657725612
32,8,2,0.0004247258638148303
32,8,3,0.00024288916521003894
32,8,4,0.0002428891630910737
32,8,5,0.00024288916387216785
32,8,6,0.00024288916311329762
32,8,7,0.00024288957318390733
32,8,8,0.028613224815480717
32,8,9,0.0002428891650054665
32,8,10,0.00024288912244539132
32,9,1,0.0002428891733253117
32,9,2,0.0019758968374676018
32,9,3,0.00024288917028236884
32,9,4,0.00024288917030147072
32,9,5,0.0008698487883635509
32,9,6,0.00024288917959068085
32,9,7,0.00024288917432015376
32,9,8,0.00024288912844574822
32,9,9,0.00024288920378113412
32,9,10,0.00024288917494657167
32,10,1,0.00024288918727166826
32,10,2,0.00024288918108452204
32,10,3,0.00024288918766771574
32,10,4,0.00024288918745372817
32,10,5,0.00024288917984552843
32,10,6,0.00024288917996130162
32,10,7,0.00024288918909975973
32,10,8,0.00024288934728213473
32,10,9,0.00024288918718237668
32,10,10,0.00024288918138791815
32,11,1,0.00024288919227758292
32,11,2,0.00024288918918888763
32,11,3,0.00024288919243228263
32,11,4,0.00024288919233953033
32,11,5,0.00024288919281696198
32,11,6,0.0002428891922070439
32,11,7,0.00024288919361808197
32,11,8,0.00024288922288957584
32,11,9,0.00024288918881021582
32,11,10,0.00024288919456674367
32,12,1,0.00024288919440188748
32,12,2,0.00024288919528770266
32,12,3,0.000242889194641187
32,12,4,0.0002428891945600325
32,12,5,0.00024288919036871665
32,12,6,0.00024288919059299897
32,12,7,0.0002428891947767126
32,12,8,0.0002428892033435669
32,12,9,0.00024288919448377063
32,12,10,0.00024288919518995799
32,13,1,0.00024288919434750287
32,13,2,0.000242889209091465
32,13,3,0.0002428891946189129
32,13,4,0.00024288919455493158
32,13,5,0.00024288919441422052
32,13,6,0.00024288919424155935
32,13,7,0.00024288919461937255
32,13,8,0.00024288919755899554
32,13,9,0.00024288919446257065
32,13,10,0.00024288919511278537
32,14,1,0.0002428891934817934
32,14,2,0.00024288919433054944
32,14,3,0.00024288919376002404
32,14,4,0.00024288919370329335
32,14,5,0.0002428891895321191
32,14,6,0.00024288919325996387
32,14,7,0.0002428891892163352
32,14,8,0.00024288921065860293
32,14,9,0.00024288919362366307
32,14,10,0.00024288919425199344
32,15,1,0.00024288918843351763
32,15,2,0.00024288918347803348
32,15,3,0.00024288918926615544
32,15,4,0.00024288918899355901
32,15,5,0.00024288918236018567
32,15,6,0.00024288918179924863
32,15,7,0.00024288918291823165
32,15,8,0.00024288939552220918
32,15,9,0.00024288918874762697
32,15,10,0.00024288918307081275
32,16,1,0.0002428891759539789
32,16,2,0.00024288917523278053
32,16,3,0.0002428896144056037
32,16,4,0.00024288960064160274
32,16,5,0.0002428891734659384
32,16,6,0.00024288917289029042
32,16,7,0.0002428891743019879
32,16,8,0.00024288912570436235
32,16,9,0.00024288917584759415
32,16,10,0.00024288917873310745
32,17,1,0.00024288915597364203
32,17,2,0.0004693102432118884
32,17,3,0.00024288922848800365
32,17,4,0.00024288919873206033
32,17,5,0.00024288915321680248
32,17,6,0.0002428891557138695
32,17,7,0.0008395918651749922
32,17,8,0.0017967608584396433
32,17,9,0.00024288915304841114
32,17,10,0.00024288911942563153
32,18,1,0.0002749532929794815
32,18,2,0.0002428892322750646
32,18,3,0.0002817089097524335
32,18,4,0.0002813170479007471
32,18,5,0.0002428891382627955
32,18,6,0.00024288913828808743
32,18,7,0.00024288911470523623
32,18,8,0.001363404460789423
32,18,9,0.00024288913616307228
32,18,10,0.0002676818175672551
32,19,1,0.0002428891695711154
32,19,2,0.0002428891471127859
32,19,3,0.028609685975723848
32,19,4,0.0002428891628387192
32,19,5,0.00024288914133709452
32,19,6,0.00024288910912501194
32,19,7,0.00024288915208606072
32,19,8,0.0008106279855051985
32,19,9,0.00024288917200971928
32,19,10,0.00024288914548958965
32,20,1,0.00024288916018259588
32,20,2,0.00024288915621440798
32,20,3,0.0002428891508607566
32,20,4,0.0002428891602602194
32,20,5,0.00024288915667672374
32,20,6,0.0002428891702117212
32,20,7,0.0002428891610139706
32,20,8,0.00024288916258528737
32,20,9,0.00024288916371464168
32,20,10,0.0002428891314434109
32,21,1,0.00024288913042581605
32,21,2,0.0017407980908317022
32,21,3,0.00024288913211129043
32,21,4,0.00024288913161680509
32,21,5,0.00024288918012959693
32,21,6,0.0017393151094553245
32,21,7,0.0017352333860289715
32,21,8,0.0017522567791052929
32,21,9,0.0017122306436651142
32,21,10,0.0003366150176387422
32,22,1,0.0002428892743584003
32,22,2,0.0005406667232142374
32,22,3,0.00024288914234414378
32,22,4,0.0002428891412682957
32,22,5,0.0002428892997245716
32,22,6,0.00024288921981998945
32,22,7,0.00024288911607333994
32,22,8,0.0024415171858793963
32,22,9,0.0002428891412834513
32,22,10,0.00024288922243932554
32,23,1,0.00024288925287739663
32,23,2,0.00024288921603834638
32,23,3,0.0002428891922545629
32,23,4,0.00024288915022560437
32,23,5,0.00024288915151092765
32,23,6,0.0002428892042672023
32,23,7,0.0002428892247977987
32,23,8,0.0027570096969976826
32,23,9,0.00024288915020973258
32,23,10,0.00024288911803621642
32,24,1,0.00024288917314483656
32,24,2,0.0002428891430158423
32,24,3,0.00024288917674955953
32,24,4,0.00024288917756895296
32,24,5,0.00024288917436882934
32,24,6,0.00024288916104720266
32,24,7,0.00024288917629835378
32,24,8,0.00275476256785212
32,24,9,0.00024288917541433837
32,24,10,0.0002428891503414798
33,1,1,0.0005150125751379988
33,1,2,0.0007466684586003382
33,1,3,0.0005150125758403896
33,1,4,0.0005150125752937112
33,1,5,0.0005150125720806688
33,1,6,0.0005150125870402829
33,1,7,0.0005150125751529715
33,1,8,0.0033255423752583274
33,1,9,0.0005150125754072023
33,1,10,0.0005150125753607648
33,2,1,0.0005150125689189782
33,2,2,0.0005150125761582802
33,2,3,0.0005150125760861871
33,2,4,0.0005150125746587791
33,2,5,0.0005150125761485746
33,2,6,0.0005150125759355577
33,2,7,0.000515012568886578
33,2,8,0.0005150125286356203
33,2,9,0.0005150125682448503
33,2,10,0.0005150125690056842
33,3,1,0.0005150126034663011
33,3,2,0.0005150125924500107
33,3,3,0.0005150125761897954
33,3,4,0.0005150125990027784
33,3,5,0.000515012586465829
33,3,6,0.0005150125762107267
33,3,7,0.0005150125893952216
33,3,8,0.0005150125569808686
33,3,9,0.0005150125937015712
33,3,10,0.0005150125904629813
33,4,1,0.0005150125988961589
33,4,2,0.0005150125985894419
33,4,3,0.000515012597682174
33,4,4,0.0005150125937306125
33,4,5,0.0005150125952009558
33,4,6,0.0005150125906493738
33,4,7,0.0005150125753503732
33,4,8,0.0005150125513983592
33,4,9,0.0005150125981380482
33,4,10,0.0005150125757220612
33,5,1,0.0005150125672287428
33,5,2,0.0005150125678426643
33,5,3,0.0005150125744077149
33,5,4,0.0005150125732138136
33,5,5,0.0005150125741861748
33,5,6,0.0005150125671958451
33,5,7,0.0005150125735445724
33,5,8,0.0005150125297537319
33,5,9,0.0005150125668244741
33,5,10,0.0005150125540009353
33,6,1,0.0005150125711303482
33,6,2,0.0005150182956612197
33,6,3,0.0005150125707735325
33,6,4,0.000515012570906686
33,6,5,0.0005150125744484686
33,6,6,0.0005150125709972075
33,6,7,0.0005150128220973183
33,6,8,0.0005150125500238614
33,6,9,0.0005150125707318831
33,6,10,0.000522008058699449
33,7,1,0.0005150125597623474
33,7,2,0.0005150125359039005
33,7,3,0.0005150125654285107
33,7,4,0.0005150125653592044
33,7,5,0.0005150125598927628
33,7,6,0.000515012559756741
33,7,7,0.000515012560051251
33,7,8,0.0005150125271302389
33,7,9,0.0005150125653941523
33,7,10,0.0005150125254033089
33,8,1,0.0005150125702415469
33,8,2,0.0006766214213981564
33,8,3,0.0005150125698351088
33,8,4,0.0005150125676166295
33,8,5,0.0005150125684249694
33,8,6,0.0005150125677296466
33,8,7,0.0005150129781285595
33,8,8,0.000515012525795684
33,8,9,0.000515012569731455
33,8,10,0.0005150125265562596
33,9,1,0.0005150125786464903
33,9,2,0.0005150125931244432
33,9,3,0.0005150125751024309
33,9,4,0.0005150125750124361
33,9,5,0.0005150125671095995
33,9,6,0.0005150125669728061
33,9,7,0.0005150125802445876
33,9,8,0.0005150125340039863
33,9,9,0.0005150125662128607
33,9,10,0.000515012580625399
33,10,1,0.0005150125928280842
33,10,2,0.0005150125857234653
33,10,3,0.0005150125930977246
33,10,4,0.0005150125929127398
33,10,5,0.0005150125845030482
33,10,6,0.0005150125846868663
33,10,7,0.000515012594850186
33,10,8,0.000515012752368525
33,10,9,0.0005150125925046479
33,10,10,0.0005150125860610905
33,11,1,0.0005150125980160233
33,11,2,0.0005150125940421673
33,11,3,0.0005150125979753086
33,11,4,0.0005150125980931352
33,11,5,0.0005150125987558666
33,11,6,0.0005150125980716096
33,11,7,0.000515012599437496
33,11,8,0.0005150126289239731
33,11,9,0.0005150125934646016
33,11,10,0.0005150126001429579
33,12,1,0.0005150126003424607
33,12,2,0.0005150126011149734
33,12,3,0.0005150126004036337
33,12,4,0.0005150126003398816
33,12,5,0.0005150125952498782
33,12,6,0.0005150125955063141
33,12,7,0.0005150126005147719
33,12,8,0.0005150126094390206
33,12,9,0.0005150126002006176
33,12,10,0.0005150126010897454
33,13,1,0.0005150125997752317
33,13,2,0.0005150125863299868
33,13,3,0.0005150126004693253
33,13,4,0.0005150126003766109
33,13,5,0.0005150126004041255
33,13,6,0.0005150125999950783
33,13,7,0.0005150126003943113
33,13,8,0.0005150126040678558
33,13,9,0.0005150126002276905
33,13,10,0.0005150126007622294
33,14,1,0.0005150125994020795
33,14,2,0.0005150126001981152
33,14,3,0.0005150125995304603
33,14,4,0.0005150125997744209
33,14,5,0.0005150125945670431
33,14,6,0.0005150125989206972
33,14,7,0.000515012594216663
33,14,8,0.0005150126166641361
33,14,9,0.0005150125993296295
33,14,10,0.0005150126000346043
33,15,1,0.0005150125940955165
33,15,2,0.0005150125883355703
33,15,3,0.0005150125947918859
33,15,4,0.000515012594593016
33,15,5,0.0005150125871266819
33,15,6,0.0005150125865665996
33,15,7,0.0005150125878717875
33,15,8,0.0005150128026571114
33,15,9,0.0005150125945631371
33,15,10,0.000515012587849477
33,16,1,0.0005150125805590829
33,16,2,0.0005150125797611974
33,16,3,0.0005150130226527189
33,16,4,0.0005150130085910948
33,16,5,0.000515012578203268
33,16,6,0.0005150125775694894
33,16,7,0.0005150125789258814
33,16,8,0.0005150125315719709
33,16,9,0.0005150125806335574
33,16,10,0.0005150125830667606
33,17,1,0.0005150125602238545
33,17,2,0.0007222421064169201
33,17,3,0.0005150126329351287
33,17,4,0.0005150126034468139
33,17,5,0.00051501255774466
33,17,6,0.0005150125601581037
33,17,7,0.0010676465243617736
33,17,8,0.001988425835473684
33,17,9,0.0005150125575754994
33,17,10,0.000515012523710623
33,18,1,0.0005466502223159126
33,18,2,0.000515012636239489
33,18,3,0.0005528324455126515
33,18,4,0.0005524689677790218
33,18,5,0.0005150125425704373
33,18,6,0.0005150125426360508
33,18,7,0.0005150125184236972
33,18,8,0.0015688996405437334
33,18,9,0.0005150125405084642
33,18,10,0.0005373187060506208
33,19,1,0.0005150125738914695
33,19,2,0.0005150125537234289
33,19,3,0.0005150125121137294
33,19,4,0.0005150125668359942
33,19,5,0.0005150125418351587
33,19,6,0.0005150125132206081
33,19,7,0.0005150125558402382
33,19,8,0.0013317349706699231
33,19,9,0.0005150125756079035
33,19,10,0.0005150125503358511
33,20,1,0.0005150125275288967
33,20,2,0.003211361045916352
33,20,3,0.001087334389419173
33,20,4,0.000515012527939538
33,20,5,0.0010373415891188338
33,20,6,0.0017624811824804994
33,20,7,0.002003271580766108
33,20,8,0.0067326903720046
33,20,9,0.0005150125323236061
33,20,10,0.003125567935149634
33,21,1,0.0005150125347024979
33,21,2,0.0019387215443310145
33,21,3,0.0005150125363117213
33,21,4,0.0005150125358864619
33,21,5,0.0005150125905253135
33,21,6,0.0019366414285875789
33,21,7,0.0019389584500710357
33,21,8,0.0019376893606701333
33,21,9,0.0018983525862281757
33,21,10,0.0006027826245729481
33,22,1,0.0005150126782959308
33,22,2,0.0007862480606708217
33,22,3,0.0005150125466374584
33,22,4,0.0005150125456265286
33,22,5,0.0005150127045520047
33,22,6,0.0005150126197213775
33,22,7,0.0005150125198272105
33,22,8,0.0026378633029438955
33,22,9,0.0005150125455798755
33,22,10,0.0005150126267436521
33,23,1,0.0005150126577314991
33,23,2,0.0005150126011733664
33,23,3,0.0005150125964382967
33,23,4,0.0005150125544382063
33,23,5,0.000515012555946344
33,23,6,0.0005150126151828133
33,23,7,0.0005150126299079163
33,23,8,0.002950661969445921
33,23,9,0.0005150125546603242
33,23,10,0.0005150125221423666
33,24,1,0.0005150125781542415
33,24,2,0.0005150125471442119
33,24,3,0.0005150125815776929
33,24,4,0.0005150125822923052
33,24,5,0.0005150125793799407
33,24,6,0.0005150125656979201
33,24,7,0.0005150125796759828
33,24,8,0.002949459455254196
33,24,9,0.0005150125803265874
33,24,10,0.0005150125535000641
34,1,1,0.0034149438165529864
34,1,2,0.003431879172395206
34,1,3,0.003414943807810128
34,1,4,0.0034149438124904145
34,1,5,0.004406420029108515
34,1,6,0.0034149437935597506
34,1,7,0.003414943815732409
34,1,8,0.004819245895574729
34,1,9,0.003414943817215168
34,1,10,0.003414943808847887
34,2,1,0.0004644359731308579
34,2,2,0.003414943810696325
34,2,3,0.0034149438130841084
34,2,4,0.004702195610623889
34,2,5,0.0034149438080751026
34,2,6,0.0034149438125602337
34,2,7,0.00046443597117178505
34,2,8,0.00046443597115312577
34,2,9,0.0004644359785981246
34,2,10,0.0004644359801184533
34,3,1,0.0034149438199778106
34,3,2,0.0034149438209813126
34,3,3,0.004663150344475736
34,3,4,0.003414943823435061
34,3,5,0.0034149438091875244
34,3,6,0.004669681527890804
34,3,7,0.0034149438123265425
34,3,8,0.0034149438365520773
34,3,9,0.0034149438215190665
34,3,10,0.003414943816491702
34,4,1,0.003414943833564922
34,4,2,0.0034149438425445547
34,4,3,0.0034149438357102386
34,4,4,0.0034149438407171783
34,4,5,0.0034149437682962397
34,4,6,0.0034149438348565994
34,4,7,0.004348724029635409
34,4,8,0.003414943844068891
34,4,9,0.003414943830311135
34,4,10,0.004174720224432816
34,5,1,0.00046443597090338413
34,5,2,0.00046443597393842207
34,5,3,0.003414943811642526
34,5,4,0.00472188107498719
34,5,5,0.00341494381119472
34,5,6,0.00046443597193834515
34,5,7,0.004284341401380339
34,5,8,0.0022110347234043553
34,5,9,0.0004644359713905916
34,5,10,0.003414943803763859
34,6,1,0.0034149438097600456
34,6,2,0.0034149463444019712
34,6,3,0.003414943810773399
34,6,4,0.003414943808774821
34,6,5,0.0034149437756784396
34,6,6,0.0034149438104462055
34,6,7,0.0034149433873177327
34,6,8,0.003414943817968627
34,6,9,0.0034149438122939553
34,6,10,0.003422435383193042
34,7,1,0.000464435968055637
34,7,2,0.0004644359645551834
34,7,3,0.004746142316895576
34,7,4,0.004828242689952614
34,7,5,0.00046443597094671135
34,7,6,0.00046443596727101314
34,7,7,0.00046443596504994606
34,7,8,0.002008651151273897
34,7,9,0.004826397395940436
34,7,10,0.00046443596841449114
34,8,1,0.0034149438111413344
34,8,2,0.003482725644347094
34,8,3,0.00341494381326867
34,8,4,0.004775755742372609
34,8,5,0.004010110947945806
34,8,6,0.004580886225195586
34,8,7,0.0034149439786546206
34,8,8,0.0004644359689212481
34,8,9,0.0034149438106309046
34,8,10,0.0039004596115410485
34,9,1,0.0008294362773779072
34,9,2,0.00046443596996865294
34,9,3,0.0034149438086820486
34,9,4,0.0034149438105895735
34,9,5,0.0004644359698153023
34,9,6,0.0004644359750253935
34,9,7,0.00039642345989549676
34,9,8,0.00017452361109577673
34,9,9,0.0004644359733850136
34,9,10,0.0002443354595401597
34,10,1,0.001857438953854505
34,10,2,0.0034149438166229925
34,10,3,0.001841730759890771
34,10,4,0.0018417307560883878
34,10,5,0.0037717800255702236
34,10,6,0.0034149438178389105
34,10,7,0.0018486550354976249
34,10,8,0.002008651402577551
34,10,9,0.0017647688598004998
34,10,10,0.0034149438143681135
34,11,1,0.0010107471164367058
34,11,2,0.003414943819459858
34,11,3,0.0009136385693748981
34,11,4,0.0009456770111084349
34,11,5,0.000826535503903454
34,11,6,0.0007660615532898842
34,11,7,0.0008887142687209929
34,11,8,0.0010020238620650679
34,11,9,0.0034149438219940455
34,11,10,0.0010948458373429052
34,12,1,0.0010312024574611908
34,12,2,0.0006720832567808128
34,12,3,0.0009271529024429389
34,12,4,0.000962145868641627
34,12,5,0.0037780457877938747
34,12,6,0.0034149438200490496
34,12,7,0.000742198756551364
34,12,8,0.00046735629264420687
34,12,9,0.000940420577960136
34,12,10,0.0008130748418837459
34,13,1,0.0010270027925505154
34,13,2,0.00046443597984042036
34,13,3,0.0009170478315828694
34,13,4,0.0009531851402474845
34,13,5,0.0007781866416016091
34,13,6,0.0007929582612509296
34,13,7,0.0007390758188527103
34,13,8,3.621518616333694e-5
34,13,9,0.0009314920390723616
34,13,10,0.0007857114106596729
34,14,1,0.0009993191654533347
34,14,2,0.0006368469120134918
34,14,3,0.000891829525421515
34,14,4,0.0009268640469275374
34,14,5,0.003414943818943304
34,14,6,0.0007834444850467836
34,14,7,0.0038262224632244707
34,14,8,0.0005318634070576525
34,14,9,0.0009070790342770076
34,14,10,0.0007481489963318968
34,15,1,0.0012774072148849446
34,15,2,0.0034149438185235685
34,15,3,0.0013007769191203927
34,15,4,0.0013007769190250603
34,15,5,0.003991701442541739
34,15,6,0.004741072339693485
34,15,7,0.003414943816477585
34,15,8,0.0012643365239268125
34,15,9,0.0012386973218101527
34,15,10,0.003926560951361251
34,16,1,0.0034149438152655514
34,16,2,0.0034149438095446767
34,16,3,0.003414943999392052
34,16,4,0.003414943997799595
34,16,5,0.004053313161507795
34,16,6,0.004895943379867529
34,16,7,0.0034149438175980194
34,16,8,0.00341494380796424
34,16,9,0.0034149438108565067
34,16,10,0.0034149438161457306
34,17,1,0.003414943808745541
34,17,2,0.0033693585239229344
34,17,3,0.0034149438509364504
34,17,4,0.0034149438393725573
34,17,5,0.004078156149585141
34,17,6,0.0034149438067777927
34,17,7,0.0033216434200339347
34,17,8,0.0040122001464445054
34,17,9,0.00456297301736509
34,17,10,0.0038874597258843403
34,18,1,0.0034474441196428833
34,18,2,0.003414943976946626
34,18,3,0.0034325570773652684
34,18,4,0.003432873152848152
34,18,5,0.0034149438003491972
34,18,6,0.003414943799182338
34,18,7,0.0034149437986838024
34,18,8,0.0038489071536832687
34,18,9,0.004510397072716625
34,18,10,0.0034325327306204277
34,19,1,0.0034149438269772763
34,19,2,0.0034149438491365572
34,19,3,0.00046443595343068403
34,19,4,0.0034149438146099964
34,19,5,0.0034149438332829094
34,19,6,0.004698309973934663
34,19,7,0.003414943837131615
34,19,8,0.00346460891202253
34,19,9,0.0034149438238145545
34,19,10,0.003414943824677816
34,20,1,0.00046443595432316115
34,20,2,0.0031854235740966107
34,20,3,0.0010433130620777188
34,20,4,0.0004644359499514553
34,20,5,0.0010058191237337834
34,20,6,0.0017159925603374858
34,20,7,0.0019770070758094024
34,20,8,0.006933993876146649
34,20,9,0.00046443595725790675
34,20,10,0.0030497536375837272
34,21,1,0.005012397482271268
34,21,2,0.004665775357316745
34,21,3,0.004474468669551485
34,21,4,0.004576006058553601
34,21,5,0.00410853529630055
34,21,6,0.0046697563482069855
34,21,7,0.004676559011745373
34,21,8,0.004676443216130377
34,21,9,0.004619822434938545
34,21,10,0.004150092818617907
34,22,1,0.003414943855517811
34,22,2,0.003528586942533521
34,22,3,0.00453492116078408
34,22,4,0.004632219507073532
34,22,5,0.0034149438716704968
34,22,6,0.0034149439511976434
34,22,7,0.003884507922606412
34,22,8,0.00439710079207299
34,22,9,0.004630029429132364
34,22,10,0.0034149439203639853
34,23,1,0.003414943845520907
34,23,2,0.0034149438759037295
34,23,3,0.0034149438234537194
34,23,4,0.0046371907997310126
34,23,5,0.0039042195973019683
34,23,6,0.0034149439015424238
34,23,7,0.0034149438282441175
34,23,8,0.004604760549467079
34,23,9,0.004635012528854229
34,23,10,0.0038744883186446187
34,24,1,0.0034149438078141863
34,24,2,0.003414943821473795
34,24,3,0.0034149438121068207
34,24,4,0.0034149438157795517
34,24,5,0.003414943818726855
34,24,6,0.004075170272682454
34,24,7,0.003414943808777873
34,24,8,0.004593226330089375
34,24,9,0.003414943813691004
34,24,10,0.0034149438237235587
35,1,1,7.699441934717942e-5
35,1,2,0.00036171410249037406
35,1,3,7.699441987620446e-5
35,1,4,7.699441947328406e-5
35,1,5,7.69944163915352e-5
35,1,6,7.699443108242581e-5
35,1,7,7.6994419295073e-5
35,1,8,0.003001368296929908
35,1,9,7.699441945178505e-5
35,1,10,7.699441944824835e-5
35,2,1,7.699441319405018e-5
35,2,2,7.699442022795043e-5
35,2,3,7.699442021790614e-5
35,2,4,7.699441899209043e-5
35,2,5,7.699442024059223e-5
35,2,6,7.699442025554282e-5
35,2,7,7.699441308971566e-5
35,2,8,7.699437380843592e-5
35,2,9,7.699441260836246e-5
35,2,10,7.699441342474924e-5
35,3,1,7.699444748284315e-5
35,3,2,7.699443646129978e-5
35,3,3,7.699442069196933e-5
35,3,4,7.699444308313368e-5
35,3,5,7.699443078483286e-5
35,3,6,7.699442066424881e-5
35,3,7,7.69944336315059e-5
35,3,8,7.699440199854353e-5
35,3,9,7.699443810320642e-5
35,3,10,7.699443474239076e-5
35,4,1,7.699444268922969e-5
35,4,2,7.699444150581257e-5
35,4,3,7.69944422196705e-5
35,4,4,7.699443813964447e-5
35,4,5,7.699443817634719e-5
35,4,6,7.699443443575305e-5
35,4,7,7.699441971831584e-5
35,4,8,7.699439695758395e-5
35,4,9,7.699444266186548e-5
35,4,10,7.69944199293604e-5
35,5,1,7.699441161369615e-5
35,5,2,7.699441202184016e-5
35,5,3,7.699441855525837e-5
35,5,4,7.699441734328726e-5
35,5,5,7.699441852603568e-5
35,5,6,7.699441148352469e-5
35,5,7,7.699441776835934e-5
35,5,8,7.699437531050169e-5
35,5,9,7.699441119238974e-5
35,5,10,7.699438111023282e-5
35,6,1,7.699441563376744e-5
35,6,2,7.700000675535452e-5
35,6,3,7.699441529026977e-5
35,6,4,7.699441536307933e-5
35,6,5,7.699441692540056e-5
35,6,6,7.69944155143297e-5
35,6,7,7.699463897074711e-5
35,6,8,7.69943928131968e-5
35,6,9,7.699441516227689e-5
35,6,10,8.40080948945502e-5
35,7,1,7.699440426165731e-5
35,7,2,7.699437220329103e-5
35,7,3,7.699440983326607e-5
35,7,4,7.699440977065502e-5
35,7,5,7.699440439156596e-5
35,7,6,7.699440425493504e-5
35,7,7,7.699440460547338e-5
35,7,8,7.699437254779944e-5
35,7,9,7.699440976576375e-5
35,7,10,7.699437066071034e-5
35,8,1,7.69944145472092e-5
35,8,2,0.00028334855474127104
35,8,3,7.699441414664752e-5
35,8,4,7.699441198436516e-5
35,8,5,7.699441285337412e-5
35,8,6,7.699441203083994e-5
35,8,7,7.699481639746988e-5
35,8,8,7.699437112267819e-5
35,8,9,7.699441396159524e-5
35,8,10,7.699437199831849e-5
35,9,1,7.699442287545223e-5
35,9,2,7.699441622805752e-5
35,9,3,7.69944193001089e-5
35,9,4,7.699441928988228e-5
35,9,5,7.699441138943977e-5
35,9,6,7.699441103211132e-5
35,9,7,7.69944240173224e-5
35,9,8,7.69943794145722e-5
35,9,9,7.699441055634194e-5
35,9,10,7.699442469384827e-5
35,10,1,7.69944364728714e-5
35,10,2,7.699442973891276e-5
35,10,3,7.699443686932556e-5
35,10,4,7.699443665327578e-5
35,10,5,7.699442868597829e-5
35,10,6,7.699442885049982e-5
35,10,7,7.699443831443066e-5
35,10,8,7.699459439613557e-5
35,10,9,7.69944364198399e-5
35,10,10,7.699443020899941e-5
35,11,1,7.69944416835469e-5
35,11,2,7.699443799650228e-5
35,11,3,7.699444187690346e-5
35,11,4,7.699444179039297e-5
35,11,5,7.69944423142166e-5
35,11,6,7.699444173814413e-5
35,11,7,7.69944431091424e-5
35,11,8,7.699447205181771e-5
35,11,9,7.699443763870724e-5
35,11,10,7.699444393973034e-5
35,12,1,7.69944437627805e-5
35,12,2,7.699444488933012e-5
35,12,3,7.699444410658753e-5
35,12,4,7.69944439945866e-5
35,12,5,7.69944390881854e-5
35,12,6,7.699443937953349e-5
35,12,7,7.69944442982193e-5
35,12,8,7.699445302486682e-5
35,12,9,7.699444391840952e-5
35,12,10,7.699444466686862e-5
35,13,1,7.699444372462994e-5
35,13,2,7.699443033220963e-5
35,13,3,7.699444407628871e-5
35,13,4,7.699444398587023e-5
35,13,5,7.699444391817566e-5
35,13,6,7.69944437317238e-5
35,13,7,7.699444414813461e-5
35,13,8,7.69944476035626e-5
35,13,9,7.699444393432088e-5
35,13,10,7.699444462462061e-5
35,14,1,7.699444293592777e-5
35,14,2,7.699444387202396e-5
35,14,3,7.699444324366118e-5
35,14,4,7.699444317463255e-5
35,14,5,7.699443835211755e-5
35,14,6,7.699444280336573e-5
35,14,7,7.699443792401074e-5
35,14,8,7.69944600089816e-5
35,14,9,7.69944430916106e-5
35,14,10,7.699444372175534e-5
35,15,1,7.69944377380214e-5
35,15,2,7.699443237805499e-5
35,15,3,7.699443860006145e-5
35,15,4,7.69944383327882e-5
35,15,5,7.699443108251382e-5
35,15,6,7.699443040845165e-5
35,15,7,7.699443179691196e-5
35,15,8,7.699464442042173e-5
35,15,9,7.699443812991703e-5
35,15,10,7.699443183932122e-5
35,16,1,7.699442489728268e-5
35,16,2,7.699442392309587e-5
35,16,3,7.699485607298885e-5
35,16,4,7.699484254520735e-5
35,16,5,7.699442230055683e-5
35,16,6,7.699442163137848e-5
35,16,7,7.699442321254257e-5
35,16,8,7.699437699814337e-5
35,16,9,7.699442464553231e-5
35,16,10,7.699442897022414e-5
35,17,1,7.699440503415544e-5
35,17,2,0.0003320923244266314
35,17,3,7.699447730879268e-5
35,17,4,7.699444763683902e-5
35,17,5,7.699440228286152e-5
35,17,6,7.699440451625547e-5
35,17,7,0.0007147741907094366
35,17,8,0.0016663030039610492
35,17,9,7.699440208137547e-5
35,17,10,7.699436906169252e-5
35,18,1,0.00011159524523620083
35,18,2,7.699448761506004e-5
35,18,3,0.00011949515209209701
35,18,4,0.00011904567375509521
35,18,5,7.699438788049103e-5
35,18,6,7.699438761742887e-5
35,18,7,7.699436758521429e-5
35,18,8,0.0012410588559602204
35,18,9,7.699438536210193e-5
35,18,10,0.00010106367665206255
35,19,1,7.699441876289917e-5
35,19,2,7.699439901260018e-5
35,19,3,7.699435784384118e-5
35,19,4,7.699441201522732e-5
35,19,5,7.699439483005347e-5
35,19,6,7.699435919876967e-5
35,19,7,7.699440149097514e-5
35,19,8,0.0009989059085899756
35,19,9,7.699442109293896e-5
35,19,10,7.699439525810502e-5
35,20,1,7.699437258730639e-5
35,20,2,0.002908100437999694
35,20,3,0.0007422840753097139
35,20,4,7.699437336091909e-5
35,20,5,0.0006913495623025667
35,20,6,0.0014455880880603902
35,20,7,0.0016791799636183366
35,20,8,0.006422530839275317
35,20,9,7.699437766704471e-5
35,20,10,0.002815295711122716
35,21,1,7.699437969759182e-5
35,21,2,0.0016131071494198993
35,21,3,7.699438144401979e-5
35,21,4,7.699438088279633e-5
35,21,5,7.699441311844724e-5
35,21,6,0.0016112224563853144
35,21,7,0.0016135065360367152
35,21,8,0.0016160997312931022
35,21,9,0.0015375610918667822
35,21,10,0.00018297936620536657
35,22,1,7.699452229087677e-5
35,22,2,0.00040754342057076383
35,22,3,7.699439137604254e-5
35,22,4,7.699439046428874e-5
35,22,5,7.699454707426683e-5
35,22,6,7.69944689856159e-5
35,22,7,7.699436590640817e-5
35,22,8,0.002322327028961836
35,22,9,7.69943904767686e-5
35,22,10,7.699447083406691e-5
35,23,1,7.699450104022731e-5
35,23,2,7.699444503876699e-5
35,23,3,7.699444099878702e-5
35,23,4,7.699439927961083e-5
35,23,5,7.699440045742569e-5
35,23,6,7.699443491992135e-5
35,23,7,7.699447333162537e-5
35,23,8,0.00262631052216236
35,23,9,7.699439926070923e-5
35,23,10,7.699436778470398e-5
35,24,1,7.69944221111417e-5
35,24,2,7.6994392951247e-5
35,24,3,7.699442561696747e-5
35,24,4,7.699442650262148e-5
35,24,5,7.699442345513944e-5
35,24,6,7.699441004317327e-5
35,24,7,7.699442396465775e-5
35,24,8,0.0026271395168275227
35,24,9,7.69944243117863e-5
35,24,10,7.69943994772424e-5
36,1,1,0.0002578055773352446
36,1,2,0.0005073829863642444
36,1,3,0.00025780557761351247
36,1,4,0.00025780557759821215
36,1,5,0.00025780557434817216
36,1,6,0.0002578055891700322
36,1,7,0.00025780557733323173
36,1,8,0.003117719401855961
36,1,9,0.0002578055776426857
36,1,10,0.0002578055776920262
36,2,1,0.00025780557141834824
36,2,2,0.0002578055782304572
36,2,3,0.00025780557815269716
36,2,4,0.0002578055769242895
36,2,5,0.000257805578225444
36,2,6,0.00025780557825718525
36,2,7,0.00025780557129059204
36,2,8,0.00025780553180846554
36,2,9,0.00025780557077801535
36,2,10,0.0002578055715774275
36,3,1,0.00025780560555547675
36,3,2,0.0002578055944125159
36,3,3,0.00025780557864838583
36,3,4,0.00025780560107852647
36,3,5,0.0002578055887558712
36,3,6,0.0002578055785891064
36,3,7,0.0002578055916241831
36,3,8,0.0002578055596803883
36,3,9,0.00025780559616011005
36,3,10,0.0002578055926674934
36,4,1,0.0002578056005567135
36,4,2,0.00025780559927085647
36,4,3,0.0002578056000716053
36,4,4,0.000257805596031165
36,4,5,0.0002578055960828779
36,4,6,0.0002578055926707032
36,4,7,0.00025780557762872686
36,4,8,0.0002578055544574001
36,4,9,0.00025780560067577355
36,4,10,0.0002578055778570626
36,5,1,0.00025780556982819
36,5,2,0.0002578055701660226
36,5,3,0.00025780557653752535
36,5,4,0.00025780557527531664
36,5,5,0.00025780557651763653
36,5,6,0.00025780556973215035
36,5,7,0.0002578055757121551
36,5,8,0.0002578055329245245
36,5,9,0.00025780556940477214
36,5,10,0.0002578055542334431
36,6,1,0.0002578055734541329
36,6,2,0.0002578111474776362
36,6,3,0.00025780557314654406
36,6,4,0.0002578055732020154
36,6,5,0.00025780557465721933
36,6,6,0.00025780557337445594
36,6,7,0.00025780580143961005
36,6,8,0.0002578055535850428
36,6,9,0.00025780557303047735
36,6,10,0.0002646943594461606
36,7,1,0.0002578055624083128
36,7,2,0.00025780553711749095
36,7,3,0.00025780556776302936
36,7,4,0.000257805567684691
36,7,5,0.0002578055625718761
36,7,6,0.0002578055624296508
36,7,7,0.00025780556281808836
36,7,8,0.00025780553013187276
36,7,9,0.0002578055677207835
36,7,10,0.00025780552857583106
36,8,1,0.00025780557279329804
36,8,2,0.0004362724786945621
36,8,3,0.0002578055722508438
36,8,4,0.00025780556990119004
36,8,5,0.00025780557078380943
36,8,6,0.00025780557001072374
36,8,7,0.0002578059760323193
36,8,8,0.0002578055290444903
36,8,9,0.00025780557205424734
36,8,10,0.00025780552979267956
36,9,1,0.00025780558103446046
36,9,2,0.00025780559680344195
36,9,3,0.00025780557722796026
36,9,4,0.0002578055772655913
36,9,5,0.0002578055695901615
36,9,6,0.00025780556920761263
36,9,7,0.0002578055822040686
36,9,8,0.00025780553700724965
36,9,9,0.00025780556872153146
36,9,10,0.0002578055827163767
36,10,1,0.00025780559448726676
36,10,2,0.000257805587941146
36,10,3,0.00025780559485997356
36,10,4,0.00025780559464075564
36,10,5,0.00025780558665576954
36,10,6,0.00025780558679608525
36,10,7,0.0002578055963158226
36,10,8,0.0002578057528257954
36,10,9,0.0002578055944154247
36,10,10,0.0002578055882539601
36,11,1,0.0002578055996502897
36,11,2,0.00025780559600417175
36,11,3,0.0002578055998792793
36,11,4,0.0002578055997802678
36,11,5,0.00025780560034365283
36,11,6,0.00025780559971250107
36,11,7,0.0002578056010937195
36,11,8,0.0002578056302487684
36,11,9,0.0002578055956540634
36,11,10,0.00025780560194480146
36,12,1,0.00025780560182839604
36,12,2,0.0002578056028358627
36,12,3,0.0002578056020781164
36,12,4,0.000257805601987271
36,12,5,0.00025780559706715917
36,12,6,0.00025780559731226037
36,12,7,0.00025780560228532725
36,12,8,0.00025780561102051603
36,12,9,0.0002578056019240824
36,12,10,0.00025780560267794873
36,13,1,0.000257805601729868
36,13,2,0.0002578055885926766
36,13,3,0.000257805602057944
36,13,4,0.00025780560200490925
36,13,5,0.0002578056019482755
36,13,6,0.0002578056017073135
36,13,7,0.0002578056021204145
36,13,8,0.00025780560561777094
36,13,9,0.0002578056019173054
36,13,10,0.00025780560262972656
36,14,1,0.00025780560091234885
36,14,2,0.0002578056019113762
36,14,3,0.0002578056011981045
36,14,4,0.00025780560115948455
36,14,5,0.00025780559637779557
36,14,6,0.0002578056007731023
36,14,7,0.0002578055959083053
36,14,8,0.00025780561826774923
36,14,9,0.0002578056010360438
36,14,10,0.0002578056017120128
36,15,1,0.0002578055957361145
36,15,2,0.00025780559037202276
36,15,3,0.00025780559659673247
36,15,4,0.0002578055963485317
36,15,5,0.0002578055890855006
36,15,6,0.00025780558842404815
36,15,7,0.00025780558977819227
36,15,8,0.0002578058020615895
36,15,9,0.0002578055961135345
36,15,10,0.00025780558981837
36,16,1,0.00025780558281999165
36,16,2,0.0002578055819830994
36,16,3,0.0002578060170855604
36,16,4,0.00025780600324275255
36,16,5,0.0002578055802664166
36,16,6,0.00025780557961713657
36,16,7,0.00025780558122304046
36,16,8,0.000257805534742546
36,16,9,0.00025780558265897776
36,16,10,0.00025780558556540547
36,17,1,0.00025780556306438516
36,17,2,0.0004803750734792945
36,17,3,0.0002578056349083589
36,17,4,0.00025780560539549177
36,17,5,0.0002578055602594039
36,17,6,0.00025780556284669265
36,17,7,0.0008466171487553989
36,17,8,0.0017847582968739248
36,17,9,0.00025780556004384117
36,17,10,0.00025780552684490657
36,18,1,0.00028945511591608276
36,18,2,0.00025780563858093287
36,18,3,0.0002961010451516318
36,18,4,0.000295724380384986
36,18,5,0.00025780554551774627
36,18,6,0.0002578055455645188
36,18,7,0.0002578055220082187
36,18,8,0.0013633759926339989
36,18,9,0.0002578055433511363
36,18,10,0.00027992763208912797
36,19,1,0.00025780557666132183
36,19,2,0.00025780555657709
36,19,3,0.0002578055155159158
36,19,4,0.0002578055698233067
36,19,5,0.00025780554839654297
36,19,6,0.00025780551663738126
36,19,7,0.0002578055590678558
36,19,8,0.001123250000521343
36,19,9,0.0002578055788734582
36,19,10,0.00025780555294113564
36,20,1,0.00025780553065587585
36,20,2,0.0030325572850896316
36,20,3,0.0008757026951554933
36,20,4,0.00025780553122948586
36,20,5,0.0008223875548172533
36,20,6,0.0014816251448492525
36,20,7,0.001679356977753157
36,20,8,0.006556824377429881
36,20,9,0.000257805535512529
36,20,10,0.0029521764424035616
36,21,1,0.00025780553768230596
36,21,2,0.001735450261078246
36,21,3,0.0002578055393412076
36,21,4,0.0002578055388740673
36,21,5,0.0002578055904218721
36,21,6,0.001733608665603833
36,21,7,0.0017359113716247558
36,21,8,0.001738411082498176
36,21,9,0.0016595827538188048
36,21,10,0.00034931790367466296
36,22,1,0.00025780568013493535
36,22,2,0.0005503514591151851
36,22,3,0.0002578055494664286
36,22,4,0.0002578055483850997
36,22,5,0.00025780570510993003
36,22,6,0.00025780562520033335
36,22,7,0.00025780552335981973
36,22,8,0.0024394658486010558
36,22,9,0.00025780554838799084
36,22,10,0.00025780562860737677
36,23,1,0.00025780565898649173
36,23,2,0.0002578056027007695
36,23,3,0.0002578055991837363
36,23,4,0.0002578055572305783
36,23,5,0.0002578055585840236
36,23,6,0.0002578056134747997
36,23,7,0.0002578056312125755
36,23,8,0.002744750992620096
36,23,9,0.00025780555719755763
36,23,10,0.0002578055254619818
36,24,1,0.00025780558007094235
36,24,2,0.00025780555004843015
36,24,3,0.00025780558367275374
36,24,4,0.0002578055844189338
36,24,5,0.00025780558154081485
36,24,6,0.0002578055679828618
36,24,7,0.00025780558193491654
36,24,8,0.0027442695126552205
36,24,9,0.0002578055822818013
36,24,10,0.0002578055575756441
37,1,1,8.344149014375837e-5
37,1,2,0.00036444654513913917
37,1,3,8.344149065327187e-5
37,1,4,8.344149023825836e-5
37,1,5,8.344148721614121e-5
37,1,6,8.344150177612098e-5
37,1,7,8.344149009546409e-5
37,1,8,0.0029833722885530436
37,1,9,8.34414902462899e-5
37,1,10,8.344149023721739e-5
37,2,1,8.34414840410671e-5
37,2,2,8.344149103754373e-5
37,2,3,8.34414910057289e-5
37,2,4,8.34414897937911e-5
37,2,5,8.344149105109298e-5
37,2,6,8.344149105096431e-5
37,2,7,8.34414839633164e-5
37,2,8,8.344144489590854e-5
37,2,9,8.344148346581952e-5
37,2,10,8.344148426891753e-5
37,3,1,8.344151809843952e-5
37,3,2,8.344150713182093e-5
37,3,3,8.344149148630962e-5
37,3,4,8.344151373232556e-5
37,3,5,8.344150150536973e-5
37,3,6,8.344149146020622e-5
37,3,7,8.344150432811267e-5
37,3,8,8.344147290560464e-5
37,3,9,8.344150876291209e-5
37,3,10,8.344150541756533e-5
37,4,1,8.344151331605111e-5
37,4,2,8.344151209582908e-5
37,4,3,8.344151287116816e-5
37,4,4,8.34415087908827e-5
37,4,5,8.344150884045353e-5
37,4,6,8.344150510172632e-5
37,4,7,8.344149047214597e-5
37,4,8,8.344146777072414e-5
37,4,9,8.34415133127444e-5
37,4,10,8.344149071577573e-5
37,5,1,8.344148250531081e-5
37,5,2,8.34414828731792e-5
37,5,3,8.344148936905911e-5
37,5,4,8.344148812987249e-5
37,5,5,8.344148932384757e-5
37,5,6,8.34414823752025e-5
37,5,7,8.34414885595869e-5
37,5,8,8.344144637039966e-5
37,5,9,8.34414820832932e-5
37,5,10,8.344145215847086e-5
37,6,1,8.344148644472835e-5
37,6,2,8.344703665737793e-5
37,6,3,8.344148612300414e-5
37,6,4,8.344148616882762e-5
37,6,5,8.344148766963348e-5
37,6,6,8.344148633589929e-5
37,6,7,8.344170840718432e-5
37,6,8,8.344146355357754e-5
37,6,9,8.344148598140599e-5
37,6,10,9.037417381071949e-5
37,7,1,8.34414751718304e-5
37,7,2,8.344144341985593e-5
37,7,3,8.344148068490051e-5
37,7,4,8.344148063029589e-5
37,7,5,8.344147531633446e-5
37,7,6,8.344147517462312e-5
37,7,7,8.344147553001412e-5
37,7,8,8.344144363247257e-5
37,7,9,8.344148062433116e-5
37,7,10,8.344144177014692e-5
37,8,1,8.344148537769462e-5
37,8,2,0.0002867808289225425
37,8,3,8.344148496879813e-5
37,8,4,8.344148282269304e-5
37,8,5,8.344148371064859e-5
37,8,6,8.344148286193891e-5
37,8,7,8.34418845013115e-5
37,8,8,8.344144223916947e-5
37,8,9,8.344148474977528e-5
37,8,10,8.34414430949184e-5
37,9,1,8.34414936152145e-5
37,9,2,8.344148879441903e-5
37,9,3,8.344149007527602e-5
37,9,4,8.344149006822237e-5
37,9,5,8.344148226736407e-5
37,9,6,8.344148190336865e-5
37,9,7,8.344149475519055e-5
37,9,8,8.34414504192638e-5
37,9,9,8.344148142401779e-5
37,9,10,8.344149543148179e-5
37,10,1,8.344150711498609e-5
37,10,2,8.344150044942837e-5
37,10,3,8.34415075079667e-5
37,10,4,8.34415073072155e-5
37,10,5,8.344149941276664e-5
37,10,6,8.344149956491196e-5
37,10,7,8.344150893855988e-5
37,10,8,8.344166408115513e-5
37,10,9,8.344150704637519e-5
37,10,10,8.344150090259096e-5
37,11,1,8.344151230161895e-5
37,11,2,8.344150865581344e-5
37,11,3,8.344151249337183e-5
37,11,4,8.344151241586331e-5
37,11,5,8.344151292440078e-5
37,11,6,8.344151234611362e-5
37,11,7,8.344151371197231e-5
37,11,8,8.344154245203491e-5
37,11,9,8.344150832576632e-5
37,11,10,8.344151452426083e-5
37,12,1,8.344151436543455e-5
37,12,2,8.34415154687727e-5
37,12,3,8.34415146722122e-5
37,12,4,8.344151459249304e-5
37,12,5,8.344150973511182e-5
37,12,6,8.344151002124532e-5
37,12,7,8.344151487256424e-5
37,12,8,8.344152355298658e-5
37,12,9,8.344151450574491e-5
37,12,10,8.344151525981932e-5
37,13,1,8.34415143418001e-5
37,13,2,8.344150109471145e-5
37,13,3,8.344151467021422e-5
37,13,4,8.344151456212841e-5
37,13,5,8.344151451296141e-5
37,13,6,8.344151433762718e-5
37,13,7,8.344151473318448e-5
37,13,8,8.344151817375417e-5
37,13,9,8.34415145092144e-5
37,13,10,8.344151520549222e-5
37,14,1,8.34415135304315e-5
37,14,2,8.344151447761351e-5
37,14,3,8.344151383728968e-5
37,14,4,8.344151375431194e-5
37,14,5,8.344150902516616e-5
37,14,6,8.344151339108465e-5
37,14,7,8.344150860114886e-5
37,14,8,8.344153049586749e-5
37,14,9,8.344151366469639e-5
37,14,10,8.344151433806174e-5
37,15,1,8.344150837989309e-5
37,15,2,8.34415030786259e-5
37,15,3,8.344150923133894e-5
37,15,4,8.344150897563241e-5
37,15,5,8.344150181433263e-5
37,15,6,8.344150111360682e-5
37,15,7,8.344150250279104e-5
37,15,8,8.344171362556457e-5
37,15,9,8.344150875389523e-5
37,15,10,8.344150255191338e-5
37,16,1,8.344149565107392e-5
37,16,2,8.344149472009183e-5
37,16,3,8.34419241343277e-5
37,16,4,8.344191086041528e-5
37,16,5,8.344149307148202e-5
37,16,6,8.344149242176453e-5
37,16,7,8.344149399384044e-5
37,16,8,8.344144810530363e-5
37,16,9,8.344149541598921e-5
37,16,10,8.344149966312333e-5
37,17,1,8.344147594576418e-5
37,17,2,0.0003349919208382533
37,17,3,8.344154780557768e-5
37,17,4,8.344151831434845e-5
37,17,5,8.34414731745663e-5
37,17,6,8.344147538027684e-5
37,17,7,0.0007130236218319618
37,17,8,0.0010293932682128443
37,17,9,8.344147298403118e-5
37,17,10,8.344144018677976e-5
37,18,1,0.0001174352131753152
37,18,2,8.344155697199918e-5
37,18,3,0.00012515832939470216
37,18,4,0.00012472182841112963
37,18,5,8.344145859991728e-5
37,18,6,8.344145862339949e-5
37,18,7,8.344143883462678e-5
37,18,8,0.0012373326667826957
37,18,9,8.344145638584733e-5
37,18,10,0.00010703150815342427
37,19,1,8.34414895308201e-5
37,19,2,8.344146982345995e-5
37,19,3,8.344142904746377e-5
37,19,4,8.34414828220961e-5
37,19,5,8.344146520463885e-5
37,19,6,8.344143042459644e-5
37,19,7,8.344147247561198e-5
37,19,8,0.0009977272667484965
37,19,9,8.344149186796826e-5
37,19,10,8.344146610507166e-5
37,20,1,8.344144369843898e-5
37,20,2,0.0028971398959319918
37,20,3,0.000741073728455214
37,20,4,8.344144448115567e-5
37,20,5,0.0004167741158140289
37,20,6,0.0008814041061630213
37,20,7,0.0010320506037145294
37,20,8,0.006383715881948483
37,20,9,8.344144873569425e-5
37,20,10,0.002792681655227153
37,21,1,8.344145075719646e-5
37,21,2,0.0016069014974692173
37,21,3,8.344145248985533e-5
37,21,4,8.344145193361735e-5
37,21,5,8.344148452477892e-5
37,21,6,0.0016051058950735414
37,21,7,0.0016074134192404917
37,21,8,0.0016057267231828973
37,21,9,0.0015324424651583968
37,21,10,0.0001876177008200875
37,22,1,8.34415924324354e-5
37,22,2,0.00040990615927497865
37,22,3,8.34414623537493e-5
37,22,4,8.344146144354172e-5
37,22,5,8.344161705696865e-5
37,22,6,8.344153984719137e-5
37,22,7,8.344143710813486e-5
37,22,8,0.0023080331654504174
37,22,9,8.344146146692575e-5
37,22,10,8.344154142588525e-5
37,23,1,8.344157126320904e-5
37,23,2,8.344151564312548e-5
37,23,3,8.344151165024771e-5
37,23,4,8.344147020848909e-5
37,23,5,8.34414713838057e-5
37,23,6,8.3441505541413e-5
37,23,7,8.344154377499406e-5
37,23,8,0.00261404879139708
37,23,9,8.344147019367276e-5
37,23,10,8.344143896253013e-5
37,24,1,8.344149288392121e-5
37,24,2,8.344146354511954e-5
37,24,3,8.344149636117288e-5
37,24,4,8.344149723145024e-5
37,24,5,8.344149420265938e-5
37,24,6,8.344148088505902e-5
37,24,7,8.344149474039525e-5
37,24,8,0.0026126042883537997
37,24,9,8.344149507028646e-5
37,24,10,8.344147058406097e-5
38,1,1,8.34414903484976e-5
38,1,2,0.00036529452576512165
38,1,3,8.344149077128325e-5
38,1,4,8.344149044961617e-5
38,1,5,8.344148730413127e-5
38,1,6,8.344150204842451e-5
38,1,7,8.344149030120487e-5
38,1,8,0.003000570793444103
38,1,9,8.344149043717647e-5
38,1,10,8.344149043899812e-5
38,2,1,8.344148492020862e-5
38,2,2,8.344149123165433e-5
38,2,3,8.344149119344124e-5
38,2,4,8.344148987519719e-5
38,2,5,8.344149123469398e-5
38,2,6,8.344149124366452e-5
38,2,7,8.34414848208999e-5
38,2,8,8.344144523639264e-5
38,2,9,8.344148444058078e-5
38,2,10,8.34414852636942e-5
38,3,1,8.344151838201078e-5
38,3,2,8.344150738037074e-5
38,3,3,8.344149155852868e-5
38,3,4,8.344151397608149e-5
38,3,5,8.344150171698396e-5
38,3,6,8.344149154037256e-5
38,3,7,8.344150454611005e-5
38,3,8,8.34414730499805e-5
38,3,9,8.344150899605248e-5
38,3,10,8.344150564414933e-5
38,4,1,8.344151357737989e-5
38,4,2,8.344151241417643e-5
38,4,3,8.344151310209577e-5
38,4,4,8.344150897081188e-5
38,4,5,8.344150903755733e-5
38,4,6,8.34415053690041e-5
38,4,7,8.344149058098477e-5
38,4,8,8.344146788992813e-5
38,4,9,8.344151355156174e-5
38,4,10,8.344149082792899e-5
38,5,1,8.344148334420098e-5
38,5,2,8.344148382700066e-5
38,5,3,8.34414895561683e-5
38,5,4,8.34414882186462e-5
38,5,5,8.344148950470405e-5
38,5,6,8.344148320419671e-5
38,5,7,8.344148865949988e-5
38,5,8,8.344144648532654e-5
38,5,9,8.344148290146093e-5
38,5,10,8.344145222538957e-5
38,6,1,8.344148663333216e-5
38,6,2,8.34470501063852e-5
38,6,3,8.344148629547312e-5
38,6,4,8.344148633817541e-5
38,6,5,8.344148787684749e-5
38,6,6,8.34414865100614e-5
38,6,7,8.344170857413772e-5
38,6,8,8.344146363237619e-5
38,6,9,8.344148616358685e-5
38,6,10,9.040128087410787e-5
38,7,1,8.344147590951278e-5
38,7,2,8.344144374708595e-5
38,7,3,8.344148075260459e-5
38,7,4,8.34414806878261e-5
38,7,5,8.344147605561724e-5
38,7,6,8.344147591910668e-5
38,7,7,8.344147627860786e-5
38,7,8,8.344144374268081e-5
38,7,9,8.344148067065515e-5
38,7,10,8.34414420388511e-5
38,8,1,8.344148556709658e-5
38,8,2,0.0002872981955667029
38,8,3,8.344148515753172e-5
38,8,4,8.344148289155886e-5
38,8,5,8.344148381957975e-5
38,8,6,8.344148294322702e-5
38,8,7,8.344188578603961e-5
38,8,8,8.344144255339995e-5
38,8,9,8.344148494339057e-5
38,8,10,8.344144314142358e-5
38,9,1,8.344149421193779e-5
38,9,2,8.344149008227679e-5
38,9,3,8.344149025853895e-5
38,9,4,8.344149025706132e-5
38,9,5,8.344148320600299e-5
38,9,6,8.344148284375428e-5
38,9,7,8.344149546784772e-5
38,9,8,8.344145089393908e-5
38,9,9,8.344148237471881e-5
38,9,10,8.34414962164921e-5
38,10,1,8.344150761145596e-5
38,10,2,8.344150068539629e-5
38,10,3,8.344150801083619e-5
38,10,4,8.344150779516149e-5
38,10,5,8.344149960728218e-5
38,10,6,8.344149978830707e-5
38,10,7,8.344150944451701e-5
38,10,8,8.344166548432928e-5
38,10,9,8.344150758296565e-5
38,10,10,8.344150113615111e-5
38,11,1,8.344151296858025e-5
38,11,2,8.344150889770681e-5
38,11,3,8.344151322436747e-5
38,11,4,8.344151312403216e-5
38,11,5,8.344151367434627e-5
38,11,6,8.344151310083728e-5
38,11,7,8.344151445332607e-5
38,11,8,8.344154337869919e-5
38,11,9,8.34415085655271e-5
38,11,10,8.344151522517146e-5
38,12,1,8.344151504547562e-5
38,12,2,8.344151628445134e-5
38,12,3,8.344151542811112e-5
38,12,4,8.34415153227629e-5
38,12,5,8.34415099552132e-5
38,12,6,8.344151028952017e-5
38,12,7,8.344151567627569e-5
38,12,8,8.344152451068618e-5
38,12,9,8.344151525289878e-5
38,12,10,8.344151601864523e-5
38,13,1,8.34415150490034e-5
38,13,2,8.344150218196012e-5
38,13,3,8.34415154155225e-5
38,13,4,8.344151530725504e-5
38,13,5,8.344151528379787e-5
38,13,6,8.344151510836196e-5
38,13,7,8.34415155262099e-5
38,13,8,8.344151931891875e-5
38,13,9,8.344151524920711e-5
38,13,10,8.344151597684906e-5
38,14,1,8.344151424804113e-5
38,14,2,8.344151530056643e-5
38,14,3,8.34415145867931e-5
38,14,4,8.344151449189465e-5
38,14,5,8.344150927437716e-5
38,14,6,8.344151418843429e-5
38,14,7,8.344150878968889e-5
38,14,8,8.344153149647689e-5
38,14,9,8.344151441357096e-5
38,14,10,8.34415151274602e-5
38,15,1,8.344150898705398e-5
38,15,2,8.344150332481668e-5
38,15,3,8.34415098318344e-5
38,15,4,8.344150957972973e-5
38,15,5,8.344150198849681e-5
38,15,6,8.344150122027397e-5
38,15,7,8.344150271769334e-5
38,15,8,8.34417156584588e-5
38,15,9,8.344150937116515e-5
38,15,10,8.344150272554808e-5
38,16,1,8.344149584042578e-5
38,16,2,8.344149494379294e-5
38,16,3,8.344192549832484e-5
38,16,4,8.344191210653713e-5
38,16,5,8.344149322615636e-5
38,16,6,8.344149247193619e-5
38,16,7,8.344149418807355e-5
38,16,8,8.34414481340945e-5
38,16,9,8.344149561407296e-5
38,16,10,8.344149987291624e-5
38,17,1,8.344147607151166e-5
38,17,2,0.00033570349817343715
38,17,3,8.344154804481948e-5
38,17,4,8.34415186057263e-5
38,17,5,8.34414732796415e-5
38,17,6,8.344147555240022e-5
38,17,7,0.0007155194739464403
38,17,8,0.0016614071719102258
38,17,9,8.344147305177199e-5
38,17,10,8.344144022117545e-5
38,18,1,0.00011755062569299734
38,18,2,8.344155755111886e-5
38,18,3,0.00012531966258166644
38,18,4,0.00012487839606759485
38,18,5,8.344145870355454e-5
38,18,6,8.344145873622781e-5
38,18,7,8.344143878138428e-5
38,18,8,0.001240940134468374
38,18,9,8.344145643687536e-5
38,18,10,0.00010715372671104051
38,19,1,8.344148973186144e-5
38,19,2,8.344146999780472e-5
38,19,3,8.344142916654263e-5
38,19,4,8.344148299525656e-5
38,19,5,8.34414662012125e-5
38,19,6,8.344143040088049e-5
38,19,7,8.344147256526913e-5
38,19,8,0.0010007099732356026
38,19,9,8.344149202672767e-5
38,19,10,8.344146625630333e-5
38,20,1,8.344144404956057e-5
38,20,2,0.0029295876010928005
38,20,3,0.0007496082783248547
38,20,4,8.344144484076704e-5
38,20,5,0.000700058622220828
38,20,6,0.0014551859103920808
38,20,7,0.0016938022494066719
38,20,8,0.0064077488895628665
38,20,9,8.344144917341357e-5
38,20,10,0.002829093037649065
38,21,1,8.344145077989154e-5
38,21,2,0.001609337779354151
38,21,3,8.344145254493718e-5
38,21,4,8.34414519698934e-5
38,21,5,8.344148484806551e-5
38,21,6,0.0016072881999639988
38,21,7,0.001610635567265543
38,21,8,0.001608464923991887
38,21,9,0.001533781536281504
38,21,10,0.00018776848275617357
38,22,1,8.344159290136241e-5
38,22,2,0.0004107717629248097
38,22,3,8.34414624214095e-5
38,22,4,8.344146149188043e-5
38,22,5,8.344161759760538e-5
38,22,6,8.344153993026825e-5
38,22,7,8.344143711020482e-5
38,22,8,0.0023184392832497356
38,22,9,8.34414615089975e-5
38,22,10,8.344154165674165e-5
38,23,1,8.344157170083265e-5
38,23,2,8.344151589467093e-5
38,23,3,8.344151191856051e-5
38,23,4,8.34414702633098e-5
38,23,5,8.34414714896772e-5
38,23,6,8.34415061580197e-5
38,23,7,8.344154413335639e-5
38,23,8,0.002622261203421075
38,23,9,8.344147023985034e-5
38,23,10,8.344143898403435e-5
38,24,1,8.344149308686476e-5
38,24,2,8.344146405755293e-5
38,24,3,8.344149658541172e-5
38,24,4,8.344149744102876e-5
38,24,5,8.344149444250646e-5
38,24,6,8.344148100494238e-5
38,24,7,8.344149493329379e-5
38,24,8,0.0026227284009345143
38,24,9,8.344149527334714e-5
38,24,10,8.344147067028292e-5
39,1,1,0.0028379739953534513
39,1,2,0.0028605390991745467
39,1,3,0.00283797398419651
39,1,4,0.00283797398908312
39,1,5,0.0037375301862131445
39,1,6,0.0028379739746249018
39,1,7,0.002837973995232561
39,1,8,0.004364397651158511
39,1,9,0.0028379739948815957
39,1,10,0.0028379739857524846
39,2,1,0.000700960999633073
39,2,2,0.002837973989716576
39,2,3,0.0028379739919889976
39,2,4,0.004007266195632569
39,2,5,0.002837973987040687
39,2,6,0.0028379739919603196
39,2,7,0.0007009609965365481
39,2,8,0.0007009609968807102
39,2,9,0.0007009610028042134
39,2,10,0.0007009610044222741
39,3,1,0.002837973996174674
39,3,2,0.0028379739963912444
39,3,3,0.003971627975399715
39,3,4,0.0028379740019301622
39,3,5,0.002837973993290622
39,3,6,0.003977588632118218
39,3,7,0.0028379739902872608
39,3,8,0.0028379740157656696
39,3,9,0.002837974005076244
39,3,10,0.0028379739924828855
39,4,1,0.002837974008889167
39,4,2,0.002837974015920496
39,4,3,0.002837974008821012
39,4,4,0.0028379740177435597
39,4,5,0.0028379739534225594
39,4,6,0.002837974012982833
39,4,7,0.0036849781798727298
39,4,8,0.0028379740172389065
39,4,9,0.0028379740074080304
39,4,10,0.0035266249383386497
39,5,1,0.0007009609975549394
39,5,2,0.0007009609980024104
39,5,3,0.0028379739902479025
39,5,4,0.0040252372963907315
39,5,5,0.002837973993036553
39,5,6,0.0007009609989089378
39,5,7,0.003626361997707504
39,5,8,0.0017601954464375965
39,5,9,0.0007009609986211514
39,5,10,0.0028379739830971832
39,6,1,0.0028379739887374722
39,6,2,0.0028379766244183376
39,6,3,0.0028379739899543773
39,6,4,0.002837973988348976
39,6,5,0.0028379739562116677
39,6,6,0.002837973989248133
39,6,7,0.0028379739881123148
39,6,8,0.0028379739967629414
39,6,9,0.002837973991337081
39,6,10,0.002845249724535003
39,7,1,0.000700960994193026
39,7,2,0.0007009609901146286
39,7,3,0.004047388754630304
39,7,4,0.00412237436384101
39,7,5,0.00070096099804069
39,7,6,0.0007009609935313678
39,7,7,0.0007009609907888719
39,7,8,0.0015814526152494854
39,7,9,0.004120688567536866
39,7,10,0.0007009609952063015
39,8,1,0.0028379739898605465
39,8,2,0.002902014334128726
39,8,3,0.0028379739905017177
39,8,4,0.004074431520514875
39,8,5,0.003377021319741137
39,8,6,0.0038965717376686095
39,8,7,0.0028379741477920976
39,8,8,0.0007009609950603807
39,8,9,0.0028379739894216676
39,8,10,0.00327748076535753
39,9,1,0.0005686009660042003
39,9,2,0.000700960995352985
39,9,3,0.002837973988160941
39,9,4,0.0028379739895109126
39,9,5,0.000700960996225921
39,9,6,0.0007009609985604701
39,9,7,0.0002247308752512449
39,9,8,0.0003280463046724409
39,9,9,0.0007009609967611966
39,9,10,0.00011500943124705821
39,10,1,0.0014485498200669392
39,10,2,0.002837973994331451
39,10,3,0.0014347786187402305
39,10,4,0.0014347786152560987
39,10,5,0.0031607909857760534
39,10,6,0.0028379739958010733
39,10,7,0.0014408482071997025
39,10,8,0.0015814528563176874
39,10,9,0.0013674089515443803
39,10,10,0.002837973994189179
39,11,1,0.0007194691251497734
39,11,2,0.0028379739980776645
39,11,3,0.0006383215302307755
39,11,4,0.0006650120187528085
39,11,5,0.0005662108924678795
39,11,6,0.0005165797900754689
39,11,7,0.0006176173992082985
39,11,8,0.0007121501920436316
39,11,9,0.00283797399906409
39,11,10,0.0007903006528324658
39,12,1,0.0007366528622051906
39,12,2,0.0004402773682548287
39,12,3,0.0006495697046837148
39,12,4,0.0006787641118223078
39,12,5,0.0031664697082062284
39,12,6,0.002837973998379846
39,12,7,0.0004971045119165255
39,12,8,0.0002786661327153387
39,12,9,0.0006606272498133507
39,12,10,0.0005551309919442038
39,13,1,0.0007331224680219005
39,13,2,0.0007009610072780221
39,13,3,0.0006411576684046111
39,13,4,0.0006712789212997722
39,13,5,0.0005264998867807219
39,13,6,0.00053860669417355
39,13,7,0.000494560606537093
39,13,8,1.272062863699311e-6
39,13,9,0.0006531844450541051
39,13,10,0.0005326642738900905
39,14,1,0.0007098820454489984
39,14,2,0.0004119645915817142
39,14,3,0.0006202022363526
39,14,4,0.0006493291277386283
39,14,5,0.0028379739984882913
39,14,6,0.0005308065405357191
39,14,7,0.0032101438567376413
39,14,8,0.0003287617429245205
39,14,9,0.000632867472542762
39,14,10,0.0005019546369702479
39,15,1,0.0009455512096489801
39,15,2,0.0028379739959509633
39,15,3,0.0009655541135414116
39,15,4,0.0009655541141740162
39,15,5,0.0033603027291227204
39,15,6,0.004042759389722888
39,15,7,0.0028379739962915485
39,15,8,0.0009343754682518023
39,15,9,0.0009124787444899978
39,15,10,0.003301166691975304
39,16,1,0.0028379739933453176
39,16,2,0.002837973989319143
39,16,3,0.0028379741685142018
39,16,4,0.0028379741650572912
39,16,5,0.0034162656296856577
39,16,6,0.004184236306860373
39,16,7,0.002837973996074135
39,16,8,0.0028379739902659254
39,16,9,0.0028379739906493552
39,16,10,0.0028379739944484625
39,17,1,0.002837973987598049
39,17,2,0.002810731805871749
39,17,3,0.002837974026469876
39,17,4,0.0028379740121075876
39,17,5,0.0034388390764733437
39,17,6,0.0028379739857416902
39,17,7,0.0027950248045336473
39,17,8,0.0034941255677601196
39,17,9,0.0038802334841143257
39,17,10,0.0032656859376953822
39,18,1,0.0028687551468561884
39,18,2,0.0028379741536727334
39,18,3,0.002854778459517105
39,18,4,0.002855096207303919
39,18,5,0.0028379739791637914
39,18,6,0.0028379739782246607
39,18,7,0.002837973979483018
39,18,8,0.0033022053847317078
39,18,9,0.0038322915082754246
39,18,10,0.0028551279020145705
39,19,1,0.0028379740016993373
39,19,2,0.002837974025567391
39,19,3,0.0007009609788768094
39,19,4,0.002837973993217996
39,19,5,0.0028379740264015936
39,19,6,0.004003719216205668
39,19,7,0.002837974025739883
39,19,8,0.0029137382229565273
39,19,9,0.002837974001093801
39,19,10,0.0028379740036646264
39,20,1,0.0007009609794379058
39,20,2,0.003385404792502684
39,20,3,0.001258475174124838
39,20,4,0.0007009609754486296
39,20,5,0.0012100412981184546
39,20,6,0.0019178999431926044
39,20,7,0.0021379027567927198
39,20,8,0.006954656827076894
39,20,9,0.000700960984231261
39,20,10,0.003255570073652768
39,21,1,0.004290704585348358
39,21,2,0.004066841458096249
39,21,3,0.0037995397207158054
39,21,4,0.0038921204473683405
39,21,5,0.0034664491996726026
39,21,6,0.0040701775163582395
39,21,7,0.0040797127470454065
39,21,8,0.004076369125420601
39,21,9,0.004019341001402703
39,21,10,0.003508592518683061
39,22,1,0.002837974034059943
39,22,2,0.002957892131381939
39,22,3,0.0038546519456394792
39,22,4,0.003943402506614655
39,22,5,0.0028379740470283145
39,22,6,0.002837974126247546
39,22,7,0.003263007950933183
39,22,8,0.0039040316213079197
39,22,9,0.003941404200413093
39,22,10,0.0028379740940610654
39,23,1,0.0028379740236717586
39,23,2,0.0028379740562143293
39,23,3,0.0028379739943227267
39,23,4,0.003947938601351693
39,23,5,0.003280892463550547
39,23,6,0.0028379740761048625
39,23,7,0.002837974003515126
39,23,8,0.004123151860438108
39,23,9,0.003945951002849638
39,23,10,0.003253918319661181
39,24,1,0.002837973987889071
39,24,2,0.002837973998092869
39,24,3,0.002837973991384473
39,24,4,0.0028379739935754265
39,24,5,0.0028379739958449553
39,24,6,0.003436125730302688
39,24,7,0.0028379739866985568
39,24,8,0.004109007490442101
39,24,9,0.0028379739902832115
39,24,10,0.0028379740005702436
40,1,1,0.0001286463272039464
40,1,2,0.000396666456690621
40,1,3,0.00012864632769425826
40,1,4,0.00012864632727223183
40,1,5,0.00012864632409732507
40,1,6,0.00012864633880566592
40,1,7,0.00012864632715904443
40,1,8,0.0030117563651677493
40,1,9,0.00012864632728552545
40,1,10,0.00012864632732076435
40,2,1,0.00012864632267239144
40,2,2,0.00012864632805351675
40,2,3,0.00012864632805539096
40,2,4,0.00012864632661289895
40,2,5,0.00012864632808367058
40,2,6,0.00012864632807768126
40,2,7,0.00012864632258947916
40,2,8,0.00012864628276344978
40,2,9,0.00012864632206503618
40,2,10,0.00012864632288940258
40,3,1,0.00012864635492505297
40,3,2,0.00012864634402093362
40,3,3,0.00012864632828723315
40,3,4,0.00012864635056195734
40,3,5,0.00012864633846127813
40,3,6,0.00012864632828423741
40,3,7,0.00012864634126716706
40,3,8,0.00012864630996916213
40,3,9,0.00012864634560382228
40,3,10,0.00012864634233904573
40,4,1,0.00012864635027484066
40,4,2,0.0001286463491407221
40,4,3,0.00012864634978629094
40,4,4,0.00012864634570128046
40,4,5,0.00012864634565056525
40,4,6,0.00012864634211360744
40,4,7,0.0001286463273461466
40,4,8,0.0001286463049444795
40,4,9,0.00012864635013161782
40,4,10,0.00012864632762384253
40,5,1,0.00012864632107957146
40,5,2,0.00012864632147292508
40,5,3,0.00012864632643428458
40,5,4,0.00012864632498469272
40,5,5,0.00012864632637723665
40,5,6,0.00012864632094974885
40,5,7,0.00012864632546310167
40,5,8,0.0001286462837203114
40,5,9,0.00012864632065301564
40,5,10,0.00012864629768117046
40,6,1,0.00012864632346889455
40,6,2,0.00012865182287756567
40,6,3,0.00012864632314170258
40,6,4,0.00012864632319690685
40,6,5,0.0001286463246052232
40,6,6,0.00012864632337189952
40,6,7,0.00012864654945240198
40,6,8,0.00012864630479987786
40,6,9,0.00012864632300714967
40,6,10,0.0001354614053043623
40,7,1,0.0001286463136329774
40,7,2,0.0001286462832383436
40,7,3,0.00012864631760269043
40,7,4,0.00012864631755678575
40,7,5,0.0001286463138047673
40,7,6,0.00012864631364904857
40,7,7,0.00012864631400951018
40,7,8,0.00012864628102186341
40,7,9,0.00012864631753438507
40,7,10,0.0001286462796893732
40,8,1,0.00012864632251005236
40,8,2,0.0003209842207224122
40,8,3,0.00012864632214420256
40,8,4,0.00012864631972713369
40,8,5,0.0001286463207118925
40,8,6,0.00012864631979427445
40,8,7,0.00012864671812393925
40,8,8,0.0001286462800552069
40,8,9,0.00012864632188401678
40,8,10,0.00012864628047707676
40,9,1,0.00012864633138026261
40,9,2,0.00012864633871215097
40,9,3,0.00012864632710459073
40,9,4,0.00012864632710231716
40,9,5,0.00012864632085462464
40,9,6,0.00012864632047907796
40,9,7,0.00012864633273510835
40,9,8,0.0001286462883779374
40,9,9,0.00012864632001813634
40,9,10,0.00012864633353448915
40,10,1,0.00012864634451984982
40,10,2,0.00012864633745480298
40,10,3,0.0001286463449067942
40,10,4,0.0001286463446859791
40,10,5,0.00012864633633146013
40,10,6,0.00012864633654889729
40,10,7,0.0001286463463380052
40,10,8,0.00012864650103440613
40,10,9,0.00012864634447023237
40,10,10,0.00012864633789158792
40,11,1,0.00012864635001070578
40,11,2,0.00012864634556187615
40,11,3,0.0001286463502636201
40,11,4,0.00012864635014964794
40,11,5,0.00012864635072075677
40,11,6,0.00012864635019169574
40,11,7,0.0001286463515048234
40,11,8,0.00012864638015640682
40,11,9,0.0001286463452266238
40,11,10,0.00012864635221714307
40,12,1,0.00012864635203279633
40,12,2,0.00012864635334055774
40,12,3,0.00012864635244842543
40,12,4,0.0001286463523315918
40,12,5,0.00012864634655147567
40,12,6,0.00012864634694176118
40,12,7,0.00012864635275654078
40,12,8,0.00012864636162641344
40,12,9,0.0001286463522715127
40,12,10,0.00012864635310075415
40,13,1,0.00012864635204946142
40,13,2,0.00012864633994886786
40,13,3,0.00012864635244235883
40,13,4,0.00012864635232980747
40,13,5,0.00012864635233254617
40,13,6,0.00012864635216366138
40,13,7,0.00012864635258903138
40,13,8,0.00012864635669658685
40,13,9,0.00012864635227741666
40,13,10,0.0001286463530722911
40,14,1,0.00012864635125695942
40,14,2,0.00012864635237316935
40,14,3,0.00012864635159113164
40,14,4,0.00012864635152131575
40,14,5,0.00012864634592635573
40,14,6,0.00012864635125062844
40,14,7,0.00012864634540462268
40,14,8,0.00012864636881061727
40,14,9,0.00012864635145333402
40,14,10,0.0001286463521911718
40,15,1,0.0001286463460205054
40,15,2,0.00012864634002195038
40,15,3,0.00012864634680421257
40,15,4,0.00012864634655972994
40,15,5,0.00012864633865976687
40,15,6,0.0001286463378214144
40,15,7,0.00012864633944306947
40,15,8,0.00012864655119908613
40,15,9,0.00012864634637102515
40,15,10,0.000128646339422125
40,16,1,0.00012864633261742208
40,16,2,0.000128646331749959
40,16,3,0.00012864675878458492
40,16,4,0.0001286467454789962
40,16,5,0.0001286463299948209
40,16,6,0.0001286463291849227
40,16,7,0.00012864633099649283
40,16,8,0.0001286462853718073
40,16,9,0.00012864633244955337
40,16,10,0.00012864633575148643
40,17,1,0.00012864631310793934
40,17,2,0.00036778220532784716
40,17,3,0.0001286463842977772
40,17,4,0.00012864635506061188
40,17,5,0.0001286463102840533
40,17,6,0.00012864631259453118
40,17,7,0.0007443651394375661
40,17,8,0.0016862007249797716
40,17,9,0.00012864631001285667
40,17,10,0.00012864627752342926
40,18,1,0.0001611843322649302
40,18,2,0.00012864639058903394
40,18,3,0.0001680643170715156
40,18,4,0.0001676595982432969
40,18,5,0.00012864629596338228
40,18,6,0.00012864629590316867
40,18,7,0.00012864627304242718
40,18,8,0.0012611106543646633
40,18,9,0.00012864629358968991
40,18,10,0.00015129260704753708
40,19,1,0.00012864632660563257
40,19,2,0.00012864630695499192
40,19,3,0.000128646266704979
40,19,4,0.00012864631991310024
40,19,5,0.00012864630174205303
40,19,6,0.000128646267704047
40,19,7,0.0001286463094289296
40,19,8,0.001024052357238543
40,19,9,0.00012864632883782413
40,19,10,0.00012864630328745987
40,20,1,0.00012864628140784416
40,20,2,0.002943639702922949
40,20,3,0.0007826203094236897
40,20,4,0.00012864628241297614
40,20,5,0.0007289988379073718
40,20,6,0.0014893020965627125
40,20,7,0.0017172365141473857
40,20,8,0.00646154291223177
40,20,9,0.00012864628673029196
40,20,10,0.0028684315774982192
40,21,1,0.00012864628797447624
40,21,2,0.001624844268607169
40,21,3,0.00012864628973287994
40,21,4,0.00012864628921283917
40,21,5,0.00012864633023224422
40,21,6,0.001622781955527907
40,21,7,0.0016270939287146013
40,21,8,0.0016247364500917068
40,21,9,0.0015496096819468705
40,21,10,0.0002261224825617609
40,22,1,0.00012864642869867934
40,22,2,0.00044106040310788747
40,22,3,0.00012864629955482856
40,22,4,0.0001286462985861878
40,22,5,0.00012864645319968007
40,22,6,0.00012864637574175572
40,22,7,0.0001286462744310877
40,22,8,0.0023299338407981197
40,22,9,0.00012864629861794277
40,22,10,0.00012864637786673766
40,23,1,0.00012864640772552866
40,23,2,0.00012864635232397861
40,23,3,0.00012864634860406803
40,23,4,0.0001286463072593706
40,23,5,0.00012864630869762473
40,23,6,0.00012864635261410152
40,23,7,0.00012864638034857046
40,23,8,0.0026327525305775644
40,23,9,0.00012864630723887857
40,23,10,0.00012864627627324896
40,24,1,0.0001286463298980579
40,24,2,0.00012864630105373286
40,24,3,0.00012864633336640566
40,24,4,0.00012864633423518247
40,24,5,0.00012864633131069595
40,24,6,0.00012864631791445664
40,24,7,0.00012864633176375983
40,24,8,0.002632467737412828
40,24,9,0.00012864633208029333
40,24,10,0.00012864630783832848
41,1,1,0.0017075335917112553
41,1,2,0.0017632568788107346
41,1,3,0.0017075335839528106
41,1,4,0.0017075335887890438
41,1,5,0.002331887198996302
41,1,6,0.001707533578639572
41,1,7,0.001707533592282758
41,1,8,0.0036615091309488
41,1,9,0.0017075335894983757
41,1,10,0.0017075335884480958
41,2,1,0.0008911785517758007
41,2,2,0.001707533586874414
41,2,3,0.0017075335892094015
41,2,4,0.002520925215361152
41,2,5,0.001707533585359415
41,2,6,0.0017075335878820848
41,2,7,0.000891178548883649
41,2,8,0.0008911785487950586
41,2,9,0.000891178556229949
41,2,10,0.0008911785573597493
41,3,1,0.0017075335937826374
41,3,2,0.0017075335872316555
41,3,3,0.0024959086916736084
41,3,4,0.0017075335999537156
41,3,5,0.001707533591752978
41,3,6,0.0025000919940973802
41,3,7,0.0017075335953806755
41,3,8,0.0017075336144859886
41,3,9,0.0017075336032852748
41,3,10,0.0017075335905314376
41,4,1,0.001707533602342072
41,4,2,0.001707533610157543
41,4,3,0.001707533604642638
41,4,4,0.001707533606077645
41,4,5,0.0017075335749859714
41,4,6,0.0017075336050054802
41,4,7,0.002295142708671139
41,4,8,0.0017075336191072705
41,4,9,0.0017075336016523913
41,4,10,0.0021846023232715245
41,5,1,0.0008911785500745862
41,5,2,0.0008911785504827064
41,5,3,0.0017075335878388304
41,5,4,0.0025335446393838263
41,5,5,0.001707533583066433
41,5,6,0.0008911785512504554
41,5,7,0.002254192842745397
41,5,8,0.0009782786967220448
41,5,9,0.0008911785503175218
41,5,10,0.001707533582791323
41,6,1,0.0017075335862950472
41,6,2,0.0017075365044633445
41,6,3,0.0017075335864613953
41,6,4,0.0017075335868498131
41,6,5,0.0017075335659086006
41,6,6,0.0017075335867320783
41,6,7,0.0017075338681238263
41,6,8,0.0017075335968117081
41,6,9,0.0017075335881953323
41,6,10,0.0017146931119972663
41,7,1,0.0008911785467883807
41,7,2,0.0008911785420433077
41,7,3,0.0025491036199786436
41,7,4,0.0026018057523033928
41,7,5,0.0008911785504905091
41,7,6,0.0008911785460914026
41,7,7,0.0008911785431739124
41,7,8,0.000860490704562581
41,7,9,0.0026006203732674297
41,7,10,0.0008911785465869784
41,8,1,0.0017075335878020583
41,8,2,0.0017686577922003002
41,8,3,0.0017075335874407228
41,8,4,0.0025681042638943134
41,8,5,0.002080432986495461
41,8,6,0.0024432616427685076
41,8,7,0.001707533734027444
41,8,8,0.0008911785483724134
41,8,9,0.0017075335868144035
41,8,10,0.002011273784647058
41,9,1,0.0002300184154211405
41,9,2,0.0008911785478209842
41,9,3,0.0017075335857775183
41,9,4,0.0017075335868860465
41,9,5,0.0008911785499920173
41,9,6,0.0008911785516900318
41,9,7,5.2877246974776854e-5
41,9,8,0.0004992853091238451
41,9,9,0.0008911785495159078
41,9,10,1.1994177679342658e-5
41,10,1,0.0007737511072574762
41,10,2,0.0017075335917217745
41,10,3,0.0007648089201476506
41,10,4,0.0007648089182126745
41,10,5,0.001930362768435023
41,10,6,0.0017075335928604513
41,10,7,0.0007687490354679505
41,10,8,0.0008604909314259842
41,10,9,0.00072119638065461
41,10,10,0.0017075335926193197
41,11,1,0.00031750424877601176
41,11,2,0.0017075335943565347
41,11,3,0.0002699811157636251
41,11,4,0.00028550105837817194
41,11,5,0.00022866456057407574
41,11,6,0.00020081954941568426
41,11,7,0.0002580231306601839
41,11,8,0.0003131781356011674
41,11,9,0.0017075335957217816
41,11,10,0.00035973799094408726
41,12,1,0.0003276901757135874
41,12,2,0.00015914547477032727
41,12,3,0.000276507700907354
41,12,4,0.00029354138292634566
41,12,5,0.0019342960903777923
41,12,6,0.0017075335954139608
41,12,7,0.00019004292272019763
41,12,8,7.726999768617803e-5
41,12,9,0.00028294359752214257
41,12,10,0.00022240333393331644
41,13,1,0.0003255942221006626
41,13,2,0.0008911785598769244
41,13,3,0.00027162478123507044
41,13,4,0.0002891614776169476
41,13,5,0.00020634251628904056
41,13,6,0.00021311251265320776
41,13,7,0.00018864193560837525
41,13,8,2.6131689891015237e-5
41,13,9,0.00027860946710788235
41,13,10,0.0002097855739626756
41,14,1,0.00031183899577407154
41,14,2,0.0001440928723129323
41,14,3,0.0002595120392979918
41,14,4,0.00027636789055215895
41,14,5,0.0017075335952206967
41,14,6,0.0002087470746421407
41,14,7,0.0019645612432967223
41,14,8,0.00010147220612255806
41,14,9,0.0002668239980134385
41,14,10,0.00019271833819714735
41,15,1,0.00045431166889425606
41,15,2,0.0017075335930710157
41,15,3,0.00046666932265456833
41,15,4,0.00046666932266406703
41,15,5,0.0020688085121450548
41,15,6,0.00254585162770292
41,15,7,0.0017075335918927737
41,15,8,0.0004474231769548874
41,15,9,0.00043396017060620435
41,15,10,0.002027719042502828
41,16,1,0.001707533590163761
41,16,2,0.0017075335863379934
41,16,3,0.0017075337536016373
41,16,4,0.0017075337501026686
41,16,5,0.002107733085653173
41,16,6,0.0026453216356040186
41,16,7,0.0017075335911562334
41,16,8,0.0017075335865058912
41,16,9,0.0017075335888276848
41,16,10,0.0017075335912508866
41,17,1,0.0017075335846623036
41,17,2,0.00174673788978395
41,17,3,0.0017075336163486477
41,17,4,0.0017075336059554865
41,17,5,0.0021234446131728076
41,17,6,0.001707533583354266
41,17,7,0.0018401509635948658
41,17,8,0.0026084077627030527
41,17,9,0.002431808606614053
41,17,10,0.002003087268641526
41,18,1,0.0017380862237377584
41,18,2,0.0017075337592283315
41,18,3,0.0017239188564626188
41,18,4,0.0017243580431747637
41,18,5,0.0017075335768837552
41,18,6,0.0017075335765831768
41,18,7,0.0017075335767093652
41,18,8,0.0023211814597482315
41,18,9,0.0023982166375068063
41,18,10,0.001725676589144804
41,19,1,0.0017075335940808978
41,19,2,0.0017075336169148775
41,19,3,0.00089117853045761
41,19,4,0.001707533590240716
41,19,5,0.0017075336159836309
41,19,6,0.002518434852719455
41,19,7,0.0017075336268663548
41,19,8,0.0019716796028008926
41,19,9,0.0017075335949355908
41,19,10,0.0017075336012364651
41,20,1,0.0008911785312238868
41,20,2,0.0035531827170263842
41,20,3,0.0014408099363484844
41,20,4,0.0008911785296727156
41,20,5,0.0013917304418344155
41,20,6,0.0020954729626603175
41,20,7,0.0023134394571171987
41,20,8,0.007156759361172538
41,20,9,0.0008911785361006667
41,20,10,0.003445582479382025
41,21,1,0.002720291939965025
41,21,2,0.002965408425896183
41,21,3,0.0023752812747724556
41,21,4,0.002440141049431072
41,21,5,0.0021426700131813286
41,21,6,0.0029665730924759424
41,21,7,0.0029771156821568018
41,21,8,0.002973180530613623
41,21,9,0.002908482540618186
41,21,10,0.002195462499304776
41,22,1,0.0017075336209600015
41,22,2,0.001861895368649024
41,22,3,0.0024138813147822004
41,22,4,0.0024761040651000306
41,22,5,0.001707533640761473
41,22,6,0.0017075336864227166
41,22,7,0.0020012287918019485
41,22,8,0.003091035027311405
41,22,9,0.002474702221640754
41,22,10,0.0017075336874989413
41,23,1,0.001707533622104172
41,23,2,0.0017075336484033453
41,23,3,0.0017075335937326345
41,23,4,0.0024792863426430813
41,23,5,0.002013642098178899
41,23,6,0.001707533673136307
41,23,7,0.00170753360469348
41,23,8,0.003359541995300473
41,23,9,0.002477891927339292
41,23,10,0.0019949214378336263
41,24,1,0.0017075335888745392
41,24,2,0.0017075335914738317
41,24,3,0.0017075335880641497
41,24,4,0.0017075335914177418
41,24,5,0.0017075335923827282
41,24,6,0.002121555753949023
41,24,7,0.0017075335866843333
41,24,8,0.003347524435203087
41,24,9,0.001707533588507347
41,24,10,0.001707533591928031
42,1,1,0.00020596233339000537
42,1,2,0.00045838332304727104
42,1,3,0.00020596233385022136
42,1,4,0.00020596233350074676
42,1,5,0.0002059623301723307
42,1,6,0.00020596234497526834
42,1,7,0.0002059623333877014
42,1,8,0.0030521527456079116
42,1,9,0.00020596233364713343
42,1,10,0.00020596233362834966
42,2,1,0.00020596232952971118
42,2,2,0.00020596233421833735
42,2,3,0.00020596233417120676
42,2,4,0.00020596233265251195
42,2,5,0.0002059623342233577
42,2,6,0.00020596233422769236
42,2,7,0.00020596232943757395
42,2,8,0.00020596228920403042
42,2,9,0.0002059623289051183
42,2,10,0.00020596232974627064
42,3,1,0.00020596236101905817
42,3,2,0.0002059623501202419
42,3,3,0.00020596233431019248
42,3,4,0.00020596235663497057
42,3,5,0.00020596234460422628
42,3,6,0.0002059623343019872
42,3,7,0.0002059623473686554
42,3,8,0.00020596231604849433
42,3,9,0.00020596235173204656
42,3,10,0.00020596234840419343
42,4,1,0.00020596235632348663
42,4,2,0.0002059623552372832
42,4,3,0.00020596235579775098
42,4,4,0.0002059623518229782
42,4,5,0.0002059623514083873
42,4,6,0.00020596234840236722
42,4,7,0.00020596233339778065
42,4,8,0.00020596231093034665
42,4,9,0.00020596235623762703
42,4,10,0.0002059623336873182
42,5,1,0.00020596232790922356
42,5,2,0.00020596232831121273
42,5,3,0.00020596233257763692
42,5,4,0.00020596233101519414
42,5,5,0.00020596233252693173
42,5,6,0.0002059623277961818
42,5,7,0.00020596233155388313
42,5,8,0.00020596228996244443
42,5,9,0.00020596232749719166
42,5,10,0.00020596230782186304
42,6,1,0.00020596232955897358
42,6,2,0.00020596780082067774
42,6,3,0.00020596232926807617
42,6,4,0.00020596232929531667
42,6,5,0.00020596233042600624
42,6,6,0.00020596232945664943
42,6,7,0.00020596254674514595
42,6,8,0.0002059623101885592
42,6,9,0.00020596232913522089
42,6,10,0.0002127104269858409
42,7,1,0.00020596232055875973
42,7,2,0.00020596229038655626
42,7,3,0.00020596232371620333
42,7,4,0.000205962323679213
42,7,5,0.0002059623207103074
42,7,6,0.00020596232057720626
42,7,7,0.00020596232093520386
42,7,8,0.0002059622872076523
42,7,9,0.00020596232361057976
42,7,10,0.0002059622861610239
42,8,1,0.00020596232886809795
42,8,2,0.00038629532405927755
42,8,3,0.00020596232838892702
42,8,4,0.00020596232579061133
42,8,5,0.00020596232683234278
42,8,6,0.00020596232588993414
42,8,7,0.00020596272516885074
42,8,8,0.00020596228651420919
42,8,9,0.00020596232812892065
42,8,10,0.00020596228676097498
42,9,1,0.00020596233778237864
42,9,2,0.00020596235130993702
42,9,3,0.00020596233326349375
42,9,4,0.0002059623332817534
42,9,5,0.00020596232770110363
42,9,6,0.0002059623273226843
42,9,7,0.00020596233921794122
42,9,8,0.0002059622947559974
42,9,9,0.00020596232685598785
42,9,10,0.0002059623400619678
42,10,1,0.0002059623507504816
42,10,2,0.00020596234376521174
42,10,3,0.00020596235118264296
42,10,4,0.00020596235094809352
42,10,5,0.00020596234241850213
42,10,6,0.00020596234267591972
42,10,7,0.00020596235256823154
42,10,8,0.00020596250795900008
42,10,9,0.00020596235072430321
42,10,10,0.0002059623440716658
42,11,1,0.0002059623563555846
42,11,2,0.00020596235167287443
42,11,3,0.00020596235662340547
42,11,4,0.0002059623565016091
42,11,5,0.0002059623571521516
42,11,6,0.0002059623565606697
42,11,7,0.00020596235787716683
42,11,8,0.00020596238680537323
42,11,9,0.0002059623513422116
42,11,10,0.00020596235856257952
42,12,1,0.0002059623583886195
42,12,2,0.00020596235983340078
42,12,3,0.00020596235886875212
42,12,4,0.0002059623587241862
42,12,5,0.00020596235256997787
42,12,6,0.00020596235306513604
42,12,7,0.00020596235917266477
42,12,8,0.00020596236816429494
42,12,9,0.00020596235865308392
42,12,10,0.0002059623594961638
42,13,1,0.00020596235840519798
42,13,2,0.00020596234694284814
42,13,3,0.00020596235881732822
42,13,4,0.00020596235868704233
42,13,5,0.00020596235874246937
42,13,6,0.00020596235856860053
42,13,7,0.00020596235901657097
42,13,8,0.00020596236341433385
42,13,9,0.00020596235863778087
42,13,10,0.0002059623594700242
42,14,1,0.00020596235761918344
42,14,2,0.0002059623588895127
42,14,3,0.00020596235798298353
42,14,4,0.00020596235785494353
42,14,5,0.0002059623520026493
42,14,6,0.00020596235767543586
42,14,7,0.000205962351464799
42,14,8,0.0002059623753110715
42,14,9,0.0002059623578071572
42,14,10,0.00020596235862734165
42,15,1,0.00020596235231181928
42,15,2,0.00020596234614348285
42,15,3,0.00020596235312527142
42,15,4,0.00020596235292391851
42,15,5,0.00020596234469364303
42,15,6,0.00020596234381721037
42,15,7,0.00020596234554405462
42,15,8,0.0002059625572021413
42,15,9,0.00020596235269704102
42,15,10,0.00020596234547629185
42,16,1,0.0002059623387448126
42,16,2,0.0002059623379108041
42,16,3,0.00020596276450858753
42,16,4,0.0002059627511403919
42,16,5,0.00020596233606936308
42,16,6,0.00020596233524520824
42,16,7,0.0002059623371484458
42,16,8,0.0002059622916316821
42,16,9,0.00020596233857455367
42,16,10,0.00020596234155878987
42,17,1,0.00020596231933497236
42,17,2,0.0004305086195477904
42,17,3,0.00020596238982596824
42,17,4,0.00020596236085271998
42,17,5,0.00020596231643178972
42,17,6,0.0002059623190845869
42,17,7,0.0007974094293167572
42,17,8,0.0017279199826328098
42,17,9,0.0002059623161516025
42,17,10,0.00020596228380051615
42,18,1,0.0002373496901373244
42,18,2,0.0002059623941836787
42,18,3,0.00024392710242488106
42,18,4,0.00024355162944214448
42,18,5,0.00020596230215425723
42,18,6,0.00020596230219327547
42,18,7,0.00020596227928387504
42,18,8,0.0013084336675244668
42,18,9,0.00020596229978041793
42,18,10,0.00022771954446995708
42,19,1,0.00020596233280152878
42,19,2,0.00020596231282346368
42,19,3,0.00020596227302696295
42,19,4,0.00020596232603784922
42,19,5,0.00020596230658658887
42,19,6,0.000205962273873767
42,19,7,0.00020596231568680785
42,19,8,0.0010749161086671688
42,19,9,0.00020596233493077102
42,19,10,0.00020596230921759423
42,20,1,0.00020596228830548015
42,20,2,0.0030096953298038437
42,20,3,0.0008424603438978136
42,20,4,0.00020596228889335573
42,20,5,0.0007889792581617617
42,20,6,0.0015501687689542796
42,20,7,0.00177917478843113
42,20,8,0.0065440776267787215
42,20,9,0.00020596229325650924
42,20,10,0.0029373233656719354
42,21,1,0.0002059622942738362
42,21,2,0.0015586619037266578
42,21,3,0.00020596229595062392
42,21,4,0.00020596229547496268
42,21,5,0.00020596234279223144
42,21,6,0.0016692759400591588
42,21,7,0.0016742419320838174
42,21,8,0.0016741772246870346
42,21,9,0.0015976081425584712
42,21,10,0.00029786859136957615
42,22,1,0.00020596243456495915
42,22,2,0.000501093549675775
42,22,3,0.00020596230580716233
42,22,4,0.00020596230474295861
42,22,5,0.00020596245882891485
42,22,6,0.0002059623816600031
42,22,7,0.000205962280607246
42,22,8,0.002363947006189368
42,22,9,0.00020596230476762134
42,22,10,0.00020596238402550187
42,23,1,0.000205962413570726
42,23,2,0.00020596235835064957
42,23,3,0.00020596235480220836
42,23,4,0.0002059623134172092
42,23,5,0.0002059623148647727
42,23,6,0.00020596236476873712
42,23,7,0.00020596238628337865
42,23,8,0.002672754352908905
42,23,9,0.00020596231340559284
42,23,10,0.0002059622825005994
42,24,1,0.0002059623360660208
42,24,2,0.00020596230134093584
42,24,3,0.00020596233951188526
42,24,4,0.0002059623403533783
42,24,5,0.00020596233744170147
42,24,6,0.00020596232402427005
42,24,7,0.0002059623379068135
42,24,8,0.0024654079073607735
42,24,9,0.00020596233823295894
42,24,10,0.00020596231049219916
43,1,1,0.0012808013822818666
43,1,2,0.0013315535730041188
43,1,3,0.001280801373292906
43,1,4,0.0012808013783942032
43,1,5,0.0018946029814786575
43,1,6,0.0012808013695249617
43,1,7,0.0012808013821312687
43,1,8,0.0033460964287898584
43,1,9,0.0012808013805793708
43,1,10,0.0012808013719494478
43,2,1,0.0019114206856011545
43,2,2,0.0012808013772841174
43,2,3,0.0012808013805259786
43,2,4,0.0020845935630507003
43,2,5,0.001280801375979316
43,2,6,0.0012808013785866406
43,2,7,0.0019114206816938225
43,2,8,0.0019114206780266505
43,2,9,0.0019114206931101947
43,2,10,0.0019114206938101797
43,3,1,0.0012808013836344365
43,3,2,0.0012808013794702396
43,3,3,0.0020593593857670275
43,3,4,0.001280801388489155
43,3,5,0.0012808013803364965
43,3,6,0.002063577208061635
43,3,7,0.0012808013778869347
43,3,8,0.001280801403090626
43,3,9,0.001280801388847978
43,3,10,0.0012808013775597452
43,4,1,0.0012808013828579314
43,4,2,0.001280801394612897
43,4,3,0.001280801386916553
43,4,4,0.0012808013850907575
43,4,5,0.001280801349577346
43,4,6,0.0012808013879429703
43,4,7,0.00185786675915722
43,4,8,0.0012808014003323548
43,4,9,0.001280801384445219
43,4,10,0.0017477602188283735
43,5,1,0.001911420682575496
43,5,2,0.0019114206834789493
43,5,3,0.0012808013769214635
43,5,4,0.002097332937495976
43,5,5,0.001280801378692445
43,5,6,0.0019114206847924888
43,5,7,0.0018170047444064496
43,5,8,0.0006060120723576122
43,5,9,0.0019114206838091838
43,5,10,0.0012808013735704658
43,6,1,0.0012808013768404757
43,6,2,0.0012808037763461604
43,6,3,0.0012808013763472216
43,6,4,0.0012808013768106996
43,6,5,0.0012808013643752368
43,6,6,0.0012808013776479648
43,6,7,0.001280801500519225
43,6,8,0.0012808013852414802
43,6,9,0.0012808013781798547
43,6,10,0.0012841445646940319
43,7,1,0.0019114206794907489
43,7,2,0.0019114206699861653
43,7,3,0.00211304908409405
43,7,4,0.0021663584240435635
43,7,5,0.0019114206848109682
43,7,6,0.0019114206784416354
43,7,7,0.0019114206737765704
43,7,8,0.0005041924703158168
43,7,9,0.0021651581330849835
43,7,10,0.0019114206790421266
43,8,1,0.0012808013781743476
43,8,2,0.0013383797248814062
43,8,3,0.0012808013777280466
43,8,4,0.0021322554132554975
43,8,5,0.001644595677237617
43,8,6,0.002006343398412118
43,8,7,0.001280801516984354
43,8,8,0.0019114206783890637
43,8,9,0.0012808013787454125
43,8,10,0.0015764456143956996
43,9,1,4.443250489657257e-5
43,9,2,0.0019114206790456056
43,9,3,0.0012808013763614446
43,9,4,0.0012808013770771827
43,9,5,0.0019114206812075557
43,9,6,0.0019114206840624014
43,9,7,4.6061221670351064e-6
43,9,8,0.001245664258355443
43,9,9,0.001911420681465564
43,9,10,4.0969158880212196e-5
43,10,1,0.00043116168777304566
43,10,2,0.001280801385969846
43,10,3,0.0004237394858755041
43,10,4,0.00042373948533038576
43,10,5,0.0014970845875822351
43,10,6,0.0012808013819931813
43,10,7,0.0004270072583964165
43,10,8,0.0005041926849183117
43,10,9,0.00038785292994945
43,10,10,0.0012808013827869402
43,11,1,9.262042528930122e-5
43,11,2,0.00128080138374063
43,11,3,6.523019745085781e-5
43,11,4,7.388929733253729e-5
43,11,5,4.3770203574672415e-5
43,11,6,3.0862632591893e-5
43,11,7,5.876848495123473e-5
43,11,8,9.002438217131368e-5
43,11,9,0.0012808013870796219
43,11,10,0.00011889978796472009
43,12,1,9.880664773774077e-5
43,12,2,1.4587878242006621e-5
43,12,3,6.883534855801616e-5
43,12,4,7.848881381245773e-5
43,12,5,0.001500932997255577
43,12,6,0.001280801388862415
43,12,7,2.6268953761155353e-5
43,12,8,2.0279249357384494e-7
43,12,9,7.24421604591335e-5
43,12,10,4.074715305000979e-5
43,13,1,9.75253902488458e-5
43,13,2,0.0019114206955392033
43,13,3,6.613304623594538e-5
43,13,4,7.597398221441767e-5
43,13,5,3.330850366160859e-5
43,13,6,3.6386627612741e-5
43,13,7,2.5689927568641105e-5
43,13,8,0.00025564860115630743
43,13,9,7.000766002211127e-5
43,13,10,3.486319124477271e-5
43,14,1,8.92246801899696e-5
43,14,2,9.841152445511285e-6
43,14,3,5.956259551701761e-5
43,14,4,6.875756491259188e-5
43,14,5,0.0012808013883070866
43,14,6,3.439189296376499e-5
43,14,7,0.0015305778686103468
43,14,8,9.64688042578239e-7
43,14,9,6.350580736649644e-5
43,14,10,2.7386550117446047e-5
43,15,1,0.0001828262868707404
43,15,2,0.0012808013827495326
43,15,3,0.0001916077536685604
43,15,4,0.0001916077541170706
43,15,5,0.0016331211908216666
43,15,6,0.0021097634019055433
43,15,7,0.0012808013828759666
43,15,8,0.00017796993291361755
43,15,9,0.00016856138670561747
43,15,10,0.0015926251959742733
43,16,1,0.0012808013807813277
43,16,2,0.0012808013779539596
43,16,3,0.0012808015353123368
43,16,4,0.001280801533277045
43,16,5,0.00167157398776294
43,16,6,0.00221046084808504
43,16,7,0.001280801381596501
43,16,8,0.0012808013772123645
43,16,9,0.0012808013795542249
43,16,10,0.001280801381281099
43,17,1,0.0012808013743251625
43,17,2,0.0013257682288263088
43,17,3,0.0012808014094729352
43,17,4,0.0012808013951733565
43,17,5,0.0016871194276732418
43,17,6,0.0012808013737301048
43,17,7,0.0014444420654331127
43,17,8,0.0022478857804017548
43,17,9,0.001994826402353634
43,17,10,0.0015683974537992129
43,18,1,0.0013111382767981969
43,18,2,0.0012808015477974311
43,18,3,0.0012963456696354907
43,18,4,0.0012966604352203117
43,18,5,0.0012808013673593387
43,18,6,0.0012808013672092823
43,18,7,0.0012808013695807293
43,18,8,0.0019326575002517933
43,18,9,0.001961081147918296
43,18,10,0.001297762797080449
43,19,1,0.0012808013833201387
43,19,2,0.001280801407347886
43,19,3,0.0019114206587130989
43,19,4,0.0012808013803046754
43,19,5,0.0012808013959968191
43,19,6,0.0020820803305633285
43,19,7,0.0012808014083840543
43,19,8,0.0013668155664096969
43,19,9,0.001280801384212375
43,19,10,0.0012808013870940597
43,20,1,0.0019114206598511956
43,20,2,0.004495846306659923
43,20,3,0.0024485923821894484
43,20,4,0.001911420651661575
43,20,5,0.002401644214916605
43,20,6,0.003064862742969747
43,20,7,0.0032735399198522367
43,20,8,0.008157948766101814
43,20,9,0.0019114206664313069
43,20,10,0.004383955617392508
43,21,1,0.002286616328964744
43,21,2,0.0025728471274405473
43,21,3,0.0019380709551647577
43,21,4,0.0020032047931680948
43,21,5,0.001706160295833738
43,21,6,0.002557268526579308
43,21,7,0.0025724391744801666
43,21,8,0.002564151408890805
43,21,9,0.0024976623774156494
43,21,10,0.0017576436983618687
43,22,1,0.001280801407144084
43,22,2,0.0014155646064839507
43,22,3,0.001976810901664934
43,22,4,0.0020394016658965013
43,22,5,0.0012808014279965432
43,22,6,0.0012808015302073457
43,22,7,0.0015665709530818066
43,22,8,0.0027544803342320675
43,22,9,0.002037989636644156
43,22,10,0.0012808014750843248
43,23,1,0.0012808014095844473
43,23,2,0.0012808014338736944
43,23,3,0.0012808013852542701
43,23,4,0.0020426073880046997
43,23,5,0.001578774661448493
43,23,6,0.0012808014611551688
43,23,7,0.0012808013872890836
43,23,8,0.0030246561964214222
43,23,9,0.0020412026444174727
43,23,10,0.0015603737008275881
43,24,1,0.0012808013783341412
43,24,2,0.0012808013836148636
43,24,3,0.0012808013793390665
43,24,4,0.001280801376485843
43,24,5,0.0012808013772252298
43,24,6,0.0016852498052168916
43,24,7,0.0012808013735631327
43,24,8,0.0029976545845730833
43,24,9,0.0012808013744555187
43,24,10,0.0012808013775527194
44,1,1,7.69944177770507e-5
44,1,2,0.0003555218833866359
44,1,3,7.699441819976291e-5
44,1,4,7.699441788197387e-5
44,1,5,7.699441461403386e-5
44,1,6,7.699442918989942e-5
44,1,7,7.699441772685535e-5
44,1,8,0.00295281631459933
44,1,9,7.69944178391458e-5
44,1,10,7.699441784904325e-5
44,2,1,7.699441391009655e-5
44,2,2,7.699441860739003e-5
44,2,3,7.69944185880541e-5
44,2,4,7.699441708659247e-5
44,2,5,7.699441866033482e-5
44,2,6,7.699441864873391e-5
44,2,7,7.699441382492574e-5
44,2,8,7.699437409863806e-5
44,2,9,7.699441333415185e-5
44,2,10,7.699441413391426e-5
44,3,1,7.699444533829809e-5
44,3,2,7.69944344547828e-5
44,3,3,7.69944187573553e-5
44,3,4,7.699444094697367e-5
44,3,5,7.69944289451379e-5
44,3,6,7.699441874520363e-5
44,3,7,7.699443172053308e-5
44,3,8,7.699440082058952e-5
44,3,9,7.699443608659895e-5
44,3,10,7.69944327768081e-5
44,4,1,7.699444055266755e-5
44,4,2,7.699443940232408e-5
44,4,3,7.699444006743907e-5
44,4,4,7.699443608081489e-5
44,4,5,7.699443606251863e-5
44,4,6,7.699443244923532e-5
44,4,7,7.69944178451414e-5
44,4,8,7.699439585195967e-5
44,4,9,7.699444054308065e-5
44,4,10,7.699441811556602e-5
44,5,1,7.699441232000248e-5
44,5,2,7.699441272078421e-5
44,5,3,7.699441700099282e-5
44,5,4,7.699441548215793e-5
44,5,5,7.69944169357121e-5
44,5,6,7.6994412188816e-5
44,5,7,7.699441599602716e-5
44,5,8,7.699437485115144e-5
44,5,9,7.699441189792252e-5
44,5,10,7.699438033084795e-5
44,6,1,7.699441413566821e-5
44,6,2,7.69998707089568e-5
44,6,3,7.699441380269216e-5
44,6,4,7.699441384445529e-5
44,6,5,7.699441543457724e-5
44,6,6,7.699441400423652e-5
44,6,7,7.69946312626878e-5
44,6,8,7.699438876530214e-5
44,6,9,7.699441368386946e-5
44,6,10,8.382116207289766e-5
44,7,1,7.69944048735467e-5
44,7,2,7.699437242963147e-5
44,7,3,7.699440817397398e-5
44,7,4,7.699440811408678e-5
44,7,5,7.699440500443445e-5
44,7,6,7.699440486028336e-5
44,7,7,7.699440523063715e-5
44,7,8,7.699437217155199e-5
44,7,9,7.699440809492995e-5
44,7,10,7.699437085930487e-5
44,8,1,7.699441308235864e-5
44,8,2,0.00027851033726089287
44,8,3,7.699441268172265e-5
44,8,4,7.699441026436223e-5
44,8,5,7.699441127796031e-5
44,8,6,7.699441034622295e-5
44,8,7,7.699480574377364e-5
44,8,8,7.699437139271162e-5
44,8,9,7.699441251378011e-5
44,8,10,7.69943714781847e-5
44,9,1,7.69944221086247e-5
44,9,2,7.69944169246324e-5
44,9,3,7.699441766798572e-5
44,9,4,7.699441766284215e-5
44,9,5,7.699441209848362e-5
44,9,6,7.699441174329834e-5
44,9,7,7.69944235430699e-5
44,9,8,7.699437964285006e-5
44,9,9,7.699441125531424e-5
44,9,10,7.699442437024587e-5
44,10,1,7.699443501171e-5
44,10,2,7.699442790268441e-5
44,10,3,7.699443540684525e-5
44,10,4,7.699443518919772e-5
44,10,5,7.699442676654216e-5
44,10,6,7.69944270215949e-5
44,10,7,7.699443681491946e-5
44,10,8,7.699459131979576e-5
44,10,9,7.699443499208333e-5
44,10,10,7.699442833705294e-5
44,11,1,7.699444056039244e-5
44,11,2,7.699443595476408e-5
44,11,3,7.699444085202336e-5
44,11,4,7.699444073046527e-5
44,11,5,7.699444134552912e-5
44,11,6,7.699444081892633e-5
44,11,7,7.699444207352683e-5
44,11,8,7.699447064148614e-5
44,11,9,7.69944356170706e-5
44,11,10,7.699444278382865e-5
44,12,1,7.69944426340772e-5
44,12,2,7.699444401461273e-5
44,12,3,7.6994443048509e-5
44,12,4,7.69944429010314e-5
44,12,5,7.699443691227795e-5
44,12,6,7.699443732612948e-5
44,12,7,7.699444333894267e-5
44,12,8,7.69944523113203e-5
44,12,9,7.69944428575312e-5
44,12,10,7.699444368002035e-5
44,13,1,7.699444262871092e-5
44,13,2,7.699443123545986e-5
44,13,3,7.699444303806858e-5
44,13,4,7.699444289443655e-5
44,13,5,7.699444296382514e-5
44,13,6,7.699444278836636e-5
44,13,7,7.699444321929403e-5
44,13,8,7.699444757018603e-5
44,13,9,7.699444285348898e-5
44,13,10,7.699444366306221e-5
44,14,1,7.699444183240075e-5
44,14,2,7.699444304893344e-5
44,14,3,7.699444221183178e-5
44,14,4,7.699444210153189e-5
44,14,5,7.699443631733288e-5
44,14,6,7.699444185711494e-5
44,14,7,7.699443576616664e-5
44,14,8,7.699445911937528e-5
44,14,9,7.699444203784149e-5
44,14,10,7.699444279790991e-5
44,15,1,7.69944365375702e-5
44,15,2,7.699443047120481e-5
44,15,3,7.699443737565145e-5
44,15,4,7.699443712346961e-5
44,15,5,7.699442905769445e-5
44,15,6,7.699442818477742e-5
44,15,7,7.69944298794393e-5
44,15,8,7.699464053235466e-5
44,15,9,7.699443693057384e-5
44,15,10,7.699442981960096e-5
44,16,1,7.699442314529634e-5
44,16,2,7.69944222071093e-5
44,16,3,7.699484443468625e-5
44,16,4,7.699483156858762e-5
44,16,5,7.699442047488562e-5
44,16,6,7.699441962806803e-5
44,16,7,7.699442152994718e-5
44,16,8,7.699437639562756e-5
44,16,9,7.699442293280073e-5
44,16,10,7.699442714601009e-5
44,17,1,7.699440375879841e-5
44,17,2,0.00032577302780200567
44,17,3,7.699447437804074e-5
44,17,4,7.699444540497072e-5
44,17,5,7.699440092816464e-5
44,17,6,7.699440325598239e-5
44,17,7,0.0007012714299203012
44,17,8,0.0010163805128158908
44,17,9,7.699440065747406e-5
44,17,10,7.699436859646404e-5
44,18,1,0.000110709044824641
44,18,2,7.699448408763184e-5
44,18,3,9.26798554831643e-5
44,18,4,9.249591217689554e-5
44,18,5,7.699438673353233e-5
44,18,6,7.699438675100565e-5
44,18,7,7.699436747258677e-5
44,18,8,0.0012164253866497681
44,18,9,7.699438441417232e-5
44,18,10,8.645332209490584e-5
44,19,1,7.699441715564652e-5
44,19,2,7.699439774806411e-5
44,19,3,7.699435794951881e-5
44,19,4,7.699441056249867e-5
44,19,5,7.69943945086551e-5
44,19,6,7.699435902425516e-5
44,19,7,7.699440049909152e-5
44,19,8,0.0009831536027236013
44,19,9,7.699441942248298e-5
44,19,10,7.699439409166962e-5
44,20,1,7.699437258665859e-5
44,20,2,0.002919043243145809
44,20,3,0.0007479538690663819
44,20,4,7.699437358123173e-5
44,20,5,0.0006981388299642368
44,20,6,0.0014560508267276204
44,20,7,0.0016847058438740183
44,20,8,0.006415014399817763
44,20,9,7.699437797580255e-5
44,20,10,0.0028350208397675907
44,21,1,7.699437882998178e-5
44,21,2,0.0009927536823428253
44,21,3,7.699438059033104e-5
44,21,4,7.699438003513533e-5
44,21,5,7.699441173002838e-5
44,21,6,0.0015761524429711072
44,21,7,0.0015810549828553222
44,21,8,0.0015814351106299604
44,21,9,0.0015044549277075327
44,21,10,0.00017999335259142384
44,22,1,7.699451837071507e-5
44,22,2,0.00039991815547527727
44,22,3,7.69943902456315e-5
44,22,4,7.699438933504766e-5
44,22,5,7.699454257308552e-5
44,22,6,7.699446130043743e-5
44,22,7,7.699436414364354e-5
44,22,8,0.0013305445349332322
44,22,9,7.699438934891491e-5
44,22,10,7.699446380957987e-5
44,23,1,7.699449755471676e-5
44,23,2,7.699444285551643e-5
44,23,3,7.699443900468272e-5
44,23,4,7.699439791042534e-5
44,23,5,7.699439919837351e-5
44,23,6,7.699443473115677e-5
44,23,7,7.699447048598952e-5
44,23,8,0.002576233467178686
44,23,9,7.699439790688968e-5
44,23,10,7.699436745151262e-5
44,24,1,7.6994420442372e-5
44,24,2,7.699439110296093e-5
44,24,3,7.699442385924252e-5
44,24,4,7.699442472388749e-5
44,24,5,7.699442172415929e-5
44,24,6,7.699440849267559e-5
44,24,7,7.699442227028226e-5
44,24,8,0.0016035979011325488
44,24,9,7.699442259228784e-5
44,24,10,7.699439208965506e-5
45,1,1,6.922848184522355e-5
45,1,2,0.0003496965307625696
45,1,3,6.922848271929862e-5
45,1,4,6.922848194829595e-5
45,1,5,6.922847861874764e-5
45,1,6,6.922849334141467e-5
45,1,7,6.922848185525202e-5
45,1,8,0.002954569432739194
45,1,9,6.92284818373351e-5
45,1,10,6.92284818943594e-5
45,2,1,6.922847884672678e-5
45,2,2,6.922848272607321e-5
45,2,3,6.922848274245267e-5
45,2,4,6.922848109210514e-5
45,2,5,6.922848274512005e-5
45,2,6,6.922848263023938e-5
45,2,7,6.922847870963965e-5
45,2,8,6.922843858902088e-5
45,2,9,6.922847822185778e-5
45,2,10,6.922847906177469e-5
45,3,1,6.922850937494759e-5
45,3,2,6.922849856272089e-5
45,3,3,6.922848280981957e-5
45,3,4,6.922850501825835e-5
45,3,5,6.922849302481396e-5
45,3,6,6.922848270502933e-5
45,3,7,6.922849579636135e-5
45,3,8,6.922846489890638e-5
45,3,9,6.922850009720369e-5
45,3,10,6.922849684766053e-5
45,4,1,6.922850472142731e-5
45,4,2,6.922850356220046e-5
45,4,3,6.92285040891858e-5
45,4,4,6.922850026093489e-5
45,4,5,6.922850010407127e-5
45,4,6,6.922849659671802e-5
45,4,7,6.922848185146641e-5
45,4,8,6.922846039474512e-5
45,4,9,6.922850468419851e-5
45,4,10,6.922848221157511e-5
45,5,1,6.922847723196816e-5
45,5,2,6.922847761079284e-5
45,5,3,6.92284810151332e-5
45,5,4,6.922847949030489e-5
45,5,5,6.922848105055228e-5
45,5,6,6.922847709611288e-5
45,5,7,6.922848002098921e-5
45,5,8,6.922843903955187e-5
45,5,9,6.9228476752476e-5
45,5,10,6.922844447348881e-5
45,6,1,6.922847826396304e-5
45,6,2,6.923392212043306e-5
45,6,3,6.922847787703117e-5
45,6,4,6.922847790443596e-5
45,6,5,6.92284800350798e-5
45,6,6,6.92284780398436e-5
45,6,7,6.922869343895222e-5
45,6,8,6.922845611993602e-5
45,6,9,6.922847776718804e-5
45,6,10,7.60525036761571e-5
45,7,1,6.922846966785113e-5
45,7,2,6.922843699139214e-5
45,7,3,6.92284722963827e-5
45,7,4,6.922847210437654e-5
45,7,5,6.922846984864099e-5
45,7,6,6.922846966443572e-5
45,7,7,6.922847003510349e-5
45,7,8,6.922843638019121e-5
45,7,9,6.922847202816931e-5
45,7,10,6.922843541317193e-5
45,8,1,6.922847712855595e-5
45,8,2,0.0002723884070809408
45,8,3,6.922847679419769e-5
45,8,4,6.922847420791062e-5
45,8,5,6.922847527560454e-5
45,8,6,6.922847449610831e-5
45,8,7,6.922886963969975e-5
45,8,8,6.922843582554409e-5
45,8,9,6.922847656699959e-5
45,8,10,6.922843551111795e-5
45,9,1,6.922848663357385e-5
45,9,2,6.922848297074178e-5
45,9,3,6.922848174457282e-5
45,9,4,6.922848183947618e-5
45,9,5,6.922847698497256e-5
45,9,6,6.922847663950638e-5
45,9,7,6.922848822420207e-5
45,9,8,6.922844426809954e-5
45,9,9,6.922847616981756e-5
45,9,10,6.922848911777355e-5
45,10,1,6.922849939088739e-5
45,10,2,6.922849223150235e-5
45,10,3,6.922849981025424e-5
45,10,4,6.922849960325328e-5
45,10,5,6.922849084418917e-5
45,10,6,6.922849114719736e-5
45,10,7,6.922850118926259e-5
45,10,8,6.922865386773973e-5
45,10,9,6.922849956157148e-5
45,10,10,6.92284925251659e-5
45,11,1,6.922850519212682e-5
45,11,2,6.922850003594414e-5
45,11,3,6.922850544677866e-5
45,11,4,6.922850530423969e-5
45,11,5,6.922850597444291e-5
45,11,6,6.922850545484609e-5
45,11,7,6.922850669375847e-5
45,11,8,6.922853544672787e-5
45,11,9,6.922849970970003e-5
45,11,10,6.922850738503874e-5
45,12,1,6.922850743243598e-5
45,12,2,6.922850864860946e-5
45,12,3,6.922850764574893e-5
45,12,4,6.922850750598886e-5
45,12,5,6.922850116812727e-5
45,12,6,6.922850156475478e-5
45,12,7,6.922850805543147e-5
45,12,8,6.922851714715086e-5
45,12,9,6.922850748060503e-5
45,12,10,6.92285083665235e-5
45,13,1,6.922850721075043e-5
45,13,2,6.922849638168545e-5
45,13,3,6.922850758506763e-5
45,13,4,6.922850750802609e-5
45,13,5,6.92285078099774e-5
45,13,6,6.92285074992293e-5
45,13,7,6.92285078983566e-5
45,13,8,6.9228512636249e-5
45,13,9,6.922850744191541e-5
45,13,10,6.922850830125659e-5
45,14,1,6.922850644254747e-5
45,14,2,6.922850769883314e-5
45,14,3,6.922850678416296e-5
45,14,4,6.922850671611801e-5
45,14,5,6.922850061142491e-5
45,14,6,6.922850651848581e-5
45,14,7,6.922849997175669e-5
45,14,8,6.922852393249354e-5
45,14,9,6.922850661274357e-5
45,14,10,6.922850750932722e-5
45,15,1,6.922850105606142e-5
45,15,2,6.922849457160113e-5
45,15,3,6.922850205661989e-5
45,15,4,6.922850182014578e-5
45,15,5,6.922849330900134e-5
45,15,6,6.922849233792228e-5
45,15,7,6.922849397870795e-5
45,15,8,6.922870586035958e-5
45,15,9,6.922850147774318e-5
45,15,10,6.922849386487418e-5
45,16,1,6.922848721353125e-5
45,16,2,6.922848635844497e-5
45,16,3,6.922890820136801e-5
45,16,4,6.922889525123605e-5
45,16,5,6.922848455061774e-5
45,16,6,6.92284835927922e-5
45,16,7,6.922848561293898e-5
45,16,8,6.922844045721048e-5
45,16,9,6.922848697852914e-5
45,16,10,6.922849126551612e-5
45,17,1,6.92284678318005e-5
45,17,2,0.00032000104198035
45,17,3,6.92285384375441e-5
45,17,4,6.922850962386345e-5
45,17,5,6.922846496226518e-5
45,17,6,6.922846737801046e-5
45,17,7,0.0006990222166632917
45,17,8,0.0016352951963944653
45,17,9,6.922846469780741e-5
45,17,10,6.922843266945287e-5
45,18,1,0.00010332501552033203
45,18,2,6.922854931635738e-5
45,18,3,0.00011118224854994679
45,18,4,0.00011074264052847687
45,18,5,6.922845114483501e-5
45,18,6,6.92284508343726e-5
45,18,7,6.922843121254861e-5
45,18,8,0.0012113643119757744
45,18,9,6.922844846996194e-5
45,18,10,9.304387064539821e-5
45,19,1,6.922848134513323e-5
45,19,2,6.922846220889631e-5
45,19,3,6.922842224194025e-5
45,19,4,6.922847452225873e-5
45,19,5,6.922845868550842e-5
45,19,6,6.922842306686741e-5
45,19,7,6.922846461804674e-5
45,19,8,0.0009779287335796726
45,19,9,6.922848334325482e-5
45,19,10,6.922845849221016e-5
45,20,1,6.922843703899451e-5
45,20,2,0.0029358478708275773
45,20,3,0.0007504751508345247
45,20,4,6.922843806558212e-5
45,20,5,0.0006964302016564065
45,20,6,0.0014671381800817826
45,20,7,0.0016980160196296617
45,20,8,0.0064998415157209305
45,20,9,6.92284424941358e-5
45,20,10,0.002864738303158601
45,21,1,6.922844290445742e-5
45,21,2,0.0015708957924076877
45,21,3,6.922844466163574e-5
45,21,4,6.922844407301741e-5
45,21,5,6.922847503158488e-5
45,21,6,0.0015682475397924452
45,21,7,0.0015740664958615843
45,21,8,0.0015698372624170652
45,21,9,0.0014964214777851634
45,21,10,0.00017334383654389807
45,22,1,6.922858212681542e-5
45,22,2,0.0003942060962926413
45,22,3,6.922845432304995e-5
45,22,4,6.922845340669887e-5
45,22,5,6.922860655201027e-5
45,22,6,6.922852986132601e-5
45,22,7,6.92284296516536e-5
45,22,8,0.002283793973287137
45,22,9,6.922845340140667e-5
45,22,10,6.922855363644136e-5
45,23,1,6.92285614867688e-5
45,23,2,6.922850712468755e-5
45,23,3,6.922850335554569e-5
45,23,4,6.92284619415506e-5
45,23,5,6.922846318229521e-5
45,23,6,6.922849707435654e-5
45,23,7,6.9228534539774e-5
45,23,8,0.002574284350853411
45,23,9,6.922846193355968e-5
45,23,10,6.92284314340453e-5
45,24,1,6.922848452465665e-5
45,24,2,6.922845607780781e-5
45,24,3,6.922848790127454e-5
45,24,4,6.92284888186697e-5
45,24,5,6.922848592526306e-5
45,24,6,6.922847257355601e-5
45,24,7,6.922848636626078e-5
45,24,8,0.002573858175473305
45,24,9,6.92284866861548e-5
45,24,10,6.92284552014237e-5
46,1,1,0.0004529026160816851
46,1,2,0.000614679498478983
46,1,3,0.0004529026112025212
46,1,4,0.0004529026149264853
46,1,5,0.0008392802859187346
46,1,6,0.00045290261147341225
46,1,7,0.00045290261607319586
46,1,8,0.002990651493990852
46,1,9,0.0004529026172875948
46,1,10,0.0004529026165709696
46,2,1,0.0033963099161298353
46,2,2,0.0004529026133410934
46,2,3,0.0004529026170059887
46,2,4,0.000966289232724172
46,2,5,0.000452902613696499
46,2,6,0.0004529026144984906
46,2,7,0.0033963099105400766
46,2,8,0.0033963099039360117
46,2,9,0.003396309927862153
46,2,10,0.0033963099274366988
46,3,1,0.00045290262138895633
46,3,2,0.00045290262019928156
46,3,3,0.0009492598762219724
46,3,4,0.00045290262397378023
46,3,5,0.0004529026171936608
46,3,6,0.0009521030135635477
46,3,7,0.00045290262110009793
46,3,8,0.00045290263845147716
46,3,9,0.0004529026221633704
46,3,10,0.00045290262042576435
46,4,1,0.0004529026233610551
46,4,2,0.0004529026249511203
46,4,3,0.0004529026262185339
46,4,4,0.0004529026261201431
46,4,5,0.00045290259767527747
46,4,6,0.00045290262646962334
46,4,7,0.0008150604692924081
46,4,8,0.0004529026301226441
46,4,9,0.00045290262679108657
46,4,10,0.0007431873945761825
46,5,1,0.0033963099116475818
46,5,2,0.003396309912716249
46,5,3,0.00045290261342742564
46,5,4,0.0009749041486561249
46,5,5,0.0004529026165468957
46,5,6,0.0033963099143179826
46,5,7,0.000788258836099966
46,5,8,0.00010333581972181575
46,5,9,0.0033963099143150587
46,5,10,0.0004529026120357301
46,6,1,0.0004529026133036182
46,6,2,0.0004529050045842831
46,6,3,0.0004529026118111068
46,6,4,0.00045290261301253064
46,6,5,0.00045290260858912374
46,6,6,0.00045290261234065196
46,6,7,0.0004529028388899624
46,6,8,0.0004529026259691637
46,6,9,0.0004529026121613985
46,6,10,0.0004563126955910737
46,7,1,0.0033963099067638885
46,7,2,0.003396309895912755
46,7,3,0.0009855482455519346
46,7,4,0.0010217835109704097
46,7,5,0.0033963099149574064
46,7,6,0.0033963099066157275
46,7,7,0.003396309900845657
46,7,8,6.417007912952276e-5
46,7,9,0.0010209654733834125
46,7,10,0.003396309907229443
46,8,1,0.0004529026141733011
46,8,2,0.000515256670877205
46,8,3,0.00045290261319006717
46,8,4,0.0009985801040969956
46,8,5,0.0006768971641619749
46,8,6,0.0009136372610470896
46,8,7,0.0004529027670620805
46,8,8,0.0033963099069345727
46,8,9,0.00045290261251150753
46,8,10,0.0006337128733778179
46,9,1,5.991448489658332e-5
46,9,2,0.0033963099068590546
46,9,3,0.00045290261242935607
46,9,4,0.0004529026124696723
46,9,5,0.0033963099095870924
46,9,6,0.0033963099157448186
46,9,7,0.0002738745356894491
46,9,8,0.002479829648059626
46,9,9,0.0033963099088609255
46,9,10,0.0004329164577211999
46,10,1,4.002797592966149e-5
46,10,2,0.00045290261852007645
46,10,3,3.779631696360519e-5
46,10,4,3.7796314469878254e-5
46,10,5,0.0005840829608091518
46,10,6,0.00045290261813923623
46,10,7,3.877335466359457e-5
46,10,8,6.41702867356224e-5
46,10,9,2.766590190864899e-5
46,10,10,0.00045290261806730847
46,11,1,2.290761829549224e-5
46,11,2,0.00045290262066336205
46,11,3,4.00865119280719e-5
46,11,4,3.378779060116251e-5
46,11,5,6.068809120708955e-5
46,11,6,7.831716683552828e-5
46,11,7,4.5445429706016384e-5
46,11,8,2.4224208365137614e-5
46,11,9,0.00045290262100887977
46,11,10,1.230717171042548e-5
46,12,1,1.9985282580432848e-5
46,12,2,0.00011202916337559884
46,12,3,3.73504183422797e-5
46,12,4,3.07980687163772e-5
46,12,5,0.0005864725092226351
46,12,6,0.00045290262223442976
46,12,7,8.610754896966551e-5
46,12,8,0.00022060862465568158
46,12,9,3.477698506188238e-5
46,12,10,6.436160136845356e-5
46,13,1,2.056665320892854e-5
46,13,2,0.0033963099263815883
46,13,3,3.938521343827441e-5
46,13,4,3.240434600625113e-5
46,13,5,7.45452665991056e-5
46,13,6,7.01143211399366e-5
46,13,7,8.716406003950345e-5
46,13,8,0.0009249144886169311
46,13,9,3.649661779946092e-5
46,13,10,7.226585677750791e-5
46,14,1,2.4641139292809414e-5
46,14,2,0.00012693055632455918
46,14,3,4.4753007536451027e-5
46,14,4,3.740768474457763e-5
46,14,5,0.00045290262106155156
46,14,6,7.294766350958505e-5
46,14,7,0.0006049389734131124
46,14,8,0.00018011015653407136
46,14,9,4.1457090584103233e-5
46,14,10,8.411852025724466e-5
46,15,1,8.031037229837219e-7
46,15,2,0.00045290261874154604
46,15,3,3.317424153953172e-7
46,15,4,3.317423086145035e-7
46,15,5,0.0006695911858951663
46,15,6,0.0009833214813880782
46,15,7,0.00045290262059506387
46,15,8,1.159059474666599e-6
46,15,9,2.0540703871899202e-6
46,15,10,0.0006439194677047952
46,16,1,0.0004529026195690601
46,16,2,0.0004529026152152627
46,16,3,0.0004529027515817541
46,16,4,0.0004529027952838088
46,16,5,0.0006941288545639222
46,16,6,0.0010519088376217624
46,16,7,0.00045290261832347427
46,16,8,0.0004529026138438561
46,16,9,0.0004529026167980151
46,16,10,0.0004529026198502817
46,17,1,0.0004529026107879405
46,17,2,0.0005677469569168363
46,17,3,0.00045290263156601285
46,17,4,0.00045290262687359235
46,17,5,0.0007040920598925368
46,17,6,0.0004529026095724115
46,17,7,0.0008368901168362105
46,17,8,0.0017467502046414733
46,17,9,0.0009059272082210178
46,17,10,0.0006286467272687939
46,18,1,0.00048316056365815563
46,18,2,0.0004529027855942559
46,18,3,0.0004773863939566785
46,18,4,0.0004888084093493994
46,18,5,0.0004529026039511325
46,18,6,0.00045290260353012354
46,18,7,0.00045290260816815677
46,18,8,0.0013758808737083768
46,18,9,0.0008833964415925849
46,18,10,0.0004698235182293636
46,19,1,0.0004529026218821082
46,19,2,0.00045290263755539117
46,19,3,0.0033963098833479266
46,19,4,0.0004529026202262239
46,19,5,0.00045290261724295866
46,19,6,0.0009645910679290393
46,19,7,0.0004529026345012201
46,19,8,0.0007461600911290799
46,19,9,0.00045290262483399735
46,19,10,0.00045290262295423614
46,20,1,0.003396309885004752
46,20,2,0.0059545521678038525
46,20,3,0.003945424249635422
46,20,4,0.0033963098741766075
46,20,5,0.003897419912788061
46,20,6,0.004550997473597913
46,20,7,0.004754902714100981
46,20,8,0.009639028439902608
46,20,9,0.0033963098932715072
46,20,10,0.005848104491433261
46,21,1,0.0011042321375225844
46,21,2,0.0018401680834749772
46,21,3,0.0008680853900435297
46,21,4,0.0009115350984346849
46,21,5,0.0007163287324096426
46,21,6,0.001824588949914983
46,21,7,0.0018408581843496587
46,21,8,0.0018327298161252702
46,21,9,0.00179478358460059
46,21,10,0.000779847534095113
46,22,1,0.0004529026372096047
46,22,2,0.0006683525730792503
46,22,3,0.0008938875436774076
46,22,4,0.0009358248493530053
46,22,5,0.00045290266116661455
46,22,6,0.00045290270829276
46,22,7,0.000627497999369478
46,22,8,0.0023504101768456733
46,22,9,0.0009348754402854736
46,22,10,0.0004529027096919623
46,23,1,0.00045290264750593004
46,23,2,0.00045290267043214495
46,23,3,0.0004529026198659262
46,23,4,0.0009379808447429203
46,23,5,0.0006351803129692028
46,23,6,0.00045290269437086916
46,23,7,0.00045290262386062113
46,23,8,0.0026136082755499807
46,23,9,0.0009370359952516362
46,23,10,0.0006236032250249583
46,24,1,0.0004529026192633205
46,24,2,0.0004529026248742026
46,24,3,0.00045290261972472773
46,24,4,0.00045290262161360194
46,24,5,0.0004529026201029752
46,24,6,0.0007028925067261725
46,24,7,0.0004529026194732414
46,24,8,0.001635017696882104
46,24,9,0.00045290261915127466
46,24,10,0.00045290262174742745
47,1,1,0.00011041700236450021
47,1,2,0.00023176809853598236
47,1,3,0.00011041699985153961
47,1,4,0.00011041700182713347
47,1,5,0.0003299798476302569
47,1,6,0.00011041700192314853
47,1,7,0.00011041700235576574
47,1,8,0.0018140131886779372
47,1,9,0.00011041700177156107
47,1,10,0.00011041700180744749
47,2,1,0.004801220670976892
47,2,2,0.00011041700175001175
47,2,3,0.00011041700176720908
47,2,4,0.0004108678427932777
47,2,5,0.00011041700215174461
47,2,6,0.00011041700239715054
47,2,7,0.004801220662713403
47,2,8,0.00480122065441233
47,2,9,0.004801220683802916
47,2,10,0.004801220684076118
47,3,1,0.00011041700949563638
47,3,2,0.0001104170072465422
47,3,3,0.00039984515626422337
47,3,4,0.00011041701030865864
47,3,5,0.00011041700470852561
47,3,6,0.0004016818655577477
47,3,7,0.00011041700698802254
47,3,8,0.00011041702775514875
47,3,9,0.00011041700827754718
47,3,10,0.00011041700694276197
47,4,1,0.00011041701012905562
47,4,2,0.00011041701081798454
47,4,3,0.00011041701154059627
47,4,4,0.0001104170103521318
47,4,5,0.00011041699843396904
47,4,6,0.00011041700984431442
47,4,7,0.0003149292713444534
47,4,8,0.00011041702292606935
47,4,9,0.00011041701097527041
47,4,10,0.00027107292524656217
47,5,1,0.004801220665262911
47,5,2,0.004801220667309326
47,5,3,0.00011041700200312395
47,5,4,0.00041646346352281193
47,5,5,0.00011041700126140766
47,5,6,0.004801220668175751
47,5,7,0.0002984294459830374
47,5,8,3.3608156160489304e-7
47,5,9,0.0048012206684299044
47,5,10,0.0001104170008890161
47,6,1,0.0001104170004736862
47,6,2,0.00011041902070704707
47,6,3,0.0001104170003549281
47,6,4,0.00011041700015006511
47,6,5,0.00011041699520307691
47,6,6,0.00011041700052533382
47,6,7,0.00011041718582897299
47,6,8,0.00011041701431501728
47,6,9,0.00011041700046984124
47,6,10,0.00011304588943350895
47,7,1,0.004801220660143764
47,7,2,0.004801220646310432
47,7,3,0.00042339475088068663
47,7,4,0.0004471328823391229
47,7,5,0.0048012206688878125
47,7,6,0.004801220659402696
47,7,7,0.004801220651611109
47,7,8,7.460126818359272e-6
47,7,9,0.0004465946068265864
47,7,10,0.004801220660030005
47,8,1,0.00011041700148916517
47,8,2,0.00020331698998015207
47,8,3,0.0001104170012328662
47,8,4,0.0004319070554766722
47,8,5,0.00023181488951709827
47,8,6,0.0003769576755795268
47,8,7,0.00011041714235667272
47,8,8,0.00480122065959245
47,8,9,0.00011041700066639879
47,8,10,0.0002069393868972458
47,9,1,0.0003415857442799581
47,9,2,0.004801220658780686
47,9,3,0.00011041700123713002
47,9,4,0.00011041700129217241
47,9,5,0.004801220662645513
47,9,6,0.004801220670613364
47,9,7,0.0007457352048984166
47,9,8,0.0036889000310282825
47,9,9,0.004801220661679777
47,9,10,0.0009972066212915458
47,10,1,1.9476480761490295e-5
47,10,2,0.00011041700599076371
47,10,3,2.10858306472306e-5
47,10,4,2.1085830787067134e-5
47,10,5,0.00017912018476852655
47,10,6,0.00011041700560046025
47,10,7,2.036767355861452e-5
47,10,8,7.460335059386123e-6
47,10,9,3.0020963224806598e-5
47,10,10,0.00011041700592491031
47,11,1,0.00024101850468492665
47,11,2,0.00011041700863130011
47,11,3,0.00029143167047228884
47,11,4,0.0002739751091785664
47,11,5,0.00034343177452665744
47,11,6,0.00038387738528462205
47,11,7,0.0003056111883463987
47,11,8,0.00024525119614959536
47,11,9,0.0001104170085624246
47,11,10,0.00020294499651715857
47,12,1,0.0002313086186377387
47,12,2,0.00045497810311137706
47,12,3,0.0002839647931591842
47,12,4,0.0002653257609125619
47,12,5,0.0001804393302140788
47,12,6,0.00011041700942436187
47,12,7,0.00040092611552684424
47,12,8,0.000655747347434592
47,12,9,0.00027678139004661125
47,12,10,0.0003521073327186707
47,13,1,0.00023327780412744895
47,13,2,0.004801220681242297
47,13,3,0.0002895335517228423
47,13,4,0.0002700051970449392
47,13,5,0.00037545819645835925
47,13,6,0.0003654158335387585
47,13,7,0.000403205578875476
47,13,8,0.0016994478066211453
47,13,9,0.0002815996025364727
47,13,10,0.00037031348151383585
47,14,1,0.0002465749495209611
47,14,2,0.0004845893850668324
47,14,3,0.0003038093721481273
47,14,4,0.0002841228036515527
47,14,5,0.00011041700886893245
47,14,6,0.0003718569992590342
47,14,7,0.0001907045378411097
47,14,8,0.0005842799322543794
47,14,9,0.0002951114735028112
47,14,10,0.0003966142859873837
47,15,1,0.0001353250853538828
47,15,2,0.0001104170066431926
47,15,3,0.00012797693225617498
47,15,4,0.00012797693251745442
47,15,5,0.0002275655350745712
47,15,6,0.00042194311528767137
47,15,7,0.0001104170058583855
47,15,8,0.0001395554908275782
47,15,9,0.00014811085587635567
47,15,10,0.0002127651603112377
47,16,1,0.0001104170039608955
47,16,2,0.00011041700246938738
47,16,3,0.00011041714944791194
47,16,4,0.00011041714543141803
47,16,5,0.00024190030883935058
47,16,6,0.0004670293564743558
47,16,7,0.00011041700311317128
47,16,8,0.00011041700274063675
47,16,9,0.00011041700363509201
47,16,10,0.00011041700501166901
47,17,1,0.00011041699793837418
47,17,2,0.00020423203581334198
47,17,3,0.00011041702466540283
47,17,4,0.00011041701294478933
47,17,5,0.00024777095542223977
47,17,6,0.00011041699705167695
47,17,7,0.0004162014081075317
47,17,8,0.0009928681603745544
47,17,9,0.0003720352994077
47,17,10,0.00020406048382313539
47,18,1,0.0001222394088471331
47,18,2,0.0001104170962213138
47,18,3,0.00012498727162415504
47,18,4,0.00012482099781719233
47,18,5,0.00011041699113446268
47,18,6,0.00011041699122313101
47,18,7,0.00011041699215146906
47,18,8,0.0007067309889605855
47,18,9,0.0003577170871162741
47,18,10,0.00011943938670128328
47,19,1,0.00011041700377056025
47,19,2,0.0001104170244163477
47,19,3,0.004801220633157045
47,19,4,0.00011041700023118386
47,19,5,0.00011041701947240893
47,19,6,0.0004097663589954719
47,19,7,0.0001104170259540265
47,19,8,0.0007529682174779859
47,19,9,0.00011041700378787696
47,19,10,0.00011041701164020179
47,20,1,0.004801220635356521
47,20,2,0.007386848178638221
47,20,3,0.005368357328737788
47,20,4,0.004801220622323779
47,20,5,0.005318742390950034
47,20,6,0.005980842550843133
47,20,7,0.00618486319777543
47,20,8,0.011093122929788484
47,20,9,0.004801220644778066
47,20,10,0.0072836264957721625
47,21,1,0.000501914589585954
47,21,2,0.0010025193543256854
47,21,3,0.00034804479330867937
47,21,4,0.00037561444734027395
47,21,5,0.0002550195619600245
47,21,6,0.001000167934906699
47,21,7,0.0010042989634903765
47,21,8,0.0010043105205394523
47,21,9,0.0015116027731544605
47,21,10,0.0003334355512843799
47,22,1,0.00011041703272987023
47,22,2,0.0002580742119386564
47,22,3,0.00036437172273725324
47,22,4,0.00039118567861572406
47,22,5,0.00011041704585963217
47,22,6,0.00011041708927359283
47,22,7,0.0002034088994653311
47,22,8,0.0013009811169292752
47,22,9,0.0003905749879084326
47,22,10,0.00011041709217377132
47,23,1,0.00011041702862562266
47,23,2,0.00011041705411230118
47,23,3,0.00011041700590692435
47,23,4,0.0003925731000922627
47,23,5,0.0002077748673642746
47,23,6,0.00011041707053787958
47,23,7,0.00011041702078362842
47,23,8,0.001573430638818627
47,23,9,0.00039196497076018954
47,23,10,0.00020120301034158843
47,24,1,0.00011041700237372822
47,24,2,0.00011041701885325833
47,24,3,0.00011041700297555258
47,24,4,0.00011041700433841421
47,24,5,0.00011041700338920738
47,24,6,0.000247062644827347
47,24,7,0.00011041700313697942
47,24,8,0.0015778700326043358
47,24,9,0.00011041700281205172
47,24,10,0.0001104170215159529
48,1,1,5.0165196760072826e-5
48,1,2,0.00019317284731898275
48,1,3,5.016519468207124e-5
48,1,4,5.016519654754778e-5
48,1,5,0.00021674546948869996
48,1,6,5.0165197907870395e-5
48,1,7,5.016519655363178e-5
48,1,8,0.0018263553626186866
48,1,9,5.01651963690207e-5
48,1,10,5.0165196352352046e-5
48,2,1,0.005343258568285422
48,2,2,5.016519635249161e-5
48,2,3,5.016519655254388e-5
48,2,4,0.0002829200153243666
48,2,5,5.016519669043329e-5
48,2,6,5.016519694854161e-5
48,2,7,0.005343258558717275
48,2,8,0.005343258550350385
48,2,9,0.00534325858148931
48,2,10,0.005343258581499296
48,3,1,5.0165204940785627e-5
48,3,2,5.016520195400842e-5
48,3,3,0.0002738156602726259
48,3,4,5.0165204747014155e-5
48,3,5,5.016519970464308e-5
48,3,6,0.0002753309955290013
48,3,7,5.016520135627827e-5
48,3,8,5.016522224848023e-5
48,3,9,5.0165203306049416e-5
48,3,10,5.016520167503013e-5
48,4,1,5.016520476681073e-5
48,4,2,5.016520526408593e-5
48,4,3,5.016520560715975e-5
48,4,4,5.01652041176382e-5
48,4,5,5.01651956274455e-5
48,4,6,5.016520337051461e-5
48,4,7,0.00020461590417332893
48,4,8,5.016521736874361e-5
48,4,9,5.01652049141163e-5
48,4,10,0.0001696770539864385
48,5,1,0.005343258561892922
48,5,2,0.005343258564520627
48,5,3,5.016519665495999e-5
48,5,4,0.0002875511238633884
48,5,5,5.016519586457296e-5
48,5,6,0.005343258565196949
48,5,7,0.0001913963610942078
48,5,8,1.596773571809113e-5
48,5,9,0.00534325856561799
48,5,10,5.016519576818773e-5
48,6,1,5.016519515878987e-5
48,6,2,5.0167272758939684e-5
48,6,3,5.016519501511851e-5
48,6,4,5.0165194982471465e-5
48,6,5,5.016519163255436e-5
48,6,6,5.0165195189231665e-5
48,6,7,5.0165352364615355e-5
48,6,8,5.0165210189446934e-5
48,6,9,5.016519511798397e-5
48,6,10,5.2876136907734884e-5
48,7,1,0.005343258557150404
48,7,2,0.005343258541895596
48,7,3,0.0002932961243110378
48,7,4,0.0003130393535771882
48,7,5,0.005343258566540407
48,7,6,0.0053432585557112
48,7,7,0.005343258547863827
48,7,8,3.7799838538663455e-5
48,7,9,0.00031259054129253777
48,7,10,0.005343258555999752
48,8,1,5.0165195765901616e-5
48,8,2,0.00016533229968253982
48,8,3,5.01651953001322e-5
48,8,4,0.0003003640279863357
48,8,5,0.00013901314568029121
48,8,6,0.0002549932229424289
48,8,7,5.01653366326257e-5
48,8,8,0.005343258555765836
48,8,9,5.016519511444769e-5
48,8,10,0.00011995345546065702
48,9,1,0.00048075175537837787
48,9,2,0.005343258554534371
48,9,3,5.0165195993147084e-5
48,9,4,5.016519583753718e-5
48,9,5,0.005343258559467375
48,9,6,0.005343258567562719
48,9,7,0.0009477186499448068
48,9,8,0.004154137100447847
48,9,9,0.005343258558349031
48,9,10,0.001230320133239275
48,10,1,6.132501012196993e-5
48,10,2,5.0165200616694344e-5
48,10,3,6.415808341465624e-5
48,10,4,6.415808362521677e-5
48,10,5,9.905783678430725e-5
48,10,6,5.016520026479419e-5
48,10,7,6.289981715013633e-5
48,10,8,3.780004035172524e-5
48,10,9,7.917100738178028e-5
48,10,10,5.016520066501748e-5
48,11,1,0.0003595045039286333
48,11,2,5.016520331751575e-5
48,11,3,0.0004207135842853671
48,11,4,0.00039962838809210524
48,11,5,0.00048294791681703305
48,11,6,0.0005308527794777014
48,11,7,0.00043776465184475037
48,11,8,0.0003646830204698199
48,11,9,5.016520338061862e-5
48,11,10,0.00031253335885383574
48,12,1,0.00034759415570061316
48,12,2,0.0006142195171720134
48,12,3,0.00041170769686935663
48,12,4,0.00038914007368790084
48,12,5,0.00010003730214748117
48,12,6,5.016520403615455e-5
48,12,7,0.0005509338324291363
48,12,8,0.0008454795685211534
48,12,9,0.0004030253196809347
48,12,10,0.0004932571183992616
48,13,1,0.00035001314825861154
48,13,2,0.0053432585790543505
48,13,3,0.0004184260464375453
48,13,4,0.0003948179302492727
48,13,5,0.0005209127177978042
48,13,6,0.0005090350351356778
48,13,7,0.0005536140849809878
48,13,8,0.002005142711154919
48,13,9,0.00040885098364305686
48,13,10,0.0005148307053913439
48,14,1,0.00036630095339945055
48,14,2,0.0006486718123631015
48,14,3,0.00043560152381233127
48,14,4,0.0004118984734677009
48,14,5,5.016520362674272e-5
48,14,6,0.0005166560734614016
48,14,7,0.00010769957486934245
48,14,8,0.000763728438897384
48,14,9,0.0004251448975344044
48,14,10,0.0005458609254575493
48,15,1,0.00022680864286935378
48,15,2,5.016520142728253e-5
48,15,3,0.00021724777931000065
48,15,4,0.00021724777963641356
48,15,5,0.000135734996199431
48,15,6,0.0002920921725255447
48,15,7,5.016520049294955e-5
48,15,8,0.0002322862652687074
48,15,9,0.00024330873222111045
48,15,10,0.00012438799390406295
48,16,1,5.016519839440554e-5
48,16,2,5.016519755586055e-5
48,16,3,5.0165344049587734e-5
48,16,4,5.0165339076699313e-5
48,16,5,0.00014682749299896612
48,16,6,0.0003296637577447847
48,16,7,5.016519761802616e-5
48,16,8,5.01651976426298e-5
48,16,9,5.016519838241543e-5
48,16,10,5.016520015200148e-5
48,17,1,5.016519174316186e-5
48,17,2,0.00018156868743325326
48,17,3,5.0165219157394365e-5
48,17,4,5.0165207852859014e-5
48,17,5,0.00015139725742825477
48,17,6,5.016519137902045e-5
48,17,7,0.00040717799055876164
48,17,8,0.000990430672336906
48,17,9,0.0002509602860307416
48,17,10,0.00011776908848141962
48,18,1,6.394097330830402e-5
48,18,2,5.016530061750893e-5
48,18,3,6.76426244178524e-5
48,18,4,6.7417893841668e-5
48,18,5,5.016518582392303e-5
48,18,6,5.0165185657180146e-5
48,18,7,5.0165189843432226e-5
48,18,8,0.0006958720367803764
48,18,9,0.0002392616392756174
48,18,10,6.0345385775873674e-5
48,19,1,5.016519783013893e-5
48,19,2,5.0165218085827255e-5
48,19,3,0.0053432585281975795
48,19,4,5.016519420902911e-5
48,19,5,5.0165212863233575e-5
48,19,6,0.00028200912128665374
48,19,7,5.0165220922258757e-5
48,19,8,0.0007101982716094099
48,19,9,5.016519779057245e-5
48,19,10,5.0165206457474474e-5
48,20,1,0.005343258530794035
48,20,2,0.007983098438778464
48,20,3,0.005925331175212795
48,20,4,0.005343258516983393
48,20,5,0.005875188033885286
48,20,6,0.006553496131137091
48,20,7,0.006762141030063501
48,20,8,0.011875046722176447
48,20,9,0.005343258540160263
48,20,10,0.007877812798012637
48,21,1,0.0003589659139803837
48,21,2,0.0009778216771523444
48,21,3,0.0002313872860811405
48,21,4,0.00025389215718781645
48,21,5,0.00015706004219975394
48,21,6,0.000975471113105919
48,21,7,0.0009796119254710275
48,21,8,0.0009805159637417626
48,21,9,0.0014550682485503944
48,21,10,0.00023782715532217512
48,22,1,5.016522726238832e-5
48,22,2,0.0002320182390973867
48,22,3,0.0002446926931126415
48,22,4,0.00026668086542186534
48,22,5,5.0165240425603497e-5
48,22,6,5.0165284388286105e-5
48,22,7,0.0001172753581482984
48,22,8,0.0013050010539407512
48,22,9,0.00026617830129049326
48,22,10,5.0165286960858984e-5
48,23,1,5.0165223746752495e-5
48,23,2,5.0165248907669796e-5
48,23,3,5.016520083854506e-5
48,23,4,0.00026782293668325133
48,23,5,0.00012058825807972714
48,23,6,5.0165265156371386e-5
48,23,7,5.016521538945696e-5
48,23,8,0.0015846340998348675
48,23,9,0.0002673222941376885
48,23,10,0.00011560571429245818
48,24,1,5.016519705073808e-5
48,24,2,5.016521371268321e-5
48,24,3,5.0165197765811944e-5
48,24,4,5.016519880688754e-5
48,24,5,5.016519792689572e-5
48,24,6,0.00015084510244528165
48,24,7,5.016519818074058e-5
48,24,8,0.0015849247655333515
48,24,9,5.0165197495116206e-5
48,24,10,5.016521644711576e-5
49,1,1,2.6824751616829217e-5
49,1,2,0.0001912382736151135
49,1,3,2.682475004047054e-5
49,1,4,2.6824751399004188e-5
49,1,5,0.0002548375163051762
49,1,6,2.6824752864426298e-5
49,1,7,2.682475122205878e-5
49,1,8,0.0019694440939934253
49,1,9,2.6824751157929473e-5
49,1,10,2.6824750945214167e-5
49,2,1,0.011841229817309396
49,2,2,2.6824750843225274e-5
49,2,3,2.6824751066988336e-5
49,2,4,0.00035807441520982594
49,2,5,2.682475126478601e-5
49,2,6,2.682475115270429e-5
49,2,7,0.011841229805045051
49,2,8,0.011841229783353916
49,2,9,0.011841229847516035
49,2,10,0.011841229849283569
49,3,1,2.6824759317670687e-5
49,3,2,2.6824756813687873e-5
49,3,3,0.00034365921461792295
49,3,4,2.6824759375754643e-5
49,3,5,2.682475427013937e-5
49,3,6,0.00034605432303668176
49,3,7,2.68247554322248e-5
49,3,8,2.6824776481244902e-5
49,3,9,2.6824758286288523e-5
49,3,10,2.682475620889389e-5
49,4,1,2.6824759069777292e-5
49,4,2,2.682476066494102e-5
49,4,3,2.682475968215574e-5
49,4,4,2.682475853908035e-5
49,4,5,2.6824751160888576e-5
49,4,6,2.6824758068357503e-5
49,4,7,0.0002363623975572332
49,4,8,2.68247725155624e-5
49,4,9,2.682475937026822e-5
49,4,10,0.00018415187772088089
49,5,1,0.011841229807778408
49,5,2,0.011841229815449262
49,5,3,2.6824750601231824e-5
49,5,4,0.00036542954447335915
49,5,5,2.682475033709336e-5
49,5,6,0.011841229820028651
49,5,7,0.00021642054010710974
49,5,8,0.0001099113876030295
49,5,9,0.01184122981763337
49,5,10,2.6824750251802344e-5
49,6,1,2.6824749708753844e-5
49,6,2,2.6826890329101873e-5
49,6,3,2.6824749575194086e-5
49,6,4,2.6824749776952892e-5
49,6,5,2.682474689119967e-5
49,6,6,2.6824749788272488e-5
49,6,7,2.6824937622130252e-5
49,6,8,2.6824766741094446e-5
49,6,9,2.6824749579452808e-5
49,6,10,2.9692562852143162e-5
49,7,1,0.011841229799875973
49,7,2,0.011841229770220701
49,7,3,0.000374574173532004
49,7,4,0.00040616419945746984
49,7,5,0.01184122982464105
49,7,6,0.011841229802897603
49,7,7,0.011841229787172327
49,7,8,0.00018305875410151707
49,7,9,0.00040544337986453193
49,7,10,0.011841229800521961
49,8,1,2.68247499019897e-5
49,8,2,0.0001495494313937887
49,8,3,2.6824749582439128e-5
49,8,4,0.00038585462203309873
49,8,5,0.0001398638370716656
49,8,6,0.00031405508452809827
49,8,7,2.682488858030247e-5
49,8,8,0.011841229794299989
49,8,9,2.6824749572577943e-5
49,8,10,0.0001132830205324631
49,9,1,0.0012883320258090863
49,9,2,0.0118412297947401
49,9,3,2.6824750272055667e-5
49,9,4,2.68247501634472e-5
49,9,5,0.011841229805408707
49,9,6,0.011841229819245238
49,9,7,0.002349833632299481
49,9,8,0.009303609499359954
49,9,9,0.011841229802917857
49,9,10,0.002978494021857208
49,10,1,0.0002532068958134866
49,10,2,2.682475501759817e-5
49,10,3,0.0002613304417671876
49,10,4,0.00026133044260669516
49,10,5,8.523600724226764e-5
49,10,6,2.6824754253027944e-5
49,10,7,0.0002577292639355747
49,10,8,0.00018305894704479718
49,10,9,0.00030356537009529707
49,10,10,2.6824755154552486e-5
49,11,1,0.0010039884491086176
49,11,2,2.682475759242892e-5
49,11,3,0.0011482444049017372
49,11,4,0.001098731793532111
49,11,5,0.0012934335195170905
49,11,6,0.0014043568227562423
49,11,7,0.0011881585303155516
49,11,8,0.001016257875398434
49,11,9,2.682475750995292e-5
49,11,10,0.0008920636015285053
49,12,1,0.0009757192272256384
49,12,2,0.001595963859429467
49,12,3,0.0011271183103240914
49,12,4,0.0010740350533015718
49,12,5,8.652042482873653e-5
49,12,6,2.6824757871313174e-5
49,12,7,0.0014506656089173185
49,12,8,0.0021204244552638987
49,12,9,0.0011067206813954143
49,12,10,0.0013173611142757856
49,13,1,0.0009814664855570128
49,13,2,0.011841229840506914
49,13,3,0.0011428812638416008
49,13,4,0.0010874104367570982
49,13,5,0.00138139440651604
49,13,6,0.0013539199945609708
49,13,7,0.0014568386562795466
49,13,8,0.00467666693123401
49,13,9,0.0011204103325530774
49,13,10,0.001367330994064376
49,14,1,0.0010200885585696833
49,14,2,0.0016746923107949865
49,14,3,0.00118310090750554
49,14,4,0.0011275661526510227
49,14,5,2.682475760529899e-5
49,14,6,0.0013715528663218056
49,14,7,9.667695517423031e-5
49,14,8,0.0019360140485124853
49,14,9,0.0011586279533469263
49,14,10,0.0014389769064783247
49,15,1,0.0006840668544687727
49,15,2,2.6824755427116734e-5
49,15,3,0.0006604824523574607
49,15,4,0.0006604824516292864
49,15,5,0.00013523398397270484
49,15,6,0.0003726559323514151
49,15,7,2.6824754898472992e-5
49,15,8,0.0006975378440876155
49,15,9,0.0007245601803858095
49,15,10,0.00011939133587333168
49,16,1,2.6824753224710772e-5
49,16,2,2.682475190548404e-5
49,16,3,2.6824897794981404e-5
49,16,4,2.682489398322142e-5
49,16,5,0.00015098835664978345
49,16,6,0.00043294737547749695
49,16,7,2.6824751971748893e-5
49,16,8,2.682475214179948e-5
49,16,9,2.6824752798600037e-5
49,16,10,2.6824755097411853e-5
49,17,1,2.6824746224189865e-5
49,17,2,0.00018077651325662555
49,17,3,2.6824773732761325e-5
49,17,4,2.6824762033689184e-5
49,17,5,0.00015754828044258382
49,17,6,2.6824745721590404e-5
49,17,7,0.00041133068557958806
49,17,8,0.0010101453640266405
49,17,9,0.0003077489427208789
49,17,10,0.00011029265175465976
49,18,1,4.371423565173931e-5
49,18,2,2.6824862615170997e-5
49,18,3,4.846066818840101e-5
49,18,4,4.8176999524688034e-5
49,18,5,2.682474070408621e-5
49,18,6,2.6824740012292254e-5
49,18,7,2.6824745038078262e-5
49,18,8,0.0007293018786889768
49,18,9,0.0002895351110206868
49,18,10,3.904951650608816e-5
49,19,1,2.6824752193092094e-5
49,19,2,2.6824773052275106e-5
49,19,3,0.01184122975352244
49,19,4,2.68247488140514e-5
49,19,5,2.6824768159497873e-5
49,19,6,0.0003566295049528923
49,19,7,2.6824776372039573e-5
49,19,8,0.000639935377105405
49,19,9,2.6824751988797508e-5
49,19,10,2.6824768522680203e-5
49,20,1,0.011841229762057523
49,20,2,0.015021552695295893
49,20,3,0.012567022849752257
49,20,4,0.011841229730068915
49,20,5,0.012501993750385904
49,20,6,0.0133183243346461
49,20,7,0.013569305756609975
49,20,8,0.019375150284902998
49,20,9,0.011841229776006617
49,20,10,0.014944489888128612
49,21,1,0.00048052372182439535
49,21,2,0.0009696758757021859
49,21,3,0.00027734478575357083
49,21,4,0.000312332054396018
49,21,5,0.00016572961523139094
49,21,6,0.0009673250289716498
49,21,7,0.0009714763164999762
49,21,8,0.0009404021972583374
49,21,9,0.0014128476241620823
49,21,10,0.00023694720628379692
49,22,1,2.6824781710864177e-5
49,22,2,0.00023116048777554375
49,22,3,0.00029797591801276343
49,22,4,0.0003324051682687744
49,22,5,2.6824794782729287e-5
49,22,6,2.6824838854967862e-5
49,22,7,0.00010961848043659919
49,22,8,0.0013429363472062434
49,22,9,0.00033161390666583233
49,22,10,2.6824841419989686e-5
49,23,1,2.6824778203530136e-5
49,23,2,2.6824803603840033e-5
49,23,3,2.682475541112602e-5
49,23,4,0.0003342040143956398
49,23,5,0.00011415438211459224
49,23,6,2.6824819761816513e-5
49,23,7,2.6824769907266578e-5
49,23,8,0.0015312279921695193
49,23,9,0.0003334153444650454
49,23,10,0.0001073434833913157
49,24,1,2.6824751595050068e-5
49,24,2,2.6824768801494688e-5
49,24,3,2.6824752533683184e-5
49,24,4,2.6824753228541408e-5
49,24,5,2.6824752848958825e-5
49,24,6,0.00015675361045238497
49,24,7,2.68247529302635e-5
49,24,8,0.0025874768794411436
49,24,9,2.6824752184706034e-5
49,24,10,2.6824770746509146e-5
50,1,1,3.736402845679503e-5
50,1,2,3.73640284857237e-5
50,1,3,3.736402848965134e-5
50,1,4,3.73640284521918e-5
50,1,5,3.736402848910992e-5
50,1,6,3.736402705092162e-5
50,1,7,3.736402846158232e-5
50,1,8,3.736402848987755e-5
50,1,9,3.736402845229162e-5
50,1,10,3.736402846146595e-5
50,2,1,3.736402849762364e-5
50,2,2,3.736402848857929e-5
50,2,3,3.73640284902516e-5
50,2,4,3.7364028484666716e-5
50,2,5,3.736402848287103e-5
50,2,6,3.736402848992104e-5
50,2,7,3.736402848723584e-5
50,2,8,3.736402849022799e-5
50,2,9,3.736402849540701e-5
50,2,10,3.736402848563031e-5
50,3,1,3.7364028489344134e-5
50,3,2,3.7364028454968264e-5
50,3,3,3.736402848473654e-5
50,3,4,3.736402845651651e-5
50,3,5,3.736402848909094e-5
50,3,6,3.7364028485756556e-5
50,3,7,3.736402845215416e-5
50,3,8,3.7364028484802573e-5
50,3,9,3.7364028466548485e-5
50,3,10,3.736402845925597e-5
50,4,1,3.7364028490558725e-5
50,4,2,3.736402848133532e-5
50,4,3,3.736402849014813e-5
50,4,4,3.736402846280191e-5
50,4,5,3.73640284908253e-5
50,4,6,3.736402716300476e-5
50,4,7,3.736402848451072e-5
50,4,8,3.736402848510602e-5
50,4,9,3.736402842516926e-5
50,4,10,3.736402849308869e-5
50,5,1,3.7364028494466006e-5
50,5,2,3.7364028488705695e-5
50,5,3,3.736402848209468e-5
50,5,4,3.7364028488923836e-5
50,5,5,3.7364028455324946e-5
50,5,6,3.736402848533603e-5
50,5,7,3.736402848791035e-5
50,5,8,3.736402849546636e-5
50,5,9,3.736402848748913e-5
50,5,10,3.7364028457001956e-5
50,6,1,3.7364028459920344e-5
50,6,2,3.736402850388745e-5
50,6,3,3.73640284972167e-5
50,6,4,3.736402849920943e-5
50,6,5,3.736402847626219e-5
50,6,6,3.7364028497424225e-5
50,6,7,3.736402846492709e-5
50,6,8,3.7364028504663124e-5
50,6,9,3.736402846183225e-5
50,6,10,3.736402847684177e-5
50,7,1,3.736402886100001e-5
50,7,2,3.736402910518175e-5
50,7,3,3.7364028781419044e-5
50,7,4,3.7364028759155806e-5
50,7,5,3.736402891304481e-5
50,7,6,3.736402877492088e-5
50,7,7,3.736402897662659e-5
50,7,8,3.7364028951330506e-5
50,7,9,3.736402876672317e-5
50,7,10,3.736407336408365e-5
50,8,1,3.7364083453744203e-5
50,8,2,0.00045917845255812013
50,8,3,3.7364083937416564e-5
50,8,4,3.736408395695256e-5
50,8,5,3.736408562499254e-5
50,8,6,3.736453436922534e-5
50,8,7,3.736408692628458e-5
50,8,8,3.736403923080685e-5
50,8,9,3.7364083240199716e-5
50,8,10,0.002768212646882441
50,9,1,3.736408863758476e-5
50,9,2,3.7364081593805466e-5
50,9,3,0.0038739418823433
50,9,4,0.003524317422365551
50,9,5,3.736408786340237e-5
50,9,6,3.736408759430447e-5
50,9,7,3.736409138027054e-5
50,9,8,3.736404672464352e-5
50,9,9,3.736408745046184e-5
50,9,10,3.736409404944959e-5
50,10,1,3.736409997932449e-5
50,10,2,3.7364124329995995e-5
50,10,3,3.736409978546196e-5
50,10,4,3.7364100037085525e-5
50,10,5,3.736410099512048e-5
50,10,6,3.736410117779872e-5
50,10,7,3.7364099955912745e-5
50,10,8,0.004014646005046287
50,10,9,3.736409994610399e-5
50,10,10,3.7364101850440256e-5
50,11,1,3.736410925570731e-5
50,11,2,3.736411945168621e-5
50,11,3,3.7364109309712984e-5
50,11,4,3.736410928218818e-5
50,11,5,3.7364108879452305e-5
50,11,6,3.736410844253807e-5
50,11,7,3.736410927794157e-5
50,11,8,3.736413531119871e-5
50,11,9,3.7364110128625e-5
50,11,10,3.736410979667955e-5
50,12,1,3.7364111450676396e-5
50,12,2,3.7364111573679234e-5
50,12,3,3.7364111683433474e-5
50,12,4,3.736411167344701e-5
50,12,5,3.736411267367459e-5
50,12,6,3.736411233181402e-5
50,12,7,3.7364111328986086e-5
50,12,8,3.736411954375422e-5
50,12,9,3.736411133320317e-5
50,12,10,3.736411162792337e-5
50,13,1,3.736411146318471e-5
50,13,2,3.736411020296855e-5
50,13,3,3.736411165703996e-5
50,13,4,3.736411156707926e-5
50,13,5,3.7364110766672984e-5
50,13,6,3.736411059007148e-5
50,13,7,3.7364111313648616e-5
50,13,8,3.736411947367031e-5
50,13,9,3.7364111489781725e-5
50,13,10,3.736411198662001e-5
50,14,1,3.7364110602935905e-5
50,14,2,3.7364110851375974e-5
50,14,3,3.7364110718321816e-5
50,14,4,3.7364110646200694e-5
50,14,5,3.7364111656784537e-5
50,14,6,3.7364109973753055e-5
50,14,7,3.7364112635636485e-5
50,14,8,3.736412653528255e-5
50,14,9,3.73641105528774e-5
50,14,10,3.736411095741133e-5
50,15,1,3.736410329555777e-5
50,15,2,3.736411973203917e-5
50,15,3,3.736410319121192e-5
50,15,4,3.736410337864e-5
50,15,5,3.736410419059326e-5
50,15,6,3.73641046260217e-5
50,15,7,3.7364103960004176e-5
50,15,8,3.736430201619282e-5
50,15,9,3.736410318937495e-5
50,15,10,3.7364106117443815e-5
50,16,1,3.736409509741487e-5
50,16,2,3.7364336148001514e-5
50,16,3,3.736409555206461e-5
50,16,4,3.736409505397394e-5
50,16,5,3.7364094891036763e-5
50,16,6,3.736409486721861e-5
50,16,7,3.736409499980573e-5
50,16,8,0.0033330304022852262
50,16,9,3.736409547934693e-5
50,16,10,3.7364096365011426e-5
50,17,1,3.736407206179771e-5
50,17,2,0.00028428528131473155
50,17,3,3.736407231853663e-5
50,17,4,3.736407209684176e-5
50,17,5,3.7364028867598263e-5
50,17,6,3.736402892497933e-5
50,17,7,3.736402784818672e-5
50,17,8,0.000591973064306892
50,17,9,3.736407255699522e-5
50,17,10,0.0007409080441478096
50,18,1,3.736402848981931e-5
50,18,2,3.7364028535016374e-5
50,18,3,3.736402854993101e-5
50,18,4,3.7364028488222865e-5
50,18,5,3.736402845699761e-5
50,18,6,3.736402848101516e-5
50,18,7,3.736402848973388e-5
50,18,8,3.736402855017356e-5
50,18,9,3.736402850001291e-5
50,18,10,3.736402851243678e-5
50,19,1,3.7364028460948e-5
50,19,2,3.736402845573729e-5
50,19,3,3.736402848421769e-5
50,19,4,3.7364028461415926e-5
50,19,5,3.7364028456862846e-5
50,19,6,3.7364028488709896e-5
50,19,7,3.736402845677861e-5
50,19,8,3.736402849170122e-5
50,19,9,3.736402845540672e-5
50,19,10,3.7364028457498826e-5
50,20,1,3.736402848687325e-5
50,20,2,3.7364028486242475e-5
50,20,3,3.736402849690408e-5
50,20,4,3.7364028487374186e-5
50,20,5,3.736402846627705e-5
50,20,6,3.73640284824554e-5
50,20,7,3.736402849415019e-5
50,20,8,3.736402849753586e-5
50,20,9,3.736402835940685e-5
50,20,10,3.736402848753081e-5
50,21,1,3.736402836052845e-5
50,21,2,3.7364028483856465e-5
50,21,3,3.736402849530349e-5
50,21,4,3.7364028486219524e-5
50,21,5,3.7364028492911654e-5
50,21,6,3.736402848117657e-5
50,21,7,3.736402845929246e-5
50,21,8,3.7364028489321975e-5
50,21,9,3.7364028453781476e-5
50,21,10,3.7364028491632864e-5
50,22,1,3.736402846267161e-5
50,22,2,3.7364028490578064e-5
50,22,3,3.736402847252444e-5
50,22,4,3.736402848617599e-5
50,22,5,3.7364028489316066e-5
50,22,6,3.736402845987526e-5
50,22,7,3.7364028487964365e-5
50,22,8,3.7364028495343993e-5
50,22,9,3.7364028483624574e-5
50,22,10,3.7364028486952316e-5
50,23,1,3.736402848931578e-5
50,23,2,3.736402845458715e-5
50,23,3,3.7364028463590436e-5
50,23,4,3.73640284886767e-5
50,23,5,3.736402848414739e-5
50,23,6,3.73640284791103e-5
50,23,7,3.7364028435808955e-5
50,23,8,3.7364028491432477e-5
50,23,9,3.736402848485122e-5
50,23,10,3.736402848663434e-5
50,24,1,3.736402845139778e-5
50,24,2,3.736402845878017e-5
50,24,3,3.7364028460268617e-5
50,24,4,3.736402845290774e-5
50,24,5,3.7364027053438045e-5
50,24,6,3.736402849288218e-5
50,24,7,3.7364028489276134e-5
50,24,8,3.7364028497313846e-5
50,24,9,3.7364028451808716e-5
50,24,10,3.736402835693146e-5
51,1,1,5.2564545595797335e-5
51,1,2,5.25645457176126e-5
51,1,3,5.2564545514216055e-5
51,1,4,5.2564545543093014e-5
51,1,5,5.256454573313844e-5
51,1,6,5.2564544027859e-5
51,1,7,5.2564545727054536e-5
51,1,8,5.256454574292512e-5
51,1,9,5.256454548775092e-5
51,1,10,5.25645455536231e-5
51,2,1,5.256454558648303e-5
51,2,2,5.256454555637826e-5
51,2,3,5.256454554503378e-5
51,2,4,5.256454568730727e-5
51,2,5,5.256454556414459e-5
51,2,6,5.256454559057022e-5
51,2,7,5.256454563848193e-5
51,2,8,5.25645455811653e-5
51,2,9,5.2564545688037285e-5
51,2,10,5.256454567747366e-5
51,3,1,5.2564545511066454e-5
51,3,2,5.256454564377474e-5
51,3,3,5.256454571797446e-5
51,3,4,5.256454571009707e-5
51,3,5,5.2564545693643125e-5
51,3,6,5.2564545699694e-5
51,3,7,5.256454556897277e-5
51,3,8,5.25645456669518e-5
51,3,9,5.256454562978667e-5
51,3,10,5.2564545411544745e-5
51,4,1,5.256454573879493e-5
51,4,2,5.256454576972364e-5
51,4,3,5.2564545572769945e-5
51,4,4,5.2564545774421046e-5
51,4,5,5.2564545495343706e-5
51,4,6,5.2564544121354514e-5
51,4,7,5.2564545775654475e-5
51,4,8,5.256454550500316e-5
51,4,9,5.256454547950116e-5
51,4,10,5.256454547578436e-5
51,5,1,5.2564545705801273e-5
51,5,2,5.256454560267143e-5
51,5,3,5.256454534054525e-5
51,5,4,5.25645455668823e-5
51,5,5,5.256454561478521e-5
51,5,6,5.25645455698958e-5
51,5,7,5.2564545769922406e-5
51,5,8,5.256454572902143e-5
51,5,9,5.2564545793577746e-5
51,5,10,5.256454568894085e-5
51,6,1,5.256454569739832e-5
51,6,2,5.2564545732051034e-5
51,6,3,5.256454570919835e-5
51,6,4,5.256454578424554e-5
51,6,5,5.256454564394039e-5
51,6,6,5.256454568582401e-5
51,6,7,5.256454548463724e-5
51,6,8,5.256454569477056e-5
51,6,9,5.256454553282119e-5
51,6,10,5.256454557002529e-5
51,7,1,5.256454604894869e-5
51,7,2,5.256454647823563e-5
51,7,3,5.256454595772037e-5
51,7,4,5.2564546081563615e-5
51,7,5,5.2564546132456777e-5
51,7,6,5.256454624738044e-5
51,7,7,5.256454625735487e-5
51,7,8,5.256454617567454e-5
51,7,9,5.256454590329756e-5
51,7,10,5.256459082635499e-5
51,8,1,5.2564600894566134e-5
51,8,2,0.00046234230249688824
51,8,3,5.256460107758407e-5
51,8,4,5.256460093858516e-5
51,8,5,5.256460277261377e-5
51,8,6,5.256504780106349e-5
51,8,7,5.256460422946455e-5
51,8,8,5.2564556431116786e-5
51,8,9,5.2564600651665755e-5
51,8,10,0.002745067920940635
51,9,1,5.256460582015069e-5
51,9,2,5.256460493738945e-5
51,9,3,0.003793531402962974
51,9,4,0.0034610508108840117
51,9,5,5.256460515063352e-5
51,9,6,5.256460532834581e-5
51,9,7,5.256460873173507e-5
51,9,8,5.2564564070481025e-5
51,9,9,5.256460455347412e-5
51,9,10,5.2564611353616494e-5
51,10,1,5.2564617420383436e-5
51,10,2,5.256464150772861e-5
51,10,3,5.256461732479139e-5
51,10,4,5.256461735662879e-5
51,10,5,5.2564618313816583e-5
51,10,6,5.256461818436785e-5
51,10,7,5.256461750533792e-5
51,10,8,0.003976115586632333
51,10,9,5.256461716992635e-5
51,10,10,5.256461884473932e-5
51,11,1,5.256462662000166e-5
51,11,2,5.256463701054185e-5
51,11,3,5.256462651079022e-5
51,11,4,5.25646266100805e-5
51,11,5,5.2564626576033036e-5
51,11,6,5.256462586247913e-5
51,11,7,5.256462682556505e-5
51,11,8,5.256465303956712e-5
51,11,9,5.256462747850673e-5
51,11,10,5.2564627111459163e-5
51,12,1,5.256462863064191e-5
51,12,2,5.2564629130264405e-5
51,12,3,5.256462903401304e-5
51,12,4,5.2564629105875074e-5
51,12,5,5.256462953523879e-5
51,12,6,5.256462938525529e-5
51,12,7,5.256462866938016e-5
51,12,8,5.2564637067198745e-5
51,12,9,5.256462859079253e-5
51,12,10,5.256462914661351e-5
51,13,1,5.25646285741222e-5
51,13,2,5.256462773467326e-5
51,13,3,5.256462904661093e-5
51,13,4,5.2564628921610944e-5
51,13,5,5.256462836786387e-5
51,13,6,5.2564628185241455e-5
51,13,7,5.256462870629427e-5
51,13,8,5.2564636991005326e-5
51,13,9,5.256462883986372e-5
51,13,10,5.2564629168251495e-5
51,14,1,5.256462781040461e-5
51,14,2,5.256462815734283e-5
51,14,3,5.2564627778895566e-5
51,14,4,5.2564627875762904e-5
51,14,5,5.256462865962522e-5
51,14,6,5.2564627202404644e-5
51,14,7,5.256463000782502e-5
51,14,8,5.256464418919987e-5
51,14,9,5.2564627895887045e-5
51,14,10,5.2564628387469656e-5
51,15,1,5.256462055531453e-5
51,15,2,5.256463710213726e-5
51,15,3,5.256462078315752e-5
51,15,4,5.256462077231545e-5
51,15,5,5.2564621584525726e-5
51,15,6,5.256462144364955e-5
51,15,7,5.256462148992056e-5
51,15,8,5.256481945318318e-5
51,15,9,5.25646204673393e-5
51,15,10,5.256462343359335e-5
51,16,1,5.256461238099316e-5
51,16,2,5.2564853467059944e-5
51,16,3,5.2564612338272685e-5
51,16,4,5.256461220841943e-5
51,16,5,5.25646116632082e-5
51,16,6,5.256461168782719e-5
51,16,7,5.256461186883694e-5
51,16,8,0.0032881145093976312
51,16,9,5.2564612475125054e-5
51,16,10,5.256461377346822e-5
51,17,1,5.256458931741315e-5
51,17,2,0.0002933122892456554
51,17,3,5.2564589506397555e-5
51,17,4,5.256458944228231e-5
51,17,5,5.256454622708104e-5
51,17,6,5.256454616524947e-5
51,17,7,5.256454483200343e-5
51,17,8,0.0005959255454905095
51,17,9,5.25645897171693e-5
51,17,10,0.0007460391007179058
51,18,1,5.2564545766291555e-5
51,18,2,5.256454582711744e-5
51,18,3,5.256454585558043e-5
51,18,4,5.2564545789399055e-5
51,18,5,5.2564545759462166e-5
51,18,6,5.2564545644959656e-5
51,18,7,5.256454566569282e-5
51,18,8,5.256454577587003e-5
51,18,9,5.2564545750629394e-5
51,18,10,5.2564545621703357e-5
51,19,1,5.256454576042069e-5
51,19,2,5.2564545757208225e-5
51,19,3,5.256454563783166e-5
51,19,4,5.256454563344604e-5
51,19,5,5.256454559037714e-5
51,19,6,5.256454563731346e-5
51,19,7,5.256454572546851e-5
51,19,8,5.2564545676255694e-5
51,19,9,5.256454578664012e-5
51,19,10,5.2564545715092486e-5
51,20,1,5.256454570680231e-5
51,20,2,5.256454569903002e-5
51,20,3,5.256454560173805e-5
51,20,4,5.256454576562956e-5
51,20,5,5.25645454839992e-5
51,20,6,5.256454558773845e-5
51,20,7,5.256454557387705e-5
51,20,8,5.256454572079236e-5
51,20,9,5.2564545562736196e-5
51,20,10,5.2564545779969796e-5
51,21,1,5.2564545715787724e-5
51,21,2,5.25645457094015e-5
51,21,3,5.25645455673577e-5
51,21,4,5.256454554087884e-5
51,21,5,5.256454578721689e-5
51,21,6,5.256454564385257e-5
51,21,7,5.256454572925562e-5
51,21,8,5.256454572270523e-5
51,21,9,5.25645455595897e-5
51,21,10,5.256454566613979e-5
51,22,1,5.256454553876935e-5
51,22,2,5.2564545706796435e-5
51,22,3,5.2564545632797794e-5
51,22,4,5.256454570253591e-5
51,22,5,5.256454557269634e-5
51,22,6,5.256454564567438e-5
51,22,7,5.2564545536839945e-5
51,22,8,5.2564545646070875e-5
51,22,9,5.256454573394974e-5
51,22,10,5.256454557130466e-5
51,23,1,5.256454569223857e-5
51,23,2,5.2564545674888366e-5
51,23,3,5.2564545640513255e-5
51,23,4,5.2564545873221184e-5
51,23,5,5.256454574398432e-5
51,23,6,5.256454560309697e-5
51,23,7,5.256454562606147e-5
51,23,8,5.256454567843185e-5
51,23,9,5.256454567195544e-5
51,23,10,5.25645457396209e-5
51,24,1,5.256454562854351e-5
51,24,2,5.2564545620523473e-5
51,24,3,5.2564545779498364e-5
51,24,4,5.256454548591097e-5
51,24,5,5.256454399389776e-5
51,24,6,5.256454556726381e-5
51,24,7,5.2564545586216295e-5
51,24,8,5.256454571829776e-5
51,24,9,5.256454567293075e-5
51,24,10,5.256454567279185e-5
52,1,1,0.00010501814481377804
52,1,2,0.00010501814490851312
52,1,3,0.00010501814485579963
52,1,4,0.00010501814463762722
52,1,5,0.00010501814512161847
52,1,6,0.0001050181436765626
52,1,7,0.00010501814512106237
52,1,8,0.00010501814493482996
52,1,9,0.00010501814525433084
52,1,10,0.00010501814481534943
52,2,1,0.00010501814536574919
52,2,2,0.00010501814486647659
52,2,3,0.00010501814514015237
52,2,4,0.00010501814490667786
52,2,5,0.00010501814479880296
52,2,6,0.00010501814470613864
52,2,7,0.00010501814505627636
52,2,8,0.00010501814512216277
52,2,9,0.00010501814469375182
52,2,10,0.00010501814506816277
52,3,1,0.000105018144593188
52,3,2,0.00010501814520276803
52,3,3,0.00010501814487229807
52,3,4,0.00010501814543573494
52,3,5,0.00010501814522347905
52,3,6,0.0001050181448315057
52,3,7,0.00010501814510983604
52,3,8,0.00010501814520940035
52,3,9,0.00010501814522521506
52,3,10,0.00010501814517329116
52,4,1,0.00010501814493509771
52,4,2,0.00010501814518081758
52,4,3,0.00010501814539486205
52,4,4,0.00010501814528498363
52,4,5,0.00010501814530529761
52,4,6,0.00010501814357911411
52,4,7,0.00010501814499066714
52,4,8,0.00010501814484742482
52,4,9,0.00010501814512216732
52,4,10,0.00010501814510346698
52,5,1,0.00010501814484764935
52,5,2,0.00010501814508005066
52,5,3,0.00010501814523780983
52,5,4,0.00010501814508411919
52,5,5,0.00010501814518028705
52,5,6,0.00010501814514241017
52,5,7,0.0001050181448544686
52,5,8,0.0001050181449759224
52,5,9,0.00010501814510241067
52,5,10,0.00010501814528909819
52,6,1,0.00010501814539215615
52,6,2,0.0001050181451153241
52,6,3,0.00010501814508243739
52,6,4,0.00010501814520956115
52,6,5,0.00010501814484796307
52,6,6,0.00010501814473484058
52,6,7,0.00010501814519144752
52,6,8,0.00010501814538729907
52,6,9,0.00010501814467037508
52,6,10,0.00010501814500084804
52,7,1,0.00010501814562326398
52,7,2,0.00010501814554767454
52,7,3,0.000105018145232691
52,7,4,0.00010501814574130011
52,7,5,0.00010501814599070278
52,7,6,0.00010501814548249602
52,7,7,0.00010501814581121665
52,7,8,0.00010501814617738506
52,7,9,0.00010501814549068152
52,7,10,0.00010501819000033429
52,8,1,0.00010501819994154942
52,8,2,0.0004989097577385467
52,8,3,0.00010501820012740613
52,8,4,0.0001050182005262234
52,8,5,0.00010501820272955171
52,8,6,0.00010501864446727943
52,8,7,0.00010501820321949412
52,8,8,0.0001050181558675985
52,8,9,0.00010501820008175996
52,8,10,0.0027796041923606406
52,9,1,0.00010501820499335092
52,9,2,0.00010501822596967006
52,9,3,0.003829209501453296
52,9,4,0.0035121279026966833
52,9,5,0.00010501820471233754
52,9,6,0.00010501820466320258
52,9,7,0.00010501820812102095
52,9,8,0.00010501816312457921
52,9,9,0.00010501820387363247
52,9,10,0.00010501821079352387
52,10,1,0.00010501821701383731
52,10,2,0.00010501824037213415
52,10,3,0.00010501821665255331
52,10,4,0.00010501821671043
52,10,5,0.00010501821756848287
52,10,6,0.00010501821778118842
52,10,7,0.00010501821677066526
52,10,8,0.004012280655264627
52,10,9,0.0001050182168392917
52,10,10,0.00010501821846820532
52,11,1,0.00010501822608418335
52,11,2,0.00010501823633399864
52,11,3,0.00010501822659915145
52,11,4,0.00010501822581943099
52,11,5,0.00010501822607797122
52,11,6,0.00010501822541476638
52,11,7,0.00010501822598562235
52,11,8,0.00010501825200756063
52,11,9,0.00010501822703303947
52,11,10,0.00010501822667613956
52,12,1,0.0001050182282705085
52,12,2,0.00010501822831111687
52,12,3,0.00010501822831051523
52,12,4,0.00010501822848167153
52,12,5,0.00010501822918615226
52,12,6,0.00010501822925700358
52,12,7,0.0001050182283645207
52,12,8,0.00010501823618356677
52,12,9,0.00010501822856830617
52,12,10,0.000105018228760047
52,13,1,0.00010501822832908667
52,13,2,0.00010501822713359236
52,13,3,0.00010501822875858914
52,13,4,0.00010501822834269979
52,13,5,0.00010501822787397977
52,13,6,0.00010501822763569303
52,13,7,0.00010501822786398554
52,13,8,0.00010501823635302702
52,13,9,0.00010501822783653469
52,13,10,0.0001050182284990542
52,14,1,0.00010501822723182281
52,14,2,0.0001050182280507069
52,14,3,0.00010501822729941019
52,14,4,0.0001050182271130263
52,14,5,0.00010501822808069362
52,14,6,0.00010501822628388924
52,14,7,0.00010501822917584439
52,14,8,0.00010501824329237518
52,14,9,0.00010501822681983936
52,14,10,0.00010501822804075093
52,15,1,0.00010501821972031427
52,15,2,0.00010501823574203558
52,15,3,0.00010501822025804436
52,15,4,0.00010501822001739402
52,15,5,0.00010501822091830649
52,15,6,0.00010501822131266323
52,15,7,0.00010501822119555854
52,15,8,0.00010501841797142759
52,15,9,0.00010501822035774562
52,15,10,0.0001050182224320198
52,16,1,0.00010501821148725877
52,16,2,0.000105018452167825
52,16,3,0.000105018212258623
52,16,4,0.00010501821164970445
52,16,5,0.00010501821165002281
52,16,6,0.00010501821113289661
52,16,7,0.00010501821113933841
52,16,8,0.0033296980188342383
52,16,9,0.00010501821150398405
52,16,10,0.00010501821257839586
52,17,1,0.00010501818849182579
52,17,2,0.00033236355355116266
52,17,3,0.00010501818887069651
52,17,4,0.0001050181890002292
52,17,5,0.0001050181457096377
52,17,6,0.00010501814584395297
52,17,7,0.00010501814422236554
52,17,8,0.0006313214487079358
52,17,9,0.00010501818924287936
52,17,10,0.0007817010630078736
52,18,1,0.0001050181451982429
52,18,2,0.00010501814498766521
52,18,3,0.00010501814533370014
52,18,4,0.00010501814527619028
52,18,5,0.00010501814529078776
52,18,6,0.00010501814518322826
52,18,7,0.00010501814469503412
52,18,8,0.00010501814541714243
52,18,9,0.00010501814473700475
52,18,10,0.00010501814495184884
52,19,1,0.00010501814483576962
52,19,2,0.00010501814519704836
52,19,3,0.00010501814534771179
52,19,4,0.0001050181449545067
52,19,5,0.00010501814520776709
52,19,6,0.00010501814534004027
52,19,7,0.00010501814500914035
52,19,8,0.00010501814497573315
52,19,9,0.00010501814539429208
52,19,10,0.00010501814535986713
52,20,1,0.00010501814485613519
52,20,2,0.00010501814503624228
52,20,3,0.0001050181450614931
52,20,4,0.00010501814492671969
52,20,5,0.00010501814509726697
52,20,6,0.0001050181450800645
52,20,7,0.00010501814505563645
52,20,8,0.00010501814509026123
52,20,9,0.00010501814554642057
52,20,10,0.00010501814477248097
52,21,1,0.00010501814522444189
52,21,2,0.00010501814514047066
52,21,3,0.00010501814473140192
52,21,4,0.00010501814538402993
52,21,5,0.00010501814514030378
52,21,6,0.00010501814516928683
52,21,7,0.00010501814519227837
52,21,8,0.00010501814486859195
52,21,9,0.00010501814487652853
52,21,10,0.00010501814491409719
52,22,1,0.00010501814495130236
52,22,2,0.00010501814523750886
52,22,3,0.00010501814511698613
52,22,4,0.00010501814500107647
52,22,5,0.00010501814500343018
52,22,6,0.00010501814510904046
52,22,7,0.00010501814513897288
52,22,8,0.00010501814522004
52,22,9,0.00010501814496261754
52,22,10,0.00010501814504485628
52,23,1,0.00010501814531867422
52,23,2,0.00010501814538201509
52,23,3,0.0001050181444960256
52,23,4,0.00010501814526834815
52,23,5,0.00010501814513301078
52,23,6,0.00010501814496353632
52,23,7,0.0001050181449750595
52,23,8,0.0001050181449964157
52,23,9,0.00010501814484558
52,23,10,0.00010501814529621996
52,24,1,0.00010501814514488845
52,24,2,0.00010501814530554507
52,24,3,0.00010501814519388578
52,24,4,0.00010501814466804492
52,24,5,0.0001050181437475671
52,24,6,0.0001050181451540865
52,24,7,0.00010501814472340561
52,24,8,0.00010501814489442106
52,24,9,0.00010501814509648588
52,24,10,0.00010501814471233322
53,1,1,0.0005761385754441513
53,1,2,0.0005761385742467471
53,1,3,0.0005761385728145288
53,1,4,0.000576138572161611
53,1,5,0.0005761385741076507
53,1,6,0.0005761385832423855
53,1,7,0.000576138574437859
53,1,8,0.0005761385742291094
53,1,9,0.0005761385765409391
53,1,10,0.0005761385756923485
53,2,1,0.0005761385745086916
53,2,2,0.0005761385767348775
53,2,3,0.0005761385730422184
53,2,4,0.0005761385764487674
53,2,5,0.0005761385749286754
53,2,6,0.0005761385740402691
53,2,7,0.0005761385750556896
53,2,8,0.000576138576538807
53,2,9,0.0005761385738852114
53,2,10,0.0005761385714665428
53,3,1,0.0005761385746671353
53,3,2,0.0005761385752299388
53,3,3,0.0005761385775637073
53,3,4,0.000576138572201862
53,3,5,0.0005761385740676693
53,3,6,0.0005761385775749513
53,3,7,0.0005761385708137985
53,3,8,0.0005761385728412265
53,3,9,0.0005761385751308468
53,3,10,0.0005761385742860608
53,4,1,0.0005761385744209369
53,4,2,0.0005761385716021293
53,4,3,0.0005761385776328822
53,4,4,0.0005761385745592281
53,4,5,0.000576138575357284
53,4,6,0.0005761385841097875
53,4,7,0.0005761385761458824
53,4,8,0.0005761385769995626
53,4,9,0.0005761385765051313
53,4,10,0.0005761385772803321
53,5,1,0.0005761385743919007
53,5,2,0.0005761385725574475
53,5,3,0.000576138576284512
53,5,4,0.0005761385747675265
53,5,5,0.0005761385744593945
53,5,6,0.0005761385734831093
53,5,7,0.0005761385740723957
53,5,8,0.0005761385750259838
53,5,9,0.0005761385759424718
53,5,10,0.000576138575748852
53,6,1,0.0005761385735899958
53,6,2,0.0005761385738836204
53,6,3,0.0005761385738296764
53,6,4,0.0005761385717938716
53,6,5,0.0005761385742652978
53,6,6,0.0005761385749829117
53,6,7,0.0005761385759627708
53,6,8,0.0005761385715411229
53,6,9,0.0005761385725668913
53,6,10,0.0005761385739358125
53,7,1,0.0005761385722016245
53,7,2,0.0005761385704138673
53,7,3,0.0005761385703654137
53,7,4,0.0005761385713386653
53,7,5,0.0005761385697293674
53,7,6,0.0005761385678031153
53,7,7,0.000576138571301139
53,7,8,0.00057613856922015
53,7,9,0.0005761385720281611
53,7,10,0.0005761385818647348
53,8,1,0.00042563725898834296
53,8,2,0.0007196118514837543
53,8,3,0.0004399161866035783
53,8,4,0.0004399161635162615
53,8,5,0.00037364769681988284
53,8,6,0.0004742964663639683
53,8,7,0.00035870675701482233
53,8,8,0.00048060747510966274
53,8,9,0.00045245140460367547
53,8,10,0.0029959651749019408
53,9,1,0.000537134160464835
53,9,2,0.000576138526719541
53,9,3,0.004027010985882302
53,9,4,0.003712863693144336
53,9,5,0.0005761385468635638
53,9,6,0.000576138551261774
53,9,7,0.0005155868995298903
53,9,8,0.0004708951579970852
53,9,9,0.0005761385547038559
53,9,10,0.0004370140707223644
53,10,1,0.00038068746052578135
53,10,2,0.00010771596045079406
53,10,3,0.00038586534629419806
53,10,4,0.0003858653488086961
53,10,5,0.00016220914576347038
53,10,6,0.0002215735302823134
53,10,7,0.00038357585020395475
53,10,8,0.004133521720050806
53,10,9,0.0004120796413482981
53,10,10,9.609749627185218e-5
53,11,1,0.0002905318556890205
53,11,2,6.956242071164279e-5
53,11,3,0.00029719698468811317
53,11,4,0.0002971970354840873
53,11,5,0.00033329454984649997
53,11,6,0.00041027551273225806
53,11,7,0.00030593267997419855
53,11,8,0.0002612221936658167
53,11,9,0.00010971977748340666
53,11,10,0.0002288996456958298
53,12,1,0.00027169271518786805
53,12,2,0.00023286732690291199
53,12,3,0.00025709176137498393
53,12,4,0.0002570917734348395
53,12,5,0.00011683722236965732
53,12,6,0.00014193330364368229
53,12,7,0.0003085560329271598
53,12,8,0.00023453209042490403
53,12,9,0.00028342318593641436
53,12,10,0.00020441433256019023
53,13,1,0.0002763696635034978
53,13,2,0.0005761383981422075
53,13,3,0.0002621681127800947
53,13,4,0.00026216810094664255
53,13,5,0.0003696612837397222
53,13,6,0.00040179749526123015
53,13,7,0.0003423619462649259
53,13,8,0.0002489644139693487
53,13,9,0.0002885379563679364
53,13,10,0.00022336308111057317
53,14,1,0.00031515828370933793
53,14,2,0.00031459682943694794
53,14,3,0.0003054575695134442
53,14,4,0.00030545756424702435
53,14,5,0.0001993157098047376
53,14,6,0.00047230801418301935
53,14,7,0.00018230153361381617
53,14,8,0.0003064852602540937
53,14,9,0.00033198888150746486
53,14,10,0.000280817061798524
53,15,1,0.0004215870164691949
53,15,2,0.00017896985823223153
53,15,3,0.0004119771519487188
53,15,4,0.00041197714681764707
53,15,5,0.00029111962409661337
53,15,6,0.0002791425559845946
53,15,7,0.00027468372250195324
53,15,8,0.0004270492877510624
53,15,9,0.0004379503793443797
53,15,10,0.00015732269066280965
53,16,1,0.0003040839787571713
53,16,2,0.00032788936460702674
53,16,3,0.0002931770464458853
53,16,4,0.00029317704515319774
53,16,5,0.0004296793790670831
53,16,6,0.00041406735322397574
53,16,7,0.000416117850716254
53,16,8,0.0035328063521382004
53,16,9,0.00030886146213695756
53,16,10,0.00029487466658093583
53,17,1,0.0005279923963426796
53,17,2,0.0007497026227818797
53,17,3,0.0005158086919794528
53,17,4,0.0005158086886555494
53,17,5,0.0005761385723766632
53,17,6,0.0005761385695770155
53,17,7,0.0005761385826968834
53,17,8,0.0009971364771533897
53,17,9,0.0005261506476992002
53,17,10,0.0011242640266404462
53,18,1,0.0005761385726160683
53,18,2,0.0005761385742415996
53,18,3,0.0005761385725430127
53,18,4,0.0005761385738796439
53,18,5,0.0005761385762211694
53,18,6,0.0005761385741688334
53,18,7,0.0005761385752405421
53,18,8,0.0005761385730943896
53,18,9,0.0005761385745736405
53,18,10,0.0005761385750165151
53,19,1,0.000576138574274749
53,19,2,0.0005761385731074792
53,19,3,0.0005761385766902484
53,19,4,0.0005761385735582463
53,19,5,0.0005761385741022487
53,19,6,0.0005761385744904289
53,19,7,0.0005761385748207016
53,19,8,0.0005761385759772379
53,19,9,0.0005761385730553575
53,19,10,0.0005761385745640934
53,20,1,0.0005761385744438033
53,20,2,0.0005761385759750701
53,20,3,0.000576138572953582
53,20,4,0.0005761385757897115
53,20,5,0.0005761385744405919
53,20,6,0.0005761385738886684
53,20,7,0.000576138574415405
53,20,8,0.0005761385759283484
53,20,9,0.0005761385734976914
53,20,10,0.0005761385758209918
53,21,1,0.0005761385734857288
53,21,2,0.0005761385725306424
53,21,3,0.00057613857615741
53,21,4,0.0005761385732849668
53,21,5,0.0005761385737895591
53,21,6,0.0005761385750771374
53,21,7,0.0005761385743382181
53,21,8,0.000576138574404934
53,21,9,0.000576138573456762
53,21,10,0.0005761385757539391
53,22,1,0.0005761385722698457
53,22,2,0.0005761385742834395
53,22,3,0.0005761385732041676
53,22,4,0.0005761385723018123
53,22,5,0.0005761385741897167
53,22,6,0.0005761385750990681
53,22,7,0.0005761385741269112
53,22,8,0.0005761385745162068
53,22,9,0.0005761385720099819
53,22,10,0.0005761385734247101
53,23,1,0.0005761385751032521
53,23,2,0.0005761385720703423
53,23,3,0.0005761385733431092
53,23,4,0.0005761385768760365
53,23,5,0.0005761385735923917
53,23,6,0.000576138576649232
53,23,7,0.0005761385742429676
53,23,8,0.0005761385747871828
53,23,9,0.0005761385762285402
53,23,10,0.0005761385728108146
53,24,1,0.0005761385754621853
53,24,2,0.0005761385735963088
53,24,3,0.000576138573563089
53,24,4,0.0005761385733027688
53,24,5,0.0005761385830967749
53,24,6,0.0005761385765045494
53,24,7,0.0005761385752457043
53,24,8,0.0005761385742373218
53,24,9,0.0005761385744781167
53,24,10,0.0005761385580271196
54,1,1,2.6220116827928767e-5
54,1,2,2.6220116797584543e-5
54,1,3,2.6220116806794116e-5
54,1,4,2.6220116799883594e-5
54,1,5,2.622011679784157e-5
54,1,6,2.622011619866364e-5
54,1,7,2.622011679671199e-5
54,1,8,2.6220116799563547e-5
54,1,9,2.622011680012732e-5
54,1,10,2.622011679813297e-5
54,2,1,2.6220116804639657e-5
54,2,2,2.62201168063056e-5
54,2,3,2.6220116806299262e-5
54,2,4,2.622011680537285e-5
54,2,5,2.6220116805202303e-5
54,2,6,2.6220116805753356e-5
54,2,7,2.622011683472769e-5
54,2,8,2.622011679692254e-5
54,2,9,2.622011679571164e-5
54,2,10,2.6220116893747804e-5
54,3,1,2.6220116806182083e-5
54,3,2,2.6220116827226952e-5
54,3,3,2.622011680675265e-5
54,3,4,2.6220116798445122e-5
54,3,5,2.6220116797429024e-5
54,3,6,2.6220116798083462e-5
54,3,7,2.6220116799737565e-5
54,3,8,2.622011682565629e-5
54,3,9,2.622011679755528e-5
54,3,10,2.6220116798652e-5
54,4,1,2.6220116795685583e-5
54,4,2,2.6220116796167223e-5
54,4,3,2.622011680599281e-5
54,4,4,2.622011679684559e-5
54,4,5,2.6220116797612055e-5
54,4,6,2.6220116198606844e-5
54,4,7,2.6220116797551126e-5
54,4,8,2.6220116807730853e-5
54,4,9,2.622011683550885e-5
54,4,10,2.6220116796336765e-5
54,5,1,2.622011680310122e-5
54,5,2,2.6220116834887166e-5
54,5,3,2.622011680598384e-5
54,5,4,2.6220116795941807e-5
54,5,5,2.6220116829962208e-5
54,5,6,2.6220116834715046e-5
54,5,7,2.622011679552374e-5
54,5,8,2.6220116797195907e-5
54,5,9,2.622011683372734e-5
54,5,10,2.6220116828287766e-5
54,6,1,2.622011680702267e-5
54,6,2,2.6220116805078088e-5
54,6,3,2.6220116809100176e-5
54,6,4,2.6220116810634668e-5
54,6,5,2.622011680658037e-5
54,6,6,2.6220116804447682e-5
54,6,7,2.6220116807987507e-5
54,6,8,2.62201168070891e-5
54,6,9,2.622011680473868e-5
54,6,10,2.6220116810435293e-5
54,7,1,2.62201171151294e-5
54,7,2,2.622011739972313e-5
54,7,3,2.6220117066667574e-5
54,7,4,2.6220117066976613e-5
54,7,5,2.6220117219364393e-5
54,7,6,2.6220117093007965e-5
54,7,7,2.6220117276315395e-5
54,7,8,2.6220117197365354e-5
54,7,9,2.6220117055588007e-5
54,7,10,2.622016129119333e-5
54,8,1,2.622017150416192e-5
54,8,2,0.0004445170566477113
54,8,3,2.6220171419936662e-5
54,8,4,2.6220171557964696e-5
54,8,5,2.6220173292571278e-5
54,8,6,2.6220621850546052e-5
54,8,7,2.6220174480411103e-5
54,8,8,2.6220127210677647e-5
54,8,9,2.6220171328402528e-5
54,8,10,0.002724983048467399
54,9,1,2.6220176572561155e-5
54,9,2,2.6220166517115116e-5
54,9,3,0.0037726672552699024
54,9,4,0.003467539302983906
54,9,5,2.6220175752905203e-5
54,9,6,2.6220175683222533e-5
54,9,7,2.6220179271576194e-5
54,9,8,2.6220134742390368e-5
54,9,9,2.6220175104236154e-5
54,9,10,2.6220181790944484e-5
54,10,1,2.6220187798257972e-5
54,10,2,2.6220212019191235e-5
54,10,3,2.6220187883562125e-5
54,10,4,2.6220187880693106e-5
54,10,5,2.6220188865560106e-5
54,10,6,2.6220188687375633e-5
54,10,7,2.622018805396456e-5
54,10,8,0.003955038100820429
54,10,9,2.6220187709796447e-5
54,10,10,2.6220189394660846e-5
54,11,1,2.622019705380221e-5
54,11,2,2.622020752047143e-5
54,11,3,2.6220197096938098e-5
54,11,4,2.6220197036805274e-5
54,11,5,2.6220196968604658e-5
54,11,6,2.6220196548337382e-5
54,11,7,2.6220197180757338e-5
54,11,8,2.622022342584573e-5
54,11,9,2.6220197881967065e-5
54,11,10,2.6220197543923886e-5
54,12,1,2.6220199256437782e-5
54,12,2,2.622019971564348e-5
54,12,3,2.622019947633851e-5
54,12,4,2.6220199417330857e-5
54,12,5,2.622020019486638e-5
54,12,6,2.62202000699866e-5
54,12,7,2.6220199314402415e-5
54,12,8,2.6220207721850662e-5
54,12,9,2.6220199144901185e-5
54,12,10,2.6220199748939106e-5
54,13,1,2.6220199237346364e-5
54,13,2,2.6220198276411873e-5
54,13,3,2.6220199455102767e-5
54,13,4,2.622019936744884e-5
54,13,5,2.622019888601302e-5
54,13,6,2.622019871478038e-5
54,13,7,2.6220199092300185e-5
54,13,8,2.622020757308948e-5
54,13,9,2.6220199219514017e-5
54,13,10,2.6220199749025554e-5
54,14,1,2.622019833691495e-5
54,14,2,2.6220198622592582e-5
54,14,3,2.622019845898409e-5
54,14,4,2.622019842708438e-5
54,14,5,2.6220199104354084e-5
54,14,6,2.6220197542783844e-5
54,14,7,2.622020043639875e-5
54,14,8,2.6220214646795177e-5
54,14,9,2.622019830827888e-5
54,14,10,2.6220198831861206e-5
54,15,1,2.6220191180695718e-5
54,15,2,2.6220207076825684e-5
54,15,3,2.622019131915239e-5
54,15,4,2.6220191221368414e-5
54,15,5,2.6220192001408973e-5
54,15,6,2.6220192145923345e-5
54,15,7,2.622019219582673e-5
54,15,8,2.622039070189324e-5
54,15,9,2.6220191076736878e-5
54,15,10,2.6220193811960333e-5
54,16,1,2.6220183295658053e-5
54,16,2,2.6220425300754836e-5
54,16,3,2.6220182978509392e-5
54,16,4,2.622018290280044e-5
54,16,5,2.6220182385727394e-5
54,16,6,2.6220182464469274e-5
54,16,7,2.6220182456592847e-5
54,16,8,0.0032740442808272523
54,16,9,2.622018285412316e-5
54,16,10,2.622018447087969e-5
54,17,1,2.622015993809026e-5
54,17,2,0.0002747586946846682
54,17,3,2.622016011571669e-5
54,17,4,2.622015994414933e-5
54,17,5,2.62201171449004e-5
54,17,6,2.622011719670858e-5
54,17,7,2.6220116428802288e-5
54,17,8,0.0005783610780368824
54,17,9,2.6220160560190123e-5
54,17,10,0.0007270626268641956
54,18,1,2.6220116837126708e-5
54,18,2,2.622011682901254e-5
54,18,3,2.6220116838393876e-5
54,18,4,2.6220116842664087e-5
54,18,5,2.622011682825188e-5
54,18,6,2.6220116844988556e-5
54,18,7,2.6220116849035045e-5
54,18,8,2.622011683411298e-5
54,18,9,2.622011683599938e-5
54,18,10,2.6220116865246782e-5
54,19,1,2.6220116797235752e-5
54,19,2,2.622011682801966e-5
54,19,3,2.6220116909654886e-5
54,19,4,2.622011679826439e-5
54,19,5,2.622011682930805e-5
54,19,6,2.622011679703746e-5
54,19,7,2.6220116829762156e-5
54,19,8,2.6220116798286198e-5
54,19,9,2.6220116828995025e-5
54,19,10,2.6220116827177062e-5
54,20,1,2.6220116834458977e-5
54,20,2,2.6220116835004453e-5
54,20,3,2.6220116805096458e-5
54,20,4,2.622011683512452e-5
54,20,5,2.6220116807821712e-5
54,20,6,2.6220116893110625e-5
54,20,7,2.622011680488227e-5
54,20,8,2.6220116796384785e-5
54,20,9,2.6220116842283946e-5
54,20,10,2.62201168354939e-5
54,21,1,2.6220116828403197e-5
54,21,2,2.6220116798092976e-5
54,21,3,2.6220116795779814e-5
54,21,4,2.6220116797355123e-5
54,21,5,2.6220116796485847e-5
54,21,6,2.6220116798516706e-5
54,21,7,2.6220116798976256e-5
54,21,8,2.6220116796088537e-5
54,21,9,2.6220116828109073e-5
54,21,10,2.622011679621377e-5
54,22,1,2.6220116809423828e-5
54,22,2,2.622011679599025e-5
54,22,3,2.6220116796800536e-5
54,22,4,2.6220116797260617e-5
54,22,5,2.6220116806265906e-5
54,22,6,2.6220116798812033e-5
54,22,7,2.6220116798376448e-5
54,22,8,2.622011679664666e-5
54,22,9,2.622011679867785e-5
54,22,10,2.6220116796359916e-5
54,23,1,2.622011679675988e-5
54,23,2,2.6220116826796843e-5
54,23,3,2.6220116793864456e-5
54,23,4,2.6220116794960103e-5
54,23,5,2.6220116797992952e-5
54,23,6,2.622011683213288e-5
54,23,7,2.6220116806494144e-5
54,23,8,2.6220116796546816e-5
54,23,9,2.6220116797481432e-5
54,23,10,2.6220116798018797e-5
54,24,1,2.6220116798632723e-5
54,24,2,2.6220116798924187e-5
54,24,3,2.6220116801165832e-5
54,24,4,2.622011680700832e-5
54,24,5,2.622011620777436e-5
54,24,6,2.6220116796746797e-5
54,24,7,2.6220116796743802e-5
54,24,8,2.622011679615806e-5
54,24,9,2.6220116798638005e-5
54,24,10,2.622011680302842e-5
55,1,1,0.0005276297090742631
55,1,2,0.000527629709078837
55,1,3,0.0005276297090804207
55,1,4,0.0005276297090753576
55,1,5,0.0005276297090764874
55,1,6,0.00046461156493639766
55,1,7,0.0005276297090898227
55,1,8,0.0005276297090711126
55,1,9,0.0005276297090742384
55,1,10,0.0005276297090740298
55,2,1,0.0005276297091078863
55,2,2,0.0005276297091055703
55,2,3,0.0005276297091082751
55,2,4,0.0005276297090790334
55,2,5,0.000527629709108104
55,2,6,0.0005276297091070184
55,2,7,0.0005276297090858312
55,2,8,0.0005276297090869484
55,2,9,0.0005276297090884706
55,2,10,0.000527629709082605
55,3,1,0.0005276297091075862
55,3,2,0.000527629709079436
55,3,3,0.0005276297090782086
55,3,4,0.0005276297091079527
55,3,5,0.0005276297091073125
55,3,6,0.0005276297090790594
55,3,7,0.0005276297090758963
55,3,8,0.0005276297090837032
55,3,9,0.0005276297091058541
55,3,10,0.0005276297090747177
55,4,1,0.0005276297090809198
55,4,2,0.0005276297091076122
55,4,3,0.0005276297091081025
55,4,4,0.0005276297090908943
55,4,5,0.0005276297091074345
55,4,6,0.0004646117673926822
55,4,7,0.000527629709079544
55,4,8,0.0005276297090834574
55,4,9,0.0005276297090858911
55,4,10,0.0005276297090765881
55,5,1,0.0005276297091090603
55,5,2,0.0005276297090873476
55,5,3,0.000527629709107656
55,5,4,0.000527629709076249
55,5,5,0.0005276297091066774
55,5,6,0.0005276297090872835
55,5,7,0.0005276297090769372
55,5,8,0.0005276297090816713
55,5,9,0.0005276297090850343
55,5,10,0.0005276297090798684
55,6,1,0.0005276297091560854
55,6,2,0.0005276297091963982
55,6,3,0.0005276297091597443
55,6,4,0.0005276297091610787
55,6,5,0.0005276297092010147
55,6,6,0.0005276297091490512
55,6,7,0.0005276297091925772
55,6,8,0.0005276297091833443
55,6,9,0.0005276297091521872
55,6,10,0.000527629709211172
55,7,1,0.0005276297114062861
55,7,2,0.000527629712898066
55,7,3,0.0005276297111277398
55,7,4,0.0005276297111270462
55,7,5,0.0005276297125498114
55,7,6,0.0005276297111130314
55,7,7,0.000527629712632393
55,7,8,0.0005276297125694369
55,7,9,0.0005276297110601022
55,7,10,0.0005276297594299101
55,8,1,0.0005276297701222373
55,8,2,0.0008559719240683167
55,8,3,0.0005276297701015066
55,8,4,0.0005276297701225088
55,8,5,0.0005276297724122403
55,8,6,0.0005276302075927999
55,8,7,0.000527629772585006
55,8,8,0.0005276297253826677
55,8,9,0.0005276297698612169
55,8,10,0.0030610783872204823
55,9,1,0.0005276297745469227
55,9,2,0.000527629812823449
55,9,3,0.00410966356041643
55,9,4,0.0037837966480354537
55,9,5,0.0005276297741578014
55,9,6,0.0005276297743002968
55,9,7,0.0005276297772598943
55,9,8,0.0005276297326595298
55,9,9,0.0005276297737159056
55,9,10,0.0005276297803895279
55,10,1,0.0005276297864899786
55,10,2,0.0005276298105511109
55,10,3,0.0005276297864790303
55,10,4,0.0005276297865216599
55,10,5,0.000527629787417938
55,10,6,0.0005276297875038534
55,10,7,0.0005276297865839492
55,10,8,0.004287305112078649
55,10,9,0.0005276297863712523
55,10,10,0.0005276297884335377
55,11,1,0.0005276297958057995
55,11,2,0.0005276298063762294
55,11,3,0.0005276297958927236
55,11,4,0.0005276297957898317
55,11,5,0.0005276297956392947
55,11,6,0.0005276297950466935
55,11,7,0.0005276297959032705
55,11,8,0.0005276298215471049
55,11,9,0.0005276297964993461
55,11,10,0.0005276297963901264
55,12,1,0.0005276297979110633
55,12,2,0.0005276297981886797
55,12,3,0.0005276297983118025
55,12,4,0.0005276297983228194
55,12,5,0.0005276297988852001
55,12,6,0.0005276297987261285
55,12,7,0.0005276297979423285
55,12,8,0.0005276298060902548
55,12,9,0.0005276297979488445
55,12,10,0.0005276297982182534
55,13,1,0.0005276297978375725
55,13,2,0.0005276297967551082
55,13,3,0.0005276297982485861
55,13,4,0.0005276297981549973
55,13,5,0.0005276297974261407
55,13,6,0.0005276297972126157
55,13,7,0.0005276297977660258
55,13,8,0.0005276298060428349
55,13,9,0.0005276297980136975
55,13,10,0.0005276297983042954
55,14,1,0.0005276297971108804
55,14,2,0.0005276297973708284
55,14,3,0.0005276297972231012
55,14,4,0.0005276297971804397
55,14,5,0.0005276297979635355
55,14,6,0.000527629795716445
55,14,7,0.000527629799012211
55,14,8,0.0005276298128933313
55,14,9,0.0005276297970336512
55,14,10,0.0005276297975983052
55,15,1,0.0005276297897370089
55,15,2,0.0005276298060869964
55,15,3,0.0005276297897872946
55,15,4,0.0005276297897461869
55,15,5,0.0005276297907399858
55,15,6,0.0005276297909428769
55,15,7,0.0005276297910046546
55,15,8,0.0005276299856646573
55,15,9,0.0005276297895818932
55,15,10,0.0005276297926577505
55,16,1,0.0005276297815319975
55,16,2,0.0005276300203503618
55,16,3,0.0005276297817491753
55,16,4,0.0005276297816460737
55,16,5,0.0005276297809425485
55,16,6,0.0005276297810632739
55,16,7,0.0005276297810923834
55,16,8,0.0036098848297099087
55,16,9,0.0005276297816489386
55,16,10,0.0005276297829613398
55,17,1,0.000527629758171998
55,17,2,0.0007128578687266565
55,17,3,0.0005276297582907642
55,17,4,0.0005276297582080143
55,17,5,0.0005276297115234152
55,17,6,0.0005276297121659474
55,17,7,0.0005276297005761477
55,17,8,0.0009721518532772792
55,17,9,0.0005276297587866342
55,17,10,0.001109145126236435
55,18,1,0.00052762970954914
55,18,2,0.000527629709464942
55,18,3,0.0005276297095630079
55,18,4,0.0005276297095585233
55,18,5,0.0005276297093341921
55,18,6,0.0005276297092861315
55,18,7,0.0005276297093495749
55,18,8,0.0005276297095139261
55,18,9,0.0005276297095324537
55,18,10,0.0005276297095268221
55,19,1,0.0005276297090896292
55,19,2,0.0005276297090787377
55,19,3,0.0005276297091007767
55,19,4,0.0005276297090902265
55,19,5,0.0005276297090794099
55,19,6,0.0005276297090760696
55,19,7,0.0005276297090785071
55,19,8,0.0005276297090763195
55,19,9,0.0005276297090808771
55,19,10,0.0005276297090792327
55,20,1,0.0005276297090846861
55,20,2,0.0005276297090846532
55,20,3,0.0005276297091081387
55,20,4,0.0005276297090879794
55,20,5,0.0005276297090792275
55,20,6,0.0005276297090832517
55,20,7,0.0005276297090777808
55,20,8,0.0005276297090809608
55,20,9,0.0005276297090864016
55,20,10,0.0005276297090849207
55,21,1,0.00052762970908189
55,21,2,0.0005276297090877292
55,21,3,0.0005276297090763124
55,21,4,0.0005276297090791763
55,21,5,0.0005276297090775615
55,21,6,0.0005276297090907078
55,21,7,0.0005276297090741278
55,21,8,0.0005276297090779247
55,21,9,0.000527629709077267
55,21,10,0.0005276297090777306
55,22,1,0.0005276297090762685
55,22,2,0.0005276297090757502
55,22,3,0.0005276297090727092
55,22,4,0.0005276297090842167
55,22,5,0.000527629709106113
55,22,6,0.0005276297090744726
55,22,7,0.0005276297090813221
55,22,8,0.0005276297090742848
55,22,9,0.0005276297090775017
55,22,10,0.00052762970908752
55,23,1,0.0005276297091079225
55,23,2,0.0005276297090768994
55,23,3,0.0005276297090714916
55,23,4,0.0005276297090771499
55,23,5,0.000527629709078709
55,23,6,0.0005276297090849698
55,23,7,0.0005276297090807387
55,23,8,0.0005276297090757772
55,23,9,0.000527629709076018
55,23,10,0.0005276297090790717
55,24,1,0.0005276297090757355
55,24,2,0.0005276297090731179
55,24,3,0.0005276297090738327
55,24,4,0.0005276297090761815
55,24,5,0.00046461156284458553
55,24,6,0.0005276297090741248
55,24,7,0.0005276297090789983
55,24,8,0.0005276297090739219
55,24,9,0.0005276297090745219
55,24,10,0.0005276297090706048
56,1,1,9.224170615390714e-5
56,1,2,9.224170608450506e-5
56,1,3,9.224170631258611e-5
56,1,4,9.224170554231099e-5
56,1,5,9.22417070337228e-5
56,1,6,0.00011345722780479983
56,1,7,9.224170615760558e-5
56,1,8,9.22417076524587e-5
56,1,9,9.224170805719695e-5
56,1,10,9.2241707690461e-5
56,2,1,9.224170741026885e-5
56,2,2,9.224170920896643e-5
56,2,3,9.224170623892803e-5
56,2,4,9.224170756298538e-5
56,2,5,9.224170773796434e-5
56,2,6,9.224170754613705e-5
56,2,7,9.224170730292498e-5
56,2,8,9.224170813255762e-5
56,2,9,9.224170723489178e-5
56,2,10,9.224169484276122e-5
56,3,1,9.224170682737171e-5
56,3,2,9.22417075295395e-5
56,3,3,9.224170894341061e-5
56,3,4,9.224170659997828e-5
56,3,5,9.224170703753372e-5
56,3,6,9.224170870457441e-5
56,3,7,9.224170524435777e-5
56,3,8,9.224170551114415e-5
56,3,9,9.22417068984544e-5
56,3,10,9.224170615487313e-5
56,4,1,9.224170648324522e-5
56,4,2,9.224170604377725e-5
56,4,3,9.224170924748049e-5
56,4,4,9.22417080195893e-5
56,4,5,9.224170706169106e-5
56,4,6,0.00011345715539314735
56,4,7,9.224170826424582e-5
56,4,8,9.224170855355261e-5
56,4,9,9.224170802862057e-5
56,4,10,9.224170810075656e-5
56,5,1,9.224170768256507e-5
56,5,2,9.22416961188325e-5
56,5,3,9.22417079826021e-5
56,5,4,9.224170754395173e-5
56,5,5,9.224169612457476e-5
56,5,6,9.224170683280224e-5
56,5,7,9.224170646162793e-5
56,5,8,9.22417069077675e-5
56,5,9,9.224170792535661e-5
56,5,10,9.22417079468014e-5
56,6,1,9.224170670019974e-5
56,6,2,9.224170595594815e-5
56,6,3,9.224170686832986e-5
56,6,4,9.224170463805553e-5
56,6,5,9.224170612354095e-5
56,6,6,9.224170713348733e-5
56,6,7,9.224170741237748e-5
56,6,8,9.224170508087769e-5
56,6,9,9.224170684694578e-5
56,6,10,9.224170673264945e-5
56,7,1,9.224170491088848e-5
56,7,2,9.224170324177774e-5
56,7,3,9.224170404644057e-5
56,7,4,9.224170434135529e-5
56,7,5,9.22417031100649e-5
56,7,6,9.224170214944041e-5
56,7,7,9.224170456275009e-5
56,7,8,9.224170178897329e-5
56,7,9,9.224170481330395e-5
56,7,10,9.22417152392951e-5
56,8,1,2.1991509441978183e-5
56,8,2,0.0004364228074679675
56,8,3,2.6934970341194788e-5
56,8,4,2.693493016606541e-5
56,8,5,7.797299218091856e-6
56,8,6,4.047817843121625e-5
56,8,7,4.941586706334075e-6
56,8,8,4.3200818897858865e-5
56,8,9,3.161234484602325e-5
56,8,10,0.0027570276632813626
56,9,1,7.055232077699341e-5
56,9,2,9.224168163849398e-5
56,9,3,0.003818068291245617
56,9,4,0.0034197288481588985
56,9,5,9.224168892863968e-5
56,9,6,9.224169629469462e-5
56,9,7,5.952327667458337e-5
56,9,8,3.903984329599207e-5
56,9,9,9.22416928072499e-5
56,9,10,2.5896461704912113e-5
56,10,1,9.34329924116475e-6
56,10,2,0.00010554599129726025
56,10,3,1.0559459717244592e-5
56,10,4,1.0559460089391709e-5
56,10,5,4.665179336069092e-5
56,10,6,1.3634304124355514e-5
56,10,7,1.0013558711794134e-5
56,10,8,0.0024368444468918097
56,10,9,1.76950135369124e-5
56,10,10,0.0001235354644822555
56,11,1,2.924862598543078e-7
56,11,2,0.00017561078762058988
56,11,3,6.616115663436135e-8
56,11,4,6.615201243268602e-8
56,11,5,1.5041792730143102e-6
56,11,6,1.7153493776987824e-5
56,11,7,1.2138909811840458e-8
56,11,8,3.344126530430757e-6
56,11,9,0.00010268127797764209
56,11,10,1.1130219488300875e-5
56,12,1,1.8514126636471472e-6
56,12,2,9.895027658157388e-6
56,12,3,4.063869253689281e-6
56,12,4,4.0638674002031605e-6
56,12,5,9.301949738018203e-5
56,12,6,6.450425915717913e-5
56,12,7,4.7999971791938464e-8
56,12,8,9.40137140589546e-6
56,12,9,7.173192966236058e-7
56,12,10,2.070957535733267e-5
56,13,1,1.3329537618296502e-6
56,13,2,9.224161119490212e-5
56,13,3,3.1899090843236717e-6
56,13,4,3.1899033949444697e-6
56,13,5,6.977901121637919e-6
56,13,6,1.4706616744829889e-5
56,13,7,2.5162052864239036e-6
56,13,8,5.706051700745272e-6
56,13,9,3.922379053512993e-7
56,13,10,1.2995319998423504e-5
56,14,1,2.41813584124531e-7
56,14,2,2.1965247566693285e-7
56,14,3,8.185580531310245e-9
56,14,4,8.18092202918414e-9
56,14,5,2.316227604882268e-5
56,14,6,3.963466365165075e-5
56,14,7,3.262775053918504e-5
56,14,8,1.7730853792276103e-8
56,14,9,1.3788328883184674e-6
56,14,10,9.218698068050494e-7
56,15,1,2.066652742509475e-5
56,15,2,3.4728032997398545e-5
56,15,3,1.766405558067965e-5
56,15,4,1.7664052770514076e-5
56,15,5,2.6592160279298566e-7
56,15,6,1.0673973963764772e-6
56,15,7,1.5095551221935974e-6
56,15,8,2.246159280579723e-5
56,15,9,2.6229654286187172e-5
56,15,10,5.0587465080987416e-5
56,16,1,1.1225766897679405e-9
56,16,2,1.0196047195460887e-6
56,16,3,1.8306708569737374e-7
56,16,4,1.8306698430030876e-7
56,16,5,2.3348268613061563e-5
56,16,6,1.8300002221484096e-5
56,16,7,1.89331560613691e-5
56,16,8,0.001977816137062613
56,16,9,5.3701905354515263e-8
56,16,10,1.26478901917072e-7
56,17,1,6.57865086079749e-5
56,17,2,0.00031490617791549657
56,17,3,5.963316440468615e-5
56,17,4,5.963316482255349e-5
56,17,5,9.224170447032875e-5
56,17,6,9.224170471917634e-5
56,17,7,9.224171491056658e-5
56,17,8,0.0006080604845915537
56,17,9,6.484164711362486e-5
56,17,10,0.0007532868887747669
56,18,1,9.224170549778667e-5
56,18,2,9.224170660412772e-5
56,18,3,9.22417059553941e-5
56,18,4,9.224170706188101e-5
56,18,5,9.22417074611597e-5
56,18,6,9.224170702428988e-5
56,18,7,9.224170713039375e-5
56,18,8,9.224170642845787e-5
56,18,9,9.224170732560869e-5
56,18,10,9.224170858495799e-5
56,19,1,9.224170824436639e-5
56,19,2,9.224170578541033e-5
56,19,3,9.224170795070935e-5
56,19,4,9.224170579061432e-5
56,19,5,9.224170667252444e-5
56,19,6,9.224170754570973e-5
56,19,7,9.224170763912953e-5
56,19,8,9.224170825985625e-5
56,19,9,9.224170755084718e-5
56,19,10,9.224170724318901e-5
56,20,1,9.224170673299491e-5
56,20,2,9.224170828228883e-5
56,20,3,9.224170555337558e-5
56,20,4,9.224169749529588e-5
56,20,5,9.224170712416197e-5
56,20,6,9.22417070529563e-5
56,20,7,9.224170728811507e-5
56,20,8,9.224170717783842e-5
56,20,9,9.224170700073431e-5
56,20,10,9.224170747636799e-5
56,21,1,9.224169672343471e-5
56,21,2,9.224170553972612e-5
56,21,3,9.22417073373344e-5
56,21,4,9.224170584500553e-5
56,21,5,9.224170635536877e-5
56,21,6,9.22417063594828e-5
56,21,7,9.224170700105624e-5
56,21,8,9.224170696808133e-5
56,21,9,9.22417051942466e-5
56,21,10,9.224170752861127e-5
56,22,1,9.22417054074415e-5
56,22,2,9.224170675436974e-5
56,22,3,9.224170591817877e-5
56,22,4,9.224170642555113e-5
56,22,5,9.22417070290839e-5
56,22,6,9.224170827912169e-5
56,22,7,9.224170757957604e-5
56,22,8,9.224170648966404e-5
56,22,9,9.22417051808674e-5
56,22,10,9.224170798637123e-5
56,23,1,9.224170624802287e-5
56,23,2,9.224170534771989e-5
56,23,3,9.2241707372247e-5
56,23,4,9.22417073075427e-5
56,23,5,9.224170682919687e-5
56,23,6,9.224170786757731e-5
56,23,7,9.224170622495906e-5
56,23,8,9.224170735256494e-5
56,23,9,9.224170805949194e-5
56,23,10,9.224170636247144e-5
56,24,1,9.22417085085827e-5
56,24,2,9.224170538527534e-5
56,24,3,9.224170673356756e-5
56,24,4,9.224170527068726e-5
56,24,5,0.00011345722860306742
56,24,6,9.224170828787242e-5
56,24,7,9.224170885152584e-5
56,24,8,9.224170630572574e-5
56,24,9,9.224170770063659e-5
56,24,10,9.224169883319934e-5
57,1,1,0.0001310417416707295
57,1,2,0.00013104174166586344
57,1,3,0.00013104174167210433
57,1,4,0.0001310417416708302
57,1,5,0.0001310417416689895
57,1,6,0.00010088197571287165
57,1,7,0.00013104174167321523
57,1,8,0.00013104174166563874
57,1,9,0.00013104174167093832
57,1,10,0.00013104174167012233
57,2,1,0.00013104174167079025
57,2,2,0.0001310417416713433
57,2,3,0.00013104174167202304
57,2,4,0.00013104174166609497
57,2,5,0.00013104174167233925
57,2,6,0.0001310417416718733
57,2,7,0.000131041741669197
57,2,8,0.0001310417416695864
57,2,9,0.00013104174167089203
57,2,10,0.00013104174166692558
57,3,1,0.0001310417416719702
57,3,2,0.00013104174167171402
57,3,3,0.00013104174166572377
57,3,4,0.00013104174167482562
57,3,5,0.00013104174167193313
57,3,6,0.0001310417416659073
57,3,7,0.00013104174167081532
57,3,8,0.00013104174166910613
57,3,9,0.00013104174167442685
57,3,10,0.0001310417416703361
57,4,1,0.0001310417416721252
57,4,2,0.00013104174167171678
57,4,3,0.0001310417416721254
57,4,4,0.00013104174167371749
57,4,5,0.0001310417416714943
57,4,6,0.00010088206927916246
57,4,7,0.0001310417416664187
57,4,8,0.00013104174166869606
57,4,9,0.00013104174167303178
57,4,10,0.00013104174166870655
57,5,1,0.00013104174167131164
57,5,2,0.000131041741669687
57,5,3,0.00013104174167231976
57,5,4,0.00013104174166923745
57,5,5,0.00013104174167240454
57,5,6,0.00013104174166919536
57,5,7,0.0001310417416692037
57,5,8,0.00013104174166755447
57,5,9,0.00013104174166900045
57,5,10,0.00013104174167246057
57,6,1,0.00013104174169801692
57,6,2,0.00013104174171099374
57,6,3,0.00013104174169878858
57,6,4,0.00013104174169896617
57,6,5,0.00013104174171126002
57,6,6,0.00013104174169466565
57,6,7,0.00013104174170981518
57,6,8,0.00013104174170585096
57,6,9,0.00013104174169652758
57,6,10,0.00013104174171644012
57,7,1,0.0001310417425042545
57,7,2,0.0001310417430502151
57,7,3,0.00013104174238875053
57,7,4,0.00013104174238888673
57,7,5,0.00013104174285246675
57,7,6,0.00013104174238154226
57,7,7,0.00013104174289366456
57,7,8,0.0001310417428675363
57,7,9,0.00013104174236479885
57,7,10,0.00013104178661126886
57,8,1,0.00013104179708542727
57,8,2,0.0005142782806770115
57,8,3,0.00013104179708145906
57,8,4,0.00013104179712967906
57,8,5,0.00013104179942442502
57,8,6,0.00013104223426259258
57,8,7,0.00013104180008357254
57,8,8,0.00013104175319633097
57,8,9,0.00013104179689971465
57,8,10,0.0027696792513048443
57,9,1,0.00013104180168186652
57,9,2,0.000131041823924305
57,9,3,0.003814407045941189
57,9,4,0.003485598862901016
57,9,5,0.00013104180128764776
57,9,6,0.00013104180122077715
57,9,7,0.0001310418044540213
57,9,8,0.00013104176052045174
57,9,9,0.00013104180071130947
57,9,10,0.00013104180739436776
57,10,1,0.0001310418132794286
57,10,2,0.00013104183717956675
57,10,3,0.00013104181326053819
57,10,4,0.0001310418133049339
57,10,5,0.00013104181440180972
57,10,6,0.0001310418142205042
57,10,7,0.0001310418133984605
57,10,8,0.0039880360594414825
57,10,9,0.00013104181313034394
57,10,10,0.00013104181506301657
57,11,1,0.00013104182242008744
57,11,2,0.00013104183273110438
57,11,3,0.0001310418224943532
57,11,4,0.0001310418224297013
57,11,5,0.0001310418222561014
57,11,6,0.0001310418217707469
57,11,7,0.00013104182249699432
57,11,8,0.0001310418479924898
57,11,9,0.000131041823438351
57,11,10,0.00013104182301098383
57,12,1,0.00013104182460834199
57,12,2,0.0001310418250307837
57,12,3,0.00013104182485732197
57,12,4,0.00013104182482136698
57,12,5,0.00013104182569596143
57,12,6,0.0001310418255790918
57,12,7,0.00013104182456764746
57,12,8,0.00013104183259614837
57,12,9,0.00013104182448071743
57,12,10,0.00013104182504944031
57,13,1,0.00013104182460863196
57,13,2,0.00013104182352821874
57,13,3,0.00013104182485189578
57,13,4,0.00013104182473413592
57,13,5,0.000131041824085653
57,13,6,0.00013104182389600666
57,13,7,0.0001310418244292842
57,13,8,0.00013104183274378239
57,13,9,0.00013104182460391183
57,13,10,0.0001310418251809625
57,14,1,0.00013104182370545097
57,14,2,0.0001310418240028479
57,14,3,0.00013104182385348124
57,14,4,0.00013104182380279484
57,14,5,0.0001310418245636409
57,14,6,0.00013104182271354744
57,14,7,0.00013104182558554086
57,14,8,0.00013104183935097076
57,14,9,0.00013104182365388103
57,14,10,0.00013104182420222717
57,15,1,0.00013104181652263288
57,15,2,0.00013104183251074955
57,15,3,0.00013104181656317727
57,15,4,0.0001310418165157706
57,15,5,0.00013104181744255438
57,15,6,0.00013104181758943456
57,15,7,0.00013104181758601786
57,15,8,0.00013104201150130205
57,15,9,0.00013104181634164146
57,15,10,0.00013104181921048724
57,16,1,0.00013104180869882897
57,16,2,0.00013104204593349786
57,16,3,0.0001310418085892029
57,16,4,0.00013104180843495703
57,16,5,0.000131041807867343
57,16,6,0.0001310418079655316
57,16,7,0.00013104180797276758
57,16,8,0.0033160780420017476
57,16,9,0.0001310418084872285
57,16,10,0.00013104180996757666
57,17,1,0.00013104178551140436
57,17,2,0.000349432094501135
57,17,3,0.00013104178569042362
57,17,4,0.00013104178560545272
57,17,5,0.00013104174255606322
57,17,6,0.00013104174287149696
57,17,7,0.00013104173912881716
57,17,8,0.000643940217623328
57,17,9,0.00013104178616395502
57,17,10,0.0007909225333340206
57,18,1,0.00013104174182852537
57,18,2,0.0001310417418001921
57,18,3,0.00013104174183315725
57,18,4,0.00013104174183363912
57,18,5,0.00013104174175652055
57,18,6,0.00013104174174132408
57,18,7,0.00013104174176275317
57,18,8,0.00013104174181464826
57,18,9,0.0001310417418204955
57,18,10,0.0001310417418195362
57,19,1,0.000131041741673419
57,19,2,0.0001310417416723072
57,19,3,0.0001310417416640765
57,19,4,0.00013104174167365693
57,19,5,0.00013104174167296714
57,19,6,0.00013104174166943518
57,19,7,0.0001310417416726119
57,19,8,0.0001310417416693561
57,19,9,0.00013104174167294705
57,19,10,0.00013104174167228726
57,20,1,0.00013104174166837513
57,20,2,0.00013104174166934528
57,20,3,0.00013104174167084164
57,20,4,0.00013104174166941786
57,20,5,0.00013104174167008126
57,20,6,0.00013104174166676157
57,20,7,0.00013104174167002957
57,20,8,0.00013104174167151035
57,20,9,0.00013104174166707772
57,20,10,0.00013104174166909653
57,21,1,0.00013104174167108293
57,21,2,0.00013104174167245133
57,21,3,0.00013104174166914662
57,21,4,0.00013104174166609904
57,21,5,0.00013104174166836332
57,21,6,0.000131041741672754
57,21,7,0.00013104174166999236
57,21,8,0.0001310417416705808
57,21,9,0.00013104174167073048
57,21,10,0.0001310417416692384
57,22,1,0.0001310417416725953
57,22,2,0.0001310417416688916
57,22,3,0.000131041741666509
57,22,4,0.00013104174166734953
57,22,5,0.00013104174167113356
57,22,6,0.00013104174166999328
57,22,7,0.00013104174166666383
57,22,8,0.00013104174166772242
57,22,9,0.00013104174166701487
57,22,10,0.0001310417416719394
57,23,1,0.00013104174167154285
57,23,2,0.00013104174167140076
57,23,3,0.00013104174166973423
57,23,4,0.0001310417416693093
57,23,5,0.00013104174166685112
57,23,6,0.000131041741675561
57,23,7,0.00013104174167503623
57,23,8,0.00013104174166861127
57,23,9,0.00013104174166685107
57,23,10,0.00013104174166621746
57,24,1,0.00013104174167107688
57,24,2,0.00013104174166997853
57,24,3,0.0001310417416707756
57,24,4,0.00013104174167173976
57,24,5,0.000100881974756402
57,24,6,0.00013104174166754453
57,24,7,0.00013104174167149132
57,24,8,0.0001310417416676321
57,24,9,0.0001310417416711661
57,24,10,0.0001310417416687223
58,1,1,5.240412002298547e-7
58,1,2,5.240411984942645e-7
58,1,3,5.24041190191566e-7
58,1,4,5.240412086685912e-7
58,1,5,5.240411871719536e-7
58,1,6,5.240409798626396e-7
58,1,7,5.240412164510828e-7
58,1,8,5.240411920190746e-7
58,1,9,5.240412324521377e-7
58,1,10,5.240412224915762e-7
58,2,1,5.240412188482574e-7
58,2,2,5.240411856745438e-7
58,2,3,5.240411870959856e-7
58,2,4,5.240412131967483e-7
58,2,5,5.240411804723744e-7
58,2,6,5.24041206438612e-7
58,2,7,5.240412073976081e-7
58,2,8,5.240412083119663e-7
58,2,9,5.240412114758813e-7
58,2,10,5.240412157856828e-7
58,3,1,5.240411881550871e-7
58,3,2,5.240412018117583e-7
58,3,3,5.240412223227327e-7
58,3,4,5.240412213252576e-7
58,3,5,5.240411911983308e-7
58,3,6,5.240411880311869e-7
58,3,7,5.240412098374813e-7
58,3,8,5.240411987937985e-7
58,3,9,5.240412225267791e-7
58,3,10,5.240412092457632e-7
58,4,1,5.24041183880605e-7
58,4,2,5.240411910709447e-7
58,4,3,5.240411930569627e-7
58,4,4,5.240412278856574e-7
58,4,5,5.240411830121736e-7
58,4,6,5.240409492850184e-7
58,4,7,5.240412042730134e-7
58,4,8,5.240411955048056e-7
58,4,9,5.240411993336748e-7
58,4,10,5.24041186058559e-7
58,5,1,5.24041210377408e-7
58,5,2,5.240412153101549e-7
58,5,3,5.240411873211783e-7
58,5,4,5.24041197416269e-7
58,5,5,5.240412530125014e-7
58,5,6,5.240412079303247e-7
58,5,7,5.240411805205596e-7
58,5,8,5.240412026295214e-7
58,5,9,5.240412033931437e-7
58,5,10,5.24041206458331e-7
58,6,1,5.240412186803401e-7
58,6,2,5.24041193021329e-7
58,6,3,5.240412021149292e-7
58,6,4,5.240412073805739e-7
58,6,5,5.240412179828491e-7
58,6,6,5.240411895008748e-7
58,6,7,5.24041211523129e-7
58,6,8,5.240411962950677e-7
58,6,9,5.240412128159195e-7
58,6,10,5.240412192427096e-7
58,7,1,5.240413400178232e-7
58,7,2,5.240414531938573e-7
58,7,3,5.240412982930143e-7
58,7,4,5.240413198654517e-7
58,7,5,5.24041383011609e-7
58,7,6,5.240413208526215e-7
58,7,7,5.240413814884056e-7
58,7,8,5.240413755652305e-7
58,7,9,5.240413256278156e-7
58,7,10,5.240580119980218e-7
58,8,1,5.240600515180447e-7
58,8,2,0.00026409358099220814
58,8,3,5.240600767043013e-7
58,8,4,5.240600970388821e-7
58,8,5,5.240599655384605e-7
58,8,6,5.24153291094592e-7
58,8,7,5.240604279319395e-7
58,8,8,5.240600431274327e-7
58,8,9,5.240600570056808e-7
58,8,10,0.0016614324381362764
58,9,1,5.240619669727302e-7
58,9,2,5.240616820752775e-7
58,9,3,0.0023036515302810867
58,9,4,0.0021061031609158356
58,9,5,5.240614307334388e-7
58,9,6,5.240614329299789e-7
58,9,7,5.240626711361701e-7
58,9,8,5.240668172982111e-7
58,9,9,5.24061223524625e-7
58,9,10,5.240635635169877e-7
58,10,1,5.240656365508836e-7
58,10,2,5.24073377260321e-7
58,10,3,5.240656391507929e-7
58,10,4,5.240656492997178e-7
58,10,5,5.24066035719163e-7
58,10,6,5.240659339472377e-7
58,10,7,5.240656838213164e-7
58,10,8,0.0024187641380278273
58,10,9,5.240656266596251e-7
58,10,10,5.240662027010196e-7
58,11,1,5.240686849946387e-7
58,11,2,5.24072012073522e-7
58,11,3,5.24068714478467e-7
58,11,4,5.240686877412239e-7
58,11,5,5.240686700479183e-7
58,11,6,5.240685566494049e-7
58,11,7,5.240687482606226e-7
58,11,8,5.240773848013384e-7
58,11,9,5.240691204679822e-7
58,11,10,5.240689052887357e-7
58,12,1,5.240694337946971e-7
58,12,2,5.240695802767969e-7
58,12,3,5.240694981550478e-7
58,12,4,5.240695022980306e-7
58,12,5,5.24069874906137e-7
58,12,6,5.240697682339091e-7
58,12,7,5.240694458157564e-7
58,12,8,5.240722906163684e-7
58,12,9,5.240693940352636e-7
58,12,10,5.240696099835529e-7
58,13,1,5.240694397113767e-7
58,13,2,5.240688995135386e-7
58,13,3,5.240695177040856e-7
58,13,4,5.240694821372105e-7
58,13,5,5.240692876334314e-7
58,13,6,5.240692751594375e-7
58,13,7,5.240693930888432e-7
58,13,8,5.240722477147531e-7
58,13,9,5.240694475530838e-7
58,13,10,5.240696321625333e-7
58,14,1,5.240691622241992e-7
58,14,2,5.240692352583575e-7
58,14,3,5.240692003418662e-7
58,14,4,5.240691769719447e-7
58,14,5,5.24069417794031e-7
58,14,6,5.240689241847968e-7
58,14,7,5.240696571564866e-7
58,14,8,5.240745100969536e-7
58,14,9,5.240691406774014e-7
58,14,10,5.240692551136788e-7
58,15,1,5.24066786916972e-7
58,15,2,5.24072150068089e-7
58,15,3,5.24066798442544e-7
58,15,4,5.240667832394838e-7
58,15,5,5.240670710453928e-7
58,15,6,5.240670867054501e-7
58,15,7,5.240670869302938e-7
58,15,8,5.241313157455914e-7
58,15,9,5.24066740876571e-7
58,15,10,5.240673407286528e-7
58,16,1,5.24063966449541e-7
58,16,2,5.241341485729707e-7
58,16,3,5.240640160012194e-7
58,16,4,5.240639701267234e-7
58,16,5,5.24063818971293e-7
58,16,6,5.240638446281981e-7
58,16,7,5.240638570777053e-7
58,16,8,0.00196308295423049
58,16,9,5.240639845075358e-7
58,16,10,5.240639058896184e-7
58,17,1,5.240561461563148e-7
58,17,2,0.00015692423682190276
58,17,3,5.240561417528794e-7
58,17,4,5.240561493700023e-7
58,17,5,5.240413394337264e-7
58,17,6,5.24041384866112e-7
58,17,7,5.240410946135311e-7
58,17,8,0.0003429250534080013
58,17,9,5.240560689130327e-7
58,17,10,0.00043312588045223344
58,18,1,5.240412154057103e-7
58,18,2,5.240412094496597e-7
58,18,3,5.240412025005034e-7
58,18,4,5.240412317762677e-7
58,18,5,5.240412215679638e-7
58,18,6,5.240412218503713e-7
58,18,7,5.240412082761337e-7
58,18,8,5.240412060638482e-7
58,18,9,5.240412220350653e-7
58,18,10,5.240412139174952e-7
58,19,1,5.240412092274877e-7
58,19,2,5.24041208354246e-7
58,19,3,5.24041202170212e-7
58,19,4,5.240412016839766e-7
58,19,5,5.240412124802273e-7
58,19,6,5.240411772407776e-7
58,19,7,5.240412175848362e-7
58,19,8,5.240411943533129e-7
58,19,9,5.240411979123083e-7
58,19,10,5.240412160109711e-7
58,20,1,5.240411881349533e-7
58,20,2,5.240412140731076e-7
58,20,3,5.240412068329619e-7
58,20,4,5.240412094198959e-7
58,20,5,5.240412315060419e-7
58,20,6,5.240412020575777e-7
58,20,7,5.240411897324853e-7
58,20,8,5.240411823474908e-7
58,20,9,5.240411996264089e-7
58,20,10,5.240412196702272e-7
58,21,1,5.240412176815223e-7
58,21,2,5.240412128789267e-7
58,21,3,5.240411957819557e-7
58,21,4,5.240411909638861e-7
58,21,5,5.240412038436237e-7
58,21,6,5.240412087462106e-7
58,21,7,5.240412012448234e-7
58,21,8,5.240411793477438e-7
58,21,9,5.240412230709455e-7
58,21,10,5.240412101860112e-7
58,22,1,5.240412097591021e-7
58,22,2,5.240411828594147e-7
58,22,3,5.240412122583798e-7
58,22,4,5.240411832626306e-7
58,22,5,5.240411882721291e-7
58,22,6,5.240412194991784e-7
58,22,7,5.240412114761684e-7
58,22,8,5.240412179554159e-7
58,22,9,5.240411995447499e-7
58,22,10,5.240412248155981e-7
58,23,1,5.240411893311949e-7
58,23,2,5.240411985127796e-7
58,23,3,5.240411928120552e-7
58,23,4,5.240411763427284e-7
58,23,5,5.240412129132227e-7
58,23,6,5.240411868968053e-7
58,23,7,5.240411779628253e-7
58,23,8,5.240411808674635e-7
58,23,9,5.24041203113497e-7
58,23,10,5.240411948228806e-7
58,24,1,5.240412075770903e-7
58,24,2,5.240412020515349e-7
58,24,3,5.240412116764874e-7
58,24,4,5.240412073713754e-7
58,24,5,5.240409855921282e-7
58,24,6,5.240411982659412e-7
58,24,7,5.240411970865905e-7
58,24,8,5.24041201798905e-7
58,24,9,5.240412281919743e-7
58,24,10,5.240411782270835e-7
59,1,1,0.0005008494725171428
59,1,2,0.0005008494737280084
59,1,3,0.0005008494752605538
59,1,4,0.0005008494688500023
59,1,5,0.0005008494746342344
59,1,6,8.102689048489877e-5
59,1,7,0.0005008494759517355
59,1,8,0.0005008494769595283
59,1,9,0.0005008494785326278
59,1,10,0.0005008494798604406
59,2,1,0.0005008494751364968
59,2,2,0.0005008494825150742
59,2,3,0.0005008494749703679
59,2,4,0.0005008494791966621
59,2,5,0.0005008494747116827
59,2,6,0.0005008494752487037
59,2,7,0.0005008494765537273
59,2,8,0.0005008494811481949
59,2,9,0.0005008494776113487
59,2,10,0.0005008494713469331
59,3,1,0.0005008494757690825
59,3,2,0.0005008494773363289
59,3,3,0.000500849484648437
59,3,4,0.0005008494715969076
59,3,5,0.0005008494753553974
59,3,6,0.0005008494814835419
59,3,7,0.0005008494698719183
59,3,8,0.0005008494746654667
59,3,9,0.0005008494762399468
59,3,10,0.0005008494725223785
59,4,1,0.0005008494730454968
59,4,2,0.0005008494730456464
59,4,3,0.0005008494853717963
59,4,4,0.0005008494770479488
59,4,5,0.000500849473945512
59,4,6,8.102681511206996e-5
59,4,7,0.0005008494810053024
59,4,8,0.0005008494837946795
59,4,9,0.0005008494799413094
59,4,10,0.0005008494779513572
59,5,1,0.0005008494799075345
59,5,2,0.0005008494734506498
59,5,3,0.0005008494801166919
59,5,4,0.0005008494773900936
59,5,5,0.0005008494746256438
59,5,6,0.0005008494709889366
59,5,7,0.0005008494777456268
59,5,8,0.0005008494778886178
59,5,9,0.0005008494779869491
59,5,10,0.0005008494751834304
59,6,1,0.0005078849121998215
59,6,2,0.0005110987612441947
59,6,3,0.0005077335169967077
59,6,4,0.0005077335039149355
59,6,5,0.0005106642763016756
59,6,6,0.0005067557251630657
59,6,7,0.0005110944190676589
59,6,8,0.0005100684397936087
59,6,9,0.0005074534853040458
59,6,10,0.0005129348930683091
59,7,1,0.0008050695280221243
59,7,2,0.0009224400404130574
59,7,3,0.0007561728935398924
59,7,4,0.0007561728925565621
59,7,5,0.0008548936826381724
59,7,6,0.0007522769097656921
59,7,7,0.0008724722230887792
59,7,8,0.0008609690842706923
59,7,9,0.0007448021949885966
59,7,10,0.0009477784536119439
59,8,1,0.0009477784696025338
59,8,2,0.0012651723890844638
59,8,3,0.0009477784696149323
59,8,4,0.0009477784696348756
59,8,5,0.0009477784721518304
59,8,6,0.000947778920744902
59,8,7,0.0009477784720235931
59,8,8,0.0009477784233175526
59,8,9,0.0009477784693707144
59,8,10,0.003424708998762082
59,9,1,0.0009477784741367184
59,9,2,0.0009477784732346625
59,9,3,0.004482316669130411
59,9,4,0.0041483178297303325
59,9,5,0.0009477784737148105
59,9,6,0.0009477784738151912
59,9,7,0.0009477784768769283
59,9,8,0.000947778430952686
59,9,9,0.0009477784732821098
59,9,10,0.0009477784802298689
59,10,1,0.0009477784866443126
59,10,2,0.0009477785121842346
59,10,3,0.0009477784865371394
59,10,4,0.0009477784866913822
59,10,5,0.0009477784878108332
59,10,6,0.0009477784879037435
59,10,7,0.0009477784866685145
59,10,8,0.004397766005247607
59,10,9,0.0009477784866413704
59,10,10,0.0009477784889766888
59,11,1,0.0009477784961323445
59,11,2,0.0009477785075877449
59,11,3,0.0009477784964112057
59,11,4,0.0009477784964576218
59,11,5,0.0009477784959018632
59,11,6,0.0009477784954291294
59,11,7,0.0009477784962276227
59,11,8,0.0009477785225279616
59,11,9,0.0009477784972866042
59,11,10,0.0009477784968650027
59,12,1,0.0009477784987115904
59,12,2,0.0009477784991421915
59,12,3,0.0009477784989820304
59,12,4,0.0009477784990365021
59,12,5,0.0009477784997138351
59,12,6,0.0009477784998527928
59,12,7,0.0009477784984938405
59,12,8,0.0009477785071358727
59,12,9,0.0009477784986917314
59,12,10,0.0009477784989454281
59,13,1,0.0009477784983931944
59,13,2,0.0009477784971378031
59,13,3,0.0009477784990548732
59,13,4,0.0009477784989091434
59,13,5,0.0009477784978548473
59,13,6,0.000947778497578523
59,13,7,0.0009477784983931807
59,13,8,0.0009477785068520356
59,13,9,0.0009477784987359062
59,13,10,0.0009477784992704676
59,14,1,0.0009477784976739855
59,14,2,0.000947778497916554
59,14,3,0.0009477784978025087
59,14,4,0.0009477784977850235
59,14,5,0.0009477784987733623
59,14,6,0.0009477784962061268
59,14,7,0.0009477785000294043
59,14,8,0.0009477785140176451
59,14,9,0.0009477784976794003
59,14,10,0.0009477784981870953
59,15,1,0.0009477784900206773
59,15,2,0.0009477785071153737
59,15,3,0.0009477784899972515
59,15,4,0.0009477784900336264
59,15,5,0.0009477784911179662
59,15,6,0.000947778491419195
59,15,7,0.0009477784911567291
59,15,8,0.0009477786921041185
59,15,9,0.0009477784898107923
59,15,10,0.0009477784933236619
59,16,1,0.000947778481815152
59,16,2,0.0009477787297883757
59,16,3,0.0009477784818038578
59,16,4,0.000947778481630955
59,16,5,0.0009477784809854876
59,16,6,0.0009477784810874508
59,16,7,0.0009477784810256077
59,16,8,0.003959417708792255
59,16,9,0.0009477784818381529
59,16,10,0.0009477784830205243
59,17,1,0.0009477784571825594
59,17,2,0.0011282209794664497
59,17,3,0.0009477784573633074
59,17,4,0.000947778457144796
59,17,5,0.0008262769302427172
59,17,6,0.0008600484150957642
59,17,7,0.00020276065090860964
59,17,8,0.001371523983258246
59,17,9,0.0009477784578423303
59,17,10,0.0014995554269284833
59,18,1,0.0005451283528375107
59,18,2,0.0005360097642315393
59,18,3,0.0005455928208320339
59,18,4,0.0005455928296524572
59,18,5,0.0005239620214380856
59,18,6,0.0005190490952423352
59,18,7,0.0005249816982247236
59,18,8,0.0005411675859896039
59,18,9,0.0005437417076454164
59,18,10,0.0005418516399571274
59,19,1,0.0005008494774809005
59,19,2,0.0005008494733634933
59,19,3,0.0005008494812844955
59,19,4,0.0005008494706535153
59,19,5,0.000500849475498379
59,19,6,0.0005008494747224725
59,19,7,0.0005008494797479492
59,19,8,0.0005008494777408019
59,19,9,0.0005008494744207885
59,19,10,0.0005008494769432571
59,20,1,0.0005008494761796306
59,20,2,0.0005008494778781394
59,20,3,0.0005008494747300301
59,20,4,0.000500849476258721
59,20,5,0.0005008494727513705
59,20,6,0.0005008494751878879
59,20,7,0.0005008494779934715
59,20,8,0.0005008494799171655
59,20,9,0.0005008494764678116
59,20,10,0.0005008494781039366
59,21,1,0.0005008494755099371
59,21,2,0.0005008494718569731
59,21,3,0.0005008494757480764
59,21,4,0.000500849471483745
59,21,5,0.0005008494747157481
59,21,6,0.000500849477192777
59,21,7,0.0005008494749184123
59,21,8,0.0005008494753616066
59,21,9,0.0005008494697767846
59,21,10,0.0005008494814311692
59,22,1,0.0005008494694822728
59,22,2,0.0005008494735829907
59,22,3,0.0005008494739543947
59,22,4,0.0005008494716647768
59,22,5,0.0005008494774584949
59,22,6,0.0005008494769172782
59,22,7,0.0005008494741361589
59,22,8,0.0005008494729620644
59,22,9,0.0005008494695575703
59,22,10,0.0005008494765185627
59,23,1,0.0005008494756912651
59,23,2,0.0005008494717066204
59,23,3,0.0005008494742568945
59,23,4,0.0005008494797506092
59,23,5,0.0005008494740275516
59,23,6,0.0005008494747892653
59,23,7,0.0005008494742087785
59,23,8,0.0005008494727042477
59,23,9,0.0005008494773354315
59,23,10,0.0005008494709778732
59,24,1,0.0005008494781272448
59,24,2,0.0005008494706122469
59,24,3,0.0005008494763836074
59,24,4,0.0005008494740532094
59,24,5,8.102689127573359e-5
59,24,6,0.0005008494803446447
59,24,7,0.0005008494829023744
59,24,8,0.0005008494729690351
59,24,9,0.0005008494803577947
59,24,10,0.0005008494576687472
60,1,1,0.0003130575780453862
60,1,2,0.00031305757878680407
60,1,3,0.00031305757979829064
60,1,4,0.00031305757563351486
60,1,5,0.00031305757939101433
60,1,6,4.312491452194836e-5
60,1,7,0.000313057580257674
60,1,8,0.000313057580949571
60,1,9,0.0003130575819734004
60,1,10,0.00031305758282943196
60,2,1,0.0003130575797594952
60,2,2,0.00031305758455944446
60,2,3,0.00031305757964182536
60,2,4,0.00031305758240718443
60,2,5,0.0003130575795236368
60,2,6,0.0003130575798241405
60,2,7,0.00031305758066485636
60,2,8,0.00031305758362974083
60,2,9,0.0003130575814022544
60,2,10,0.0003130575772672547
60,3,1,0.0003130575801508287
60,3,2,0.00031305758118607024
60,3,3,0.00031305758597821446
60,3,4,0.0003130575774136593
60,3,5,0.0003130575798659397
60,3,6,0.00031305758389336513
60,3,7,0.00031305757629144414
60,3,8,0.0003130575794297703
60,3,9,0.000313057580518331
60,3,10,0.000313057578031901
60,4,1,0.0003130575784086635
60,4,2,0.00031305757837671305
60,4,3,0.00031305758643439925
60,4,4,0.00031305758100907445
60,4,5,0.0003130575789482483
60,4,6,4.312486866930563e-5
60,4,7,0.00031305758357332947
60,4,8,0.00031305758539147547
60,4,9,0.0003130575829057491
60,4,10,0.0003130575815379643
60,5,1,0.0003130575828791925
60,5,2,0.00031305757864116086
60,5,3,0.00031305758305172994
60,5,4,0.00031305758123012473
60,5,5,0.000313057579388511
60,5,6,0.00031305757704978436
60,5,7,0.00031305758142331183
60,5,8,0.0003130575815389361
60,5,9,0.00031305758165562926
60,5,10,0.00031305757977901207
60,6,1,0.0003176724858287382
60,6,2,0.0003197810453451058
60,6,3,0.0003175731642125304
60,6,4,0.0003175731556469731
60,6,5,0.00031949597044661005
60,6,6,0.00031693170626617684
60,6,7,0.00031977819628589314
60,6,8,0.0003191050373776928
60,6,9,0.0003173894532669754
60,6,10,0.0003209858238761436
60,7,1,0.0005134860254225261
60,7,2,0.0005911333455252517
60,7,3,0.00048117831281081904
60,7,4,0.00048117831213490095
60,7,5,0.0005464323335043413
60,7,6,0.0004786052806689068
60,7,7,0.0005580617645855436
60,7,8,0.0005504513218267213
60,7,9,0.00047366925559493397
60,7,10,0.0006079112934970871
60,8,1,0.0006079113062221862
60,8,2,0.0009302875348775181
60,8,3,0.0006079113062489473
60,8,4,0.0006079113062988831
60,8,5,0.0006079113087067371
60,8,6,0.0006079117436135155
60,8,7,0.0006079113087452914
60,8,8,0.0006079112615051932
60,8,9,0.0006079113059543671
60,8,10,0.003099786191751397
60,9,1,0.0006079113107244696
60,9,2,0.0006079113264441085
60,9,3,0.004135206592334355
60,9,4,0.003821234535823139
60,9,5,0.0006079113102086725
60,9,6,0.0006079113103680504
60,9,7,0.0006079113134104119
60,9,8,0.0006079112688318574
60,9,9,0.0006079113098711595
60,9,10,0.0006079113165396913
60,10,1,0.0006079113227387407
60,10,2,0.0006079113472526772
60,10,3,0.0006079113226743594
60,10,4,0.0006079113227658075
60,10,5,0.0006079113239319574
60,10,6,0.000607911323950271
60,10,7,0.0006079113227986389
60,10,8,0.00412321703088121
60,10,9,0.0006079113225659388
60,10,10,0.000607911324999697
60,11,1,0.0006079113320281566
60,11,2,0.0006079113430596531
60,11,3,0.0006079113322133779
60,11,4,0.0006079113321890195
60,11,5,0.0006079113318128258
60,11,6,0.0006079113312418463
60,11,7,0.0006079113321068803
60,11,8,0.0006079113579581931
60,11,9,0.0006079113331681362
60,11,10,0.0006079113327983959
60,12,1,0.000607911334364556
60,12,2,0.0006079113345923201
60,12,3,0.0006079113346816148
60,12,4,0.0006079113346597606
60,12,5,0.0006079113354851579
60,12,6,0.0006079113353070247
60,12,7,0.0006079113342589254
60,12,8,0.0006079113425818772
60,12,9,0.0006079113343048503
60,12,10,0.0006079113346728141
60,13,1,0.0006079113342227844
60,13,2,0.0006079113327392957
60,13,3,0.0006079113346767443
60,13,4,0.0006079113345592293
60,13,5,0.0006079113336388074
60,13,6,0.0006079113333554604
60,13,7,0.0006079113341009696
60,13,8,0.00060791134237892
60,13,9,0.0006079113344314867
60,13,10,0.0006079113350360789
60,14,1,0.0006079113333982634
60,14,2,0.0006079113336722073
60,14,3,0.0006079113335463399
60,14,4,0.0006079113334953662
60,14,5,0.0006079113344425531
60,14,6,0.0006079113319353632
60,14,7,0.0006079113356133987
60,14,8,0.0006079113492762157
60,14,9,0.0006079113333877484
60,14,10,0.0006079113339661172
60,15,1,0.0006079113259840192
60,15,2,0.0006079113425987784
60,15,3,0.000607911325978809
60,15,4,0.0006079113259372966
60,15,5,0.0006079113270972332
60,15,6,0.0006079113273265415
60,15,7,0.0006079113271019057
60,15,8,0.0006079115219114397
60,15,9,0.0006079113257559726
60,15,10,0.0006079113292094933
60,16,1,0.0006079113179890786
60,16,2,0.0006079115580218267
60,16,3,0.0006079113180992756
60,16,4,0.0006079113179036333
60,16,5,0.0006079113171911495
60,16,6,0.0006079113172867312
60,16,7,0.0006079113172886312
60,16,8,0.0036314335391629737
60,16,9,0.0006079113180077655
60,16,10,0.0006079113192123274
60,17,1,0.0006079112942291245
60,17,2,0.0007894619922337266
60,17,3,0.0006079112944213489
60,17,4,0.0006079112942463627
60,17,5,0.0005275064752926431
60,17,6,0.0005498422609550662
60,17,7,0.00011946554492680193
60,17,8,0.0010420194419996861
60,17,9,0.0006079112948866093
60,17,10,0.0011747708662319585
60,18,1,0.0003421230688265856
60,18,2,0.00033613356466922616
60,18,3,0.0003424282037683304
60,18,4,0.00034242820962868787
60,18,5,0.0003282230692004396
60,18,6,0.0003249982773146189
60,18,7,0.00032889244868130165
60,18,8,0.0003395212204175206
60,18,9,0.0003412121334324786
60,18,10,0.0003399705532650392
60,19,1,0.0003130575812818446
60,19,2,0.0003130575785584422
60,19,3,0.00031305758375631135
60,19,4,0.00031305757679342145
60,19,5,0.0003130575800058363
60,19,6,0.000313057579436191
60,19,7,0.00031305758278343565
60,19,8,0.00031305758143289163
60,19,9,0.000313057579278478
60,19,10,0.00031305758094570294
60,20,1,0.0003130575804076534
60,20,2,0.00031305758156405987
60,20,3,0.0003130575794952684
60,20,4,0.0003130575804813835
60,20,5,0.00031305757818364977
60,20,6,0.000313057579781135
60,20,7,0.0003130575816216225
60,20,8,0.0003130575829409429
60,20,9,0.00031305758060563263
60,20,10,0.0003130575816621646
60,21,1,0.00031305757999079036
60,21,2,0.0003130575775887724
60,21,3,0.0003130575801612407
60,21,4,0.0003130575773760193
60,21,5,0.00031305757949355123
60,21,6,0.00031305758104115274
60,21,7,0.00031305757961998606
60,21,8,0.0003130575798591189
60,21,9,0.00031305757623164627
60,21,10,0.0003130575838926196
60,22,1,0.0003130575760382543
60,22,2,0.00031305757873750653
60,22,3,0.00031305757896842333
60,22,4,0.0003130575774827687
60,22,5,0.00031305758126439365
60,22,6,0.00031305758094258716
60,22,7,0.00031305757907899525
60,22,8,0.0003130575783646464
60,22,9,0.00031305757612968714
60,22,10,0.0003130575806441756
60,23,1,0.0003130575800922945
60,23,2,0.0003130575775075103
60,23,3,0.00031305757917959794
60,23,4,0.00031305758279906725
60,23,5,0.0003130575790148819
60,23,6,0.00031305757952683293
60,23,7,0.00031305757916802457
60,23,8,0.00031305757814808604
60,23,9,0.0003130575812201387
60,23,10,0.0003130575770078304
60,24,1,0.00031305758169596515
60,24,2,0.00031305757674748614
60,24,3,0.000313057580508977
60,24,4,0.0003130575790556161
60,24,5,4.3124914978169134e-5
60,24,6,0.00031305758315327295
60,24,7,0.00031305758482586183
60,24,8,0.00031305757828574724
60,24,9,0.0003130575831935946
60,24,10,0.0003130575683019139
61,1,1,0.0005572697963357857
61,1,2,0.0005572697977190516
61,1,3,0.0005572697996229738
61,1,4,0.0005572697918081817
61,1,5,0.0005572697988513171
61,1,6,6.291475150249844e-5
61,1,7,0.0005572698004835564
61,1,8,0.0005572698017779808
61,1,9,0.0005572698037037346
61,1,10,0.0005572698053105442
61,2,1,0.0005572697995427789
61,2,2,0.0005572698085563225
61,2,3,0.0005572697992931328
61,2,4,0.0005572698045200964
61,2,5,0.0005572697990696044
61,2,6,0.000557269799635051
61,2,7,0.0005572698012436433
61,2,8,0.0005572698068045663
61,2,9,0.0005572698026259265
61,2,10,0.0005572697948726343
61,3,1,0.0005572698002843414
61,3,2,0.0005572698022279688
61,3,3,0.0005572698112196272
61,3,4,0.0005572697951470747
61,3,5,0.0005572697997492397
61,3,6,0.0005572698073077442
61,3,7,0.000557269793043072
61,3,8,0.0005572697989326313
61,3,9,0.000557269800971628
61,3,10,0.0005572697963078571
61,4,1,0.0005572697970149703
61,4,2,0.0005572697969545075
61,4,3,0.0005572698120734354
61,4,4,0.0005572698018926646
61,4,5,0.0005572697980283109
61,4,6,6.291467345728823e-5
61,4,7,0.0005572698067003771
61,4,8,0.0005572698101177006
61,4,9,0.0005572698054541462
61,4,10,0.0005572698028798882
61,5,1,0.0005572698053960261
61,5,2,0.0005572697974456645
61,5,3,0.0005572698056893312
61,5,4,0.0005572698023034963
61,5,5,0.0005572697988547109
61,5,6,0.0005572697944599953
61,5,7,0.0005572698026647489
61,5,8,0.0005572698028818025
61,5,9,0.0005572698031024766
61,5,10,0.0005572697995880365
61,6,1,0.0005659300700392757
61,6,2,0.0005698879715418086
61,6,3,0.0005657436524475547
61,6,4,0.0005657436363700133
61,6,5,0.0005693528311539343
61,6,6,0.0005645397281907212
61,6,7,0.0005698826232529396
61,6,8,0.0005686189931495242
61,6,9,0.0005653988474797065
61,6,10,0.0005721496977764672
61,7,1,0.0009354867023246578
61,7,2,0.0010828058180889317
61,7,3,0.0008742927003338943
61,7,4,0.000874292699053756
61,7,5,0.0009979557608546664
61,7,6,0.0008694220891500638
61,7,7,0.0010200205876991504
61,7,8,0.0010055802787526835
61,7,9,0.0008600797464510271
61,7,10,0.0011146780255896836
61,8,1,0.0011146780392923175
61,8,2,0.0014206429923433734
61,8,3,0.001114678039358115
61,8,4,0.0011146780393979552
61,8,5,0.001114678041842625
61,8,6,0.001114678474365507
61,8,7,0.0011146780416624584
61,8,8,0.0011146779947865475
61,8,9,0.0011146780390163095
61,8,10,0.0034646966932701446
61,9,1,0.0011146780438079163
61,9,2,0.0011146780541002994
61,9,3,0.004482963861599908
61,9,4,0.004165156787989021
61,9,5,0.0011146780432902792
61,9,6,0.0011146780434390816
61,9,7,0.0011146780464759726
61,9,8,0.0011146780020774721
61,9,9,0.0011146780429739554
61,9,10,0.0011146780496496724
61,10,1,0.0011146780558403254
61,10,2,0.0011146780805259431
61,10,3,0.0011146780556848146
61,10,4,0.0011146780557971115
61,10,5,0.0011146780569473433
61,10,6,0.0011146780570454944
61,10,7,0.0011146780557832335
61,10,8,0.004248934291898633
61,10,9,0.0011146780556309755
61,10,10,0.0011146780580699456
61,11,1,0.0011146780649806897
61,11,2,0.0011146780760037099
61,11,3,0.0011146780652169824
61,11,4,0.0011146780652444871
61,11,5,0.0011146780647703905
61,11,6,0.001114678064255238
61,11,7,0.0011146780650919549
61,11,8,0.0011146780904790071
61,11,9,0.0011146780663308347
61,11,10,0.0011146780657725868
61,12,1,0.001114678067388081
61,12,2,0.0011146780677528058
61,12,3,0.0011146780676473485
61,12,4,0.0011146780676971077
61,12,5,0.0011146780687235082
61,12,6,0.001114678068545405
61,12,7,0.0011146780672047407
61,12,8,0.0011146780754878638
61,12,9,0.001114678067327325
61,12,10,0.0011146780676418318
61,13,1,0.0011146780671830248
61,13,2,0.0011146780659195713
61,13,3,0.0011146780676808531
61,13,4,0.0011146780676075684
61,13,5,0.0011146780666247884
61,13,6,0.0011146780663260345
61,13,7,0.001114678067108965
61,13,8,0.0011146780752685666
61,13,9,0.0011146780675027029
61,13,10,0.001114678068049054
61,14,1,0.0011146780664138534
61,14,2,0.001114678066670248
61,14,3,0.001114678066554156
61,14,4,0.0011146780664675904
61,14,5,0.0011146780674563342
61,14,6,0.001114678064878947
61,14,7,0.0011146780686776033
61,14,8,0.0011146780821914507
61,14,9,0.0011146780663889462
61,14,10,0.0011146780669983403
61,15,1,0.0011146780590393856
61,15,2,0.00111467807559043
61,15,3,0.0011146780589946818
61,15,4,0.0011146780589577734
61,15,5,0.0011146780601517094
61,15,6,0.0011146780603830417
61,15,7,0.0011146780600339462
61,15,8,0.0011146782539506188
61,15,9,0.0011146780587352378
61,15,10,0.0011146780622937286
61,16,1,0.0011146780513906168
61,16,2,0.0011146782894345373
61,16,3,0.0011146780511605563
61,16,4,0.0011146780510184662
61,16,5,0.0011146780503017912
61,16,6,0.0011146780503852156
61,16,7,0.0011146780503689749
61,16,8,0.0039751476792378
61,16,9,0.0011146780510875465
61,16,10,0.0011146780522460144
61,17,1,0.0011146780273293842
61,17,2,0.0012867249898707066
61,17,3,0.001114678027540305
61,17,4,0.0011146780273373822
61,17,5,0.000962063048457002
61,17,6,0.001004424759105003
61,17,7,0.00019838946321325236
61,17,8,0.0015158652135741969
61,17,9,0.0011146780280461347
61,17,10,0.0016365983821092606
61,18,1,0.0006118622862392023
61,18,2,0.0006006033004344398
61,18,3,0.0006124359955472185
61,18,4,0.000612436006564509
61,18,5,0.0005857403530585918
61,18,6,0.000579683709331268
61,18,7,0.0005869977235238417
61,18,8,0.0006069708104808508
61,18,9,0.0006101496308138865
61,18,10,0.0006078154955706667
61,19,1,0.0005572698024054875
61,19,2,0.0005572697972973208
61,19,3,0.0005572698070104929
61,19,4,0.0005572697939836132
61,19,5,0.0005572698000129425
61,19,6,0.0005572697989364245
61,19,7,0.0005572698052242447
61,19,8,0.0005572698026822139
61,19,9,0.0005572697986477674
61,19,10,0.0005572698017762852
61,20,1,0.0005572698007612211
61,20,2,0.0005572698029305832
61,20,3,0.0005572697990461583
61,20,4,0.0005572697916892631
61,20,5,0.0005572697965870585
61,20,6,0.0005572697995864877
61,20,7,0.0005572698030377461
61,20,8,0.0005572698055118935
61,20,9,0.0005572698011316692
61,20,10,0.0005572698031144931
61,21,1,0.0005572697907706588
61,21,2,0.0005572697954764163
61,21,3,0.0005572698002970819
61,21,4,0.0005572697950790756
61,21,5,0.0005572697990505114
61,21,6,0.0005572698019534005
61,21,7,0.0005572697992872544
61,21,8,0.0005572697997370616
61,21,9,0.0005572697929328146
61,21,10,0.000557269807297211
61,22,1,0.0005572697925666768
61,22,2,0.0005572697976256192
61,22,3,0.0005572697980681837
61,22,4,0.0005572697952713347
61,22,5,0.0005572698023731462
61,22,6,0.0005572698017699121
61,22,7,0.0005572697982743764
61,22,8,0.0005572697969258927
61,22,9,0.0005572697927416612
61,22,10,0.0005572698012096219
61,23,1,0.0005572698001745014
61,23,2,0.0005572697953262913
61,23,3,0.0005572697984629178
61,23,4,0.0005572698052522028
61,23,5,0.0005572697981542887
61,23,6,0.0005572697991061103
61,23,7,0.0005572697983774243
61,23,8,0.0005572697965194807
61,23,9,0.0005572698022921186
61,23,10,0.000557269794388252
61,24,1,0.0005572698031827083
61,24,2,0.00055726979389937
61,24,3,0.0005572698009560713
61,24,4,0.0005572697982294031
61,24,5,6.291475228063156e-5
61,24,6,0.0005572698059108829
61,24,7,0.0005572698090561474
61,24,8,0.0005572697967776012
61,24,9,0.0005572698059928582
61,24,10,0.000557269778052937
62,1,1,0.000288293615406047
62,1,2,0.0002882936164946053
62,1,3,0.0002882936179851769
62,1,4,0.00028829361185306427
62,1,5,0.00028829361738005334
62,1,6,1.6107432996150303e-11
62,1,7,0.00028829361865757787
62,1,8,0.0002882936196775705
62,1,9,0.0002882936211816937
62,1,10,0.0002882936224420554
62,2,1,0.0002882936179211592
62,2,2,0.0002882936249919792
62,2,3,0.00028829361772768407
62,2,4,0.0002882936218266384
62,2,5,0.0002882936175521068
62,2,6,0.00028829361799572053
62,2,7,0.00028829361925388907
62,2,8,0.0002882936236128313
62,2,9,0.00028829362031974356
62,2,10,0.00028829360453679244
62,3,1,0.00028829361850395195
62,3,2,0.0002882936200271685
62,3,3,0.00028829362708000626
62,3,4,0.0002882936144724391
62,3,5,0.00028829361808520667
62,3,6,0.00028829362401272036
62,3,7,0.00028829361282235673
62,3,8,0.000288293617443568
62,3,9,0.0002882936190401379
62,3,10,0.0002882936153826272
62,4,1,0.0002882936159402816
62,4,2,0.00028829361589292863
62,4,3,0.00028829362774927396
62,4,4,0.00028829361976235484
62,4,5,0.0002882936167351009
62,4,6,1.61405767376175e-11
62,4,7,0.00028829362353567054
62,4,8,0.0002882936262155403
62,4,9,0.0002882936225566039
62,4,10,0.0002882936205396881
62,5,1,0.0002882936225115859
62,5,2,0.0002882936065276098
62,5,3,0.0002882936227431724
62,5,4,0.000288293620087891
62,5,5,0.0002882936076328133
62,5,6,0.00028829361393418963
62,5,7,0.000288293620371874
62,5,8,0.00028829362054356083
62,5,9,0.00028829362071145957
62,5,10,0.0002882936179570773
62,6,1,0.0002950981320831137
62,6,2,0.0002982166222352223
62,6,3,0.00029495138445262273
62,6,4,0.0002949513717968895
62,6,5,0.00029779466138009114
62,6,6,0.00029400394803287956
62,6,7,0.00029821240459254616
62,6,8,0.00029721618658176793
62,6,9,0.00029467998632480986
62,6,10,0.0003000010887037119
62,7,1,0.0006039987329434036
62,7,2,0.0007342368127194667
62,7,3,0.0005508651618595901
62,7,4,0.0005508651607552475
62,7,5,0.0006588504313014411
62,7,6,0.0005466634880275768
62,7,7,0.000678360764098549
62,7,8,0.0006655845098163607
62,7,9,0.0005386160518077837
62,7,10,0.000762793660254824
62,8,1,0.000762793672419823
62,8,2,0.0010674456817969878
62,8,3,0.0007627936725120998
62,8,4,0.0007627936725335362
62,8,5,0.0007627936749019926
62,8,6,0.0007627940950995556
62,8,7,0.0007627936748057496
62,8,8,0.0007627936292268477
62,8,9,0.0007627936721560705
62,8,10,0.0031478289778652463
62,9,1,0.0007627936767585829
62,9,2,0.0007627936964095514
62,9,3,0.004140905371234304
62,9,4,0.0038318092500534123
62,9,5,0.0007627936764991098
62,9,6,0.0007627936764507225
62,9,7,0.0007627936793890304
62,9,8,0.0007627936362927132
62,9,9,0.0007627936759066434
62,9,10,0.0007627936824171909
62,10,1,0.0007627936884295908
62,10,2,0.0007627937125121544
62,10,3,0.0007627936883340858
62,10,4,0.0007627936884117663
62,10,5,0.0007627936897937511
62,10,6,0.0007627936895648019
62,10,7,0.0007627936884925016
62,10,8,0.0038644865274888984
62,10,9,0.0007627936882678465
62,10,10,0.000762793690628537
62,11,1,0.0007627936974350356
62,11,2,0.0007627937081198099
62,11,3,0.0007627936975469935
62,11,4,0.0007627936975569031
62,11,5,0.000762793697228099
62,11,6,0.0007627936966512444
62,11,7,0.0007627936975068937
62,11,8,0.000762793722510491
62,11,9,0.0007627936987089539
62,11,10,0.0007627936982151337
62,12,1,0.0007627936996770217
62,12,2,0.0007627937000974726
62,12,3,0.0007627936999731823
62,12,4,0.0007627936999965368
62,12,5,0.0007627937010403097
62,12,6,0.0007627937008515745
62,12,7,0.0007627936995599924
62,12,8,0.0007627937075949241
62,12,9,0.0007627936996324102
62,12,10,0.0007627936999443162
62,13,1,0.0007627936995884416
62,13,2,0.000762793698323593
62,13,3,0.0007627936999710047
62,13,4,0.0007627936999235436
62,13,5,0.000762793698974546
62,13,6,0.0007627936986989848
62,13,7,0.0007627936994297456
62,13,8,0.000762793707419374
62,13,9,0.000762793699748784
62,13,10,0.0007627937003470788
62,14,1,0.0007627936987444166
62,14,2,0.000762793699011515
62,14,3,0.0007627936989013886
62,14,4,0.0007627936988568311
62,14,5,0.0007627936997590058
62,14,6,0.0007627936972757735
62,14,7,0.0007627937008635872
62,14,8,0.0007627937140089825
62,14,9,0.000762793698697463
62,14,10,0.000762793699306477
62,15,1,0.0007627936915453642
62,15,2,0.0007627937076808704
62,15,3,0.0007627936915547599
62,15,4,0.0007627936915157549
62,15,5,0.0007627936926461374
62,15,6,0.000762793692844709
62,15,7,0.0007627936926418941
62,15,8,0.000762793881007987
62,15,9,0.0007627936913069734
62,15,10,0.0007627936947447464
62,16,1,0.0007627936843164347
62,16,2,0.0007627939156784043
62,16,3,0.0007627936839412394
62,16,4,0.000762793683769712
62,16,5,0.0007627936830890626
62,16,6,0.0007627936831977124
62,16,7,0.0007627936831355403
62,16,8,0.0023094768822880195
62,16,9,0.0007627936838458289
62,16,10,0.0007627936850120068
62,17,1,0.000762793660825386
62,17,2,0.0009347201551865669
62,17,3,0.0007627936610286615
62,17,4,0.0007627936608514163
62,17,5,0.0006272626306525946
62,17,6,0.000664563409789888
62,17,7,4.324075062025266e-5
62,17,8,0.0011734182543270508
62,17,9,0.0007627936615308147
62,17,10,0.001295019845736198
62,18,1,0.00033160885699337123
62,18,2,0.0003225962128990536
62,18,3,0.00033206915559603074
62,18,4,0.0003320691644339295
62,18,5,0.00031076028654346407
62,18,6,0.00030595783649172017
62,18,7,0.00031175880336355524
62,18,8,0.0003276884517469371
62,18,9,0.0003302353614330272
62,18,10,0.00032836491790559923
62,19,1,0.0002882936201635789
62,19,2,0.0002882936161612497
62,19,3,0.00028829362377160524
62,19,4,0.00028829361356029297
62,19,5,0.00028829361829017086
62,19,6,0.00028829361744798577
62,19,7,0.00028829362237688344
62,19,8,0.0002882936203853037
62,19,9,0.0002882936172194737
62,19,10,0.0002882936196729041
62,20,1,0.0002882936188763228
62,20,2,0.0002882936205778028
62,20,3,0.00028829361753194546
62,20,4,0.0002882936093810622
62,20,5,0.00028829361559013324
62,20,6,0.00028829361795533037
62,20,7,0.0002882936206625624
62,20,8,0.00028829362260345464
62,20,9,0.00028829361916602115
62,20,10,0.0002882936207218083
62,21,1,0.00028829360867966593
62,21,2,0.00028829361473120795
62,21,3,0.0002882936185136826
62,21,4,0.00028829361442287343
62,21,5,0.00028829361753699643
62,21,6,0.00028829361980984766
62,21,7,0.00028829361771769114
62,21,8,0.00028829361807616654
62,21,9,0.0002882936127347077
62,21,10,0.0002882936240037834
62,22,1,0.00028829361244833745
62,22,2,0.0002882936164192537
62,22,3,0.00028829361676326027
62,22,4,0.000288293614571426
62,22,5,0.0002882936201419517
62,22,6,0.0002882936196650082
62,22,7,0.00028829361692798164
62,22,8,0.00028829361587256314
62,22,9,0.0002882936125873644
62,22,10,0.0002882936192271956
62,23,1,0.00028829361841801337
62,23,2,0.00028829361461501547
62,23,3,0.0002882936170734539
62,23,4,0.00028829362239900225
62,23,5,0.0002882936168320613
62,23,6,0.00028829361756282516
62,23,7,0.00028829361693763863
62,23,8,0.0002882936155521489
62,23,9,0.0002882936200769247
62,23,10,0.0002882936138808056
62,24,1,0.0002882936207729701
62,24,2,0.00028829361349430366
62,24,3,0.00028829361902682997
62,24,4,0.00028829361688936957
62,24,5,1.6108544098727253e-11
62,24,6,0.0002882936229190077
62,24,7,0.0002882936253839937
62,24,8,0.0002882936157565425
62,24,9,0.0002882936229768431
62,24,10,0.00028829360106066235
63,1,1,1.4786232535866782e-11
63,1,2,1.4786560974861503e-11
63,1,3,1.478776224796323e-11
63,1,4,1.4785492937706547e-11
63,1,5,1.4786900642706058e-11
63,1,6,1.4828479929249953e-11
63,1,7,1.4786886447462535e-11
63,1,8,1.4786684829048115e-11
63,1,9,1.4785581062845254e-11
63,1,10,1.478561522729517e-11
63,2,1,1.4785361643277517e-11
63,2,2,1.478785465744953e-11
63,2,3,1.47877841236108e-11
63,2,4,1.4787029404078197e-11
63,2,5,1.478771755298368e-11
63,2,6,1.4787749202172252e-11
63,2,7,1.478379758352421e-11
63,2,8,1.4783814061820607e-11
63,2,9,1.480038388802315e-11
63,2,10,1.4922312144984943e-11
63,3,1,1.478773248936111e-11
63,3,2,1.4786384459225193e-11
63,3,3,1.4786909772134496e-11
63,3,4,1.4786677443572872e-11
63,3,5,1.478778696569226e-11
63,3,6,1.4786974657553537e-11
63,3,7,1.4785633118017688e-11
63,3,8,1.478655457623495e-11
63,3,9,1.478678981265129e-11
63,3,10,1.478564896980327e-11
63,4,1,1.4787796653234933e-11
63,4,2,1.4787809772848663e-11
63,4,3,1.47877698506185e-11
63,4,4,1.4786925568068606e-11
63,4,5,1.478780443414812e-11
63,4,6,1.4671016342446558e-11
63,4,7,1.478580702075196e-11
63,4,8,1.47868835252442e-11
63,4,9,1.4786323659409396e-11
63,4,10,1.478709824667185e-11
63,5,1,1.478525710457677e-11
63,5,2,1.48009965412204e-11
63,5,3,1.478772210416235e-11
63,5,4,1.4787060298150994e-11
63,5,5,1.478723132880417e-11
63,5,6,1.4783699549267413e-11
63,5,7,1.4786976335991977e-11
63,5,8,1.478781046881563e-11
63,5,9,1.478354251646959e-11
63,5,10,1.4786358412651365e-11
63,6,1,1.478538657215197e-11
63,6,2,1.4787549707986938e-11
63,6,3,1.478752290884934e-11
63,6,4,1.4787627111429715e-11
63,6,5,1.4786570453596472e-11
63,6,6,1.4787581017665144e-11
63,6,7,1.478528684658219e-11
63,6,8,1.4787517074140608e-11
63,6,9,1.4785446532277392e-11
63,6,10,1.4785227767058162e-11
63,7,1,1.4783900078815865e-11
63,7,2,7.169415937450151e-7
63,7,3,1.4783453512341156e-11
63,7,4,1.4783286744520114e-11
63,7,5,1.4588832786871083e-11
63,7,6,1.478155500390263e-11
63,7,7,1.6385797675174703e-11
63,7,8,1.4446629783953212e-11
63,7,9,1.4787433549157272e-11
63,7,10,1.6820926243124888e-6
63,8,1,1.68213855580956e-6
63,8,2,0.0004141007195484259
63,8,3,1.68213857698393e-6
63,8,4,1.6821386364800806e-6
63,8,5,1.6821403681151135e-6
63,8,6,1.6825520926658198e-6
63,8,7,1.682140816302823e-6
63,8,8,1.6820958955492657e-6
63,8,9,1.6821384008247387e-6
63,8,10,0.00163954662486107
63,9,1,1.6821433498907415e-6
63,9,2,1.6820976806503045e-6
63,9,3,0.003618408839573368
63,9,4,0.0032989068330163194
63,9,5,1.68214244059916e-6
63,9,6,1.6821423838316672e-6
63,9,7,1.6821459096719484e-6
63,9,8,1.6821031042993607e-6
63,9,9,1.6821418974332334e-6
63,9,10,1.68214821860449e-6
63,10,1,1.6821540388893214e-6
63,10,2,1.682185836533156e-6
63,10,3,1.682153990477678e-6
63,10,4,1.6821540530525883e-6
63,10,5,1.6821552518191018e-6
63,10,6,1.6821549838656264e-6
63,10,7,1.6821541231188594e-6
63,10,8,0.002336869150426687
63,10,9,1.6821538730303954e-6
63,10,10,1.682155882907774e-6
63,11,1,1.6821626402413556e-6
63,11,2,1.6821726133246752e-6
63,11,3,1.6821627085361632e-6
63,11,4,1.6821626522467748e-6
63,11,5,1.6821624887536974e-6
63,11,6,1.6821620072767181e-6
63,11,7,1.6821627253770541e-6
63,11,8,1.6821868271668322e-6
63,11,9,1.6821638018817978e-6
63,11,10,1.6821632528880061e-6
63,12,1,1.6821647052148244e-6
63,12,2,1.6821651522548648e-6
63,12,3,1.6821649445180914e-6
63,12,4,1.6821649139349978e-6
63,12,5,1.6821659139210531e-6
63,12,6,1.6821657426088003e-6
63,12,7,1.6821646667925843e-6
63,12,8,1.6821725618901607e-6
63,12,9,1.682164576063809e-6
63,12,10,1.682165215026472e-6
63,13,1,1.682164691583208e-6
63,13,2,1.6821633635531313e-6
63,13,3,1.6821649271509899e-6
63,13,4,1.6821648287588774e-6
63,13,5,1.6821641807405415e-6
63,13,6,1.6821640052219522e-6
63,13,7,1.6821645281056697e-6
63,13,8,1.6821723905857508e-6
63,13,9,1.6821647066956483e-6
63,13,10,1.6821652722413646e-6
63,14,1,1.682163846410974e-6
63,14,2,1.6821641050348875e-6
63,14,3,1.6821639782204098e-6
63,14,4,1.682163944388209e-6
63,14,5,1.682164721632523e-6
63,14,6,1.6821629486726073e-6
63,14,7,1.6821658704069504e-6
63,14,8,1.6821787633098723e-6
63,14,9,1.6821637977062178e-6
63,14,10,1.6821642980333761e-6
63,15,1,1.6821570602467945e-6
63,15,2,1.6821722495132992e-6
63,15,3,1.6821571129303999e-6
63,15,4,1.6821570705422219e-6
63,15,5,1.6821580097141504e-6
63,15,6,1.682158135507051e-6
63,15,7,1.682158094733047e-6
63,15,8,1.6823562241669451e-6
63,15,9,1.6821569092668512e-6
63,15,10,1.6821597203740453e-6
63,16,1,1.682149962755036e-6
63,16,2,1.6823877506184823e-6
63,16,3,1.6821496002303884e-6
63,16,4,1.682149482977838e-6
63,16,5,1.6821489019225563e-6
63,16,6,1.6821489893946478e-6
63,16,7,1.682148971361909e-6
63,16,8,0.0019529657829665853
63,16,9,1.6821494909940394e-6
63,16,10,1.6821506897805698e-6
63,17,1,1.682127399129369e-6
63,17,2,0.00015207425668071627
63,17,3,1.6821275918192274e-6
63,17,4,1.682127492847729e-6
63,17,5,1.480142128176836e-11
63,17,6,1.4476996672997125e-11
63,17,7,1.4648484789749488e-11
63,17,8,0.0003364294171643434
63,17,9,1.6821281894126463e-6
63,17,10,0.00042093872752710967
63,18,1,1.4780716512966867e-11
63,18,2,1.4786305225461745e-11
63,18,3,1.4825207518631715e-11
63,18,4,1.478406656579641e-11
63,18,5,1.4783562094427153e-11
63,18,6,1.4785794239389107e-11
63,18,7,1.4785489892032863e-11
63,18,8,1.4825485819008895e-11
63,18,9,1.4822610539470976e-11
63,18,10,1.482396344142542e-11
63,19,1,1.4786077921052318e-11
63,19,2,1.4786362502529507e-11
63,19,3,1.4783153347255892e-11
63,19,4,1.4786850870033714e-11
63,19,5,1.4786255485569047e-11
63,19,6,1.4787246865982852e-11
63,19,7,1.4786291071805403e-11
63,19,8,1.4787191156017332e-11
63,19,9,1.4786208931067292e-11
63,19,10,1.4786353972799797e-11
63,20,1,1.4783627812334607e-11
63,20,2,1.4784302349267994e-11
63,20,3,1.4785485035208257e-11
63,20,4,1.4800459156899386e-11
63,20,5,1.4802158530737988e-11
63,20,6,1.478420773693439e-11
63,20,7,1.4785536194550237e-11
63,20,8,1.4786188285223548e-11
63,20,9,1.480154458138174e-11
63,20,10,1.4784247508368608e-11
63,21,1,1.4787968093960135e-11
63,21,2,1.478671933533658e-11
63,21,3,1.478710985725538e-11
63,21,4,1.478714928271127e-11
63,21,5,1.4788336466845658e-11
63,21,6,1.478673043843889e-11
63,21,7,1.478517404660757e-11
63,21,8,1.4787867512329435e-11
63,21,9,1.4784566257325916e-11
63,21,10,1.4787088824244642e-11
63,22,1,1.4786923321814855e-11
63,22,2,1.4786843975275506e-11
63,22,3,1.4785066321349897e-11
63,22,4,1.4785539137120785e-11
63,22,5,1.4787345564323775e-11
63,22,6,1.4785135956629093e-11
63,22,7,1.4786960036270116e-11
63,22,8,1.4787881447389274e-11
63,22,9,1.4786107401561433e-11
63,22,10,1.478645025544467e-11
63,23,1,1.4788257799882082e-11
63,23,2,1.478606930243482e-11
63,23,3,1.4785313480301922e-11
63,23,4,1.4787124440348402e-11
63,23,5,1.4786046618242186e-11
63,23,6,1.4801222289937808e-11
63,23,7,1.4931932475545896e-11
63,23,8,1.4786955869448445e-11
63,23,9,1.4786073282780678e-11
63,23,10,1.478688614058838e-11
63,24,1,1.478570851027477e-11
63,24,2,1.4785542832149545e-11
63,24,3,1.4785600615695857e-11
63,24,4,1.4785632178802483e-11
63,24,5,1.4829394202755728e-11
63,24,6,1.4787882580675746e-11
63,24,7,1.478778770495772e-11
63,24,8,1.478783807356247e-11
63,24,9,1.4785877880244416e-11
63,24,10,1.4800072662515713e-11
64,1,1,1.6753452461504055e-5
64,1,2,0.0022753014490269753
64,1,3,1.6753452083859633e-5
64,1,4,1.675345187983029e-5
64,1,5,1.6753453305732124e-5
64,1,6,1.6753453408913568e-5
64,1,7,1.675345238446192e-5
64,1,8,0.006155295394862351
64,1,9,1.675345195820037e-5
64,1,10,1.6753484242524467e-5
64,2,1,1.675345095996911e-5
64,2,2,0.0033157101956254966
64,2,3,1.675345621147933e-5
64,2,4,1.675496200548712e-5
64,2,5,1.6753455808781734e-5
64,2,6,1.6753457682957184e-5
64,2,7,1.675345082611866e-5
64,2,8,1.6753401353506372e-5
64,2,9,1.675345041310871e-5
64,2,10,1.675345128793298e-5
64,3,1,1.6753457771660893e-5
64,3,2,1.675370662355865e-5
64,3,3,1.675345856614984e-5
64,3,4,1.6753457186122365e-5
64,3,5,1.6753457392808765e-5
64,3,6,1.6753460000311127e-5
64,3,7,1.6753457746674834e-5
64,3,8,0.007133740587608015
64,3,9,1.6753457241624246e-5
64,3,10,1.675345889721901e-5
64,4,1,1.6753456212299648e-5
64,4,2,1.6753457829029117e-5
64,4,3,1.6753455911087827e-5
64,4,4,1.6753455705745495e-5
64,4,5,1.6753455893318668e-5
64,4,6,1.6753456578981806e-5
64,4,7,1.6753457470801655e-5
64,4,8,0.004081757339909134
64,4,9,1.6753455716450626e-5
64,4,10,1.6754203126754446e-5
64,5,1,1.6753449053723663e-5
64,5,2,1.6753449374389944e-5
64,5,3,1.6753453460931934e-5
64,5,4,1.6753455222200098e-5
64,5,5,1.6753453516113766e-5
64,5,6,1.67534489864016e-5
64,5,7,1.6753472074720498e-5
64,5,8,0.005099325572352464
64,5,9,1.675344864242696e-5
64,5,10,0.0003952310345808091
64,6,1,1.675344924224259e-5
64,6,2,1.6753598228963722e-5
64,6,3,1.6753448189845985e-5
64,6,4,1.6753447986462752e-5
64,6,5,1.675344832675727e-5
64,6,6,1.675344876629786e-5
64,6,7,1.675344974431019e-5
64,6,8,0.006078689592920423
64,6,9,1.675344803739738e-5
64,6,10,0.0018377761965889072
64,7,1,1.6753440160153274e-5
64,7,2,1.6753395370825154e-5
64,7,3,0.0013396292209824528
64,7,4,1.6753454322547997e-5
64,7,5,1.675344017644494e-5
64,7,6,1.675344017802204e-5
64,7,7,1.6753440431214178e-5
64,7,8,0.007600614502961061
64,7,9,0.0002876383830947968
64,7,10,1.675339865098501e-5
64,8,1,1.675344616582617e-5
64,8,2,0.00045878354757835087
64,8,3,1.675344613211753e-5
64,8,4,1.6753447501439178e-5
64,8,5,1.6753448568114795e-5
64,8,6,1.6753924265891138e-5
64,8,7,1.6753449136095957e-5
64,8,8,1.6753398271957708e-5
64,8,9,1.675344598499074e-5
64,8,10,0.003304551641301014
64,9,1,1.6753451215743755e-5
64,9,2,1.6753436022277878e-5
64,9,3,0.005009786584731784
64,9,4,0.0042142438807528555
64,9,5,1.6753448640384795e-5
64,9,6,1.6753448505837897e-5
64,9,7,1.675345406378734e-5
64,9,8,1.6753406197316692e-5
64,9,9,1.6753447982786165e-5
64,9,10,1.675345591171761e-5
64,10,1,1.6753462141845073e-5
64,10,2,1.6753487822853364e-5
64,10,3,1.6753462454254016e-5
64,10,4,1.675346221469241e-5
64,10,5,1.675346416525202e-5
64,10,6,1.6753463585551173e-5
64,10,7,1.67534635424745e-5
64,10,8,0.004348147860845311
64,10,9,1.6753462213615944e-5
64,10,10,1.6753464225889274e-5
64,11,1,1.6753470400104018e-5
64,11,2,1.6753483107946287e-5
64,11,3,1.6753470807189276e-5
64,11,4,1.6753470597586416e-5
64,11,5,1.675347122352521e-5
64,11,6,1.6753471246631016e-5
64,11,7,1.6753471856459047e-5
64,11,8,1.675350088112871e-5
64,11,9,1.6753472106863464e-5
64,11,10,1.6753472059904303e-5
64,12,1,1.6753472571998423e-5
64,12,2,1.6753474439589575e-5
64,12,3,1.6753473101718754e-5
64,12,4,1.675347287240388e-5
64,12,5,1.6753475386906422e-5
64,12,6,1.675347519243053e-5
64,12,7,1.6753473834141574e-5
64,12,8,1.6753483600373282e-5
64,12,9,1.67534728620744e-5
64,12,10,1.675347405096248e-5
64,13,1,1.67534725360895e-5
64,13,2,1.675347128981119e-5
64,13,3,1.675347311934919e-5
64,13,4,1.675347286240762e-5
64,13,5,1.675347327028031e-5
64,13,6,1.67534733474038e-5
64,13,7,1.6753473708640382e-5
64,13,8,1.6753482353646256e-5
64,13,9,1.6753472901849872e-5
64,13,10,1.675347409382235e-5
64,14,1,1.6753471803775224e-5
64,14,2,1.6753473559022532e-5
64,14,3,1.675347233557461e-5
64,14,4,1.6753472097574467e-5
64,14,5,1.6753474140024386e-5
64,14,6,1.675347240771684e-5
64,14,7,1.6753476039415207e-5
64,14,8,1.6753490968255516e-5
64,14,9,1.675347212949689e-5
64,14,10,1.675347331452202e-5
64,15,1,1.675346522170526e-5
64,15,2,1.675348346462032e-5
64,15,3,1.675346583605772e-5
64,15,4,1.675346555767219e-5
64,15,5,1.675346752469547e-5
64,15,6,1.6753467681412274e-5
64,15,7,1.6753467541500904e-5
64,15,8,1.6753679048160573e-5
64,15,9,1.6753465525824815e-5
64,15,10,1.675346938699483e-5
64,16,1,1.675345685858794e-5
64,16,2,1.6753711333559527e-5
64,16,3,1.67534575954138e-5
64,16,4,1.6753457357730776e-5
64,16,5,1.6753458257249486e-5
64,16,6,1.6753458612826935e-5
64,16,7,1.6753458151303012e-5
64,16,8,0.004397686729971829
64,16,9,1.6753457351919256e-5
64,16,10,1.6753460152327626e-5
64,17,1,1.675343439942835e-5
64,17,2,0.004247429892102735
64,17,3,1.6753434994832195e-5
64,17,4,1.6753434655364425e-5
64,17,5,1.6753437717854503e-5
64,17,6,1.6753434657021174e-5
64,17,7,0.0006647965180516599
64,17,8,0.004961542816014338
64,17,9,1.6753436813556355e-5
64,17,10,0.0054300841911479195
64,18,1,1.6753415311679277e-5
64,18,2,0.004425262791333199
64,18,3,1.6753620130537345e-5
64,18,4,1.6753416536741274e-5
64,18,5,1.6753418342077065e-5
64,18,6,1.6753417200675134e-5
64,18,7,0.0015846969652695826
64,18,8,0.005548078580192809
64,18,9,0.0016978605482283655
64,18,10,0.0040550911514974025
64,19,1,1.6753405298422275e-5
64,19,2,0.004827907701900076
64,19,3,1.675338423419547e-5
64,19,4,1.6753410398283737e-5
64,19,5,0.0011676623834335409
64,19,6,0.006075866002224695
64,19,7,0.0027532257351603638
64,19,8,0.0066424935352054175
64,19,9,0.00022293922428900245
64,19,10,0.00472041707681267
64,20,1,1.6753401235456278e-5
64,20,2,0.0034258162272440824
64,20,3,0.0008532391845365346
64,20,4,1.6753402119264228e-5
64,20,5,0.0007827603317910628
64,20,6,0.0017507764227617714
64,20,7,0.0020132776855346264
64,20,8,0.0046656042633512786
64,20,9,1.6753407551316947e-5
64,20,10,0.0033786642666209484
64,21,1,1.675341147462999e-5
64,21,2,0.0017384411437568485
64,21,3,0.000951267550360234
64,21,4,1.675341161139311e-5
64,21,5,1.6753435523219275e-5
64,21,6,0.0001602205156080289
64,21,7,0.000300231403250989
64,21,8,0.005141312913177483
64,21,9,1.675340951580931e-5
64,21,10,0.00482897579794362
64,22,1,1.6753421961071255e-5
64,22,2,0.0034887799419299824
64,22,3,1.675344503519824e-5
64,22,4,1.6753423283696112e-5
64,22,5,1.6753421985857082e-5
64,22,6,0.0005619744559385102
64,22,7,0.002095071384867495
64,22,8,0.005358623231906771
64,22,9,1.6753423397356008e-5
64,22,10,0.002125058685111868
64,23,1,1.6753432135517518e-5
64,23,2,0.002788750301037283
64,23,3,1.6753431896580383e-5
64,23,4,1.6753433081777065e-5
64,23,5,1.6753435048760753e-5
64,23,6,0.0007371709531156878
64,23,7,1.6753455582206838e-5
64,23,8,0.005066463610762389
64,23,9,1.6753433580657157e-5
64,23,10,0.0038883945364607928
64,24,1,1.6753444144537256e-5
64,24,2,0.0008360081500952409
64,24,3,1.6753444224958122e-5
64,24,4,1.6753444331061077e-5
64,24,5,1.6753445555512102e-5
64,24,6,1.6753454516165018e-5
64,24,7,1.6753445944501138e-5
64,24,8,0.0032615121597054987
64,24,9,1.6753444430426407e-5
64,24,10,0.0005854187306025332
65,1,1,1.2493088179651297e-5
65,1,2,0.0013875318898753704
65,1,3,6.788258682113369e-6
65,1,4,1.4783723821597401e-6
65,1,5,5.394439581415114e-6
65,1,6,2.234338499683204e-6
65,1,7,7.671696282783298e-6
65,1,8,0.006270950572920948
65,1,9,2.2714422103437666e-6
65,1,10,3.135434567916152e-5
65,2,1,0.0015404731389411946
65,2,2,0.0030175893267732515
65,2,3,6.762442802726777e-6
65,2,4,8.585160876998121e-6
65,2,5,7.443177540283195e-7
65,2,6,1.9193050773446957e-5
65,2,7,0.0014796763352434448
65,2,8,0.0016303146774968677
65,2,9,0.0013886229083453804
65,2,10,0.0017145294420476429
65,3,1,1.2069300174456193e-5
65,3,2,5.391523813735553e-6
65,3,3,1.7831184239965683e-6
65,3,4,1.6004826332585295e-6
65,3,5,7.626912257894994e-7
65,3,6,1.6240679998373365e-7
65,3,7,7.555012834966349e-6
65,3,8,0.006934336987829951
65,3,9,2.3709084965919743e-6
65,3,10,3.3034619494833005e-5
65,4,1,1.1826913327682843e-5
65,4,2,5.333984718676107e-6
65,4,3,6.63319723673744e-6
65,4,4,1.6005065506147973e-6
65,4,5,7.260487115801115e-7
65,4,6,1.8448018987199687e-6
65,4,7,5.0887643181917326e-8
65,4,8,0.006680485823114827
65,4,9,2.3708051026065987e-6
65,4,10,1.0145384756365305e-5
65,5,1,0.0015350514592022636
65,5,2,0.0014372471848539666
65,5,3,6.71038536257199e-6
65,5,4,8.059728782400252e-6
65,5,5,6.284057807126483e-7
65,5,6,0.0016138963690541838
65,5,7,9.919909154894415e-11
65,5,8,0.005191806283129714
65,5,9,0.0013896172213134783
65,5,10,0.000366265890944889
65,6,1,1.1746698230954768e-5
65,6,2,5.097618050862746e-6
65,6,3,6.546150435990293e-6
65,6,4,1.6728603070264234e-6
65,6,5,5.856556102566198e-7
65,6,6,1.9317372544166497e-5
65,6,7,7.897974344923527e-6
65,6,8,0.009738231092436865
65,6,9,2.42881417306403e-6
65,6,10,0.0011596837986121878
65,7,1,0.0015156797131464612
65,7,2,0.0014371683806089495
65,7,3,0.0012201714352894283
65,7,4,9.319160238286126e-6
65,7,5,0.001323143655338505
65,7,6,0.001593952539340228
65,7,7,0.001485826290964718
65,7,8,0.012315189252493336
65,7,9,0.00021458516405768087
65,7,10,0.001749481893830236
65,8,1,1.0975389284668598e-5
65,8,2,0.0003955408423326741
65,8,3,7.479202280853116e-6
65,8,4,7.70516445649254e-6
65,8,5,1.5254985905433005e-6
65,8,6,4.916412565497685e-8
65,8,7,1.1871969443925993e-5
65,8,8,0.0015965876752772562
65,8,9,2.9175786103021637e-6
65,8,10,0.003173174464913615
65,9,1,0.00015222966030331773
65,9,2,0.0011447585871452869
65,9,3,0.004960952665694533
65,9,4,0.004161515961747496
65,9,5,0.0010684473815597356
65,9,6,0.0014507444174074616
65,9,7,0.00021798633380602783
65,9,8,0.0012933496218636852
65,9,9,0.0011935326962645386
65,9,10,0.00045846542294785975
65,10,1,3.883971291493386e-5
65,10,2,9.909340177399534e-6
65,10,3,3.800586620403236e-5
65,10,4,2.439792966779039e-5
65,10,5,1.1700508491721906e-7
65,10,6,3.0020235401475162e-5
65,10,7,4.498955777168615e-5
65,10,8,0.004253751652414116
65,10,9,3.068261844796231e-5
65,10,10,4.5546995594054187e-5
65,11,1,0.0001223781604908511
65,11,2,1.3472424626907982e-5
65,11,3,0.00013730370207037536
65,11,4,0.00010421123316585678
65,11,5,9.722345027573368e-5
65,11,6,0.00022937674439919706
65,11,7,0.00015469009995509362
65,11,8,0.00020633338250887026
65,11,9,5.353087050443713e-6
65,11,10,0.00019537031360356038
65,12,1,0.00011903157377688006
65,12,2,0.00018138405056517386
65,12,3,0.00013732294759306846
65,12,4,0.00010212190151972978
65,12,5,6.128026063759872e-8
65,12,6,3.2567038689504097e-5
65,12,7,0.000182757052791623
65,12,8,0.0003670464460972202
65,12,9,0.00011024434001964591
65,12,10,0.0002602370992492149
65,13,1,0.0001196111452640958
65,13,2,0.0010031824339452496
65,13,3,0.00013924446617339184
65,13,4,0.00010250084192282837
65,13,5,0.00010627488180369158
65,13,6,0.00021519586773064087
65,13,7,0.00018074781344765663
65,13,8,0.0006622440674006806
65,13,9,0.00011089224595292562
65,13,10,0.000272032384499227
65,14,1,0.00012276768951278297
65,14,2,0.00018552437201638987
65,14,3,0.0001417699759407863
65,14,4,0.00010489153556785577
65,14,5,8.472477738316342e-7
65,14,6,0.00020669336013398658
65,14,7,2.6568058420281545e-6
65,14,8,0.00032796553190336515
65,14,9,0.00011317074820225613
65,14,10,0.0002799870203658472
65,15,1,8.377988070455644e-5
65,15,2,8.39036596892246e-6
65,15,3,8.2301549798149e-5
65,15,4,5.9252422234169836e-5
65,15,5,1.1393190187080552e-6
65,15,6,2.1254645438651938e-7
65,15,7,1.1755274472160356e-5
65,15,8,9.886660991657833e-5
65,15,9,6.925628539131292e-5
65,15,10,3.245691838529536e-5
65,16,1,8.399432114286588e-6
65,16,2,7.4479577001365264e-6
65,16,3,9.0456348284463e-6
65,16,4,2.508776614513049e-6
65,16,5,1.9787051617511e-6
65,16,6,2.5725436498588405e-7
65,16,7,1.0082835353736953e-5
65,16,8,0.0026512898912647532
65,16,9,3.448182088044065e-6
65,16,10,4.3982188702427795e-5
65,17,1,6.731216289847451e-6
65,17,2,0.0026235533788103076
65,17,3,7.532552544136307e-6
65,17,4,1.3959731757430612e-6
65,17,5,2.7054414273011846e-6
65,17,6,1.3861823500554545e-5
65,17,7,0.00041167051724540037
65,17,8,0.00503874135350738
65,17,9,4.5101809425487504e-6
65,17,10,0.003297779126135775
65,18,1,6.59442528860662e-6
65,18,2,0.0027434154859777462
65,18,3,7.285366869328846e-6
65,18,4,1.131496781895417e-6
65,18,5,3.312320019995302e-7
65,18,6,1.4821184924524926e-5
65,18,7,0.0009129952133900532
65,18,8,0.0056525380672317925
65,18,9,0.0010433051155574642
65,18,10,0.002526817785179068
65,19,1,7.008167691488116e-6
65,19,2,0.004816612149068555
65,19,3,0.0014726983331762597
65,19,4,1.3269519543502434e-6
65,19,5,0.0007123637451651688
65,19,6,0.003755228473219368
65,19,7,0.0016972120669545992
65,19,8,0.01064106007944574
65,19,9,0.00013147162102009128
65,19,10,0.004729266824849792
65,20,1,0.001484149341420493
65,20,2,0.0045283782630263746
65,20,3,0.0021250354072822907
65,20,4,0.001360398904310793
65,20,5,0.0018877939029248525
65,20,6,0.003107386402574097
65,20,7,0.0032000739829484474
65,20,8,0.008693281816497445
65,20,9,0.0013838095315389634
65,20,10,0.004797747656646854
65,21,1,4.2932946364618105e-6
65,21,2,0.0012096250951951618
65,21,3,0.0005746439186598735
65,21,4,6.454269551944316e-6
65,21,5,2.9208349449258898e-6
65,21,6,0.00011089972493459972
65,21,7,0.00018362533180223147
65,21,8,0.008361858147339519
65,21,9,2.0795216354578437e-6
65,21,10,0.002984306772055736
65,22,1,8.25865804834919e-6
65,22,2,0.002136411503625628
65,22,3,8.132303377947146e-7
65,22,4,7.056427511768519e-6
65,22,5,1.7386480780527265e-7
65,22,6,0.00035875883840635035
65,22,7,0.0012489658282464583
65,22,8,0.005456622656466037
65,22,9,5.48307737119949e-6
65,22,10,0.0013270296020398188
65,23,1,8.208830641467547e-6
65,23,2,0.0017211694986399074
65,23,3,6.9372281206227e-6
65,23,4,7.110193418436412e-6
65,23,5,1.6167700913563232e-6
65,23,6,0.00044501594602809483
65,23,7,9.365017014343113e-6
65,23,8,0.005149128539699929
65,23,9,5.537539914574083e-6
65,23,10,0.002360424460053616
65,24,1,7.871002280442385e-6
65,24,2,0.0005170307661421855
65,24,3,7.13583057558565e-6
65,24,4,1.2283575472406745e-6
65,24,5,7.848492393377462e-6
65,24,6,1.211092955731966e-5
65,24,7,9.920133714096304e-6
65,24,8,0.00331917402209311
65,24,9,2.062497849760534e-6
65,24,10,0.00037373177555721413
66,1,1,0.00023285137908886624
66,1,2,0.002501636612366818
66,1,3,0.00026067376512135235
66,1,4,0.00030521260349278105
66,1,5,0.00043448325425402717
66,1,6,0.00011793933705257697
66,1,7,0.000255637967489884
66,1,8,0.010314190312747492
66,1,9,0.00029558646488021714
66,1,10,0.00017663859818181193
66,2,1,0.0003532217449606067
66,2,2,0.00213664316526755
66,2,3,0.00026082648633147636
66,2,4,0.0004589617639642855
66,2,5,0.0003170915180054008
66,2,6,0.00020887170478022844
66,2,7,0.0003257400358206162
66,2,8,0.00039481788348347344
66,2,9,0.0002856723798343693
66,2,10,0.0004348003166045117
66,3,1,0.00023461427542812683
66,3,2,0.0002694751918469483
66,3,3,0.00039612556059159977
66,3,4,0.0003035750583326688
66,3,5,0.00031673223316626377
66,3,6,0.0003328962055863186
66,3,7,0.00025628308852606094
66,3,8,0.004492014190625643
66,3,9,0.00029451713827272785
66,3,10,0.00017290539650653228
66,4,1,0.00023563954309460027
66,4,2,0.00026986354979681714
66,4,3,0.0002615960961490709
66,4,4,0.00030357473748107114
66,4,5,0.00031745339785110995
66,4,6,0.00012078398382916549
66,4,7,0.00035512264063614903
66,4,8,0.004120942618407355
66,4,9,0.0002945182291665099
66,4,10,0.00024313065807205403
66,5,1,0.00035074846958828233
66,5,2,0.0003069007183478433
66,5,3,0.00026113543456011615
66,5,4,0.00045525156850346213
66,5,5,0.00031947368817127
66,5,6,0.00038713222164689056
66,5,7,0.0003469874793770445
66,5,8,0.00857286111091596
66,5,9,0.0002861024804888368
66,5,10,0.00031912153584372037
66,6,1,0.00023598163867197044
66,6,2,0.00027148766221552623
66,6,3,0.0002621192884311384
66,6,4,0.00030263578257491843
66,6,5,0.0003204096270761316
66,6,6,0.0002084814481666927
66,6,7,0.00025440304544396044
66,6,8,0.006246643505043221
66,6,9,0.00029390574430073163
66,6,10,0.001198525578880957
66,7,1,0.0003419470459595601
66,7,2,0.0003068659924210096
66,7,3,0.0015019749814278187
66,7,4,0.0004639909608282996
66,7,5,0.0002577309720448114
66,7,6,0.0003778459421419383
66,7,7,0.00032849432954876293
66,7,8,0.012473098805602557
66,7,9,0.0005743043490314685
66,7,10,0.0004518812863412168
66,8,1,0.0002393458315967919
66,8,2,0.0005664777463604045
66,8,3,0.0002567053083739357
66,8,4,0.0004526857625161916
66,8,5,0.00039233071249885894
66,8,6,0.0003549500470983865
66,8,7,0.00023544799945402557
66,8,8,0.00048244968260832834
66,8,9,0.0002890343078007456
66,8,10,0.002034283034818606
66,9,1,2.7126974122783787e-7
66,9,2,0.0004998594034183828
66,9,3,0.003258313548120267
66,9,4,0.002787867446643026
66,9,5,0.00038059106912832476
66,9,6,0.0005191601894085247
66,9,7,3.2134481867832324e-6
66,9,8,0.00048425117371446745
66,9,9,0.0004119815289039268
66,9,10,6.611242505248702e-5
66,10,1,4.023213214029286e-5
66,10,2,0.00024423871460007635
66,10,3,4.104983656169323e-5
66,10,4,5.7388153186698766e-5
66,10,5,0.00035932200148334434
66,10,6,0.00017970387259262543
66,10,7,3.46886349153754e-5
66,10,8,0.002734719267354308
66,10,9,4.90507112112772e-5
66,10,10,0.0001487090136535884
66,11,1,3.017764223209268e-6
66,11,2,0.00022891284143625724
66,11,3,1.2375233939686587e-6
66,11,4,6.5103763731434706e-6
66,11,5,8.314784240645032e-6
66,11,6,4.64716885287724e-6
66,11,7,1.8160463765287542e-7
66,11,8,1.991393542599561e-6
66,11,9,0.00026973410127229
66,11,10,1.0864814302001237e-6
66,12,1,3.5434354434133514e-6
66,12,2,3.096399269322182e-7
66,12,3,1.2358142021567552e-6
66,12,4,7.020398721956373e-6
66,12,5,0.0003559124870111278
66,12,6,0.00017393055299748828
66,12,7,3.659802513704077e-7
66,12,8,3.5788905875098326e-5
66,12,9,5.170038639989142e-6
66,12,10,9.58847305848988e-6
66,13,1,3.4488419157202554e-6
66,13,2,0.0006228190104920262
66,13,3,1.0686640134601742e-6
66,13,4,6.926088352856897e-6
66,13,5,6.030121137017266e-6
66,13,6,2.8975343628458366e-6
66,13,7,2.850619083443265e-7
66,13,8,0.0001501182025650748
66,13,9,5.037209011162886e-6
66,13,10,1.1842223229102296e-5
66,14,1,2.9597820834947536e-6
66,14,2,4.93048309931464e-7
66,14,3,8.689848483833357e-7
66,14,4,6.34946892906471e-6
66,14,5,0.0003151344903437445
66,14,6,2.025231882879129e-6
66,14,7,0.0002915727618354668
66,14,8,2.4825365368434682e-5
66,14,9,4.587031712087112e-6
66,14,10,1.3465441964315974e-5
66,15,1,1.2657363343279284e-5
66,15,2,0.0002517855311131212
66,15,3,1.3213675651096942e-5
66,15,4,2.4459077654681548e-5
66,15,5,0.0003860208293371484
66,15,6,0.00033088028959202953
66,15,7,0.00023594502456863325
66,15,8,7.864874439678139e-6
66,15,9,1.8924000029175132e-5
66,15,10,0.00017417348887480637
66,16,1,0.0002517381276972671
66,16,2,0.00025688066001232736
66,16,3,0.0002484383268389311
66,16,4,0.00029307443531963493
66,16,5,0.00039883752548704237
66,16,6,0.00036531665491991986
66,16,7,0.0002434216142576608
66,16,8,0.004549006179941908
66,16,9,0.0002842290395196907
66,16,10,0.00015144101160216494
66,17,1,0.00026101158418623824
66,17,2,0.004489756664870255
66,17,3,0.00025640786823827945
66,17,4,0.0003063586681162748
66,17,5,0.000407959449579088
66,17,6,0.0002273957119446338
66,17,7,0.00043964375820739696
66,17,8,0.008324672481288242
66,17,9,0.000426613937803707
66,17,10,0.005612078294987301
66,18,1,0.0002618285514017959
66,18,2,0.004648480512733709
66,18,3,0.00025779691576151265
66,18,4,0.0003103030274104295
66,18,5,0.0003269195191542906
66,18,6,0.00022376727875062004
66,18,7,0.0017537692726118063
66,18,8,0.009323615029824987
66,18,9,0.0020931616860421286
66,18,10,0.004177479239007005
66,19,1,0.0002593862269856786
66,19,2,0.0030833291275213282
66,19,3,0.0003226220374838879
66,19,4,0.00030734667035788314
66,19,5,0.0013953552870153278
66,19,6,0.003983207928806268
66,19,7,0.0029351218649670374
66,19,8,0.0069524320040150744
66,19,9,0.0004583169167672866
66,19,10,0.002966838826900555
66,20,1,0.0003277427073855912
66,20,2,0.002222383427899567
66,20,3,0.0010706711308800696
66,20,4,0.0002735351925145444
66,20,5,0.0009430068391814728
66,20,6,0.002021147970634311
66,20,7,0.0022244663431424754
66,20,8,0.00479679666891712
66,20,9,0.0002835926882208446
66,20,10,0.003657467920956515
66,21,1,0.00042458038828149005
66,21,2,0.0021369846194328624
66,21,3,0.001209434024189451
66,21,4,0.00044318938108713144
66,21,5,0.00041043679856009503
66,21,6,0.00027688557926876115
66,21,7,0.0004584264467670073
66,21,8,0.005291423256395038
66,21,9,0.00029772373168299556
66,21,10,0.005080600419160665
66,22,1,0.0002524765573327857
66,22,2,0.0037071249581625667
66,22,3,0.00037984135721305613
66,22,4,0.0004478532544125466
66,22,5,0.0003324098117506033
66,22,6,0.0006570430273020925
66,22,7,0.002326281668154702
66,22,8,0.009016533771041018
66,22,9,0.0004352390681909996
66,22,10,0.002213794812907082
66,23,1,0.0002527397352117917
66,23,2,0.0029885523628312067
66,23,3,0.0002597990133600025
66,23,4,0.0004482609641249537
66,23,5,0.00039370739067786986
66,23,6,0.0005034724279775701
66,23,7,0.00024685873920169955
66,23,8,0.008511983958366394
66,23,9,0.00043570068677668144
66,23,10,0.00409657181901845
66,24,1,0.0002545491351085681
66,24,2,0.0010255287464255196
66,24,3,0.000258649630346073
66,24,4,0.00030880693680751986
66,24,5,0.00022369663019196015
66,24,6,0.00023443945457901817
66,24,7,0.0002441875599571133
66,24,8,0.0054971160314677085
66,24,9,0.00029791855179862116
66,24,10,0.0006528504329205907
67,1,1,1.294707302506691e-5
67,1,2,0.0022626840249091356
67,1,3,1.2947072652525865e-5
67,1,4,1.2947072426194204e-5
67,1,5,1.2947073833749303e-5
67,1,6,1.2947073979411457e-5
67,1,7,1.294707292621367e-5
67,1,8,0.006216601638628041
67,1,9,1.2947072480458125e-5
67,1,10,1.2947104797103385e-5
67,2,1,1.2947071516116086e-5
67,2,2,0.003296584008967974
67,2,3,1.2947076758701344e-5
67,2,4,1.2948557964548871e-5
67,2,5,1.2947076328600716e-5
67,2,6,1.2947078210084371e-5
67,2,7,1.29470714014265e-5
67,2,8,1.2947022060919064e-5
67,2,9,1.2947070969919897e-5
67,2,10,1.2947071830641371e-5
67,3,1,1.2947078330123051e-5
67,3,2,1.2947327425660864e-5
67,3,3,1.2947079116421142e-5
67,3,4,1.2947077753988459e-5
67,3,5,1.2947077940655403e-5
67,3,6,1.294708052572823e-5
67,3,7,1.2947078269419134e-5
67,3,8,0.004379630808484158
67,3,9,1.2947077786517587e-5
67,3,10,1.294707942969091e-5
67,4,1,1.2947076749529973e-5
67,4,2,1.2947078361532413e-5
67,4,3,1.2947076465827212e-5
67,4,4,1.2947076246724256e-5
67,4,5,1.2947076437856299e-5
67,4,6,1.2947077135958609e-5
67,4,7,1.2947078026214951e-5
67,4,8,0.004104097503918406
67,4,9,1.2947076267679846e-5
67,4,10,1.2947815371567053e-5
67,5,1,1.2947069612752921e-5
67,5,2,1.2947069929556359e-5
67,5,3,1.2947074014043497e-5
67,5,4,1.294707552280245e-5
67,5,5,1.2947074044434848e-5
67,5,6,1.2947069552638056e-5
67,5,7,1.2947092623881284e-5
67,5,8,0.0051531692617346764
67,5,9,1.2947069196918186e-5
67,5,10,0.0003911772522290559
67,6,1,1.2947069779725766e-5
67,6,2,1.2947219063115417e-5
67,6,3,1.294706875480811e-5
67,6,4,1.2947068546523809e-5
67,6,5,1.2947068883551911e-5
67,6,6,1.2947069311539975e-5
67,6,7,1.2947070295265595e-5
67,6,8,0.0061241876459667815
67,6,9,1.2947068584511285e-5
67,6,10,0.001826308241810625
67,7,1,1.294706070543625e-5
67,7,2,1.2947016599377934e-5
67,7,3,0.0013333901342675958
67,7,4,1.2947074888274782e-5
67,7,5,1.2947060730271521e-5
67,7,6,1.2947060741498926e-5
67,7,7,1.2947060987140624e-5
67,7,8,0.007683260625337445
67,7,9,0.000284382506849242
67,7,10,1.2947019315031984e-5
67,8,1,1.2947066707451473e-5
67,8,2,0.0004545226764571808
67,8,3,1.294706668092139e-5
67,8,4,1.2947068052766527e-5
67,8,5,1.2947069118917519e-5
67,8,6,1.2947540811770924e-5
67,8,7,1.294706961409317e-5
67,8,8,1.2947018996918638e-5
67,8,9,1.2947066521424984e-5
67,8,10,0.0032879183798244513
67,9,1,1.2947071786701276e-5
67,9,2,1.2947056809381023e-5
67,9,3,0.004980904520796242
67,9,4,0.004190947894425478
67,9,5,1.2947069190111829e-5
67,9,6,1.2947069066369596e-5
67,9,7,1.2947074605719092e-5
67,9,8,1.2947026927112646e-5
67,9,9,1.2947068557759082e-5
67,9,10,1.2947076476391006e-5
67,10,1,1.2947082695884706e-5
67,10,2,1.2947108358725645e-5
67,10,3,1.2947082997912901e-5
67,10,4,1.2947082785044197e-5
67,10,5,1.2947084561112735e-5
67,10,6,1.2947084135170903e-5
67,10,7,1.2947084087269123e-5
67,10,8,0.00266843032068733
67,10,9,1.2947082765099934e-5
67,10,10,1.2947084760069687e-5
67,11,1,1.2947090960306717e-5
67,11,2,1.294710366493569e-5
67,11,3,1.294709136313472e-5
67,11,4,1.2947091145420799e-5
67,11,5,1.2947091776382966e-5
67,11,6,1.2947091795813548e-5
67,11,7,1.2947092390282814e-5
67,11,8,1.2947121449947631e-5
67,11,9,1.29470926388882e-5
67,11,10,1.2947092599147319e-5
67,12,1,1.294709312501665e-5
67,12,2,1.2947094980947029e-5
67,12,3,1.2947093652889107e-5
67,12,4,1.2947093405611999e-5
67,12,5,1.2947095947213497e-5
67,12,6,1.2947095725981549e-5
67,12,7,1.2947094363378593e-5
67,12,8,1.2947104149940569e-5
67,12,9,1.294709342146935e-5
67,12,10,1.2947094597056212e-5
67,13,1,1.2947093113650647e-5
67,13,2,1.2947091837007611e-5
67,13,3,1.2947093665545743e-5
67,13,4,1.2947093413427441e-5
67,13,5,1.294709382763674e-5
67,13,6,1.2947093897666352e-5
67,13,7,1.2947094273094746e-5
67,13,8,1.2947102903823837e-5
67,13,9,1.2947093456832449e-5
67,13,10,1.2947094659541173e-5
67,14,1,1.2947092366628875e-5
67,14,2,1.2947094121929404e-5
67,14,3,1.2947092882450725e-5
67,14,4,1.2947092651407893e-5
67,14,5,1.2947094693641764e-5
67,14,6,1.2947092955477852e-5
67,14,7,1.294709658375066e-5
67,14,8,1.294711152657524e-5
67,14,9,1.2947092675351813e-5
67,14,10,1.2947093854232684e-5
67,15,1,1.2947085778141043e-5
67,15,2,1.294710401520426e-5
67,15,3,1.2947086366896226e-5
67,15,4,1.2947086113732447e-5
67,15,5,1.2947088058438281e-5
67,15,6,1.2947088233005244e-5
67,15,7,1.2947088082104193e-5
67,15,8,1.2947299881293688e-5
67,15,9,1.2947086076365655e-5
67,15,10,1.2947089925352873e-5
67,16,1,1.2947077435824246e-5
67,16,2,1.294733214685174e-5
67,16,3,1.2947078124847354e-5
67,16,4,1.2947077902306569e-5
67,16,5,1.2947078781077905e-5
67,16,6,1.2947079159210394e-5
67,16,7,1.2947078698962582e-5
67,16,8,0.004369281691741765
67,16,9,1.2947077902015364e-5
67,16,10,1.2947080679601692e-5
67,17,1,1.2947054964048925e-5
67,17,2,0.004232080772330061
67,17,3,1.2947055579567305e-5
67,17,4,1.2947055225280412e-5
67,17,5,1.2947058244455106e-5
67,17,6,1.2947055223535055e-5
67,17,7,0.0006625321551980288
67,17,8,0.005009876309210869
67,17,9,1.2947057345056365e-5
67,17,10,0.005396895457955652
67,18,1,1.2947035921797182e-5
67,18,2,0.004406924773499087
67,18,3,1.2947246395144207e-5
67,18,4,1.2947037311182174e-5
67,18,5,1.2947038543271351e-5
67,18,6,1.2947037463000553e-5
67,18,7,0.0015747999982790772
67,18,8,0.0055981515267904
67,18,9,0.0016890215023950808
67,18,10,0.004038362883312919
67,19,1,1.2947025963190704e-5
67,19,2,0.004807187978342199
67,19,3,1.2947004852940264e-5
67,19,4,1.2947030704104076e-5
67,19,5,0.0011599236126192732
67,19,6,0.006043462603484536
67,19,7,0.00273667103480416
67,19,8,0.006709072392576258
67,19,9,0.00021945917143751617
67,19,10,0.004700072544499509
67,20,1,1.2947021917473829e-5
67,20,2,0.003413855812490768
67,20,3,0.0008476285230247291
67,20,4,1.2947022780414523e-5
67,20,5,0.0007789384265491426
67,20,6,0.0017449946057065946
67,20,7,0.002006831957991494
67,20,8,0.004709876532801931
67,20,9,1.2947028210188998e-5
67,20,10,0.003366762982230508
67,21,1,1.2947032055290237e-5
67,21,2,0.0018521304132286592
67,21,3,0.0009466241528887314
67,21,4,1.2947032269819732e-5
67,21,5,1.294705686553481e-5
67,21,6,0.0001570692546171202
67,21,7,0.0002955121978208077
67,21,8,0.005181973846047951
67,21,9,1.2947030128980474e-5
67,21,10,0.004811928409844899
67,22,1,1.2947042535335834e-5
67,22,2,0.003466497352338733
67,22,3,1.2947065573442479e-5
67,22,4,1.2947043854026132e-5
67,22,5,1.2947042572253045e-5
67,22,6,0.0005570690267193905
67,22,7,0.0020888646147953953
67,22,8,0.005416206534325176
67,22,9,1.2947043979883368e-5
67,22,10,0.0021159020510265916
67,23,1,1.2947052710790686e-5
67,23,2,0.0027715063449232974
67,23,3,1.2947052451069053e-5
67,23,4,1.2947053668990538e-5
67,23,5,1.2947055598623676e-5
67,23,6,0.0007352453959309408
67,23,7,1.2947076216057574e-5
67,23,8,0.005115683589300716
67,23,9,1.2947054156169464e-5
67,23,10,0.0038687541144761983
67,24,1,1.2947064691471262e-5
67,24,2,0.0008298726047760918
67,24,3,1.2947064808827133e-5
67,24,4,1.2947064877614448e-5
67,24,5,1.2947066110240019e-5
67,24,6,1.2947075068818405e-5
67,24,7,1.2947066490261505e-5
67,24,8,0.0032938676590485456
67,24,9,1.2947064963719987e-5
67,24,10,0.0005120895401815732
68,1,1,6.793948110333045e-6
68,1,2,0.002253704435129389
68,1,3,6.793947730631958e-6
68,1,4,6.7939475001246835e-6
68,1,5,6.793949026072609e-6
68,1,6,6.793949129974534e-6
68,1,7,6.7939480153768565e-6
68,1,8,0.006185012315869862
68,1,9,6.793947559839315e-6
68,1,10,6.7939802688017485e-6
68,2,1,6.793946582443387e-6
68,2,2,0.0032829227405730458
68,2,3,6.793951998283935e-6
68,2,4,6.795485495714358e-6
68,2,5,6.793951468073107e-6
68,2,6,6.793953458068881e-6
68,2,7,6.793946467417606e-6
68,2,8,6.793896916232005e-6
68,2,9,6.793946032974924e-6
68,2,10,6.793946901014018e-6
68,3,1,6.7939534666414285e-6
68,3,2,6.794200266539323e-6
68,3,3,6.793954342640833e-6
68,3,4,6.793952889192358e-6
68,3,5,6.79395308295899e-6
68,3,6,6.793955880456014e-6
68,3,7,6.79395340491415e-6
68,3,8,0.004354983875419168
68,3,9,6.79395292372089e-6
68,3,10,6.793954631185391e-6
68,4,1,6.79395187442805e-6
68,4,2,6.793953573061489e-6
68,4,3,6.793951583898899e-6
68,4,4,6.7939513625341534e-6
68,4,5,6.793951557499953e-6
68,4,6,6.793952273718341e-6
68,4,7,6.793953323293795e-6
68,4,8,0.00408299180771908
68,4,9,6.7939513907286e-6
68,4,10,6.794734147687292e-6
68,5,1,6.793944656721024e-6
68,5,2,6.793944985210156e-6
68,5,3,6.793949094162944e-6
68,5,4,6.7939507523511915e-6
68,5,5,6.793949139923583e-6
68,5,6,6.793944597216246e-6
68,5,7,6.793968143872549e-6
68,5,8,0.005127402904147878
68,5,9,6.793944233270702e-6
68,5,10,0.0003863053755655563
68,6,1,6.793944890578563e-6
68,6,2,6.79409434215553e-6
68,6,3,6.793943791616326e-6
68,6,4,6.793943586592091e-6
68,6,5,6.793943933822867e-6
68,6,6,6.793944378172073e-6
68,6,7,6.793945446898069e-6
68,6,8,0.0060929586773878055
68,6,9,6.793943624895001e-6
68,6,10,0.0018171806984975706
68,7,1,6.793935677428075e-6
68,7,2,6.793893245500494e-6
68,7,3,0.0013272287070844346
68,7,4,6.793957865615739e-6
68,7,5,6.7939356987839815e-6
68,7,6,6.793935710612616e-6
68,7,7,6.793935956916599e-6
68,7,8,0.007644489290422996
68,7,9,0.0002816605454806397
68,7,10,6.793894516530877e-6
68,8,1,6.7939417241919356e-6
68,8,2,0.0004495016869541641
68,8,3,6.793941690125815e-6
68,8,4,6.793943193120446e-6
68,8,5,6.793944340335334e-6
68,8,6,6.794447524684418e-6
68,8,7,6.793944623522776e-6
68,8,8,6.793893850974825e-6
68,8,9,6.7939415372314014e-6
68,8,10,0.003275672535660726
68,9,1,6.7939468542978975e-6
68,9,2,6.793932796736898e-6
68,9,3,0.004961687747186131
68,9,4,0.004175058508964566
68,9,5,6.793944228416716e-6
68,9,6,6.793944100898343e-6
68,9,7,6.793949774575074e-6
68,9,8,6.793901846700044e-6
68,9,9,6.793943591883294e-6
68,9,10,6.793951649402829e-6
68,10,1,6.793957879204196e-6
68,10,2,6.793983916753628e-6
68,10,3,6.793958195314754e-6
68,10,4,6.793957971866721e-6
68,10,5,6.793959885306692e-6
68,10,6,6.793959350958612e-6
68,10,7,6.793959294099263e-6
68,10,8,0.0026554152396810657
68,10,9,6.79395794919193e-6
68,10,10,6.793959990930133e-6
68,11,1,6.79396595848006e-6
68,11,2,6.793979154206461e-6
68,11,3,6.793966361664812e-6
68,11,4,6.793966151721811e-6
68,11,5,6.7939667844167735e-6
68,11,6,6.79396679412818e-6
68,11,7,6.793967379160125e-6
68,11,8,6.793997089988972e-6
68,11,9,6.793967642909099e-6
68,11,10,6.793967604313152e-6
68,12,1,6.793968136161521e-6
68,12,2,6.793970008977305e-6
68,12,3,6.7939686761727735e-6
68,12,4,6.793968423144469e-6
68,12,5,6.79397133795614e-6
68,12,6,6.7939710736687055e-6
68,12,7,6.793969379628656e-6
68,12,8,6.7939795911759294e-6
68,12,9,6.793968443958591e-6
68,12,10,6.7939696162534615e-6
68,13,1,6.793968133492286e-6
68,13,2,6.793966838174384e-6
68,13,3,6.7939686898797825e-6
68,13,4,6.793968437058665e-6
68,13,5,6.793968844294632e-6
68,13,6,6.793968900351091e-6
68,13,7,6.793969286311191e-6
68,13,8,6.793978343575157e-6
68,13,9,6.793968480687466e-6
68,13,10,6.79396968092557e-6
68,14,1,6.79396736896739e-6
68,14,2,6.7939691259802765e-6
68,14,3,6.793967898557546e-6
68,14,4,6.793967666435907e-6
68,14,5,6.793969723247415e-6
68,14,6,6.7939679710314356e-6
68,14,7,6.793972021858293e-6
68,14,8,6.793987066090609e-6
68,14,9,6.793967682731577e-6
68,14,10,6.793968861952296e-6
68,15,1,6.793961014540022e-6
68,15,2,6.793979472244076e-6
68,15,3,6.793961610198039e-6
68,15,4,6.793961350793539e-6
68,15,5,6.793963355147961e-6
68,15,6,6.7939635285993685e-6
68,15,7,6.793963342157854e-6
68,15,8,6.7941731243221525e-6
68,15,9,6.7939613239168285e-6
68,15,10,6.793965327393974e-6
68,16,1,6.793952567528137e-6
68,16,2,6.794204272576828e-6
68,16,3,6.793953260382947e-6
68,16,4,6.793953033211223e-6
68,16,5,6.79395402027816e-6
68,16,6,6.793954381764839e-6
68,16,7,6.793953849241592e-6
68,16,8,0.004349972725257963
68,16,9,6.793953041328695e-6
68,16,10,6.793955978927113e-6
68,17,1,6.793929919309152e-6
68,17,2,0.004203960460607114
68,17,3,6.793930519949609e-6
68,17,4,6.7939301842269825e-6
68,17,5,6.793933322717195e-6
68,17,6,6.793930188808048e-6
68,17,7,0.0006568563063514788
68,17,8,0.004986554174943015
68,17,9,6.793932594861345e-6
68,17,10,0.005378978107865763
68,18,1,6.793910751719251e-6
68,18,2,0.0043738871950700035
68,18,3,6.794131125997069e-6
68,18,4,6.793912166772941e-6
68,18,5,6.793913371243287e-6
68,18,6,6.7939123415128785e-6
68,18,7,0.0015666002749611478
68,18,8,0.005568193185274998
68,18,9,0.0016814593465911225
68,18,10,0.004008257619336808
68,19,1,6.793900569213371e-6
68,19,2,0.004771352618403067
68,19,3,6.793879490048757e-6
68,19,4,6.793902673506357e-6
68,19,5,0.001152906686184786
68,19,6,0.0060376201342273545
68,19,7,0.002724409573332315
68,19,8,0.006675288653903628
68,19,9,0.00021500147005148397
68,19,10,0.004664919370569111
68,20,1,6.7938965940652465e-6
68,20,2,0.003388774578058405
68,20,3,0.0008417335177588214
68,20,4,6.793897409175347e-6
68,20,5,0.0007730436038741843
68,20,6,0.0017367350907690063
68,20,7,0.0019976128839558054
68,20,8,0.004599302316005312
68,20,9,6.793903010092859e-6
68,20,10,0.003341784610209818
68,21,1,6.7939065545927e-6
68,21,2,0.0017931710724823793
68,21,3,0.0009418592267655338
68,21,4,6.793906792520256e-6
68,21,5,6.79393647711457e-6
68,21,6,0.00015275330141177945
68,21,7,0.0002910309667050452
68,21,8,0.005152278196788836
68,21,9,6.793904963634541e-6
68,21,10,0.004780280566062646
68,22,1,6.79391740237647e-6
68,22,2,0.003443987105955445
68,22,3,6.793940715512658e-6
68,22,4,6.793918824247096e-6
68,22,5,6.793917436574557e-6
68,22,6,0.0005517509613643507
68,22,7,0.0020799774922494597
68,22,8,0.005390395678737538
68,22,9,6.793918920502749e-6
68,22,10,0.0021000661782169384
68,23,1,6.793927625735371e-6
68,23,2,0.002758868351154229
68,23,3,6.793927341684126e-6
68,23,4,6.793928642110523e-6
68,23,5,6.793929868319053e-6
68,23,6,0.000731047772308233
68,23,7,6.793951480061963e-6
68,23,8,0.005092221359680161
68,23,9,6.793929165796288e-6
68,23,10,0.00385489258389312
68,24,1,6.793939725089109e-6
68,24,2,0.0008237963534549341
68,24,3,6.793939842363885e-6
68,24,4,6.793939837665618e-6
68,24,5,6.793941216882776e-6
68,24,6,6.793951688937348e-6
68,24,7,6.793941560822827e-6
68,24,8,0.003280396407591386
68,24,9,6.793939913864093e-6
68,24,10,0.0004970095328577009
69,1,1,1.4359416684205392e-6
69,1,2,0.0022470737065875767
69,1,3,1.435941330565547e-6
69,1,4,1.4359411195470658e-6
69,1,5,1.4359491967431052e-6
69,1,6,1.4359492887098737e-6
69,1,7,1.435941571757383e-6
69,1,8,0.006171122146814069
69,1,9,1.4359411706434172e-6
69,1,10,1.4359812776319322e-6
69,2,1,1.4359402596541306e-6
69,2,2,0.003274944051346906
69,2,3,1.4359522502358422e-6
69,2,4,1.4372248275550418e-6
69,2,5,1.4359518045828082e-6
69,2,6,1.4359535696585547e-6
69,2,7,1.4359401542967149e-6
69,2,8,1.435892494124436e-6
69,2,9,1.435939571555594e-6
69,2,10,1.4359403846177801e-6
69,3,1,1.4359467230424152e-6
69,3,2,1.4361936993798191e-6
69,3,3,1.4359547221868895e-6
69,3,4,1.435945991463694e-6
69,3,5,1.4359463740519316e-6
69,3,6,1.4359561133619218e-6
69,3,7,1.4359466650112669e-6
69,3,8,0.004351860816937515
69,3,9,1.4359460211747199e-6
69,3,10,1.4359549857464884e-6
69,4,1,1.435945229265742e-6
69,4,2,1.4359538408039176e-6
69,4,3,1.4359449600394882e-6
69,4,4,1.4359447510371107e-6
69,4,5,1.4359449343194689e-6
69,4,6,1.4359455770004599e-6
69,4,7,1.4359536241708178e-6
69,4,8,0.004089369737991521
69,4,9,1.4359447821496823e-6
69,4,10,1.4365613839699933e-6
69,5,1,1.4359384400910035e-6
69,5,2,1.435938573974993e-6
69,5,3,1.4359424278318767e-6
69,5,4,1.4359509546186954e-6
69,5,5,1.4359426516343183e-6
69,5,6,1.4359383824653914e-6
69,5,7,1.4359680547681827e-6
69,5,8,0.00511606568979549
69,5,9,1.4359380303268063e-6
69,5,10,0.0003824813912565273
69,6,1,1.4359448782087564e-6
69,6,2,1.436093346243387e-6
69,6,3,1.4359375810572069e-6
69,6,4,1.4359373871222676e-6
69,6,5,1.4359376945698753e-6
69,6,6,1.4359380413923432e-6
69,6,7,1.4359454177718941e-6
69,6,8,0.006082128812211461
69,6,9,1.4359374246327149e-6
69,6,10,0.0018112295353122816
69,7,1,1.4359298735339547e-6
69,7,2,1.4358901967115378e-6
69,7,3,0.0013224481110113554
69,7,4,1.435949721473547e-6
69,7,5,1.4359298998907134e-6
69,7,6,1.4359299090420792e-6
69,7,7,1.435930148641003e-6
69,7,8,0.007626754249338869
69,7,9,0.00027808292052919554
69,7,10,1.435888207451043e-6
69,8,1,1.4359356355892773e-6
69,8,2,0.00044560101770775584
69,8,3,1.4359356007659614e-6
69,8,4,1.435943123780166e-6
69,8,5,1.4359442143160644e-6
69,8,6,1.4363763376762543e-6
69,8,7,1.435944368564045e-6
69,8,8,1.4358894524409107e-6
69,8,9,1.4359354595460117e-6
69,8,10,0.0032674627786761917
69,9,1,1.435940477823236e-6
69,9,2,1.4359269176338369e-6
69,9,3,0.00495116616774915
69,9,4,0.004166030607766059
69,9,5,1.4359378449208433e-6
69,9,6,1.4359377348066146e-6
69,9,7,1.4359431229496745e-6
69,9,8,1.435896745801787e-6
69,9,9,1.4359372568913443e-6
69,9,10,1.435944889642906e-6
69,10,1,1.435950671604945e-6
69,10,2,1.435984861710841e-6
69,10,3,1.4359509565055523e-6
69,10,4,1.4359507536197078e-6
69,10,5,1.4359604514573697e-6
69,10,6,1.4359520150085303e-6
69,10,7,1.4359598892104817e-6
69,10,8,0.0026493992371488355
69,10,9,1.4359507286923267e-6
69,10,10,1.4359603255294702e-6
69,11,1,1.435966745422903e-6
69,11,2,1.4359801118102864e-6
69,11,3,1.4359671579833935e-6
69,11,4,1.4359669451233735e-6
69,11,5,1.4359676036179103e-6
69,11,6,1.435967609303829e-6
69,11,7,1.4359682038813766e-6
69,11,8,1.4359984258731427e-6
69,11,9,1.4359684688938407e-6
69,11,10,1.435968438329921e-6
69,12,1,1.4359689846742408e-6
69,12,2,1.4359708955738105e-6
69,12,3,1.4359695358499895e-6
69,12,4,1.4359692798284403e-6
69,12,5,1.4359723026618463e-6
69,12,6,1.435971648529112e-6
69,12,7,1.435970257487841e-6
69,12,8,1.4359806994550567e-6
69,12,9,1.4359692988928777e-6
69,12,10,1.4359704867763055e-6
69,13,1,1.4359689850449388e-6
69,13,2,1.435967651278206e-6
69,13,3,1.435969556169046e-6
69,13,4,1.4359692936122665e-6
69,13,5,1.4359697062004905e-6
69,13,6,1.4359697706854137e-6
69,13,7,1.4359701507416278e-6
69,13,8,1.4359794130656813e-6
69,13,9,1.4359693308497517e-6
69,13,10,1.4359705612886887e-6
69,14,1,1.4359681926749505e-6
69,14,2,1.4359699886705408e-6
69,14,3,1.435968737477715e-6
69,14,4,1.4359684920796147e-6
69,14,5,1.4359706028288348e-6
69,14,6,1.43596880901444e-6
69,14,7,1.435972882669122e-6
69,14,8,1.4359883156733196e-6
69,14,9,1.4359685068963544e-6
69,14,10,1.4359697335126827e-6
69,15,1,1.4359535779951548e-6
69,15,2,1.435980594357845e-6
69,15,3,1.4359541251052108e-6
69,15,4,1.4359538873004818e-6
69,15,5,1.4359640221939411e-6
69,15,6,1.4359642130998559e-6
69,15,7,1.4359637430068457e-6
69,15,8,1.436167656673807e-6
69,15,9,1.435953868405309e-6
69,15,10,1.4359659218071663e-6
69,16,1,1.4359458703719991e-6
69,16,2,1.4361969068759762e-6
69,16,3,1.4359465303619769e-6
69,16,4,1.4359463111939537e-6
69,16,5,1.4359544136394275e-6
69,16,6,1.4359547690324075e-6
69,16,7,1.4359470530238622e-6
69,16,8,0.0026650799399412393
69,16,9,1.435946333562618e-6
69,16,10,1.4359562258552147e-6
69,17,1,1.4359242654188831e-6
69,17,2,0.002595113785976864
69,17,3,1.4359248230270236e-6
69,17,4,1.4359245227135563e-6
69,17,5,1.4359326978006215e-6
69,17,6,1.4359245356548226e-6
69,17,7,0.0006528414229535114
69,17,8,0.00497639847309335
69,17,9,1.4359318141342711e-6
69,17,10,0.00330442520759836
69,18,1,1.4359054218604999e-6
69,18,2,0.0027011829229173917
69,18,3,1.4361386058302014e-6
69,18,4,1.4359067970948851e-6
69,18,5,1.4359123515417853e-6
69,18,6,1.4359111755940946e-6
69,18,7,0.0015611031391198945
69,18,8,0.00555118777528533
69,18,9,0.001679342000866988
69,18,10,0.002474041182205406
69,19,1,1.4358982863663212e-6
69,19,2,0.002942351419060639
69,19,3,1.4358730630912622e-6
69,19,4,1.4359009218916542e-6
69,19,5,0.0011479932060087003
69,19,6,0.006025477323127019
69,19,7,0.0027168467546808414
69,19,8,0.006658930435602515
69,19,9,0.0002114331960121459
69,19,10,0.0028761891378036733
69,20,1,1.4358914839936495e-6
69,20,2,0.0020931395972569374
69,20,3,0.0008373868790839283
69,20,4,1.4358946033333804e-6
69,20,5,0.0007687524054246785
69,20,6,0.0017312595769007708
69,20,7,0.001991683278221667
69,20,8,0.004589280773094483
69,20,9,1.4358975310460455e-6
69,20,10,0.0020639764322075327
69,21,1,1.435905061426958e-6
69,21,2,0.0011801944196523548
69,21,3,0.0009383997385680912
69,21,4,1.4359054110721504e-6
69,21,5,1.4359427385592655e-6
69,21,6,0.00014924716769365158
69,21,7,0.0002873376636815592
69,21,8,0.005149663951126121
69,21,9,1.4358995962637628e-6
69,21,10,0.0029542310170418123
69,22,1,1.4359119995693333e-6
69,22,2,0.002122144420892647
69,22,3,1.4359402283321027e-6
69,22,4,1.435917419340979e-6
69,22,5,1.4359120469204973e-6
69,22,6,0.0005477139898108876
69,22,7,0.002075163007219972
69,22,8,0.005378954419184416
69,22,9,1.435917602587613e-6
69,22,10,0.0012904222255703205
69,23,1,1.435922014942313e-6
69,23,2,0.0027512086423105288
69,23,3,1.435921649595975e-6
69,23,4,1.4359229099125694e-6
69,23,5,1.4359291786939295e-6
69,23,6,0.0007260774726092219
69,23,7,1.4359514746643794e-6
69,23,8,0.005082075430255255
69,23,9,1.4359284309917785e-6
69,23,10,0.00384570516526672
69,24,1,1.4359336653202008e-6
69,24,2,0.0008193636103761546
69,24,3,1.4359338411571125e-6
69,24,4,1.4359337826508426e-6
69,24,5,1.4359349448475994e-6
69,24,6,1.4359498722551546e-6
69,24,7,1.4359414012718273e-6
69,24,8,0.0032740615028418207
69,24,9,1.435933843635611e-6
69,24,10,0.0003477453937791227
70,1,1,0.0003269705431634705
70,1,2,0.0024739707084943468
70,1,3,0.0003269705427141051
70,1,4,0.0003269705425080438
70,1,5,0.00032697054372512406
70,1,6,0.0003269705438931783
70,1,7,0.000326970543032422
70,1,8,0.008723885798202387
70,1,9,0.0003269705425459515
70,1,10,0.00032697057473455633
70,2,1,0.00032697054199097965
70,2,2,0.0035295481334823176
70,2,3,0.00032697054668030914
70,2,4,0.0003269720580480221
70,2,5,0.00032697054646034366
70,2,6,0.00032697054832621234
70,2,7,0.0003269705418569574
70,2,8,0.000326970492954984
70,2,9,0.0003269705414205101
70,2,10,0.0003269705423869885
70,3,1,0.0003269705484181062
70,3,2,0.0003269707926720892
70,3,3,0.00032697054899463816
70,3,4,0.0003269705478524744
70,3,5,0.00032697054801243805
70,3,6,0.0003269705505555137
70,3,7,0.0003269705483762523
70,3,8,0.007331101597844233
70,3,9,0.00032697054783146503
70,3,10,0.00032697054971783174
70,4,1,0.0003269705468547708
70,4,2,0.00032697054866403586
70,4,3,0.0003269705465718735
70,4,4,0.0003269705463017312
70,4,5,0.0003269705465197633
70,4,6,0.00032697054727214833
70,4,7,0.00032697054835289396
70,4,8,0.00691513757278696
70,4,9,0.00032697054635369037
70,4,10,0.0003269712845658665
70,5,1,0.0003269705401122726
70,5,2,0.00032697054042733087
70,5,3,0.0003269705440462478
70,5,4,0.0003269705458555754
70,5,5,0.00032697049212878097
70,5,6,0.00032697054005127843
70,5,7,0.00032697056285540047
70,5,8,0.006974157124496247
70,5,9,0.00032697053963844
70,5,10,0.0006391864975554299
70,6,1,0.0003269705397190584
70,6,2,0.0003269706872367966
70,6,3,0.0003269705388431816
70,6,4,0.0003269705385243206
70,6,5,0.00032697053893375835
70,6,6,0.00032697053956959885
70,6,7,0.0003269705403828079
70,6,8,0.01015128316327579
70,6,9,0.0003269705386151902
70,6,10,0.002046623527260923
70,7,1,0.0003269705311026457
70,7,2,0.000326970494623309
70,7,3,0.0015536936228195146
70,7,4,0.00032697054505449833
70,7,5,0.0003269705311180321
70,7,6,0.0003269705311197829
70,7,7,0.0003269705313855379
70,7,8,0.012656790469247748
70,7,9,0.0005443254247993636
70,7,10,0.00032697048944909014
70,8,1,0.0003269705367303312
70,8,2,0.0006968504424575983
70,8,3,0.0003269705367320143
70,8,4,0.0003269705380312075
70,8,5,0.00032697054027213253
70,8,6,0.0003269710064675068
70,8,7,0.00032697053968110785
70,8,8,0.00032697048398682956
70,8,9,0.000326970536514377
70,8,10,0.003508937897154889
70,9,1,0.0003269705420068045
70,9,2,0.0003269705604810382
70,9,3,0.005220451076211901
70,9,4,0.004423583590428314
70,9,5,0.00032697053957525605
70,9,6,0.0003269705395355509
70,9,7,0.00032697054492767367
70,9,8,0.00032697049885604837
70,9,9,0.00032697053897153076
70,9,10,0.0003269705468431158
70,10,1,0.0003269705526150721
70,10,2,0.00032697057850044654
70,10,3,0.00032697055288470356
70,10,4,0.0003269705526752239
70,10,5,0.00032697055461535315
70,10,6,0.0003269705539875186
70,10,7,0.0003269705542587609
70,10,8,0.004551179504718103
70,10,9,0.00032697055266278196
70,10,10,0.00032697055497652925
70,11,1,0.00032697056089246707
70,11,2,0.0003269705738324834
70,11,3,0.00032697056137799145
70,11,4,0.00032697056114531223
70,11,5,0.0003269705617400253
70,11,6,0.0003269705618387008
70,11,7,0.0003269705623959302
70,11,8,0.0003269705915152259
70,11,9,0.00032697056248950565
70,11,10,0.0003269705626061046
70,12,1,0.00032697056304687816
70,12,2,0.00032697056495638294
70,12,3,0.00032697056366613264
70,12,4,0.00032697056335760416
70,12,5,0.00032697056572430816
70,12,6,0.0003269705655864353
70,12,7,0.0003269705643713541
70,12,8,0.00032697057453331973
70,12,9,0.0003269705633557535
70,12,10,0.0003269705646139392
70,13,1,0.00032697056301560966
70,13,2,0.00032697056217115565
70,13,3,0.0003269705636657708
70,13,4,0.00032697056333507986
70,13,5,0.0003269705637845795
70,13,6,0.0003269705639339397
70,13,7,0.0003269705643096212
70,13,8,0.0003269705734117829
70,13,9,0.0003269705634242675
70,13,10,0.00032697056471923735
70,14,1,0.0003269705623324181
70,14,2,0.0003269705640682974
70,14,3,0.00032697056286168765
70,14,4,0.00032697056258820833
70,14,5,0.00032697056450729545
70,14,6,0.0003269705629934315
70,14,7,0.0003269705665964386
70,14,8,0.00032697058180610275
70,14,9,0.0003269705625925307
70,14,10,0.0003269705639012222
70,15,1,0.0003269705557704664
70,15,2,0.00032697057402947017
70,15,3,0.0003269705563238396
70,15,4,0.00032697055605352093
70,15,5,0.0003269705578225923
70,15,6,0.000326970558072489
70,15,7,0.0003269705579385753
70,15,8,0.000326970766445843
70,15,9,0.00032697055600532587
70,15,10,0.0003269705602624376
70,16,1,0.0003269705474216628
70,16,2,0.00032697079797324905
70,16,3,0.00032697054813818696
70,16,4,0.00032697054794189465
70,16,5,0.000326970548595698
70,16,6,0.00032697054899501324
70,16,7,0.0003269705485787997
70,16,8,0.0042594909636386215
70,16,9,0.0003269705479434649
70,16,10,0.00032697055075719673
70,17,1,0.0003269705249858695
70,17,2,0.004328140716093821
70,17,3,0.0003269705255726747
70,17,4,0.0003269705252152285
70,17,5,0.0003269705284273163
70,17,6,0.00032697052525310473
70,17,7,0.0008941892233059562
70,17,8,0.007413737733904791
70,17,9,0.0003269705275458425
70,17,10,0.005544748008325524
70,18,1,0.0003269705058590581
70,18,2,0.004095264395944566
70,18,3,0.0003269707480133871
70,18,4,0.00032697050729053824
70,18,5,0.00032697050884920387
70,18,6,0.0003269705079611344
70,18,7,0.0016938833412357105
70,18,8,0.008034964555608932
70,18,9,0.0019089907608789362
70,18,10,0.0037830952126075446
70,19,1,0.0003269704954976682
70,19,2,0.005041584616357557
70,19,3,0.0003269704738245472
70,19,4,0.000326970501296194
70,19,5,0.0013795271228894757
70,19,6,0.00628425221550617
70,19,7,0.002765957275046609
70,19,8,0.01109958919583612
70,19,9,0.00048693797092025983
70,19,10,0.004936353366003351
70,20,1,0.0003269704919125353
70,20,2,0.0036473412516033147
70,20,3,0.0010754911716139611
70,20,4,0.00032697049298292753
70,20,5,0.00100980073186769
70,20,6,0.0019707053981645258
70,20,7,0.0022375426839988605
70,20,8,0.0063055611456194266
70,20,9,0.00032697049817734545
70,20,10,0.003279231992494125
70,21,1,0.0003269705019260083
70,21,2,0.0021693559208257316
70,21,3,0.0011703541053863537
70,21,4,0.00032697050286826444
70,21,5,0.0003269705497150493
70,21,6,0.0004346111290314775
70,21,7,0.0005517482819168153
70,21,8,0.00861333701906127
70,21,9,0.0003269705001156738
70,21,10,0.004655034301304268
70,22,1,0.00032697051262206355
70,22,2,0.003687726132671396
70,22,3,0.0003269705360060686
70,22,4,0.00032697051418989357
70,22,5,0.00032697051243240857
70,22,6,0.0007902894633438656
70,22,7,0.0023033823423470406
70,22,8,0.00752719747392036
70,22,9,0.0003269705140451868
70,22,10,0.0022404196959356767
70,23,1,0.0003269705227466796
70,23,2,0.0028595069725190912
70,23,3,0.0003269705224113079
70,23,4,0.0003269705236768436
70,23,5,0.00032697052591069184
70,23,6,0.0009558143933101748
70,23,7,0.00032697054616796946
70,23,8,0.0077419179031404375
70,23,9,0.00032697052420677943
70,23,10,0.00408829193793154
70,24,1,0.0003269705347406987
70,24,2,0.0006866408509728735
70,24,3,0.00032697053420477817
70,24,4,0.00032697053490636524
70,24,5,0.0003269705360179318
70,24,6,0.00032697054658971587
70,24,7,0.00032697053651214303
70,24,8,0.004694637260141159
70,24,9,0.00032697053504493874
70,24,10,0.0008154250595525028
71,1,1,0.00013892678480066683
71,1,2,0.0023085811602658666
71,1,3,0.00012086571368960694
71,1,4,9.620516144650901e-5
71,1,5,4.61165862584042e-5
71,1,6,0.00010092874509581706
71,1,7,0.0001239688262197335
71,1,8,0.010141060645747834
71,1,9,0.00010114071294076033
71,1,10,0.00018358042468903093
71,2,1,0.0017941138483228284
71,2,2,0.0032055395585029963
71,2,3,0.00012077269065764233
71,2,4,3.9353126279002995e-5
71,2,5,9.038656152597884e-5
71,2,6,0.00015647735628648057
71,2,7,0.0017376700601012395
71,2,8,0.0018771238490552116
71,2,9,0.0016526934886793713
71,2,10,0.001954534386406498
71,3,1,0.00013771305851332196
71,3,2,0.00011560608379911002
71,3,3,5.8257336878389484e-5
71,3,4,9.703053605667087e-5
71,3,5,9.055829293830298e-5
71,3,6,8.308389013927791e-5
71,3,7,0.00012356739303836988
71,3,8,0.0070990199306043755
71,3,9,0.00010170162298537975
71,3,10,0.00018702199691798889
71,4,1,0.00013701171813225888
71,4,2,0.00011537852736401248
71,4,3,0.00012030486808102635
71,4,4,9.703069863924567e-5
71,4,5,9.021385403270935e-5
71,4,6,9.860202496957849e-5
71,4,7,7.359973258439945e-5
71,4,8,0.006649936987139836
71,4,9,0.00010170105034988714
71,4,10,0.00013198700963408178
71,5,1,0.0017890894866554878
71,5,2,0.0016981410488439872
71,5,3,0.00012058469548759806
71,5,4,4.033167401768621e-5
71,5,5,8.925450623513875e-5
71,5,6,0.0018619879809808092
71,5,7,7.696917095053102e-5
71,5,8,0.008207551007169264
71,5,9,0.0016536244635161996
71,5,10,0.0004906447283332292
71,6,1,0.00013677843970212123
71,6,2,0.00011443175239088636
71,6,3,0.00011998774064076584
71,6,4,9.750655609052153e-5
71,6,5,8.881283070084316e-5
71,6,6,0.00015677999139540082
71,6,7,0.00012474051466227208
71,6,8,0.009937903122834022
71,6,9,0.00010202347823880397
71,6,10,0.0019722341790195425
71,7,1,0.0017711229434502545
71,7,2,0.0016980675212107112
71,7,3,0.0012733350628955124
71,7,4,3.805045036741788e-5
71,7,5,0.0015912296894319683
71,7,6,0.001843581872874939
71,7,7,0.0017433900750930874
71,7,8,0.012518774533669813
71,7,9,0.00024105664664953068
71,7,10,0.001986556177137645
71,8,1,0.0001345038720144496
71,8,2,0.00046931650267264326
71,8,3,0.000123305275713415
71,8,4,4.101828860448427e-5
71,8,5,5.956916619457834e-5
71,8,6,7.367026575285358e-5
71,8,7,0.00013714248711730053
71,8,8,0.0018460151078285951
71,8,9,0.00010461839124873016
71,8,10,0.003271407713989534
71,9,1,0.00037268535684546647
71,9,2,0.0014220700738517993
71,9,3,0.0049724449567523565
71,9,4,0.004165914030016518
71,9,5,0.0013488303440987496
71,9,6,0.0017107283794785808
71,9,7,0.00045706411169873975
71,9,8,0.0015631575054754097
71,9,9,0.001468591069551465
71,9,10,0.0007325604952580637
71,10,1,0.00019850820177331726
71,10,2,0.00013125777701606235
71,10,3,0.00019689334022330584
71,10,4,0.0001686293499881292
71,10,5,7.190475482849845e-5
71,10,6,0.00018080528133560295
71,10,7,0.00021010736939399476
71,10,8,0.004397785882760699
71,10,9,0.00018218802696809845
71,10,10,0.00021113402486045273
71,11,1,0.0003317835424499279
71,11,2,0.00014167460913558952
71,11,3,0.00035249319762326075
71,11,4,0.0003057322463183387
71,11,5,0.00029541820455446184
71,11,6,0.00047109303235204
71,11,7,0.0003759695976398249
71,11,8,0.0004425564114839874
71,11,9,0.00011545424875297293
71,11,10,0.00042875207839853903
71,12,1,0.00032705950816873776
71,12,2,0.00041090105392268275
71,12,3,0.00035251954324027766
71,12,4,0.0003026671729948906
71,12,5,7.327865630053064e-5
71,12,6,0.00018607004833207482
71,12,7,0.0004126661144898714
71,12,8,0.0006318901523803844
71,12,9,0.0003144987552655256
71,12,10,0.0005084309996695283
71,13,1,0.0003278798941267549
71,13,2,0.0012857125347679427
71,13,3,0.00035514621610832143
71,13,4,0.0003032242469867102
71,13,5,0.0003087447114410719
71,13,6,0.00045360480417016907
71,13,7,0.0004100821668128144
71,13,8,0.0009466064225134989
71,13,9,0.0003154330048442784
71,13,10,0.0005224704323682538
71,14,1,0.00033233136730896856
71,14,2,0.00041621503773568355
71,14,3,0.00035858580334779527
71,14,4,0.000306727001793005
71,14,5,9.132514350483543e-5
71,14,6,0.0004430070589994992
71,14,7,0.0001032594430964685
71,14,8,0.0005875895833483902
71,14,9,0.0003187080728923124
71,14,10,0.0005318729739103376
71,15,1,0.000275020326427667
71,15,2,0.0001263903812340329
71,15,3,0.00027272706204169514
71,15,4,0.00023533273601060453
71,15,5,6.179727957653527e-5
71,15,6,8.398857626509537e-5
71,15,7,0.00013680339556958066
71,15,8,0.00029785986775328723
71,15,9,0.0002519798737282828
71,15,10,0.00018584522296297292
71,16,1,0.0001264204259896582
71,16,2,0.0001231967019584548
71,16,3,0.00012852868498966475
71,16,4,0.00010246246431063459
71,16,5,5.7332595182616644e-5
71,16,6,6.953610216862705e-5
71,16,7,0.00013179482412719421
71,16,8,0.004401027083308888
71,16,9,0.00010723197696171589
71,16,10,0.00020824225366402165
71,17,1,0.00012066001330840126
71,17,2,0.004292573219357
71,17,3,0.00012348986254552988
71,17,4,9.563091047875962e-5
71,17,5,5.4298663549171915e-5
71,17,6,0.0001427466122354825
71,17,7,0.0004633772949251637
71,17,8,0.00813696664145456
71,17,9,4.8448074527518184e-5
71,17,10,0.00553064378644748
71,18,1,0.00012016385360025215
71,18,2,0.004412031245980109
71,18,3,0.00012263006479136136
71,18,4,9.367580644945394e-5
71,18,5,8.578850384969238e-5
71,18,6,0.0001453416643834676
71,18,7,0.0016455115438396254
71,18,8,0.009064476290491173
71,18,9,0.001678901840463076
71,18,10,0.004111449217536939
71,19,1,0.00012165246554032875
71,19,2,0.004844670499360254
71,19,3,0.0017311769810829183
71,19,4,9.513810027408482e-5
71,19,5,0.0012040656430899069
71,19,6,0.00605410684819316
71,19,7,0.0028137728620639883
71,19,8,0.010806192371929882
71,19,9,0.0002682991925740588
71,19,10,0.004772283897109446
71,20,1,0.0017418305956162256
71,20,2,0.0047543108014094955
71,20,3,0.0023843175289151347
71,20,4,0.0016262382925892724
71,20,5,0.002163479683226628
71,20,6,0.0033639165099244926
71,20,7,0.0034688491715131895
71,20,8,0.009226479953765429
71,20,9,0.0016481857462703618
71,20,10,0.005022218942056578
71,21,1,4.906347599693717e-5
71,21,2,0.002043332715712105
71,21,3,0.00060402391273874
71,21,4,4.362772093107357e-5
71,21,5,5.349473051022936e-5
71,21,6,0.00031178342574839595
71,21,7,0.00025934248739582793
71,21,8,0.008543141546504792
71,21,9,0.000100027269590918
71,21,10,0.004915439836676834
71,22,1,0.00012595290522158996
71,22,2,0.002174208258107001
71,22,3,6.403724700284167e-5
71,22,4,4.233264506260443e-5
71,22,5,8.330144728456032e-5
71,22,6,0.0006916065127209513
71,22,7,0.002137214489633778
71,22,8,0.008805635309673413
71,22,9,4.589677345894426e-5
71,22,10,0.0022766908061330887
71,23,1,0.0001257866655888236
71,23,2,0.0028596020621947417
71,23,3,0.00012139974839395428
71,23,4,4.222068346470769e-5
71,23,5,5.90908361840052e-5
71,23,6,0.0008518830629503649
71,23,7,0.00012954907902347216
71,23,8,0.008330104379613307
71,23,9,4.5762885120888225e-5
71,23,10,0.003978744048204235
71,24,1,0.00012464899799095053
71,24,2,0.0008782501989966662
71,24,3,0.00012210463458613225
71,24,4,9.441353726984375e-5
71,24,5,4.073816123763123e-5
71,24,6,0.0001378329820366639
71,24,7,0.00013129132397675811
71,24,8,0.005403272524224834
71,24,9,9.992630147282212e-5
71,24,10,0.0007342079595242873
72,1,1,0.00018410312799327377
72,1,2,0.001453485221272025
72,1,3,0.0001841031275720502
72,1,4,0.00018410312736868192
72,1,5,0.00018410312871981508
72,1,6,0.00018410312888313368
72,1,7,0.00018410312787673036
72,1,8,0.008202116887203806
72,1,9,0.0001841031273984183
72,1,10,0.00018410315937759724
72,2,1,0.00018410312686123665
72,2,2,0.003398716271455013
72,2,3,0.00018410313163182623
72,2,4,0.00018410462853302815
72,2,5,0.000184103131224721
72,2,6,0.00018410313338710463
72,2,7,0.0001841031267706523
72,2,8,0.0001841030788539879
72,2,9,0.0001841031263413568
72,2,10,0.00018410312728390192
72,3,1,0.00018410313318843475
72,3,2,0.00018410337504927378
72,3,3,0.00018410313393280785
72,3,4,0.00018410313261455716
72,3,5,0.00018410313278731743
72,3,6,0.00018410313560676252
72,3,7,0.0001841031331537259
72,3,8,0.007144614523774117
72,3,9,0.00018410313261278989
72,3,10,0.0001841031346107931
72,4,1,0.00018410313163761842
72,4,2,0.00018410313330501622
72,4,3,0.00018410313135773472
72,4,4,0.00018410313109532795
72,4,5,0.0001841031313052005
72,4,6,0.0001841031322460762
72,4,7,0.0001841031331772945
72,4,8,0.006735673605733257
72,4,9,0.00018410313113839953
72,4,10,0.00018410386134787028
72,5,1,0.0001841031250748357
72,5,2,0.00018410312536089606
72,5,3,0.00018410312891085963
72,5,4,0.00018410313079774825
72,5,5,0.0001841030775064747
72,5,6,0.0001841031249767318
72,5,7,0.00018410314782949625
72,5,8,0.006526605310929497
72,5,9,0.00018410312455767464
72,5,10,0.0005141273718788443
72,6,1,0.00018410312475178474
72,6,2,0.00018410327072106573
72,6,3,0.0001841031237560208
72,6,4,0.00018410312350207618
72,6,5,0.00018410312389962601
72,6,6,0.00018410312461285345
72,6,7,0.00018410312536804436
72,6,8,0.009912182411787557
72,6,9,0.00018410312357509842
72,6,10,0.0012038029001158954
72,7,1,0.00018410311616454033
72,7,2,0.0001841030798215476
72,7,3,0.0014419131122761957
72,7,4,0.00018410313045669468
72,7,5,0.00018410311619325198
72,7,6,0.0001841031162430969
72,7,7,0.00018410311646536488
72,7,8,0.012398546496713254
72,7,9,0.00041290605398805875
72,7,10,0.00018410307536229176
72,8,1,0.0001841031217494764
72,8,2,0.00057447616399951
72,8,3,0.00018410312166519663
72,8,4,0.00018410312312161625
72,8,5,0.00018410312528627498
72,8,6,0.0001841035871206842
72,8,7,0.0001841031249505392
72,8,8,0.00018410307428238696
72,8,9,0.00018410312149565067
72,8,10,0.0033843275837098417
72,9,1,0.00018410312687085139
72,9,2,0.00018410314393256188
72,9,3,0.0050693523297902715
72,9,4,0.004283212926712185
72,9,5,0.00018410312451110026
72,9,6,0.0001841031244870889
72,9,7,0.00018410312973668848
72,9,8,0.0001841030846549109
72,9,9,0.00018410312390472613
72,9,10,0.00018410313163598978
72,10,1,0.0001841031375336373
72,10,2,0.00018410316270659242
72,10,3,0.00018410313783157948
72,10,4,0.00018410313763253788
72,10,5,0.0001841031393045891
72,10,6,0.00018410313891124616
72,10,7,0.00018410313895165188
72,10,8,0.0044121612034877826
72,10,9,0.00018410313758656028
72,10,10,0.0001841031398367214
72,11,1,0.00018410314573918856
72,11,2,0.0001841031583953074
72,11,3,0.00018410314615188852
72,11,4,0.00018410314592484062
72,11,5,0.0001841031465315826
72,11,6,0.00018410314660086827
72,11,7,0.00018410314718381236
72,11,8,0.00018410317594887688
72,11,9,0.0001841031472701294
72,11,10,0.00018410314741069665
72,12,1,0.00018410314784765143
72,12,2,0.0001841031497570697
72,12,3,0.00018410314844791552
72,12,4,0.0001841031481200312
72,12,5,0.0001841031504956182
72,12,6,0.0001841031503389144
72,12,7,0.0001841031491199087
72,12,8,0.00018410315917052485
72,12,9,0.00018410314812861793
72,12,10,0.0001841031493608037
72,13,1,0.00018410314782744798
72,13,2,0.0001841031469632814
72,13,3,0.00018410314845309394
72,13,4,0.00018410314814288397
72,13,5,0.00018410314856332028
72,13,6,0.00018410314870635937
72,13,7,0.00018410314906571398
72,13,8,0.00018410315804539288
72,13,9,0.00018410314820029302
72,13,10,0.00018410314947826456
72,14,1,0.00018410314714264767
72,14,2,0.00018410314886030984
72,14,3,0.00018410314764425917
72,14,4,0.00018410314738107324
72,14,5,0.00018410314926317685
72,14,6,0.0001841031477720229
72,14,7,0.00018410315111441845
72,14,8,0.0001841031663019382
72,14,9,0.00018410314742064505
72,14,10,0.00018410314868594067
72,15,1,0.00018410314061598863
72,15,2,0.0001841031584065398
72,15,3,0.00018410314119639919
72,15,4,0.0001841031409531235
72,15,5,0.000184103142701626
72,15,6,0.00018410314292507943
72,15,7,0.00018410314279637934
72,15,8,0.00018410334898992859
72,15,9,0.0001841031408914215
72,15,10,0.00018410314500486263
72,16,1,0.00018410313223285593
72,16,2,0.00018410338022026982
72,16,3,0.00018410313296993692
72,16,4,0.00018410313272568474
72,16,5,0.00018410313358181173
72,16,6,0.00018410313392852506
72,16,7,0.00018410313355269844
72,16,8,0.004022815697916978
72,16,9,0.00018410313273210511
72,16,10,0.00018410313591901183
72,17,1,0.00018410311028158573
72,17,2,0.004145212128846646
72,17,3,0.0001841031107201417
72,17,4,0.00018410311031658892
72,17,5,0.00018410311364337983
72,17,6,0.00018410311034728637
72,17,7,0.0007770771330417128
72,17,8,0.006837464349578839
72,17,9,0.00018410311288494274
72,17,10,0.005366780466068544
72,18,1,0.00018410309142269702
72,18,2,0.0038358379100099163
72,18,3,0.0001841033278820993
72,18,4,0.00018410309280249794
72,18,5,0.00018410309468727278
72,18,6,0.00018410309338649238
72,18,7,0.0015575910216360368
72,18,8,0.007562017920459425
72,18,9,0.0017944896897264218
72,18,10,0.0035412814324025273
72,19,1,0.00018410308104738887
72,19,2,0.004890112342549403
72,19,3,0.000184103059971622
72,19,4,0.00018410308694170402
72,19,5,0.001265320807375868
72,19,6,0.006125915468066198
72,19,7,0.002593412050771035
72,19,8,0.010862434792146079
72,19,9,0.00035245391224195864
72,19,10,0.00478612940558195
72,20,1,0.00018410307770341791
72,20,2,0.00351418794708502
72,20,3,0.0009609120078624785
72,20,4,0.00018410307887245403
72,20,5,0.000893994556482964
72,20,6,0.0018551526104122163
72,20,7,0.002119358890784179
72,20,8,0.005894495846613345
72,20,9,0.00018410308390987858
72,20,10,0.003072965367687946
72,21,1,0.00018410308780829058
72,21,2,0.002050799742244788
72,21,3,0.0010566161644145263
72,21,4,0.00018410308830899257
72,21,5,0.000184103132238062
72,21,6,0.0002912811774477534
72,21,7,0.0004228482087723236
72,21,8,0.008402047096400134
72,21,9,0.00018410308576344568
72,21,10,0.004408550009832967
72,22,1,0.00018410309805430854
72,22,2,0.0035594197046234224
72,22,3,0.00018410312122690582
72,22,4,0.00018410309962976483
72,22,5,0.0001841030979032411
72,22,6,0.0005843689147977534
72,22,7,0.002187857796915265
72,22,8,0.007461184115470755
72,22,9,0.00018410309954535327
72,22,10,0.0020964794861210063
72,23,1,0.0001841031080329645
72,23,2,0.002695874415078019
72,23,3,0.0001841031076445946
72,23,4,0.00018410310896106572
72,23,5,0.0001841031112431954
72,23,6,0.0008432869809605573
72,23,7,0.00018410313132237032
72,23,8,0.007339523663805972
72,23,9,0.0001841031095497866
72,23,10,0.0038664702991711916
72,24,1,0.00018410311971252743
72,24,2,0.0005929041488181234
72,24,3,0.0001841030738624039
72,24,4,0.0001841031198152454
72,24,5,0.00018410312111430592
72,24,6,0.0001841031309657764
72,24,7,0.0001841031217078775
72,24,8,0.004720495943349116
72,24,9,0.00018410311989760524
72,24,10,0.0004437100492572749
73,1,1,5.237074546246712e-5
73,1,2,0.001389015655170243
73,1,3,5.237074506368414e-5
73,1,4,5.2370744839152956e-5
73,1,5,5.2370746162828094e-5
73,1,6,5.2370746327108114e-5
73,1,7,5.237074534762823e-5
73,1,8,0.006015243412971666
73,1,9,5.2370744892342756e-5
73,1,10,5.237077657130362e-5
73,2,1,5.2370744413243804e-5
73,2,2,0.0032889482651901453
73,2,3,5.237074911457591e-5
73,2,4,5.237225813495154e-5
73,2,5,5.2370748647025776e-5
73,2,6,5.237075068130748e-5
73,2,7,5.237074430633529e-5
73,2,8,5.2370697059064314e-5
73,2,9,5.237074387018172e-5
73,2,10,5.23707447731035e-5
73,3,1,5.2370750641491465e-5
73,3,2,5.237099138205861e-5
73,3,3,5.237075133829209e-5
73,3,4,5.237075005098505e-5
73,3,5,5.2370750236454255e-5
73,3,6,5.237075284222005e-5
73,3,7,5.237075057103673e-5
73,3,8,0.006995533951231676
73,3,9,5.2370750077647456e-5
73,3,10,5.237075180427112e-5
73,4,1,5.237074909144767e-5
73,4,2,5.2370750716402937e-5
73,4,3,5.237074879776001e-5
73,4,4,5.2370748565206866e-5
73,4,5,5.2370748751624784e-5
73,4,6,5.237074946164466e-5
73,4,7,5.237075033749506e-5
73,4,8,0.0065703970830563695
73,4,9,5.237074860072571e-5
73,4,10,5.23714787210261e-5
73,5,1,5.237074255856416e-5
73,5,2,5.2370742872001674e-5
73,5,3,5.237074640106419e-5
73,5,4,5.237074804478402e-5
73,5,5,5.237074638828002e-5
73,5,6,5.23707425070966e-5
73,5,7,5.237076490631461e-5
73,5,8,0.005000272857497892
73,5,9,5.2370742107715504e-5
73,5,10,0.00041296392823025744
73,6,1,5.2370742247979613e-5
73,6,2,5.237088720426672e-5
73,6,3,5.237074125061321e-5
73,6,4,5.2370741035958584e-5
73,6,5,5.237074136893746e-5
73,6,6,5.237074204448624e-5
73,6,7,5.2370742772957685e-5
73,6,8,0.009727621054093073
73,6,9,5.237074107858381e-5
73,6,10,0.0011369811000651745
73,7,1,5.237073378255539e-5
73,7,2,5.237069426945555e-5
73,7,3,0.001346820310970001
73,7,4,5.2370747954183007e-5
73,7,5,5.237073376952164e-5
73,7,6,5.237073382877804e-5
73,7,7,5.2370734051304836e-5
73,7,8,0.012193480396079771
73,7,9,0.0003078065183639215
73,7,10,5.2370693547588244e-5
73,8,1,5.237073926763545e-5
73,8,2,0.0004752200997235333
73,8,3,5.237073922174319e-5
73,8,4,5.237074052104199e-5
73,8,5,5.237074242319967e-5
73,8,6,5.237120278457159e-5
73,8,7,5.2370742496532765e-5
73,8,8,5.237069230673216e-5
73,8,9,5.2370739059086345e-5
73,8,10,0.0018942267257150204
73,9,1,5.2370744348637884e-5
73,9,2,5.237073772567333e-5
73,9,3,0.004944694306862667
73,9,4,0.004166176136923222
73,9,5,5.237074205761024e-5
73,9,6,5.237074200757138e-5
73,9,7,5.237074716455635e-5
73,9,8,5.23707023672638e-5
73,9,9,5.237074146765947e-5
73,9,10,5.2370749068173105e-5
73,10,1,5.2370754947960444e-5
73,10,2,5.237077995000582e-5
73,10,3,5.237075524512406e-5
73,10,4,5.237075501237329e-5
73,10,5,5.237075671003932e-5
73,10,6,5.237075634658713e-5
73,10,7,5.2370756297225585e-5
73,10,8,0.004296911951039775
73,10,9,5.237075500003826e-5
73,10,10,5.237075698680239e-5
73,11,1,5.237076308564302e-5
73,11,2,5.2370775319665466e-5
73,11,3,5.237076349575526e-5
73,11,4,5.2370763279680497e-5
73,11,5,5.237076390283356e-5
73,11,6,5.237076398143818e-5
73,11,7,5.23707645237829e-5
73,11,8,5.237079287315171e-5
73,11,9,5.2370764608983165e-5
73,11,10,5.237076475954802e-5
73,12,1,5.2370765206618706e-5
73,12,2,5.237076707500219e-5
73,12,3,5.237076574988111e-5
73,12,4,5.237076549164223e-5
73,12,5,5.237076783986584e-5
73,12,6,5.237076767223195e-5
73,12,7,5.237076645818604e-5
73,12,8,5.237077612590212e-5
73,12,9,5.237076550984587e-5
73,12,10,5.237076673302693e-5
73,13,1,5.2370765199981085e-5
73,13,2,5.237076429562557e-5
73,13,3,5.2370765766962964e-5
73,13,4,5.237076550701379e-5
73,13,5,5.237076589053367e-5
73,13,6,5.237076602748286e-5
73,13,7,5.237076636626173e-5
73,13,8,5.237077533997011e-5
73,13,9,5.2370765547139565e-5
73,13,10,5.2370766808191056e-5
73,14,1,5.237076447182259e-5
73,14,2,5.237076622012453e-5
73,14,3,5.237076500173867e-5
73,14,4,5.237076473710854e-5
73,14,5,5.237076658761777e-5
73,14,6,5.237076511292572e-5
73,14,7,5.2370768440446917e-5
73,14,8,5.23707833033831e-5
73,14,9,5.2370764755283285e-5
73,14,10,5.23707660315954e-5
73,15,1,5.237075801668173e-5
73,15,2,5.237077568661498e-5
73,15,3,5.237075860622465e-5
73,15,4,5.237075832632199e-5
73,15,5,5.237076012828305e-5
73,15,6,5.237076032109866e-5
73,15,7,5.237076017468535e-5
73,15,8,5.2370965120967745e-5
73,15,9,5.237075831431402e-5
73,15,10,5.237076211348018e-5
73,16,1,5.2370749739972154e-5
73,16,2,5.237099620644159e-5
73,16,3,5.2370750434661455e-5
73,16,4,5.2370750169748e-5
73,16,5,5.237075103426086e-5
73,16,6,5.237075138411052e-5
73,16,7,5.237075098512837e-5
73,16,8,0.002642981700677041
73,16,9,5.237075019583223e-5
73,16,10,5.237075304438608e-5
73,17,1,5.237072774494982e-5
73,17,2,0.002576567791534831
73,17,3,5.237072832924624e-5
73,17,4,5.237072792916817e-5
73,17,5,5.237073137590588e-5
73,17,6,5.237072795447221e-5
73,17,7,0.00042235505892329253
73,17,8,0.004871356263187914
73,17,9,5.237073044599512e-5
73,17,10,0.0032889620785632413
73,18,1,5.2370709074663164e-5
73,18,2,0.0026619956221006643
73,18,3,5.237077709633253e-5
73,18,4,5.237071043535648e-5
73,18,5,5.237071200017693e-5
73,18,6,5.237071071992118e-5
73,18,7,0.0009644517661960145
73,18,8,0.0054346201307299705
73,18,9,0.0016965358865357813
73,18,10,0.00244259762683921
73,19,1,5.237069885492839e-5
73,19,2,0.004765591967689273
73,19,3,5.2370678137031e-5
73,19,4,5.237070427162547e-5
73,19,5,0.0007162649311844071
73,19,6,0.006009429791715464
73,19,7,0.0016628367570648967
73,19,8,0.010706501110803842
73,19,9,0.00024249295336086575
73,19,10,0.00466234217413389
73,20,1,5.237069551747489e-5
73,20,2,0.003402614518934373
73,20,3,0.0005304518944381501
73,20,4,5.237069657962994e-5
73,20,5,0.0007985235265126194
73,20,6,0.0010711501497822542
73,20,7,0.002019778269536892
73,20,8,0.004569714469390989
73,20,9,5.237070182101601e-5
73,20,10,0.0020530571868123985
73,21,1,5.237070548177545e-5
73,21,2,0.00195084483526798
73,21,3,0.0005892675164622159
73,21,4,5.237070535646984e-5
73,21,5,5.237069895420006e-5
73,21,6,0.0001178111270578663
73,21,7,0.00019840760606720177
73,21,8,0.008236768288174046
73,21,9,5.237070351655451e-5
73,21,10,0.002916422997601649
73,22,1,5.237071564663044e-5
73,22,2,0.0034500763819661153
73,22,3,5.237073850131527e-5
73,22,4,5.237071705075893e-5
73,22,5,5.2370715552873086e-5
73,22,6,0.00035557655752460886
73,22,7,0.0011998489147022975
73,22,8,0.005256908246767244
73,22,9,5.237071719391727e-5
73,22,10,0.0012908679334784241
73,23,1,5.237072549375493e-5
73,23,2,0.0016870256047734765
73,23,3,5.237072527661439e-5
73,23,4,5.2370726457844646e-5
73,23,5,5.237072871425283e-5
73,23,6,0.00044964967992432533
73,23,7,5.2370748705290414e-5
73,23,8,0.004981023233947699
73,23,9,5.237072713453568e-5
73,23,10,0.0023658105460951885
73,24,1,5.237073718443394e-5
73,24,2,0.000525037879172751
73,24,3,5.237069200208438e-5
73,24,4,5.2370737360531054e-5
73,24,5,5.2370738631520485e-5
73,24,6,5.2370748254329016e-5
73,24,7,5.2370739059470214e-5
73,24,8,0.003226104382714964
73,24,9,5.237073742798652e-5
73,24,10,0.00036744326570752907
74,1,1,1.134501143309319e-6
74,1,2,0.0022644192327301626
74,1,3,3.245514443700562e-5
74,1,4,0.00010259391655060227
74,1,5,7.932687013316004e-5
74,1,6,3.886165381524908e-7
74,1,7,9.81248579000497e-6
74,1,8,0.010300471344956492
74,1,9,8.712815918912801e-5
74,1,10,3.0883792017270536e-5
74,2,1,1.01267921722474e-6
74,2,2,0.0033082672036324457
74,2,3,3.352789286944062e-5
74,2,4,0.00010365334366321975
74,2,5,8.200680829624528e-5
74,2,6,1.8282964868972077e-6
74,2,7,1.160706676402861e-5
74,2,8,0.0006505435362428732
74,2,9,8.824349893368589e-5
74,2,10,3.948381358798998e-5
74,3,1,2.8109454605289117e-6
74,3,2,8.726625143606114e-6
74,3,3,3.926933339384883e-5
74,3,4,0.00010913150238106405
74,3,5,8.308311956444564e-5
74,3,6,2.611763859706157e-6
74,3,7,1.2361684708133776e-5
74,3,8,0.007250498643068375
74,3,9,9.40400567608426e-5
74,3,10,4.17727079737899e-5
74,4,1,4.123124859735721e-6
74,4,2,5.055212599704503e-6
74,4,3,3.9269330939406304e-5
74,4,4,0.00010913150083540681
74,4,5,8.0937765387721e-5
74,4,6,2.2107617179144174e-6
74,4,7,1.0876864162501838e-5
74,4,8,0.006912683552702297
74,4,9,9.404005554799917e-5
74,4,10,3.399801923387198e-5
74,5,1,3.2203502876588297e-6
74,5,2,2.806804616552731e-7
74,5,3,3.577951211492905e-5
74,5,4,0.00010583633583564003
74,5,5,7.508677634618923e-5
74,5,6,1.0542752775774846e-6
74,5,7,7.229613764230931e-6
74,5,8,0.00848539951446055
74,5,9,9.054988498617349e-5
74,5,10,0.00040637780737696
74,6,1,4.616741700506392e-6
74,6,2,9.194296106282886e-7
74,6,3,4.345292184550652e-5
74,6,4,0.00011295419749039284
74,6,5,7.244646509642618e-5
74,6,6,1.4958358281408365e-6
74,6,7,5.790882694562364e-6
74,6,8,0.010114942179706043
74,6,9,9.810436884668892e-5
74,6,10,0.0018534355139839338
74,7,1,2.1416938945277157e-5
74,7,2,4.266509336670713e-6
74,7,3,0.0013655851203375566
74,7,4,0.00011792356248297979
74,7,5,6.455507261850518e-5
74,7,6,7.2451451580714515e-6
74,7,7,2.343920266904189e-6
74,7,8,0.012643068860581327
74,7,9,0.00035107475235562994
74,7,10,8.130267977038824e-5
74,8,1,2.7445476144108152e-5
74,8,2,0.00044838454085063416
74,8,3,4.228519284419096e-5
74,8,4,0.00011190003204843046
74,8,5,4.499177463242433e-5
74,8,6,1.783011939193022e-7
74,8,7,8.053921974746095e-7
74,8,8,0.0007397131230643082
74,8,9,9.698237136612196e-5
74,8,10,0.0033233587855625124
74,9,1,5.733916453262416e-5
74,9,2,1.4596738190047325e-5
74,9,3,0.005057735969507829
74,9,4,0.004313523094270869
74,9,5,3.4525826078226954e-5
74,9,6,9.455760271565776e-7
74,9,7,5.827728396776813e-6
74,9,8,0.0007352910250353789
74,9,9,0.00010283545670453677
74,9,10,7.286099868622321e-5
74,10,1,9.633476133657656e-5
74,10,2,3.481172609827769e-5
74,10,3,4.717734343731964e-5
74,10,4,0.00011625476096853482
74,10,5,2.8250588491532437e-5
74,10,6,5.617742815352058e-6
74,10,7,1.1794199077209986e-5
74,10,8,0.0047198631968701195
74,10,9,0.00010162759909279959
74,10,10,5.8937060354835253e-5
74,11,1,0.00012126732601517031
74,11,2,5.61856510279378e-5
74,11,3,4.1649626268220504e-5
74,11,4,0.00011132256828537144
74,11,5,2.589654500733903e-5
74,11,6,9.367491006016822e-6
74,11,7,1.478753423551098e-5
74,11,8,0.0008425009160625813
74,11,9,9.636800635272046e-5
74,11,10,6.0368284142267754e-5
74,12,1,0.0001321879401899273
74,12,2,6.959316025962145e-5
74,12,3,3.409632834588497e-5
74,12,4,0.00010420910986352858
74,12,5,2.8648971630732053e-5
74,12,6,7.571136642170771e-6
74,12,7,1.1332675964481988e-5
74,12,8,0.0008383653922454191
74,12,9,8.883049949316677e-5
74,12,10,7.444513646940279e-5
74,13,1,0.00013067475854774502
74,13,2,7.353276488287968e-5
74,13,3,2.9731270743272132e-5
74,13,4,9.98497183968661e-5
74,13,5,3.4087483116326526e-5
74,13,6,1.591371076877644e-6
74,13,7,6.161532753504962e-6
74,13,8,0.0007827329506364347
74,13,9,8.424184551781845e-5
74,13,10,9.614692907894457e-5
74,14,1,0.00012608377258453682
74,14,2,6.210152349861289e-5
74,14,3,3.026651337489814e-5
74,14,4,0.00010039526183905164
74,14,5,3.85129967678545e-5
74,14,6,2.3926063956726996e-7
74,14,7,3.2862164718201207e-6
74,14,8,0.0006841348845568343
74,14,9,8.48148922901151e-5
74,14,10,0.00010202153113517278
74,15,1,0.0001255554812054884
74,15,2,4.951821898673555e-5
74,15,3,3.352790311832286e-5
74,15,4,0.00010365181787447623
74,15,5,4.358659397991885e-5
74,15,6,6.5922351239792e-6
74,15,7,1.1886133734777364e-6
74,15,8,0.0005566571754497729
74,15,9,8.824351310120451e-5
74,15,10,9.043995211839857e-5
74,16,1,0.0001271438014289146
74,16,2,4.6338662774864575e-5
74,16,3,2.9731254658988145e-5
74,16,4,9.984970179714695e-5
74,16,5,4.8359901942062516e-5
74,16,6,2.121834118060254e-5
74,16,7,1.9995124937831307e-7
74,16,8,0.004570053419101854
74,16,9,8.424182894454383e-5
74,16,10,9.04399439619825e-5
74,17,1,0.00012502832415929986
74,17,2,0.0042318720243534795
74,17,3,1.9773004231621223e-5
74,17,4,8.892993660791015e-5
74,17,5,5.0340017540348266e-5
74,17,6,2.98192744658059e-5
74,17,7,0.0004068546631211267
74,17,8,0.008168942448638679
74,17,9,7.286147232851542e-5
74,17,10,0.005424730486703106
74,18,1,0.00011797443251670968
74,18,2,0.004410351379061779
74,18,3,1.5408821395124527e-5
74,18,4,8.351264645956017e-5
74,18,5,5.533084396634664e-5
74,18,6,2.1745659049100737e-5
74,18,7,0.0009653212093240063
74,18,8,0.009102938141934518
74,18,9,0.0017369691546928957
74,18,10,0.004068194814756604
74,19,1,0.00010108265228165843
74,19,2,0.002969271193151266
74,19,3,2.4560166794411435e-5
74,19,4,9.437944489414226e-5
74,19,5,0.0012042646295873038
74,19,6,0.0060921320563278435
74,19,7,0.002758464706705707
74,19,8,0.010895852194079167
74,19,9,0.00026742713991128204
74,19,10,0.004722190725466858
74,20,1,8.64098887673685e-5
74,20,2,0.0021185608940081425
74,20,3,0.0008677988496849072
74,20,4,9.332440263174332e-5
74,20,5,0.0008259770521563405
74,20,6,0.0010619871555315426
74,20,7,0.0012241942270666785
74,20,8,0.007757290720510362
74,20,9,7.742036718691148e-5
74,20,10,0.0034051975831747576
74,21,1,6.784690494795568e-5
74,21,2,0.001199412603486315
74,21,3,0.0009573247017929222
74,21,4,9.005323090716519e-5
74,21,5,5.2805110368586036e-5
74,21,6,0.00015301089907585264
74,21,7,0.00017651470448343089
74,21,8,0.008504585437604295
74,21,9,7.402421870297043e-5
74,21,10,0.004813120474054443
74,22,1,6.01150083533191e-5
74,22,2,0.003473214803341968
74,22,3,2.607669915136947e-5
74,22,4,9.602281286298689e-5
74,22,5,4.263159108562893e-5
74,22,6,0.0005634518173238721
74,22,7,0.00126306467523849
74,22,8,0.008878808688009903
74,22,9,8.023548333088713e-5
74,22,10,0.002150635218991676
74,23,1,6.149119991022585e-5
74,23,2,0.002786992362124682
74,23,3,2.6577416820001095e-5
74,23,4,9.655842366356603e-5
74,23,5,3.715953386912461e-5
74,23,6,0.0007565613715687101
74,23,7,4.05367202766929e-6
74,23,8,0.00843805543736357
74,23,9,8.079428246603792e-5
74,23,10,0.0038975342497534647
74,24,1,7.13431484865775e-5
74,24,2,0.0008474124794351996
74,24,3,1.977301364955159e-5
74,24,4,8.892994532067156e-5
74,24,5,2.7462897328965217e-5
74,24,6,4.38381355353486e-5
74,24,7,1.2744839711941841e-5
74,24,8,0.005543282065286252
74,24,9,7.286147917403718e-5
74,24,10,0.0006708827370763733
75,1,1,0.0008523049047845519
75,1,2,0.002552934339211864
75,1,3,0.0011448760943335186
75,1,4,0.0014045903419006305
75,1,5,0.0009125883393101124
75,1,6,0.0006425669303142729
75,1,7,0.0009428769419811666
75,1,8,0.010141284929359989
75,1,9,0.0013610297809322318
75,1,10,0.0005634359639696207
75,2,1,0.007487638570796916
75,2,2,0.003414626892025653
75,2,3,0.001152712990519845
75,2,4,0.000956383235057952
75,2,5,0.0012598194843836947
75,2,6,0.0009565240421714034
75,2,7,0.007822127394089355
75,2,8,0.0028390225484444262
75,2,9,0.008915232673717082
75,2,10,0.006460310402540442
75,3,1,0.0008943971093054517
75,3,2,0.0004813019227306349
75,3,3,0.0008004898436011141
75,3,4,0.0014422410814267646
75,3,5,0.0012665915644517458
75,3,6,0.0006208808206987254
75,3,7,0.0009721755256657341
75,3,8,0.00723513628474777
75,3,9,0.0014006122161963896
75,3,10,0.0005187191904072783
75,4,1,0.0009192210925629334
75,4,2,0.0005222267632865028
75,4,3,0.0011931263487261886
75,4,4,0.001442242254731187
75,4,5,0.0012530589080371195
75,4,6,0.000690268235314655
75,4,7,0.0006832184806712001
75,4,8,0.006701908522431774
75,4,9,0.001400608232203956
75,4,10,0.00038076377750591387
75,5,1,0.007649631095227589
75,5,2,0.006779474281116543
75,5,3,0.0011688619764314318
75,5,4,0.0009741793489505108
75,5,5,0.0012156008441859547
75,5,6,0.007753226875366558
75,5,7,0.0006602966498628791
75,5,8,0.008185038905259791
75,5,9,0.008949804315288972
75,5,10,0.0007747952092293846
75,6,1,0.0009275820074177338
75,6,2,0.0007296625205770198
75,6,3,0.001221150831107233
75,6,4,0.0014639820292978482
75,6,5,0.0011984252404212564
75,6,6,0.0009473838222469317
75,6,7,0.0008886738171132992
75,6,8,0.010139726639765095
75,6,9,0.0014234709770534779
75,6,10,0.002220832307355182
75,7,1,0.008246377728694985
75,7,2,0.007356352613217497
75,7,3,0.0016763264211757604
75,7,4,0.0010002538260901633
75,7,5,0.008314978838316712
75,7,6,0.008073460059843907
75,7,7,0.007411516565243445
75,7,8,0.012486842951949122
75,7,9,0.0010727911415889637
75,7,10,0.0059968713345356995
75,8,1,0.0011806927457329
75,8,2,0.0008106200841797986
75,8,3,0.0012326285479420157
75,8,4,0.0010047046523640685
75,8,5,0.0008431158882664819
75,8,6,0.000499142072290796
75,8,7,0.0006999085994477113
75,8,8,0.002536695235414288
75,8,9,0.0014358733247621888
75,8,10,0.003270056097329971
75,9,1,0.0026935338126634245
75,9,2,0.005098309551203565
75,9,3,0.005488829310839048
75,9,4,0.004722084650153353
75,9,5,0.006786309062812268
75,9,6,0.0067303837270992475
75,9,7,0.0018130523173737682
75,9,8,0.0019378452521633068
75,9,9,0.008285122842114714
75,9,10,0.002039208309378225
75,10,1,0.0020326633707097065
75,10,2,0.00037487878918438455
75,10,3,0.00168753380021009
75,10,4,0.0019621276726448987
75,10,5,0.0008191477680547305
75,10,6,0.0007706368861746317
75,10,7,0.0008019379321075982
75,10,8,0.004138003360648902
75,10,9,0.0019649758996197753
75,10,10,0.0005185686121165677
75,11,1,0.0029598925965030774
75,11,2,0.00032712843327976324
75,11,3,0.0024428048984398076
75,11,4,0.002748496581949013
75,11,5,0.0019929528086721285
75,11,6,0.00179230989431248
75,11,7,0.0013656123310031552
75,11,8,4.5343585021480305e-5
75,11,9,0.0015069603897737201
75,11,10,0.0011718770789208989
75,12,1,0.0030033249075056938
75,12,2,0.0010665370708752805
75,12,3,0.002363244299336813
75,12,4,0.002684069153308998
75,12,5,0.0008306605146876703
75,12,6,0.0007628717189915299
75,12,7,0.001546216786023611
75,12,8,0.00021096761687825939
75,12,9,0.0026423133951760124
75,12,10,0.0013361935689168612
75,13,1,0.0029984179945287412
75,13,2,0.0037978495960305078
75,13,3,0.002326403076182244
75,13,4,0.0026576635419322406
75,13,5,0.0021486166149257972
75,13,6,0.0019318308508246773
75,13,7,0.0016299060602879127
75,13,8,0.0006965236460778174
75,13,9,0.002613919492670369
75,13,10,0.001265715730660036
75,14,1,0.002994231437566357
75,14,2,0.001123183677880378
75,14,3,0.002349168277333272
75,14,4,0.002680825231260906
75,14,5,0.00101226454817131
75,14,6,0.0020975258500261097
75,14,7,0.0004991766495577545
75,14,8,0.00027365360190723803
75,14,9,0.0026358182505828247
75,14,10,0.0012652837148121648
75,15,1,0.0026626576662155607
75,15,2,0.00030471740005894423
75,15,3,0.0019631830239506248
75,15,4,0.0022958439260274176
75,15,5,0.0008505765123856682
75,15,6,0.0006900522711564929
75,15,7,0.0006850588815379818
75,15,8,4.667476718305289e-5
75,15,9,0.0022918836045774963
75,15,10,0.0003483467670322376
75,16,1,0.001737578010223893
75,16,2,0.0003059751403882163
75,16,3,0.0011666207983442821
75,16,4,0.001435320355677857
75,16,5,0.0008461492403194676
75,16,6,0.0007518188904716364
75,16,7,0.0007085907327119991
75,16,8,0.0026883335202281997
75,16,9,0.001387187801872371
75,16,10,0.0004064311403515908
75,17,1,0.0016870788443476227
75,17,2,0.004533701765118498
75,17,3,0.0010500514236878626
75,17,4,0.0013321607501830036
75,17,5,0.0008349093000833101
75,17,6,0.0012468486100404687
75,17,7,0.0012425493371959195
75,17,8,0.008245980202798507
75,17,9,0.0009021745626371535
75,17,10,0.005651099002555659
75,18,1,0.001649040445540699
75,18,2,0.004835226294602441
75,18,3,0.0010012324845922475
75,18,4,0.0012905768835716753
75,18,5,0.001082116167690909
75,18,6,0.0011873797081396412
75,18,7,0.002157564467736186
75,18,8,0.009303508629041429
75,18,9,0.002238063140550941
75,18,10,0.004487832012988878
75,19,1,0.0015734574241892372
75,19,2,0.005457660234427198
75,19,3,0.008162239388015238
75,19,4,0.0013563061518783593
75,19,5,0.002149816128679232
75,19,6,0.00659979053466142
75,19,7,0.003519425727738865
75,19,8,0.011224749694842918
75,19,9,0.001482103034270156
75,19,10,0.005361680053962145
75,20,1,0.009278861351730654
75,20,2,0.010015305416646643
75,20,3,0.009106824075131468
75,20,4,0.008865825617711763
75,20,5,0.009075125016953858
75,20,6,0.009540421477922355
75,20,7,0.009673915450349164
75,20,8,0.013303988253010018
75,20,9,0.008747693602927195
75,20,10,0.010470213835231511
75,21,1,0.0008834712193726779
75,21,2,0.0024384084198968915
75,21,3,0.0015262440847781493
75,21,4,0.0009383509593671892
75,21,5,0.0008421209227079963
75,21,6,0.0009149298537553186
75,21,7,0.001006259430698589
75,21,8,0.008677830640743645
75,21,9,0.0012831983251516306
75,21,10,0.0051743453248533485
75,22,1,0.0013679286967615682
75,22,2,0.0023425855126068557
75,22,3,0.0007535442184316435
75,22,4,0.0009521524842447142
75,22,5,0.000988438313436002
75,22,6,0.0011361966199891181
75,22,7,0.0025064684107077863
75,22,8,0.008958000650709987
75,22,9,0.0009148219232620581
75,22,10,0.00253312888295627
75,23,1,0.0013755475761348132
75,23,2,0.0030601906005410444
75,23,3,0.0010999164154505557
75,23,4,0.0009533859490740458
75,23,5,0.0007934959837331785
75,23,6,0.0011428922375063015
75,23,7,0.0005935733208957868
75,23,8,0.008406494914266763
75,23,9,0.0009161939674662694
75,23,10,0.004114935597307329
75,24,1,0.0014283316353164985
75,24,2,0.0010450979331627823
75,24,3,0.001042474982890171
75,24,4,0.0013236350805143548
75,24,5,0.0006049037292725774
75,24,6,0.00035869663519192514
75,24,7,0.0005038703807419638
75,24,8,0.005430482001308294
75,24,9,0.0012761006745806182
75,24,10,0.0008144914044272442
76,1,1,7.257692716804018e-9
76,1,2,0.002264544336661288
76,1,3,4.970268056740326e-6
76,1,4,1.9728269159554082e-5
76,1,5,1.4682135794737687e-5
76,1,6,9.342562845944731e-8
76,1,7,8.994675142025993e-7
76,1,8,0.010208492962598589
76,1,9,1.6363296680483273e-5
76,1,10,1.1542324075117742e-5
76,2,1,1.3097118847216873e-8
76,2,2,0.0033259158088543937
76,2,3,5.180384468204093e-6
76,2,4,1.9961322367381705e-5
76,2,5,1.525828210520144e-5
76,2,6,3.5309832884740235e-9
76,2,7,1.1784006005937187e-6
76,2,8,0.00017964069795545535
76,2,9,1.6604610620685816e-5
76,2,10,1.4144885789122771e-5
76,3,1,4.8794053191225934e-8
76,3,2,4.387951209037398e-6
76,3,3,6.319374871979529e-6
76,3,4,2.116162385830487e-5
76,3,5,1.549008892732161e-5
76,3,6,3.635934184963608e-8
76,3,7,1.299607070626158e-6
76,3,8,0.007208746495916053
76,3,9,1.7862309550595137e-5
76,3,10,1.4829167570326057e-5
76,4,1,1.5821603263827414e-7
76,4,2,3.0334615383675296e-6
76,4,3,6.319372265418518e-6
76,4,4,2.116162232382696e-5
76,4,5,1.5028275454149959e-5
76,4,6,1.592830026153447e-8
76,4,7,1.0632356615449074e-6
76,4,8,0.0067746042435496414
76,4,9,1.78623080679241e-5
76,4,10,1.249166006006298e-5
76,5,1,7.829677033713509e-8
76,5,2,7.782248716031085e-7
76,5,3,5.624294045356374e-6
76,5,4,2.0438427423678248e-5
76,5,5,1.3773757281553537e-5
76,5,6,1.0868444253124084e-8
76,5,7,5.28097750757488e-7
76,5,8,0.00843839437698346
76,5,9,1.710433177729257e-5
76,5,10,0.00039428880013406227
76,6,1,2.086598501150597e-7
76,6,2,1.9208397299234562e-8
76,6,3,7.1625304966864034e-6
76,6,4,2.200237628448564e-5
76,6,5,1.3210197324665926e-5
76,6,6,9.284653902614768e-11
76,6,7,3.429324787947404e-7
76,6,8,0.010084486915439537
76,6,9,1.8747492109893263e-5
76,6,10,0.0018391371155040874
76,7,1,2.8745715573124857e-6
76,7,2,1.7244474814063944e-7
76,7,3,0.0013363773965857117
76,7,4,2.30980542743067e-5
76,7,5,1.1536446944261651e-5
76,7,6,5.301914440187739e-7
76,7,7,2.194985659132605e-8
76,7,8,0.012610874809373689
76,7,9,0.0002898547914935587
76,7,10,2.63132308668412e-5
76,8,1,4.002518644421188e-6
76,8,2,0.00045026833896700445
76,8,3,6.9261831265838715e-6
76,8,4,2.1770337383422777e-5
76,8,5,7.475096206890523e-6
76,8,6,1.6532203483291468e-7
76,8,7,1.1364432254180277e-6
76,8,8,0.00020316265637126496
76,8,9,1.850286148583568e-5
76,8,10,0.0033177523252362895
76,9,1,1.0021918944206993e-5
76,9,2,6.391921053573115e-6
76,9,3,0.0050226323620170795
76,9,4,0.0042313199975375654
76,9,5,5.376653329478112e-6
76,9,6,1.2177813042419016e-6
76,9,7,3.32902921837874e-6
76,9,8,0.00020199742548184362
76,9,9,1.9781117389957837e-5
76,9,10,2.3899940198015104e-5
76,10,1,1.836176595078362e-5
76,10,2,1.2737811882912206e-5
76,10,3,7.921075464391034e-6
76,10,4,2.2729782350017495e-5
76,10,5,4.156429531384744e-6
76,10,6,3.2493998864990637e-6
76,10,7,5.451964270238958e-6
76,10,8,0.004462566189913988
76,10,9,1.9516925117390135e-5
76,10,10,1.9879585112606526e-5
76,11,1,2.383695629871581e-5
76,11,2,1.9078095021533914e-5
76,11,3,6.797882494105328e-6
76,11,4,2.1643306238906357e-5
76,11,5,3.708435041568998e-6
76,11,6,4.613964214291501e-6
76,11,7,6.455068199199954e-6
76,11,8,0.00023021567382044072
76,11,9,1.8369015717012608e-5
76,11,10,2.029549808661395e-5
76,12,1,2.6258610387781767e-5
76,12,2,2.296122756116932e-5
76,12,3,5.292105056098756e-6
76,12,4,2.0081860190331833e-5
76,12,5,4.232835471868586e-6
76,12,6,3.973633624433258e-6
76,12,7,5.2945621580253824e-6
76,12,8,0.0002291283211462525
76,12,9,1.6731722281224352e-5
76,12,10,2.4354068090609798e-5
76,13,1,2.592232720699102e-5
76,13,2,2.4092596068303022e-5
76,13,3,4.441174301480395e-6
76,13,4,1.9128436458938822e-5
76,13,5,5.290364975867579e-6
76,13,6,1.557736885145618e-6
76,13,7,3.4546497202445434e-6
76,13,8,0.00021449240119266827
76,13,9,1.573991464763893e-5
76,13,10,3.0522521792786344e-5
76,14,1,2.490346242343516e-5
76,14,2,2.0798284101058115e-5
76,14,3,4.544619692931209e-6
76,14,4,1.92475961850989e-5
76,14,5,6.168067167856975e-6
76,14,6,1.3896370011767696e-7
76,14,7,2.3220074873160535e-6
76,14,8,0.00018850835123186598
76,14,9,1.586355637997096e-5
76,14,10,3.217807937236047e-5
76,15,1,2.47863555827376e-5
76,15,2,1.71240449864177e-5
76,15,3,5.180394372740369e-6
76,15,4,1.9959818147474468e-5
76,15,5,7.189647937844547e-6
76,15,6,4.437038438081225e-7
76,15,7,1.3512786822961194e-6
76,15,8,0.00015480706864673995
76,15,9,1.6604625048711088e-5
76,15,10,2.8908918906092553e-5
76,16,1,2.513850662665664e-5
76,16,2,1.6185731187723712e-5
76,16,3,4.441158173589108e-6
76,16,4,1.9128420574257665e-5
76,16,5,8.16332209895656e-6
76,16,6,2.8382748312572827e-6
76,16,7,7.07030365088114e-7
76,16,8,0.004469245426697113
76,16,9,1.5739898787792546e-5
76,16,10,2.890890997403101e-5
76,17,1,2.4669510874139152e-5
76,17,2,0.004248133992434518
76,17,3,2.5759122168696276e-6
76,17,4,1.675322799502445e-5
76,17,5,8.570345483185304e-6
76,17,6,4.458132281850218e-6
76,17,7,0.00040782406351722755
76,17,8,0.00816962012767092
76,17,9,1.3298657354079712e-5
76,17,10,0.005439638942099228
76,18,1,2.3109255511034313e-5
76,18,2,0.004432979898058751
76,18,3,1.808041730574679e-6
76,18,4,1.5582629114087174e-5
76,18,5,9.603476623910159e-6
76,18,6,2.9347893053926035e-6
76,18,7,0.00096602110663457
76,18,8,0.00905956972667163
76,18,9,0.001695395610204025
76,18,10,0.0040757654085662185
76,19,1,1.9397750807476162e-5
76,19,2,0.0029752205804370363
76,19,3,3.456852214792324e-6
76,19,4,1.793608830520587e-5
76,19,5,0.001166658927856552
76,19,6,0.00373053401725694
76,19,7,0.0016883934635924754
76,19,8,0.010946924141350976
76,19,9,0.0002220442589033721
76,19,10,0.004743206950377225
76,20,1,1.6207974644717678e-5
76,20,2,0.0021240588568903766
76,20,3,0.0008545922416962245
76,20,4,1.7706677985713814e-5
76,20,5,0.0007875942255165017
76,20,6,0.001070369338975192
76,20,7,0.0012320515390396305
76,20,8,0.007768482749176146
76,20,9,1.4273163908352042e-5
76,20,10,0.0034191110407428165
76,21,1,1.2232576077699748e-5
76,21,2,0.0019583474610539555
76,21,3,0.0009401695320357103
76,21,4,1.6996612632907872e-5
76,21,5,9.079408934191953e-6
76,21,6,0.00015210328572159455
76,21,7,0.00017747412955932762
76,21,8,0.00849689704617179
76,21,9,1.3546727178481118e-5
76,21,10,0.004832081791230897
76,22,1,1.060252928817205e-5
76,22,2,0.0034729979902319514
76,22,3,3.742488176375551e-6
76,22,4,1.8293788565556772e-5
76,22,5,6.9961961915966325e-6
76,22,6,0.0005571459484114596
76,22,7,0.0011923313410484471
76,22,8,0.008856852547495169
76,22,9,1.4877281430428656e-5
76,22,10,0.002136435115562166
76,23,1,1.0891343690809615e-5
76,23,2,0.002792503062224894
76,23,3,3.83735370424834e-6
76,23,4,1.841046948195116e-5
76,23,5,5.8981680121714455e-6
76,23,6,0.0007391240267973123
76,23,7,2.6378200199233915e-6
76,23,8,0.008379404774488062
76,23,9,1.499740525357689e-5
76,23,10,0.0038963006941900784
76,24,1,1.2975201148373816e-5
76,24,2,0.000834254283132492
76,24,3,2.575921567107421e-6
76,24,4,1.675323748624917e-5
76,24,5,4.005840934069201e-6
76,24,6,1.5444082225385378e-5
76,24,7,5.773681644914783e-6
76,24,8,0.00542793781736712
76,24,9,1.3298665084189811e-5
76,24,10,0.0006042299494482303
77,1,1,8.575263523046959e-7
77,1,2,0.002259364308174502
77,1,3,8.575261593665841e-7
77,1,4,8.575260480377206e-7
77,1,5,8.575263555562559e-7
77,1,6,8.575263686433778e-7
77,1,7,8.575262965814585e-7
77,1,8,0.006260372615170566
77,1,9,8.575260724171716e-7
77,1,10,8.575369043420528e-7
77,2,1,8.57526116363655e-7
77,2,2,0.0020436227451260973
77,2,3,8.575272758651009e-7
77,2,4,8.580046755272796e-7
77,2,5,8.575272879540711e-7
77,2,6,8.575275049967659e-7
77,2,7,8.575260582044955e-7
77,2,8,8.575270333009288e-7
77,2,9,8.575258886875704e-7
77,2,10,8.575262971851689e-7
77,3,1,8.575281050104302e-7
77,3,2,8.576240127682092e-7
77,3,3,8.575281619380351e-7
77,3,4,8.575277915452232e-7
77,3,5,8.5752786393224e-7
77,3,6,8.575281955529931e-7
77,3,7,8.575280186185537e-7
77,3,8,0.004424441593521771
77,3,9,8.57527820246988e-7
77,3,10,8.575283055948487e-7
77,4,1,8.575275337359025e-7
77,4,2,8.575278216087505e-7
77,4,3,8.575273952656845e-7
77,4,4,8.575272944659944e-7
77,4,5,8.575273687769988e-7
77,4,6,8.57527631103854e-7
77,4,7,8.575277160565868e-7
77,4,8,0.004145227162770072
77,4,9,8.575273128388662e-7
77,4,10,8.576878967884074e-7
77,5,1,8.5752552127122e-7
77,5,2,8.575256509602054e-7
77,5,3,8.575266042862679e-7
77,5,4,8.575267640295652e-7
77,5,5,8.575265751342418e-7
77,5,6,8.575255157157676e-7
77,5,7,8.575316761259323e-7
77,5,8,0.005171185890166112
77,5,9,8.575253245125244e-7
77,5,10,0.000239597678654511
77,6,1,8.57525004929581e-7
77,6,2,8.575882362812403e-7
77,6,3,8.575248771803735e-7
77,6,4,8.575247721658576e-7
77,6,5,8.575248736310251e-7
77,6,6,8.575250270079001e-7
77,6,7,8.575249938132445e-7
77,6,8,0.006197523815774729
77,6,9,8.575247902876102e-7
77,6,10,0.00182742067242416
77,7,1,8.575225743966272e-7
77,7,2,8.575226861558172e-7
77,7,3,0.0007623379075774448
77,7,4,8.575253288062848e-7
77,7,5,8.575225455264259e-7
77,7,6,8.575226032613645e-7
77,7,7,8.575226795809001e-7
77,7,8,0.007740651098208192
77,7,9,0.00017199657612741983
77,7,10,8.575229025166955e-7
77,8,1,8.57524244446117e-7
77,8,2,0.00027850921878979956
77,8,3,8.575242220417365e-7
77,8,4,8.575244336687387e-7
77,8,5,8.575245591737717e-7
77,8,6,8.576500017641009e-7
77,8,7,8.575248283722741e-7
77,8,8,8.575241644889855e-7
77,8,9,8.575241498156843e-7
77,8,10,0.0018995969292872309
77,9,1,8.575259265950829e-7
77,9,2,8.575255628575752e-7
77,9,3,0.003086340879980595
77,9,4,0.0025890569808009324
77,9,5,8.575252744392369e-7
77,9,6,8.575253179920072e-7
77,9,7,8.575269090317444e-7
77,9,8,8.575312847613879e-7
77,9,9,8.575250643708304e-7
77,9,10,8.575276220209645e-7
77,10,1,8.57529532922103e-7
77,10,2,8.575380299287769e-7
77,10,3,8.575296594116667e-7
77,10,4,8.575295379048208e-7
77,10,5,8.575299950837888e-7
77,10,6,8.575300454552537e-7
77,10,7,8.575300781503093e-7
77,10,8,0.0026787048056362618
77,10,9,8.575295443743078e-7
77,10,10,8.575303153249649e-7
77,11,1,8.575323348939052e-7
77,11,2,8.575364948225005e-7
77,11,3,8.575325181986688e-7
77,11,4,8.575323965784273e-7
77,11,5,8.575326429283437e-7
77,11,6,8.575327830072118e-7
77,11,7,8.575329178620476e-7
77,11,8,8.575433498919191e-7
77,11,9,8.575327826654066e-7
77,11,10,8.575330440981245e-7
77,12,1,8.575330242940456e-7
77,12,2,8.575338486835683e-7
77,12,3,8.575332593497762e-7
77,12,4,8.575331222622517e-7
77,12,5,8.575338676472937e-7
77,12,6,8.575339598951841e-7
77,12,7,8.57533588779276e-7
77,12,8,8.575373871869306e-7
77,12,9,8.575331475854315e-7
77,12,10,8.575337424969329e-7
77,13,1,8.575330281327646e-7
77,13,2,8.575329678276283e-7
77,13,3,8.575332725874301e-7
77,13,4,8.575331316917328e-7
77,13,5,8.575332975281607e-7
77,13,6,8.575334420524581e-7
77,13,7,8.575335578215743e-7
77,13,8,8.575369990063071e-7
77,13,9,8.575331511820859e-7
77,13,10,8.57533785199169e-7
77,14,1,8.575327820569872e-7
77,14,2,8.575335481944692e-7
77,14,3,8.575330068245457e-7
77,14,4,8.575328734014178e-7
77,14,5,8.575334895209915e-7
77,14,6,8.575331006205446e-7
77,14,7,8.575341031359631e-7
77,14,8,8.575399641371092e-7
77,14,9,8.575328917519019e-7
77,14,10,8.575335122318413e-7
77,15,1,8.575305754417024e-7
77,15,2,8.575368532562193e-7
77,15,3,8.575308119910243e-7
77,15,4,8.575306839231184e-7
77,15,5,8.575311965809051e-7
77,15,6,8.575313517986058e-7
77,15,7,8.575313771609859e-7
77,15,8,8.576163658603245e-7
77,15,9,8.575306883981328e-7
77,15,10,8.575317484362355e-7
77,16,1,8.575278084112686e-7
77,16,2,8.576246912435511e-7
77,16,3,8.575279559718584e-7
77,16,4,8.57527839684263e-7
77,16,5,8.575280794365917e-7
77,16,6,8.575282055980763e-7
77,16,7,8.575282187854647e-7
77,16,8,0.002678277458983954
77,16,9,8.575278599237774e-7
77,16,10,8.575283646254695e-7
77,17,1,8.575204453944664e-7
77,17,2,0.0026089645008177654
77,17,3,8.575206512452522e-7
77,17,4,8.575205287170264e-7
77,17,5,8.575208105277364e-7
77,17,6,8.575205584206173e-7
77,17,7,0.00040759391953328224
77,17,8,0.005017547536648685
77,17,9,8.575207112117054e-7
77,17,10,0.003330821101806695
77,18,1,8.575144811278612e-7
77,18,2,0.002729375885098998
77,18,3,8.576227715488705e-7
77,18,4,8.575148341924959e-7
77,18,5,8.57514940912597e-7
77,18,6,8.575149662654101e-7
77,18,7,0.0009661309070572805
77,18,8,0.005615232777049711
77,18,9,0.0010453881299373692
77,18,10,0.002503265252534814
77,19,1,8.575106306421226e-7
77,19,2,0.002975002296351945
77,19,3,8.575094255663579e-7
77,19,4,8.575147429392243e-7
77,19,5,0.0007084870663532195
77,19,6,0.0037281950448766026
77,19,7,0.0027498827221377558
77,19,8,0.006738947839097257
77,19,9,0.00013020549519145605
77,19,10,0.002916748194435157
77,20,1,8.575100711506296e-7
77,20,2,0.0021242522428411873
77,20,3,0.0005213665996261193
77,20,4,8.575122364502166e-7
77,20,5,0.00046734748900203294
77,20,6,0.001758392504150797
77,20,7,0.002025430247128083
77,20,8,0.004714244393794798
77,20,9,8.575115384352485e-7
77,20,10,0.00210564413086746
77,21,1,8.575127979043949e-7
77,21,2,0.0012000575380277274
77,21,3,0.000576000708083491
77,21,4,8.575161025252879e-7
77,21,5,8.575259938243259e-7
77,21,6,9.32734014062851e-5
77,21,7,0.0002885181976918185
77,21,8,0.0052273698519287115
77,21,9,8.57512642632786e-7
77,21,10,0.002967753727595023
77,22,1,8.575165442518402e-7
77,22,2,0.0021277320495109242
77,22,3,8.575231689464726e-7
77,22,4,8.575167438252675e-7
77,22,5,8.575165001379144e-7
77,22,6,0.0005520936982863904
77,22,7,0.002083547259537969
77,22,8,0.005442931515173218
77,22,9,8.575167179805321e-7
77,22,10,0.0013037949264556557
77,23,1,8.57519713976681e-7
77,23,2,0.0017118634285341948
77,23,3,8.575197242404836e-7
77,23,4,8.575199055986362e-7
77,23,5,8.575201423734523e-7
77,23,6,0.0004365137544946095
77,23,7,8.575270045991128e-7
77,23,8,0.005129483266615172
77,23,9,8.575198576136838e-7
77,23,10,0.0023842527183731356
77,24,1,8.575235362029075e-7
77,24,2,0.0008255387817725638
77,24,3,8.575236956248988e-7
77,24,4,8.575235637911624e-7
77,24,5,8.575238300551705e-7
77,24,6,8.57525578157439e-7
77,24,7,8.575239496122264e-7
77,24,8,0.003297851341739415
77,24,9,8.575235954814165e-7
77,24,10,0.0005773208654877686
78,1,1,8.269254519332383e-6
78,1,2,0.0023019200851343577
78,1,3,4.698626422772413e-6
78,1,4,4.882584235303421e-5
78,1,5,3.202187688506063e-5
78,1,6,1.1268745991584074e-5
78,1,7,3.8924004933202773e-7
78,1,8,0.01060225521255827
78,1,9,3.750054022546953e-5
78,1,10,0.00010194224456360695
78,2,1,8.641863498549474e-6
78,2,2,0.0033412886562144196
78,2,3,5.14949398182946e-6
78,2,4,4.962179011255561e-5
78,2,5,3.388407034890926e-5
78,2,6,6.568688450736182e-6
78,2,7,1.0568496945090688e-7
78,2,8,0.001019057309653478
78,2,9,3.829768752582533e-5
78,2,10,0.00011857781906898778
78,3,1,4.881938737562018e-6
78,3,2,5.2658187071471123e-5
78,3,3,7.769516789938481e-6
78,3,4,5.3771301341049895e-5
78,3,5,3.463795603981956e-5
78,3,6,5.177476928217969e-6
78,3,7,4.262415609386219e-8
78,3,8,0.007453444416929036
78,3,9,4.249187679174476e-5
78,3,10,0.00012288498323177838
78,4,1,3.3268295047756966e-6
78,4,2,4.208185502587987e-5
78,4,3,7.7695141953614e-6
78,4,4,5.377129968342384e-5
78,4,5,3.313864326872512e-5
78,4,6,5.837939175015882e-6
78,4,7,1.9684677683464106e-7
78,4,8,0.007043413114438928
78,4,9,4.249187551808016e-5
78,4,10,0.00010805726021184171
78,5,1,4.330685848746416e-6
78,5,2,2.1284566923599606e-5
78,5,3,6.137371783919155e-6
78,5,4,5.126794909547621e-5
78,5,5,2.9121358130611278e-5
78,5,6,8.511294966186286e-6
78,5,7,1.225634862636719e-6
78,5,8,0.0087048427183034
78,5,9,3.99563952121269e-5
78,5,10,0.00046016781545153885
78,6,1,2.874078802160699e-6
78,6,2,8.948662128148198e-6
78,6,3,9.868147109099356e-6
78,6,4,5.6701308497586124e-5
78,6,5,2.7345359008289476e-5
78,6,6,7.309360826317453e-6
78,6,7,2.0010223205311054e-6
78,6,8,0.01033760799980206
78,6,9,4.548101275452096e-5
78,6,10,0.0019208310668174641
78,7,1,1.0082792206004466e-6
78,7,2,3.189078872581857e-6
78,7,3,0.0013366604729507265
78,7,4,6.054958455072251e-5
78,7,5,2.2190142842879563e-5
78,7,6,1.2186330943183028e-6
78,7,7,5.6079341663006795e-6
78,7,8,0.012902985896014995
78,7,9,0.0003095649018875021
78,7,10,0.00019248059264973417
78,8,1,2.7859537790388198e-6
78,8,2,0.000463958804073422
78,8,3,9.268025134329812e-6
78,8,4,5.589061379385002e-5
78,8,5,1.0674850405386978e-5
78,8,6,1.2790651353776074e-5
78,8,7,2.514273638293288e-5
78,8,8,0.0011410194708092204
78,8,9,4.4652028867461785e-5
78,8,10,0.0034019501460374113
78,9,1,1.7705548559065065e-5
78,9,2,6.726810976385749e-5
78,9,3,0.0050129125400557115
78,9,4,0.004251957547785193
78,9,5,5.5805905614851554e-6
78,9,6,2.5968952817901523e-5
78,9,7,4.445855368489038e-5
78,9,8,0.001134991382274119
78,9,9,4.900701740764517e-5
78,9,10,0.00017818104091400525
78,10,1,4.4174852366925516e-5
78,10,2,0.00010963759569014749
78,10,3,1.1849909725877118e-5
78,10,4,5.925245857528705e-5
78,10,5,3.0699952905525445e-6
78,10,6,4.3822581522478895e-5
78,10,7,6.0533717563333545e-5
78,10,8,0.005038923166742186
78,10,9,4.810225132271177e-5
78,10,10,0.00015402262947831647
78,11,1,6.316274832175371e-5
78,11,2,0.00014914716967843474
78,11,3,8.945941725907242e-6
78,11,4,5.544738990973414e-5
78,11,5,2.26773937203185e-6
78,11,6,5.4358589842391994e-5
78,11,7,6.771413361690217e-5
78,11,8,0.0012806173855878667
78,11,9,4.419932714686343e-5
78,11,10,0.00015654409674561773
78,12,1,7.182014313347813e-5
78,12,2,0.00017258063456123288
78,12,3,5.393717983141493e-6
78,12,4,5.003968193269446e-5
78,12,5,3.214071701619379e-6
78,12,6,4.9501988557619084e-5
78,12,7,5.938736326920612e-5
78,12,8,0.0012750188093939064
78,12,9,3.8718548092703185e-5
78,12,10,0.00018088226170910647
78,13,1,7.060989030122841e-5
78,13,2,0.00017932756886455782
78,13,3,3.616792222376998e-6
78,13,4,4.67761506627104e-5
78,13,5,5.38989038518839e-6
78,13,6,2.9279708284064922e-5
78,13,7,4.545541859440614e-5
78,13,8,0.0011995627773165505
78,13,9,3.545329802117124e-5
78,13,10,0.00021712802149473576
78,14,1,6.695858684240185e-5
78,14,2,0.00015958489852378147
78,14,3,3.8218647617292125e-6
78,14,4,4.7182340885906955e-5
78,14,5,7.4060665909897235e-6
78,14,6,1.2272359064031075e-5
78,14,7,3.6145450836045945e-5
78,14,8,0.0010651068757814761
78,14,9,3.5857926026222424e-5
78,14,10,0.00022673421282992952
78,15,1,6.654046504444502e-5
78,15,2,0.0001371633024354936
78,15,3,5.149503926562867e-6
78,15,4,4.9620260436990756e-5
78,15,5,9.937526321670376e-6
78,15,6,1.535449255110453e-6
78,15,7,2.729413866688117e-5
78,15,8,0.0008895712919709686
78,15,9,3.829770169848973e-5
78,15,10,0.00020771959628419022
78,16,1,6.779884049089402e-5
78,16,2,0.00013135305842041351
78,16,3,3.6167761097686276e-6
78,16,4,4.677613454058778e-5
78,16,5,1.2499300412274326e-5
78,16,6,9.617692769237606e-7
78,16,7,2.0461622636009912e-5
78,16,8,0.004770259557095989
78,16,9,3.54532820361439e-5
78,16,10,0.00020771958845033236
78,17,1,6.612366482465026e-5
78,17,2,0.004275961730031685
78,17,3,6.51116567062098e-7
78,17,4,3.87899181800448e-5
78,17,5,1.3606868933071e-5
78,17,6,3.650221875460729e-6
78,17,7,0.0006681936579925282
78,17,8,0.00831907847145622
78,17,9,2.762290791494523e-5
78,17,10,0.0055027998148760235
78,18,1,6.0589190929680674e-5
78,18,2,0.004442247253443886
78,18,3,5.749337602376446e-8
78,18,4,3.493973446256395e-5
78,18,5,1.6502070255417646e-5
78,18,6,1.0870784055341378e-6
78,18,7,0.0015810365826382663
78,18,8,0.009200421056637187
78,18,9,0.0017001282186220417
78,18,10,0.004142908123925534
78,19,1,4.769504470315755e-5
78,19,2,0.00484186592338223
78,19,3,1.8525477407182867e-6
78,19,4,4.2739995925075975e-5
78,19,5,0.0011717615748897364
78,19,6,0.006061715475265717
78,19,7,0.00274943863310105
78,19,8,0.01095448609048648
78,19,9,0.00023179024280958171
78,19,10,0.00477408416420419
78,20,1,3.6988929264102264e-5
78,20,2,0.0034544474709796344
78,20,3,0.0008531158500199171
78,20,4,4.1969540723765545e-5
78,20,5,0.0007943603602937372
78,20,6,0.0017667316785308247
78,20,7,0.0020246147007722363
78,20,8,0.007868730570079426
78,20,9,3.071053726400395e-5
78,20,10,0.003455186189941529
78,21,1,2.4311260739371508e-5
78,21,2,0.0019690667899038418
78,21,3,0.0005717096851024972
78,21,4,3.9598046230145515e-5
78,21,5,1.50191379169815e-5
78,21,6,0.00018023272741423183
78,21,7,0.00029644121650886806
78,21,8,0.008658110712689852
78,21,9,2.840373527759765e-5
78,21,10,0.004871278969465737
78,22,1,1.940215966439217e-5
78,22,2,0.0034937432213523892
78,22,3,2.3260174171710196e-6
78,22,4,4.3945331964150064e-5
78,22,5,9.44492191702939e-6
78,22,6,0.0006020705636828183
78,22,7,0.0020938934420641677
78,22,8,0.00906877705691077
78,22,9,3.2650801835929936e-5
78,22,10,0.00222685987446485
78,23,1,2.0256864977018973e-5
78,23,2,0.0028419120184465948
78,23,3,2.4907995460064482e-6
78,23,4,4.433953757812536e-5
78,23,5,6.768827662822677e-6
78,23,6,0.0008168569009788022
78,23,7,3.882297366217143e-5
78,23,8,0.008667538650182358
78,23,9,3.303884735694639e-5
78,23,10,0.00398015336461251
78,24,1,2.66104494213056e-5
78,24,2,0.0009033868274591572
78,24,3,6.511198140017158e-7
78,24,4,3.8789927611576273e-5
78,24,5,2.791996075155037e-6
78,24,6,0.00012673504346322076
78,24,7,6.285926252907713e-5
78,24,8,0.005764779102523063
78,24,9,2.762291507627069e-5
78,24,10,0.0007893911703512876
79,1,1,1.782437543699271e-5
79,1,2,0.002322655617978155
79,1,3,6.752967106301382e-7
79,1,4,3.177281378734796e-5
79,1,5,1.8574903066431702e-5
79,1,6,2.2122854100738325e-5
79,1,7,3.87803291146707e-6
79,1,8,0.010797236479949039
79,1,9,2.2793247324161426e-5
79,1,10,0.0001311806486346358
79,2,1,1.8369863666177888e-5
79,2,2,0.0033628919501039454
79,2,3,8.525397921716445e-7
79,2,4,3.2414788079236247e-5
79,2,5,1.999759654136394e-5
79,2,6,1.5280394291958346e-5
79,2,7,2.790351932967897e-6
79,2,8,0.0011143755310951194
79,2,9,2.3414779458114945e-5
79,2,10,0.00015001292704776468
79,3,1,1.2640794031606263e-5
79,3,2,7.409481941725616e-5
79,3,3,2.077028847767178e-6
79,3,4,3.577865363919902e-5
79,3,5,2.0576948323734485e-5
79,3,6,1.311394921723256e-5
79,3,7,2.4079241385052072e-6
79,3,8,0.007547490062011045
79,3,9,2.671317080536778e-5
79,3,10,0.00015486470820509548
79,4,1,1.0046753510146141e-5
79,4,2,6.142026554524552e-5
79,4,3,2.0770264806071516e-6
79,4,4,3.577865200873486e-5
79,4,5,1.9426635347378587e-5
79,4,6,1.4153919802000282e-5
79,4,7,3.2006113156655277e-6
79,4,8,0.007135645829555732
79,4,9,2.6713169412458762e-5
79,4,10,0.00013812144370093523
79,5,1,1.1743278189920241e-5
79,5,2,3.553641817697223e-5
79,5,3,1.2799919151816325e-6
79,5,4,3.374539903657134e-5
79,5,5,1.638484574793215e-5
79,5,6,1.817914645800289e-5
79,5,7,6.014919131025792e-6
79,5,8,0.008811057690321956
79,5,9,2.4713729686486102e-5
79,5,10,0.0004843196096231393
79,6,1,9.247446083444944e-6
79,6,2,1.881617323094781e-5
79,6,3,3.2217557641856576e-6
79,6,4,3.817179506311954e-5
79,6,5,1.5061207397058566e-5
79,6,6,1.6400364303100967e-5
79,6,7,7.618287219793658e-6
79,6,8,0.010510711978735904
79,6,9,2.909011204199683e-5
79,6,10,0.0019505597546177686
79,7,1,1.1654381847486168e-7
79,7,2,9.80624566484205e-6
79,7,3,0.0013300080691034048
79,7,4,4.1335069312916914e-5
79,7,5,1.1308544387642608e-5
79,7,6,5.999440947655533e-6
79,7,7,1.379431410191041e-5
79,7,8,0.01311621515125377
79,7,9,0.00029720849999420183
79,7,10,0.00023227757565196744
79,8,1,1.0463576450828895e-7
79,8,2,0.00047461049205168486
79,8,3,2.8831199958161274e-6
79,8,4,3.7508263146301394e-5
79,8,5,3.689135416643265e-6
79,8,6,2.42374441190919e-5
79,8,7,4.048025007048646e-5
79,8,8,0.001242720409371275
79,8,9,2.8428881266397947e-5
79,8,10,0.0034400698479087315
79,9,1,8.182328469242739e-6
79,9,2,9.129026257628786e-5
79,9,3,0.005000879874917862
79,9,4,0.0042290720368497094
79,9,5,1.0330427938263764e-6
79,9,6,4.152800590817213e-5
79,9,7,6.428907285726973e-5
79,9,8,0.0012363815326590108
79,9,9,3.191876675986863e-5
79,9,10,0.00021649478071017724
79,10,1,2.804896198660184e-5
79,10,2,0.0001399116831881801
79,10,3,4.392005562734095e-6
79,10,4,4.026640550102417e-5
79,10,5,1.652128000937669e-7
79,10,6,6.352270360124113e-5
79,10,7,8.340193583997463e-5
79,10,8,0.005152542579126818
79,10,9,3.1190535702791146e-5
79,10,10,0.00018970080001270333
79,11,1,4.3495091426561854e-5
79,11,2,0.00018427089799711593
79,11,3,2.704869738341502e-6
79,11,4,3.714594025424034e-5
79,11,5,2.573999336579382e-8
79,11,6,7.611270603538762e-5
79,11,7,9.181068260862493e-5
79,11,8,0.0013893976981735948
79,11,9,2.8068437885726803e-5
79,11,10,0.00019250582895932877
79,12,1,5.071273139409012e-5
79,12,2,0.00021029876435991142
79,12,3,9.53534110296405e-7
79,12,4,3.2751884343130537e-5
79,12,5,1.9989272130511646e-7
79,12,6,7.033593451102427e-5
79,12,7,8.205307695638106e-5
79,12,8,0.0013835192374692903
79,12,9,2.37436516171609e-5
79,12,10,0.00021948022224930886
79,13,1,4.969848789650756e-5
79,13,2,0.0002177621829501941
79,13,3,3.0919263277467574e-7
79,13,4,3.0126137642784685e-5
79,13,5,9.519260158443799e-7
79,13,6,4.5693437668233704e-5
79,13,7,6.548850505479613e-5
79,13,8,0.0013042591483641934
79,13,9,2.1205622581076124e-5
79,13,10,0.00025936926856858546
79,14,1,4.6648604857927075e-5
79,14,2,0.00019588581031632668
79,14,3,3.7112307430882904e-7
79,14,4,3.045178649974026e-5
79,14,5,1.891334645074392e-6
79,14,6,2.352156124850694e-5
79,14,7,5.4191653979716494e-5
79,14,8,0.0011628594126284824
79,14,9,2.151839559078163e-5
79,14,10,0.00026989410130476234
79,15,1,4.630035529505958e-5
79,15,2,0.0001708873673050977
79,15,3,8.525433500810814e-7
79,15,4,3.241326538156392e-5
79,15,5,3.2614300158320103e-6
79,15,6,6.680262624546621e-6
79,15,7,4.32013847079627e-5
79,15,8,0.0009778598925875197
79,15,9,2.3414793916339296e-5
79,15,10,0.00024904332826036974
79,16,1,4.734907585719852e-5
79,16,2,0.00016437802767607795
79,16,3,3.0918711494440165e-7
79,16,4,3.0126121684961887e-5
79,16,5,4.790419232162777e-6
79,16,6,1.3307550174327216e-7
79,16,7,3.4469615111407445e-5
79,16,8,0.004850787438167621
79,16,9,2.120560678604512e-5
79,16,10,0.000249043320036508
79,17,1,4.595341436979255e-5
79,17,2,0.004304144083370875
79,17,3,2.9001052950748544e-7
79,17,4,2.3799461897248765e-5
79,17,5,5.484448658310151e-6
79,17,6,3.1900999709302877e-7
79,17,7,0.0006747227661541397
79,17,8,0.008399570526632863
79,17,9,1.526712259097635e-5
79,17,10,0.005546922734815231
79,18,1,4.136773076788363e-5
79,18,2,0.004465472644217658
79,18,3,1.2233152304428178e-6
79,18,4,2.08093763723775e-5
79,18,5,7.3717029211871155e-6
79,18,6,9.173328931916466e-8
79,18,7,0.0015853939163247423
79,18,8,0.009266372136930844
79,18,9,0.0016898902149728016
79,18,10,0.004181087769041433
79,19,1,3.086329917661076e-5
79,19,2,0.004844787576064054
79,19,3,2.676103292578537e-10
79,19,4,2.6909676889683813e-5
79,19,5,0.0011629758747614262
79,19,6,0.006045755357185751
79,19,7,0.0027459871874523367
79,19,8,0.01103203670217886
79,19,9,0.00022371376531834134
79,19,10,0.004806033330186773
79,20,1,2.2395303150362738e-5
79,20,2,0.003458142181219428
79,20,3,0.0005209728976819217
79,20,4,2.629994261683013e-5
79,20,5,0.0007862172377555058
79,20,6,0.0017779149477144094
79,20,7,0.0020316335247615976
79,20,8,0.00797936915323043
79,20,9,1.758064726325808e-5
79,20,10,0.0034829995716015778
79,21,1,1.2834896115431399e-5
79,21,2,0.0019836440197141757
79,21,3,0.0005754421408481638
79,21,4,2.4432464672526357e-5
79,21,5,6.392987386145153e-6
79,21,6,0.00019586699387761508
79,21,7,0.0003046697792607854
79,21,8,0.008789563911573263
79,21,9,1.5848310030236924e-5
79,21,10,0.0049060498364860905
79,22,1,9.346941907161943e-6
79,22,2,0.0035176061027150166
79,22,3,3.224956641301112e-8
79,22,4,2.7866395845306834e-5
79,22,5,2.982073097548995e-6
79,22,6,0.0006220823524642386
79,22,7,0.002104746770804695
79,22,8,0.009209067298554285
79,22,9,1.9054012813301602e-5
79,22,10,0.0022603750502505154
79,23,1,9.942391858159586e-6
79,23,2,0.0028699950558637856
79,23,3,5.411560898635412e-8
79,23,4,2.8180018636811432e-5
79,23,5,1.5765679086008025e-6
79,23,6,0.000840606728567138
79,23,7,5.746395565237445e-5
79,23,8,0.008776764102880408
79,23,9,1.9350336999467038e-5
79,23,10,0.004021212039555513
79,24,1,1.4517716788759873e-5
79,24,2,0.0009279864093974888
79,24,3,2.9001815495154567e-7
79,24,4,2.379947135776182e-5
79,24,5,1.0580861080111711e-7
79,24,6,0.00015919405592262472
79,24,7,8.613266495777573e-5
79,24,8,0.0058558059845780835
79,24,9,1.5267130309074547e-5
79,24,10,0.0008329207142069307
80,1,1,1.931448571825635e-5
80,1,2,0.0022789336926998006
80,1,3,1.9314485079136755e-5
80,1,4,1.93144845222371e-5
80,1,5,1.931448585528765e-5
80,1,6,1.9314486625096574e-5
80,1,7,1.931448550341938e-5
80,1,8,0.0063088165881850155
80,1,9,1.9314484671349646e-5
80,1,10,1.9314517944016433e-5
80,2,1,1.9314485045077296e-5
80,2,2,0.0033384749729233223
80,2,3,1.9314489149419806e-5
80,2,4,1.9315992060419135e-5
80,2,5,1.9314488403602048e-5
80,2,6,1.9314490810436752e-5
80,2,7,1.9314484744578677e-5
80,2,8,1.9314437179494874e-5
80,2,9,1.9314483906085577e-5
80,2,10,1.9314485818331197e-5
80,3,1,1.9314490934250858e-5
80,3,2,1.931474010265055e-5
80,3,3,1.9314491251873844e-5
80,3,4,1.9314489777088764e-5
80,3,5,1.931448998503227e-5
80,3,6,1.9314492968427386e-5
80,3,7,1.9314490675345256e-5
80,3,8,0.007211565770584346
80,3,9,1.931448983609926e-5
80,3,10,1.93144926539802e-5
80,4,1,1.931448931567294e-5
80,4,2,1.9314491131247116e-5
80,4,3,1.9314488741518883e-5
80,4,4,1.931448820447428e-5
80,4,5,1.9314488516967315e-5
80,4,6,1.931448969921241e-5
80,4,7,1.9314490400965484e-5
80,4,8,0.006802783978110671
80,4,9,1.931448832604531e-5
80,4,10,1.931524251011873e-5
80,5,1,1.9314483082190815e-5
80,5,2,1.9314483472561934e-5
80,5,3,1.93144863486736e-5
80,5,4,1.93144876420117e-5
80,5,5,1.9314486227359375e-5
80,5,6,1.931448305868751e-5
80,5,7,1.9314505032975877e-5
80,5,8,0.008464578926136534
80,5,9,1.931448209627411e-5
80,5,10,0.00039928251321969996
80,6,1,1.9314482332005857e-5
80,6,2,1.9314631020849812e-5
80,6,3,1.9314481121725656e-5
80,6,4,1.9314480681578496e-5
80,6,5,1.9314481075030566e-5
80,6,6,1.9314481967791942e-5
80,6,7,1.931448289496393e-5
80,6,8,0.006257506529417313
80,6,9,1.9314480732882374e-5
80,6,10,0.0018485648222059741
80,7,1,1.9314473982542117e-5
80,7,2,1.9314431506483443e-5
80,7,3,0.001337939831142137
80,7,4,1.9314486758302788e-5
80,7,5,1.931447364738008e-5
80,7,6,1.9314474008875064e-5
80,7,7,1.931447430430915e-5
80,7,8,0.007811846404989532
80,7,9,0.00028795151219009475
80,7,10,1.9314433075060963e-5
80,8,1,1.931447921903527e-5
80,8,2,0.00046171816874838003
80,8,3,1.9314479062467574e-5
80,8,4,1.931448010964076e-5
80,8,5,1.9314481361290714e-5
80,8,6,1.9314957522291923e-5
80,8,7,1.9314482548063633e-5
80,8,8,1.9314433733247406e-5
80,8,9,1.9314478721729262e-5
80,8,10,0.0033234993611887817
80,9,1,1.9314484325161948e-5
80,9,2,1.9314472588186153e-5
80,9,3,0.00500666244266448
80,9,4,0.004201735169005118
80,9,5,1.9314482269585353e-5
80,9,6,1.931448263537548e-5
80,9,7,1.9314487733147027e-5
80,9,8,1.9314443103464038e-5
80,9,9,1.9314481402197753e-5
80,9,10,1.9314490076424966e-5
80,10,1,1.931449479122511e-5
80,10,2,1.931452146089233e-5
80,10,3,1.931449532343108e-5
80,10,4,1.931449484423656e-5
80,10,5,1.9314496935702814e-5
80,10,6,1.9314497077989957e-5
80,10,7,1.93144970908639e-5
80,10,8,0.004399820495519223
80,10,9,1.9314494870248416e-5
80,10,10,1.931449798047054e-5
80,11,1,1.931450312898385e-5
80,11,2,1.9314516849137248e-5
80,11,3,1.9314503854220738e-5
80,11,4,1.9314503333682637e-5
80,11,5,1.9314504376808482e-5
80,11,6,1.9314505101005474e-5
80,11,7,1.9314505639895156e-5
80,11,8,1.9314537271004777e-5
80,11,9,1.9314504590128732e-5
80,11,10,1.9314506229052484e-5
80,12,1,1.931450527132503e-5
80,12,2,1.9314508665173657e-5
80,12,3,1.93145062417529e-5
80,12,4,1.9314505611147207e-5
80,12,5,1.9314508187811245e-5
80,12,6,1.931450874399627e-5
80,12,7,1.9314507663581222e-5
80,12,8,1.9314519758241978e-5
80,12,9,1.9314505730689377e-5
80,12,10,1.9314508385704704e-5
80,13,1,1.9314505229161826e-5
80,13,2,1.9314506045037e-5
80,13,3,1.9314506371565008e-5
80,13,4,1.9314505654801944e-5
80,13,5,1.9314506395534163e-5
80,13,6,1.9314507073654958e-5
80,13,7,1.931450747850498e-5
80,13,8,1.931451860601258e-5
80,13,9,1.9314505715795604e-5
80,13,10,1.931450850532329e-5
80,14,1,1.931450449304589e-5
80,14,2,1.931450773492552e-5
80,14,3,1.9314505592067102e-5
80,14,4,1.9314504847015448e-5
80,14,5,1.9314506883071047e-5
80,14,6,1.9314506013949707e-5
80,14,7,1.9314509370326874e-5
80,14,8,1.9314527118980922e-5
80,14,9,1.9314504937430215e-5
80,14,10,1.931450774178984e-5
80,15,1,1.9314497892345335e-5
80,15,2,1.9314517176046778e-5
80,15,3,1.9314498885955267e-5
80,15,4,1.9314498226853635e-5
80,15,5,1.9314500151484053e-5
80,15,6,1.9314500637290208e-5
80,15,7,1.9314500932699518e-5
80,15,8,1.9314718005351313e-5
80,15,9,1.9314498316978923e-5
80,15,10,1.931450338223141e-5
80,16,1,1.931448943715003e-5
80,16,2,1.9314745916483787e-5
80,16,3,1.931449048950472e-5
80,16,4,1.9314489878783763e-5
80,16,5,1.9314490833327573e-5
80,16,6,1.9314491514420983e-5
80,16,7,1.931449138929951e-5
80,16,8,0.004448749133041083
80,16,9,1.931448999155626e-5
80,16,10,1.9314494045216675e-5
80,17,1,1.9314467160315655e-5
80,17,2,0.00425812980945279
80,17,3,1.9314468120183738e-5
80,17,4,1.931446747077741e-5
80,17,5,1.931447051077933e-5
80,17,6,1.9314467710927766e-5
80,17,7,0.0006702786527548664
80,17,8,0.008201135194531835
80,17,9,1.9314469585616138e-5
80,17,10,0.005450358916540407
80,18,1,1.9314448230465184e-5
80,18,2,0.004444090810817813
80,18,3,1.9314679852996546e-5
80,18,4,1.9314449590897634e-5
80,18,5,1.931445132872248e-5
80,18,6,1.931445032959137e-5
80,18,7,0.0015895109906674594
80,18,8,0.00917731846504706
80,18,9,0.0016915563480263273
80,18,10,0.00408487642821837
80,19,1,1.9314438315275455e-5
80,19,2,0.004848036932484907
80,19,3,1.9314416995980235e-5
80,19,4,1.931444338834555e-5
80,19,5,0.0011662952973367695
80,19,6,0.0060666773855386
80,19,7,0.0027567285381668734
80,19,8,0.010982139183058535
80,19,9,0.00022405850599710838
80,19,10,0.004755574437116395
80,20,1,1.931443462050191e-5
80,20,2,0.0034590989112971903
80,20,3,0.0008643107267158996
80,20,4,1.931443544144237e-5
80,20,5,0.0007906769034422813
80,20,6,0.0017742189448231717
80,20,7,0.0020396505755344114
80,20,8,0.004809359007633928
80,20,9,1.9314441083143726e-5
80,20,10,0.0034295809117462265
80,21,1,1.9314444418967012e-5
80,21,2,0.001966635592825416
80,21,3,0.0009503111385600455
80,21,4,1.9314444508285e-5
80,21,5,1.9314477255447905e-5
80,21,6,0.00016253997679984396
80,21,7,0.0003004261581956459
80,21,8,0.005271167593166556
80,21,9,1.9314442762812357e-5
80,21,10,0.004843735517147543
80,22,1,1.9314454893728722e-5
80,22,2,0.0034836510757955052
80,22,3,1.9314478041237578e-5
80,22,4,1.9314456020173542e-5
80,22,5,1.9314454934982784e-5
80,22,6,0.0005658128520582611
80,22,7,0.0020991716721947824
80,22,8,0.0054742948723339934
80,22,9,1.931445655615458e-5
80,22,10,0.0021397521808170857
80,23,1,1.931446508605087e-5
80,23,2,0.0028019315159763607
80,23,3,1.9314465007802167e-5
80,23,4,1.931446583797546e-5
80,23,5,1.931446849776987e-5
80,23,6,0.0007419146941048815
80,23,7,1.9314489025653693e-5
80,23,8,0.008402563314153842
80,23,9,1.9314466366510922e-5
80,23,10,0.0039041463928142684
80,24,1,1.9314476949467278e-5
80,24,2,0.0008409290695036689
80,24,3,1.931447732358668e-5
80,24,4,1.9314477003427166e-5
80,24,5,1.931447853611799e-5
80,24,6,1.931448799825441e-5
80,24,7,1.9314479327973223e-5
80,24,8,0.005418644400116611
80,24,9,1.9314477186845832e-5
80,24,10,0.0005923193199281452
81,1,1,0.0010524275060461868
81,1,2,0.00426523980672841
81,1,3,0.00033719683911753734
81,1,4,2.4381637402326174e-5
81,1,5,7.45793419287736e-5
81,1,6,0.0011415114656422515
81,1,7,0.000683897449108143
81,1,8,0.021261077687338266
81,1,9,5.3898579323002775e-5
81,1,10,0.0027724610339798905
81,2,1,0.0010640778961959326
81,2,2,0.004983439005633783
81,2,3,0.0003268712081661201
81,2,4,2.2852370457425462e-5
81,2,5,6.698350918876912e-5
81,2,6,0.000996496970441693
81,2,7,0.000640963642985273
81,2,8,0.01302979404755882
81,2,9,5.1285051725993376e-5
81,2,10,0.0030114929807933508
81,3,1,0.0009351253146055354
81,3,2,0.0019977748257846094
81,3,3,0.00027672521804095635
81,3,4,1.581650060282177e-5
81,3,5,6.408120992178747e-5
81,3,6,0.0009464190166737364
81,3,7,0.0006242986779771886
81,3,8,0.014694501913458417
81,3,9,3.897184766825562e-5
81,3,10,0.0030721340838585046
81,4,1,0.000870411472534001
81,4,2,0.001809825688902421
81,4,3,0.0002767252157061525
81,4,4,1.5816499108733197e-5
81,4,5,6.994951558085656e-5
81,4,6,0.0009707746631557723
81,4,7,0.0006578343811707302
81,4,8,0.014751489282556506
81,4,9,3.8971846168259664e-5
81,4,10,0.0028612660355854564
81,5,1,0.000913301403198698
81,5,2,0.0013912798441452867
81,5,3,0.00030622580865016997
81,5,4,1.9869526342372694e-5
81,5,5,8.772950846221118e-5
81,5,6,0.0010600172790927007
81,5,7,0.0007562778938818881
81,5,8,0.016657282922372806
81,5,9,4.61355346229125e-5
81,5,10,0.003196720070346033
81,6,1,0.0008493369698412308
81,6,2,0.0010735259427723804
81,6,3,0.00024487224972859044
81,6,4,1.1755354170423895e-5
81,6,5,9.666420159277887e-5
81,6,6,0.0010214633263248083
81,6,7,0.0008042484988983064
81,6,8,0.018360520228854614
81,6,9,3.153444763347958e-5
81,6,10,0.004994205842945565
81,7,1,0.00046690853451446826
81,7,2,0.0008641357791121888
81,7,3,0.0014528111072733179
81,7,4,7.450328864874128e-6
81,7,5,0.00012715094040409683
81,7,6,0.0007557941319038744
81,7,7,0.0009624228340179341
81,7,8,0.022314039327580866
81,7,9,0.00029014012874416115
81,7,10,0.0040009487118374005
81,8,1,0.0003901856967914522
81,8,2,0.001818830150287294
81,8,3,0.00025340824300521995
81,8,4,1.2808433536808146e-5
81,8,5,0.000234015451052012
81,8,6,0.001183339260222295
81,8,7,0.0014761543915431548
81,8,8,0.014257774229362948
81,8,9,3.3493609681513025e-5
81,8,10,0.006606894241648552
81,9,1,0.00016070121635226221
81,9,2,0.0022414128445449725
81,9,3,0.0050985318541455025
81,9,4,0.0041877089307080255
81,9,5,0.00031755443465138243
81,9,6,0.0014937730835364138
81,9,7,0.0018531133546412304
81,9,8,0.014197379359559325
81,9,9,2.4027041758569573e-5
81,9,10,0.0038165163215385448
81,10,1,3.465671369019607e-5
81,10,2,0.0028840412846042026
81,10,3,0.00021932133387055896
81,10,4,8.777049668055566e-6
81,10,5,0.0003810923561739845
81,10,6,0.0018415956471929703
81,10,7,0.0021310466513374967
81,10,8,0.01761072480523071
81,10,9,2.5830587472792846e-5
81,10,10,0.0034981518577805897
81,11,1,5.141409296360551e-6
81,11,2,0.003432726921629244
81,11,3,0.0002581665576774907
81,11,4,1.3406714655984888e-5
81,11,5,0.000408378285979038
81,11,6,0.0020269797596818824
81,11,7,0.0022486186919368645
81,11,8,0.01564868620228995
81,11,9,3.459645754942718e-5
81,11,10,0.0035318223092068676
81,12,1,6.423875904737172e-7
81,12,2,0.0037435147724670117
81,12,3,0.00032153117688254036
81,12,4,2.2067498677595983e-5
81,12,5,0.0003766800619559656
81,12,6,0.001942886271100868
81,12,7,0.002111948461624508
81,12,8,0.0155931709350593
81,12,9,4.994222634824288e-5
81,12,10,0.0038515668589057597
81,13,1,1.001813080180252e-6
81,13,2,0.0038314058166595013
81,13,3,0.00036497266222472804
81,13,4,2.862515991161644e-5
81,13,5,0.00032161359653423997
81,13,6,0.001562691258802323
81,13,7,0.0018710735658187894
81,13,8,0.014842828314580333
81,13,9,6.1048920725872e-5
81,13,10,0.004312953997610781
81,14,1,2.6019179891484975e-6
81,14,2,0.0035722826993794215
81,14,3,0.0003593290125809799
81,14,4,2.7749717381197115e-5
81,14,5,0.0002828783099012608
81,14,6,0.0011693123452245686
81,14,7,0.0016984884901670905
81,14,8,0.0134949932059231
81,14,9,5.958400868846455e-5
81,14,10,0.004432768279349053
81,15,1,2.836531599592139e-6
81,15,2,0.003269997867612817
81,15,3,0.0003268712177447336
81,15,4,2.2850872866625096e-5
81,15,5,0.0002439119141539558
81,15,6,0.000776696446088331
81,15,7,0.0015216687984884211
81,15,8,0.011710230337016576
81,15,9,5.128506603604235e-5
81,15,10,0.004194669981506517
81,16,1,2.1629963279986343e-6
81,16,2,0.0031900358408453737
81,16,3,0.00036497264686087425
81,16,4,2.8625144384572672e-5
81,16,5,0.00021170697517088218
81,16,6,0.0004697354483798473
81,16,7,0.001372551447722441
81,16,8,0.01250755166225257
81,16,9,6.104890518836335e-5
81,16,10,0.0041946699726197485
81,17,1,3.081228109397751e-6
81,17,2,0.006399210373843626
81,17,3,0.0004909864135680058
81,17,4,4.971682124536228e-5
81,17,5,0.00019945707707018492
81,17,6,0.00036403778286533614
81,17,7,0.001783153420778228
81,17,8,0.013935717198266863
81,17,9,9.522018623776332e-5
81,17,10,0.008670460147355685
81,18,1,7.411659413285988e-6
81,18,2,0.006085438442403352
81,18,3,0.0005636692970799605
81,18,4,6.294595730594337e-5
81,18,5,0.0001711438462174473
81,18,6,0.00046227679934605047
81,18,7,0.002432257958592859
81,18,8,0.013224794567414787
81,18,9,0.0017464011401525134
81,18,10,0.007183298615672504
81,19,1,2.6669149631100352e-5
81,19,2,0.005957186914901879
81,19,3,0.0004248638693826064
81,19,4,3.831416580924024e-5
81,19,5,0.0012301534054932515
81,19,6,0.00655237066853278
81,19,7,0.0033708053077695912
81,19,8,0.014400470809319273
81,19,9,0.0002629522205713653
81,19,10,0.007030958049106414
81,20,1,5.562505820883881e-5
81,20,2,0.004505147620219178
81,20,3,0.0011529652980765564
81,20,4,4.0380579173542746e-5
81,20,5,0.0008607379034204952
81,20,6,0.00277124487445383
81,20,7,0.0027033234428237955
81,20,8,0.01249686555340174
81,20,9,8.031518863752931e-5
81,20,10,0.0056702743136579515
81,21,1,0.00011370797270585293
81,21,2,0.00336150854593585
81,21,3,0.0012705688857265057
81,21,4,4.721574538654919e-5
81,21,5,0.00018503361489608788
81,21,6,0.001977736738674848
81,21,7,0.0014377049995744223
81,21,8,0.014587946595709528
81,21,9,9.125366236085452e-5
81,21,10,0.007364896915901715
81,22,1,0.00014708910825798552
81,22,2,0.005405011858982205
81,22,3,0.0004062129170023068
81,22,4,3.522535336311624e-5
81,22,5,0.0002508483733943396
81,22,6,0.002920559242002773
81,22,7,0.0032134440579539214
81,22,8,0.016013445963210964
81,22,9,7.194381830009076e-5
81,22,10,0.005611519871902661
81,23,1,0.00014067612702408426
81,23,2,0.005302262586403848
81,23,3,0.000400264321204055
81,23,4,3.425226412665366e-5
81,23,5,0.0002942148315526977
81,23,6,0.003825680605118857
81,23,7,0.0017493147014356436
81,23,8,0.01700092688661749
81,23,9,7.035392660791934e-5
81,23,10,0.007380158644363859
81,24,1,0.00010057673277053886
81,24,2,0.0037117521397465043
81,24,3,0.0004909864224905737
81,24,4,4.971683075042523e-5
81,24,5,0.00038998637285716153
81,24,6,0.0031259498876072354
81,24,7,0.0021695021516940655
81,24,8,0.014404550758246532
81,24,9,9.52201935009488e-5
81,24,10,0.005746084282756582
82,1,1,1.1677193527035116e-5
82,1,2,0.002272068900325372
82,1,3,1.1677192845304018e-5
82,1,4,1.167719232436895e-5
82,1,5,1.1677193726419015e-5
82,1,6,1.1677194436598842e-5
82,1,7,1.1677193290953176e-5
82,1,8,0.00630619272508189
82,1,9,1.1677192439682842e-5
82,1,10,1.1677225997516042e-5
82,2,1,1.1677192796548136e-5
82,2,2,0.003331169185521661
82,2,3,1.1677196997371005e-5
82,2,4,1.1678659221502192e-5
82,2,5,1.167719626880522e-5
82,2,6,1.1677198730234917e-5
82,2,7,1.1677192506142539e-5
82,2,8,1.1677143219313321e-5
82,2,9,1.1677191723618488e-5
82,2,10,1.1677193605322148e-5
82,3,1,1.1677198705504396e-5
82,3,2,1.167744957506218e-5
82,3,3,1.1677199121563129e-5
82,3,4,1.1677197602251966e-5
82,3,5,1.1677197862774581e-5
82,3,6,1.1677200868248425e-5
82,3,7,1.1677198512427183e-5
82,3,8,0.007199531143445765
82,3,9,1.16771976874078e-5
82,3,10,1.1677200475285781e-5
82,4,1,1.1677197130452285e-5
82,4,2,1.1677199016570771e-5
82,4,3,1.167719661611732e-5
82,4,4,1.1677196078141474e-5
82,4,5,1.1677196353639701e-5
82,4,6,1.1677197571840678e-5
82,4,7,1.1677198307323882e-5
82,4,8,0.004180984277596618
82,4,9,1.167719616096681e-5
82,4,10,1.1677937922006683e-5
82,5,1,1.1677190822236745e-5
82,5,2,1.1677191225419485e-5
82,5,3,1.1677194165428432e-5
82,5,4,1.167719553072601e-5
82,5,5,1.167719398896993e-5
82,5,6,1.1677190828006492e-5
82,5,7,1.1677212974105191e-5
82,5,8,0.005217261675425353
82,5,9,1.1677189913505644e-5
82,5,10,0.00039415345188964013
82,6,1,1.1677190137206152e-5
82,6,2,1.1677340154783096e-5
82,6,3,1.1677188901904278e-5
82,6,4,1.167718839765269e-5
82,6,5,1.1677188875979212e-5
82,6,6,1.1677189749176624e-5
82,6,7,1.1677190688587283e-5
82,6,8,0.006256755957520091
82,6,9,1.1677188496267011e-5
82,6,10,0.0018421656943065081
82,7,1,1.167718165548759e-5
82,7,2,1.1677138988615442e-5
82,7,3,0.0013322856824931244
82,7,4,1.1677194630815171e-5
82,7,5,1.1677181470285695e-5
82,7,6,1.1677181792716506e-5
82,7,7,1.1677182105892406e-5
82,7,8,0.007808744364542243
82,7,9,0.00028452072753176163
82,7,10,1.1677140930850027e-5
82,8,1,1.1677186937815515e-5
82,8,2,0.00045658816216512173
82,8,3,1.1677186849701784e-5
82,8,4,1.1677187857494226e-5
82,8,5,1.1677189179936458e-5
82,8,6,1.167766024618426e-5
82,8,7,1.1677190168917028e-5
82,8,8,1.167714007323913e-5
82,8,9,1.1677186510243046e-5
82,8,10,0.0033158257251531113
82,9,1,1.1677192093271924e-5
82,9,2,1.1677180271115467e-5
82,9,3,0.004998322772517882
82,9,4,0.004194041573672612
82,9,5,1.1677190044518642e-5
82,9,6,1.167719040986282e-5
82,9,7,1.167719561681591e-5
82,9,8,1.167714824442811e-5
82,9,9,1.167718922197875e-5
82,9,10,1.1677198014507984e-5
82,10,1,1.167720272641081e-5
82,10,2,1.1677229598760575e-5
82,10,3,1.1677203234312561e-5
82,10,4,1.1677202702746534e-5
82,10,5,1.1677204819752901e-5
82,10,6,1.1677204950494552e-5
82,10,7,1.1677204967988745e-5
82,10,8,0.004390437417134048
82,10,9,1.1677202761412471e-5
82,10,10,1.1677205965292068e-5
82,11,1,1.1677211002006075e-5
82,11,2,1.1677224969827864e-5
82,11,3,1.1677211778419173e-5
82,11,4,1.1677211227514246e-5
82,11,5,1.1677212244732694e-5
82,11,6,1.1677213001397728e-5
82,11,7,1.1677213550686974e-5
82,11,8,1.1677245468435094e-5
82,11,9,1.1677212510189948e-5
82,11,10,1.1677214117020867e-5
82,12,1,1.1677213144245748e-5
82,12,2,1.1677216584332834e-5
82,12,3,1.1677214064057614e-5
82,12,4,1.1677213491219227e-5
82,12,5,1.1677216052348147e-5
82,12,6,1.1677216656905986e-5
82,12,7,1.167721556664028e-5
82,12,8,1.1677227779322673e-5
82,12,9,1.1677213597140279e-5
82,12,10,1.1677216253468215e-5
82,13,1,1.167721314990741e-5
82,13,2,1.167721389377661e-5
82,13,3,1.1677214162279673e-5
82,13,4,1.1677213508939937e-5
82,13,5,1.1677214229924553e-5
82,13,6,1.1677214962066405e-5
82,13,7,1.1677215406736995e-5
82,13,8,1.1677226586024552e-5
82,13,9,1.1677213611502708e-5
82,13,10,1.1677216472988757e-5
82,14,1,1.1677212379095223e-5
82,14,2,1.167721568310824e-5
82,14,3,1.167721335099399e-5
82,14,4,1.1677212788912979e-5
82,14,5,1.167721481479343e-5
82,14,6,1.1677213844032892e-5
82,14,7,1.1677217284228979e-5
82,14,8,1.167723511658359e-5
82,14,9,1.1677212850809783e-5
82,14,10,1.1677215682310372e-5
82,15,1,1.1677205779912551e-5
82,15,2,1.1677225218655227e-5
82,15,3,1.1677206742977901e-5
82,15,4,1.167720612799488e-5
82,15,5,1.167720804078527e-5
82,15,6,1.1677208578819384e-5
82,15,7,1.1677208756320073e-5
82,15,8,1.1677427535959372e-5
82,15,9,1.1677206201257172e-5
82,15,10,1.1677211220661204e-5
82,16,1,1.1677197269976432e-5
82,16,2,1.1677455260863276e-5
82,16,3,1.1677198315388186e-5
82,16,4,1.1677197757787991e-5
82,16,5,1.1677198809895896e-5
82,16,6,1.1677199266792293e-5
82,16,7,1.1677199269091608e-5
82,16,8,0.004439428612182873
82,16,9,1.1677197837756255e-5
82,16,10,1.167720196914966e-5
82,17,1,1.167717495469299e-5
82,17,2,0.004249394754596457
82,17,3,1.167717577413148e-5
82,17,4,1.1677175241679766e-5
82,17,5,1.167717827053252e-5
82,17,6,1.1677175489627897e-5
82,17,7,0.0006651390103506091
82,17,8,0.00505448481750712
82,17,9,1.1677177320158406e-5
82,17,10,0.005440309494591454
82,18,1,1.1677155971393118e-5
82,18,2,0.004435479650049072
82,18,3,1.1677389486068067e-5
82,18,4,1.167715736792577e-5
82,18,5,1.1677158673350773e-5
82,18,6,1.1677157761292128e-5
82,18,7,0.001584001216545251
82,18,8,0.0056475037768184706
82,18,9,0.0016854985797568976
82,18,10,0.004076524502534771
82,19,1,1.1677146126681383e-5
82,19,2,0.004834558241822502
82,19,3,1.1677124762691567e-5
82,19,4,1.1677151191161941e-5
82,19,5,0.001160719704290344
82,19,6,0.0060503387127604615
82,19,7,0.0027499737371313956
82,19,8,0.006769583677641702
82,19,9,0.00021902773288491937
82,19,10,0.0047466802606211085
82,20,1,1.1677142398677953e-5
82,20,2,0.003448144017200943
82,20,3,0.0008569806803441532
82,20,4,1.1677143228536524e-5
82,20,5,0.0007854308795861297
82,20,6,0.001768311563532754
82,20,7,0.0020334651160896105
82,20,8,0.004807974580406111
82,20,9,1.167714868018776e-5
82,20,10,0.0034221213713672965
82,21,1,1.1677152406052647e-5
82,21,2,0.0019603667675405292
82,21,3,0.0009446209050496822
82,21,4,1.1677152361496482e-5
82,21,5,1.1677184019335746e-5
82,21,6,0.0001573896352179288
82,21,7,0.0002953360019212585
82,21,8,0.005270325311134069
82,21,9,1.1677150246066282e-5
82,21,10,0.0048344432420223665
82,22,1,1.167716267349777e-5
82,22,2,0.00347555620381978
82,22,3,1.1677185701007884e-5
82,22,4,1.1677163835190767e-5
82,22,5,1.1677162686836127e-5
82,22,6,0.0005605870502218558
82,22,7,0.0020929780837834508
82,22,8,0.0054720315887824035
82,22,9,1.1677163964565536e-5
82,22,10,0.002133256591776463
82,23,1,1.1677172814783888e-5
82,23,2,0.0027948822373976955
82,23,3,1.1677172665341542e-5
82,23,4,1.1677173575278721e-5
82,23,5,1.1677175719940482e-5
82,23,6,0.0007393954742743577
82,23,7,1.1677196919667303e-5
82,23,8,0.005175749771837266
82,23,9,1.16771741157148e-5
82,23,10,0.0038958733502200142
82,24,1,1.167718478589804e-5
82,24,2,0.0008354489986992047
82,24,3,1.1677185107449156e-5
82,24,4,1.1677184869763207e-5
82,24,5,1.1677186274145292e-5
82,24,6,1.1677195893566468e-5
82,24,7,1.1677187155957717e-5
82,24,8,0.003328274909140395
82,24,9,1.1677185018634447e-5
82,24,10,0.0005870026052937218
83,1,1,0.0009383791900199714
83,1,2,0.00389844964688739
83,1,3,0.0003473698077018723
83,1,4,5.323244775750065e-5
83,1,5,0.00010838661682749298
83,1,6,0.001010254952672645
83,1,7,0.0006381222657372245
83,1,8,0.020330403423993667
83,1,9,8.685999198387464e-5
83,1,10,0.002307553648870682
83,2,1,0.0009477911635940487
83,2,2,0.004836694700288859
83,2,3,0.00033846843396703237
83,2,4,5.1317881714992254e-5
83,2,5,0.00010060386122979584
83,2,6,0.0008931396692412033
83,2,7,0.0006027119723867944
83,2,8,0.010465983819643785
83,2,9,8.4053043227481e-5
83,2,10,0.0024964090789883365
83,3,1,0.0008433856082241104
83,3,2,0.0016941130729636626
83,3,3,0.0002949060791371703
83,3,4,4.209411775303132e-5
83,3,5,9.75952417989686e-5
83,3,6,0.0008525509404980608
83,3,7,0.0005889341794062959
83,3,8,0.013794642455734902
83,3,9,7.04654054341407e-5
83,3,10,0.0025443022742075616
83,4,1,0.0007907777029380717
83,4,2,0.0015447544732980507
83,4,3,0.00029490607670925624
83,4,4,4.2094116243962603e-5
83,4,5,0.00010365791247763754
83,4,6,0.0008723017628125421
83,4,7,0.0006166406015708058
83,4,8,0.013617271173886477
83,4,9,7.04654039149303e-5
83,4,10,0.00237773231519226
83,5,1,0.0008256617277730236
83,5,2,0.0012108250893735429
83,5,3,0.0003206040307537356
83,5,4,4.750081140326933e-5
83,5,5,0.00012159446652991048
83,5,6,0.0009445111539690347
83,5,7,0.0006975697960546171
83,5,8,0.01581471089716704
83,5,9,7.84495447066836e-5
83,5,10,0.002715289152865771
83,6,1,0.0007736103648949414
83,6,2,0.0009554211954884375
83,6,3,0.00026689599341138707
83,6,4,3.632468272627512e-5
83,6,5,0.0001304086096004012
83,6,6,0.0009133453008474128
83,6,7,0.0007368176389181753
83,6,8,0.017760958519491547
83,6,9,6.188007958159924e-5
83,6,10,0.004479177014968714
83,7,1,0.0004576865463505454
83,7,2,0.000785667403001996
83,7,3,0.001487698270274383
83,7,4,2.958862317080619e-5
83,7,5,0.00015974486202016867
83,7,6,0.0006971734118476215
83,7,7,0.0008655312227201128
83,7,8,0.02204333213851705
83,7,9,0.00031065012632848835
83,7,10,0.0032774075217923645
83,8,1,0.0003927423268436275
83,8,2,0.0016301687293298612
83,8,3,0.00027443179128255733
83,8,4,3.786325371844953e-5
83,8,5,0.0002572771043467377
83,8,6,0.0010439345621634313
83,8,7,0.0012787258308962208
83,8,8,0.01145655648181691
83,8,9,6.417617099471936e-5
83,8,10,0.006096674334944491
83,9,1,0.00019106363631608654
83,9,2,0.0018873506790647939
83,9,3,0.005175893314205719
83,9,4,0.004211218769040188
83,9,5,0.0003304180263107641
83,9,6,0.001292807438766969
83,9,7,0.0015791803616586409
83,9,8,0.011407762676125782
83,9,9,5.279096067567806e-5
83,9,10,0.003131867593307557
83,10,1,6.552687829762051e-5
83,10,2,0.002395727310019812
83,10,3,0.0002441926525955436
83,10,4,3.1757473218503656e-5
83,10,5,0.0003849897310413518
83,10,6,0.0015700221803808664
83,10,7,0.0017998611089154013
83,10,8,0.01532300681381637
83,10,9,5.502252183073797e-5
83,10,10,0.002880623165893963
83,11,1,2.551665477695714e-5
83,11,2,0.0028289852159039896
83,11,3,0.0002786227893192063
83,11,4,3.872288666006145e-5
83,11,5,0.0004082146898891894
83,11,6,0.0017172967610363157
83,11,7,0.0018930605608878195
83,11,8,0.012582431349605598
83,11,9,6.545711850394045e-5
83,11,10,0.0029071971126372323
83,12,1,1.4597771507461366e-5
83,12,2,0.003074259736690061
83,12,3,0.0003338564698894664
83,12,4,5.03250743699276e-5
83,12,5,0.0003812232478617234
83,12,6,0.0016505238947851217
83,12,7,0.0017847142780960802
83,12,8,0.01253741622385413
83,12,9,8.26015227067833e-5
83,12,10,0.003159526838305797
83,13,1,1.590431244296267e-5
83,13,2,0.003143617278046505
83,13,3,0.0003712138244443424
83,13,4,5.8417169286985234e-5
83,13,5,0.00033392769765003976
83,13,6,0.0013478484571580387
83,13,7,0.001593458930435629
83,13,8,0.011929630357553941
83,13,9,9.442904555258398e-5
83,13,10,0.0035236328710323652
83,14,1,2.0266764946672403e-5
83,14,2,0.0029391290324990026
83,14,3,0.0003663803526827213
83,14,4,5.7361429056678094e-5
83,14,5,0.0003002839905600727
83,14,6,0.0010326446311540141
83,14,7,0.0014561279224475884
83,14,8,0.010840866385358677
83,14,9,9.289057634089889e-5
83,14,10,0.0036181979020064514
83,15,1,2.0808224072372586e-5
83,15,2,0.0027005320008864284
83,15,3,0.00033846844381903586
83,15,4,5.1316362986836065e-5
83,15,5,0.00026604673546284875
83,15,6,0.0007142892482917859
83,15,7,0.0013150939189145348
83,15,8,0.009405132117671453
83,15,9,8.405305763110779e-5
83,15,10,0.0034302826901412074
83,16,1,1.9205183840651086e-5
83,16,2,0.0026374019750004443
83,16,3,0.0003712138086409057
83,16,4,5.841715366585929e-5
83,16,5,0.00023738030046088808
83,16,6,0.0004600652383375803
83,16,7,0.0011958266645494037
83,16,8,0.011105161472068139
83,16,9,9.442902989489037e-5
83,16,10,0.0034302826804764684
83,17,1,2.13567799070805e-5
83,17,2,0.0062190322381719355
83,17,3,0.00047791808579074487
83,17,4,8.235722969708878e-5
83,17,5,0.00022637068669116833
83,17,6,0.0003704135281585596
83,17,7,0.0016506178360062066
83,17,8,0.013466136528087735
83,17,9,0.00012899183349911628
83,17,10,0.008375651661306008
83,18,1,2.952387001316635e-5
83,18,2,0.005999725923547063
83,18,3,0.0005386348734441106
83,18,4,9.641267715041466e-5
83,18,5,0.00020065644347919316
83,18,6,0.00045378719936603376
83,18,7,0.0023006897839277884
83,18,8,0.013131156953329276
83,18,9,0.001784352798765872
83,18,10,0.006797838892918317
83,19,1,5.604881455706532e-5
83,19,2,0.005971599643616526
83,19,3,0.00042219412664585133
83,19,4,6.97196264976559e-5
83,19,5,0.0012622712677691093
83,19,6,0.006708254422936964
83,19,7,0.003390233164684879
83,19,8,0.014566413593529176
83,19,9,0.00029130812006204776
83,19,10,0.006846206438009614
83,20,1,8.870180556504173e-5
83,20,2,0.004469716206597821
83,20,3,0.0011635578775549891
83,20,4,7.205510925877767e-5
83,20,5,0.0008902265559339
83,20,6,0.002677663103420557
83,20,7,0.0026773862572900464
83,20,8,0.012121357023697764
83,20,9,0.00011418551918661956
83,20,10,0.005410525672785139
83,21,1,0.000146933092883695
83,21,2,0.003203512087771798
83,21,3,0.0012809939583597256
83,21,4,7.963356210310381e-5
83,21,5,0.00021332135437133706
83,21,6,0.0017040230108544704
83,21,7,0.0012964522444996992
83,21,8,0.014089651177725529
83,21,9,0.0001250850428486277
83,21,10,0.007152212959382408
83,22,1,0.00017845622756571932
83,22,2,0.0052193305250583695
83,22,3,0.00040637565039775903
83,22,4,6.618405714333754e-5
83,22,5,0.00027217426679790747
83,22,6,0.0025308713762116066
83,22,7,0.003115319841320437
83,22,8,0.015395281426460546
83,22,9,0.0001057003672882864
83,22,10,0.005026898097602644
83,23,1,0.0001724718790099027
83,23,2,0.004956133473638748
83,23,3,0.00040132002989271356
83,23,4,6.505820359755117e-5
83,23,5,0.00031016698724662723
83,23,6,0.003273724515977014
83,23,7,0.0014966019047515328
83,23,8,0.016081920442198902
83,23,9,0.00010407278885929674
83,23,10,0.006911291364298341
83,24,1,0.00013423331083552977
83,24,2,0.0032176675347795293
83,24,3,0.00047791809495750673
83,24,4,8.235723926925825e-5
83,24,5,0.00039257253031617926
83,24,6,0.0025867998378987928
83,24,7,0.0018303535489327788
83,24,8,0.01299904548664658
83,24,9,0.0001289918407398265
83,24,10,0.004770238387640314
84,1,1,0.0006149523930951066
84,1,2,0.002498379661724939
84,1,3,0.0008151062650796194
84,1,4,0.0009920599723444263
84,1,5,0.0006562863351955499
84,1,6,0.0004706154515769668
84,1,7,0.0006770334771751943
84,1,8,0.010239639397633468
84,1,9,0.0009624158559940292
84,1,10,0.0004158785658422957
84,2,1,0.005108241097821734
84,2,2,0.0034512749423272655
84,2,3,0.0008204541397509886
84,2,4,0.0006862810584564856
84,2,5,0.0008934877231901115
84,2,6,0.0006863773076287692
84,2,7,0.0053349068965607115
84,2,8,0.0019642019618991103
84,2,9,0.006076240094240304
84,2,10,0.004412572547689314
84,3,1,0.0006438192456158196
84,3,2,0.0003588391159276737
84,3,3,0.0005793769834867578
84,3,4,0.0010176724197583835
84,3,5,0.000898102198422037
84,3,6,0.0004556330658423912
84,3,7,0.0006970904032317257
84,3,8,0.007284424532630152
84,3,9,0.000989353271472723
84,3,10,0.0003848563145806696
84,4,1,0.0006608307671965391
84,4,2,0.0003872923494862897
84,4,3,0.0008480229724165813
84,4,4,0.0010176732155757456
84,4,5,0.0008888807214385265
84,4,6,0.0005035273467801986
84,4,7,0.000498666902074589
84,4,8,0.006806789402961577
84,4,9,0.0009893505593722752
84,4,10,0.00028860371003499105
84,5,1,0.005218004736723303
84,5,2,0.004628620863517938
84,5,3,0.0008314723228777971
84,5,4,0.000698461745343913
84,5,5,0.0008633480697455864
84,5,6,0.005288209794020982
84,5,7,0.0004828549987716596
84,5,8,0.008376730542969533
84,5,9,0.00609970140688481
84,5,10,0.0006608217233159896
84,6,1,0.0006665583539079814
84,6,2,0.0005306664113895424
84,6,3,0.0008671318659685902
84,6,4,0.0010324580358966626
84,6,5,0.000851636622676084
84,6,6,0.0006801195071154606
84,6,7,0.0006398958435336487
84,6,8,0.010203269295360048
84,6,9,0.0010049048997804013
84,6,10,0.002148038558202777
84,7,1,0.0056225200412787215
84,7,2,0.005019297813644673
84,7,3,0.00156427249601497
84,7,4,0.0007163014209024557
84,7,5,0.005669039858616003
84,7,6,0.005505277021693551
84,7,7,0.005056668626856848
84,7,8,0.01266436704078926
84,7,9,0.0007983089557898889
84,7,10,0.004098977376048568
84,8,1,0.0008395427184376781
84,8,2,0.0006917846978768658
84,8,3,0.000874956165061697
84,8,4,0.0007193457387076373
84,8,5,0.0006086467443236001
84,8,6,0.0003712510485348765
84,8,7,0.0005101719681568947
84,8,8,0.0017596982361569686
84,8,9,0.0010133412806793854
84,8,10,0.0033131705183558438
84,9,1,0.001865802608396377
84,9,2,0.0034912920465677314
84,9,3,0.005331485575427735
84,9,4,0.004880752534419884
84,9,5,0.004633248206822245
84,9,6,0.004595386092965314
84,9,7,0.001269523090977082
84,9,8,0.0013541525129096268
84,9,9,0.005648793452272688
84,9,10,0.0014228562673031795
84,10,1,0.0014184210159790308
84,10,2,0.0002844746987411838
84,10,3,0.0011843434739809704
84,10,4,0.0013706138986064955
84,10,5,0.0005921926636455855
84,10,6,0.0005588581946044122
84,10,7,0.0005803718680013247
84,10,8,0.004240367101028058
84,10,9,0.0013725446309785622
84,10,10,0.0003847517273571358
84,11,1,0.0020459347506476405
84,11,2,0.00025088354734249086
84,11,3,0.0016961626230323063
84,11,4,0.00190297862775821
84,11,5,0.0013915081021325592
84,11,6,0.0012554511062101601
84,11,7,0.0009655350034611561
84,11,8,4.5028002429327054e-5
84,11,9,0.0010616786837330113
84,11,10,0.0008335292079157162
84,12,1,0.0020753007971682806
84,12,2,0.0007616140937829638
84,12,3,0.0016423125163122236
84,12,4,0.0018594004853879742
84,12,5,0.0006000973920240105
84,12,6,0.0005535181349078626
84,12,7,0.0010883597997348696
84,12,8,0.0001682743330552616
84,12,9,0.001831154614073869
84,12,10,0.000945508375988729
84,13,1,0.002071983148502062
84,13,2,0.002612332966836354
84,13,3,0.0016173728534941883
84,13,4,0.0018415385162088966
84,13,5,0.0014969812287504549
84,13,6,0.0013500749807703997
84,13,7,0.0011452137163713708
84,13,8,0.0005078391409889758
84,13,9,0.0018119460839864483
84,13,10,0.0008975054305489889
84,14,1,0.0020691525209953925
84,14,2,0.0008003003185511333
84,14,3,0.0016327840547983904
84,14,4,0.0018572061940269331
84,14,5,0.0007245160741985989
84,14,6,0.0014623706924501618
84,14,7,0.00037127504258238885
84,14,8,0.00021304125597275782
84,14,9,0.001826760689102657
84,14,10,0.0008972110631865298
84,15,1,0.0018449168348642594
84,15,2,0.0002350562970716504
84,15,3,0.0013713292951878734
84,15,4,0.0015966838674858364
84,15,5,0.0006137664518918573
84,15,6,0.000503378470138466
84,15,7,0.0004999358806709976
84,15,8,4.6091577600037647e-5
84,15,9,0.001594002535886367
84,15,10,0.0002658306875504153
84,16,1,0.0012183121813197078
84,16,2,0.0002359457361596683
84,16,3,0.0008299433448497893
84,16,4,0.0010129651579125175
84,16,5,0.000610728435678761
84,16,6,0.000545915069711809
84,16,7,0.0005161542704273636
84,16,8,0.0026923949946939785
84,16,9,0.0009802185910911263
84,16,10,0.00030658680197484793
84,17,1,0.0011840346094562058
84,17,2,0.004497360372530569
84,17,3,0.0007503488958142202
84,17,4,0.0009427625834308085
84,17,5,0.0006030140510248489
84,17,6,0.0008846483787775046
84,17,7,0.0010779917879569884
84,17,8,0.008310535227843233
84,17,9,0.0006491500091168874
84,17,10,0.005648650025129526
84,18,1,0.00115820780457708
84,18,2,0.0048079454262383095
84,18,3,0.0007169708514201959
84,18,4,0.0009144428157494547
84,18,5,0.0007722570590077646
84,18,6,0.0008441036847029867
84,18,7,0.0020270314233670214
84,18,8,0.009419391729074722
84,18,9,0.002134239650723464
84,18,10,0.004450397718209325
84,19,1,0.0011068694413227343
84,19,2,0.0053580985074040645
84,19,3,0.005565469033967394
84,19,4,0.0009592005271503445
84,19,5,0.0018454100767670894
84,19,6,0.006532430733565255
84,19,7,0.00331980411779815
84,19,8,0.011326234759277267
84,19,9,0.0010958503751548022
84,19,10,0.005256316419301426
84,20,1,0.006323056433476462
84,20,2,0.007783501070911251
84,20,3,0.006414145610978835
84,20,4,0.006042712671820788
84,20,5,0.0063751540064304986
84,20,6,0.006960779416360834
84,20,7,0.007130905071436334
84,20,8,0.011611277733492511
84,20,9,0.005962556585275578
84,20,10,0.008106224908933746
84,21,1,0.0006363289434643152
84,21,2,0.002320485953528458
84,21,3,0.001364165827908849
84,21,4,0.0006739340797300681
84,21,5,0.0006079639033063946
84,21,6,0.0007056650844920542
84,21,7,0.0008057225779851135
84,21,8,0.008681749430823298
84,21,9,0.0009094164549829729
84,21,10,0.005120147935453822
84,22,1,0.0009671115932913701
84,22,2,0.0022888555795522033
84,22,3,0.0005471020571878592
84,22,4,0.0006833844834700783
84,22,5,0.0007082185312244578
84,22,6,0.0009647916928251773
84,22,7,0.002409815215349236
84,22,8,0.00901694910473544
84,22,9,0.0006578167387240445
84,22,10,0.002439910568432664
84,23,1,0.000972297003831157
84,23,2,0.0030163435634443167
84,23,3,0.0007844142376862301
84,23,4,0.0006842289546771393
84,23,5,0.0005745714205496499
84,23,6,0.0010297567861842006
84,23,7,0.00043674775908911906
84,23,8,0.008472735922684766
84,23,9,0.0006587568059852178
84,23,10,0.004095018309155749
84,24,1,0.0010082113515930541
84,24,2,0.0009982665642576972
84,24,3,0.0007451706316770049
84,24,4,0.0009369574037731003
84,24,5,0.0004445863278674923
84,24,6,0.00027310935866306355
84,24,7,0.00037453838949996483
84,24,8,0.005466775459853677
84,24,9,0.0009045810606565119
84,24,10,0.0007580842360194939
85,1,1,3.65544340908828e-6
85,1,2,0.002278541237925155
85,1,3,3.655443142373758e-6
85,1,4,3.6554430010695645e-6
85,1,5,3.655444136254297e-6
85,1,6,3.6554443058798926e-6
85,1,7,3.655443317496835e-6
85,1,8,0.00629266044648712
85,1,9,3.6554430481595938e-6
85,1,10,3.6554757451519297e-6
85,2,1,3.655444629425421e-6
85,2,2,0.003358232707081327
85,2,3,3.6554475193583393e-6
85,2,4,3.6567686963204675e-6
85,2,5,3.6554470342046096e-6
85,2,6,3.655448899867655e-6
85,2,7,3.655444558853832e-6
85,2,8,3.6553915730802936e-6
85,2,9,3.6554443149647707e-6
85,2,10,3.6554448307045522e-6
85,3,1,3.6554488989495852e-6
85,3,2,3.6556901721810558e-6
85,3,3,3.655449521191336e-6
85,3,4,3.6554484798185574e-6
85,3,5,3.6554485774055082e-6
85,3,6,3.655450991416695e-6
85,3,7,3.6554488650922045e-6
85,3,8,0.004458883898133301
85,3,9,3.6554485005366953e-6
85,3,10,3.655449800822412e-6
85,4,1,3.6554472835887106e-6
85,4,2,3.655448661431586e-6
85,4,3,3.655447127261926e-6
85,4,4,3.6554469892782697e-6
85,4,5,3.65544699237131e-6
85,4,6,3.6554474990437355e-6
85,4,7,3.655448487859187e-6
85,4,8,0.004166630874246733
85,4,9,3.655447008621956e-6
85,4,10,3.6561983265521904e-6
85,5,1,3.6554426096227065e-6
85,5,2,3.6554427707689523e-6
85,5,3,3.6554445055714954e-6
85,5,4,3.6554459639151146e-6
85,5,5,3.6554445949647514e-6
85,5,6,3.655442590595323e-6
85,5,7,3.655472791094817e-6
85,5,8,0.005235794268950428
85,5,9,3.6554423573522285e-6
85,5,10,0.00039204495802245366
85,6,1,3.655440109851339e-6
85,6,2,3.655587474464705e-6
85,6,3,3.6554391325143267e-6
85,6,4,3.6554390073316226e-6
85,6,5,3.655439285918885e-6
85,6,6,3.655439650465145e-6
85,6,7,3.655440665114268e-6
85,6,8,0.006243475638156586
85,6,9,3.655439032853412e-6
85,6,10,0.0018439230057864353
85,7,1,3.6554332010762205e-6
85,7,2,3.6553900627090398e-6
85,7,3,0.0013479368026210652
85,7,4,3.6554536566977332e-6
85,7,5,3.655433186860382e-6
85,7,6,3.6554332333213143e-6
85,7,7,3.6554333556580736e-6
85,7,8,0.007823119049785379
85,7,9,0.00028459334064429075
85,7,10,3.65539331932084e-6
85,8,1,3.6554370117352003e-6
85,8,2,0.0004561020487441092
85,8,3,3.6554369907468987e-6
85,8,4,3.6554382568546677e-6
85,8,5,3.6554405023658407e-6
85,8,6,3.6559290873569356e-6
85,8,7,3.655439586698591e-6
85,8,8,3.655388097796106e-6
85,8,9,3.6554369139159625e-6
85,8,10,0.0033250885103769503
85,9,1,3.655443152261397e-6
85,9,2,3.6554302882138745e-6
85,9,3,0.005086689706811797
85,9,4,0.004274100065523916
85,9,5,3.6554418363337842e-6
85,9,6,3.6554418246313825e-6
85,9,7,3.6554458672848667e-6
85,9,8,3.655397324059837e-6
85,9,9,3.6554415139225776e-6
85,9,10,3.6554480763322433e-6
85,10,1,3.655454009514137e-6
85,10,2,3.6554790049037313e-6
85,10,3,3.6554541592806045e-6
85,10,4,3.655454033443802e-6
85,10,5,3.655455193279762e-6
85,10,6,3.6554548033531704e-6
85,10,7,3.6554547793553917e-6
85,10,8,0.00269415010247394
85,10,9,3.655454023235325e-6
85,10,10,3.655455279221729e-6
85,11,1,3.655463133720097e-6
85,11,2,3.6554742528190455e-6
85,11,3,3.6554633410008816e-6
85,11,4,3.6554632135997318e-6
85,11,5,3.655463518639259e-6
85,11,6,3.6554635848533086e-6
85,11,7,3.655463859904132e-6
85,11,8,3.6554919385349777e-6
85,11,9,3.655463907580641e-6
85,11,10,3.6554640262961936e-6
85,12,1,3.655465391234592e-6
85,12,2,3.655466376466186e-6
85,12,3,3.6554656756980247e-6
85,12,4,3.6554655312847873e-6
85,12,5,3.6554668352889836e-6
85,12,6,3.6554667607789845e-6
85,12,7,3.655466046067541e-6
85,12,8,3.6554750956688388e-6
85,12,9,3.655465536697384e-6
85,12,10,3.655466229929866e-6
85,13,1,3.6554653927694462e-6
85,13,2,3.655464969278982e-6
85,13,3,3.655465693217695e-6
85,13,4,3.6554655379228413e-6
85,13,5,3.6554657122235258e-6
85,13,6,3.655465806451923e-6
85,13,7,3.655465989499609e-6
85,13,8,3.655474600407759e-6
85,13,9,3.655465555828366e-6
85,13,10,3.655466276254084e-6
85,14,1,3.655464605121166e-6
85,14,2,3.6554655255156946e-6
85,14,3,3.655464884845599e-6
85,14,4,3.6554647403148358e-6
85,14,5,3.6554656731891898e-6
85,14,6,3.6554649157986334e-6
85,14,7,3.6554671848543424e-6
85,14,8,3.655482636573499e-6
85,14,9,3.6554647447738772e-6
85,14,10,3.6554654493102355e-6
85,15,1,3.6554575732735414e-6
85,15,2,3.6554746342610116e-6
85,15,3,3.6554578703727036e-6
85,15,4,3.6554577205507717e-6
85,15,5,3.6554587703059717e-6
85,15,6,3.655458876950463e-6
85,15,7,3.6554586943351877e-6
85,15,8,3.6556620262354075e-6
85,15,9,3.6554577134052652e-6
85,15,10,3.6554603901559444e-6
85,16,1,3.655448360580457e-6
85,16,2,3.6557223967265488e-6
85,16,3,3.6554488337861615e-6
85,16,4,3.655448618861258e-6
85,16,5,3.655449226649615e-6
85,16,6,3.655449564242752e-6
85,16,7,3.655449142553536e-6
85,16,8,0.002673037906140728
85,16,9,3.6554486237580492e-6
85,16,10,3.6554511323111022e-6
85,17,1,3.6554249494461483e-6
85,17,2,0.002645399496078939
85,17,3,3.655425327374775e-6
85,17,4,3.655425074741746e-6
85,17,5,3.6554290800600853e-6
85,17,6,3.6554250759585836e-6
85,17,7,0.0006657158082919454
85,17,8,0.005079637766316271
85,17,9,3.655427133160915e-6
85,17,10,0.005461627158297931
85,18,1,3.655404972366753e-6
85,18,2,0.0027699027487353154
85,18,3,3.6556255618315404e-6
85,18,4,3.6554064622760003e-6
85,18,5,3.655408341478746e-6
85,18,6,3.655406648964006e-6
85,18,7,0.0015983489983416852
85,18,8,0.0056700316833232615
85,18,9,0.0017053074031861647
85,18,10,0.0025376574073768085
85,19,1,3.6553944954357415e-6
85,19,2,0.0030245997570647596
85,19,3,3.6553727548371284e-6
85,19,4,3.6554000134681764e-6
85,19,5,0.001174900490952117
85,19,6,0.006120346087420204
85,19,7,0.0027772539095645885
85,19,8,0.006823617867329603
85,19,9,0.00021804023208670117
85,19,10,0.0029597685061960254
85,20,1,3.6553913885881834e-6
85,20,2,0.0021984123415790266
85,20,3,0.000888851823285198
85,20,4,3.6553922169160046e-6
85,20,5,0.0008155028465635172
85,20,6,0.0018313779650955633
85,20,7,0.002105515785934048
85,20,8,0.004904513578932443
85,20,9,3.6553982045446575e-6
85,20,10,0.0021867490887239813
85,21,1,3.6554011389360848e-6
85,21,2,0.001967513221851786
85,21,3,0.0009497158335028279
85,21,4,3.655401500132554e-6
85,21,5,3.6554417380508162e-6
85,21,6,0.00015364448882991525
85,21,7,0.0002930793417974075
85,21,8,0.005280515901462376
85,21,9,3.655398955075341e-6
85,21,10,0.004847447324268314
85,22,1,3.65541188140064e-6
85,22,2,0.002157036945407766
85,22,3,3.6554425351213277e-6
85,22,4,3.6554130879520535e-6
85,22,5,3.655411693254071e-6
85,22,6,0.0005596128686607307
85,22,7,0.0021043652149793663
85,22,8,0.0054836396586639006
85,22,9,3.6554133093224164e-6
85,22,10,0.0021348361807173376
85,23,1,3.6554224834964165e-6
85,23,2,0.00279776360336649
85,23,3,3.6554219737022053e-6
85,23,4,3.6554232528503413e-6
85,23,5,3.655426495477565e-6
85,23,6,0.0007411536800158327
85,23,7,3.6554479702022087e-6
85,23,8,0.0051745078696025576
85,23,9,3.655423818552755e-6
85,23,10,0.003898450543594867
85,24,1,3.655435019196069e-6
85,24,2,0.0008324958821551207
85,24,3,3.6554349066153745e-6
85,24,4,3.655435149538591e-6
85,24,5,3.65543607642195e-6
85,24,6,3.6554533564790414e-6
85,24,7,3.6554364019077156e-6
85,24,8,0.0033228648536627117
85,24,9,3.6554352121526565e-6
85,24,10,0.000581907989720998
86,1,1,0.0004620170413848348
86,1,2,0.0024714732654184503
86,1,3,0.0005976035535072699
86,1,4,0.0007164072432947399
86,1,5,0.0004901489146711201
86,1,6,0.00036306326278049084
86,1,7,0.0005042407807372497
86,1,8,0.010320679697088338
86,1,9,0.0006965600023357807
86,1,10,0.00032516686225008415
86,2,1,0.003408341003134406
86,2,2,0.0034323880525950483
86,2,3,0.0006012066972957902
86,2,4,0.0005105162313737195
86,2,5,0.0006503294454720775
86,2,6,0.0005105813911022872
86,2,7,0.003555383222342543
86,2,8,0.001359909454676661
86,2,9,0.004036083935817109
86,2,10,0.002956769958090956
86,3,1,0.0004816720404869779
86,3,2,0.0002853885270206857
86,3,3,0.00043773836987932174
86,3,4,0.0007335392985807355
86,3,5,0.0006534281869204642
86,3,6,0.00035271421707880064
86,3,7,0.0005178467990491441
86,3,8,0.007326982407623462
86,3,9,0.0007145958935235723
86,3,10,0.0003035729861142834
86,4,1,0.0004932371623516289
86,4,2,0.0003052720221021588
86,4,3,0.0006197675935191445
86,4,4,0.0007335398330302183
86,4,5,0.0006472351591593784
86,4,6,0.00038574001000188065
86,4,7,0.0003823958089381535
86,4,8,0.00688009049372094
86,4,9,0.0007145940797295118
86,4,10,0.00023588953964841865
86,5,1,0.0034795513115037377
86,5,2,0.0030970628553268474
86,5,3,0.0006086274781657679
86,5,4,0.0005187764847322551
86,5,5,0.0006300757165159968
86,5,6,0.003525092957775214
86,5,7,0.0003715053750180028
86,5,8,0.008541876425339621
86,5,9,0.004051292640942968
86,5,10,0.0006113244885756952
86,6,1,0.0004971281678138214
86,6,2,0.0004043847184644418
86,6,3,0.0006326197860947323
86,6,4,0.000743422866264857
86,6,5,0.0006221988493307036
86,6,6,0.0005063353204446329
86,6,7,0.00047900292199914746
86,6,8,0.010235442914112457
86,6,9,0.0007250009606590068
86,6,10,0.0020897551035567565
86,7,1,0.0037419140977861106
86,7,2,0.0033506312699212535
86,7,3,0.0015187807433597847
86,7,4,0.0005308639915182913
86,7,5,0.0037720798968587633
86,7,6,0.0036658824324912196
86,7,7,0.0033748796256099453
86,7,8,0.012867452019815043
86,7,9,0.0006309188174414359
86,7,10,0.002753031293139718
86,8,1,0.0006140606065618868
86,8,2,0.000640271910299161
86,8,3,0.0006378792598270435
86,8,4,0.0005329254854622679
86,8,5,0.0004577183471010318
86,8,6,0.0002940727557969336
86,8,7,0.0003903092695201153
86,8,8,0.0012253857198834372
86,8,9,0.0007306432261512493
86,8,10,0.0033795226313129544
86,9,1,0.0012952216333802153
86,9,2,0.0023577838910256318
86,9,3,0.005558873415204583
86,9,4,0.0047684406483012665
86,9,5,0.003100067097824984
86,9,6,0.003075484945815198
86,9,7,0.0009013287517433523
86,9,8,0.0009574808057516024
86,9,9,0.0037589512499914927
86,9,10,0.001002995303656701
86,10,1,0.0010000588629811252
86,10,2,0.00023295778994179148
86,10,3,0.0008447038369442299
86,10,4,0.000968391592830855
86,10,5,0.0004464919538605476
86,10,6,0.0004237049360931067
86,10,7,0.00043841822179487363
86,10,8,0.0043149390082608775
86,10,9,0.0009696710698492762
86,10,10,0.00030350003002454866
86,11,1,0.0014135893695070864
86,11,2,0.0002089997531344751
86,11,3,0.00118352285352912
86,11,4,0.001319669524722973
86,11,5,0.0009822354145225518
86,11,6,0.0008919818978198092
86,11,7,0.0006986492843917389
86,11,8,5.328330664653556e-5
86,11,9,0.0007629422590639188
86,11,10,0.0006100123955951816
86,12,1,0.001432865566243739
86,12,2,0.0005615128563394356
86,12,3,0.001148013262543414
86,12,4,0.0012910103977705751
86,12,5,0.0004518869448635849
86,12,6,0.00042004886885345746
86,12,7,0.0007807502559467863
86,12,8,0.00014901890830275866
86,12,9,0.0012724268032106275
86,12,10,0.0006852309434910285
86,13,1,0.0014306880937053493
86,13,2,0.0017845508181621205
86,13,3,0.00113155834763059
86,13,4,0.0012792593643572768
86,13,5,0.001052036446496193
86,13,6,0.0009547776203826703
86,13,7,0.0008186516800169476
86,13,8,0.0003887054044470056
86,13,9,0.0012597855785406134
86,13,10,0.0006530274760523507
86,14,1,0.001428830225593464
86,14,2,0.0005876233767066672
86,14,3,0.001141727184324445
86,14,4,0.0012895669511801622
86,14,5,0.0005364258407502498
86,14,6,0.0010291460944258824
86,14,7,0.0002940894767377975
86,14,8,0.00018174183671921786
86,14,9,0.0012695354101679862
86,14,10,0.0006528298134494441
86,15,1,0.001281482064138512
86,15,2,0.00019763749867554546
86,15,3,0.0009688656857231904
86,15,4,0.0011179033722234484
86,15,5,0.00046120870993248433
86,15,6,0.0003856376005739536
86,15,7,0.000383269074995051
86,15,8,5.4188025771050316e-5
86,15,9,0.0011161333488914447
86,15,10,0.00021968516019590695
86,16,1,0.0008672990049890186
86,16,2,0.00019827756499470877
86,16,3,0.0006075979280495184
86,16,4,0.0007303917088488342
86,16,5,0.0004591376905590466
86,16,6,0.0004148406053667565
86,16,7,0.0003944206196614167
86,16,8,0.0027054676412572895
86,16,9,0.0007084816578060519
86,16,10,0.00024862715447782123
86,17,1,0.0008444982969204441
86,17,2,0.004527343778862376
86,17,3,0.0005539001080769968
86,17,4,0.0006833904390736708
86,17,5,0.00045387677090177956
86,17,6,0.0006443920048976016
86,17,7,0.0009738981473701801
86,17,8,0.00842725385743907
86,17,9,0.000485297488343547
86,17,10,0.00571216017201331
86,18,1,0.000827305920021144
86,18,2,0.004762701684206604
86,18,3,0.0005313174053979443
86,18,4,0.0006643968461151814
86,18,5,0.0005687010831025743
86,18,6,0.000617130273429403
86,18,7,0.0019356605659673494
86,18,8,0.00932051715993482
86,18,9,0.002042832580677619
86,18,10,0.004394353143628131
86,19,1,0.000793096199850663
86,19,2,0.005275580322586605
86,19,3,0.003704917707722653
86,19,4,0.0006944060526064041
86,19,5,0.0016572139975575399
86,19,6,0.006506853656262641
86,19,7,0.0032019783243928657
86,19,8,0.011355290485833837
86,19,9,0.0008404203418270126
86,19,10,0.005170927469467247
86,20,1,0.004196071610426407
86,20,2,0.006496424423320943
86,20,3,0.004494617698403225
86,20,4,0.004014349532183714
86,20,5,0.004447485844833014
86,20,6,0.0051479184031536064
86,20,7,0.005346354006037951
86,20,8,0.010441519004528065
86,20,9,0.003962385901961699
86,20,10,0.006479684050846433
86,21,1,0.0004765757214901134
86,21,2,0.0022501506896664366
86,21,3,0.0012608080711043429
86,21,4,0.000502136764513776
86,21,5,0.00045725271812000097
86,21,6,0.0005606447319515751
86,21,7,0.0006684762315579985
86,21,8,0.008710880438320424
86,21,9,0.0006610236317644669
86,21,10,0.005106183157083208
86,22,1,0.0006997052297592942
86,22,2,0.003731755375465641
86,22,3,0.0004156539464377952
86,22,4,0.000508550885658697
86,22,5,0.0005253888477039601
86,22,6,0.000861764975288648
86,22,7,0.002355176937241959
86,22,8,0.00905801738846742
86,22,9,0.0004911890325746561
86,22,10,0.002386499527926173
86,23,1,0.0007031778487537081
86,23,2,0.0029964230627774723
86,23,3,0.0005769073421620449
86,23,4,0.0005091238592272534
86,23,5,0.00043445375224330157
86,23,6,0.0009576052976967526
86,23,7,0.00033964428209120673
86,23,8,0.008526764777035426
86,23,9,0.0004918278770336995
86,23,10,0.004089669606449076
86,24,1,0.000727212505777343
86,24,2,0.0009751743834498364
86,24,3,0.0005503992699027907
86,24,4,0.0006794986301335353
86,24,5,0.0003450725908678028
86,24,6,0.0002248738645531722
86,24,7,0.0002963699548492886
86,24,8,0.005494317273187272
86,24,9,0.0006577779638055395
86,24,10,0.0007301898380127631
87,1,1,2.5730159236187674e-5
87,1,2,0.0023016237707856172
87,1,3,2.5730159091409713e-5
87,1,4,2.573015897969625e-5
87,1,5,2.573015992954291e-5
87,1,6,2.5730160048833323e-5
87,1,7,2.573015922210475e-5
87,1,8,0.01015149144377455
87,1,9,2.5730159018640187e-5
87,1,10,2.5730191171026542e-5
87,2,1,2.573016109735651e-5
87,2,2,0.0033928918597647476
87,2,3,2.5730163291540238e-5
87,2,4,2.5731714947071338e-5
87,2,5,2.573016287394655e-5
87,2,6,2.5730164709350382e-5
87,2,7,2.5730161050388553e-5
87,2,8,2.5730109751936915e-5
87,2,9,2.573016085699474e-5
87,2,10,2.5730161233261665e-5
87,3,1,2.5730164680940884e-5
87,3,2,2.5730413952326884e-5
87,3,3,2.5730165223450897e-5
87,3,4,2.573016437269475e-5
87,3,5,2.57301645062832e-5
87,3,6,2.5730166575982167e-5
87,3,7,2.5730164664171044e-5
87,3,8,0.0072022308308447
87,3,9,2.573016444859271e-5
87,3,10,2.5730165523426782e-5
87,4,1,2.573016310097803e-5
87,4,2,2.573016437059669e-5
87,4,3,2.573016298530116e-5
87,4,4,2.5730162880674696e-5
87,4,5,2.5730162887488846e-5
87,4,6,2.5730163275396136e-5
87,4,7,2.5730164083715103e-5
87,4,8,0.006764765573784194
87,4,9,2.5730162898586102e-5
87,4,10,2.5730920235189793e-5
87,5,1,2.5730159117378828e-5
87,5,2,2.5730159237297057e-5
87,5,3,2.5730160503882045e-5
87,5,4,2.5730161987351185e-5
87,5,5,2.5730160515696718e-5
87,5,6,2.5730159097821512e-5
87,5,7,2.5730178899576294e-5
87,5,8,0.00847657308347065
87,5,9,2.5730158927975177e-5
87,5,10,0.00040803257028901844
87,6,1,2.57301559926721e-5
87,6,2,2.5730305999363116e-5
87,6,3,2.5730155158445936e-5
87,6,4,2.5730155071410336e-5
87,6,5,2.57301552405499e-5
87,6,6,2.5730155601445407e-5
87,6,7,2.573015653827389e-5
87,6,8,0.010060201163579946
87,6,9,2.573015509219159e-5
87,6,10,0.0018657277426702716
87,7,1,2.573014982482268e-5
87,7,2,2.5730104579856208e-5
87,7,3,0.0013689240671775607
87,7,4,2.5730161917908297e-5
87,7,5,2.573014981223687e-5
87,7,6,2.573014984826535e-5
87,7,7,2.5730149936177775e-5
87,7,8,0.007833259980393201
87,7,9,0.0002985118529346106
87,7,10,2.5730106399917098e-5
87,8,1,2.573015309403273e-5
87,8,2,0.00047231142613625383
87,8,3,2.5730153082412082e-5
87,8,4,2.5730154212562095e-5
87,8,5,2.5730155214854362e-5
87,8,6,2.5730635135502794e-5
87,8,7,2.5730155905215122e-5
87,8,8,2.5730106316262078e-5
87,8,9,2.573015303510028e-5
87,8,10,0.003354676196364812
87,9,1,2.57301593328234e-5
87,9,2,2.5730147723005404e-5
87,9,3,0.005133709985194798
87,9,4,0.004316333893082988
87,9,5,2.5730158312028416e-5
87,9,6,2.5730158291343425e-5
87,9,7,2.5730161821471393e-5
87,9,8,2.5730115470578963e-5
87,9,9,2.5730158070034512e-5
87,9,10,2.573016401903681e-5
87,10,1,2.5730169943055724e-5
87,10,2,2.573019438912086e-5
87,10,3,2.5730170055932795e-5
87,10,4,2.573016995776541e-5
87,10,5,2.573017093520283e-5
87,10,6,2.5730170550723178e-5
87,10,7,2.573017052661698e-5
87,10,8,0.004381212047713795
87,10,9,2.5730169950606704e-5
87,10,10,2.5730170956660028e-5
87,11,1,2.573017905657631e-5
87,11,2,2.5730189625837855e-5
87,11,3,2.5730179198836284e-5
87,11,4,2.5730179108503544e-5
87,11,5,2.5730179325134514e-5
87,11,6,2.5730179364387664e-5
87,11,7,2.5730179579494195e-5
87,11,8,2.5730207087932278e-5
87,11,9,2.573017963884396e-5
87,11,10,2.5730179711116223e-5
87,12,1,2.5730181298572833e-5
87,12,2,2.5730182024073934e-5
87,12,3,2.5730181506000113e-5
87,12,4,2.5730181400604166e-5
87,12,5,2.5730182326533634e-5
87,12,6,2.573018224751477e-5
87,12,7,2.5730181774043133e-5
87,12,8,2.5730190420185577e-5
87,12,9,2.5730181404285906e-5
87,12,10,2.573018192244054e-5
87,13,1,2.5730181290233692e-5
87,13,2,2.5730180943973552e-5
87,13,3,2.5730181516592355e-5
87,13,4,2.5730181402899374e-5
87,13,5,2.573018152393675e-5
87,13,6,2.573018158551385e-5
87,13,7,2.5730181728925114e-5
87,13,8,2.573019038955918e-5
87,13,9,2.5730181418775726e-5
87,13,10,2.5730181951967662e-5
87,14,1,2.5730180517213346e-5
87,14,2,2.5730181190641534e-5
87,14,3,2.573018071998811e-5
87,14,4,2.5730180616213564e-5
87,14,5,2.573018131349129e-5
87,14,6,2.5730180722853308e-5
87,14,7,2.573018266464745e-5
87,14,8,2.5730197924280995e-5
87,14,9,2.5730180612815898e-5
87,14,10,2.57301811345804e-5
87,15,1,2.5730173535826648e-5
87,15,2,2.5730189909283963e-5
87,15,3,2.5730173742342866e-5
87,15,4,2.573017363104584e-5
87,15,5,2.573017435846559e-5
87,15,6,2.5730174437164555e-5
87,15,7,2.5730174358800644e-5
87,15,8,2.573038451035512e-5
87,15,9,2.5730173629715924e-5
87,15,10,2.5730175881132493e-5
87,16,1,2.5730164169746776e-5
87,16,2,2.5730417749302364e-5
87,16,3,2.573016465885445e-5
87,16,4,2.5730164564716755e-5
87,16,5,2.5730164958540015e-5
87,16,6,2.573016518982368e-5
87,16,7,2.5730164882797434e-5
87,16,8,0.0044163723559770916
87,16,9,2.573016456392104e-5
87,16,10,2.573016668229029e-5
87,17,1,2.5730141361040914e-5
87,17,2,0.0043059771558059705
87,17,3,2.573014165392031e-5
87,17,4,2.5730141448407555e-5
87,17,5,2.573014470057019e-5
87,17,6,2.5730141446953098e-5
87,17,7,0.0006808068248579057
87,17,8,0.008219905584373709
87,17,9,2.573014322044888e-5
87,17,10,0.005499675959292017
87,18,1,2.5730121843973427e-5
87,18,2,0.004497014850320482
87,18,3,2.573035496559006e-5
87,18,4,2.5730123351599327e-5
87,18,5,2.5730124697742576e-5
87,18,6,2.5730123582402893e-5
87,18,7,0.0016159900206710787
87,18,8,0.009184896096480034
87,18,9,0.00172754772553556
87,18,10,0.004123815387797366
87,19,1,2.573011158989631e-5
87,19,2,0.00491387044435589
87,19,3,2.5730089976606297e-5
87,19,4,2.5730116785754914e-5
87,19,5,0.0011949178956385453
87,19,6,0.006165062022465495
87,19,7,0.0028059596459629496
87,19,8,0.011049122580846749
87,19,9,0.00023222349891998596
87,19,10,0.004812262908504572
87,20,1,2.5730108845234677e-5
87,20,2,0.003590470192294446
87,20,3,0.0009135064098897027
87,20,4,2.5730109798132205e-5
87,20,5,0.0008369447029679822
87,20,6,0.0018620033910757674
87,20,7,0.0021379693290476034
87,20,8,0.008018230633905131
87,20,9,2.573011555082863e-5
87,20,10,0.0035703616651844507
87,21,1,2.5730117487550416e-5
87,21,2,0.001990938942651188
87,21,3,0.0009656446154537744
87,21,4,2.573011775638985e-5
87,21,5,2.5730151205267944e-5
87,21,6,0.00016890729634856132
87,21,7,0.0003078995927731324
87,21,8,0.00851451789848777
87,21,9,2.573011609003794e-5
87,21,10,0.00488419435101425
87,22,1,2.5730128684482537e-5
87,22,2,0.003506109945396024
87,22,3,2.573015166112595e-5
87,22,4,2.5730129850774402e-5
87,22,5,2.5730128347470966e-5
87,22,6,0.0005760681577515196
87,22,7,0.002122376038518573
87,22,8,0.008870750993701583
87,22,9,2.5730130044373574e-5
87,22,10,0.0021586689662634233
87,23,1,2.5730138937369177e-5
87,23,2,0.0028237650744837453
87,23,3,2.5730138547433413e-5
87,23,4,2.5730139550256427e-5
87,23,5,2.5730141947615198e-5
87,23,6,0.000758151707200964
87,23,7,2.573016225278194e-5
87,23,8,0.00837346447981081
87,23,9,2.5730140056006177e-5
87,23,10,0.003928946272678178
87,24,1,2.5730151164095204e-5
87,24,2,0.0008496129168220882
87,24,3,2.5730151036155407e-5
87,24,4,2.5730151266442425e-5
87,24,5,2.5730151961932288e-5
87,24,6,2.5730160907392153e-5
87,24,7,2.5730152365141167e-5
87,24,8,0.0053995084173976355
87,24,9,2.573015131735996e-5
87,24,10,0.0005978437323812314
88,1,1,0.000516251828431681
88,1,2,0.0025202163972911948
88,1,3,0.0006452237255826089
88,1,4,0.0007567354102967384
88,1,5,0.0005431941973319424
88,1,6,0.0004205014685818169
88,1,7,0.0005566508164016401
88,1,8,0.010388011924564077
88,1,9,0.000738185630871531
88,1,10,0.0003833339634506961
88,2,1,0.0031712434803980753
88,2,2,0.003476128113009338
88,2,3,0.0006486237852942528
88,2,4,0.0005626353683187331
88,2,5,0.0006948591022269926
88,2,6,0.0005626974457160635
88,2,7,0.0033007588627742743
88,2,8,0.0013472160003691871
88,2,9,0.0037234256673263338
88,2,10,0.0027727003070298897
88,3,1,0.0005350870500055047
88,3,2,0.0003439404352407798
88,3,3,0.0004929091744270099
88,3,4,0.0007727244677350094
88,3,5,0.000697768617108478
88,3,6,0.0004103830466743377
88,3,7,0.0005696199463016868
88,3,8,0.007382727400142166
88,3,9,0.000755043676278513
88,3,10,0.0003620020137158151
88,4,1,0.0005461454076684666
88,4,2,0.00036368485426285633
88,4,3,0.0006661191955742208
88,4,4,0.0007727249633552441
88,4,5,0.0006919529615917744
88,4,6,0.0004425968036758374
88,4,7,0.0004393446451089475
88,4,8,0.006887361426415269
88,4,9,0.000755041982772479
88,4,10,0.000294244821394875
88,5,1,0.003233980268994349
88,5,2,0.0028966587547263225
88,5,3,0.0006556224273061217
88,5,4,0.0005705052925014393
88,5,5,0.0006758219694382193
88,5,6,0.003274088470692336
88,5,7,0.0004287390173248424
88,5,8,0.008508022917636224
88,5,9,0.0037367817300094463
88,5,10,0.0006742671842377954
88,6,1,0.0005498619992958444
88,6,2,0.0004606905142637509
88,6,3,0.0006782151815314254
88,6,4,0.0007819392460373763
88,6,5,0.0006684085352584488
88,6,6,0.000558648793485791
88,6,7,0.0005325323655726259
88,6,8,0.010303980813594675
88,6,9,0.0007647583941658159
88,6,10,0.002139223384144948
88,7,1,0.003464896730864515
88,7,2,0.0031203801381169192
88,7,3,0.0016391980463025943
88,7,4,0.0005820070277723417
88,7,5,0.0034914254065635825
88,7,6,0.0033980132264533453
88,7,7,0.0031417540870723906
88,7,8,0.00794860270990681
88,7,9,0.0006920050622503576
88,7,10,0.0025924277921479527
88,8,1,0.000660743217503875
88,8,2,0.0007035613648845403
88,8,3,0.000683160975957493
88,8,4,0.0005839669211832913
88,8,5,0.0005121251947882418
88,8,6,0.00035257771987254143
88,8,7,0.0004470369001676877
88,8,8,0.0012250886647418005
88,8,9,0.0007700230734186849
88,8,10,0.003452596116997537
88,9,1,0.0012885538472433968
88,9,2,0.0022416946441670823
88,9,3,0.005637292662601684
88,9,4,0.0048405759416465365
88,9,5,0.0028993117474660534
88,9,6,0.002877601930425968
88,9,7,0.0009283354365040535
88,9,8,0.0009800692011350763
88,9,9,0.003479880216252592
88,9,10,0.001021895017911952
88,10,1,0.0010191993076955183
88,10,2,0.00029127359404276944
88,10,3,0.0008760038799134243
88,10,4,0.000990104176890443
88,10,5,0.0005013354296255423
88,10,6,0.00047937553978478424
88,10,7,0.0004935640251646625
88,10,8,0.004363599119800827
88,10,9,0.0009912805943805068
88,10,10,0.0003619297362391146
88,11,1,0.0013958113632092269
88,11,2,0.0002668554931550524
88,11,3,0.0011869726196204794
88,11,4,0.0013107379535405204
88,11,5,0.0010028290033797056
88,11,6,0.0009197089213111095
88,11,7,0.0007401397162371603
88,11,8,9.701543754769547e-5
88,11,9,0.0008001182964179505
88,11,10,0.0006569279896993654
88,12,1,0.001413244045622468
88,12,2,0.0006110963741907734
88,12,3,0.0011545960513386065
88,12,4,0.0012847308502743364
88,12,5,0.000506522917093114
88,12,6,0.00047584447463713434
88,12,7,0.0008166815706839
88,12,8,0.00020438490286665793
88,12,9,0.0012678543765179495
88,12,10,0.0007275838770518825
88,13,1,0.0014112752721036645
88,13,2,0.0017298839151707172
88,13,3,0.0011395782805129603
88,13,4,0.001274060457064568
88,13,5,0.0010668624182571954
88,13,6,0.000977582157308898
88,13,7,0.0008518676565959804
88,13,8,0.00044547881611820667
88,13,9,0.0012563686147700104
88,13,10,0.0006973924194665712
88,14,1,0.0014095953938662456
88,14,2,0.0006357995132805776
88,14,3,0.0011488600977363514
88,14,4,0.0012834203643369037
88,14,5,0.0005872936478483793
88,14,6,0.0010458858584424908
88,14,7,0.0003525943263624161
88,14,8,0.00023873607408999306
88,14,9,0.0012652276729020193
88,14,10,0.0006972068466886274
88,15,1,0.0012760790526684998
88,15,2,0.0002551817456144956
88,15,3,0.0009905400912428631
88,15,4,0.001127108640437838
88,15,5,0.0005154760541602953
88,15,6,0.0004424972421912645
88,15,7,0.00044019408032270924
88,15,8,9.81195233275245e-5
88,15,9,0.001125491777109293
88,15,10,0.0002777773720374041
88,16,1,0.000896906430943636
88,16,2,0.00025584094591951754
88,16,3,0.0006546517535768257
88,16,4,0.0007697884360309971
88,16,5,0.0005134880218170579
88,16,6,0.0004708104606924716
88,16,7,0.0004510287330811858
88,16,8,0.004480490454889279
88,16,9,0.0007493314364551207
88,16,10,0.0003071153233089571
88,17,1,0.0008758136063424545
88,17,2,0.004583327126978179
88,17,3,0.0006038806005487405
88,17,4,0.0007258605929064383
88,17,5,0.0005084351192242214
88,17,6,0.0006892819684258567
88,17,7,0.0010257073798119881
88,17,8,0.008497770960921296
88,17,9,0.0005385555341574841
88,17,10,0.005772551420542474
88,18,1,0.0008598897829087028
88,18,2,0.0047305013982340445
88,18,3,0.0005824380950454947
88,18,4,0.0007080610442893255
88,18,5,0.0006179041281976439
88,18,6,0.0006636352110261628
88,18,7,0.0018892990217811397
88,18,8,0.00944419866439086
88,18,9,0.0020967166865500843
88,18,10,0.004360148284244668
88,19,1,0.000828152709905354
88,19,2,0.005337609797636772
88,19,3,0.0034323552051261893
88,19,4,0.0007361707181785109
88,19,5,0.0017024069277535316
88,19,6,0.006579730160280838
88,19,7,0.0032536327846083716
88,19,8,0.011457880287479027
88,19,9,0.0008812346610218508
88,19,10,0.0052326662169218715
88,20,1,0.003863878748563461
88,20,2,0.0063217700778564565
88,20,3,0.004221761234692509
88,20,4,0.0037043371978172364
88,20,5,0.004171245433207782
88,20,6,0.004914872336804396
88,20,7,0.005121476023315178
88,20,8,0.0103950843349286
88,20,9,0.003658691704416554
88,20,10,0.0063046128521651625
88,21,1,0.0005302083922898224
88,21,2,0.002301290124524136
88,21,3,0.0013116099296245182
88,21,4,0.0005546432529192183
88,21,5,0.0005116780389083149
88,21,6,0.0006153751911846525
88,21,7,0.0007224313442438071
88,21,8,0.008789145260026733
88,21,9,0.0007048968476759248
88,21,10,0.005171158814836411
88,22,1,0.0007411272039602091
88,22,2,0.003774910366213351
88,22,3,0.00047159688400882845
88,22,4,0.0005607616233361
88,22,5,0.0005767993374906856
88,22,6,0.0009143775067411307
88,22,7,0.0024066413527872917
88,22,8,0.009139646335540005
88,22,9,0.0005441882994174953
88,22,10,0.002438141279847599
88,23,1,0.0007443741067116653
88,23,2,0.0030464440435058106
88,23,3,0.0006256694923121671
88,23,4,0.0005613079309689031
88,23,5,0.0004897443320762825
88,23,6,0.0010070457704127625
88,23,7,0.0003975712001432835
88,23,8,0.008594650796212248
88,23,9,0.0005447988108423034
88,23,10,0.004147497079881912
88,24,1,0.0007668222095501626
88,24,2,0.0010218657835710835
88,24,3,0.0006005602243321699
88,24,4,0.0007222157800998818
88,24,5,0.00040289693418615863
88,24,6,0.00028306240546221447
88,24,7,0.0003548588621443493
88,24,8,0.005554177708334486
88,24,9,0.0007018514143288041
88,24,10,0.0007786075639494224
89,1,1,3.9241739798388795e-5
89,1,2,0.002313789050254525
89,1,3,3.924173964498206e-5
89,1,4,3.924173955213692e-5
89,1,5,3.9241740468145064e-5
89,1,6,3.924174053476347e-5
89,1,7,3.924173974259187e-5
89,1,8,0.010186364895646172
89,1,9,3.924173958308045e-5
89,1,10,3.924177169728861e-5
89,2,1,3.9241742019120565e-5
89,2,2,0.003412248924702168
89,2,3,3.9241743857386195e-5
89,2,4,3.9243311097781755e-5
89,2,5,3.924174344823994e-5
89,2,6,3.924174530776951e-5
89,2,7,3.924174198805289e-5
89,2,8,3.9241688440879295e-5
89,2,9,3.924174184727217e-5
89,2,10,3.924174211088655e-5
89,3,1,3.924174522059383e-5
89,3,2,3.924199374554567e-5
89,3,3,3.924174574334702e-5
89,3,4,3.924174501727072e-5
89,3,5,3.924174505903994e-5
89,3,6,3.924174709049656e-5
89,3,7,3.924174520587734e-5
89,3,8,0.007219528931200942
89,3,9,3.92417450402873e-5
89,3,10,3.924174602042867e-5
89,4,1,3.924174363165187e-5
89,4,2,3.924174487571317e-5
89,4,3,3.924174355267001e-5
89,4,4,3.924174346327616e-5
89,4,5,3.924174350688841e-5
89,4,6,3.924174378038624e-5
89,4,7,3.924174458625075e-5
89,4,8,0.0067886503869679345
89,4,9,3.924174348096891e-5
89,4,10,3.924249900843625e-5
89,5,1,3.924174002809251e-5
89,5,2,3.9241740099275457e-5
89,5,3,3.9241741051136185e-5
89,5,4,3.924174249032443e-5
89,5,5,3.924174107430394e-5
89,5,6,3.924174001621138e-5
89,5,7,3.92417595311978e-5
89,5,8,0.008510941171914201
89,5,9,3.924173989206855e-5
89,5,10,0.00041793634093759493
89,6,1,3.9241736515970966e-5
89,6,2,3.9241886511280074e-5
89,6,3,3.924173570359566e-5
89,6,4,3.9241735632603314e-5
89,6,5,3.9241735785929396e-5
89,6,6,3.924173632209089e-5
89,6,7,3.924173707858754e-5
89,6,8,0.010082626071438209
89,6,9,3.924173565143222e-5
89,6,10,0.0018771133879742137
89,7,1,3.92417306812484e-5
89,7,2,3.9241686022004895e-5
89,7,3,0.0013816796722159958
89,7,4,3.924174234430038e-5
89,7,5,3.924173068025383e-5
89,7,6,3.924173070495103e-5
89,7,7,3.924173077510626e-5
89,7,8,0.012681604191920354
89,7,9,0.0003084761849792741
89,7,10,3.924168684478637e-5
89,8,1,3.924173363335325e-5
89,8,2,0.0004822987180976324
89,8,3,3.9241733635535974e-5
89,8,4,3.924173469403126e-5
89,8,5,3.92417366340255e-5
89,8,6,3.92422133623531e-5
89,8,7,3.924173652106353e-5
89,8,8,3.924168671448421e-5
89,8,9,3.924173360495924e-5
89,8,10,0.003370998280721418
89,9,1,3.9241740012318295e-5
89,9,2,3.9241730406875674e-5
89,9,3,0.005157857999606663
89,9,4,0.004338682810796376
89,9,5,3.924173918605185e-5
89,9,6,3.92417391790214e-5
89,9,7,3.924174244477827e-5
89,9,8,3.9241695712703205e-5
89,9,9,3.924173901930581e-5
89,9,10,3.924174465318462e-5
89,10,1,3.924175060523714e-5
89,10,2,3.924177488261948e-5
89,10,3,3.9241750667808606e-5
89,10,4,3.92417506076793e-5
89,10,5,3.9241751356552976e-5
89,10,6,3.924175107021609e-5
89,10,7,3.924175105235794e-5
89,10,8,0.004395518471305979
89,10,9,3.924175059460853e-5
89,10,10,3.9241751443968274e-5
89,11,1,3.924175983154734e-5
89,11,2,3.9241770088264654e-5
89,11,3,3.924175992127585e-5
89,11,4,3.924175986203793e-5
89,11,5,3.9241760006004384e-5
89,11,6,3.924176002741536e-5
89,11,7,3.924176019959046e-5
89,11,8,3.924178739446612e-5
89,11,9,3.9241760281081004e-5
89,11,10,3.924176029530654e-5
89,12,1,3.9241762073599286e-5
89,12,2,3.924176259829452e-5
89,12,3,3.924176223125948e-5
89,12,4,3.924176216156196e-5
89,12,5,3.924176288663448e-5
89,12,6,3.924176278790596e-5
89,12,7,3.924176241155436e-5
89,12,8,3.9241771142377275e-5
89,12,9,3.924176214916441e-5
89,12,10,3.924176253141533e-5
89,13,1,3.924176207794773e-5
89,13,2,3.9241761768921515e-5
89,13,3,3.924176223823827e-5
89,13,4,3.924176216507866e-5
89,13,5,3.924176222914295e-5
89,13,6,3.9241762261771125e-5
89,13,7,3.924176237814192e-5
89,13,8,3.9241770908547975e-5
89,13,9,3.924176217086581e-5
89,13,10,3.924176257074204e-5
89,14,1,3.924176129441549e-5
89,14,2,3.924176176324983e-5
89,14,3,3.9241761444096414e-5
89,14,4,3.9241761377180045e-5
89,14,5,3.9241761897129736e-5
89,14,6,3.9241761421425496e-5
89,14,7,3.924176310948493e-5
89,14,8,3.924177834639638e-5
89,14,9,3.9241761361634883e-5
89,14,10,3.924176173931292e-5
89,15,1,3.92417542460611e-5
89,15,2,3.924177034608133e-5
89,15,3,3.924175441350487e-5
89,15,4,3.924175431941991e-5
89,15,5,3.9241754908928316e-5
89,15,6,3.92417549511604e-5
89,15,7,3.924175486628104e-5
89,15,8,3.924196403403293e-5
89,15,9,3.924175430794676e-5
89,15,10,3.924175636221068e-5
89,16,1,3.92417448872643e-5
89,16,2,3.9241997684925864e-5
89,16,3,3.92417452270828e-5
89,16,4,3.924174515077782e-5
89,16,5,3.9241745484946146e-5
89,16,6,3.924174575778736e-5
89,16,7,3.924174539374294e-5
89,16,8,0.004432296955159266
89,16,9,3.92417451481621e-5
89,16,10,3.924174717292373e-5
89,17,1,3.92417218988029e-5
89,17,2,0.004321923978456017
89,17,3,3.924172214966885e-5
89,17,4,3.9241721964895744e-5
89,17,5,3.924172509641238e-5
89,17,6,3.9241721951069415e-5
89,17,7,0.0006894372300788665
89,17,8,0.008243300810948052
89,17,9,3.924172411030981e-5
89,17,10,0.005518386476471542
89,18,1,3.92417023127731e-5
89,18,2,0.004518197491537202
89,18,3,3.92419364554797e-5
89,18,4,3.9241703793669217e-5
89,18,5,3.924170515347213e-5
89,18,6,3.924170428926887e-5
89,18,7,0.0016293722055968193
89,18,8,0.009188090530952367
89,18,9,0.001740203625413721
89,18,10,0.004144006839408904
89,19,1,3.9241691994129945e-5
89,19,2,0.004938146394069163
89,19,3,3.92416703822994e-5
89,19,4,3.9241697241491864e-5
89,19,5,0.001206691128822014
89,19,6,0.006189700209994485
89,19,7,0.002821466577542614
89,19,8,0.01108776404797534
89,19,9,0.0002421988460053302
89,19,10,0.004832148274787134
89,20,1,3.924168938397566e-5
89,20,2,0.003624723352231082
89,20,3,0.0009294671521479111
89,20,4,3.9241690464612086e-5
89,20,5,0.0008545963791964549
89,20,6,0.0018894482467743663
89,20,7,0.002167988315934531
89,20,8,0.008086810115339097
89,20,9,3.924169612817541e-5
89,20,10,0.003604251488898712
89,21,1,3.924169796344395e-5
89,21,2,0.0020032015273439853
89,21,3,0.0009784578446369408
89,21,4,3.924169816819091e-5
89,21,5,3.924173292335549e-5
89,21,6,0.00017886242588116086
89,21,7,0.00031933203582955826
89,21,8,0.008538886898157723
89,21,9,3.924169648475786e-5
89,21,10,0.004903124360037258
89,22,1,3.9241709172519305e-5
89,22,2,0.0035239651340735188
89,22,3,3.924173226748032e-5
89,22,4,3.9241710307749175e-5
89,22,5,3.924170880882074e-5
89,22,6,0.0005859515695155271
89,22,7,0.0021405748993634393
89,22,8,0.00889781997443337
89,22,9,3.9241710429704966e-5
89,22,10,0.0021711010764260065
89,23,1,3.924171941393261e-5
89,23,2,0.0028363740750137
89,23,3,3.9241719050451274e-5
89,23,4,3.9241720043708176e-5
89,23,5,3.924172232104569e-5
89,23,6,0.0007683852170246237
89,23,7,3.9241742845224134e-5
89,23,8,0.008395450685107017
89,23,9,3.9241720524289165e-5
89,23,10,0.003943889452035146
89,24,1,3.9241731705017105e-5
89,24,2,0.0008594019095590071
89,24,3,3.924173156958069e-5
89,24,4,3.924173179523488e-5
89,24,5,3.924173243577825e-5
89,24,6,3.924174203917684e-5
89,24,7,3.924173283554745e-5
89,24,8,0.005415224119162483
89,24,9,3.92417318407587e-5
89,24,10,0.000607747103729814
90,1,1,0.0007504185675822796
90,1,2,0.002685850872743656
90,1,3,0.0009050349728796632
90,1,4,0.0010368382899927757
90,1,5,0.0007829474896244706
90,1,6,0.0006335962069790993
90,1,7,0.0007991453424028292
90,1,8,0.010649602778477407
90,1,9,0.0010150143399217928
90,1,10,0.0005876383454531601
90,2,1,0.00374436941263846
90,2,2,0.0038646476300802195
90,2,3,0.0009090768059803094
90,2,4,0.0008063388585314446
90,2,5,0.0009638885761887765
90,2,6,0.0008064135441650136
90,2,7,0.003886236053638728
90,2,8,0.0017173691794096114
90,2,9,0.004348076326367312
90,2,10,0.003306611348177645
90,3,1,0.0007731733606664167
90,3,2,0.000538468670128715
90,3,3,0.0007221231800195816
90,3,4,0.001055619919553686
90,3,5,0.0009673287766979831
90,3,6,0.0006211228853936797
90,3,7,0.0008147270015461918
90,3,8,0.00758738799173842
90,3,9,0.0010348495033860186
90,3,10,0.0005610759206623043
90,4,1,0.0007865026062920272
90,4,2,0.0005631766737055105
90,4,3,0.0009298500154098949
90,4,4,0.0010556205033841995
90,4,5,0.0009604513357329821
90,4,6,0.0006607415939138151
90,4,7,0.0006567538070494645
90,4,8,0.007121063289959551
90,4,9,0.001034847511842656
90,4,10,0.00047563365215040995
90,5,1,0.0038131111903683497
90,5,2,0.003442977055946577
90,5,3,0.0009173915461548693
90,5,4,0.0008157896678495474
90,5,5,0.0009413533323742865
90,5,6,0.0038570365921205647
90,5,7,0.0006437309910592647
90,5,8,0.008779009412818622
90,5,9,0.004362644470863048
90,5,10,0.000875961088495371
90,6,1,0.0007909775368332438
90,6,2,0.0006828818298251532
90,6,3,0.0009441887983269695
90,6,4,0.001066432013436352
90,6,5,0.0009325652841781788
90,6,6,0.0008015476503476627
90,6,7,0.0007700909178731507
90,6,8,0.010563167479614579
90,6,9,0.0010462658976177239
90,6,10,0.002321210556393833
90,7,1,0.0040657827001404955
90,7,2,0.0036886061375091084
90,7,3,0.0017931860188675024
90,7,4,0.0008295833509432574
90,7,5,0.004094777534696983
90,7,6,0.003992652074301978
90,7,7,0.003712042637785084
90,7,8,0.013256651616019341
90,7,9,0.0009372013630652553
90,7,10,0.0031079158451737714
90,8,1,0.0009234711562779294
90,8,2,0.00089754254367342
90,8,3,0.0009500462570216961
90,8,4,0.0008319316625248908
90,8,5,0.0007454242041231072
90,8,6,0.000549293702551041
90,8,7,0.0006661818762955428
90,8,8,0.0015783580865337556
90,8,9,0.0010524485976438778
90,8,10,0.003616387790942864
90,9,1,0.0016506845830946725
90,9,2,0.0027198592459472776
90,9,3,0.005928543655810859
90,9,4,0.005126900889474911
90,9,5,0.003445893407289364
90,9,6,0.0034220258407120178
90,9,7,0.0012371390739841608
90,9,8,0.0012970398245465582
90,9,9,0.004082159884954358
90,9,10,0.0013453272019763813
90,10,1,0.001342218668776068
90,10,2,0.0004718440864015293
90,10,3,0.0011763332538828792
90,10,4,0.0013086362238606797
90,10,5,0.0007323498399159821
90,10,6,0.0007056670225774065
90,10,7,0.0007229184705390854
90,10,8,0.004480866188640574
90,10,9,0.0013099952214339853
90,10,10,0.000560985672828502
90,11,1,0.0017724959436424155
90,11,2,0.0004405406846983609
90,11,3,0.0015348229356904476
90,11,4,0.0016759208598914393
90,11,5,0.0013233307899582533
90,11,6,0.0012271308682731922
90,11,7,0.0010173151131418524
90,11,8,0.0002099567565175849
90,11,9,0.0010877370698333868
90,11,10,0.0009189418924702082
90,12,1,0.0017922475831889512
90,12,2,0.0008643761667131318
90,12,3,0.0014977826041676556
90,12,4,0.001646333290176079
90,12,5,0.0007386385887985032
90,12,6,0.0007013670181577913
90,12,7,0.001107120206596438
90,12,8,0.0003589074630311843
90,12,9,0.001627116413028663
90,12,10,0.0010025242024482223
90,13,1,0.0017900175381812592
90,13,2,0.0021490746153999857
90,13,3,0.0014805819230768785
90,13,4,0.0016341847190674643
90,13,5,0.001397110343198974
90,13,6,0.0012941646882307198
90,13,7,0.0011482109672865837
90,13,8,0.0006642733547726691
90,13,9,0.00161403001807755
90,13,10,0.0009668840178029344
90,14,1,0.001788114600351427
90,14,2,0.0008938235984692925
90,14,3,0.0014912143978833426
90,14,4,0.0016448415501365248
90,14,5,0.0008359162871040159
90,14,6,0.0013729707061833389
90,14,7,0.0005493145294734636
90,14,8,0.000404101080794216
90,14,9,0.0016241242254606098
90,14,10,0.0009666646190161582
90,15,1,0.0016364833703782053
90,15,2,0.00042546723676961505
90,15,3,0.0013091398038918103
90,15,4,0.0014662900365539308
90,15,5,0.000749479916968615
90,15,6,0.0006606195503183775
90,15,7,0.0006577956326604698
90,15,8,0.0002115819624339637
90,15,9,0.001464436238451376
90,15,10,0.0004545784813244605
90,16,1,0.0012006475362171458
90,16,2,0.00042632034816039016
90,16,3,0.0009162387287218035
90,16,4,0.0010521731074323653
90,16,5,0.0007470739647979841
90,16,6,0.0006952320767473832
90,16,7,0.0006710688839797437
90,16,8,0.00461626194767886
90,16,9,0.0010281319580679614
90,16,10,0.0004920039280757413
90,17,1,0.001176111755704272
90,17,2,0.004788300316658945
90,17,3,0.0008557577160977197
90,17,4,0.0010004927688159555
90,17,5,0.0007409553896060449
90,17,6,0.0009572913000925262
90,17,7,0.0012449398825468679
90,17,8,0.008748009463701415
90,17,9,0.0007773564812958891
90,17,10,0.005997384234720807
90,18,1,0.0011575635942142521
90,18,2,0.004955409327976494
90,18,3,0.0008300998884449099
90,18,4,0.00097949031092192
90,18,5,0.0008725001906579543
90,18,6,0.0009269031192920343
90,18,7,0.002094485671347133
90,18,8,0.009818587199795668
90,18,9,0.002345366900197865
90,18,10,0.0045809843550805186
90,19,1,0.0011205289312588816
90,19,2,0.0055867362027258215
90,19,3,0.004030207025573618
90,19,4,0.001012641505230447
90,19,5,0.0019445955410734548
90,19,6,0.006844784225851119
90,19,7,0.0034897006682348213
90,19,8,0.011791046263560945
90,19,9,0.001156858462139811
90,19,10,0.005481020443744869
90,20,1,0.004501203488691776
90,20,2,0.006968197799680705
90,20,3,0.004854681610217631
90,20,4,0.004327252982292983
90,20,5,0.004801164850033108
90,20,6,0.005549088776497876
90,20,7,0.005764371818623488
90,20,8,0.011086307625768267
90,20,9,0.004277446549558948
90,20,10,0.006951072810287013
90,21,1,0.0007672858101749052
90,21,2,0.002494553260860062
90,21,3,0.0015151848617692527
90,21,4,0.0007967308214308934
90,21,5,0.0007448828242416563
90,21,6,0.0008472732763039167
90,21,7,0.0009511391797579863
90,21,8,0.009048980877487478
90,21,9,0.0009757528476055386
90,21,10,0.005387129438719904
90,22,1,0.0010184776399327065
90,22,2,0.0039699613550513435
90,22,3,0.0006961908633248944
90,22,4,0.0008040873151224033
90,22,5,0.0008233405919061854
90,22,6,0.0011220789393319491
90,22,7,0.0025874422298414962
90,22,8,0.00940542059995151
90,22,9,0.0007841451875854019
90,22,10,0.002623308262099491
90,23,1,0.001022299310724537
90,23,2,0.0032175792849800855
90,23,3,0.0008817587096667006
90,23,4,0.0008047438652821653
90,23,5,0.0007182783551377628
90,23,6,0.0011875948097267229
90,23,7,0.0006052890498997821
90,23,8,0.00882884753293565
90,23,9,0.0007848806477053489
90,23,10,0.004328331457103344
90,24,1,0.0010486899336799743
90,24,2,0.0011690976596622222
90,24,3,0.000851789249489054
90,24,4,0.0009961950858183488
90,24,5,0.000611876571182677
90,24,6,0.0004613499348093405
90,24,7,0.0005521483639235603
90,24,8,0.005721588995932411
90,24,9,0.0009721545310348277
90,24,10,0.0009315192803739244
91,1,1,0.014351760019871635
91,1,2,0.014351760020679845
91,1,3,0.01435176001416797
91,1,4,0.014351760020709897
91,1,5,0.014351760014171475
91,1,6,0.0143517600188204
91,1,7,0.014351760014166031
91,1,8,0.014351760020502969
91,1,9,0.014351760020392937
91,1,10,0.014351760020904034
91,2,1,0.014351760014184459
91,2,2,0.014351760014423058
91,2,3,0.014351760014187106
91,2,4,0.014351760020936377
91,2,5,0.014351760014181305
91,2,6,0.01435176001418551
91,2,7,0.014351760019438786
91,2,8,0.014351760019521797
91,2,9,0.01435176001418154
91,2,10,0.014351760020286623
91,3,1,0.014351760014188171
91,3,2,0.014351760020360926
91,3,3,0.014351760020156692
91,3,4,0.01435176001418671
91,3,5,0.014351760014187599
91,3,6,0.014351760019025361
91,3,7,0.014351760020012226
91,3,8,0.014351760020801319
91,3,9,0.014351760014185765
91,3,10,0.01435176001982142
91,4,1,0.014351760014183274
91,4,2,0.014351760014185661
91,4,3,0.014351760014182901
91,4,4,0.014351760014180636
91,4,5,0.014351760014182022
91,4,6,0.014351760013868987
91,4,7,0.014351760020637554
91,4,8,0.014351760021674447
91,4,9,0.014351760020075599
91,4,10,0.01435176001440515
91,5,1,0.014351760014176648
91,5,2,0.014351760020019004
91,5,3,0.014351760014171945
91,5,4,0.014351760014183439
91,5,5,0.014351760020511396
91,5,6,0.014351760020419413
91,5,7,0.014351760014225156
91,5,8,0.014351760014435274
91,5,9,0.014351760020502874
91,5,10,0.014351760021491931
91,6,1,0.014351760020241857
91,6,2,0.014351760014352458
91,6,3,0.014351760014154485
91,6,4,0.014351760014155068
91,6,5,0.014351760014153806
91,6,6,0.01435176001415675
91,6,7,0.014351760019988061
91,6,8,0.014351760014433534
91,6,9,0.014351760020173349
91,6,10,0.01435176002172332
91,7,1,0.014351760014366714
91,7,2,0.014351760020201734
91,7,3,0.01435176002134717
91,7,4,0.014351760019949436
91,7,5,0.014351760019003627
91,7,6,0.014351760020093406
91,7,7,0.014351760019918893
91,7,8,0.014351760014711465
91,7,9,0.014351760014618915
91,7,10,0.014351759810279424
91,8,1,0.012647935186634379
91,8,2,0.012474410187672758
91,8,3,0.012816201747266867
91,8,4,0.012816201705610993
91,8,5,0.012020627761343923
91,8,6,0.01321503494305788
91,8,7,0.011835635702749724
91,8,8,0.01328734164552885
91,8,9,0.012962621319097896
91,8,10,0.015431505582463687
91,9,1,0.013923561018107072
91,9,2,0.014351759536725937
91,9,3,0.01619631473965441
91,9,4,0.015758440119999592
91,9,5,0.014351759740257125
91,9,6,0.01435175976869722
91,9,7,0.013683356731889577
91,9,8,0.013175959528576482
91,9,9,0.014351759818434534
91,9,10,0.012782132780891808
91,10,1,0.01210701852290569
91,10,2,0.008153254583311724
91,10,3,0.012170255748327532
91,10,4,0.012170255752735136
91,10,5,0.009096337405604052
91,10,6,0.0100029277747134
91,10,7,0.012142325682174883
91,10,8,0.014246424849357618
91,10,9,0.01248664028940212
91,10,10,0.007931084169395851
91,11,1,0.010959185104583567
91,11,2,0.007380964411950172
91,11,3,0.011047500517295708
91,11,4,0.011047500566488792
91,11,5,0.011515517962595272
91,11,6,0.012465060192861787
91,11,7,0.011162314477807049
91,11,8,0.010562873412998308
91,11,9,0.00819064791783088
91,11,10,0.010108724809131548
91,12,1,0.010706007206558444
91,12,2,0.010165554117382332
91,12,3,0.01050590368647372
91,12,4,0.010505903671229815
91,12,5,0.008321471687371617
91,12,6,0.008761197126314093
91,12,7,0.011196592058908503
91,12,8,0.010189303347502426
91,12,9,0.010864283245260366
91,12,10,0.009750443876960873
91,13,1,0.010769368478659757
91,13,2,0.014351758058395175
91,13,3,0.010575879228016954
91,13,4,0.010575879245930094
91,13,5,0.011971491591372509
91,13,6,0.012363273589588377
91,13,7,0.011630567584596558
91,13,8,0.010392931221996325
91,13,9,0.010932641402667264
91,13,10,0.010028876521140026
91,14,1,0.011282459549039121
91,14,2,0.011275179355082458
91,14,3,0.011156096638888677
91,14,4,0.011156096621140591
91,14,5,0.009674064536351293
91,14,6,0.013192202622754015
91,14,7,0.009414222723770915
91,14,8,0.0111695422040934
91,14,9,0.0114988726294707
91,14,10,0.010829303216919888
91,15,1,0.012599909163756511
91,15,2,0.009362384098356227
91,15,3,0.012485415099675178
91,15,4,0.012485415040215532
91,15,5,0.01096699879464442
91,15,6,0.01080677272343826
91,15,7,0.010746567226696027
91,15,8,0.012664646920253023
91,15,9,0.012793131693438748
91,15,10,0.009016991861759043
91,16,1,0.01113810353230319
91,16,2,0.011446475114906287
91,16,3,0.010994310581169708
91,16,4,0.01099431056417312
91,16,5,0.012695732598551225
91,16,6,0.012510383694423052
91,16,7,0.012534842646730215
91,16,8,0.015919570661827538
91,16,9,0.0112005769862911
91,16,10,0.011016799908447327
91,17,1,0.013821982417102727
91,17,2,0.014500783576806838
91,17,3,0.013685842932298022
91,17,4,0.013685842881367748
91,17,5,0.014351760014331213
91,17,6,0.014351760014356212
91,17,7,0.014351760020584362
91,17,8,0.01467995969628246
91,17,9,0.013801459289721608
91,17,10,0.014757690551904491
91,18,1,0.014351760018178682
91,18,2,0.0143517600144475
91,18,3,0.014351760014399162
91,18,4,0.014351760018559975
91,18,5,0.014351760020106314
91,18,6,0.014351760018100498
91,18,7,0.01435176002113843
91,18,8,0.014351760014458249
91,18,9,0.014351760024525052
91,18,10,0.014351760020903005
91,19,1,0.014351760013310424
91,19,2,0.014351760020732327
91,19,3,0.014351760016086079
91,19,4,0.014351760013373292
91,19,5,0.014351760021097832
91,19,6,0.014351760014428611
91,19,7,0.014351760019951025
91,19,8,0.014351760014432778
91,19,9,0.014351760020211471
91,19,10,0.014351760020698311
91,20,1,0.014351760015262553
91,20,2,0.014351760020437015
91,20,3,0.014351760014423221
91,20,4,0.014351760015260643
91,20,5,0.014351760014355999
91,20,6,0.014351760020965046
91,20,7,0.01435176001442621
91,20,8,0.01435176001443276
91,20,9,0.014351760017183576
91,20,10,0.01435176002090897
91,21,1,0.014351760004653236
91,21,2,0.01435176001442087
91,21,3,0.014351760014427726
91,21,4,0.014351760016956504
91,21,5,0.01435176001416135
91,21,6,0.01435176001441905
91,21,7,0.014351760020507734
91,21,8,0.014351760014426982
91,21,9,0.014351760017016798
91,21,10,0.014351760014429383
91,22,1,0.014351760018687118
91,22,2,0.014351760014428222
91,22,3,0.014351760022717902
91,22,4,0.01435176001889671
91,22,5,0.014351760013921497
91,22,6,0.014351760021980011
91,22,7,0.0143517600219915
91,22,8,0.014351760014434957
91,22,9,0.01435176001896038
91,22,10,0.014351760014420362
91,23,1,0.014351760014049373
91,23,2,0.01435176002045368
91,23,3,0.014351760019452967
91,23,4,0.0143517600140493
91,23,5,0.014351760019154119
91,23,6,0.014351760014428913
91,23,7,0.014351760019406194
91,23,8,0.01435176001443158
91,23,9,0.014351760019057592
91,23,10,0.01435176002158893
91,24,1,0.014351760020345996
91,24,2,0.01435176002056207
91,24,3,0.014351760019584854
91,24,4,0.014351760019769082
91,24,5,0.014351760013826086
91,24,6,0.014351760014165433
91,24,7,0.014351760014137535
91,24,8,0.014351760014434826
91,24,9,0.014351760020319244
91,24,10,0.014351760024179315
92,1,1,0.0077146003924766044
92,1,2,0.008515753540759957
92,1,3,0.008272415335214695
92,1,4,0.008725084729456881
92,1,5,0.007834731107046652
92,1,6,0.007268601214955088
92,1,7,0.007893962524493817
92,1,8,0.015456856679975359
92,1,9,0.008651384960116082
92,1,10,0.0070859366437444355
92,2,1,0.01616111006811274
92,2,2,0.009982462104501218
92,2,3,0.008286581615712926
92,2,4,0.007920145036728866
92,2,5,0.008476844606425827
92,2,6,0.007920417910044402
92,2,7,0.016503285995182672
92,2,8,0.010845101565752923
92,2,9,0.017599624962321946
92,2,10,0.015086864290192977
92,3,1,0.007798803280478494
92,3,2,0.006885174675534411
92,3,3,0.007608755610061778
92,3,4,0.008788141615797258
92,3,5,0.008488675235432213
92,3,6,0.007219468249299112
92,3,7,0.007950586656266469
92,3,8,0.012495264711060885
92,3,9,0.008718387839979686
92,3,10,0.0069782093393513395
92,4,1,0.007847763961308107
92,4,2,0.006986790138363413
92,4,3,0.008359089283603897
92,4,4,0.008788143568306567
92,4,5,0.008465011404511485
92,4,6,0.007374450771796695
92,4,7,0.007358990926615838
92,4,8,0.011831146490702677
92,4,9,0.008718381133264478
92,4,10,0.006619363342364445
92,5,1,0.016327251596061642
92,5,2,0.015424671201932317
92,5,3,0.008315663742806309
92,5,4,0.007954436026755935
92,5,5,0.008399028606500032
92,5,6,0.016433079095480245
92,5,7,0.007308289968385787
92,5,8,0.013951723254551747
92,5,9,0.017633801965474653
92,5,10,0.007481874793254875
92,6,1,0.007864142537434107
92,6,2,0.0074597410863846345
92,6,3,0.008408850484370609
92,6,4,0.008824290835810381
92,6,5,0.008368530128610212
92,6,6,0.007902714945049986
92,6,7,0.007787443190032241
92,6,8,0.015601682686532019
92,6,9,0.00875677872242456
92,6,10,0.008677643082751261
92,7,1,0.016932572755991433
92,7,2,0.016025854783155685
92,7,3,0.008649246759077222
92,7,4,0.008004260943553445
92,7,5,0.017001520160441697
92,7,6,0.016758213669998464
92,7,7,0.016082753886521202
92,7,8,0.018454721577076675
92,7,9,0.008087509832177753
92,7,10,0.014589010764494117
92,8,1,0.007749787832342132
92,8,2,0.006773500221167078
92,8,3,0.007897754497099268
92,8,4,0.007494867010258734
92,8,5,0.006921056316383854
92,8,6,0.006574790096178542
92,8,7,0.006574791033681355
92,8,8,0.010025851064787155
92,8,9,0.008287423519527059
92,8,10,0.008669475759200091
92,9,1,0.010484133155487263
92,9,2,0.01359498429277458
92,9,3,0.012561333230129082
92,9,4,0.011652220995597654
92,9,5,0.015431862808963992
92,9,6,0.015372965745182886
92,9,7,0.00913922063202921
92,9,8,0.00913922060403448
92,9,9,0.0169715288854898
92,9,10,0.009139220613498355
92,10,1,0.008873561482375775
92,10,2,0.004636601272706889
92,10,3,0.008392840138922004
92,10,4,0.00879695250325303
92,10,5,0.005859703541427755
92,10,6,0.006090607834662822
92,10,7,0.006882088143559652
92,10,8,0.007862688142978629
92,10,9,0.008920741573202051
92,10,10,0.004874086507569587
92,11,1,0.009635895678096699
92,11,2,0.0042624757069346
92,11,3,0.00901600129739411
92,11,4,0.009408785653154618
92,11,5,0.008590453599882517
92,11,6,0.008659371733686768
92,11,7,0.007524098442305391
92,11,8,0.00426247571178545
92,11,9,0.006600048406393227
92,11,10,0.006827151962465405
92,12,1,0.00958278551967242
92,12,2,0.006673664004429757
92,12,3,0.008692940244472903
92,12,4,0.009103629181335454
92,12,5,0.0055995322406085695
92,12,6,0.005637963457375882
92,12,7,0.007816885698403423
92,12,8,0.004847898342464474
92,12,9,0.009198840701152025
92,12,10,0.006953728228229072
92,13,1,0.00960351294154304
92,13,2,0.012068343838741854
92,13,3,0.008673035471516708
92,13,4,0.009099394256317915
92,13,5,0.008984245589724087
92,13,6,0.008826231343080323
92,13,7,0.008105354076661284
92,13,8,0.0060819954979384845
92,13,9,0.009190642035459566
92,13,10,0.00694802239757318
92,14,1,0.009813225449443071
92,14,2,0.007167418352288557
92,14,3,0.008936186587843335
92,14,4,0.009367476071796279
92,14,5,0.006404038306100685
92,14,6,0.0093775145436005
92,14,7,0.005341327555147985
92,14,8,0.00534132744288615
92,14,9,0.009449131905919696
92,14,10,0.007241987239134283
92,15,1,0.009924764689295403
92,15,2,0.004859275532618868
92,15,3,0.008917687232993361
92,15,4,0.009386534296763328
92,15,5,0.006574854952358855
92,15,6,0.006209721555723746
92,15,7,0.006179316549548813
92,15,8,0.00485927559559256
92,15,9,0.00949976411873189
92,15,10,0.004859275977814753
92,16,1,0.008079849913015497
92,16,2,0.00552005583160168
92,16,3,0.007140061757670326
92,16,4,0.007571469274637552
92,16,5,0.007154291874726181
92,16,6,0.006904823514757295
92,16,7,0.006824098903018165
92,16,8,0.008791157965469676
92,16,9,0.007572227856089304
92,16,10,0.005650406822722642
92,17,1,0.008995225361074605
92,17,2,0.010677511226568358
92,17,3,0.00787380509197972
92,17,4,0.008370860453046625
92,17,5,0.0076793450119058086
92,17,6,0.008454121252888124
92,17,7,0.008029170359357763
92,17,8,0.014069115128846102
92,17,9,0.0076322915762027516
92,17,10,0.011633715571473902
92,18,1,0.009124834002378538
92,18,2,0.011208423429087998
92,18,3,0.008006121577376284
92,18,4,0.008530396768502752
92,18,5,0.008157667099136684
92,18,6,0.008348833625954838
92,18,7,0.008970018073751999
92,18,8,0.015405168162269426
92,18,9,0.009135769229527713
92,18,10,0.010906893288572743
92,19,1,0.009003565265331795
92,19,2,0.012141096622168038
92,19,3,0.016847835747853836
92,19,4,0.008643343532617911
92,19,5,0.009375391286244174
92,19,6,0.013187644617132704
92,19,7,0.010507241412342347
92,19,8,0.017565338320923066
92,19,9,0.008773178092189995
92,19,10,0.012054834951542179
92,20,1,0.017957711034166407
92,20,2,0.01973111728977489
92,20,3,0.017975455900482017
92,20,4,0.01755073240617549
92,20,5,0.01792969990344586
92,20,6,0.01857864047951114
92,20,7,0.018757524238865685
92,20,8,0.02295489679817751
92,20,9,0.017433591641401566
92,20,10,0.019717214619638625
92,21,1,0.0077770927513485365
92,21,2,0.00898826997482254
92,21,3,0.00830239641695096
92,21,4,0.007885157311493413
92,21,5,0.007693994066679155
92,21,6,0.007789001123116783
92,21,7,0.007875114443227263
92,21,8,0.01440176181324052
92,21,9,0.00851759169579641
92,21,10,0.011234469114979363
92,22,1,0.00866311191646286
92,22,2,0.009943721996345986
92,22,3,0.007510581501368107
92,22,4,0.007911958891243695
92,22,5,0.007981743403454604
92,22,6,0.00786016787397284
92,22,7,0.00880932020778706
92,22,8,0.014631659708623722
92,22,9,0.007839123884770906
92,22,10,0.008923966395800764
92,23,1,0.00867603848643068
92,23,2,0.009067732993757134
92,23,3,0.008190453117623954
92,23,4,0.007914347121612188
92,23,5,0.00759427212257687
92,23,6,0.0076227026940494874
92,23,7,0.007156628948380867
92,23,8,0.013799245850391844
92,23,9,0.007841820274067884
92,23,10,0.009931360282139213
92,24,1,0.008764914181388353
92,24,2,0.007088957721277175
92,24,3,0.008083934771206966
92,24,4,0.00858745118924516
92,24,5,0.007182837553007627
92,24,6,0.006557303399079654
92,24,7,0.006941623071669927
92,24,8,0.010606972440535756
92,24,9,0.008505249354831613
92,24,10,0.0069212673878766735
93,1,1,2.6140176398906926e-5
93,1,2,0.0023569663665041576
93,1,3,2.614017630742782e-5
93,1,4,2.6140176283888136e-5
93,1,5,2.6140177135783584e-5
93,1,6,2.6140177039826118e-5
93,1,7,2.6140176342307334e-5
93,1,8,0.006430318610761375
93,1,9,2.6140176299820876e-5
93,1,10,2.614020888242872e-5
93,2,1,2.6140179574195358e-5
93,2,2,0.0034937952828768284
93,2,3,2.614018069676794e-5
93,2,4,2.6141770850274297e-5
93,2,5,2.614018025025988e-5
93,2,6,2.6140182037464008e-5
93,2,7,2.6140179570177725e-5
93,2,8,2.6140125810787444e-5
93,2,9,2.614017956226585e-5
93,2,10,2.614017956497277e-5
93,3,1,2.6140181950256877e-5
93,3,2,2.614043664955934e-5
93,3,3,2.614018252078826e-5
93,3,4,2.6140181890346244e-5
93,3,5,2.6140181906746424e-5
93,3,6,2.6140183801881755e-5
93,3,7,2.614018194910321e-5
93,3,8,0.007379970709596598
93,3,9,2.614018191074708e-5
93,3,10,2.61401826127285e-5
93,4,1,2.6140180329553987e-5
93,4,2,2.6140181453471434e-5
93,4,3,2.614018032134736e-5
93,4,4,2.614018030249376e-5
93,4,5,2.614018028006135e-5
93,4,6,2.6140180345810704e-5
93,4,7,2.6140181239539717e-5
93,4,8,0.006926283063542749
93,4,9,2.6140180312937464e-5
93,4,10,2.6140953641924567e-5
93,5,1,2.6140177527513476e-5
93,5,2,2.6140177540614707e-5
93,5,3,2.6140177764525763e-5
93,5,4,2.6140179257419503e-5
93,5,5,2.614017780400578e-5
93,5,6,2.614017752877594e-5
93,5,7,2.6140196434782835e-5
93,5,8,0.008719706445373994
93,5,9,2.614017752242783e-5
93,5,10,0.00041962455659662356
93,6,1,2.61401731129007e-5
93,6,2,2.6140326574580377e-5
93,6,3,2.6140172288704954e-5
93,6,4,2.614017227732603e-5
93,6,5,2.6140172363592322e-5
93,6,6,2.6140172864097003e-5
93,6,7,2.614017360971853e-5
93,6,8,0.010317582122103599
93,6,9,2.6140172286779258e-5
93,6,10,0.0019117283924675833
93,7,1,2.614016792577891e-5
93,7,2,2.6140123553433615e-5
93,7,3,0.0014086238969596991
93,7,4,2.6140179199811406e-5
93,7,5,2.6140167916718094e-5
93,7,6,2.614016792113497e-5
93,7,7,2.614016793885763e-5
93,7,8,0.008018291589487499
93,7,9,0.00030886583832976614
93,7,10,2.6140122417640817e-5
93,8,1,2.6140170137616046e-5
93,8,2,0.00048547183411094363
93,8,3,2.614017014560622e-5
93,8,4,2.6140171243870985e-5
93,8,5,2.6140172677225146e-5
93,8,6,2.614066469352616e-5
93,8,7,2.6140172806258995e-5
93,8,8,2.614012220451868e-5
93,8,9,2.6140170163994813e-5
93,8,10,0.003441462672343172
93,9,1,2.6140176853392005e-5
93,9,2,2.614016506639931e-5
93,9,3,0.005293878305347938
93,9,4,0.004455669921349283
93,9,5,2.6140176571338392e-5
93,9,6,2.6140176569346784e-5
93,9,7,2.614017933404495e-5
93,9,8,2.6140131650768948e-5
93,9,9,2.6140176550329197e-5
93,9,10,2.6140181649708015e-5
93,10,1,2.614018759689183e-5
93,10,2,2.6140211799294463e-5
93,10,3,2.614018759819972e-5
93,10,4,2.6140187590254444e-5
93,10,5,2.6140188190798005e-5
93,10,6,2.614018775394601e-5
93,10,7,2.6140187756222398e-5
93,10,8,0.004474772020215548
93,10,9,2.614018759583723e-5
93,10,10,2.6140187960535076e-5
93,11,1,2.614019721762823e-5
93,11,2,2.6140206848381594e-5
93,11,3,2.614019721386806e-5
93,11,4,2.6140197214341666e-5
93,11,5,2.6140197227844852e-5
93,11,6,2.614019722534309e-5
93,11,7,2.614019724153298e-5
93,11,8,2.614022427078839e-5
93,11,9,2.614019732309241e-5
93,11,10,2.6140197254040467e-5
93,12,1,2.6140199537010115e-5
93,12,2,2.61401995874748e-5
93,12,3,2.6140199550532183e-5
93,12,4,2.614019953737678e-5
93,12,5,2.6140199775865864e-5
93,12,6,2.6140199686823934e-5
93,12,7,2.6140199567889812e-5
93,12,8,2.6140207582257648e-5
93,12,9,2.6140199541667512e-5
93,12,10,2.6140199575694096e-5
93,13,1,2.614019954129708e-5
93,13,2,2.6140199493231932e-5
93,13,3,2.614019955655411e-5
93,13,4,2.6140199548485087e-5
93,13,5,2.6140199553167563e-5
93,13,6,2.6140199552969933e-5
93,13,7,2.6140199565894067e-5
93,13,8,2.6140207957556927e-5
93,13,9,2.6140199547339553e-5
93,13,10,2.614019959119146e-5
93,14,1,2.6140198750660346e-5
93,14,2,2.614019880330725e-5
93,14,3,2.6140198767229964e-5
93,14,4,2.614019875644593e-5
93,14,5,2.61401988846216e-5
93,14,6,2.61401987603431e-5
93,14,7,2.6140199971902366e-5
93,14,8,2.614021533922074e-5
93,14,9,2.6140198754072588e-5
93,14,10,2.614019877045e-5
93,15,1,2.6140191486018143e-5
93,15,2,2.6140207191880786e-5
93,15,3,2.6140191498574194e-5
93,15,4,2.6140191478570044e-5
93,15,5,2.61401917413992e-5
93,15,6,2.614019172657414e-5
93,15,7,2.614019162153039e-5
93,15,8,2.6140404898740255e-5
93,15,9,2.6140191484817606e-5
93,15,10,2.614019291763698e-5
93,16,1,2.6140181621399127e-5
93,16,2,2.614043995137405e-5
93,16,3,2.6140181945014116e-5
93,16,4,2.614018192994692e-5
93,16,5,2.614018216185417e-5
93,16,6,2.6140182469884092e-5
93,16,7,2.6140182006247253e-5
93,16,8,0.0045114821243432985
93,16,9,2.6140181923424374e-5
93,16,10,2.6140183678155473e-5
93,17,1,2.6140158254335337e-5
93,17,2,0.0044128785326048
93,17,3,2.6140158406907936e-5
93,17,4,2.614015824166814e-5
93,17,5,2.6140161494659727e-5
93,17,6,2.6140158243208915e-5
93,17,7,0.0006973705293963426
93,17,8,0.008427305016922971
93,17,9,2.6140159970013758e-5
93,17,10,0.005636039026217554
93,18,1,2.6140138154407585e-5
93,18,2,0.004627317101008077
93,18,3,2.614037487104718e-5
93,18,4,2.614013970208704e-5
93,18,5,2.6140141024968908e-5
93,18,6,2.6140140221737657e-5
93,18,7,0.0016634009076129995
93,18,8,0.00946025199813594
93,18,9,0.0017743952139021783
93,18,10,0.004243472539353926
93,19,1,2.614012764960821e-5
93,19,2,0.005060021357010117
93,19,3,2.6140105642787663e-5
93,19,4,2.6140133013603577e-5
93,19,5,0.0012297928375240668
93,19,6,0.006339535743183334
93,19,7,0.0028868538318931043
93,19,8,0.011368579156212382
93,19,9,0.00024081151931547572
93,19,10,0.004950234442062316
93,20,1,2.6140125306665638e-5
93,20,2,0.003754713101055115
93,20,3,0.000955948953349574
93,20,4,2.614012636466762e-5
93,20,5,0.0008762256183835452
93,20,6,0.0019613401939025223
93,20,7,0.002238533891855938
93,20,8,0.008393978571186443
93,20,9,2.614013235020153e-5
93,20,10,0.0037327170639396188
93,21,1,2.6140133622563735e-5
93,21,2,0.002043927309092006
93,21,3,0.0009921997481472352
93,21,4,2.614013448846181e-5
93,21,5,2.6140167336161746e-5
93,21,6,0.0001733982080578768
93,21,7,0.00031636507034134157
93,21,8,0.008748235002836226
93,21,9,2.61401322101865e-5
93,21,10,0.005014020098562171
93,22,1,2.6140145174000165e-5
93,22,2,0.0035980777699902134
93,22,3,2.6140168563496895e-5
93,22,4,2.6140146312898626e-5
93,22,5,2.6140144736880037e-5
93,22,6,0.0005912803602547375
93,22,7,0.0021803449210320144
93,22,8,0.005618373980998978
93,22,9,2.6140146472485298e-5
93,22,10,0.0022140402844351083
93,23,1,2.6140155701790857e-5
93,23,2,0.0028946097056757837
93,23,3,2.6140155201216273e-5
93,23,4,2.614015619962007e-5
93,23,5,2.614015867873012e-5
93,23,6,0.0007821525412920626
93,23,7,2.6140179330085324e-5
93,23,8,0.008579428495833534
93,23,9,2.6140156727604904e-5
93,23,10,0.004024240072773479
93,24,1,2.6140168262596358e-5
93,24,2,0.0008701616409554903
93,24,3,2.6140167958695184e-5
93,24,4,2.6140168338189454e-5
93,24,5,2.6140168755837175e-5
93,24,6,2.6140178623243445e-5
93,24,7,2.614016916532806e-5
93,24,8,0.00552224946110141
93,24,9,2.6140168420973843e-5
93,24,10,0.0006115636775451058
94,1,1,0.0007269621427115072
94,1,2,0.00260053714059593
94,1,3,0.0008946902372204739
94,1,4,0.0010226375723996668
94,1,5,0.0006492626455269828
94,1,6,0.0005917509126544248
94,1,7,0.0007700107033109775
94,1,8,0.010406181077160105
94,1,9,0.0010030878210938374
94,1,10,0.0005694280387792399
94,2,1,0.006599796535666786
94,2,2,0.0033458758351806953
94,2,3,0.0008995081969756917
94,2,4,0.0006806928412565272
94,2,5,0.00092629106315971
94,2,6,0.0008120395277876988
94,2,7,0.006775450584535175
94,2,8,0.0033567294944292264
94,2,9,0.0074201300722899575
94,2,10,0.006029279791894065
94,3,1,0.0007532434114329791
94,3,2,0.00045595616902308197
94,3,3,0.0005997648061109433
94,3,4,0.0010466720698611492
94,3,5,0.0009306726780363405
94,3,6,0.0005173994074160934
94,3,7,0.000788328467722014
94,3,8,0.007418915970558966
94,3,9,0.0010280131614398738
94,3,10,0.0005398932527804639
94,4,1,0.0007686771029783928
94,4,2,0.0004838881480923734
94,4,3,0.0009242794563280606
94,4,4,0.0010466714389740202
94,4,5,0.0009219287348275454
94,4,6,0.0006215429617566822
94,4,7,0.0005464742585489261
94,4,8,0.0069731550325582954
94,4,9,0.0010280153016898484
94,4,10,0.000398265658487553
94,5,1,0.006704179392805678
94,5,2,0.006043404378608834
94,5,3,0.000909414828254694
94,5,4,0.0006759364558376254
94,5,5,0.000897714480566335
94,5,6,0.006834930708808659
94,5,7,0.0005358488866425483
94,5,8,0.008575045386512752
94,5,9,0.007443563654002822
94,5,10,0.000700198660854544
94,6,1,0.0007738597011269292
94,6,2,0.0006215890042396813
94,6,3,0.0009414005066102969
94,6,4,0.0010605223039802806
94,6,5,0.0008866026551468928
94,6,6,0.0008072502476034823
94,6,7,0.000735905391313149
94,6,8,0.010354179588284199
94,6,9,0.001042392085748361
94,6,10,0.002293341083878655
94,7,1,0.0070863904618421476
94,7,2,0.006430816045354499
94,7,3,0.0015127933351596666
94,7,4,0.0006871364365620746
94,7,5,0.006970946170557814
94,7,6,0.0070338280537851645
94,7,7,0.006506111252518226
94,7,8,0.012582377750157539
94,7,9,0.0007757245543632845
94,7,10,0.005731824770054394
94,8,1,0.0009042194824188637
94,8,2,0.0007499052880199498
94,8,3,0.000926186894262408
94,8,4,0.0006726455447560013
94,8,5,0.0005948500878476041
94,8,6,0.0005462489765235531
94,8,7,0.0005690169217468342
94,8,8,0.0031078286087864934
94,8,9,0.0010284622248008968
94,8,10,0.0034743740186668833
94,9,1,0.0022248342826552375
94,9,2,0.004842619207094832
94,9,3,0.006221444756159819
94,9,4,0.005448103559107487
94,9,5,0.0058920245515302885
94,9,6,0.006128843728316157
94,9,7,0.0020686096188963117
94,9,8,0.0020686096147661637
94,9,9,0.006973046672928724
94,9,10,0.0020686096185217654
94,10,1,0.001560267268060447
94,10,2,0.00032025670343452313
94,10,3,0.0013427024147350368
94,10,4,0.0014800371067780777
94,10,5,0.000551951936612671
94,10,6,0.0006439663809320415
94,10,7,0.0007709391234266517
94,10,8,0.004388446771873143
94,10,9,0.0015064346841758632
94,10,10,0.0004661500480943343
94,11,1,0.0022662325721923204
94,11,2,0.0002545248293663192
94,11,3,0.0019651458640585024
94,11,4,0.0021069714462245664
94,11,5,0.0016298106971975794
94,11,6,0.0016809683980625293
94,11,7,0.001278856643788806
94,11,8,0.0002545248346459178
94,11,9,0.0009875885871850304
94,11,10,0.0011607666831270163
94,12,1,0.0022801926113963224
94,12,2,0.0010743784689196951
94,12,3,0.0018993931915045185
94,12,4,0.00204770158196363
94,12,5,0.0005475049044276095
94,12,6,0.0006220637241511693
94,12,7,0.0014335634847223403
94,12,8,0.00048632947684418054
94,12,9,0.002045289232055328
94,12,10,0.0013259014462042441
94,13,1,0.0022800065637639815
94,13,2,0.003898746351675094
94,13,3,0.0018804283101536555
94,13,4,0.002033890275366693
94,13,5,0.0017552094366655926
94,13,6,0.0017590964390563103
94,13,7,0.001498806606645957
94,13,8,0.0010898477672848645
94,13,9,0.0020304653840674336
94,13,10,0.0012921062262019319
94,14,1,0.0022978379005138987
94,14,2,0.0011421113502322127
94,14,3,0.0019143987832943245
94,14,4,0.0020688604741011035
94,14,5,0.0006988542077373945
94,14,6,0.001882285261920373
94,14,7,0.0004629337633473867
94,14,8,0.00046293374389779564
94,14,9,0.0020637022497191917
94,14,10,0.0013168580355617696
94,15,1,0.002059648663381426
94,15,2,0.00029367509199999624
94,15,3,0.0016100972368045842
94,15,4,0.0017789423274628931
94,15,5,0.0005866706174724883
94,15,6,0.0005147551878979871
94,15,7,0.0005625245152824594
94,15,8,0.000293675159357685
94,15,9,0.0018038906188692463
94,15,10,0.00030410983683394236
94,16,1,0.0012020202146641127
94,16,2,0.000306564243719385
94,16,3,0.0008591154754030038
94,16,4,0.0009877337954410658
94,16,5,0.0006032750361674564
94,16,6,0.000559763218753666
94,16,7,0.0005994555619988307
94,16,8,0.004572671507106836
94,16,9,0.0009696398940291035
94,16,10,0.000430055338107866
94,17,1,0.0012186589518606752
94,17,2,0.0046259700069796695
94,17,3,0.0008272513667622265
94,17,4,0.0009662980435868804
94,17,5,0.0006150697218657251
94,17,6,0.0009847247073173587
94,17,7,0.0011435511692627618
94,17,8,0.00849821626046308
94,17,9,0.0006391333596012127
94,17,10,0.005803988308626902
94,18,1,0.0012050470945325835
94,18,2,0.004934869110012884
94,18,3,0.0008058121979414922
94,18,4,0.0009496802388327705
94,18,5,0.0008110874192303269
94,18,6,0.000949988092133604
94,18,7,0.002067663025652448
94,18,8,0.00958881732550407
94,18,9,0.0022690817331254207
94,18,10,0.004563696546594532
94,19,1,0.0011610322591426377
94,19,2,0.005463297012644045
94,19,3,0.006995648490743601
94,19,4,0.0009917914860014605
94,19,5,0.0019088526851685494
94,19,6,0.006712326992341689
94,19,7,0.003413535185432052
94,19,8,0.011532425968753687
94,19,9,0.0011338428356865004
94,19,10,0.005354136000503318
94,20,1,0.007740005962296305
94,20,2,0.009589083692206759
94,20,3,0.007788431717397799
94,20,4,0.007363355697322237
94,20,5,0.007745457017100595
94,20,6,0.008392687979779045
94,20,7,0.008571103035273546
94,20,8,0.013079745514113833
94,20,9,0.007306447694121255
94,20,10,0.009551734005837245
94,21,1,0.0006365137394236701
94,21,2,0.002365123265461298
94,21,3,0.001393780336719251
94,21,4,0.0006604545647496494
94,21,5,0.0006182697427168509
94,21,6,0.0007143911010243483
94,21,7,0.0008173593330343466
94,21,8,0.008822232339418909
94,21,9,0.0009539493933744253
94,21,10,0.00521088630610017
94,22,1,0.0010401808410819228
94,22,2,0.0037818216870149795
94,22,3,0.0005786509034719939
94,22,4,0.0006664439796366205
94,22,5,0.0007499537200411799
94,22,6,0.0009534939148637478
94,22,7,0.002412997159255488
94,22,8,0.009065806795452932
94,22,9,0.0006502348553433884
94,22,10,0.0024449830660758956
94,23,1,0.0010446943220284667
94,23,2,0.0031339574606396047
94,23,3,0.0008670158344625996
94,23,4,0.0006669673645464134
94,23,5,0.0005966334153918674
94,23,6,0.001127990786428385
94,23,7,0.0005453236000788439
94,23,8,0.008622992147498119
94,23,9,0.0006508285898423082
94,23,10,0.0042180335197744495
94,24,1,0.0010758816782387886
94,24,2,0.0011019921153924896
94,24,3,0.0008314815763029999
94,24,4,0.0009708674752547716
94,24,5,0.0004916649065713286
94,24,6,0.0003865513446910938
94,24,7,0.0004851219003547683
94,24,8,0.005559581419040546
94,24,9,0.0009494470495186482
94,24,10,0.0008448884330701945
95,1,1,0.0018735858316446736
95,1,2,0.003360128419639938
95,1,3,0.0022539594459014805
95,1,4,0.002541668922439467
95,1,5,0.0016958139204754144
95,1,6,0.001563437547754696
95,1,7,0.0019716156131695623
95,1,8,0.010989569435270935
95,1,9,0.002497824727711401
95,1,10,0.0015118499813887981
95,2,1,0.014581180597909159
95,2,2,0.0038646346017169515
95,2,3,0.002264827893706891
95,2,4,0.0017678618994607556
95,2,5,0.002325193297101524
95,2,6,0.0020670395368910435
95,2,7,0.01495548156904315
95,2,8,0.007640077036223805
95,2,9,0.016328405341178
95,2,10,0.013364683233893698
95,3,1,0.001933469661207851
95,3,2,0.0012474860793185443
95,3,3,0.0015819280752360336
95,3,4,0.002595517981774544
95,3,5,0.0023350607225353106
95,3,6,0.0013911099068112296
95,3,7,0.0020132380605729578
95,3,8,0.007873835209298867
95,3,9,0.00255371788826689
95,3,10,0.0014434008542276984
95,4,1,0.0019685832948384127
95,4,2,0.0013129286225815606
95,4,3,0.00232066237852856
95,4,4,0.0025955165679747653
95,4,5,0.002315367029179655
95,4,6,0.0016321021854585444
95,4,7,0.001458672879923153
95,4,8,0.007335117786452678
95,4,9,0.0025537226871374125
95,4,10,0.0011114092526862396
95,5,1,0.014803622480004448
95,5,2,0.013394816538045196
95,5,3,0.002287166431693299
95,5,4,0.0017569717794160477
95,5,5,0.0022607819312854597
95,5,6,0.015082204375916302
95,5,7,0.0014340094976126462
95,5,8,0.008531208279905217
95,5,9,0.016378288012937066
95,5,10,0.0015486338971572573
95,6,1,0.00198036582654683
95,6,2,0.0016322081051399293
95,6,3,0.0023592103833628827
95,6,4,0.00262652349015356
95,6,5,0.002235708764085665
95,6,6,0.0020561791764864925
95,6,7,0.0018939767977300568
95,6,8,0.010921105626598235
95,6,9,0.002585932920815984
95,6,10,0.0031035488365121207
95,7,1,0.015617818193190424
95,7,2,0.014220998351227775
95,7,3,0.0023219347353243933
95,7,4,0.001782609507212233
95,7,5,0.015371943868110558
95,7,6,0.015505875242704406
95,7,7,0.014381502992353119
95,7,8,0.013034847506084931
95,7,9,0.001862504198660039
95,7,10,0.012729886626262217
95,8,1,0.0022754529178421238
95,8,2,0.0015994085187989511
95,8,3,0.0023249586811442155
95,8,4,0.0017494340064580078
95,8,5,0.0015705900953584876
95,8,6,0.0014581500714212616
95,8,7,0.0015108987635517209
95,8,8,0.007103328418054618
95,8,9,0.002554724303673595
95,8,10,0.003917189395520267
95,9,1,0.00518992269491143
95,9,2,0.0108294618836175
95,9,3,0.008311496290345331
95,9,4,0.00757490277095685
95,9,5,0.013071818098458502
95,9,6,0.013577074155533735
95,9,7,0.004849402890362708
95,9,8,0.004849402873292349
95,9,9,0.015376417895305874
95,9,10,0.004849402885445047
95,10,1,0.0037352697735678836
95,10,2,0.0009250040634340963
95,10,3,0.003254674363354659
95,10,4,0.0035583603502331793
95,10,5,0.0014713756040067164
95,10,6,0.001683653418791307
95,10,7,0.0019737264722267138
95,10,8,0.004595773860024134
95,10,9,0.00361660610462847
95,10,10,0.001271400516978736
95,11,1,0.005280036787771318
95,11,2,0.0007650596687836387
95,11,3,0.004623454924602336
95,11,4,0.004933089033532681
95,11,5,0.0038883446102506354
95,11,6,0.004000800453906933
95,11,7,0.003113081927013016
95,11,8,0.0007650596741819651
95,11,9,0.0024630362463445373
95,11,10,0.002850407298159619
95,12,1,0.005310413609992985
95,12,2,0.0026575238639525637
95,12,3,0.004479667167829511
95,12,4,0.0048037720808524415
95,12,5,0.0014610635549662224
95,12,6,0.0016333006394259168
95,12,7,0.003455721231803846
95,12,8,0.0013186360828042758
95,12,9,0.004798506256957282
95,12,10,0.0032174412883417447
95,13,1,0.005310008807009764
95,13,2,0.008806064865398092
95,13,3,0.00443816526284707
95,13,4,0.004773621631636631
95,13,5,0.004163787206792673
95,13,6,0.004172314016671563
95,13,7,0.00359977885392141
95,13,8,0.002692112020470643
95,13,9,0.004766144029594884
95,13,10,0.003142488982839084
95,14,1,0.005348801778811476
95,14,2,0.002808809698348393
95,14,3,0.004512495308425174
95,14,4,0.004849950248414039
95,14,5,0.0018094071093265483
95,14,6,0.004442229551426328
95,14,7,0.0012638591870265164
95,14,8,0.0012638591346212206
95,14,9,0.004838694067433588
95,14,10,0.0031973921222978236
95,15,1,0.004829847777891844
95,15,2,0.000860695649874202
95,15,3,0.0038449768665998877
95,15,4,0.004215839433401959
95,15,5,0.0015517078041000015
95,15,6,0.001384953386308839
95,15,7,0.0014958709695150646
95,15,8,0.0008606957130097887
95,15,9,0.0042705320502693595
95,15,10,0.0008859954299635195
95,16,1,0.0029422927001277713
95,16,2,0.0008919355968545822
95,16,3,0.002173617505783371
95,16,4,0.002463362295059166
95,16,5,0.0015900225271979836
95,16,6,0.0014894762084459454
95,16,7,0.0015812148332836546
95,16,8,0.0048847508838419625
95,16,9,0.0024227176468198173
95,16,10,0.0011865546867154122
95,17,1,0.0029793144772393624
95,17,2,0.005323007853280531
95,17,3,0.0021015124950850826
95,17,4,0.0024152068802137266
95,17,5,0.0016171998794165547
95,17,6,0.002456605401536438
95,17,7,0.0020737942433463703
95,17,8,0.009131436674342639
95,17,9,0.0016725514433155045
95,17,10,0.006474621197418547
95,18,1,0.0029490292459328354
95,18,2,0.005826227153352373
95,18,3,0.0020529174574128862
95,18,4,0.0023778399714546226
95,18,5,0.002064880781824445
95,18,6,0.002378532494138967
95,18,7,0.0032184838628151356
95,18,8,0.010404243389924035
95,18,9,0.0033089408659489447
95,18,10,0.005470083594692858
95,19,1,0.002850999299624004
95,19,2,0.006493760939885199
95,19,3,0.015424558489220882
95,19,4,0.0024724723118491145
95,19,5,0.003228918347216438
95,19,6,0.0076988048141233435
95,19,7,0.004566504334216875
95,19,8,0.012412871506567152
95,19,9,0.0025665358178450105
95,19,10,0.006389467493978751
95,20,1,0.017009201200310423
95,20,2,0.018179876786533045
95,20,3,0.016556672296938562
95,20,4,0.01620754473024262
95,20,5,0.016514559979923155
95,20,6,0.01711555565904299
95,20,7,0.01728228722521334
95,20,8,0.021153394739234135
95,20,9,0.01608639105276106
95,20,10,0.018147450181677457
95,21,1,0.0016665318401406744
95,21,2,0.003157533851846403
95,21,3,0.0022924667276024374
95,21,4,0.0017214922004112183
95,21,5,0.0016245679159774557
95,21,6,0.0017107603117877768
95,21,7,0.0018030186567012435
95,21,8,0.009405578105261282
95,21,9,0.0023874425983488206
95,21,10,0.005895479182472724
95,22,1,0.0025809801191487387
95,22,2,0.004523186661351779
95,22,3,0.0015331786431097443
95,22,4,0.0017352236590559961
95,22,5,0.0019259802040217523
95,22,6,0.0019164768343110457
95,22,7,0.003219646492956657
95,22,8,0.009733618469637311
95,22,9,0.0016980455489273194
95,22,10,0.0032397170398719265
95,23,1,0.0025910890284425495
95,23,2,0.0037645290187989303
95,23,3,0.0021914738819961295
95,23,4,0.0017364232453755464
95,23,5,0.0015747047996036384
95,23,6,0.0019558419255634794
95,23,7,0.0014560034689256507
95,23,8,0.009155731173718084
95,23,9,0.001699408305972269
95,23,10,0.0048209022347376115
95,24,1,0.0026608859151135153
95,24,2,0.0017102782856652364
95,24,3,0.002111093090933472
95,24,4,0.0024254763265631647
95,24,5,0.0013311028596259087
95,24,6,0.0010836102305196867
95,24,7,0.001315813208344615
95,24,8,0.006020413902415137
95,24,9,0.0023773153829081462
95,24,10,0.0014909326142492742
96,1,1,0.0012872411981916755
96,1,2,0.002951147984573789
96,1,3,0.0015215727390542198
96,1,4,0.0016977446628317226
96,1,5,0.0011770287800870183
96,1,6,0.0010946074667149397
96,1,7,0.001347811759619732
96,1,8,0.010956193691360706
96,1,9,0.00167094865530601
96,1,10,0.0010623958983833827
96,2,1,0.008878477296177818
96,2,2,0.0037647235705343175
96,2,3,0.001528242920493629
96,2,4,0.0012217574103733579
96,2,5,0.001565267566287858
96,2,6,0.0014066469816552958
96,2,7,0.009100483705256384
96,2,8,0.0047581816621663315
96,2,9,0.009914894955327993
96,2,10,0.008156976549445437
96,3,1,0.0013242582585449502
96,3,2,0.0008963750235092543
96,3,3,0.0011061400567685038
96,3,4,0.00173063216082573
96,3,5,0.0015713160787032224
96,3,6,0.0009867813206308116
96,3,7,0.0013734893798142708
96,3,8,0.007825641704429547
96,3,9,0.0017051055727318378
96,3,10,0.001019569202834467
96,4,1,0.0013459401624494511
96,4,2,0.0009376358836346033
96,4,3,0.0015624898819977054
96,4,4,0.0017306312969761625
96,4,5,0.001559243295919205
96,4,6,0.001137400590024221
96,4,7,0.001029133378262038
96,4,8,0.007332775581098664
96,4,9,0.0017051085066788333
96,4,10,0.0008101754060544711
96,5,1,0.00901041163809475
96,5,2,0.008174848481663952
96,5,3,0.0015419485531686953
96,5,4,0.001215002046278078
96,5,5,0.00152575998150084
96,5,6,0.00917564789276261
96,5,7,0.0010136852233004945
96,5,8,0.008788782352106955
96,5,9,0.009944488946263654
96,5,10,0.001156068653716212
96,6,1,0.0013532118412632006
96,6,2,0.001137466559603389
96,6,3,0.001586115094737868
96,6,4,0.0017495570693271333
96,6,5,0.001510369053793506
96,6,6,0.001399956761431195
96,6,7,0.0012998516281936682
96,6,8,0.010872247486703844
96,6,9,0.0017247800563806905
96,6,10,0.00272571189490047
96,7,1,0.009493355275345594
96,7,2,0.008664851447881598
96,7,3,0.001990953968464914
96,7,4,0.0012309022093588506
96,7,5,0.009347508152879668
96,7,6,0.009426952539223397
96,7,7,0.008760046917868688
96,7,8,0.013239982014081428
96,7,9,0.0013182099693243373
96,7,10,0.007780473176854075
96,8,1,0.0015347624809992843
96,8,2,0.0012025057042569813
96,8,3,0.0015651237382334742
96,8,4,0.0012103251846929547
96,8,5,0.0010990693297425716
96,8,6,0.0010288061147969492
96,8,7,0.0010618014325059946
96,8,8,0.004438592997657183
96,8,9,0.0017057203498021625
96,8,10,0.003849625047305789
96,9,1,0.003296147797577774
96,9,2,0.006653050951457039
96,9,3,0.007112241954150563
96,9,4,0.0063918370599361195
96,9,5,0.007983278039840627
96,9,6,0.00828294431939749
96,9,7,0.003092096230362743
96,9,8,0.00309209622384179
96,9,9,0.009350161997289986
96,9,10,0.003092096228291276
96,10,1,0.002422031707308485
96,10,2,0.0006910297954479587
96,10,3,0.002131436335088692
96,10,4,0.0023151953513645147
96,10,5,0.0010370845611211762
96,10,6,0.0011694706310659076
96,10,7,0.0013491145451830025
96,10,8,0.004677964624279254
96,10,9,0.002350386279634188
96,10,10,0.0009114664690894752
96,11,1,0.003350100950668436
96,11,2,0.0005875314813032253
96,11,3,0.002956532477024389
96,11,4,0.0031422709050152467
96,11,5,0.0025143620265199672
96,11,6,0.0025821304761467333
96,11,7,0.002045584771335615
96,11,8,0.0005875314847435275
96,11,9,0.0016496747858643873
96,11,10,0.0018859816125392263
96,12,1,0.0033682840680496094
96,12,2,0.0017684708434695853
96,12,3,0.002870186073821789
96,12,4,0.0030647301354140926
96,12,5,0.0010306300774196547
96,12,6,0.0011381467015107378
96,12,7,0.002253142557170875
96,12,8,0.0009412288987312999
96,12,9,0.0030615717307672773
96,12,10,0.002108872294086883
96,13,1,0.003368041771959417
96,13,2,0.005451571959673446
96,13,3,0.0028452517999049236
96,13,4,0.0030466449741051393
96,13,5,0.0026802634640814512
96,13,6,0.0026853946910388284
96,13,7,0.002340221247083456
96,13,8,0.0017895643324039939
96,13,9,0.003042159299770292
96,13,10,0.002063424967504793
96,14,1,0.003391259765197186
96,14,2,0.0018606628733811579
96,14,3,0.002889905311408218
96,14,4,0.0030924244761521007
96,14,5,0.0012475104699398434
96,14,6,0.0028476938512110883
96,14,7,0.000906709161599175
96,14,8,0.0009067091310085955
96,14,9,0.0030856743470403488
96,14,10,0.0020967187494195334
96,15,1,0.003080369157926257
96,15,2,0.0006495779346374792
96,15,3,0.0024882139315689444
96,15,4,0.002711583192809189
96,15,5,0.0010872880953123835
96,15,6,0.0009829167739055106
96,15,7,0.0010524073369880178
96,15,8,0.0006495780022147035
96,15,9,0.002744481389651985
96,15,10,0.000665909673017822
96,16,1,0.0019418646412010909
96,16,2,0.0006697396466793843
96,16,3,0.001472224956912757
96,16,4,0.0016498742186051042
96,16,5,0.001111186483359044
96,16,6,0.0010484084186796305
96,16,7,0.001105695328419037
96,16,8,0.004872601229926934
96,16,9,0.0016250050281055375
96,16,10,0.0008578485253819006
96,17,1,0.0019643641438165703
96,17,2,0.005078520666320426
96,17,3,0.0014278733529214608
96,17,4,0.0016204077030963287
96,17,5,0.0011281208065242222
96,17,6,0.0016457409614311573
96,17,7,0.0016204966329744603
96,17,8,0.00902718471536392
96,17,9,0.0011625681155773772
96,17,10,0.006281236970968639
96,18,1,0.001945959370405508
96,18,2,0.005422152735207357
96,18,3,0.0013979472045158212
96,18,4,0.0015975273915937677
96,18,5,0.0014053172555384171
96,18,6,0.0015979515580709933
96,18,7,0.0025613661805371055
96,18,8,0.010184425401329753
96,18,9,0.0028048099735891673
96,18,10,0.005046855190773986
96,19,1,0.0018863418382302137
96,19,2,0.006042704986935785
96,19,3,0.009378717492602811
96,19,4,0.001655446223714651
96,19,5,0.0025327418765473068
96,19,6,0.007308406986874917
96,19,7,0.003992854413239606
96,19,8,0.012205751460018325
96,19,9,0.0017976681119748741
96,19,10,0.005932757428066256
96,20,1,0.010318821002345711
96,20,2,0.012174085526631167
96,20,3,0.010282600502619673
96,20,4,0.009843193026277314
96,20,5,0.010234982961375618
96,20,6,0.010904051561963194
96,20,7,0.011090432372441072
96,20,8,0.015746360971404617
96,20,9,0.00977131902025662
96,20,10,0.012135685870778883
96,21,1,0.0011588245836952604
96,21,2,0.002794027981613993
96,21,3,0.0018642188237740713
96,21,4,0.0011929802696999494
96,21,5,0.0011327094648680568
96,21,6,0.0012271208572017678
96,21,7,0.0013236366952838958
96,21,8,0.00930076712298965
96,21,9,0.0016034085238018033
96,21,10,0.005670903339415633
96,22,1,0.0017217558430611078
96,22,2,0.004205912091580295
96,22,3,0.0010757202236759739
96,22,4,0.0012015057215487017
96,22,5,0.0013196314608743013
96,22,6,0.0014162176496969126
96,22,7,0.002736809833820422
96,22,8,0.0096095755558928
96,22,9,0.0011784155267664039
96,22,10,0.00284817149362658
96,23,1,0.0017279281835720778
96,23,2,0.003532632669780981
96,23,3,0.001483198991208471
96,23,4,0.001202250358658021
96,23,5,0.0011016356776998536
96,23,6,0.0015646586124953303
96,23,7,0.0010274620322300798
96,23,8,0.009138939477702293
96,23,9,0.001179262313924899
96,23,10,0.0046400434505517365
96,24,1,0.0017705216043674178
96,24,2,0.0014536251864104403
96,24,3,0.0014337699227728374
96,24,4,0.0016266934711507278
96,24,5,0.0009490741633100201
96,24,6,0.0007924911817062681
96,24,7,0.000939451917048572
96,24,8,0.0059285948725358514
96,24,9,0.0015972060850738786
96,24,10,0.0012132846798594346
97,1,1,0.00421020556849839
97,1,2,0.0051347554173750976
97,1,3,0.004904210850512425
97,1,4,0.005423185444595615
97,1,5,0.003882016131424214
97,1,6,0.00363569386739794
97,1,7,0.004390053352262528
97,1,8,0.012756022598041459
97,1,9,0.0053443827865964876
97,1,10,0.003539198109397808
97,2,1,0.02600808714798715
97,2,2,0.006354491421403098
97,2,3,0.00492389991320179
97,2,4,0.004015362542173409
97,2,5,0.005033129899158218
97,2,6,0.004564428131073403
97,2,7,0.026638934775166784
97,2,8,0.01426703026602257
97,2,9,0.02895237142566622
97,2,10,0.023957113123232218
97,3,1,0.004320158722141589
97,3,2,0.0030394987990811175
97,3,3,0.003670209514630743
97,3,4,0.005519840822613122
97,3,5,0.005050964770012628
97,3,6,0.003312125569563456
97,3,7,0.004466193739218108
97,3,8,0.009382261474857831
97,3,9,0.0054448247490559674
97,3,10,0.003410687717367283
97,4,1,0.004384501286265424
97,4,2,0.0031640877669471728
97,4,3,0.005024938633344227
97,4,4,0.005519838283921007
97,4,5,0.005015363898578594
97,4,6,0.0037636858014097074
97,4,7,0.0034394089984466887
97,4,8,0.008747400875408061
97,4,9,0.005444833363846967
97,4,10,0.002778232139278521
97,5,1,0.026383000502935412
97,5,2,0.024007932812589356
97,5,3,0.0049643458978088535
97,5,4,0.003995237961589851
97,5,5,0.004916571158655259
97,5,6,0.026852496968921606
97,5,7,0.0033930116081994704
97,5,8,0.013551781286085748
97,5,9,0.029036416938752266
97,5,10,0.003525587827040616
97,6,1,0.004406070837036949
97,6,2,0.003763882819095888
97,6,3,0.005094590816975764
97,6,4,0.005575430678581785
97,6,5,0.004871132259075373
97,6,6,0.0045446150001412075
97,6,7,0.004247677586459978
97,6,8,0.012776859427213929
97,6,9,0.005502646524826921
97,6,10,0.0051215563106871
97,7,1,0.027755075419634477
97,7,2,0.02540095401906072
97,7,3,0.0044935850882886885
97,7,4,0.004042599678392296
97,7,5,0.027340759245755093
97,7,6,0.02756644600304029
97,7,7,0.02567151588735457
97,7,8,0.01486497200900592
97,7,9,0.004124847446758218
97,7,10,0.02288629203668411
97,8,1,0.004943141189629624
97,8,2,0.0035962035975458943
97,8,3,0.005032705774472793
97,8,4,0.003981301880210023
97,8,5,0.0036490496644559214
97,8,6,0.003438426126544421
97,8,7,0.003537416020956106
97,8,8,0.013351706383331429
97,8,9,0.005446631896315874
97,8,10,0.0054743060624317845
97,9,1,0.010068641496443303
97,9,2,0.01967679123824684
97,9,3,0.014791368649665222
97,9,4,0.012251335054629981
97,9,5,0.023463145974597602
97,9,6,0.024315289818676082
97,9,7,0.009479877418854298
97,9,8,0.009479877393583573
97,9,9,0.027348298498114237
97,9,10,0.009479877411853846
97,10,1,0.007539181116828923
97,10,2,0.002414547984099053
97,10,3,0.006693052813863675
97,10,4,0.0072284791490334205
97,10,5,0.003463276719672436
97,10,6,0.003859461395657096
97,10,7,0.004393917851010328
97,10,8,0.005628548913719384
97,10,9,0.007330867049649721
97,10,10,0.0030851014460743995
97,11,1,0.01022417221128376
97,11,2,0.0020956276517367467
97,11,3,0.00908821266293839
97,11,4,0.009624732850977903
97,11,5,0.007807377362086406
97,11,6,0.00800405065275532
97,11,7,0.006442418370458335
97,11,8,0.0020956276518389536
97,11,9,0.0052817869966261255
97,11,10,0.0059755532332227135
97,12,1,0.010276575770376533
97,12,2,0.005630966476636058
97,12,3,0.00883851241138948
97,12,4,0.009400846985910467
97,12,5,0.0034439024332872724
97,12,6,0.00376591538875418
97,12,7,0.00704782330196218
97,12,8,0.003174923670277891
97,12,9,0.009391724671681619
97,12,10,0.006627211080521145
97,13,1,0.010275877522073013
97,13,2,0.01624960140773217
97,13,3,0.008766371199782958
97,13,4,0.009348609486817592
97,13,5,0.008288595447115583
97,13,6,0.00830346601280922
97,13,7,0.007301296596580569
97,13,8,0.005692877796011513
97,13,9,0.00933565179321325
97,13,10,0.006494528063023798
97,14,1,0.010342782344659724
97,14,2,0.005901373109319064
97,14,3,0.008895553967028751
97,14,4,0.009480825222987332
97,14,5,0.004092042163888496
97,14,6,0.008773437414163388
97,14,7,0.003070730291439328
97,14,8,0.0030707301876024824
97,14,9,0.009461333214232866
97,14,10,0.006591737885248153
97,15,1,0.00944601294250674
97,15,2,0.0022871944370481817
97,15,3,0.007731452595319059
97,15,4,0.008379349884779957
97,15,5,0.003613779104252838
97,15,6,0.0033004980923522676
97,15,7,0.003509247776562181
97,15,8,0.0022871945009150015
97,15,9,0.008474648176599578
97,15,10,0.002337427192707694
97,16,1,0.006139163707278017
97,16,2,0.0023491963712838
97,16,3,0.004758440759750514
97,16,4,0.005282373950307783
97,16,5,0.003685307625895083
97,16,6,0.00349725340703612
97,16,7,0.003668878800110104
97,16,8,0.006028707343607051
97,16,9,0.00520916199682934
97,16,10,0.002922899543408943
97,17,1,0.006204991539235786
97,17,2,0.007200902613977283
97,17,3,0.004627265168700589
97,17,4,0.00519562350405614
97,17,5,0.0037359495195007832
97,17,6,0.0052702089888917265
97,17,7,0.004172305067139327
97,17,8,0.010981151059301949
97,17,9,0.0038388574905767734
97,17,10,0.008296788309392964
97,18,1,0.006151145752827658
97,18,2,0.008055934843474246
97,18,3,0.0045386628090499015
97,18,4,0.005128222678704777
97,18,5,0.0045604904695652915
97,18,6,0.0051294725145062565
97,18,7,0.005556194485222168
97,18,8,0.01261989587720244
97,18,9,0.005769750719508364
97,18,10,0.007714931658277085
97,19,1,0.0059766084409344855
97,19,2,0.009126451860022144
97,19,3,0.027429420540902593
97,19,4,0.005298771709115213
97,19,5,0.006090666049605034
97,19,6,0.010315032727350692
97,19,7,0.0073231599876046344
97,19,8,0.015027693341114576
97,19,9,0.0053834581724071
97,19,10,0.009026252197039704
97,20,1,0.030099399847344634
97,20,2,0.030761739317040945
97,20,3,0.02899997833694629
97,20,4,0.028748736210326552
97,20,5,0.029013850855372704
97,20,6,0.02960305587538741
97,20,7,0.02978298630735519
97,20,8,0.03385427383311708
97,20,9,0.028544604645018384
97,20,10,0.030727457957717263
97,21,1,0.0038276808281005104
97,21,2,0.005115558506574665
97,21,3,0.004346961568626658
97,21,4,0.003929596820565895
97,21,5,0.0037496658005204057
97,21,6,0.0038082832766562612
97,21,7,0.0038884127393316904
97,21,8,0.011154118895744714
97,21,9,0.0051455507502759
97,21,10,0.007706501860435865
97,22,1,0.0054937601664980925
97,22,2,0.006257601583968535
97,22,3,0.0035791299973259457
97,22,4,0.003955015246963697
97,22,5,0.004306422738397682
97,22,6,0.003862159775307301
97,22,7,0.004938596874081586
97,22,8,0.01144015524908203
97,22,9,0.0038861537225172585
97,22,10,0.005053768997505318
97,23,1,0.00551189643372791
97,23,2,0.005577760970564551
97,23,3,0.004790873620704624
97,23,4,0.0039572349856562
97,23,5,0.0036567304623681637
97,23,6,0.004652236963530228
97,23,7,0.0034343908450321027
97,23,8,0.010842175445352919
97,23,9,0.003888680127734973
97,23,10,0.00657190707929955
97,24,1,0.005636986801018272
97,24,2,0.0032586690196117
97,24,3,0.0046447142671310815
97,24,4,0.005214133887269656
97,24,5,0.0031985764316482743
97,24,6,0.002724453309983892
97,24,7,0.003169564887416464
97,24,8,0.007360292693971074
97,24,9,0.005127275900115836
97,24,10,0.003070158655141145
98,1,1,9.267312798190672e-6
98,1,2,0.00030829773710176
98,1,3,9.26731241353629e-6
98,1,4,9.267312195576672e-6
98,1,5,9.267297604778518e-6
98,1,6,9.267313648569146e-6
98,1,7,9.267312712733063e-6
98,1,8,0.0018296888607167647
98,1,9,9.267312320051433e-6
98,1,10,9.26734505316618e-6
98,2,1,9.267309724330828e-6
98,2,2,0.0033003925660932206
98,2,3,9.26731662979162e-6
98,2,4,9.267299853681174e-6
98,2,5,9.267316168086305e-6
98,2,6,9.267318036217905e-6
98,2,7,9.267309625343938e-6
98,2,8,9.26726104325888e-6
98,2,9,9.26730916189452e-6
98,2,10,9.267310017794064e-6
98,3,1,9.267318146782273e-6
98,3,2,9.267568519377662e-6
98,3,3,9.26730150325414e-6
98,3,4,9.267317573416416e-6
98,3,5,9.267317793632961e-6
98,3,6,9.267301493432416e-6
98,3,7,9.267318107572203e-6
98,3,8,0.004415396285855753
98,3,9,9.26731759918895e-6
98,3,10,9.26731934961119e-6
98,4,1,9.267316552520803e-6
98,4,2,9.267318321533372e-6
98,4,3,9.26731625954161e-6
98,4,4,9.267316035866152e-6
98,4,5,9.267316322967766e-6
98,4,6,9.267316822609444e-6
98,4,7,9.26730084369429e-6
98,4,8,0.004119058914005232
98,4,9,9.26731607146114e-6
98,4,10,9.267301254827253e-6
98,5,1,9.267307832120876e-6
98,5,2,9.267308231563375e-6
98,5,3,9.26731377342739e-6
98,5,4,9.267298253995099e-6
98,5,5,9.267313873589704e-6
98,5,6,9.267307746748862e-6
98,5,7,9.267299082237137e-6
98,5,8,9.26725813374781e-6
98,5,9,9.26730739835548e-6
98,5,10,0.00038973433485576517
98,6,1,9.267309546045314e-6
98,6,2,9.267460385057359e-6
98,6,3,9.267308481996862e-6
98,6,4,9.267308276630898e-6
98,6,5,9.267308768048906e-6
98,6,6,9.267309037723571e-6
98,6,7,9.267310112404138e-6
98,6,8,0.0061491425975570045
98,6,9,9.26730836931525e-6
98,6,10,0.0018295125150531247
98,7,1,9.26729903355969e-6
98,7,2,9.26725668435685e-6
98,7,3,9.267291232791594e-6
98,7,4,9.267291109390848e-6
98,7,5,9.267299121665013e-6
98,7,6,9.267299056577024e-6
98,7,7,9.267299360476244e-6
98,7,8,9.267255596192157e-6
98,7,9,9.267291103958568e-6
98,7,10,9.267258435123744e-6
98,8,1,9.267306414859268e-6
98,8,2,0.0004533272734709626
98,8,3,9.26730638113893e-6
98,8,4,9.26729326403137e-6
98,8,5,9.267294815981936e-6
98,8,6,9.267293478473417e-6
98,8,7,9.267309348556107e-6
98,8,8,9.267258013435522e-6
98,8,9,9.267306238384748e-6
98,8,10,9.26725576419045e-6
98,9,1,9.267310898541777e-6
98,9,2,9.267295272722982e-6
98,9,3,0.004981729438972693
98,9,4,0.004191612585304549
98,9,5,9.267307467797607e-6
98,9,6,9.267307228701748e-6
98,9,7,9.267313730974628e-6
98,9,8,9.267265861679732e-6
98,9,9,9.267306727488041e-6
98,9,10,9.267315427564374e-6
98,10,1,9.267322101030524e-6
98,10,2,9.267348696917689e-6
98,10,3,9.26732245132037e-6
98,10,4,9.267322243672096e-6
98,10,5,9.26731048383759e-6
98,10,6,9.26732399331975e-6
98,10,7,9.267323630469192e-6
98,10,8,9.267470405852816e-6
98,10,9,9.267322186544587e-6
98,10,10,9.267324645068191e-6
98,11,1,9.267330142110759e-6
98,11,2,9.267343963745105e-6
98,11,3,9.267330565300921e-6
98,11,4,9.267330381074723e-6
98,11,5,9.267331116701584e-6
98,11,6,9.26733095401109e-6
98,11,7,9.267331695315724e-6
98,11,8,9.267361211082063e-6
98,11,9,9.267332546621196e-6
98,11,10,9.267331904191906e-6
98,12,1,9.267332297640362e-6
98,12,2,9.26733432258327e-6
98,12,3,9.267332866077622e-6
98,12,4,9.267332649529776e-6
98,12,5,9.267320657276823e-6
98,12,6,9.267335675544269e-6
98,12,7,9.267333615656947e-6
98,12,8,9.267343522848642e-6
98,12,9,9.267332655013424e-6
98,12,10,9.267333795772628e-6
98,13,1,9.267332298959667e-6
98,13,2,9.26732993514729e-6
98,13,3,9.267332895766533e-6
98,13,4,9.26733267261621e-6
98,13,5,9.267333109082135e-6
98,13,6,9.267333032046437e-6
98,13,7,9.267333495632637e-6
98,13,8,9.26734186785567e-6
98,13,9,9.26733269266264e-6
98,13,10,9.267333855643392e-6
98,14,1,9.26733153335849e-6
98,14,2,9.267333433101756e-6
98,14,3,9.267332099582663e-6
98,14,4,9.267331891320134e-6
98,14,5,9.26733478464682e-6
98,14,6,9.267332095486832e-6
98,14,7,9.267319465931449e-6
98,14,8,9.267350988850957e-6
98,14,9,9.267331894095628e-6
98,14,10,9.267333040124593e-6
98,15,1,9.267325033793835e-6
98,15,2,9.267344297354425e-6
98,15,3,9.267325708609304e-6
98,15,4,9.267325465420029e-6
98,15,5,9.267312570095245e-6
98,15,6,9.267311012633188e-6
98,15,7,9.26732806020582e-6
98,15,8,9.267539765546357e-6
98,15,9,9.267325421706232e-6
98,15,10,9.26731337515629e-6
98,16,1,9.267317112183878e-6
98,16,2,9.267573108123546e-6
98,16,3,9.267317798436156e-6
98,16,4,9.267317706394727e-6
98,16,5,9.267304004801855e-6
98,16,6,9.267302453617115e-6
98,16,7,9.26731862970521e-6
98,16,8,0.004394627004421184
98,16,9,9.26731772884504e-6
98,16,10,9.267320700424461e-6
98,17,1,9.267294582607114e-6
98,17,2,0.00027937930068477467
98,17,3,9.267295247438422e-6
98,17,4,9.267294918513265e-6
98,17,5,9.267284444171118e-6
98,17,6,9.267294844367476e-6
98,17,7,0.0006607994593940097
98,17,8,0.0009924096914332011
98,17,9,9.2672838822625e-6
98,17,10,9.267252399835988e-6
98,18,1,9.267275408344198e-6
98,18,2,0.004430625796585327
98,18,3,9.267496611487728e-6
98,18,4,9.267276876802247e-6
98,18,5,9.267278091392192e-6
98,18,6,9.267276986021058e-6
98,18,7,0.0015828442194854666
98,18,8,0.0007017249888070965
98,18,9,9.267268004403425e-6
98,18,10,0.004054353482170453
98,19,1,9.267265508558657e-6
98,19,2,0.004810326958563389
98,19,3,9.267243896811867e-6
98,19,4,9.26727032177009e-6
98,19,5,0.0011624417090919806
98,19,6,9.267246011086419e-6
98,19,7,0.0027452344238814066
98,19,8,0.0005537031839687856
98,19,9,0.00021810152370132054
98,19,10,0.004698916860614832
98,20,1,9.267260634858027e-6
98,20,2,0.0033371381669627365
98,20,3,0.0008312097287220203
98,20,4,9.267261713894979e-6
98,20,5,0.0007639333405307934
98,20,6,0.0016748384939540622
98,20,7,0.001970750113441626
98,20,8,0.00462404248554932
98,20,9,9.267266985036475e-6
98,20,10,0.003297596632406543
98,21,1,9.267262364243806e-6
98,21,2,0.001959676955441714
98,21,3,9.267263646974933e-6
98,21,4,9.267263443431894e-6
98,21,5,9.267280600217366e-6
98,21,6,0.00015526924337390619
98,21,7,0.0002944539985470687
98,21,8,0.0052200042411629085
98,21,9,9.267269631433574e-6
98,21,10,0.00012763439661354353
98,22,1,9.267282087633428e-6
98,22,2,0.0003558094321569766
98,22,3,9.267273568803105e-6
98,22,4,9.267272676457912e-6
98,22,5,9.267282225064502e-6
98,22,6,0.0005567478178882582
98,22,7,9.267254327423662e-6
98,22,8,0.0013501906333806164
98,22,9,9.267272692202538e-6
98,22,10,0.002118526259648591
98,23,1,9.26729218288236e-6
98,23,2,0.002782290608005747
98,23,3,9.267291859834668e-6
98,23,4,9.267281133957834e-6
98,23,5,9.267282794793699e-6
98,23,6,0.0007327492071217676
98,23,7,9.267315999157615e-6
98,23,8,0.0015538076818496815
98,23,9,9.267281118836063e-6
98,23,10,9.267252616629281e-6
98,24,1,9.267304396683826e-6
98,24,2,0.0008312532784028392
98,24,3,9.267304549932764e-6
98,24,4,9.267304648522293e-6
98,24,5,9.267305898892193e-6
98,24,6,9.267291970044409e-6
98,24,7,9.267306308543772e-6
98,24,8,0.001598218587029116
98,24,9,9.267304712951787e-6
98,24,10,0.0005819610323214641
99,1,1,2.572536872006255e-6
99,1,2,0.00021733696871230977
99,1,3,1.699651267389768e-7
99,1,4,1.178501251703587e-6
99,1,5,8.027692667720273e-5
99,1,6,1.460607421887191e-7
99,1,7,2.5084606641624404e-6
99,1,8,0.0030319990820159358
99,1,9,1.1460352690747624e-6
99,1,10,6.933746217638238e-6
99,2,1,0.007690663506645628
99,2,2,0.0026292791451716885
99,2,3,2.378097009863693e-7
99,2,4,8.027692672235204e-5
99,2,5,6.571644414818103e-7
99,2,6,6.034630236810585e-7
99,2,7,0.0077415683569429655
99,2,8,0.004330126606463493
99,2,9,0.008203911567285952
99,2,10,0.007443818173437801
99,3,1,1.3965339169831601e-6
99,3,2,7.10374756150891e-5
99,3,3,8.027692779560067e-5
99,3,4,2.2744006814222413e-6
99,3,5,5.302839225044859e-7
99,3,6,8.027692831195026e-5
99,3,7,1.6309382740814935e-6
99,3,8,0.004497985067794051
99,3,9,2.231761024481257e-6
99,3,10,9.682681866543192e-6
99,4,1,8.785678738239684e-7
99,4,2,6.078085298099381e-5
99,4,3,7.610895667504323e-7
99,4,4,2.274399948760845e-6
99,4,5,7.975073412905311e-7
99,4,6,7.221309161940631e-7
99,4,7,8.027692786971364e-5
99,4,8,0.004169783735287708
99,4,9,2.2317605989704753e-6
99,4,10,8.027692669256183e-5
99,5,1,0.007789669224566148
99,5,2,0.006877591706366906
99,5,3,4.123574490889906e-7
99,5,4,8.027692766363843e-5
99,5,5,1.832386681740576e-6
99,5,6,0.008103207363474944
99,5,7,8.027692670075646e-5
99,5,8,8.027692820267729e-5
99,5,9,0.00823055796495323
99,5,10,0.0002711698606277715
99,6,1,7.323593018526516e-7
99,6,2,2.4141993642953126e-5
99,6,3,1.2891936442558439e-6
99,6,4,3.0609837583096724e-6
99,6,5,2.4556557489949313e-6
99,6,6,4.997601672717433e-7
99,6,7,4.68431466915056e-6
99,6,8,0.009644905723527716
99,6,9,3.01313708485664e-6
99,6,10,0.0011425671413078508
99,7,1,0.008151040810982496
99,7,2,0.007284444528260908
99,7,3,8.02769228159528e-5
99,7,4,8.027692416851496e-5
99,7,5,0.007585137416326706
99,7,6,0.008271851981276668
99,7,7,0.007471165401605351
99,7,8,8.027692502812234e-5
99,7,9,8.027692310933229e-5
99,7,10,0.007188229283501765
99,8,1,1.6373296803576131e-6
99,8,2,0.0003281596353083912
99,8,3,1.1306036211072658e-6
99,8,4,8.027692484075635e-5
99,8,5,8.027692527937562e-5
99,8,6,8.027692416515594e-5
99,8,7,2.3041861580221913e-5
99,8,8,0.004330126617072586
99,8,9,2.7872461329128544e-6
99,8,10,8.027692434801659e-5
99,9,1,0.0011532554875962999
99,9,2,0.006381008322477208
99,9,3,0.004124870007891995
99,9,4,0.003445844850251277
99,9,5,0.007058869782213911
99,9,6,0.007902808006264505
99,9,7,0.001203731766734478
99,9,8,0.0031009280430184176
99,9,9,0.008367958604974529
99,9,10,0.0017050361264299239
99,10,1,0.0004101389187470517
99,10,2,0.00012231127619365066
99,10,3,0.0003006141060550627
99,10,4,0.00032175619839637883
99,10,5,8.027693131174871e-5
99,10,6,1.5396632761192328e-6
99,10,7,8.150876964586704e-5
99,10,8,8.027713510904874e-5
99,10,9,0.0003563080062320315
99,10,10,1.4086968263488226e-5
99,11,1,0.0010973056965559648
99,11,2,0.00015572176485869666
99,11,3,0.0009315386682243222
99,11,4,0.0009353098122167798
99,11,5,0.0006117632230186537
99,11,6,0.0009374286731819909
99,11,7,0.0005157975687163508
99,11,8,2.3852392674148702e-5
99,11,9,2.6668660578484643e-6
99,11,10,0.0005089863007364679
99,12,1,0.001096913629010393
99,12,2,0.00043124534594478147
99,12,3,0.0008867369588732727
99,12,4,0.0008900609291239961
99,12,5,8.027693488053245e-5
99,12,6,2.0961712990434207e-6
99,12,7,0.0006697289704357123
99,12,8,0.00024798861310198307
99,12,9,0.0009120128836587459
99,12,10,0.0007309550499791986
99,13,1,0.0010985332217038131
99,13,2,0.005700971802905734
99,13,3,0.0008786759120133569
99,13,4,0.0008821194977058722
99,13,5,0.0007127610156306238
99,13,6,0.0009660480338489137
99,13,7,0.0007103707237768367
99,13,8,0.0011017201946721229
99,13,9,0.0009040195760695307
99,13,10,0.0007252791730062372
99,14,1,0.0011203687192860496
99,14,2,0.0004810055714052532
99,14,3,0.0009081923384975141
99,14,4,0.0009121138282572483
99,14,5,2.2565809635991732e-5
99,14,6,0.0010384998429883417
99,14,7,8.027693440687329e-5
99,14,8,0.0002007314838888167
99,14,9,0.0009326465346517554
99,14,10,0.0007567994053517378
99,15,1,0.0008420016413198171
99,15,2,0.0001457119467297499
99,15,3,0.0005619323847980571
99,15,4,0.0005942914356069365
99,15,5,8.027693212365645e-5
99,15,6,8.02769313927163e-5
99,15,7,2.4538922324860696e-5
99,15,8,2.7216253142694548e-6
99,15,9,0.0006397584213657585
99,15,10,8.027693216825013e-5
99,16,1,2.9789998916067703e-5
99,16,2,0.00014082237357157399
99,16,3,4.6220999324167043e-8
99,16,4,8.178744842192733e-7
99,16,5,8.02769282342701e-5
99,16,6,8.027692806488913e-5
99,16,7,1.972634668948563e-5
99,16,8,0.004578511256863423
99,16,9,7.902514791862297e-7
99,16,10,2.230671794885915e-5
99,17,1,2.9081800670561442e-5
99,17,2,0.00021154638531301303
99,17,3,3.5624600910295797e-7
99,17,4,2.5179981029610907e-8
99,17,5,8.027692203053804e-5
99,17,6,8.993416698155221e-6
99,17,7,0.0004075633972282982
99,17,8,0.0016553501066898875
99,17,9,8.027692215399129e-5
99,17,10,8.02769208290727e-5
99,18,1,2.6739732522792803e-5
99,18,2,0.0027515186087192045
99,18,3,1.0349006991406597e-6
99,18,4,5.1839803682961706e-8
99,18,5,9.320330647685645e-6
99,18,6,6.594595591081638e-6
99,18,7,0.0009100861226853604
99,18,8,0.0007301032460157516
99,18,9,8.027691429178038e-5
99,18,10,0.002504891026556965
99,19,1,2.1267019594637797e-5
99,19,2,0.004686690407759675
99,19,3,0.007957416706116285
99,19,4,2.872997596627904e-7
99,19,5,0.0007116497318935913
99,19,6,8.027691024907052e-5
99,19,7,0.001689462615018114
99,19,8,0.0007632857133455345
99,19,9,0.00013061321446669553
99,19,10,0.004566418236933922
99,20,1,0.00876513021311595
99,20,2,0.010201026971344274
99,20,3,0.00876303155917862
99,20,4,0.008077742628641782
99,20,5,0.008299397176461715
99,20,6,0.00965154765140255
99,20,7,0.009442365539127019
99,20,8,0.013602402367503862
99,20,9,0.008074716735801134
99,20,10,0.0108716516036152
99,21,1,8.02769138198505e-5
99,21,2,0.0012180702315716366
99,21,3,8.02769120700318e-5
99,21,4,8.027691417773129e-5
99,21,5,8.027692839942876e-5
99,21,6,9.357196790867732e-5
99,21,7,0.00018193978023227809
99,21,8,0.0052254272292605475
99,21,9,4.865963427243202e-8
99,21,10,0.00012641733392281394
99,22,1,9.113687258426554e-6
99,22,2,0.00025567731079161895
99,22,3,8.02769170398315e-5
99,22,4,8.027691804530627e-5
99,22,5,1.8541117882278833e-5
99,22,6,0.00034384822336386154
99,22,7,8.027691678805745e-5
99,22,8,0.002271217354096241
99,22,9,8.027691671504017e-5
99,22,10,0.0013073604438652838
99,23,1,9.486400783924549e-6
99,23,2,0.001739547970930539
99,23,3,6.861119542057196e-10
99,23,4,8.027692055258505e-5
99,23,5,8.027692117068853e-5
99,23,6,0.0004356341983802376
99,23,7,3.23579087397037e-5
99,23,8,0.002557773039034892
99,23,9,8.027692045410793e-5
99,23,10,8.027691958000709e-5
99,24,1,1.2240273349725433e-5
99,24,2,0.0005645061857854245
99,24,3,3.562490143119335e-7
99,24,4,2.518531131584364e-8
99,24,5,3.6881620332593407e-5
99,24,6,8.027692437496951e-5
99,24,7,4.796448198838325e-5
99,24,8,0.0016402818276771926
99,24,9,2.0122516996585563e-8
99,24,10,0.00036687410049391023
100,1,1,6.7964655743188096e-6
100,1,2,0.0003044420635774138
100,1,3,6.796465178034833e-6
100,1,4,6.7964649572417185e-6
100,1,5,6.796450272064443e-6
100,1,6,6.796466466730384e-6
100,1,7,6.796465481930997e-6
100,1,8,0.0018360990551616063
100,1,9,6.7964650300785696e-6
100,1,10,6.796497856727354e-6
100,2,1,6.796462474790958e-6
100,2,2,0.0032930450273594668
100,2,3,6.796469465956537e-6
100,2,4,6.796452439089875e-6
100,2,5,6.7964689723646e-6
100,2,6,6.796470900865496e-6
100,2,7,6.796462371468638e-6
100,2,8,6.7964137014993745e-6
100,2,9,6.796461912833261e-6
100,2,10,6.796462766480871e-6
100,3,1,6.796470953246691e-6
100,3,2,6.796719082229313e-6
100,3,3,6.7964540945153405e-6
100,3,4,6.7964703699124955e-6
100,3,5,6.796470595589599e-6
100,3,6,6.796454081243698e-6
100,3,7,6.7964709114872185e-6
100,3,8,0.004396384824585062
100,3,9,6.796470398574501e-6
100,3,10,6.7964721284648785e-6
100,4,1,6.79646934666301e-6
100,4,2,6.796471168112278e-6
100,4,3,6.79646904943594e-6
100,4,4,6.796468832083336e-6
100,4,5,6.7964690541942186e-6
100,4,6,6.796469623021856e-6
100,4,7,6.796453519064981e-6
100,4,8,0.004097538343785613
100,4,9,6.796468864857673e-6
100,4,10,6.796453820924775e-6
100,5,1,6.796460577297727e-6
100,5,2,6.796460967786682e-6
100,5,3,6.796466537596102e-6
100,5,4,6.79645083779937e-6
100,5,5,6.7964666452078425e-6
100,5,6,6.7964604869336235e-6
100,5,7,6.796451661216645e-6
100,5,8,6.796410788523529e-6
100,5,9,6.796460141781044e-6
100,5,10,0.00038759485644274073
100,6,1,6.796462343984587e-6
100,6,2,6.796612544122044e-6
100,6,3,6.7964612292302286e-6
100,6,4,6.796461025392098e-6
100,6,5,6.796461472287542e-6
100,6,6,6.796461797453745e-6
100,6,7,6.79646293123844e-6
100,6,8,0.006150424570438202
100,6,9,6.796461066668679e-6
100,6,10,0.0018249309509554565
100,7,1,6.7964517282378285e-6
100,7,2,6.7964100868981745e-6
100,7,3,6.796443890362335e-6
100,7,4,6.796443495524066e-6
100,7,5,6.796451808079041e-6
100,7,6,6.796451750340271e-6
100,7,7,6.796452055058864e-6
100,7,8,6.79640825384525e-6
100,7,9,6.796443483237529e-6
100,7,10,6.796411294285024e-6
100,8,1,6.796459135522461e-6
100,8,2,0.0004510607289775134
100,8,3,6.796459108852067e-6
100,8,4,6.796445645007176e-6
100,8,5,6.796447189917386e-6
100,8,6,6.796445942711891e-6
100,8,7,6.796462096822826e-6
100,8,8,6.796410661812122e-6
100,8,9,6.7964589616519635e-6
100,8,10,6.7964082088681935e-6
100,9,1,6.796463652822821e-6
100,9,2,6.796448306028578e-6
100,9,3,0.004971456182314628
100,9,4,0.00418346016171686
100,9,5,6.796460198892437e-6
100,9,6,6.796459955419504e-6
100,9,7,6.796466513934382e-6
100,9,8,6.7964185920060135e-6
100,9,9,6.796459461342466e-6
100,9,10,6.796468224515455e-6
100,10,1,6.796474921420427e-6
100,10,2,6.7965016959866155e-6
100,10,3,6.796475274990166e-6
100,10,4,6.7964750603331e-6
100,10,5,6.796462863437102e-6
100,10,6,6.79647682659153e-6
100,10,7,6.796476466934994e-6
100,10,8,6.796618396040634e-6
100,10,9,6.796475005501577e-6
100,10,10,6.796477487860235e-6
100,11,1,6.79648270525823e-6
100,11,2,6.7964969317841476e-6
100,11,3,6.796483134466831e-6
100,11,4,6.796482948249858e-6
100,11,5,6.796483998292632e-6
100,11,6,6.796483834641423e-6
100,11,7,6.79648456770597e-6
100,11,8,6.796514220238569e-6
100,11,9,6.79648544585474e-6
100,11,10,6.7964847866412765e-6
100,12,1,6.796484878323327e-6
100,12,2,6.796487217411862e-6
100,12,3,6.796485452909022e-6
100,12,4,6.796485231018289e-6
100,12,5,6.796473036578636e-6
100,12,6,6.796488588848227e-6
100,12,7,6.796486188349324e-6
100,12,8,6.796496458541271e-6
100,12,9,6.796485232793825e-6
100,12,10,6.796486688529908e-6
100,13,1,6.796484875789269e-6
100,13,2,6.79648250338002e-6
100,13,3,6.796485479998079e-6
100,13,4,6.796485253315713e-6
100,13,5,6.796485683676677e-6
100,13,6,6.796485611940652e-6
100,13,7,6.796486072614271e-6
100,13,8,6.796494806178191e-6
100,13,9,6.796485275034019e-6
100,13,10,6.796486749257951e-6
100,14,1,6.796484107959508e-6
100,14,2,6.796486320902451e-6
100,14,3,6.796484674793419e-6
100,14,4,6.796484471684772e-6
100,14,5,6.796487684496804e-6
100,14,6,6.796484667898677e-6
100,14,7,6.796471832962164e-6
100,14,8,6.796503978846554e-6
100,14,9,6.7964844600872774e-6
100,14,10,6.796485932601764e-6
100,15,1,6.7964778734794195e-6
100,15,2,6.79649725271205e-6
100,15,3,6.796478553461797e-6
100,15,4,6.796478313249174e-6
100,15,5,6.796464936226773e-6
100,15,6,6.796463378466581e-6
100,15,7,6.7964809235256504e-6
100,15,8,6.7966906113629574e-6
100,15,9,6.7964782671788435e-6
100,15,10,6.796465746287333e-6
100,16,1,6.796470039944512e-6
100,16,2,6.796723269493848e-6
100,16,3,6.796470324627614e-6
100,16,4,6.7964705024378195e-6
100,16,5,6.796456372849394e-6
100,16,6,6.796454827232032e-6
100,16,7,6.796471376416189e-6
100,16,8,0.004395548460872003
100,16,9,6.796470533191933e-6
100,16,10,6.79647350044717e-6
100,17,1,6.796447258645421e-6
100,17,2,0.0002775047423583986
100,17,3,6.796447927420711e-6
100,17,4,6.79644759417659e-6
100,17,5,6.796436991057223e-6
100,17,6,6.796447528705354e-6
100,17,7,0.0006586082375804788
100,17,8,0.0009983552632351744
100,17,9,6.7964365135723195e-6
100,17,10,6.796404933303242e-6
100,18,1,6.796428042674591e-6
100,18,2,0.00272230418196549
100,18,3,6.796651611996255e-6
100,18,4,6.796429508660466e-6
100,18,5,6.796430726264596e-6
100,18,6,6.796429629690931e-6
100,18,7,0.0015747148154763365
100,18,8,0.0006982983160757449
100,18,9,6.7964201642858174e-6
100,18,10,0.004033957728646414
100,19,1,6.796417822151023e-6
100,19,2,0.004797792808427166
100,19,3,6.796396438359935e-6
100,19,4,6.796419964485535e-6
100,19,5,0.0011588693580698271
100,19,6,6.796396521062496e-6
100,19,7,0.0027384455523391336
100,19,8,0.0005550049973119645
100,19,9,0.00021616849762598153
100,19,10,0.004686503670495751
100,20,1,6.796413253910744e-6
100,20,2,0.003331480537799009
100,20,3,0.0008285154475211754
100,20,4,6.796414075568167e-6
100,20,5,0.0007610006064747513
100,20,6,0.0016707077620208572
100,20,7,0.0019662501050634355
100,20,8,0.0045723281159705245
100,20,9,6.79641959012411e-6
100,20,10,0.0032892408798340348
100,21,1,6.796414971653072e-6
100,21,2,0.0019492367124589014
100,21,3,6.796416245369375e-6
100,21,4,6.796416057142051e-6
100,21,5,6.796434163503628e-6
100,21,6,0.00015345010403500881
100,21,7,0.0002926256551752444
100,21,8,0.005195140468238478
100,21,9,6.796422247498373e-6
100,21,10,7.785107194938674e-5
100,22,1,6.796434718848814e-6
100,22,2,0.00022011991276176055
100,22,3,6.7964261900603005e-6
100,22,4,6.796425288568237e-6
100,22,5,6.796434822335976e-6
100,22,6,0.0005542559328494631
100,22,7,6.796406473799247e-6
100,22,8,0.0013487985066803615
100,22,9,6.7964253075071e-6
100,22,10,0.0021128686071396345
100,23,1,6.796444846785481e-6
100,23,2,0.0027751816442114405
100,23,3,6.796444428128113e-6
100,23,4,6.796433541454335e-6
100,23,5,6.796435319750341e-6
100,23,6,0.0007320793074875404
100,23,7,6.79646895238081e-6
100,23,8,0.0015517961983298014
100,23,9,6.796433595563598e-6
100,23,10,6.796405015678258e-6
100,24,1,6.796457119220841e-6
100,24,2,0.0008283613807101597
100,24,3,6.7964572767714315e-6
100,24,4,6.796457379050893e-6
100,24,5,6.796458665588025e-6
100,24,6,6.796444358936066e-6
100,24,7,6.796459082120705e-6
100,24,8,0.0016036633956030076
100,24,9,6.796457352374211e-6
100,24,10,0.0005794921734204675
101,1,1,3.6577434172103594e-6
101,1,2,0.00030237062449635686
101,1,3,3.657743018362863e-6
101,1,4,3.6577427899160655e-6
101,1,5,3.65772785169724e-6
101,1,6,3.657744365336406e-6
101,1,7,3.6577434075442963e-6
101,1,8,0.0018301622657205744
101,1,9,3.657742862023843e-6
101,1,10,3.6577755610240673e-6
101,2,1,3.6577402990908412e-6
101,2,2,0.0032853490766284236
101,2,3,3.6577473594603574e-6
101,2,4,3.657730160681361e-6
101,2,5,3.657746824493187e-6
101,2,6,3.657748760009476e-6
101,2,7,3.6577401982258567e-6
101,2,8,3.6576912939867093e-6
101,2,9,3.657739497863093e-6
101,2,10,3.657740362153273e-6
101,3,1,3.657748808463009e-6
101,3,2,3.6579881542144416e-6
101,3,3,3.65773183266447e-6
101,3,4,3.65774822195575e-6
101,3,5,3.6577484476448214e-6
101,3,6,3.6577318073273397e-6
101,3,7,3.6577487693274506e-6
101,3,8,0.004381624374043699
101,3,9,3.657748242288035e-6
101,3,10,3.6577500050047482e-6
101,4,1,3.6577472047259486e-6
101,4,2,3.6577490521968164e-6
101,4,3,3.657746903781277e-6
101,4,4,3.657746685920411e-6
101,4,5,3.657746912934234e-6
101,4,6,3.6577474923200417e-6
101,4,7,3.6577311216182763e-6
101,4,8,0.004114233633816453
101,4,9,3.6577467117918092e-6
101,4,10,3.657731559235285e-6
101,5,1,3.657738387344373e-6
101,5,2,3.6577385530179682e-6
101,5,3,3.6577443842413292e-6
101,5,4,3.657728525173704e-6
101,5,5,3.6577444870646712e-6
101,5,6,3.6577382948712703e-6
101,5,7,3.65772937453583e-6
101,5,8,3.657688200301798e-6
101,5,9,3.6577379483760464e-6
101,5,10,0.00038504104578819754
101,6,1,3.6577402309418576e-6
101,6,2,3.6578857466695117e-6
101,6,3,3.6577391189486963e-6
101,6,4,3.6577389111710354e-6
101,6,5,3.6577393175552516e-6
101,6,6,3.65773970733629e-6
101,6,7,3.657740832905559e-6
101,6,8,0.0060983796167578385
101,6,9,3.65773894931016e-6
101,6,10,0.0018199293276250363
101,7,1,3.6577294498713506e-6
101,7,2,3.6576892707207505e-6
101,7,3,3.657721215878581e-6
101,7,4,3.6577211005773703e-6
101,7,5,3.657729533973241e-6
101,7,6,3.6577294632897467e-6
101,7,7,3.6577297765157026e-6
101,7,8,3.657685579842216e-6
101,7,9,3.6577210906727383e-6
101,7,10,3.6576925249433153e-6
101,8,1,3.6577369270068177e-6
101,8,2,0.00044840673493676226
101,8,3,3.657736894045155e-6
101,8,4,3.6577232820381712e-6
101,8,5,3.6577248566629516e-6
101,8,6,3.65772350163501e-6
101,8,7,3.6577398698031438e-6
101,8,8,3.6576880933713253e-6
101,8,9,3.657736752538124e-6
101,8,10,3.6576850480792807e-6
101,9,1,3.657741562497129e-6
101,9,2,3.6577269994531897e-6
101,9,3,0.00496052374077246
101,9,4,0.004174261753398842
101,9,5,3.657737996729303e-6
101,9,6,3.6577375287255776e-6
101,9,7,3.6577443891311916e-6
101,9,8,3.6576967735867382e-6
101,9,9,3.657737030622454e-6
101,9,10,3.657746090156006e-6
101,10,1,3.6577527771700767e-6
101,10,2,3.6577792193954217e-6
101,10,3,3.657752859529049e-6
101,10,4,3.6577526489509394e-6
101,10,5,3.6577406958251364e-6
101,10,6,3.657754678332807e-6
101,10,7,3.657754328138106e-6
101,10,8,3.657891360701979e-6
101,10,9,3.6577526041966497e-6
101,10,10,3.6577553327778813e-6
101,11,1,3.6577605572933533e-6
101,11,2,3.657774557538254e-6
101,11,3,3.6577609899069844e-6
101,11,4,3.657760803729798e-6
101,11,5,3.6577615352118267e-6
101,11,6,3.6577613712735524e-6
101,11,7,3.657762105083925e-6
101,11,8,3.657791597548973e-6
101,11,9,3.6577629772524563e-6
101,11,10,3.6577623136118626e-6
101,12,1,3.6577627119543544e-6
101,12,2,3.657764724307144e-6
101,12,3,3.6577632933814885e-6
101,12,4,3.6577630730728695e-6
101,12,5,3.6577509187303656e-6
101,12,6,3.6577663651998848e-6
101,12,7,3.6577640217460194e-6
101,12,8,3.657774155697141e-6
101,12,9,3.6577630730611966e-6
101,12,10,3.657764196684571e-6
101,13,1,3.6577627180023844e-6
101,13,2,3.6577603567064853e-6
101,13,3,3.657763314858327e-6
101,13,4,3.6577630868318622e-6
101,13,5,3.657763523288003e-6
101,13,6,3.65776344712154e-6
101,13,7,3.6577639004335596e-6
101,13,8,3.657772541726222e-6
101,13,9,3.657763107517669e-6
101,13,10,3.657764254732106e-6
101,14,1,3.657761946818328e-6
101,14,2,3.657763829305982e-6
101,14,3,3.657762518125667e-6
101,14,4,3.657762303491071e-6
101,14,5,3.6577651755873216e-6
101,14,6,3.6577625105441366e-6
101,14,7,3.6577497215730834e-6
101,14,8,3.6577815728840098e-6
101,14,9,3.6577622996753e-6
101,14,10,3.6577634478507955e-6
101,15,1,3.6577554609709917e-6
101,15,2,3.6577749294061484e-6
101,15,3,3.657756126200807e-6
101,15,4,3.657755877105584e-6
101,15,5,3.6577427932544274e-6
101,15,6,3.6577412224835186e-6
101,15,7,3.65775875600424e-6
101,15,8,3.6579603811817565e-6
101,15,9,3.657755842705995e-6
101,15,10,3.657743606101759e-6
101,16,1,3.6577479526800743e-6
101,16,2,3.6580208717402792e-6
101,16,3,3.657748199981716e-6
101,16,4,3.6577483648910188e-6
101,16,5,3.657734152606898e-6
101,16,6,3.657732591132802e-6
101,16,7,3.6577492389035853e-6
101,16,8,0.002673435156327747
101,16,9,3.657748380605953e-6
101,16,10,3.657751389253692e-6
101,17,1,3.6577249632620645e-6
101,17,2,0.00017197175934235173
101,17,3,3.6577256389394393e-6
101,17,4,3.657725296587552e-6
101,17,5,3.6577145177195005e-6
101,17,6,3.657725243333865e-6
101,17,7,0.0006564130069122725
101,17,8,0.0009737541196955939
101,17,9,3.6577137819370463e-6
101,17,10,3.657682246184304e-6
101,18,1,3.657705471027679e-6
101,18,2,0.002713737899572372
101,18,3,3.657926126862083e-6
101,18,4,3.657706993038519e-6
101,18,5,3.6577089972709155e-6
101,18,6,3.6577071877351256e-6
101,18,7,0.001570112039853074
101,18,8,0.0006950076235267971
101,18,9,3.657697692140176e-6
101,18,10,0.0024785617673985603
101,19,1,3.6576952231734565e-6
101,19,2,0.0029465428286842947
101,19,3,3.657673539926396e-6
101,19,4,3.6577006748838258e-6
101,19,5,0.0011550948150626738
101,19,6,3.6576737985918064e-6
101,19,7,0.0027316750699550108
101,19,8,0.0005859803242916109
101,19,9,0.0002139055521346213
101,19,10,0.002877611416038391
101,20,1,3.657690575822164e-6
101,20,2,0.00199752257923336
101,20,3,0.0008254242348828517
101,20,4,3.657691431813131e-6
101,20,5,0.000757620096997543
101,20,6,0.0016662354493496882
101,20,7,0.0019620009477012558
101,20,8,0.004522885439377049
101,20,9,3.657696920601387e-6
101,20,10,0.0020211622390980456
101,21,1,3.6576917561356565e-6
101,21,2,0.0019437628751699085
101,21,3,3.6576935787629746e-6
101,21,4,3.657693331009847e-6
101,21,5,3.6576875097184322e-6
101,21,6,0.0001512795869603131
101,21,7,0.00028958177403019906
101,21,8,0.005175790544435366
101,21,9,3.657699650581475e-6
101,21,10,7.655798806196647e-5
101,22,1,3.657712271231342e-6
101,22,2,0.00021858666425182718
101,22,3,3.6577035505368115e-6
101,22,4,3.6577024923485603e-6
101,22,5,3.657712351909876e-6
101,22,6,0.0005514910592412821
101,22,7,3.657684059742192e-6
101,22,8,0.0013448509315264383
101,22,9,3.6577025041131013e-6
101,22,10,0.002107363133968199
101,23,1,3.6577225341751575e-6
101,23,2,0.0027682698250311305
101,23,3,3.657722056615366e-6
101,23,4,3.6577110160442082e-6
101,23,5,3.6577128882565403e-6
101,23,6,0.00072935904314159
101,23,7,3.657748261730829e-6
101,23,8,0.0015472857022912133
101,23,9,3.6577109938711777e-6
101,23,10,3.657681981890843e-6
101,24,1,3.657734935549395e-6
101,24,2,0.0008251402723357733
101,24,3,3.657735086244188e-6
101,24,4,3.6577351983827697e-6
101,24,5,3.6577365267941017e-6
101,24,6,3.6577219768123358e-6
101,24,7,3.657736923518841e-6
101,24,8,0.0015982813082081372
101,24,9,3.657735170912532e-6
101,24,10,0.0005765157900926087
102,1,1,4.11471758645895e-6
102,1,2,0.00030502971585078073
102,1,3,4.114717076984412e-6
102,1,4,4.114716840220623e-6
102,1,5,4.114702048737533e-6
102,1,6,4.114718402230068e-6
102,1,7,4.114717492370642e-6
102,1,8,0.0018339940013663673
102,1,9,4.11471699056942e-6
102,1,10,4.114749919463973e-6
102,2,1,4.114713166986686e-6
102,2,2,0.0032940480971509903
102,2,3,4.114721445430435e-6
102,2,4,4.1147042304119825e-6
102,2,5,4.1147210071970345e-6
102,2,6,4.114722860885633e-6
102,2,7,4.114713065859188e-6
102,2,8,4.114664822545647e-6
102,2,9,4.114712315617834e-6
102,2,10,4.114713465350929e-6
102,3,1,4.114723009130001e-6
102,3,2,4.114965265516976e-6
102,3,3,4.114706018270843e-6
102,3,4,4.114722293722878e-6
102,3,5,4.114722548566324e-6
102,3,6,4.114706013597435e-6
102,3,7,4.114722961121427e-6
102,3,8,0.004429749291844417
102,3,9,4.114722318516421e-6
102,3,10,4.114724163041168e-6
102,4,1,4.114721300255372e-6
102,4,2,4.114723279791101e-6
102,4,3,4.114720973819009e-6
102,4,4,4.114720746561135e-6
102,4,5,4.114721004462439e-6
102,4,6,4.114721532017251e-6
102,4,7,4.1147053338760645e-6
102,4,8,0.004132768049612293
102,4,9,4.114720777195875e-6
102,4,10,4.114705760908724e-6
102,5,1,4.1147112684008985e-6
102,5,2,4.114711724200779e-6
102,5,3,4.11471844192996e-6
102,5,4,4.114702672111562e-6
102,5,5,4.11471857964668e-6
102,5,6,4.114711154815435e-6
102,5,7,4.114703443494628e-6
102,5,8,4.114662155442849e-6
102,5,9,4.114710801235855e-6
102,5,10,0.00038637761660004736
102,6,1,4.114714296292922e-6
102,6,2,4.114861514785935e-6
102,6,3,4.114713154033414e-6
102,6,4,4.11471293628169e-6
102,6,5,4.114713383193448e-6
102,6,6,4.114713749537455e-6
102,6,7,4.114714933511805e-6
102,6,8,0.006168344334406922
102,6,9,4.114712978476324e-6
102,6,10,0.0018270844837934468
102,7,1,4.11470242143591e-6
102,7,2,4.1146622045808015e-6
102,7,3,4.114695386387407e-6
102,7,4,4.1146952540991915e-6
102,7,5,4.1147025447815155e-6
102,7,6,4.114702434448342e-6
102,7,7,4.114702797698185e-6
102,7,8,4.114659544940748e-6
102,7,9,4.114695244301558e-6
102,7,10,4.114665728447111e-6
102,8,1,4.114710945863571e-6
102,8,2,0.00045013271073520133
102,8,3,4.114710923576313e-6
102,8,4,4.1146974466008505e-6
102,8,5,4.114698916098112e-6
102,8,6,4.114697670911177e-6
102,8,7,4.114714012127805e-6
102,8,8,4.11466171527042e-6
102,8,9,4.1147107777128885e-6
102,8,10,4.114659152441641e-6
102,9,1,4.1147151436006e-6
102,9,2,4.114699683090349e-6
102,9,3,0.004965938442979225
102,9,4,0.00417824734518758
102,9,5,4.11471093743671e-6
102,9,6,4.1147106369086535e-6
102,9,7,4.11471795691295e-6
102,9,8,4.114670187744411e-6
102,9,9,4.114710102552748e-6
102,9,10,4.114719561576529e-6
102,10,1,4.1147265645548235e-6
102,10,2,4.114753790101289e-6
102,10,3,4.114726964647569e-6
102,10,4,4.114726737885389e-6
102,10,5,4.114714800270098e-6
102,10,6,4.11472882707678e-6
102,10,7,4.114728299442195e-6
102,10,8,4.1148677012201886e-6
102,10,9,4.114726674140861e-6
102,10,10,4.11472952844603e-6
102,11,1,4.114734158421492e-6
102,11,2,4.1147491211916424e-6
102,11,3,4.114734632429653e-6
102,11,4,4.114734442078106e-6
102,11,5,4.114735566307882e-6
102,11,6,4.114735302504854e-6
102,11,7,4.114736179180757e-6
102,11,8,4.114765922864106e-6
102,11,9,4.114737418263145e-6
102,11,10,4.11473638788402e-6
102,12,1,4.11473631404549e-6
102,12,2,4.114738846492774e-6
102,12,3,4.1147369452100365e-6
102,12,4,4.114736722995557e-6
102,12,5,4.1147250882866e-6
102,12,6,4.114740608497243e-6
102,12,7,4.114737754599335e-6
102,12,8,4.114748133082274e-6
102,12,9,4.114736723620115e-6
102,12,10,4.114738205642586e-6
102,13,1,4.114736314032318e-6
102,13,2,4.114733245005802e-6
102,13,3,4.1147369698382004e-6
102,13,4,4.114736741774438e-6
102,13,5,4.114737233176803e-6
102,13,6,4.114737082954761e-6
102,13,7,4.11473761818559e-6
102,13,8,4.114746192710027e-6
102,13,9,4.114736756625845e-6
102,13,10,4.114738263720452e-6
102,14,1,4.114735535168828e-6
102,14,2,4.114737924593067e-6
102,14,3,4.114736168368676e-6
102,14,4,4.114735947633375e-6
102,14,5,4.1147397559794344e-6
102,14,6,4.114736121655032e-6
102,14,7,4.11472388161515e-6
102,14,8,4.114755624206397e-6
102,14,9,4.114735947618034e-6
102,14,10,4.114737447763753e-6
102,15,1,4.114729391516548e-6
102,15,2,4.114749546553218e-6
102,15,3,4.1147301515785374e-6
102,15,4,4.114729888721172e-6
102,15,5,4.1147170207429395e-6
102,15,6,4.114715488489934e-6
102,15,7,4.1147329982119855e-6
102,15,8,4.1149367421464595e-6
102,15,9,4.114729827556038e-6
102,15,10,4.114717730318556e-6
102,16,1,4.1147218518400605e-6
102,16,2,4.1149689212513975e-6
102,16,3,4.114722265382039e-6
102,16,4,4.114722441121966e-6
102,16,5,4.114708578537036e-6
102,16,6,4.114707002927128e-6
102,16,7,4.114723481697708e-6
102,16,8,0.0027009155501097606
102,16,9,4.114722461857302e-6
102,16,10,4.114725604180423e-6
102,17,1,4.114698928152341e-6
102,17,2,0.00017373259650338462
102,17,3,4.114699662200752e-6
102,17,4,4.114699315100305e-6
102,17,5,4.114688657136994e-6
102,17,6,4.114699231841951e-6
102,17,7,0.0006573295370133069
102,17,8,0.000993722679354893
102,17,9,4.114688081518939e-6
102,17,10,4.114656235863587e-6
102,18,1,4.114679431809319e-6
102,18,2,0.0027433100010100554
102,18,3,4.114901753794388e-6
102,18,4,4.114681039871606e-6
102,18,5,4.1146823205308194e-6
102,18,6,4.11468116286788e-6
102,18,7,0.0015765124175057509
102,18,8,0.0006965222892530414
102,18,9,4.114672009355657e-6
102,18,10,0.004056802389681017
102,19,1,4.1146691890158155e-6
102,19,2,0.0029723414268121562
102,19,3,4.114647386782034e-6
102,19,4,4.1146746108799e-6
102,19,5,0.0011596607925131873
102,19,6,4.114647794610952e-6
102,19,7,0.0027430824661140926
102,19,8,0.0005520665023218133
102,19,9,0.00021498874299186646
102,19,10,0.0029013726494446328
102,20,1,4.114664114732359e-6
102,20,2,0.001973722615083992
102,20,3,0.000815105705321892
102,20,4,4.114664967824115e-6
102,20,5,0.0007488393109428363
102,20,6,0.0016452367898720202
102,20,7,0.0019373609423235854
102,20,8,0.004540688577130695
102,20,9,4.1146703833477845e-6
102,20,10,0.002005960786561158
102,21,1,4.114666312506214e-6
102,21,2,0.001953094125432874
102,21,3,4.114667612443459e-6
102,21,4,4.114667431570938e-6
102,21,5,4.114688816906252e-6
102,21,6,0.00015209274476749984
102,21,7,0.00029130032848757376
102,21,8,0.005213008578926781
102,21,9,4.114673652481675e-6
102,21,10,0.00012467787876665256
102,22,1,4.114686263293244e-6
102,22,2,0.00035259223644024075
102,22,3,4.114677674805208e-6
102,22,4,4.114676718767397e-6
102,22,5,4.114686390632626e-6
102,22,6,0.0005537963341674824
102,22,7,4.114658155185006e-6
102,22,8,0.001349900195958036
102,22,9,4.114676731889883e-6
102,22,10,0.00211649869990598
102,23,1,4.11469651138869e-6
102,23,2,0.002782305188883844
102,23,3,4.114696142018561e-6
102,23,4,4.114685135402316e-6
102,23,5,4.1146870374507885e-6
102,23,6,0.000727474191389374
102,23,7,4.114722292851876e-6
102,23,8,0.001553962351514004
102,23,9,4.114685119275391e-6
102,23,10,4.1146562210407085e-6
102,24,1,4.114708934975769e-6
102,24,2,0.0008290143901107909
102,24,3,4.1147091126332314e-6
102,24,4,4.114709239582953e-6
102,24,5,4.114710606277228e-6
102,24,6,4.114696138998343e-6
102,24,7,4.114711051900175e-6
102,24,8,0.0016005587060622056
102,24,9,4.114709310386539e-6
102,24,10,0.0005789073971572299
103,1,1,1.1652486322367874e-5
103,1,2,0.00025857436984696265
103,1,3,1.4926096350297817e-6
103,1,4,2.399877831992009e-7
103,1,5,0.00013034569195647972
103,1,6,1.573586384132894e-6
103,1,7,1.1503745413072033e-5
103,1,8,0.0030014639767999415
103,1,9,2.562893729426677e-7
103,1,10,2.0546847337818494e-5
103,2,1,0.008639153355348591
103,2,2,0.0025766344186038065
103,2,3,1.2991007691664982e-6
103,2,4,0.00013034569170205574
103,2,5,6.5080237837956254e-6
103,2,6,6.813832123690594e-7
103,2,7,0.008696924384325604
103,2,8,0.004824729579904551
103,2,9,0.00922158360229049
103,2,10,0.008358999975287374
103,3,1,8.729372890599773e-6
103,3,2,0.00011747148312479663
103,3,3,0.00013034569232056267
103,3,4,1.0210312442242202e-9
103,3,5,6.058692315331658e-6
103,3,6,0.00013034569391003813
103,3,7,9.352608131861745e-6
103,3,8,0.0045149478202112505
103,3,9,2.248142311866147e-9
103,3,10,2.553554621468828e-5
103,4,1,7.2296106645971505e-6
103,4,2,0.00010302825889594895
103,4,3,5.206763020192984e-7
103,4,4,1.0154157945687537e-9
103,4,5,6.972998482161604e-6
103,4,6,5.567639311529385e-7
103,4,7,0.0001303456931222648
103,4,8,0.004236747364060437
103,4,9,2.2437045016332497e-9
103,4,10,0.00013034569156043262
103,5,1,0.008751512345072463
103,5,2,0.0077163000909991845
103,5,3,9.444794179570037e-7
103,5,4,0.000130345692536173
103,5,5,9.868792269072642e-6
103,5,6,0.009107313590254355
103,5,7,0.00013034569183017076
103,5,8,0.00013034569307713258
103,5,9,0.009251818796037167
103,5,10,0.00026405131765587395
103,6,1,6.7607416931130965e-6
103,6,2,4.918490190046555e-5
103,6,3,1.8985052852055284e-7
103,6,4,5.373556232879595e-8
103,6,5,1.138046727246499e-5
103,6,6,8.125620413953159e-7
103,6,7,1.6184275321691053e-5
103,6,8,0.00961528888707733
103,6,9,4.7042088646780396e-8
103,6,10,0.001140457951142823
103,7,1,0.009161591192065714
103,7,2,0.008178110690155631
103,7,3,0.0001303456876274291
103,7,4,0.00013034568955000138
103,7,5,0.008519390674489485
103,7,6,0.009298673771620242
103,7,7,0.008390038310705653
103,7,8,0.0001303456897586731
103,7,9,0.00013034568785405662
103,7,10,0.008068902598220644
103,8,1,7.786938287762967e-8
103,8,2,0.00033973631249628047
103,8,3,2.6430640658547473e-7
103,8,4,0.00013034568998129728
103,8,5,0.00013034569051908682
103,8,6,0.00013034568910140243
103,8,7,4.74718229557557e-5
103,8,8,0.00482472959243585
103,8,9,2.0983954881949984e-8
103,8,10,0.0001303456889877382
103,9,1,0.0012347420123119907
103,9,2,0.007152591744673781
103,9,3,0.003993380893988237
103,9,4,0.003335895859265062
103,9,5,0.007922070460269631
103,9,6,0.008879906058387533
103,9,7,0.0012912117801431643
103,9,8,0.003431128311053498
103,9,9,0.009407719916716873
103,9,10,0.0018540306331945938
103,10,1,0.00041236932235753953
103,10,2,0.00018777975327600668
103,10,3,0.0002941140447650782
103,10,4,0.0003168150744457559
103,10,5,0.00013034569685097582
103,10,6,9.113083672422378e-6
103,10,7,6.620613843696845e-5
103,10,8,0.0001303458976052681
103,10,9,0.0003540551042200686
103,10,10,3.307497677755529e-5
103,11,1,0.0011722047949354409
103,11,2,0.00023254227553503833
103,11,3,0.0009873202425341764
103,11,4,0.000991518817690799
103,11,5,0.000633039594227861
103,11,6,0.0009938780097847773
103,11,7,0.0005276411972160129
103,11,8,1.3227706797684305e-5
103,11,9,1.1133622204026286e-8
103,11,10,0.0005201831857190254
103,12,1,0.0011717667889193492
103,12,2,0.0004353178693785938
103,12,3,0.0009374707105367355
103,12,4,0.0009411672290571092
103,12,5,0.00013034570042956244
103,12,6,1.0522510413394891e-5
103,12,7,0.0006969530635197678
103,12,8,0.00023794939938578046
103,12,9,0.0009655875600032993
103,12,10,0.0007646312277724537
103,13,1,0.0011735761883599975
103,13,2,0.006380602472336995
103,13,3,0.0009285075238429561
103,13,4,0.0009323362601958502
103,13,5,0.0007445030934047544
103,13,6,0.0010257549828341507
103,13,7,0.0007418597254001356
103,13,8,0.0011771368014710513
103,13,9,0.000956693860548047
103,13,10,0.0007583505230454448
103,14,1,0.001197975779748144
103,14,2,0.0004895816549567903
103,14,3,0.0009613364305584371
103,14,4,0.0009656998832891272
103,14,5,4.6727491668126685e-5
103,14,6,0.001106544336821078
103,14,7,0.00013034569981902993
103,14,8,0.00018804105098423003
103,14,9,0.0009885536415835182
103,14,10,0.0007932457828423693
103,15,1,0.0008877537990752165
103,15,2,0.00021919350141187156
103,15,3,0.000578239807781896
103,15,4,0.000613809396927979
103,15,5,0.00013034569764727564
103,15,6,0.00013034569675031768
103,15,7,4.9800718671004425e-5
103,15,8,1.5474710472870607e-8
103,15,9,0.0006638863024674849
103,15,10,0.0001303456975634353
103,16,1,1.8152220505943564e-5
103,16,2,0.00021265501215441454
103,16,3,2.0626759566430685e-6
103,16,4,4.717542176901536e-7
103,16,5,0.00013034569346878644
103,16,6,0.00013034569344563235
103,16,7,4.224590690930021e-5
103,16,8,0.004687481399730607
103,16,9,4.950317856701219e-7
103,16,10,4.6321595030898325e-5
103,17,1,1.755324727787129e-5
103,17,2,0.00024514014641486404
103,17,3,5.376141456845879e-6
103,17,4,2.2422533811903612e-6
103,17,5,0.00013034568742374976
103,17,6,2.5258704654432453e-6
103,17,7,0.0004037416245274193
103,17,8,0.0016783846104193455
103,17,9,0.0001303456874459132
103,17,10,0.00013034568529407696
103,18,1,1.559358327137411e-5
103,18,2,0.002764998574931033
103,18,3,7.704592914583166e-6
103,18,4,3.6760332965155687e-6
103,18,5,2.489354053468528e-5
103,18,6,1.2568775456023045e-6
103,18,7,0.0009756010805567276
103,18,8,0.0007813665753260108
103,18,9,0.00013034567889602216
103,18,10,0.0025056901109835107
103,19,1,1.1163972235848257e-5
103,19,2,0.0046605922453267145
103,19,3,0.00894187607948108
103,19,4,1.1820031651188125e-6
103,19,5,0.0007139628376041033
103,19,6,0.00013034567411627186
103,19,7,0.0016897209640834192
103,19,8,0.0007693478806751367
103,19,9,0.0001305342671632616
103,19,10,0.0045259969882006845
103,20,1,0.009858320420655178
103,20,2,0.011012500962594823
103,20,3,0.00973766829871788
103,20,4,0.009078417842546508
103,20,5,0.009222600007119872
103,20,6,0.010613573726616933
103,20,7,0.010328478573099285
103,20,8,0.014183119444452755
103,20,9,0.009074984234340302
103,20,10,0.011774761785662778
103,21,1,0.0001303456784732921
103,21,2,0.0012317723072122857
103,21,3,0.0001303456760687604
103,21,4,0.00013034567920544346
103,21,5,0.00013034569622008668
103,21,6,9.64220572185494e-5
103,21,7,0.0001904269480530303
103,21,8,0.005221857300468197
103,21,9,2.04505758966509e-6
103,21,10,0.00022065962854939862
103,22,1,2.5953607580415016e-6
103,22,2,0.000286044677464179
103,22,3,0.0001303456821613889
103,22,4,0.0001303456833465792
103,22,5,4.035153881777175e-5
103,22,6,0.00034800423565835314
103,22,7,0.00013034568109143228
103,22,8,0.0023195999114936873
103,22,9,0.00013034568132529149
103,22,10,0.0013124627561162997
103,23,1,2.813701866300257e-6
103,23,2,0.0028879486752093377
103,23,3,2.880232888572521e-6
103,23,4,0.00013034568549661108
103,23,5,0.0001303456862084656
103,23,6,0.000442626289241569
103,23,7,6.172248558469304e-5
103,23,8,0.0026031185628462936
103,23,9,0.00013034568570156473
103,23,10,0.00013034568404038098
103,24,1,4.546283604124917e-6
103,24,2,0.000958648012936831
103,24,3,5.376143804627004e-6
103,24,4,2.242257329516545e-6
103,24,5,6.847377258094707e-5
103,24,6,0.0001303456896383164
103,24,7,8.469056866595503e-5
103,24,8,0.0016303210615413583
103,24,9,2.297528244944916e-6
103,24,10,0.00037735166159335237
104,1,1,3.0039378392618224e-6
104,1,2,0.00030218137916092667
104,1,3,3.00393740990562e-6
104,1,4,3.0039371803184487e-6
104,1,5,3.0039222690962216e-6
104,1,6,3.0039386419979188e-6
104,1,7,3.0039377534832435e-6
104,1,8,0.0018299929562552992
104,1,9,3.003937250651704e-6
104,1,10,3.003969551327146e-6
104,2,1,3.003933475488073e-6
104,2,2,0.003291649299145292
104,2,3,3.0039416304838796e-6
104,2,4,3.0039245838310914e-6
104,2,5,3.0039412043405713e-6
104,2,6,3.003942934411833e-6
104,2,7,3.00393337368858e-6
104,2,8,3.003885416472416e-6
104,2,9,3.0039326542157116e-6
104,2,10,3.0039335578351442e-6
104,3,1,3.0039431975127193e-6
104,3,2,3.00420894548697e-6
104,3,3,3.0039262466192703e-6
104,3,4,3.0039425008095786e-6
104,3,5,3.0039427497147244e-6
104,3,6,3.0039262338478477e-6
104,3,7,3.0039431508181857e-6
104,3,8,0.004422908481654448
104,3,9,3.0039425229959697e-6
104,3,10,3.003944312928164e-6
104,4,1,3.003941591026514e-6
104,4,2,3.003943411807254e-6
104,4,3,3.0039412711162494e-6
104,4,4,3.0039410448986896e-6
104,4,5,3.003941304449606e-6
104,4,6,3.003941825210881e-6
104,4,7,3.003925551385899e-6
104,4,8,0.004113300328250569
104,4,9,3.0039410757806838e-6
104,4,10,3.0039259708206616e-6
104,5,1,3.003931594256201e-6
104,5,2,3.0039320441124804e-6
104,5,3,3.0039386957898693e-6
104,5,4,3.003922939571917e-6
104,5,5,3.003938901070329e-6
104,5,6,3.0039314786707194e-6
104,5,7,3.003923793553571e-6
104,5,8,3.003882603491687e-6
104,5,9,3.0039311278969504e-6
104,5,10,0.000385477372512782
104,6,1,3.0039345693261328e-6
104,6,2,3.0040978321776295e-6
104,6,3,3.003933451686319e-6
104,6,4,3.0039332368812866e-6
104,6,5,3.0039336783373475e-6
104,6,6,3.003934030955184e-6
104,6,7,3.003935172332146e-6
104,6,8,0.0061569619933381
104,6,9,3.003933278918172e-6
104,6,10,0.0018252036504211578
104,7,1,3.003922839721955e-6
104,7,2,3.0038832863954897e-6
104,7,3,3.0039156170245266e-6
104,7,4,3.00391549165073e-6
104,7,5,3.0039229616024335e-6
104,7,6,3.00392285099194e-6
104,7,7,3.0039232124458126e-6
104,7,8,3.003879884754828e-6
104,7,9,3.003915479080657e-6
104,7,10,3.003886544449186e-6
104,8,1,3.003931259523888e-6
104,8,2,0.00044918294564082553
104,8,3,3.0039313101893593e-6
104,8,4,3.003917683196256e-6
104,8,5,3.0039192675047137e-6
104,8,6,3.003917902340123e-6
104,8,7,3.003934190507302e-6
104,8,8,3.003882138818821e-6
104,8,9,3.003931157444163e-6
104,8,10,3.003879039448323e-6
104,9,1,3.0039354259672314e-6
104,9,2,3.003920255498085e-6
104,9,3,0.00496310675036577
104,9,4,0.00417608320879249
104,9,5,3.0039312647532262e-6
104,9,6,3.0039309605883248e-6
104,9,7,3.003938199935999e-6
104,9,8,3.0038912418156974e-6
104,9,9,3.0039302178840927e-6
104,9,10,3.0039397865234616e-6
104,10,1,3.0039467175434615e-6
104,10,2,3.003973326381947e-6
104,10,3,3.0039471059468365e-6
104,10,4,3.0039468883872033e-6
104,10,5,3.0039351071254648e-6
104,10,6,3.0039489443599533e-6
104,10,7,3.003948419654612e-6
104,10,8,3.004083864900707e-6
104,10,9,3.0039468274876363e-6
104,10,10,3.003949618069372e-6
104,11,1,3.0039542016785506e-6
104,11,2,3.0039687972250932e-6
104,11,3,3.003954668201433e-6
104,11,4,3.003954484916413e-6
104,11,5,3.003955301379951e-6
104,11,6,3.0039550407805916e-6
104,11,7,3.003956168319583e-6
104,11,8,3.003985324355889e-6
104,11,9,3.0039571172359132e-6
104,11,10,3.0039563676503614e-6
104,12,1,3.0039563253531516e-6
104,12,2,3.0039587878364853e-6
104,12,3,3.003956942584413e-6
104,12,4,3.003956727118707e-6
104,12,5,3.0039452852013224e-6
104,12,6,3.0039605070053426e-6
104,12,7,3.003957731152136e-6
104,12,8,3.003967928819848e-6
104,12,9,3.003956728340705e-6
104,12,10,3.0039578832653133e-6
104,13,1,3.0039563246134936e-6
104,13,2,3.0039533104022888e-6
104,13,3,3.003956966872363e-6
104,13,4,3.0039567488903224e-6
104,13,5,3.0039572267759284e-6
104,13,6,3.003957079470528e-6
104,13,7,3.0039576044380523e-6
104,13,8,3.0039660004263115e-6
104,13,9,3.003956761884436e-6
104,13,10,3.0039582157882142e-6
104,14,1,3.0039555620787786e-6
104,14,2,3.0039578834100734e-6
104,14,3,3.0039561809366383e-6
104,14,4,3.0039559633006323e-6
104,14,5,3.00395967139826e-6
104,14,6,3.0039561384776866e-6
104,14,7,3.0039440928826384e-6
104,14,8,3.0039752487227465e-6
104,14,9,3.003955962933544e-6
104,14,10,3.0039574144383966e-6
104,15,1,3.0039495093869124e-6
104,15,2,3.00396929221426e-6
104,15,3,3.0039502465432256e-6
104,15,4,3.003949984973126e-6
104,15,5,3.003937197472106e-6
104,15,6,3.0039356268176405e-6
104,15,7,3.003953037293533e-6
104,15,8,3.0041785563611335e-6
104,15,9,3.0039499341483864e-6
104,15,10,3.0039380068051804e-6
104,16,1,3.0039421579416928e-6
104,16,2,3.0042134148864235e-6
104,16,3,3.0039424985826654e-6
104,16,4,3.00394271927983e-6
104,16,5,3.0039285599952e-6
104,16,6,3.0039269972143253e-6
104,16,7,3.0039436602599575e-6
104,16,8,0.0026998073945139287
104,16,9,3.003942741839717e-6
104,16,10,3.0039456401477413e-6
104,17,1,3.003919290881267e-6
104,17,2,0.00017301831227531622
104,17,3,3.0039200182306904e-6
104,17,4,3.0039196791600016e-6
104,17,5,3.0039088686021876e-6
104,17,6,3.0039195915216077e-6
104,17,7,0.0006572067172498601
104,17,8,0.000978244269426629
104,17,9,3.0039081286554286e-6
104,17,10,3.0038756930725594e-6
104,18,1,3.0038997109044306e-6
104,18,2,0.0027392935953554883
104,18,3,3.004118130785117e-6
104,18,4,3.003901325382718e-6
104,18,5,3.0039033937092208e-6
104,18,6,3.0039015039225533e-6
104,18,7,0.0015747142103517892
104,18,8,0.0006986033533999447
104,18,9,3.003891698267272e-6
104,18,10,0.002488735035838682
104,19,1,3.003889447147586e-6
104,19,2,0.002967124767840084
104,19,3,3.003867423790292e-6
104,19,4,3.003895100900762e-6
104,19,5,0.0011580874429687493
104,19,6,3.003867860579934e-6
104,19,7,0.002740136256274299
104,19,8,0.0005508891932149146
104,19,9,0.00021414997446133022
104,19,10,0.0028959522763891943
104,20,1,3.0038843005250884e-6
104,20,2,0.0019761212472841163
104,20,3,0.0008142435773788721
104,20,4,3.0038851876356655e-6
104,20,5,0.0007474305515783142
104,20,6,0.001644102913742687
104,20,7,0.0019364043709743962
104,20,8,0.004534036516247382
104,20,9,3.003890594372616e-6
104,20,10,0.0020041589786777766
104,21,1,3.0038859307856677e-6
104,21,2,0.0019507505599500737
104,21,3,3.0038878387298674e-6
104,21,4,3.003887546720444e-6
104,21,5,3.0039171574111943e-6
104,21,6,0.00015129366223952693
104,21,7,0.00029056587621137647
104,21,8,0.0052060962468366495
104,21,9,3.0038939104520766e-6
104,21,10,0.00012289653180185984
104,22,1,3.0039065928601767e-6
104,22,2,0.00021806503156913086
104,22,3,3.0038978457895167e-6
104,22,4,3.0038967562109856e-6
104,22,5,3.0039067105573156e-6
104,22,6,0.000552675925552741
104,22,7,3.0038782284417577e-6
104,22,8,0.0013492082654033902
104,22,9,3.0038967705638026e-6
104,22,10,0.0021140406839698497
104,23,1,3.0039168775507763e-6
104,23,2,0.0027793718954707168
104,23,3,3.003916411052219e-6
104,23,4,3.0039053429076316e-6
104,23,5,3.0039072333833413e-6
104,23,6,0.0007295178374356432
104,23,7,3.0039493310895907e-6
104,23,8,0.0015533866616711624
104,23,9,3.003905324460771e-6
104,23,10,3.003875932597771e-6
104,24,1,3.0039292627970154e-6
104,24,2,0.0008277642130089623
104,24,3,3.0039294558870823e-6
104,24,4,3.0039295649470915e-6
104,24,5,3.0039309189550647e-6
104,24,6,3.0039163654002905e-6
104,24,7,3.003931423163717e-6
104,24,8,0.0015965720498735973
104,24,9,3.003929635628571e-6
104,24,10,0.0005777095965980882
105,1,1,0.00043677820083531076
105,1,2,0.002337975602043513
105,1,3,0.00022080043797072593
105,1,4,0.00016494762993738647
105,1,5,0.00036649602969998055
105,1,6,0.00022348615569583153
105,1,7,0.0004342638717211053
105,1,8,0.00877978945369557
105,1,9,0.0001661076458138588
105,1,10,0.0005752562367140508
105,2,1,0.0004418808970702194
105,2,2,0.0044591332947879455
105,2,3,0.00021414216026609928
105,2,4,0.00015966659791412578
105,2,5,0.0003430741633982964
105,2,6,0.00018954833352313407
105,2,7,0.0004072785890934406
105,2,8,0.007180706108456177
105,2,9,0.0001607958564579127
105,2,10,0.0006317524274128634
105,3,1,0.00038549988032681554
105,3,2,0.0017120896616837607
105,3,3,0.0001817502347603664
105,3,4,0.00013405690265124703
105,3,5,0.00033398422316041073
105,3,6,0.00017794921375254973
105,3,7,0.0003967988967632655
105,3,8,0.010438113435302543
105,3,9,0.0001350432803115233
105,3,10,0.0006461355865377555
105,4,1,0.0003572764922345463
105,4,2,0.0015585355200960274
105,4,3,0.00018175024856442132
105,4,4,0.00013405690123533586
105,4,5,0.0003522779748284064
105,4,6,0.0001835811356705937
105,4,7,0.0004178853987764071
105,4,8,0.010240019303626668
105,4,9,0.0001350432788740525
105,4,10,0.0005962114494141462
105,5,1,0.000375979945673511
105,5,2,0.0012141997803842282
105,5,3,0.00020081532298886219
105,5,4,0.00014911185211117012
105,5,5,0.0004059933685811904
105,5,6,0.00020435457200541812
105,5,7,0.0004797160723196527
105,5,8,0.006068747719546575
105,5,9,0.0001501847185348709
105,5,10,0.0008827721973574847
105,6,1,0.00034810075839397924
105,6,2,0.0009501004864571001
105,6,3,0.00016113714802523115
105,6,4,0.00011784277802009366
105,6,5,0.0004321732367476027
105,6,6,0.00019535455760510262
105,6,7,0.0005098069298302094
105,6,8,0.01330001986308789
105,6,9,0.00011873656624200483
105,6,10,0.002336161699714773
105,7,1,0.00018297962293183515
105,7,2,0.0007744080840233248
105,7,3,0.00013663251384333206
105,7,4,9.86690458496591e-5
105,7,5,0.0005185232403073979
105,7,6,0.00013448870682539375
105,7,7,0.0006088804704197583
105,7,8,0.00718070610438975
105,7,9,9.945084305386224e-5
105,7,10,0.0008684232374342628
105,8,1,0.00015036672683346717
105,8,2,0.001595320893228823
105,8,3,0.00016666616126606988
105,8,4,0.00012218456924693004
105,8,5,0.0007989188243697539
105,8,6,0.00023336326635850567
105,8,7,0.000929266008753639
105,8,8,0.007180706106086947
105,8,9,0.00012310310625243825
105,8,10,0.0009534445011790579
105,9,1,5.523612089149885e-5
105,9,2,0.0019102921153429265
105,9,3,0.0049387959836443285
105,9,4,0.004154524044630345
105,9,5,0.0010044495313017315
105,9,6,0.0003076412421875043
105,9,7,0.0011632138387192529
105,9,8,0.007180706112185066
105,9,9,0.00010144360801811369
105,9,10,0.0008240153523516982
105,10,1,7.775063193164581e-6
105,10,2,0.002429145235950002
105,10,3,0.00014458160594796129
105,10,4,0.00010487575797320406
105,10,5,0.0011558199494013407
105,10,6,0.00039248301365157304
105,10,7,0.0013351770348907109
105,10,8,0.007180706275263596
105,10,9,0.00010569349252603601
105,10,10,0.0007476502585611025
105,11,1,9.566059212011934e-8
105,11,2,0.0028682763443967844
105,11,3,0.00016974278753565723
105,11,4,0.00012460456736584712
105,11,5,0.001219807265437635
105,11,6,0.0004382396341461015
105,11,7,0.001407788033876804
105,11,8,0.007180706183669044
105,11,9,0.00012553637613078265
105,11,10,0.0007557048494641357
105,12,1,4.837875749229409e-7
105,12,2,0.003115655926385962
105,12,3,0.00021069279698257277
105,12,4,0.00015693358897128027
105,12,5,0.0011454219972209365
105,12,6,0.0004174435208039309
105,12,7,0.001323368822190533
105,12,8,0.007180706170407436
105,12,9,0.00015804841677210542
105,12,10,0.0008324474672633137
105,13,1,3.123364646883905e-7
105,13,2,0.0031854545612938147
105,13,3,0.00023871071340956037
105,13,4,0.0001791792922601134
105,13,5,0.0010142297343928729
105,13,6,0.0003243348498939436
105,13,7,0.0011743361514747997
105,13,8,0.007180706168562045
105,13,9,0.0001804161203990419
105,13,10,0.0009438096970473863
105,14,1,1.944869832956038e-8
105,14,2,0.002979467276594179
105,14,3,0.0002350738736393047
105,14,4,0.00017628761090172286
105,14,5,0.0009201700244089602
105,14,6,0.00023004690728043034
105,14,7,0.0010673526210593354
105,14,8,0.007180706175578036
105,14,9,0.00017750943324899767
105,14,10,0.00097284016298829
105,15,1,8.259884070593407e-9
105,15,2,0.0027383767884617055
105,15,3,0.00021414216807870605
105,15,4,0.00015966662124074235
105,15,5,0.0008237457962344055
105,15,6,0.0001391923657164486
105,15,7,0.0009575558056589412
105,15,8,0.006722806197459066
105,15,9,0.00016079587349105835
105,15,10,0.0009151984248373467
105,16,1,5.609904774816659e-8
105,16,2,0.0026744396877246917
105,16,3,0.0002387107004224819
105,16,4,0.0001791792791700517
105,16,5,0.0007423887365822062
105,16,6,7.221882435072839e-5
105,16,7,0.0008648007681620744
105,16,8,0.008174192632511257
105,16,9,0.00018041610720783357
105,16,10,0.0009151984315436438
105,17,1,1.8240214411286245e-9
105,17,2,0.002681268627918768
105,17,3,0.0003197573248760271
105,17,4,0.00024395091061713911
105,17,5,0.0007109686708280532
105,17,6,5.065089275096744e-5
105,17,7,0.0013012573644682172
105,17,8,0.005378492952852872
105,17,9,0.00024553218160509237
105,17,10,0.0009728400905996712
105,18,1,3.856771603779261e-7
105,18,2,0.005566757823156642
105,18,3,0.0003663877816350887
105,18,4,0.00028142864101802465
105,18,5,0.0006372065982374392
105,18,6,7.066452384627223e-5
105,18,7,0.0020223351930953805
105,18,8,0.004034825481750201
105,18,9,0.0002832055223442266
105,18,10,0.004466781524055347
105,19,1,5.26025932791699e-6
105,19,2,0.005540573562798516
105,19,3,0.00027726979737855567
105,19,4,0.00020992387800374782
105,19,5,0.0014780889042859064
105,19,6,0.00016179556541426115
105,19,7,0.003035530393506155
105,19,8,0.0035448570748830826
105,19,9,0.0003720536665212405
105,19,10,0.004953005956964907
105,20,1,1.4928725538642209e-5
105,20,2,0.004008841251055974
105,20,3,0.0009693660721941926
105,20,4,0.00021624333071776412
105,20,5,0.0011025053560390732
105,20,6,0.001750304482483856
105,20,7,0.002249690509587642
105,20,8,0.009301148735552609
105,20,9,0.0002176797163416842
105,20,10,0.003493097683863121
105,21,1,3.667387818252913e-5
105,21,2,0.003022513788409188
105,21,3,0.0003106516393038706
105,21,4,0.00023664513856343306
105,21,5,0.0006736111444961623
105,21,6,0.0005014568562181971
105,21,7,0.0009726427702567162
105,21,8,0.010945346460262715
105,21,9,0.00023818814823724043
105,21,10,0.0008272749406793313
105,22,1,4.980334616333653e-5
105,22,2,0.00245181663507978
105,22,3,0.0002652673912003753
105,22,4,0.00020034044332606482
105,22,5,0.0008410588533650375
105,22,6,0.0009750751255019976
105,22,7,0.0009772764426091921
105,22,8,0.006616258618125072
105,22,9,0.0002016937801031847
105,22,10,0.002635422377538712
105,23,1,4.7256306667900305e-5
105,23,2,0.004621416135607977
105,23,3,0.0002614423051167818
105,23,4,0.00019728670229715703
105,23,5,0.0009478778493522115
105,23,6,0.0012953002441656956
105,23,7,0.0010988784187526122
105,23,8,0.007723798115270254
105,23,9,0.00019862164901310377
105,23,10,0.0009924248400114786
105,24,1,3.160776508548781e-5
105,24,2,0.0031471665280955485
105,24,3,0.00031975733355573224
105,24,4,0.0002439509198276075
105,24,5,0.0011767537612155975
105,24,6,0.0007147034608110446
105,24,7,0.0013589323809825283
105,24,8,0.007617956318420042
105,24,9,0.00024553220136526823
105,24,10,0.0015807601555017075
106,1,1,7.678342672266144e-11
106,1,2,0.00017922138026593568
106,1,3,7.647522486234485e-11
106,1,4,7.625736564175435e-11
106,1,5,0.0002303366022955258
106,1,6,7.822575240100349e-11
106,1,7,7.669790413438743e-11
106,1,8,0.0020248543427553215
106,1,9,7.630371792143692e-11
106,1,10,1.0747343862475483e-10
106,2,1,0.028127676957147706
106,2,2,0.0021829537197381958
106,2,3,8.065419340056037e-11
106,2,4,0.00037333052742517467
106,2,5,8.033416211363296e-11
106,2,6,8.174534291571381e-11
106,2,7,0.028127676904911487
106,2,8,0.0281276768401985
106,2,9,0.028127676997430354
106,2,10,0.028127677010443445
106,3,1,8.324273387744671e-11
106,3,2,3.215404965393777e-10
106,3,3,0.0003528103834297677
106,3,4,8.262982920041236e-11
106,3,5,8.29174919945518e-11
106,3,6,0.00035620915968992645
106,3,7,8.198118138963514e-11
106,3,8,0.0062314468114450326
106,3,9,8.265407214385752e-11
106,3,10,8.324059835993518e-11
106,4,1,8.047696189925188e-11
106,4,2,8.218912569169432e-11
106,4,3,8.014979341211639e-11
106,4,4,7.992971459905716e-11
106,4,5,8.020186387643428e-11
106,4,6,9.398364305044672e-11
106,4,7,0.00020592458011775954
106,4,8,0.006024135561812863
106,4,9,7.995927138938784e-11
106,4,10,0.00013967337507492274
106,5,1,0.028127676914711228
106,5,2,0.028127676921862587
106,5,3,7.805278631741355e-11
106,5,4,0.00038385831798404664
106,5,5,7.790748384843381e-11
106,5,6,0.028127676950666227
106,5,7,0.0001800994915951519
106,5,8,0.000494840532806191
106,5,9,0.028127676946990653
106,5,10,0.00024564591155177136
106,6,1,7.361344470567776e-11
106,6,2,2.168788958235714e-10
106,6,3,7.264601577169005e-11
106,6,4,7.246143832292969e-11
106,6,5,7.290066917297167e-11
106,6,6,7.335372589716198e-11
106,6,7,7.415908635576495e-11
106,6,8,0.008292985036730661
106,6,9,7.249292713647976e-11
106,6,10,0.0016357380936843685
106,7,1,0.028127676914377692
106,7,2,0.02812767682667832
106,7,3,0.0003969994916272008
106,7,4,0.00044281021373720916
106,7,5,0.028127676949257694
106,7,6,0.028127676899709242
106,7,7,0.02812767686296481
106,7,8,0.0007075218993614483
106,7,9,0.00044175811414812557
106,7,10,0.028127676894177958
106,8,1,7.088433988398108e-11
106,8,2,0.00028672515309298923
106,8,3,7.087061979644341e-11
106,8,4,0.00041328622853789354
106,8,5,8.775602861871253e-5
106,8,6,0.0003111767789849451
106,8,7,7.340239234810492e-11
106,8,8,0.028127676906514926
106,8,9,7.073890213455141e-11
106,8,10,5.934874069993694e-5
106,9,1,0.0034638055010635777
106,9,2,0.028127676879216072
106,9,3,0.0033479259900394557
106,9,4,0.00280468877205427
106,9,5,0.02812767690642057
106,9,6,0.02812767693908947
106,9,7,0.005963971370490546
106,9,8,0.022155111261835364
106,9,9,0.028127676916529707
106,9,10,0.007429549237761543
106,10,1,0.0009006937595932168
106,10,2,1.1221443236517758e-10
106,10,3,0.0009226154900879301
106,10,4,0.0009226154906211615
106,10,5,3.268518594759966e-5
106,10,6,8.78926090493991e-11
106,10,7,0.0009129072592102237
106,10,8,0.0007075220655745554
106,10,9,0.0010354271217455533
106,10,10,8.891053589614581e-11
106,11,1,0.002782201180598995
106,11,2,1.0783850340163172e-10
106,11,3,0.0031290262151030947
106,11,4,0.003010249528445004
106,11,5,0.003475964693305082
106,11,6,0.0037398519761049293
106,11,7,0.0032245960214604395
106,11,8,0.0028117949125264345
106,11,9,9.612751747250095e-11
106,11,10,0.0025112900226581234
106,12,1,0.0027139417139333574
106,12,2,0.0041937519379035915
106,12,3,0.0030783776787600596
106,12,4,0.0029509052313753266
106,12,5,3.381085103210506e-5
106,12,6,9.91801050622769e-11
106,12,7,0.003849761920701393
106,12,8,0.005427240153242723
106,12,9,0.003029431688641067
106,12,10,0.0035329673886752492
106,13,1,0.002727827736252364
106,13,2,0.028127676996097105
106,13,3,0.003116172768601377
106,13,4,0.0029830535038226757
106,13,5,0.0036852983927504698
106,13,6,0.0036199758933797214
106,13,7,0.0038644024444193666
106,13,8,0.011372868431914623
106,13,9,0.0030622860807993342
106,13,10,0.0036518684042337463
106,14,1,0.002821030595556704
106,14,2,0.004379653710258391
106,14,3,0.0032124946502536133
106,14,4,0.0030794519295935883
106,14,5,9.83919370210076e-11
106,14,6,0.00366190567065023
106,14,7,4.3062847384377974e-5
106,14,8,0.004994710847376472
106,14,9,0.0031539034523032695
106,14,10,0.0038220332250337957
106,15,1,0.002002157818679671
106,15,2,1.0781896282212627e-10
106,15,3,0.0019438349470727628
106,15,4,0.001943834947724055
106,15,5,8.26327233295408e-5
106,15,6,0.000394238226055674
106,15,7,9.15564424747668e-11
106,15,8,0.002035408141481854
106,15,9,0.0021019772239260844
106,15,10,6.564691763405402e-5
106,16,1,8.020803331600426e-11
106,16,2,3.240965009140946e-10
106,16,3,8.13014372700894e-11
106,16,4,8.154541566456241e-11
106,16,5,0.00010032786525722786
106,16,6,0.00048211074331229085
106,16,7,8.24346646644662e-11
106,16,8,0.002685046358977542
106,16,9,8.156017065378036e-11
106,16,10,8.42882077510853e-11
106,17,1,5.912048835453153e-11
106,17,2,0.00017936907311246953
106,17,3,5.990258437917207e-11
106,17,4,5.953307673082192e-11
106,17,5,0.0001079014665133699
106,17,6,5.941328397598825e-11
106,17,7,0.00045667908737945126
106,17,8,0.0010408742544064772
106,17,9,0.00030240375324231246
106,17,10,5.632196027444228e-5
106,18,1,4.131586837179969e-11
106,18,2,0.0027357193152542786
106,18,3,2.702163851637394e-10
106,18,4,4.218173105577672e-11
106,18,5,4.3040461235691585e-11
106,18,6,4.258257082723099e-11
106,18,7,0.0009685144359048322
106,18,8,0.0007205278134588384
106,18,9,0.00027727110155101445
106,18,10,0.0025011636467130115
106,19,1,3.067369334429791e-11
106,19,2,0.0042273308707568985
106,19,3,0.028127676806265562
106,19,4,3.288925135122063e-11
106,19,5,0.0007103788845225765
106,19,6,0.00037126685359378087
106,19,7,0.0016877612534755288
106,19,8,0.0006329220371804748
106,19,9,0.00013027139993959132
106,19,10,0.004118784751743211
106,20,1,0.02812767681133941
106,20,2,0.03314225327709422
106,20,3,0.029284619098857545
106,20,4,0.0281276767459133
106,20,5,0.029174550505413475
106,20,6,0.03046965493466392
106,20,7,0.030886902020489014
106,20,8,0.03984782173384266
106,20,9,0.02812767685040897
106,20,10,0.033033635153935585
106,21,1,0.0005528353942060623
106,21,2,0.00120290631911269
106,21,3,0.0002606326008915522
106,21,4,0.00030877621435228866
106,21,5,0.00011749981203545211
106,21,6,9.295830291451564e-5
106,21,7,0.00017650119063959078
106,21,8,0.007355569683893053
106,21,9,3.585909230672574e-11
106,21,10,0.00018310981372293887
106,22,1,4.7655918778573214e-11
106,22,2,0.00022060827634399466
106,22,3,0.00028887913593930796
106,22,4,0.00033689956463406643
106,22,5,4.731591245935347e-11
106,22,6,0.00034193511989868356
106,22,7,5.56449422747724e-5
106,22,8,0.0014481458306140537
106,22,9,0.00033578465185478987
106,22,10,0.0013034461954041464
106,23,1,5.650050563342748e-11
106,23,2,0.0017149177464252992
106,23,3,5.620579776353677e-11
106,23,4,0.000339436073590915
106,23,5,6.023786656357703e-5
106,23,6,0.0004357800217400955
106,23,7,7.928286468545385e-11
106,23,8,0.0016700596561201179
106,23,9,0.0003383236718135964
106,23,10,5.3375304065537685e-5
106,24,1,6.858394190743072e-11
106,24,2,0.000514571645219724
106,24,3,6.828885286363882e-11
106,24,4,6.891459391719397e-11
106,24,5,7.07441018316298e-11
106,24,6,0.00010697802525265811
106,24,7,7.068984536202548e-11
106,24,8,0.0026253263517380756
106,24,9,6.898140549263406e-11
106,24,10,0.00034893542960992075
107,1,1,0.0003387644126258446
107,1,2,0.0017630656980410417
107,1,3,0.00018034433738669481
107,1,4,0.00013856789617024584
107,1,5,0.0002875702897728227
107,1,6,0.0001823406064202255
107,1,7,0.0003369370846110877
107,1,8,0.007148379660566803
107,1,9,0.00013944151021421308
107,1,10,0.000439045037243631
107,2,1,0.0003424720300655653
107,2,2,0.004209984105866616
107,2,3,0.00017539095480849555
107,2,4,0.0001345869085324574
107,2,5,0.00027044864392080097
107,2,6,0.0001570358825731339
107,2,7,0.0003173069417169748
107,2,8,0.0051745155062606915
107,2,9,0.00013543871031560556
107,2,10,0.00047979639932765823
107,3,1,0.0003014381948747308
107,3,2,0.0012525201034300562
107,3,3,0.00015119453767212598
107,3,4,0.00011518256669525845
107,3,5,0.00026379418900651115
107,3,6,0.00014834316883590888
107,3,7,0.00030967413061345627
107,3,8,0.00980845992030392
107,3,9,0.00011593332160032099
107,3,10,0.0004901594509011507
107,4,1,0.0002808348040100835
107,4,2,0.0011430080047967358
107,4,3,0.00015119455164881777
107,4,4,0.00011518256523509168
107,4,5,0.00027718086152623287
107,4,6,0.00015256702524082068
107,4,7,0.00032502681403873905
107,4,8,0.009551290342461776
107,4,9,0.0001159333200700515
107,4,10,0.00045416927249128657
107,5,1,0.0002944936643452131
107,5,2,0.0008972440441143287
107,5,3,0.0001654568210751471
107,5,4,0.00012661063160517144
107,5,5,0.00031637115870077303
107,5,6,0.00016809773135994106
107,5,7,0.0003699297890242529
107,5,8,0.004371884912138413
107,5,9,0.00012742267206028172
107,5,10,0.0007556675404869108
107,6,1,0.0002741260761218929
107,6,2,0.0007083824555924888
107,6,3,0.00013569608919716572
107,6,4,0.00010279605656078922
107,6,5,0.0003354174696006562
107,6,6,0.00016137812573195704
107,6,7,0.0003917292187504395
107,6,8,0.012927187465427814
107,6,9,0.0001034812440228463
107,6,10,0.0022439773312342547
107,7,1,0.00015211618224259096
107,7,2,0.0005824075791015867
107,7,3,0.00011714229796299844
107,7,4,8.801847570908964e-5
107,7,5,0.00039803804899844855
107,7,6,0.00011551125433800951
107,7,7,0.00046330775467780944
107,7,8,0.005174515501634201
107,7,9,8.862425120111928e-5
107,7,10,0.0006498619639130653
107,8,1,0.00012756040279441084
107,8,2,0.001277012980898213
107,8,3,0.0001398620244836942
107,8,4,0.00010612176734251673
107,8,5,0.0006000047126409485
107,8,6,0.00018967388705876624
107,8,7,0.0006934611256175356
107,8,8,0.005174515503542654
107,8,9,0.00010682447860671559
107,8,10,0.0007107769441760829
107,9,1,5.3739245822674975e-5
107,9,2,0.0013938429124703538
107,9,3,0.004969928168397618
107,9,4,0.004176413604817819
107,9,5,0.0007472882101519018
107,9,6,0.00024447582291853694
107,9,7,0.000860816517114709
107,9,8,0.0051745155108320956
107,9,9,9.016700363030526e-5
107,9,10,0.00061801400132753
107,10,1,1.245686299254654e-5
107,10,2,0.0017638135756436382
107,10,3,0.00012317841713446677
107,10,4,9.281970755377053e-5
107,10,5,0.0008555327587107957
107,10,6,0.00030652905079990166
107,10,7,0.0009836319368425074
107,10,8,0.00517451569620793
107,10,9,9.345093919074488e-5
107,10,10,0.0005631872784882218
107,11,1,2.2613034047617083e-6
107,11,2,0.0020771310923060108
107,11,3,0.00014217726763999456
107,11,4,0.00010797251072622419
107,11,5,0.0009012496196545158
107,11,6,0.00033982640978555146
107,11,7,0.0010354572555045548
107,11,8,0.005174515594502229
107,11,9,0.0001086845870981535
107,11,10,0.000568974078979619
107,12,1,4.671568442090505e-7
107,12,2,0.002253758804820594
107,12,3,0.00017282231103730322
107,12,4,0.00013252417096536247
107,12,5,0.0008481017657638916
107,12,6,0.00032470532276038613
107,12,7,0.0009752023530222776
107,12,8,0.005174515579036295
107,12,9,0.0001333658032259209
107,12,10,0.0006240630876932241
107,13,1,6.321033416427854e-7
107,13,2,0.002303613275258069
107,13,3,0.0001936389177638479
107,13,4,0.00014926623570804114
107,13,5,0.0007542868093279226
107,13,6,0.0002567238920407029
107,13,7,0.00086876411074246
107,13,8,0.005174515577036135
107,13,9,0.0001501940643241743
107,13,10,0.0007038774897839291
107,14,1,1.2941087815391426e-6
107,14,2,0.0021565084817336284
107,14,3,0.00019094266367117535
107,14,4,0.0001470958268240487
107,14,5,0.0006869454608933403
107,14,6,0.00018721307730038526
107,14,7,0.0007922884543977626
107,14,8,0.005174515585167699
107,14,9,0.00014801309018753613
107,14,10,0.0007246636843609666
107,15,1,1.3862709209566364e-6
107,15,2,0.0019844217741672113
107,15,3,0.00017539096288536477
107,15,4,0.00013458693225767597
107,15,5,0.0006178206104690443
107,15,6,0.00011908809129195885
107,15,7,0.0007137208162723913
107,15,8,0.004843654782452688
107,15,9,0.0001354387276719323
107,15,10,0.0006833838366930212
107,16,1,1.1192518997318063e-6
107,16,2,0.0019387987658836426
107,16,3,0.00019363890436352321
107,16,4,0.0001492662223412025
107,16,5,0.0005594066028577122
107,16,6,6.731610143593119e-5
107,16,7,0.0006472649217924685
107,16,8,0.007176844137340252
107,16,9,0.00015019405085076853
107,16,10,0.0006833838436715698
107,17,1,1.4815673950556983e-6
107,17,2,0.002005147882791003
107,17,3,0.0002533674695047552
107,17,4,0.00019752102244125207
107,17,5,0.0005368203599212092
107,17,6,5.001939020482207e-5
107,17,7,0.001125888143559992
107,17,8,0.004290347214523289
107,17,9,0.00019869183871106037
107,17,10,0.0007246636080736718
107,18,1,3.091796250183196e-6
107,18,2,0.005356075997394515
107,18,3,0.00028749131339934745
107,18,4,0.00022519782052316708
107,18,5,0.0004837266368999445
107,18,6,6.608461609046882e-5
107,18,7,0.0019275492781566854
107,18,8,0.0031973438170248263
107,18,9,0.0002265065324132992
107,18,10,0.004418930628066638
107,19,1,9.764863829965973e-6
107,19,2,0.0054507776805397526
107,19,3,0.00022213357396812727
107,19,4,0.00017224946115841733
107,19,5,0.0014117897299890632
107,19,6,0.00013619253089636914
107,19,7,0.0029987775694857916
107,19,8,0.002794368729266126
107,19,9,0.00034110155428662047
107,19,10,0.004954589082197143
107,20,1,1.9438632644984484e-5
107,20,2,0.003865219396037212
107,20,3,0.0009409081150953069
107,20,4,0.00017695477402944153
107,20,5,0.0010171400574255163
107,20,6,0.0017375932461628169
107,20,7,0.0021891788941143177
107,20,8,0.009008266904526701
107,20,9,0.0001780234666815887
107,20,10,0.0034651206431902497
107,21,1,3.848003866248892e-5
107,21,2,0.00275350010119329
107,21,3,0.00024668612399610026
107,21,4,0.00019210773899131596
107,21,5,0.0005099436487596471
107,21,6,0.00041875322306804077
107,21,7,0.0007926385320130102
107,21,8,0.010613333175699905
107,21,9,0.0001932515856837376
107,21,10,0.0006467463654511904
107,22,1,4.932873299814854e-5
107,22,2,0.0018597877387051852
107,22,3,0.00021328082390859214
107,22,4,0.0001651023126525832
107,22,5,0.0006302398551476572
107,22,6,0.0008703076451263182
107,22,7,0.0007278394448427526
107,22,8,0.005338465884599926
107,22,9,0.000166112482774594
107,22,10,0.0025301067010769047
107,23,1,4.724694890793728e-5
107,23,2,0.00415476756368898
107,23,3,0.00021045646369814773
107,23,4,0.0001628218181190615
107,23,5,0.0007067907800634097
107,23,6,0.0011529716693115064
107,23,7,0.0008148313754199853
107,23,8,0.00625936967336452
107,23,9,0.00016381892842554023
107,23,10,0.00073868243625061
107,24,1,3.419887482283619e-5
107,24,2,0.002487804830155383
107,24,3,0.00025336747857446413
107,24,4,0.00019752103187762015
107,24,5,0.0008704915509219068
107,24,6,0.0005395059705809329
107,24,7,0.001000588858516657
107,24,8,0.006194083059212169
107,24,9,0.0001986918588993801
107,24,10,0.0013045216132730947
108,1,1,3.0039392265457594e-6
108,1,2,0.0003145921670225841
108,1,3,3.0039383327782897e-6
108,1,4,3.0039379501290857e-6
108,1,5,3.003923548178998e-6
108,1,6,3.0039396819920357e-6
108,1,7,3.0039391316992946e-6
108,1,8,0.0019440862319726026
108,1,9,3.0039380187938297e-6
108,1,10,3.0039718210297225e-6
108,2,1,3.0039335437870698e-6
108,2,2,0.0033882862863462643
108,2,3,3.003942625620223e-6
108,2,4,3.003925508256952e-6
108,2,5,3.003942438611654e-6
108,2,6,3.00394386035995e-6
108,2,7,3.003933376880893e-6
108,2,8,3.0038872789207277e-6
108,2,9,3.0039321319848985e-6
108,2,10,3.0039339107492355e-6
108,3,1,3.0039445644995106e-6
108,3,2,3.0042218257814606e-6
108,3,3,3.003927257572601e-6
108,3,4,3.003943056875376e-6
108,3,5,3.003943850569975e-6
108,3,6,3.003927222471885e-6
108,3,7,3.0039445493817165e-6
108,3,8,0.004701231135368175
108,3,9,3.0039430828136145e-6
108,3,10,3.0039462516202576e-6
108,4,1,3.0039428859461106e-6
108,4,2,3.0039464785604025e-6
108,4,3,3.003942126277625e-6
108,4,4,3.0039415119775858e-6
108,4,5,3.0039423462646053e-6
108,4,6,3.0039427324011643e-6
108,4,7,3.003926969745552e-6
108,4,8,0.004440729930197779
108,4,9,3.0039415440071596e-6
108,4,10,3.0039276484895597e-6
108,5,1,3.0039315456142384e-6
108,5,2,3.003932847858409e-6
108,5,3,3.0039394218201595e-6
108,5,4,3.0039238243615532e-6
108,5,5,3.0039400128765872e-6
108,5,6,3.003931077470589e-6
108,5,7,3.003925250298213e-6
108,5,8,3.0038843631074214e-6
108,5,9,3.0039305951492865e-6
108,5,10,0.0003913478677626041
108,6,1,3.0039357665083156e-6
108,6,2,3.0041043822331117e-6
108,6,3,3.0039341613336987e-6
108,6,4,3.0039338122611085e-6
108,6,5,3.003935054575306e-6
108,6,6,3.0039348331902205e-6
108,6,7,3.0039366795956254e-6
108,6,8,0.006631299296238597
108,6,9,3.003933855864575e-6
108,6,10,0.0018536148395299722
108,7,1,3.0039223714988165e-6
108,7,2,3.003883303644398e-6
108,7,3,3.0039163765797355e-6
108,7,4,3.003916163769967e-6
108,7,5,3.003923064271697e-6
108,7,6,3.003922262455706e-6
108,7,7,3.0039234303549528e-6
108,7,8,3.003881605785817e-6
108,7,9,3.003916153346399e-6
108,7,10,3.0038867730040026e-6
108,8,1,3.0039317798084454e-6
108,8,2,0.00046122288498608546
108,8,3,3.0039320234784728e-6
108,8,4,3.003918437376383e-6
108,8,5,3.0039209721359035e-6
108,8,6,3.003918880862333e-6
108,8,7,3.0039362655616543e-6
108,8,8,3.0038837663190857e-6
108,8,9,3.003931741696796e-6
108,8,10,3.003880195567568e-6
108,9,1,3.003935307144961e-6
108,9,2,3.0039216459532934e-6
108,9,3,0.004961316420767111
108,9,4,0.004169815180150784
108,9,5,3.0039320660921405e-6
108,9,6,3.003930565181309e-6
108,9,7,3.003940027261061e-6
108,9,8,3.0038936261713854e-6
108,9,9,3.003929535024853e-6
108,9,10,3.003941148495091e-6
108,10,1,3.003946324428482e-6
108,10,2,3.0039784702010594e-6
108,10,3,3.003947476887969e-6
108,10,4,3.003947115862158e-6
108,10,5,3.0039376351941992e-6
108,10,6,3.003950252708412e-6
108,10,7,3.0039509015606444e-6
108,10,8,3.004100227615058e-6
108,10,9,3.003947038628131e-6
108,10,10,3.0039515851193507e-6
108,11,1,3.003953601714022e-6
108,11,2,3.0039742106833894e-6
108,11,3,3.0039551815558572e-6
108,11,4,3.003954827380437e-6
108,11,5,3.003957797931419e-6
108,11,6,3.003956220480878e-6
108,11,7,3.0039586635545915e-6
108,11,8,3.0039946694447994e-6
108,11,9,3.003958016119023e-6
108,11,10,3.0039580162284504e-6
108,12,1,3.0039555716708084e-6
108,12,2,3.0039630188783645e-6
108,12,3,3.0039576008998936e-6
108,12,4,3.0039572110713276e-6
108,12,5,3.0039481140975837e-6
108,12,6,3.003962044556431e-6
108,12,7,3.00396038758431e-6
108,12,8,3.003975756573163e-6
108,12,9,3.0039572070664504e-6
108,12,10,3.0039598516522252e-6
108,13,1,3.0039555785858537e-6
108,13,2,3.003956574162936e-6
108,13,3,3.0039577051032603e-6
108,13,4,3.003957302284488e-6
108,13,5,3.003959459166241e-6
108,13,6,3.0039580171824365e-6
108,13,7,3.0039600549443444e-6
108,13,8,3.0039733698572107e-6
108,13,9,3.0039573074958736e-6
108,13,10,3.003960079878593e-6
108,14,1,3.0039549093984873e-6
108,14,2,3.0039619509424527e-6
108,14,3,3.00395689383073e-6
108,14,4,3.003956501329169e-6
108,14,5,3.00396215145393e-6
108,14,6,3.003956799669009e-6
108,14,7,3.0039467963855377e-6
108,14,8,3.003983661361803e-6
108,14,9,3.0039564968770595e-6
108,14,10,3.0039592971325035e-6
108,15,1,3.0039487189328082e-6
108,15,2,3.0039745152429747e-6
108,15,3,3.0039507250009265e-6
108,15,4,3.003950292774773e-6
108,15,5,3.003939416316243e-6
108,15,6,3.0039366447901057e-6
108,15,7,3.0039554162860837e-6
108,15,8,3.0042009356647443e-6
108,15,9,3.0039502303619897e-6
108,15,10,3.003940361858317e-6
108,16,1,3.0039419506975813e-6
108,16,2,3.0042297541264897e-6
108,16,3,3.003943634444981e-6
108,16,4,3.0039433420137897e-6
108,16,5,3.003930492549141e-6
108,16,6,3.0039277389128662e-6
108,16,7,3.0039458495906762e-6
108,16,8,0.0028945463072943198
108,16,9,3.0039433703670212e-6
108,16,10,3.003947979337379e-6
108,17,1,3.0039191657455467e-6
108,17,2,0.0001785305053487155
108,17,3,3.0039209691656838e-6
108,17,4,3.0039204939935687e-6
108,17,5,3.003910228398043e-6
108,17,6,3.0039198904100297e-6
108,17,7,0.0006700421044344981
108,17,8,0.0010333959651244238
108,17,9,3.003908978332779e-6
108,17,10,3.0038762375651398e-6
108,18,1,3.003899657869021e-6
108,18,2,0.0028099432750695306
108,18,3,3.0041235181737173e-6
108,18,4,3.0039019328424005e-6
108,18,5,3.003904393576065e-6
108,18,6,3.0039017287600525e-6
108,18,7,0.0015983856836089324
108,18,8,0.0007166009090843009
108,18,9,3.0038925225009996e-6
108,18,10,0.00252953994624902
108,19,1,3.0038886012197125e-6
108,19,2,0.0030284191580589154
108,19,3,3.003867381901119e-6
108,19,4,3.0038954688853987e-6
108,19,5,0.0011711105881406906
108,19,6,3.0038679059456374e-6
108,19,7,0.002774022668417844
108,19,8,0.0006048388480547144
108,19,9,0.0002152063550591785
108,19,10,0.0029193354806865642
108,20,1,3.003883886376527e-6
108,20,2,0.0019916425371288926
108,20,3,0.0008067712634181852
108,20,4,3.0038848788294152e-6
108,20,5,0.0007449484392533896
108,20,6,0.0016269782303568133
108,20,7,0.0019299305957155137
108,20,8,0.0047125276276049795
108,20,9,3.0038904264920643e-6
108,20,10,0.001992322657703631
108,21,1,3.0038861732467177e-6
108,21,2,0.002002502594436604
108,21,3,3.0038883723430516e-6
108,21,4,3.0038880384005786e-6
108,21,5,3.0039190687777324e-6
108,21,6,0.0001531311862452889
108,21,7,0.0002961922338423059
108,21,8,0.005521559023692736
108,21,9,3.0038943695902345e-6
108,21,10,0.00012585325263938962
108,22,1,3.0039068064176292e-6
108,22,2,0.00022562332097743234
108,22,3,3.003898537725723e-6
108,22,4,3.003897359393213e-6
108,22,5,3.0039080084749047e-6
108,22,6,0.0005602132557177927
108,22,7,3.003878719906841e-6
108,22,8,0.0014396796434252971
108,22,9,3.003897376247731e-6
108,22,10,0.0021496534678966846
108,23,1,3.0039171625764537e-6
108,23,2,0.0028901579838445986
108,23,3,3.0039172532635835e-6
108,23,4,3.003906080562718e-6
108,23,5,3.003908729899202e-6
108,23,6,0.0007453859887496811
108,23,7,3.003952055471454e-6
108,23,8,0.0016466119929618274
108,23,9,3.003906055357791e-6
108,23,10,3.003876412873511e-6
108,24,1,3.0039295096158103e-6
108,24,2,0.0008624084175902397
108,24,3,3.0039305697461932e-6
108,24,4,3.0039305013452715e-6
108,24,5,3.003933229026583e-6
108,24,6,3.003917929557109e-6
108,24,7,3.0039337989694548e-6
108,24,8,0.0016828223978752133
108,24,9,3.003930574131762e-6
108,24,10,0.0005922145667204393
109,1,1,0.0001833977181070467
109,1,2,0.0009647457750042788
109,1,3,0.00010627191704483173
109,1,4,8.525018070060521e-5
109,1,5,0.0001587868591807276
109,1,6,0.00010726624918000482
109,1,7,0.00018252302506353483
109,1,8,0.004883453267294672
109,1,9,8.569456076064377e-5
109,1,10,0.00023105869630178535
109,2,1,0.00018517166955337358
109,2,2,0.003815681624578532
109,2,3,0.00010380109512701642
109,2,4,8.322215450677051e-5
109,2,5,0.00015050104450500804
109,2,6,9.459743834440937e-5
109,2,7,0.00017310986909766857
109,2,8,0.002376258881164097
109,2,9,8.365651038746837e-5
109,2,10,0.0002502689314264635
109,3,1,0.00016547661498610388
109,3,2,0.0006066262483691182
109,3,3,9.165113322401107e-5
109,3,4,7.32591049892946e-5
109,3,5,0.00014727221929761267
109,3,6,9.020962869470249e-5
109,3,7,0.00016944108129064115
109,3,8,0.00879081482486082
109,3,9,7.364721315470368e-5
109,3,10,0.00025514211538644316
109,4,1,0.00015553093633011045
109,4,2,0.0005566519766630716
109,4,3,9.165114742238332e-5
109,4,4,7.325910347594572e-5
109,4,5,0.00015376267702704968
109,4,6,9.23442130414334e-5
109,4,7,0.00017681547421204106
109,4,8,0.008415763150318329
109,4,9,7.364721163660941e-5
109,4,10,0.00023819740166065425
109,5,1,0.0001621289305533572
109,5,2,0.0004440433657585724
109,5,3,9.882967694853463e-5
109,5,4,7.914318985312717e-5
109,5,5,0.0001726603482547258
109,5,6,0.00010015346105788363
109,5,7,0.00019827811192575176
109,5,8,0.002014743738641068
109,5,9,7.955945572907868e-5
109,5,10,0.0005683221010875679
109,6,1,0.00015228328926600836
109,6,2,0.00035690062695301473
109,6,3,8.378770873877729e-5
109,6,4,6.68206286873526e-5
109,6,5,0.0001817954276898105
109,6,6,9.678194566925537e-5
109,6,7,0.0002086476244925323
109,6,8,0.012084951143678427
109,6,9,6.717862375789043e-5
109,6,10,0.0020402948088614676
109,7,1,9.211659414288559e-5
109,7,2,0.00029833821259257943
109,7,3,7.427170985177908e-5
109,7,4,5.903969583319386e-5
109,7,5,0.00021164309299220198
109,7,6,7.342904066658355e-5
109,7,7,0.00024250548658715288
109,7,8,0.0023762588759937957
109,7,9,5.936109638188635e-5
109,7,10,0.0003297484767025561
109,8,1,7.963003595704174e-5
109,8,2,0.0008322849130228586
109,8,3,8.590837694714165e-5
109,8,4,6.855613184489786e-5
109,8,5,0.00030654520423865304
109,8,6,0.00011091209659630841
109,8,7,0.000349985278723092
109,8,8,0.0023762588780323465
109,8,9,6.892217969223543e-5
109,8,10,0.0003580097587118525
109,9,1,4.0387207019631714e-5
109,9,2,0.0006709757348647866
109,9,3,0.00499218894409965
109,9,4,0.004194989955919044
109,9,5,0.00037490799247097786
109,9,6,0.00013786942374519555
109,9,7,0.0004272842884815921
109,9,8,0.0023762588865249806
109,9,9,6.017861851064795e-5
109,9,10,0.0003149347622559094
109,10,1,1.5176903665629193e-5
109,10,2,0.000838879119466707
109,10,3,7.738119317317571e-5
109,10,4,6.158102139333428e-5
109,10,5,0.0004248516629566534
109,10,6,0.00016792788313556574
109,10,7,0.00048371033087187535
109,10,8,0.0023762590956842118
109,10,9,6.191413506784195e-5
109,10,10,0.0002893630113589644
109,11,1,6.691428235136347e-6
109,11,2,0.0009806350624511266
109,11,3,8.708466438079109e-5
109,11,4,6.95197124505053e-5
109,11,5,0.00044588496717420646
109,11,6,0.00018390595932636433
109,11,7,0.000507460486040404
109,11,8,0.002376258982779555
109,11,9,6.989003157079738e-5
109,11,10,0.00029206652359958774
109,12,1,4.231450192189319e-6
109,12,2,0.0010604269025946981
109,12,3,0.0001025177641752733
109,12,4,8.216935945865832e-5
109,12,5,0.0004214296913744338
109,12,6,0.00017666127230285165
109,12,7,0.0004798441399362951
109,12,8,0.0023762589646369727
109,12,9,8.259909210495502e-5
109,12,10,0.0003177506034489323
109,13,1,4.533008406164357e-6
109,13,2,0.0010829362538833918
109,13,3,0.0001128790948563247
109,13,4,9.067654248572672e-5
109,13,5,0.0003781438809049429
109,13,6,0.00014383610836166198
109,13,7,0.0004309424960390096
109,13,8,0.0023762589626006355
109,13,9,9.114561365940657e-5
109,13,10,0.0003548132794068673
109,14,1,5.523777799971394e-6
109,14,2,0.0010165029833318969
109,14,3,0.00011154185307556313
109,14,4,8.95783450273839e-5
109,14,5,0.00034696398355475255
109,14,6,0.00010968985589585246
109,14,7,0.00039569728738899794
109,14,8,0.002376258972157138
109,14,9,9.004262776984604e-5
109,14,10,0.00036444029645689934
109,15,1,5.6453001802044045e-6
109,15,2,0.0009387219124136797
109,15,3,0.00010380110348099857
109,15,4,8.322217863807248e-5
109,15,5,0.0003148447212783641
109,15,6,7.527561802645994e-5
109,15,7,0.000359373369412736
109,15,8,0.002227208140522493
109,15,9,8.365652808385777e-5
109,15,10,0.0003453120205273558
109,16,1,5.28465530876434e-6
109,16,2,0.0009180871509224105
109,16,3,0.00011287908102544746
109,16,4,9.067652876635646e-5
109,16,5,0.00028759611876046743
109,16,6,4.7901035187092946e-5
109,16,7,0.00032854155388431527
109,16,8,0.00596503188483002
109,16,9,9.114559993727768e-5
109,16,10,0.0003453120277792315
109,17,1,5.768115046305679e-6
109,17,2,0.001064127608558854
109,17,3,0.00014220282956151672
109,17,4,0.00011480211085405409
109,17,5,0.00027703025444520394
109,17,6,3.8289816620324875e-5
109,17,7,0.0008886218101107856
109,17,8,0.002804275879116334
109,17,9,0.00011538154760703993
109,17,10,0.0003644402168892218
109,18,1,7.569284246537911e-6
109,18,2,0.004994235218023874
109,18,3,0.00015874884064928538
109,18,4,0.00012843853226443016
109,18,5,0.0002521176345695173
109,18,6,4.7227441526418495e-5
109,18,7,0.0017742177742176163
109,18,8,0.0020610461278109233
109,18,9,0.00012908038946637628
109,18,10,0.004302067714774272
109,19,1,1.3207750840562341e-5
109,19,2,0.005235954087814625
109,19,3,0.00012693466563063602
109,19,4,0.00010223133080445478
109,19,5,0.0013018464878807566
109,19,6,8.404067459748378e-5
109,19,7,0.00291281611007639
109,19,8,0.0017716430389826435
109,19,9,0.0002847134756718708
109,19,10,0.004894995139342146
109,20,1,1.9931060191096464e-5
109,20,2,0.0036112868018996643
109,20,3,0.00088540609209928
109,20,4,0.0001045816822713067
109,20,5,0.0008857866265127124
109,20,6,0.0016997331837256262
109,20,7,0.002076734696019705
109,20,8,0.008433445308166138
109,20,9,0.00010511484861607635
109,20,10,0.0033810307998344414
109,21,1,3.164325242074899e-5
109,21,2,0.002368780929016188
109,21,3,0.00013894753302525137
109,21,4,0.00011211981850926766
109,21,5,0.0002644331100291927
109,21,6,0.0002878093558359476
109,21,7,0.0005301736386334909
109,21,8,0.00992668932799108
109,21,9,0.00011268704382783008
109,21,10,0.00037948488320123586
109,22,1,3.789824188402977e-5
109,22,2,0.0010351283816288637
109,22,3,0.00012258203753440303
109,22,4,9.865183075505698e-5
109,22,5,0.0003206247773341052
109,22,6,0.0007135857006290123
109,22,7,0.0003659102432823533
109,22,8,0.003669291351929972
109,22,9,9.915846591716962e-5
109,22,10,0.0023553849739559583
109,23,1,3.6713622765139377e-5
109,23,2,0.0034954662829147836
109,23,3,0.00012119081383968007
109,23,4,9.750720067306698e-5
109,23,5,0.0003561631140487833
109,23,6,0.0009417671864431377
109,23,7,0.0004060972021779818
109,23,8,0.004240244041767202
109,23,9,9.800782647555673e-5
109,23,10,0.00037092760113182553
109,24,1,2.910970584983586e-5
109,24,2,0.001589732735568749
109,24,3,0.00014220283875956193
109,24,4,0.00011480212048543336
109,24,5,0.00043173747070787645
109,24,6,0.0002782875329150211
109,24,7,0.0004914848263729778
109,24,8,0.004230292897306883
109,24,9,0.0001153815681039893
109,24,10,0.000918988033524892
110,1,1,0.0008678087020083081
110,1,2,0.0035809251433309747
110,1,3,0.0005203236683565404
110,1,4,0.00042437236336450635
110,1,5,0.0007574948507004584
110,1,6,0.0005248443397818103
110,1,7,0.0008638950021714224
110,1,8,0.012498963386968478
110,1,9,0.0004264090550729516
110,1,10,0.0010804282611238507
110,2,1,0.0008757445827742448
110,2,2,0.00572916753853977
110,2,3,0.000509083878798519
110,2,4,0.00041507229221910823
110,2,5,0.000720253911275105
110,2,6,0.0004671318110957189
110,2,7,0.0008217460433476039
110,2,8,0.010446621215245514
110,2,9,0.00041706486642662454
110,2,10,0.0011658307419113816
110,3,1,0.0007875227968841959
110,3,2,0.0027349611565099753
110,3,3,0.0004536716076878764
110,3,4,0.0003692490260149605
110,3,5,0.0007057263201843043
110,3,6,0.00044708027759130875
110,3,7,0.0008053023521293072
110,3,8,0.01388711213829394
110,3,9,0.00037103857569352776
110,3,10,0.0011874725531353762
110,4,1,0.0007428675733952488
110,4,2,0.0025159599421061434
110,4,3,0.00045367162209000966
110,4,4,0.00036924902446517483
110,4,5,0.0007349201169668436
110,4,6,0.0004568393169432648
110,4,7,0.0008383454422202243
110,4,8,0.013772959884127233
110,4,9,0.00037103857418720047
110,4,10,0.0011121820513783302
110,5,1,0.0007725004582500721
110,5,2,0.002021551266488449
110,5,3,0.00048644040211526327
110,5,4,0.0003963399815953452
110,5,5,0.0008197317482230532
110,5,6,0.0004924737510366936
110,5,7,0.0009343192619360879
110,5,8,0.008872995900220585
110,5,9,0.00039825334006462945
110,5,10,0.0014130037802727081
110,6,1,0.0007282690485754963
110,6,2,0.00163774227557794
110,6,3,0.00041766665058420713
110,6,4,0.0003395016965176921
110,6,5,0.0008606391123928004
110,6,6,0.0004771019286870257
110,6,7,0.0009805949603062386
110,6,8,0.017726828571167023
110,6,9,0.0003411588288623353
110,6,10,0.002933977666614759
110,7,1,0.0004557991389967359
110,7,2,0.0013789582258804047
110,7,3,0.00037391738048888885
110,7,4,0.00030338354085148
110,7,5,0.0009939525140044674
110,7,6,0.0003700327138949198
110,7,7,0.0011313347532482317
110,7,8,0.010446621210161615
110,7,9,0.0003048795139503837
110,7,10,0.0015178606583423008
110,8,1,0.00039857772027615404
110,8,2,0.002472316396550247
110,8,3,0.00042738889862231513
110,8,4,0.00034753173340005677
110,8,5,0.0014152758774224584
110,8,6,0.0005414079861468339
110,8,7,0.001607225388717767
110,8,8,0.01044662121213457
110,8,9,0.00034922422962910244
110,8,10,0.0016426366393017412
110,9,1,0.00021579487266023786
110,9,2,0.0030166733772590704
110,9,3,0.0051668117052798375
110,9,4,0.004336139119104899
110,9,5,0.0017171636646016236
110,9,6,0.0006633665766880646
110,9,7,0.0019478345616476117
110,9,8,0.010446621221924347
110,9,9,0.00030868299161850173
110,9,10,0.0014523828330525377
110,10,1,9.298789115877211e-5
110,10,2,0.003750573042590249
110,10,3,0.00038823633764871994
110,10,4,0.0003152021555429882
110,10,5,0.001937130938763069
110,10,6,0.0007985173766369332
110,10,7,0.0021958776619103925
110,10,8,0.01044662141862107
110,10,9,0.00031674967992749203
110,10,10,0.0013392191779837493
110,11,1,4.8415999377365554e-5
110,11,2,0.004369260268074203
110,11,3,0.000432777551459697
110,11,4,0.0003519862125266021
110,11,5,0.0020296492122533196
110,11,6,0.0008700824843595567
110,11,7,0.0023001607518934757
110,11,8,0.010446621314055061
110,11,9,0.0003536974761980917
110,11,10,0.001351191747315915
110,12,1,3.447903048369371e-5
110,12,2,0.0047172453426802315
110,12,3,0.0005032423080937858
110,12,4,0.0004102408263692792
110,12,5,0.0019220725922925888
110,12,6,0.0008376547530086699
110,12,7,0.002178895518341493
110,12,8,0.01044662129667726
110,12,9,0.0004122131908834868
110,12,10,0.001464833166030895
110,13,1,3.6235548974879784e-5
110,13,2,0.004815384538822921
110,13,3,0.0005503365589850295
110,13,4,0.0004492155779419046
110,13,5,0.001731428675434244
110,13,6,0.0006902559633494298
110,13,7,0.001963929045918691
110,13,8,0.010446621294302499
110,13,9,0.0004513604381134475
110,13,10,0.0016285323082431183
110,14,1,4.190173194391414e-5
110,14,2,0.004525706109205847
110,14,3,0.0005442670507992742
110,14,4,0.00044419237778235194
110,14,5,0.0015938891581876425
110,14,6,0.0005358571296021276
110,14,7,0.0018087778379957237
110,14,8,0.01044662130363921
110,14,9,0.00044631630592675576
110,14,10,0.00167100398811675
110,15,1,4.258715413526099e-5
110,15,2,0.004186400963546745
110,15,3,0.0005090838871891138
110,15,4,0.000415072316162786
110,15,5,0.0014519846842933788
110,15,6,0.00037854289480050116
110,15,7,0.0016486525074879237
110,15,8,0.009797794369983624
110,15,9,0.00041706488400269524
110,15,10,0.0015865965497582207
110,16,1,4.054744975226102e-5
110,16,2,0.004096354810632339
110,16,3,0.000550336545260884
110,16,4,0.0004492155643650639
110,16,5,0.0013313933482407014
110,16,6,0.0002512819376606311
110,16,7,0.0015125277664678025
110,16,8,0.011336320094463472
110,16,9,0.0004513604244244912
110,16,10,0.0015865965570279507
110,17,1,4.3278081493605864e-5
110,17,2,0.0040699446290876325
110,17,3,0.0006828988719554931
110,17,4,0.0005590607565073103
110,17,5,0.0012845754788880438
110,17,6,0.00020582784014491423
110,17,7,0.001932315769488923
110,17,8,0.007714707954433003
110,17,9,0.0005616885536842501
110,17,10,0.001671003909992492
110,18,1,5.322343582697797e-5
110,18,2,0.00689042643547547
110,18,3,0.0007573234197759314
110,18,4,0.0006207935533139779
110,18,5,0.0011740419797102144
110,18,6,0.00024811333265219144
110,18,7,0.0025859913454418047
110,18,8,0.005856133643196312
110,18,9,0.0006236940241382778
110,18,10,0.005142755468242033
110,19,1,8.292976944854854e-5
110,19,2,0.006594664627679271
110,19,3,0.0006139961991579911
110,19,4,0.0005019383787220423
110,19,5,0.0019210540518749143
110,19,6,0.00041882710230512664
110,19,7,0.003530209520436763
110,19,8,0.005148015655555558
110,19,9,0.0006548783048281278
110,19,10,0.005527230391429164
110,20,1,0.00011685023957670108
110,20,2,0.004923684865805026
110,20,3,0.0012684154163071324
110,20,4,0.0005126359540287634
110,20,5,0.0015673832393968406
110,20,6,0.002035727082216142
110,20,7,0.002749495176565017
110,20,8,0.011798063892283021
110,20,9,0.0005150614583559882
110,20,10,0.004006996141263018
110,21,1,0.00017402453614941078
110,21,2,0.004052001858434986
110,21,3,0.0006682278323904428
110,21,4,0.0005468908689888144
110,21,5,0.0012287103229166407
110,21,6,0.0009140161274537053
110,21,7,0.0015914848216637678
110,21,8,0.014145971918288905
110,21,9,0.0005494652379666916
110,21,10,0.0014296264021561517
110,22,1,0.00020396372383192732
110,22,2,0.0037301625006985013
110,22,3,0.0005943079010226746
110,22,4,0.00048562977168637795
110,22,5,0.001477539596825091
110,22,6,0.0014764035235868423
110,22,7,0.0016774876150759974
110,22,8,0.009419763005575031
110,22,9,0.00048793931156560015
110,22,10,0.0032912368595033876
110,23,1,0.00019831735672468928
110,23,2,0.0062399586089871145
110,23,3,0.0005880103025874391
110,23,4,0.0004804102869338547
110,23,5,0.0016344887111831318
110,23,6,0.0018982996372122183
110,23,7,0.001854579714664502
110,23,8,0.01097960609807672
110,23,9,0.0004826933827932679
110,23,10,0.0016996139562985002
110,24,1,0.0001617985870141184
110,24,2,0.004629020251265635
110,24,3,0.0006828988812108198
110,24,4,0.0005590607659821619
110,24,5,0.0019674264213516645
110,24,6,0.0012901483348588224
110,24,7,0.0022300214895072754
110,24,8,0.010826479974239396
110,24,9,0.0005616885740626314
110,24,10,0.0024092038808486787
111,1,1,0.0006085849066458705
111,1,2,0.0024957316172449055
111,1,3,0.0003749365472776697
111,1,4,0.0003098770979839274
111,1,5,0.0005346406837901168
111,1,6,0.000377993646107013
111,1,7,0.0006059641233860305
111,1,8,0.009518048475259711
111,1,9,0.00031126195080881424
111,1,10,0.0007507460488926311
111,2,1,0.0006138985879307371
111,2,2,0.005042423898967661
111,2,3,0.0003673328112372382
111,2,4,0.00030355103709442627
111,2,5,0.0005096386669362617
111,2,6,0.00033891370931762497
111,2,7,0.0005777279289581064
111,2,8,0.0070543834068168805
111,2,9,0.0003049067634285916
111,2,10,0.0008077537986772858
111,3,1,0.00055478476641468
111,3,2,0.001852832253184627
111,3,3,0.0003297815431147956
111,3,4,0.0002723174160462413
111,3,5,0.0004998792350989366
111,3,6,0.00032530693410551996
111,3,7,0.0005667060761031587
111,3,8,0.01236449213509203
111,3,9,0.00027353934876963904
111,3,10,0.0008221936627658187
111,4,1,0.0005248231782782856
111,4,2,0.0017069417532683357
111,4,3,0.0003297815575585006
111,4,4,0.00027231741453636037
111,4,5,0.0005194876076513068
111,4,6,0.00033193135312457227
111,4,7,0.0005888506624928165
111,4,8,0.012038543186432884
111,4,9,0.00027353934727414856
111,4,10,0.0007719473400330099
111,5,1,0.0005447087526600814
111,5,2,0.0013777581432294396
111,5,3,0.00035200155564718067
111,5,4,0.000290796262294762
111,5,5,0.0005763779800804358
111,5,6,0.0003560883054464567
111,5,7,0.0006530982876144123
111,5,8,0.005982195097672169
111,5,9,0.0002920998762734367
111,5,10,0.0010799720703805762
111,6,1,0.0005150215880679992
111,6,2,0.0011222455257849432
111,6,3,0.0003053161737566008
111,6,4,0.00025197662368913755
111,6,5,0.0006037837040808718
111,6,6,0.00034567344255398083
111,6,7,0.0006840439495608824
111,6,8,0.016513649064978743
111,6,9,0.0002531112483522178
111,6,10,0.0026265396185619215
111,7,1,0.00033122546173820175
111,7,2,0.0009498681172293604
111,7,3,0.00027550464240618915
111,7,4,0.0002271976202755606
111,7,5,0.0006929730116128405
111,7,6,0.00027285254693684805
111,7,7,0.0007847322002095053
111,7,8,0.007054383401149461
111,7,9,0.00022822592855006434
111,7,10,0.0010424087959049126
111,8,1,0.00029232086489759863
111,8,2,0.0018016417624718646
111,8,3,0.00031192812782803277
111,8,4,0.0002574730080833837
111,8,5,0.000974068719883153
111,8,6,0.0003891893892066707
111,8,7,0.0011019245226767495
111,8,8,0.007054383403304836
111,8,9,0.00025863094742540975
111,8,10,0.0011255044505613522
111,9,1,0.00016660722181572533
111,9,2,0.0020405988308534067
111,9,3,0.005166002593121509
111,9,4,0.004336216432831752
111,9,5,0.0011751261760557796
111,9,6,0.00047140075148960093
111,9,7,0.0013286867116441927
111,9,8,0.007054383413848753
111,9,9,0.0002308395654248213
111,9,10,0.0009987915827693844
111,10,1,7.938678088938876e-5
111,10,2,0.002530411562569092
111,10,3,0.00028527295701906056
111,10,4,0.00023531666782020076
111,10,5,0.0013215615679650998
111,10,6,0.0005621572144019082
111,10,7,0.0014938082307210936
111,10,8,0.007054383636512261
111,10,9,0.0002363789593130802
111,10,10,0.0009233830822512063
111,11,1,4.6073305631164715e-5
111,11,2,0.0029441746870636446
111,11,3,0.00031559101345163363
111,11,4,0.00026052019088187474
111,11,5,0.0013831487905558199
111,11,6,0.0006101074569041002
111,11,7,0.0015632377179653875
111,11,8,0.007054383517934309
111,11,9,0.000261690476045683
111,11,10,0.0009313630257769847
111,12,1,3.5164861671784134e-5
111,12,2,0.003177264660142423
111,12,3,0.0003633793397782721
111,12,4,0.0003002629817382906
111,12,5,0.0013115375754091556
111,12,6,0.0005883879335666188
111,12,7,0.0014825025423537957
111,12,8,0.007054383499007976
111,12,9,0.00030160541589644
111,12,10,0.0010070859687106816
111,13,1,3.656139504547178e-5
111,13,2,0.003243049865875044
111,13,3,0.00039522103443164153
111,13,4,0.00032675671745273366
111,13,5,0.0011846234951835074
111,13,6,0.0004894823844144081
111,13,7,0.0013394004161598266
111,13,8,0.007054383496449644
111,13,9,0.0003282127905069421
111,13,10,0.0011161127714120556
111,14,1,4.102021762898427e-5
111,14,2,0.0030489331403692923
111,14,3,0.0003911210752212334
111,14,4,0.00032334588391610345
111,14,5,0.001093043624720713
111,14,6,0.0003854383774083958
111,14,7,0.0012361180105780085
111,14,8,0.007054383506713838
111,14,9,0.00032478819465005265
111,14,10,0.0011443928018405778
111,15,1,4.1555296109060467e-5
111,15,2,0.0028217974422443184
111,15,3,0.00036733281956678407
111,15,4,0.0003035510615496344
111,15,5,0.0009985263303982324
111,15,6,0.0002786613991240266
111,15,7,0.0011295102091069835
111,15,8,0.006611658239346227
111,15,9,0.0003049067813641441
111,15,10,0.0010881871831348432
111,16,1,3.996040878013954e-5
111,16,2,0.00276156144415987
111,16,3,0.00039522102033591905
111,16,4,0.00032675670360288915
111,16,5,0.0009181667535457184
111,16,6,0.00019125703244592208
111,16,7,0.0010388567246537642
111,16,8,0.009241908817464953
111,16,9,0.00032821277661617093
111,16,10,0.0010881871906539933
111,17,1,4.209380902846442e-5
111,17,2,0.002819470099837388
111,17,3,0.000484536503376199
111,17,4,0.00040111238155844084
111,17,5,0.00088695566297293
111,17,6,0.00015965320547965672
111,17,7,0.0015165570756425885
111,17,8,0.0056337060443272646
111,17,9,0.0004028864837402791
111,17,10,0.001144392720036145
111,18,1,4.976109238494379e-5
111,18,2,0.006285203027039045
111,18,3,0.0005345257922371184
111,18,4,0.000442742738489741
111,18,5,0.0008132327778338389
111,18,6,0.00018906235472908404
111,18,7,0.0022909489124068503
111,18,8,0.00429143317020139
111,18,9,0.00044469643446553317
111,18,10,0.0049240018924467865
111,19,1,7.200631279753195e-5
111,19,2,0.006215804915689621
111,19,3,0.00043816341215293893
111,19,4,0.0003624966847927488
111,19,5,0.0016961383817008513
111,19,6,0.0003061055891526787
111,19,7,0.0033527312663122334
111,19,8,0.0037322686018238186
111,19,9,0.0005229590009410955
111,19,10,0.0054149584872731455
111,20,1,9.668983970152826e-5
111,20,2,0.0044674730063735905
111,20,3,0.001134780433152445
111,20,4,0.0003697362220639516
111,20,5,0.0013037878075936819
111,20,6,0.0019369639995390556
111,20,7,0.002513402407180834
111,20,8,0.0108849010148238
111,20,9,0.0003713771477045004
111,20,10,0.0038462326042533615
111,21,1,0.00013735402158577918
111,21,2,0.0033959719334617565
111,21,3,0.000474670697096617
111,21,4,0.00039289357528687663
111,21,5,0.0008497019860777482
111,21,6,0.0006782931712337268
111,21,7,0.001169418849148269
111,21,8,0.013105412057497687
111,21,9,0.0003946325004112677
111,21,10,0.0010143687804378384
111,22,1,0.0001583509251436532
111,22,2,0.0026137022227123046
111,22,3,0.0004248934540732084
111,22,4,0.0003514523533428141
111,22,5,0.0010155505648029605
111,22,6,0.001185607167430549
111,22,7,0.001148709742700559
111,22,8,0.007091016140592184
111,22,9,0.00035301696520690203
111,22,10,0.002957859638719916
111,23,1,0.00015440298020455502
111,23,2,0.00518012140766416
111,23,3,0.0004206468637388463
111,23,4,0.0003479156714022142
111,23,5,0.0011200789986599898
111,23,6,0.0015189886627204074
111,23,7,0.0012666085517429031
111,23,8,0.008286940929044898
111,23,9,0.0003494628030048122
111,23,10,0.001163441710456333
111,24,1,0.00012872974144528425
111,24,2,0.003369094198516288
111,24,3,0.0004845365127456202
111,24,4,0.00040111239135945083
111,24,5,0.0013417285208502778
111,24,6,0.0008906712309343213
111,24,7,0.001516539653979844
111,24,8,0.008213126663122084
111,24,9,0.00040288650472931697
111,24,10,0.0018006309258595927
112,1,1,0.008961938312149212
112,1,2,0.008906451575458628
112,1,3,0.008961938298974872
112,1,4,0.008961938305847895
112,1,5,0.010939613363926706
112,1,6,0.008961938263918848
112,1,7,0.008961938311794988
112,1,8,0.009346122235054054
112,1,9,0.008961938305651096
112,1,10,0.0089619383097678
112,2,1,1.7504195143321628e-5
112,2,2,0.008961938301204876
112,2,3,0.00896193830442015
112,2,4,0.011520719446671657
112,2,5,0.008961938293873768
112,2,6,0.008961938304204643
112,2,7,1.750419464078105e-5
112,2,8,1.7504194378947732e-5
112,2,9,1.750419480777571e-5
112,2,10,1.7504195597082297e-5
112,3,1,0.008961938305724292
112,3,2,0.008961938318060879
112,3,3,0.011444206485082755
112,3,4,0.00896193832682393
112,3,5,0.008961938315297046
112,3,6,0.011457009048405803
112,3,7,0.00896193831998714
112,3,8,0.008961938321784378
112,3,9,0.00896193833453497
112,3,10,0.008961938320488366
112,4,1,0.008961938341190563
112,4,2,0.008961938352851874
112,4,3,0.008961938339808153
112,4,4,0.008961938360961565
112,4,5,0.008961938220017066
112,4,6,0.008961938341022574
112,4,7,0.01082583915021353
112,4,8,0.008961938362774558
112,4,9,0.008961938331907133
112,4,10,0.010481826110781524
112,5,1,1.750419407913894e-5
112,5,2,1.7504193410937274e-5
112,5,3,0.00896193830336053
112,5,4,0.011559272928571443
112,5,5,0.008961938299648973
112,5,6,1.7504194437257565e-5
112,5,7,0.010698709112882553
112,5,8,0.006470349247455216
112,5,9,1.7504194294348267e-5
112,5,10,0.008961938284402718
112,6,1,0.00896193829986717
112,6,2,0.008961941399160643
112,6,3,0.008961938301452265
112,6,4,0.008961938293827755
112,6,5,0.008961938235942034
112,6,6,0.008961938303719228
112,6,7,0.00896193733012768
112,6,8,0.008961938297896502
112,6,9,0.00896193830430925
112,6,10,0.008970638087754758
112,7,1,1.7504191460504904e-5
112,7,2,1.7504190841999515e-5
112,7,3,0.011606767780983806
112,7,4,0.011767328103965467
112,7,5,1.7504192092415766e-5
112,7,6,1.7504191175501435e-5
112,7,7,1.750419075173615e-5
112,7,8,0.006036745971799258
112,7,9,0.011763722066590146
112,7,10,1.7504191832698517e-5
112,8,1,0.008961938303506604
112,8,2,0.009059456356156403
112,8,3,0.008961938308200993
112,8,4,0.011664710357577528
112,8,5,0.010155100630844413
112,8,6,0.011282808228824458
112,8,7,0.008961938537998116
112,8,8,1.7504193584068064e-5
112,8,9,0.008961938302288714
112,8,10,0.009936723411209495
112,9,1,0.003342117318386692
112,9,2,1.750419312763502e-5
112,9,3,0.008961938298145731
112,9,4,0.008961938300250126
112,9,5,1.7504194334160482e-5
112,9,6,1.7504193562659357e-5
112,9,7,0.002191130386684345
112,9,8,3.6384897568140285e-5
112,9,9,1.7504193129264135e-5
112,9,10,0.0017241083463079817
112,10,1,0.005708925920814094
112,10,2,0.008961938308279509
112,10,3,0.00567466372251796
112,10,4,0.005674663713370068
112,10,5,0.009679658849917117
112,10,6,0.008961938313304305
112,10,7,0.005689771756729238
112,10,8,0.00603674630050226
112,10,9,0.005506193041914679
112,10,10,0.008961938304941556
112,11,1,0.003784682145849465
112,11,2,0.008961938311592591
112,11,3,0.0035496278448645135
112,11,4,0.00362765083879716
112,11,5,0.0033349007369039185
112,11,6,0.0031833282420401605
112,11,7,0.0034885860429395713
112,11,8,0.0037637370805508477
112,11,9,0.008961938314209203
112,11,10,0.00398503960243844
112,12,1,0.003833673021042488
112,12,2,0.0029430497105019577
112,12,3,0.0035825985696998235
112,12,4,0.0036675714354667288
112,12,5,0.009692196462594402
112,12,6,0.008961938314063833
112,12,7,0.003122893588177407
112,12,8,0.0023933090607638984
112,12,9,0.003614883054695454
112,12,10,0.003301350433777768
112,13,1,0.003823628726778468
112,13,2,1.7504201437461977e-5
112,13,3,0.0035579536631930183
112,13,4,0.0036458659076685825
112,13,5,0.0032138964027496214
112,13,6,0.003251013605898913
112,13,7,0.003114956774898267
112,13,8,0.0008800132034039674
112,13,9,0.0035931661821517837
112,13,10,0.003232820842691963
112,14,1,0.003757236398302522
112,14,2,0.002851266053087484
112,14,3,0.003496232530165609
112,14,4,0.0035818947521506885
112,14,5,0.008961938312435405
112,14,6,0.00322712329514877
112,14,7,0.009788526030624042
112,14,8,0.002571230759176119
112,14,9,0.0035335927798367758
112,14,10,0.0031379979111051167
112,15,1,0.004411345476670638
112,15,2,0.008961938313094445
112,15,3,0.004465165814683941
112,15,4,0.0044651658163409194
112,15,5,0.01011847906239156
112,15,6,0.011596844408097821
112,15,7,0.008961938307733633
112,15,8,0.00438117444232171
112,15,9,0.0043218439616747595
112,15,10,0.00998876089312645
112,16,1,0.008961938307955277
112,16,2,0.00896193829018823
112,16,3,0.008961938744290746
112,16,4,0.008961938693074848
112,16,5,0.01024097640005727
112,16,6,0.011899542028913803
112,16,7,0.008961938307948626
112,16,8,0.008961938288185515
112,16,9,0.008961938298575648
112,16,10,0.00896193830476353
112,17,1,0.008961938298565895
112,17,2,0.008685963498178963
112,17,3,0.008961938362523144
112,17,4,0.008961938351486674
112,17,5,0.010290317364153534
112,17,6,0.008961938296772814
112,17,7,0.008338823967354086
112,17,8,0.009006826458858056
112,17,9,0.011247627964132291
112,17,10,0.009910792865771104
112,18,1,0.009001056095697731
112,18,2,0.00896193845039031
112,18,3,0.009006834599819262
112,18,4,0.008985678923704265
112,18,5,0.008961938286459172
112,18,6,0.008961938283410182
112,18,7,0.00896193827699543
112,18,8,0.009082302654390228
112,18,9,0.011144298074847155
112,18,10,0.008981271111716309
112,19,1,0.008961938332309256
112,19,2,0.008961938356481285
112,19,3,1.7504179307105724e-5
112,19,4,0.008961938314543462
112,19,5,0.008961938323180194
112,19,6,0.011513107794077592
112,19,7,0.0089619383295418
112,19,8,0.008744659306020147
112,19,9,0.008961938332024301
112,19,10,0.008961938329774832
112,20,1,1.750417923111612e-5
112,20,2,0.0017186560656198312
112,20,3,0.0004352816184092807
112,20,4,1.750417861035222e-5
112,20,5,0.00039014482701523
112,20,6,0.0008735852907347869
112,20,7,0.001017744566156178
112,20,8,0.003980128084138797
112,20,9,1.750418135128503e-5
112,20,10,0.0017341306262065605
112,21,1,0.012126586518611137
112,21,2,0.01042948470201722
112,21,3,0.011073621665213801
112,21,4,0.011273225199793057
112,21,5,0.010350613590108693
112,21,6,0.010440047549894608
112,21,7,0.010439863418437534
112,21,8,0.010440325058394555
112,21,9,0.010409267214110021
112,21,10,0.010364519534472247
112,22,1,0.008961938359782201
112,22,2,0.00898616403208643
112,22,3,0.011192510269295268
112,22,4,0.01138355275026946
112,22,5,0.00896193838900945
112,22,6,0.00896193841776406
112,22,7,0.009904903762818627
112,22,8,0.009159462168888636
112,22,9,0.011379256705776707
112,22,10,0.008961938431948178
112,23,1,0.008961938342200756
112,23,2,0.0089619383843454
112,23,3,0.008961938323901261
112,23,4,0.011393303700309271
112,23,5,0.009944221743482118
112,23,6,0.008961938411108428
112,23,7,0.008961938340409668
112,23,8,0.009298926817911134
112,23,9,0.011389031246811527
112,23,10,0.009884910407610166
112,24,1,0.008961938300027512
112,24,2,0.008961938324886034
112,24,3,0.008961938299495145
112,24,4,0.008961938305936903
112,24,5,0.008961938311338312
112,24,6,0.010284388647278212
112,24,7,0.00896193829224125
112,24,8,0.009299645803880615
112,24,9,0.008961938303908616
112,24,10,0.008961938329184502
113,1,1,1.8671955423728517e-5
113,1,2,1.867195542833362e-5
113,1,3,1.8671955417087274e-5
113,1,4,1.867195542858683e-5
113,1,5,1.867195541774468e-5
113,1,6,1.867195436853276e-5
113,1,7,1.8671955417925826e-5
113,1,8,1.8671955429387937e-5
113,1,9,1.8671955428030316e-5
113,1,10,1.867195542772527e-5
113,2,1,1.867195542352699e-5
113,2,2,1.867195541580112e-5
113,2,3,1.8671955416409464e-5
113,2,4,1.8671955426094934e-5
113,2,5,1.867195541683042e-5
113,2,6,1.867195541658014e-5
113,2,7,1.8671955428897197e-5
113,2,8,1.867195543344967e-5
113,2,9,1.8671955425004115e-5
113,2,10,1.8671955428503377e-5
113,3,1,1.8671955416756162e-5
113,3,2,1.8671955423058748e-5
113,3,3,1.8671955426590377e-5
113,3,4,1.8671955418762037e-5
113,3,5,1.867195541692151e-5
113,3,6,1.8671955427214498e-5
113,3,7,1.867195542772095e-5
113,3,8,1.8671955424016552e-5
113,3,9,1.867195541778694e-5
113,3,10,1.867195542765646e-5
113,4,1,1.8671955417289996e-5
113,4,2,1.867195541854735e-5
113,4,3,1.8671955416978992e-5
113,4,4,1.8671955417711767e-5
113,4,5,1.8671955417205746e-5
113,4,6,1.8671954360995926e-5
113,4,7,1.867195542717199e-5
113,4,8,1.8671955425791316e-5
113,4,9,1.8671955424036776e-5
113,4,10,1.8671955421463202e-5
113,5,1,1.8671955423595756e-5
113,5,2,1.8671955430581755e-5
113,5,3,1.867195541670115e-5
113,5,4,1.867195541772831e-5
113,5,5,1.8671955421786724e-5
113,5,6,1.867195542889005e-5
113,5,7,1.86719554181301e-5
113,5,8,1.8671955421633787e-5
113,5,9,1.8671955429309265e-5
113,5,10,1.8671955423017426e-5
113,6,1,1.8671955435660714e-5
113,6,2,1.8671955428385175e-5
113,6,3,1.867195542484459e-5
113,6,4,1.8671955425104678e-5
113,6,5,1.8671955428399043e-5
113,6,6,1.8671955424058335e-5
113,6,7,1.8671955439107843e-5
113,6,8,1.8671955428517695e-5
113,6,9,1.86719554356517e-5
113,6,10,1.8671955441424045e-5
113,7,1,1.8671955739937758e-5
113,7,2,1.8671956059745353e-5
113,7,3,1.8671955701203093e-5
113,7,4,1.8671955701565047e-5
113,7,5,1.8671955889634975e-5
113,7,6,1.8671955700240007e-5
113,7,7,1.8671955922404785e-5
113,7,8,1.867195586659398e-5
113,7,9,1.8671955679857473e-5
113,7,10,1.8671999675288022e-5
113,8,1,1.8672010759371784e-5
113,8,2,0.00044977674234373296
113,8,3,1.867201085726146e-5
113,8,4,1.867201064189246e-5
113,8,5,1.86720126780121e-5
113,8,6,1.8672466442849196e-5
113,8,7,1.8672013657439244e-5
113,8,8,1.8671965858194698e-5
113,8,9,1.8672010615506558e-5
113,8,10,0.0027856070066411063
113,9,1,1.867201549685205e-5
113,9,2,1.8672004799394684e-5
113,9,3,0.0038810415300553737
113,9,4,0.0036128527005247946
113,9,5,1.867201468609354e-5
113,9,6,1.867201504190363e-5
113,9,7,1.8672018453748024e-5
113,9,8,1.867197337562253e-5
113,9,9,1.8672014482728195e-5
113,9,10,1.8672020973146485e-5
113,10,1,1.867202709193575e-5
113,10,2,1.8672051542813464e-5
113,10,3,1.867202695720308e-5
113,10,4,1.8672027062877472e-5
113,10,5,1.8672027995879524e-5
113,10,6,1.8672027897687134e-5
113,10,7,1.8672027096996085e-5
113,10,8,0.004040614043291129
113,10,9,1.8672026951256195e-5
113,10,10,1.8672028617712956e-5
113,11,1,1.867203610944876e-5
113,11,2,1.867204690145313e-5
113,11,3,1.86720364308611e-5
113,11,4,1.8672036404129592e-5
113,11,5,1.8672036095439365e-5
113,11,6,1.867203565304851e-5
113,11,7,1.8672036335034028e-5
113,11,8,1.8672062748370197e-5
113,11,9,1.867203721867576e-5
113,11,10,1.8672036870341876e-5
113,12,1,1.8672038332559075e-5
113,12,2,1.8672038861152096e-5
113,12,3,1.867203879478741e-5
113,12,4,1.8672039117016484e-5
113,12,5,1.86720394880634e-5
113,12,6,1.8672039385285354e-5
113,12,7,1.8672038446871717e-5
113,12,8,1.8672046915962326e-5
113,12,9,1.8672038524431153e-5
113,12,10,1.8672038843090335e-5
113,13,1,1.8672038326804326e-5
113,13,2,1.8672037729064105e-5
113,13,3,1.8672038777582464e-5
113,13,4,1.867203903945023e-5
113,13,5,1.8672037998556897e-5
113,13,6,1.867203781770363e-5
113,13,7,1.8672038411516027e-5
113,13,8,1.867204678983084e-5
113,13,9,1.8672038599466424e-5
113,13,10,1.8672039067390907e-5
113,14,1,1.8672037648511553e-5
113,14,2,1.867203793553804e-5
113,14,3,1.8672037785517266e-5
113,14,4,1.867203777914709e-5
113,14,5,1.867203843489055e-5
113,14,6,1.867203708417939e-5
113,14,7,1.8672039751308002e-5
113,14,8,1.8672053884414007e-5
113,14,9,1.8672037608316814e-5
113,14,10,1.8672038115752332e-5
113,15,1,1.8672030408071487e-5
113,15,2,1.8672046850149015e-5
113,15,3,1.8672030343353854e-5
113,15,4,1.8672030238064877e-5
113,15,5,1.8672031573549734e-5
113,15,6,1.8672031661486394e-5
113,15,7,1.8672031695208327e-5
113,15,8,1.8672231888392874e-5
113,15,9,1.867203008378699e-5
113,15,10,1.8672033240665076e-5
113,16,1,1.8672022303397546e-5
113,16,2,1.8672267222742093e-5
113,16,3,1.8672022458493968e-5
113,16,4,1.8672021934756003e-5
113,16,5,1.867202184407454e-5
113,16,6,1.8672021661697728e-5
113,16,7,1.8672022017533572e-5
113,16,8,0.0033499032793656517
113,16,9,1.867202246830095e-5
113,16,10,1.867202384283533e-5
113,17,1,1.8671998933092038e-5
113,17,2,0.000273769364811206
113,17,3,1.867199925416452e-5
113,17,4,1.8671999064025293e-5
113,17,5,1.8671955814909426e-5
113,17,6,1.8671955865560912e-5
113,17,7,1.8671954923244568e-5
113,17,8,0.000586344498261689
113,17,9,1.867199924712786e-5
113,17,10,0.000735151442344955
113,18,1,1.867195547543894e-5
113,18,2,1.86719554568363e-5
113,18,3,1.867195546731265e-5
113,18,4,1.867195545649623e-5
113,18,5,1.867195543531353e-5
113,18,6,1.8671955444833996e-5
113,18,7,1.8671955451274957e-5
113,18,8,1.8671955467310046e-5
113,18,9,1.8671955471673207e-5
113,18,10,1.8671955469829413e-5
113,19,1,1.8671955417289233e-5
113,19,2,1.867195542316421e-5
113,19,3,1.8671955427257222e-5
113,19,4,1.8671955417648176e-5
113,19,5,1.8671955423615387e-5
113,19,6,1.8671955418162125e-5
113,19,7,1.867195542365792e-5
113,19,8,1.8671955420065767e-5
113,19,9,1.8671955423689855e-5
113,19,10,1.867195542379732e-5
113,20,1,1.8671955429458024e-5
113,20,2,1.8671955427843433e-5
113,20,3,1.8671955424045297e-5
113,20,4,1.8671955431067136e-5
113,20,5,1.8671955320217818e-5
113,20,6,1.8671955424832424e-5
113,20,7,1.8671955422687988e-5
113,20,8,1.867195542385122e-5
113,20,9,1.8671955439012027e-5
113,20,10,1.8671955428537973e-5
113,21,1,1.867195543718481e-5
113,21,2,1.867195541778049e-5
113,21,3,1.8671955422364604e-5
113,21,4,1.8671955426641392e-5
113,21,5,1.8671955420837885e-5
113,21,6,1.8671955418340266e-5
113,21,7,1.8671955430783722e-5
113,21,8,1.8671955417036137e-5
113,21,9,1.8671955421828954e-5
113,21,10,1.8671955419286246e-5
113,22,1,1.867195543069153e-5
113,22,2,1.8671955420341507e-5
113,22,3,1.867195542357665e-5
113,22,4,1.867195543179916e-5
113,22,5,1.8671955416412466e-5
113,22,6,1.8671955427958294e-5
113,22,7,1.8671955428468574e-5
113,22,8,1.867195542141024e-5
113,22,9,1.867195542699621e-5
113,22,10,1.8671955417588517e-5
113,23,1,1.8671955418204968e-5
113,23,2,1.867195542304717e-5
113,23,3,1.8671955441674082e-5
113,23,4,1.867195541731786e-5
113,23,5,1.8671955427304795e-5
113,23,6,1.86719554161982e-5
113,23,7,1.8671955446398642e-5
113,23,8,1.86719554202885e-5
113,23,9,1.867195542713775e-5
113,23,10,1.8671955428598855e-5
113,24,1,1.867195542863054e-5
113,24,2,1.8671955427165495e-5
113,24,3,1.8671955428772862e-5
113,24,4,1.8671955427969316e-5
113,24,5,1.867195435815223e-5
113,24,6,1.8671955420096887e-5
113,24,7,1.8671955416287593e-5
113,24,8,1.8671955421852617e-5
113,24,9,1.8671955428407706e-5
113,24,10,1.867195542899264e-5
114,1,1,1.294329949740761e-5
114,1,2,0.00018251068994728226
114,1,3,3.048693431691555e-5
114,1,4,3.7996608895704555e-5
114,1,5,1.1670646590061195e-5
114,1,6,3.0170682897520613e-5
114,1,7,1.3081657040577028e-5
114,1,8,0.0018409684081890103
114,1,9,3.781963248190887e-5
114,1,10,6.8421874030741624e-6
114,2,1,0.00799140707388974
114,2,2,0.00255570717419612
114,2,3,3.128663297489626e-5
114,2,4,1.167064726257278e-5
114,2,5,1.8962089994132717e-5
114,2,6,3.4450364399364074e-5
114,2,7,0.008041611988996758
114,2,8,0.004657894087287114
114,2,9,0.008497331476438089
114,2,10,0.007747867578391017
114,3,1,1.6003724187793957e-5
114,3,2,8.46720930690719e-6
114,3,3,1.1670648054172769e-5
114,3,4,4.313122044844503e-5
114,3,5,1.9653471428362764e-5
114,3,6,1.1670648215368451e-5
114,3,7,1.5284245603476665e-5
114,3,8,0.004428534420172363
114,3,9,4.2953324223668076e-5
114,3,10,4.66269150654446e-6
114,4,1,1.7924118775280796e-5
114,4,2,5.323734657087625e-6
114,4,3,3.5529519322143745e-5
114,4,4,4.313121763923759e-5
114,4,5,1.8283713779608723e-5
114,4,6,3.5272591192383565e-5
114,4,7,1.1670647652227682e-5
114,4,8,0.006548098539238405
114,4,9,4.295332266811384e-5
114,4,10,1.1670647411897675e-5
114,5,1,0.008089045930500931
114,5,2,0.007188625714452598
114,5,3,3.295796915414068e-5
114,5,4,1.1670646900868334e-5
114,5,5,1.4718314227262722e-5
114,5,6,0.008398109459658267
114,5,7,1.1670646899170645e-5
114,5,8,1.1670648584658469e-5
114,5,9,0.008523582167779143
114,5,10,0.00026132483549066386
114,6,1,1.8588948628212043e-5
114,6,2,1.9454082796614844e-7
114,6,3,3.85853258450199e-5
114,6,4,4.6211674755758146e-5
114,6,5,1.3197567477043655e-5
114,6,6,3.367176800595478e-5
114,6,7,9.382159810205995e-6
114,6,8,0.00967832142554542
114,6,9,4.60336875941787e-5
114,6,10,0.0011417750175175888
114,7,1,0.008445241531494906
114,7,2,0.007590547295433446
114,7,3,1.1670643907562524e-5
114,7,4,1.1670644338890613e-5
114,7,5,0.007887312382987744
114,7,6,0.008564260077110803
114,7,7,0.007774855945261723
114,7,8,1.1670645841481969e-5
114,7,9,1.1670643863196508e-5
114,7,10,0.007495539479966328
114,8,1,4.031364587574482e-5
114,8,2,0.00031649761323419834
114,8,3,3.7734789160745474e-5
114,8,4,1.1670645095153106e-5
114,8,5,1.1670645950188792e-5
114,8,6,1.1670644899977445e-5
114,8,7,3.014114378245996e-7
114,8,8,0.004657894096699218
114,8,9,4.517847252562416e-5
114,8,10,1.1670645807240184e-5
114,9,1,0.001415387198267808
114,9,2,0.0066973919571614
114,9,3,0.004340459465897435
114,9,4,0.0036061441298243283
114,9,5,0.007367763747871067
114,9,6,0.008200595172464105
114,9,7,0.0014689608797739382
114,9,8,0.0034223675044443725
114,9,9,0.008658919473395464
114,9,10,0.0019945389352544834
114,10,1,0.0005995115163649841
114,10,2,2.9342445290821e-5
114,10,3,0.0004707280767587615
114,10,4,0.0004959434960373616
114,10,5,1.1670651319326914e-5
114,10,6,1.5555888598603454e-5
114,10,7,0.00018905565158094305
114,10,8,1.1670866032310418e-5
114,10,9,0.000536757438584069
114,10,10,2.394500078703996e-6
114,11,1,0.001355827039210283
114,11,2,4.581849360839405e-5
114,11,3,0.0011781177045768806
114,11,4,0.0011821836168047128
114,11,5,0.0008281201777433217
114,11,6,0.0011844675813990017
114,11,7,0.0007203691066978462
114,11,8,9.58547199668557e-5
114,11,9,4.4711918049933125e-5
114,11,10,0.0007126555211877675
114,12,1,0.0013554089778231606
114,12,2,0.0006238775480925084
114,12,3,0.0011297222345436034
114,12,4,0.00113331880826511
114,12,5,1.1670654910962697e-5
114,12,6,1.4037105564251505e-5
114,12,7,0.0008924757946378351
114,12,8,0.00040700931605271406
114,12,9,0.0011570467742688675
114,12,10,0.0009599511734624405
114,13,1,0.0013571358693339193
114,13,2,0.006023285093997041
114,13,3,0.001120995992159597
114,13,4,0.0011247244541221042
114,13,5,0.000939949759820307
114,13,6,0.001215281583176102
114,13,7,0.0009373189879072403
114,13,8,0.001360533481672798
114,13,9,0.001148411610925473
114,13,10,0.0009537157895377481
114,14,1,0.0013804017025895701
114,14,2,0.0006808644399805353
114,14,3,0.0011529201257453499
114,14,4,0.0011571557884295911
114,14,5,3.558704326216745e-7
114,14,6,0.0012930099060760375
114,14,7,1.1670654492021884e-5
114,14,8,0.000348325126451046
114,14,9,0.0011793122875580378
114,14,10,0.0009882950374819144
114,15,1,0.0010812200191005778
114,15,2,4.0711774060061325e-5
114,15,3,0.0007723754002381612
114,15,4,0.0008086219574174314
114,15,5,1.1670652134542908e-5
114,15,6,1.1670651375735912e-5
114,15,7,1.6213305389188712e-7
114,15,8,4.492491505078067e-5
114,15,9,0.0008592630281519169
114,15,10,1.1670652286425652e-5
114,16,1,0.0001068923488174642
114,16,2,3.8266813154439395e-5
114,16,3,2.844292664158802e-5
114,16,4,3.5894092401149536e-5
114,16,5,1.167064855518692e-5
114,16,6,1.1670649234524594e-5
114,16,7,7.940875110370442e-7
114,16,8,0.0026971174976385868
114,16,9,3.571814926378103e-5
114,16,10,3.8765846716814527e-7
114,17,1,0.00010560725506471095
114,17,2,0.00017678513226128536
114,17,3,2.078035338802072e-5
114,17,4,2.7872546451158188e-5
114,17,5,1.167064183570129e-5
114,17,6,6.384967302949637e-5
114,17,7,0.00042658136672902994
114,17,8,0.0009935286217157373
114,17,9,1.1670641683296176e-5
114,17,10,1.1670641894770152e-5
114,18,1,0.00010130001736750779
114,18,2,0.0027221465012790555
114,18,3,1.7284226899285475e-5
114,18,4,2.4116335987661054e-5
114,18,5,4.9079399883580254e-6
114,18,6,5.7444370795467736e-5
114,18,7,0.0009079808231715203
114,18,8,0.000701299702159859
114,18,9,1.1670635365171755e-5
114,18,10,0.002499836199336634
114,19,1,9.083085496551358e-5
114,19,2,0.004730127028365805
114,19,3,0.008254426375693373
114,19,4,3.180516609940442e-5
114,19,5,0.0007146733077845235
114,19,6,1.1670632412929853e-5
114,19,7,0.001692347923368111
114,19,8,0.000718963386941597
114,19,9,0.00014361904929824867
114,19,10,0.004641407941425215
114,20,1,0.009049921226377362
114,20,2,0.010678185445085057
114,20,3,0.00911215508335507
114,20,4,0.008373016141641664
114,20,5,0.008646299765847425
114,20,6,0.010056950541882256
114,20,7,0.009862329994649054
114,20,8,0.014194447189732314
114,20,9,0.008370034288601235
114,20,10,0.011377678270482737
114,21,1,1.1670633974691902e-5
114,21,2,0.0011986771541719812
114,21,3,1.1670633595473879e-5
114,21,4,1.1670634182759897e-5
114,21,5,1.1670647981815359e-5
114,21,6,9.92414777699569e-5
114,21,7,0.000177615861682773
114,21,8,0.00842096860986512
114,21,9,2.8500442460211e-5
114,21,10,8.101076343453328e-5
114,22,1,6.415498751396991e-5
114,22,2,0.00022313656679196606
114,22,3,1.1670637838305256e-5
114,22,4,1.1670637816230322e-5
114,22,5,1.0410571894249434e-6
114,22,6,0.0003447482006427115
114,22,7,1.1670637981934148e-5
114,22,8,0.001294360055718502
114,22,9,1.1670637377522608e-5
114,22,10,0.0013017908884580215
114,23,1,6.509305991588251e-5
114,23,2,0.0017236227445115305
114,23,3,2.6052034177750372e-5
114,23,4,1.1670640542544527e-5
114,23,5,1.1670641363861297e-5
114,23,6,0.00043306519796744436
114,23,7,8.879300680716144e-8
114,23,8,0.0024825819365270328
114,23,9,1.1670640642555264e-5
114,23,10,1.1670640869682455e-5
114,24,1,7.170211369135658e-5
114,24,2,0.000525876034726281
114,24,3,2.078035805067358e-5
114,24,4,2.7872549516794204e-5
114,24,5,4.4178905108398367e-7
114,24,6,1.1670644430534772e-5
114,24,7,2.182982198185059e-6
114,24,8,0.0016111112639542362
114,24,9,2.7702769483830068e-5
114,24,10,0.0003541954930276742
115,1,1,3.307121756205366e-11
115,1,2,0.00012231328364749797
115,1,3,5.82953996840558e-11
115,1,4,4.2363800976507754e-11
115,1,5,4.767512184453242e-11
115,1,6,6.34032279406575e-11
115,1,7,3.6624811455183613e-11
115,1,8,0.0012664966925715578
115,1,9,2.4066603425057625e-11
115,1,10,8.186829875641486e-11
115,2,1,8.216384708095208e-11
115,2,2,5.85436369282537e-11
115,2,3,4.189600111469698e-11
115,2,4,3.2245774643386246e-11
115,2,5,6.080821348624873e-11
115,2,6,8.252371625328337e-11
115,2,7,8.281005194388142e-11
115,2,8,1.3761653451731045e-10
115,2,9,6.899593830652134e-11
115,2,10,8.254174585004745e-11
115,3,1,8.68038893093987e-11
115,3,2,7.977563835183942e-11
115,3,3,5.196735111461163e-11
115,3,4,7.31344827362464e-11
115,3,5,6.657066347287756e-11
115,3,6,2.8101379166726136e-11
115,3,7,3.235696809760879e-11
115,3,8,9.816178328725729e-11
115,3,9,9.556489103319083e-11
115,3,10,3.485610154838275e-11
115,4,1,5.323781747329834e-11
115,4,2,7.260802001625411e-11
115,4,3,9.356214806157048e-11
115,4,4,2.25503839035867e-11
115,4,5,0.0
115,4,6,4.302106105802488e-11
115,4,7,6.999644811986039e-11
115,4,8,6.657646183485781e-11
115,4,9,4.11875356597011e-11
115,4,10,5.0580256823868756e-11
115,5,1,1.169338868790634e-10
115,5,2,1.1148883586703365e-10
115,5,3,4.882558113931349e-11
115,5,4,5.4745958654112015e-11
115,5,5,2.9433098090447715e-11
115,5,6,7.31507924498917e-11
115,5,7,2.6918015377931223e-11
115,5,8,6.244074292542123e-11
115,5,9,1.2582863655919132e-10
115,5,10,2.8813213765032684e-11
115,6,1,4.01466166703991e-11
115,6,2,3.6884744250968343e-9
115,6,3,6.202031894495678e-11
115,6,4,4.6571799631081524e-11
115,6,5,3.17774147152974e-11
115,6,6,4.329280746695222e-11
115,6,7,3.581255488319618e-9
115,6,8,1.1333802053190059e-10
115,6,9,6.765552388923933e-11
115,6,10,4.817130725061376e-6
115,7,1,6.337707704139442e-11
115,7,2,0.00016160515374733157
115,7,3,3.440300501364556e-12
115,7,4,5.64102393306314e-11
115,7,5,6.15228783529062e-11
115,7,6,5.549790825800007e-11
115,7,7,4.597845679431759e-5
115,7,8,6.66980673864423e-11
115,7,9,2.5754360654348266e-11
115,7,10,0.00021945288418788344
115,8,1,5.420215613262446e-11
115,8,2,9.516701265362128e-5
115,8,3,3.201979837314411e-11
115,8,4,4.7347922278611555e-11
115,8,5,6.139514358841944e-11
115,8,6,4.9950133341684005e-11
115,8,7,3.309389299378669e-10
115,8,8,0.013033688323726101
115,8,9,7.301563806153397e-11
115,8,10,2.9089344249479943e-11
115,9,1,7.446982389145687e-11
115,9,2,0.0007558218408148445
115,9,3,2.438977824204258e-11
115,9,4,3.224248765559753e-11
115,9,5,0.0002845036413823047
115,9,6,4.513210111465656e-11
115,9,7,6.494341782235425e-11
115,9,8,4.621296517017113e-11
115,9,9,8.694968337909053e-11
115,9,10,4.297698388729823e-11
115,10,1,4.0630618772722893e-11
115,10,2,7.002591665582915e-11
115,10,3,1.0162773558006285e-10
115,10,4,3.44230231990704e-11
115,10,5,5.0722385135021216e-11
115,10,6,4.478200279390803e-11
115,10,7,3.52073779341832e-11
115,10,8,3.8808999438733015e-10
115,10,9,7.42940205237426e-11
115,10,10,4.071237015913756e-11
115,11,1,7.44798067004253e-11
115,11,2,6.486901053708994e-11
115,11,3,4.3764258723771153e-11
115,11,4,6.080738481079472e-11
115,11,5,5.5006681533927336e-11
115,11,6,3.678936695610996e-11
115,11,7,1.0665254502550876e-11
115,11,8,3.3123568344397516e-11
115,11,9,4.0124687037895784e-11
115,11,10,5.92976881581474e-11
115,12,1,6.232599561887083e-11
115,12,2,6.047453655947602e-11
115,12,3,4.490926573342131e-11
115,12,4,5.2941648718214005e-11
115,12,5,2.9205738423685235e-11
115,12,6,7.174331121095934e-11
115,12,7,8.86364878555259e-11
115,12,8,4.517377277951496e-11
115,12,9,8.207540273338878e-11
115,12,10,7.619760865969365e-11
115,13,1,5.709114916123736e-11
115,13,2,5.2989303584976346e-11
115,13,3,1.757209906456504e-11
115,13,4,5.840405161685435e-11
115,13,5,7.892868987339741e-11
115,13,6,4.523661798789588e-11
115,13,7,4.159406715937502e-11
115,13,8,1.0179232702120653e-10
115,13,9,7.83013477639558e-11
115,13,10,9.302002889605217e-11
115,14,1,5.441371779270124e-11
115,14,2,6.295319053137389e-11
115,14,3,2.5230734041386434e-11
115,14,4,5.1737564781059564e-11
115,14,5,5.852163772753176e-11
115,14,6,9.035584984033825e-11
115,14,7,4.5912579637467975e-11
115,14,8,7.620119701685354e-11
115,14,9,9.19394605312867e-11
115,14,10,7.193145070747131e-11
115,15,1,4.9346128196595206e-11
115,15,2,3.690005249302559e-11
115,15,3,6.537325584659905e-11
115,15,4,6.934757532638681e-11
115,15,5,6.973094827722412e-11
115,15,6,8.820162085314534e-11
115,15,7,5.100122299970438e-11
115,15,8,2.0650844908752188e-10
115,15,9,4.96483764484611e-11
115,15,10,7.317334964813096e-11
115,16,1,6.689009821572952e-11
115,16,2,4.0885331285962845e-11
115,16,3,3.5820728286997544e-10
115,16,4,3.537694274212462e-10
115,16,5,4.7164897728841024e-11
115,16,6,4.950990085378429e-11
115,16,7,2.746995746913577e-11
115,16,8,6.372942640513191e-11
115,16,9,3.796290098805042e-11
115,16,10,3.8613325665863995e-11
115,17,1,2.5091912843442414e-11
115,17,2,0.00011668839980106184
115,17,3,1.1330397034267142e-10
115,17,4,3.7448033525978644e-11
115,17,5,3.892745779252737e-11
115,17,6,4.971302772846657e-11
115,17,7,0.00027545009387273896
115,17,8,0.0006911907802570227
115,17,9,5.6234619758453e-11
115,17,10,3.8605880389596914e-11
115,18,1,2.0245931668434004e-5
115,18,2,2.1466950767919826e-10
115,18,3,2.397089293049371e-5
115,18,4,2.3741591191889102e-5
115,18,5,4.947742523235453e-11
115,18,6,4.195953701802107e-11
115,18,7,1.5787110308118374e-11
115,18,8,0.0004692784217496622
115,18,9,1.7414050171374536e-11
115,18,10,1.5922614968045685e-5
115,19,1,4.8042030199258573e-11
115,19,2,1.1809385562673517e-10
115,19,3,0.012837789252781558
115,19,4,6.055281913592705e-11
115,19,5,5.759584020814009e-11
115,19,6,1.5181308645523822e-11
115,19,7,5.8161410129431654e-11
115,19,8,0.00039661373402868406
115,19,9,4.555408936994026e-11
115,19,10,8.362548136448033e-11
115,20,1,9.220777795714673e-11
115,20,2,8.495687113346758e-11
115,20,3,9.708710496150018e-11
115,20,4,5.524923550007036e-11
115,20,5,1.573001465465178e-10
115,20,6,1.147257364733318e-10
115,20,7,1.2163630987565468e-10
115,20,8,7.964288669788229e-11
115,20,9,5.7528390086265233e-11
115,20,10,1.1664271479114925e-10
115,21,1,1.755744435064333e-11
115,21,2,0.0006554870721891815
115,21,3,5.648161331071455e-11
115,21,4,9.897433840792355e-12
115,21,5,5.888185044635946e-11
115,21,6,0.0006540958744402476
115,21,7,0.0006548439917212381
115,21,8,0.0006590322123352921
115,21,9,0.0006444886695266166
115,21,10,5.2830396147848114e-5
115,22,1,8.453328649068298e-11
115,22,2,0.0001480563285163139
115,22,3,3.902167491166568e-11
115,22,4,2.3516114882608007e-11
115,22,5,1.1197966111843007e-10
115,22,6,2.37728212913784e-10
115,22,7,0.0
115,22,8,0.0009092081004117386
115,22,9,4.265487290753304e-11
115,22,10,1.6218462489201431e-10
115,23,1,1.0886434155905504e-10
115,23,2,1.263386386211267e-10
115,23,3,5.434533840884733e-11
115,23,4,4.090646580993465e-11
115,23,5,4.17532771303628e-11
115,23,6,9.572831175211453e-11
115,23,7,6.456523221699086e-11
115,23,8,0.001104944181931161
115,23,9,3.795265332921562e-11
115,23,10,1.7086571226227494e-11
115,24,1,5.128330693541921e-11
115,24,2,6.339006554458605e-11
115,24,3,4.420633856525549e-11
115,24,4,4.570286710239294e-11
115,24,5,4.851776568526571e-11
115,24,6,4.556203041835486e-11
115,24,7,5.827745027234417e-11
115,24,8,0.0011052842587679706
115,24,9,9.181867136544086e-11
115,24,10,4.600156779433789e-11
116,1,1,0.0
116,1,2,0.00013126629617033966
116,1,3,1.2068815044563586e-10
116,1,4,3.887913255229414e-11
116,1,5,0.0
116,1,6,4.459291963465617e-11
116,1,7,4.918384796659403e-11
116,1,8,0.001355304951690419
116,1,9,3.856474167784896e-12
116,1,10,1.1289690016180742e-10
116,2,1,7.595660211912048e-13
116,2,2,1.1624448625902062e-10
116,2,3,0.0
116,2,4,6.016806497477489e-11
116,2,5,3.774373869003256e-11
116,2,6,0.0
116,2,7,9.591751004567328e-12
116,2,8,1.8310748056693527e-10
116,2,9,0.0
116,2,10,9.378438997620364e-12
116,3,1,1.8197386306151309e-10
116,3,2,2.7435290150812364e-11
116,3,3,7.443721680711057e-11
116,3,4,4.406423143032967e-12
116,3,5,1.0748328269083451e-10
116,3,6,0.0
116,3,7,1.358966099374026e-10
116,3,8,1.405262468889834e-10
116,3,9,6.285993253696276e-11
116,3,10,4.0019244862410375e-11
116,4,1,1.8179024258158094e-11
116,4,2,0.0
116,4,3,0.0
116,4,4,5.230600327865709e-11
116,4,5,4.3269449828686746e-10
116,4,6,0.0
116,4,7,5.636077021753394e-11
116,4,8,0.0
116,4,9,8.548249608164582e-11
116,4,10,3.532700521002852e-11
116,5,1,8.668448597815015e-11
116,5,2,0.0
116,5,3,0.0
116,5,4,1.5907439254725375e-10
116,5,5,7.986521860514628e-11
116,5,6,2.0611704704132094e-10
116,5,7,0.0
116,5,8,0.0
116,5,9,0.0
116,5,10,5.827621718523801e-11
116,6,1,0.0
116,6,2,5.760400871579474e-9
116,6,3,9.554666779987286e-11
116,6,4,1.68827684471351e-10
116,6,5,2.905360535487844e-10
116,6,6,1.5052032537044013e-11
116,6,7,0.0
116,6,8,0.0
116,6,9,0.0
116,6,10,5.183644073057658e-6
116,7,1,0.0
116,7,2,0.00016808699573512068
116,7,3,1.462978696520345e-11
116,7,4,9.378694695860723e-11
116,7,5,0.0
116,7,6,0.0
116,7,7,4.781663780821163e-5
116,7,8,0.0
116,7,9,0.0
116,7,10,0.00022857127394885352
116,8,1,1.3595295028645538e-10
116,8,2,0.00010148949045513805
116,8,3,0.0
116,8,4,6.899346025046604e-11
116,8,5,1.0967743727108292e-10
116,8,6,2.805418744533661e-11
116,8,7,2.865693793374646e-10
116,8,8,0.014653527782232091
116,8,9,0.0
116,8,10,7.171738897193691e-12
116,9,1,6.780933106687037e-11
116,9,2,0.0008019369144923218
116,9,3,1.273652364131017e-10
116,9,4,6.380137043682232e-11
116,9,5,0.0002961699148044013
116,9,6,1.6576108541332957e-11
116,9,7,3.230279238541911e-11
116,9,8,9.972547093672901e-12
116,9,9,6.076111142006013e-11
116,9,10,7.57065937717627e-11
116,10,1,0.0
116,10,2,0.0
116,10,3,0.0
116,10,4,2.025316025999757e-11
116,10,5,1.0467328739882653e-10
116,10,6,3.833107789508183e-11
116,10,7,0.0
116,10,8,3.301989827397822e-10
116,10,9,0.0
116,10,10,1.0025025254378761e-10
116,11,1,0.0
116,11,2,0.0
116,11,3,1.0851767401343082e-11
116,11,4,7.264674972695673e-11
116,11,5,2.2451145109680937e-11
116,11,6,1.368334959228612e-11
116,11,7,0.0
116,11,8,2.995222819768273e-11
116,11,9,6.603727634169054e-11
116,11,10,6.311939512726461e-11
116,12,1,0.0
116,12,2,6.711357858346645e-11
116,12,3,7.688477979272967e-11
116,12,4,0.0
116,12,5,0.0
116,12,6,9.973542824948112e-12
116,12,7,0.0
116,12,8,6.754285325483167e-11
116,12,9,1.1958632001318747e-11
116,12,10,0.0
116,13,1,0.0
116,13,2,4.003814640940462e-12
116,13,3,5.908470934734567e-11
116,13,4,1.4397893641215909e-10
116,13,5,0.0
116,13,6,2.5184729302019093e-11
116,13,7,0.0
116,13,8,0.0
116,13,9,1.556910954325641e-10
116,13,10,8.735298595574648e-11
116,14,1,1.6199715180409413e-12
116,14,2,5.177392542465853e-11
116,14,3,0.0
116,14,4,1.1814599992776564e-10
116,14,5,0.0
116,14,6,6.013460562837025e-11
116,14,7,5.550207862747847e-11
116,14,8,1.4066756440223038e-10
116,14,9,0.0
116,14,10,0.0
116,15,1,2.9501373566276357e-11
116,15,2,5.941269004550165e-11
116,15,3,7.541224589235895e-11
116,15,4,0.0
116,15,5,0.0
116,15,6,7.681248692659182e-11
116,15,7,1.1322458595697249e-10
116,15,8,1.3780842786359493e-10
116,15,9,2.146958652526898e-11
116,15,10,1.0759534235793566e-10
116,16,1,0.0
116,16,2,8.109616103646466e-11
116,16,3,4.835194432339929e-10
116,16,4,5.39395448445612e-10
116,16,5,5.051356208318758e-11
116,16,6,9.080687590756753e-11
116,16,7,1.3589660646795565e-11
116,16,8,0.0
116,16,9,5.227281107966775e-11
116,16,10,1.0555208790341553e-10
116,17,1,0.0
116,17,2,0.00012508922420763
116,17,3,0.0
116,17,4,0.0
116,17,5,6.499124849401738e-11
116,17,6,4.4645495633766075e-11
116,17,7,0.0002969034548013366
116,17,8,0.0007419118553917657
116,17,9,0.0
116,17,10,3.854467439667886e-11
116,18,1,2.1794887972940297e-5
116,18,2,8.623261826823381e-11
116,18,3,2.5791188134140913e-5
116,18,4,2.5533907631710567e-5
116,18,5,1.3506414389685695e-10
116,18,6,5.598322500022235e-11
116,18,7,8.454909342092698e-11
116,18,8,0.0005035673999972297
116,18,9,4.4320359882110694e-11
116,18,10,1.7141613599055278e-5
116,19,1,0.0
116,19,2,0.0
116,19,3,0.014404542365949746
116,19,4,9.969853415059404e-11
116,19,5,0.0
116,19,6,0.0
116,19,7,1.223536792716029e-10
116,19,8,0.000425950843103564
116,19,9,3.606014445378669e-11
116,19,10,0.0
116,20,1,0.0
116,20,2,5.37558851598785e-11
116,20,3,1.0412869524967228e-10
116,20,4,6.856978873592823e-11
116,20,5,2.4693280753496083e-10
116,20,6,1.0911305886596168e-10
116,20,7,1.2802936141809163e-10
116,20,8,1.1476075298388899e-10
116,20,9,1.589706595528373e-10
116,20,10,2.28456184525605e-10
116,21,1,0.0
116,21,2,0.0007072942706793303
116,21,3,5.752850279483468e-11
116,21,4,0.0
116,21,5,0.0
116,21,6,0.0007057571274911335
116,21,7,0.0007062482163884623
116,21,8,0.0007135350282629765
116,21,9,0.0007004497939607848
116,21,10,5.725663593199662e-5
116,22,1,2.664853754330565e-10
116,22,2,0.00015908120971191292
116,22,3,2.3289141448668005e-11
116,22,4,0.0
116,22,5,1.364313557961072e-10
116,22,6,2.3445317909320806e-10
116,22,7,0.0
116,22,8,0.0009837451822066919
116,22,9,3.8642665456389835e-11
116,22,10,1.0099049721490339e-10
116,23,1,0.0
116,23,2,0.0
116,23,3,0.0
116,23,4,0.0
116,23,5,7.423262352035387e-11
116,23,6,3.3321847711653696e-10
116,23,7,0.0
116,23,8,0.0011966986580840833
116,23,9,8.301321088866054e-11
116,23,10,1.182747615124935e-10
116,24,1,2.9266450374265673e-12
116,24,2,8.097655879168997e-11
116,24,3,5.976748262970233e-11
116,24,4,5.661541374601953e-11
116,24,5,0.0
116,24,6,1.3343568611157153e-10
116,24,7,3.2024036200617445e-11
116,24,8,0.0011898770789236304
116,24,9,6.009267736195589e-11
116,24,10,0.0
117,1,1,2.2082003933721062e-10
117,1,2,0.00012340406577689839
117,1,3,2.73560004510065e-10
117,1,4,1.3416050215209196e-10
117,1,5,1.9776370818735955e-10
117,1,6,0.0
117,1,7,7.04585036148675e-11
117,1,8,0.001277581747287499
117,1,9,0.0
117,1,10,1.6729503199419682e-10
117,2,1,0.0
117,2,2,9.131049735766616e-11
117,2,3,2.1367529273730312e-11
117,2,4,6.0488974940042795e-12
117,2,5,1.1139529923487324e-10
117,2,6,3.16576945214031e-10
117,2,7,0.0
117,2,8,0.0
117,2,9,0.0
117,2,10,0.0
117,3,1,0.0
117,3,2,0.0
117,3,3,0.0
117,3,4,0.0
117,3,5,8.582104471521745e-11
117,3,6,2.5675522125068184e-10
117,3,7,1.2060443616013217e-10
117,3,8,1.6876566463763787e-10
117,3,9,0.0
117,3,10,2.708587173994026e-10
117,4,1,1.793419683593367e-10
117,4,2,0.0
117,4,3,1.1557053924970973e-10
117,4,4,2.0623172961031777e-10
117,4,5,6.564334527336957e-10
117,4,6,7.425970949270777e-11
117,4,7,2.573014371010096e-11
117,4,8,0.0
117,4,9,1.8138966717540228e-10
117,4,10,1.294063640966403e-10
117,5,1,0.0
117,5,2,1.3818330854564742e-10
117,5,3,0.0
117,5,4,0.0
117,5,5,0.0
117,5,6,7.156271755737187e-11
117,5,7,2.1518492890337804e-10
117,5,8,7.754589331776529e-11
117,5,9,3.705997210501355e-10
117,5,10,0.0
117,6,1,0.0
117,6,2,2.5187742575677463e-8
117,6,3,2.545299110368049e-10
117,6,4,2.845667868012214e-10
117,6,5,3.211659445334636e-10
117,6,6,2.67525456648654e-10
117,6,7,5.022453270636662e-8
117,6,8,1.008543006053575e-10
117,6,9,7.916742608693461e-11
117,6,10,4.8720320746376e-6
117,7,1,1.1203579383667339e-10
117,7,2,0.00016411777319739682
117,7,3,2.1759392898612617e-11
117,7,4,0.0
117,7,5,0.0
117,7,6,0.0
117,7,7,4.672579622570089e-5
117,7,8,0.0
117,7,9,1.8693297604288617e-10
117,7,10,0.00022281912268753978
117,8,1,2.5589200897124798e-11
117,8,2,9.611715367931206e-5
117,8,3,4.292814020923075e-11
117,8,4,0.0
117,8,5,0.0
117,8,6,0.0
117,8,7,1.3501665757642556e-10
117,8,8,0.013981551796488634
117,8,9,0.0
117,8,10,1.7652772646425952e-10
117,9,1,1.469469407266999e-10
117,9,2,0.0008130072613773201
117,9,3,2.389595153695634e-10
117,9,4,5.330845834206066e-11
117,9,5,0.00029084805171418135
117,9,6,0.0
117,9,7,9.604802370111187e-11
117,9,8,1.5069636510878226e-11
117,9,9,1.854303273429725e-10
117,9,10,2.9837875573091033e-10
117,10,1,4.7726364527100884e-11
117,10,2,1.870081658972289e-10
117,10,3,0.0
117,10,4,1.272117827744168e-10
117,10,5,5.497541658017191e-11
117,10,6,1.3071097329508952e-10
117,10,7,0.0
117,10,8,7.428137202558638e-10
117,10,9,2.788271384612795e-10
117,10,10,1.792768919428589e-10
117,11,1,0.0
117,11,2,1.5799375696623486e-10
117,11,3,4.065172851119847e-11
117,11,4,2.423533942974565e-10
117,11,5,9.94494694928072e-11
117,11,6,2.0469386602384176e-11
117,11,7,5.677820366645214e-11
117,11,8,3.155939953813913e-10
117,11,9,0.0
117,11,10,3.1688598273182933e-10
117,12,1,1.9198503897754904e-11
117,12,2,0.0
117,12,3,3.518012756109634e-10
117,12,4,0.0
117,12,5,8.663817580023547e-11
117,12,6,2.2190572643299156e-10
117,12,7,0.0
117,12,8,0.0
117,12,9,2.1450119458421568e-10
117,12,10,0.0
117,13,1,4.703693337604342e-11
117,13,2,2.394781456471762e-10
117,13,3,0.0
117,13,4,0.0
117,13,5,6.354660547769342e-11
117,13,6,8.620575780993178e-11
117,13,7,0.0
117,13,8,1.4035428028136288e-10
117,13,9,2.8758288458941017e-10
117,13,10,0.0
117,14,1,1.5467624056575424e-10
117,14,2,5.655404616833337e-11
117,14,3,0.0
117,14,4,2.390201647717305e-10
117,14,5,0.0
117,14,6,0.0
117,14,7,0.0
117,14,8,0.0
117,14,9,2.159751578967306e-10
117,14,10,4.5705734336154435e-11
117,15,1,2.8424134573823423e-10
117,15,2,8.127482020725552e-11
117,15,3,0.0
117,15,4,2.133952771432579e-10
117,15,5,1.5454595589381448e-10
117,15,6,1.762308424191339e-10
117,15,7,4.9448310029953646e-11
117,15,8,5.5764212691933324e-11
117,15,9,0.0
117,15,10,1.0157750335304527e-10
117,16,1,2.477825514213272e-10
117,16,2,2.447742668276742e-10
117,16,3,8.796859074511332e-11
117,16,4,5.954388752893447e-10
117,16,5,1.2897010889800775e-10
117,16,6,5.45272507701533e-12
117,16,7,0.0
117,16,8,5.3586451248532896e-11
117,16,9,7.864896234277552e-12
117,16,10,1.5145399170912732e-10
117,17,1,0.0
117,17,2,0.00011783773994800822
117,17,3,0.0
117,17,4,0.0
117,17,5,1.1631465929307083e-10
117,17,6,5.15992075456051e-11
117,17,7,0.0002823997998586264
117,17,8,0.0007075347169029425
117,17,9,0.0
117,17,10,0.0
117,18,1,2.0467934247737907e-5
117,18,2,0.0
117,18,3,2.4243092170101593e-5
117,18,4,2.4008411459153917e-5
117,18,5,1.84704647410161e-11
117,18,6,4.438190093214445e-11
117,18,7,8.381578417426816e-11
117,18,8,0.0004728246751297474
117,18,9,8.788473074283765e-11
117,18,10,1.6106521077804276e-5
117,19,1,0.0
117,19,2,1.9177544968718152e-10
117,19,3,0.01361687157595183
117,19,4,5.078821703474734e-10
117,19,5,0.0
117,19,6,0.0
117,19,7,4.3707210073407055e-10
117,19,8,0.00039967871966062676
117,19,9,2.8149736014393412e-11
117,19,10,1.255774165209722e-10
117,20,1,0.0
117,20,2,9.078387694372303e-11
117,20,3,0.0
117,20,4,0.0
117,20,5,1.667240651093138e-11
117,20,6,0.0
117,20,7,0.0
117,20,8,2.6329592672791335e-10
117,20,9,1.8048892241884218e-10
117,20,10,3.110749713375327e-10
117,21,1,0.0
117,21,2,0.0006614932295668785
117,21,3,0.0
117,21,4,0.0
117,21,5,5.720002943521152e-11
117,21,6,0.000660085825987887
117,21,7,0.0006608447381389569
117,21,8,0.0006742760294757288
117,21,9,0.0006673957257516613
117,21,10,5.3954691737540666e-5
117,22,1,2.0339423895121556e-10
117,22,2,0.00014950895961039767
117,22,3,3.572351511826888e-10
117,22,4,0.0
117,22,5,1.1980600192473823e-10
117,22,6,3.7749195089253895e-10
117,22,7,0.0
117,22,8,0.0009438931141809125
117,22,9,0.0
117,22,10,1.568221108527723e-10
117,23,1,0.0
117,23,2,0.0
117,23,3,0.0
117,23,4,0.0
117,23,5,0.0
117,23,6,5.597235105958553e-10
117,23,7,1.9485821636799905e-10
117,23,8,0.001137562977324539
117,23,9,2.3302140078618194e-10
117,23,10,5.755858983880202e-11
117,24,1,0.0
117,24,2,1.5141201140100868e-10
117,24,3,2.0071423689760337e-11
117,24,4,2.110640377750439e-10
117,24,5,1.8176810751002748e-11
117,24,6,1.4359943789621354e-10
117,24,7,0.0
117,24,8,0.001115355262887991
117,24,9,1.7277078726007922e-10
117,24,10,9.171649863193299e-10
118,1,1,0.0
118,1,2,0.0009139139169226651
118,1,3,0.0
118,1,4,2.33571495478202e-12
118,1,5,0.0
118,1,6,2.155697842454174e-11
118,1,7,0.0
118,1,8,0.004080416375401241
118,1,9,0.0
118,1,10,0.0
118,2,1,0.0
118,2,2,0.0013275390428551664
118,2,3,0.0
118,2,4,6.575876648762247e-10
118,2,5,2.2756585504879467e-10
118,2,6,0.0
118,2,7,0.0
118,2,8,7.986103445212223e-11
118,2,9,1.7023354947909297e-10
118,2,10,0.0
118,3,1,7.991508843563366e-11
118,3,2,1.3170770030157541e-11
118,3,3,1.6670650970773693e-10
118,3,4,0.0
118,3,5,5.966775684651537e-11
118,3,6,1.8550119773586005e-10
118,3,7,0.0
118,3,8,0.0028627325153312427
118,3,9,1.0573041053785204e-10
118,3,10,1.0259446070470801e-11
118,4,1,0.0
118,4,2,0.0
118,4,3,1.152772877155428e-10
118,4,4,0.0
118,4,5,0.0
118,4,6,0.0
118,4,7,0.0
118,4,8,0.0028565431209626735
118,4,9,1.9371768078535467e-11
118,4,10,4.936349246031924e-10
118,5,1,5.4507079405574643e-11
118,5,2,0.0
118,5,3,2.922858344245327e-10
118,5,4,0.0
118,5,5,0.0
118,5,6,0.0
118,5,7,2.3961416184548057e-11
118,5,8,0.003380100453066928
118,5,9,1.1807083089010462e-12
118,5,10,0.0001511969692697679
118,6,1,0.0
118,6,2,0.0
118,6,3,2.543109195451976e-10
118,6,4,0.0
118,6,5,0.0
118,6,6,0.0
118,6,7,8.307937671148125e-11
118,6,8,0.004005990372459009
118,6,9,7.213354913382375e-12
118,6,10,0.0007206441737335062
118,7,1,0.0
118,7,2,0.0
118,7,3,0.0005344126268429783
118,7,4,0.0
118,7,5,3.5947717025308634e-11
118,7,6,0.0
118,7,7,4.02879812844148e-11
118,7,8,0.005027814587520316
118,7,9,0.00011248412001235719
118,7,10,8.88559781309084e-11
118,8,1,0.0
118,8,2,0.0001766941418095136
118,8,3,0.0
118,8,4,2.9386877653525545e-10
118,8,5,3.788691582684578e-11
118,8,6,2.0839004133410555e-10
118,8,7,0.0
118,8,8,1.0949087470013552e-10
118,8,9,0.0
118,8,10,0.0013297486172369893
118,9,1,1.266280552636445e-10
118,9,2,0.0
118,9,3,0.0020083783269498195
118,9,4,0.0016890336976566195
118,9,5,0.0
118,9,6,8.998221612266377e-11
118,9,7,3.636987794264357e-10
118,9,8,2.033312684890376e-10
118,9,9,1.3256744313405733e-10
118,9,10,6.7704508666111e-11
118,10,1,5.574939121455458e-11
118,10,2,0.0
118,10,3,0.0
118,10,4,8.829040276658873e-11
118,10,5,5.82371234569834e-11
118,10,6,6.708091027096685e-11
118,10,7,1.5007192710747574e-10
118,10,8,0.0017499633378105922
118,10,9,1.3042553148601144e-11
118,10,10,1.1015882650511344e-11
118,11,1,0.0
118,11,2,0.0
118,11,3,0.0
118,11,4,0.0
118,11,5,1.3452049196782667e-10
118,11,6,0.0
118,11,7,1.1112541442592772e-10
118,11,8,3.513050267356377e-10
118,11,9,0.0
118,11,10,0.0
118,12,1,1.9249202232174412e-10
118,12,2,0.0
118,12,3,0.0
118,12,4,1.2823893336122438e-10
118,12,5,5.742752107185112e-11
118,12,6,4.157951760674905e-12
118,12,7,2.358360035037421e-10
118,12,8,2.492788753194475e-10
118,12,9,9.967415781630962e-11
118,12,10,1.367637114668696e-10
118,13,1,5.162389959956215e-11
118,13,2,0.0
118,13,3,0.0
118,13,4,0.0
118,13,5,1.588320724943415e-10
118,13,6,2.8481145220027315e-10
118,13,7,0.0
118,13,8,7.791772782539397e-11
118,13,9,0.0
118,13,10,2.0580473436559998e-10
118,14,1,2.180860630973669e-10
118,14,2,0.0
118,14,3,8.150267960527202e-11
118,14,4,9.242398513187311e-11
118,14,5,0.0
118,14,6,3.9678893504202506e-10
118,14,7,5.462025276514737e-11
118,14,8,0.0
118,14,9,8.585501753977098e-11
118,14,10,0.0
118,15,1,1.2080296485361686e-10
118,15,2,1.0517996196224288e-10
118,15,3,1.503812352421363e-11
118,15,4,1.5306884926236108e-10
118,15,5,8.945420792993986e-11
118,15,6,9.282891122452952e-11
118,15,7,0.0
118,15,8,5.0915355265246376e-11
118,15,9,5.2764834168606e-11
118,15,10,1.671117411117251e-11
118,16,1,0.0
118,16,2,3.5580426105408236e-10
118,16,3,0.0
118,16,4,9.65771074223909e-11
118,16,5,0.0
118,16,6,0.0
118,16,7,0.0
118,16,8,0.0017701085528564475
118,16,9,1.5092371796754378e-12
118,16,10,1.2132678195442281e-10
118,17,1,0.0
118,17,2,0.0017084947296399644
118,17,3,2.8570562582430625e-11
118,17,4,0.0
118,17,5,0.0
118,17,6,0.0
118,17,7,0.00026805361074980216
118,17,8,0.0032867052220307974
118,17,9,0.0
118,17,10,0.002190970433049652
118,18,1,4.5642549462154847e-10
118,18,2,0.0017798883623713346
118,18,3,9.82326303633485e-11
118,18,4,0.0
118,18,5,0.0
118,18,6,0.0
118,18,7,0.0006332246759641891
118,18,8,0.0037101991601231066
118,18,9,0.0006671975395337731
118,18,10,0.0016304494973456707
118,19,1,0.0
118,19,2,0.001936740745826518
118,19,3,2.6236512962185543e-12
118,19,4,0.0
118,19,5,0.000465349907078888
118,19,6,0.0024476109710108856
118,19,7,0.0011036553487689255
118,19,8,0.004408888255505339
118,19,9,8.580682394826455e-5
118,19,10,0.0018943449708774263
118,20,1,7.445179195375573e-11
118,20,2,0.0013779997084169687
118,20,3,0.0003389335536508886
118,20,4,4.858756452730262e-11
118,20,5,0.0003310931106461773
118,20,6,0.0007323444675862434
118,20,7,0.0008360661348490589
118,20,8,0.0031944127907776038
118,20,9,1.7521757655902803e-10
118,20,10,0.0013586629118378102
118,21,1,0.0
118,21,2,0.0007853006109775629
118,21,3,0.00040961214675422353
118,21,4,1.5156019494977357e-10
118,21,5,0.0
118,21,6,5.9044266272276213e-5
118,21,7,0.00011815300479020574
118,21,8,0.0033886782602482457
118,21,9,0.0
118,21,10,0.0019492671965428698
118,22,1,0.0
118,22,2,0.0013970778106185133
118,22,3,2.3970152251973076e-10
118,22,4,0.0
118,22,5,0.0
118,22,6,0.00021828992557099136
118,22,7,0.0008935966017440539
118,22,8,0.0035551118998207454
118,22,9,0.0
118,22,10,0.000851689686436452
118,23,1,0.0
118,23,2,0.0011182199919488323
118,23,3,0.0
118,23,4,9.760081631782214e-12
118,23,5,0.0
118,23,6,0.0003748942038541564
118,23,7,3.1285626866939253e-10
118,23,8,0.0033558393046054374
118,23,9,0.0
118,23,10,0.0015660926627931449
118,24,1,9.305524406588717e-11
118,24,2,0.0003252397292330955
118,24,3,8.849106170050192e-11
118,24,4,0.0
118,24,5,1.1374753916548741e-10
118,24,6,0.0
118,24,7,7.616554609235493e-11
118,24,8,0.002160982920365942
118,24,9,0.0
118,24,10,0.0002469730607042031
119,1,1,5.611576481268088e-11
119,1,2,0.0001293101650620132
119,1,3,0.0
119,1,4,0.0
119,1,5,4.290054422817491e-11
119,1,6,5.971683564309771e-10
119,1,7,3.908024182042169e-10
119,1,8,0.0012558060179807887
119,1,9,0.0
119,1,10,8.673564644290366e-11
119,2,1,7.98788792055749e-10
119,2,2,0.0
119,2,3,0.0
119,2,4,0.0
119,2,5,4.708169548672814e-10
119,2,6,0.0
119,2,7,0.0
119,2,8,6.982305705838243e-11
119,2,9,7.21258192060148e-10
119,2,10,3.53947829379031e-10
119,3,1,0.0
119,3,2,1.5911988393568777e-10
119,3,3,1.0956055507271856e-10
119,3,4,8.323971373291883e-11
119,3,5,1.3952082544843591e-11
119,3,6,2.2467835925077395e-10
119,3,7,0.0
119,3,8,4.835548766957132e-10
119,3,9,1.4649749469075601e-10
119,3,10,0.0
119,4,1,7.161232717933785e-11
119,4,2,0.0
119,4,3,4.3132991622840677e-10
119,4,4,0.0
119,4,5,1.017311512807595e-9
119,4,6,0.0
119,4,7,4.2142882933360326e-10
119,4,8,6.142898828498389e-10
119,4,9,4.165728872962404e-11
119,4,10,0.0
119,5,1,4.742707546134817e-10
119,5,2,0.0
119,5,3,0.0
119,5,4,1.6070469260887066e-10
119,5,5,0.0
119,5,6,8.101093060264297e-10
119,5,7,4.060246791559585e-10
119,5,8,4.774482267877467e-10
119,5,9,5.296245317309989e-10
119,5,10,2.0505377951174353e-10
119,6,1,0.0
119,6,2,0.0
119,6,3,0.0
119,6,4,1.428822268834118e-10
119,6,5,5.589969459540711e-11
119,6,6,0.0
119,6,7,0.0
119,6,8,0.0
119,6,9,7.446379624020949e-11
119,6,10,4.755782052820456e-6
119,7,1,1.4984899432413101e-10
119,7,2,0.0
119,7,3,1.6324612495122182e-10
119,7,4,8.540719520500062e-11
119,7,5,4.3089193324519215e-10
119,7,6,0.0
119,7,7,0.0
119,7,8,0.0
119,7,9,9.620295532419831e-11
119,7,10,6.88123238945515e-10
119,8,1,7.680953095778875e-12
119,8,2,9.495743582953187e-5
119,8,3,9.149989793622026e-11
119,8,4,9.069680423356985e-11
119,8,5,6.299614302429646e-11
119,8,6,0.0
119,8,7,6.627833767924862e-10
119,8,8,0.0
119,8,9,1.1838911795347684e-10
119,8,10,4.9193517315249125e-11
119,9,1,2.0587467841615137e-10
119,9,2,0.0
119,9,3,1.924019693566592e-10
119,9,4,0.0
119,9,5,2.457049216864071e-10
119,9,6,4.0276169899211567e-10
119,9,7,0.0
119,9,8,9.346454998837572e-10
119,9,9,3.722780417270144e-11
119,9,10,0.0
119,10,1,3.0297597763961903e-10
119,10,2,0.0
119,10,3,0.0
119,10,4,0.0
119,10,5,4.0064600248523874e-10
119,10,6,1.3032515344679751e-10
119,10,7,0.0
119,10,8,9.576450049619822e-10
119,10,9,2.515357852561628e-10
119,10,10,1.3913071389426435e-10
119,11,1,6.664070684170298e-10
119,11,2,0.0
119,11,3,4.961516475443517e-10
119,11,4,1.5759847593610488e-10
119,11,5,0.0
119,11,6,1.1755590945128347e-10
119,11,7,0.0
119,11,8,6.444560787799425e-10
119,11,9,5.000685074363354e-10
119,11,10,9.441766604667556e-10
119,12,1,1.1659308934985901e-10
119,12,2,0.0
119,12,3,3.818141774969419e-10
119,12,4,7.381608657652805e-10
119,12,5,1.8843779314714482e-10
119,12,6,4.758214794398086e-10
119,12,7,2.4511498386559083e-10
119,12,8,2.593402090300678e-10
119,12,9,7.903108029116979e-10
119,12,10,1.2959447404092828e-10
119,13,1,0.0
119,13,2,5.304852668253091e-10
119,13,3,2.692208261878548e-10
119,13,4,1.7688489561962228e-10
119,13,5,2.441134794306521e-10
119,13,6,7.260722578728007e-10
119,13,7,2.236342361294774e-11
119,13,8,0.0
119,13,9,0.0
119,13,10,2.802879803254221e-10
119,14,1,2.4206169707552405e-10
119,14,2,3.3505857810478545e-11
119,14,3,2.379063682167448e-10
119,14,4,0.0
119,14,5,6.303058630585667e-10
119,14,6,1.720963441198542e-10
119,14,7,0.0
119,14,8,0.0
119,14,9,2.909645857585019e-10
119,14,10,0.0
119,15,1,0.0
119,15,2,3.764237532788428e-10
119,15,3,4.3722163389769975e-10
119,15,4,4.393356095588885e-10
119,15,5,4.63499183478433e-10
119,15,6,2.5874317272078784e-10
119,15,7,0.0
119,15,8,2.08431674697529e-11
119,15,9,4.712081905222654e-10
119,15,10,0.0
119,16,1,0.0
119,16,2,2.8661883283431777e-10
119,16,3,1.5197471059380518e-10
119,16,4,3.905893039557462e-10
119,16,5,5.034805142245524e-10
119,16,6,1.7864419665780673e-10
119,16,7,0.0
119,16,8,0.0
119,16,9,0.0
119,16,10,0.0
119,17,1,2.478956553919609e-10
119,17,2,0.00011648470558944801
119,17,3,3.154293007345821e-10
119,17,4,1.619321204904267e-10
119,17,5,0.0
119,17,6,0.0
119,17,7,0.00026818171117213435
119,17,8,0.0006686195420098143
119,17,9,0.0
119,17,10,1.2303658092349679e-11
119,18,1,1.993356971699556e-5
119,18,2,6.661141083164068e-10
119,18,3,2.392737167970782e-5
119,18,4,2.3695249816893527e-5
119,18,5,2.109623795099047e-10
119,18,6,4.561392930035879e-10
119,18,7,0.0
119,18,8,0.000504336343486872
119,18,9,1.0198088207236111e-10
119,18,10,1.5693062845267836e-5
119,19,1,7.276169944336885e-11
119,19,2,0.0
119,19,3,5.486510828989211e-10
119,19,4,1.1851732789613934e-10
119,19,5,1.8725880637782133e-9
119,19,6,9.782319398965456e-11
119,19,7,6.535024535403444e-10
119,19,8,0.00040256364879775325
119,19,9,5.537757613582883e-10
119,19,10,1.5716267176557608e-10
119,20,1,3.5891881133842674e-10
119,20,2,0.0011383671283976896
119,20,3,0.00027796022509202906
119,20,4,6.755056236595891e-11
119,20,5,0.0002574230516246487
119,20,6,0.0005600042539204361
119,20,7,0.0006818423453152506
119,20,8,0.002668348636664937
119,20,9,4.206536785567039e-10
119,20,10,0.0011085149763691016
119,21,1,0.0
119,21,2,0.0006500027949718143
119,21,3,0.0
119,21,4,7.19355228162577e-10
119,21,5,0.0
119,21,6,0.0006493489639350508
119,21,7,0.0006490573308636019
119,21,8,0.0006398903914158482
119,21,9,0.0006118157736866026
119,21,10,5.200339274426258e-5
119,22,1,0.0
119,22,2,0.00014773830280109812
119,22,3,4.049270918571324e-10
119,22,4,0.0
119,22,5,0.0
119,22,6,0.0
119,22,7,0.0
119,22,8,0.0009427581528228118
119,22,9,3.273424725724894e-10
119,22,10,2.253751282821348e-10
119,23,1,2.8963627329847697e-10
119,23,2,0.0
119,23,3,1.2547594213652147e-10
119,23,4,7.54869153296589e-11
119,23,5,1.943407379467743e-10
119,23,6,1.1028925828160396e-9
119,23,7,1.9740283713209905e-10
119,23,8,0.0010683403310516038
119,23,9,1.6180899675699578e-10
119,23,10,0.0
119,24,1,2.4296562678438605e-10
119,24,2,0.0
119,24,3,3.821320690433616e-10
119,24,4,0.0
119,24,5,8.972143167307323e-11
119,24,6,2.0172467862789034e-10
119,24,7,0.0
119,24,8,0.0010977355408703093
119,24,9,0.0
119,24,10,6.273021130320799e-10
120,1,1,0.0
120,1,2,0.0
120,1,3,0.0
120,1,4,3.156361109979411e-10
120,1,5,0.0
120,1,6,5.692063192314079e-10
120,1,7,0.0
120,1,8,0.0
120,1,9,0.0
120,1,10,0.0
120,2,1,0.0
120,2,2,0.0
120,2,3,0.0
120,2,4,0.0
120,2,5,0.0
120,2,6,0.0
120,2,7,0.0
120,2,8,0.0
120,2,9,0.0
120,2,10,5.250130278439125e-10
120,3,1,0.0
120,3,2,0.0
120,3,3,0.0
120,3,4,4.383120203593771e-10
120,3,5,0.0
120,3,6,0.0
120,3,7,0.0
120,3,8,0.0
120,3,9,0.0
120,3,10,0.0
120,4,1,0.0
120,4,2,1.714777972394721e-10
120,4,3,0.0
120,4,4,0.0
120,4,5,0.0
120,4,6,0.0
120,4,7,0.0
120,4,8,0.0
120,4,9,0.0
120,4,10,0.0
120,5,1,0.0
120,5,2,0.0
120,5,3,0.0
120,5,4,0.0
120,5,5,0.0
120,5,6,0.0
120,5,7,0.0
120,5,8,0.0
120,5,9,0.0
120,5,10,0.0
120,6,1,0.0
120,6,2,0.0
120,6,3,0.0
120,6,4,0.0
120,6,5,0.0
120,6,6,0.0
120,6,7,0.0
120,6,8,1.1988897201387072e-10
120,6,9,2.6396099021830377e-10
120,6,10,0.0
120,7,1,0.0
120,7,2,0.0
120,7,3,0.0
120,7,4,0.0
120,7,5,2.893656841918002e-11
120,7,6,3.2073794141440626e-10
120,7,7,3.714527470333184e-11
120,7,8,0.0
120,7,9,0.0
120,7,10,0.0
120,8,1,0.0
120,8,2,0.00017375081303189557
120,8,3,0.0
120,8,4,0.0
120,8,5,3.3093616909340984e-10
120,8,6,3.3127551916922737e-10
120,8,7,0.0
120,8,8,0.0
120,8,9,1.8835696023733473e-10
120,8,10,0.0011441724782003497
120,9,1,0.0
120,9,2,3.4454477465528655e-10
120,9,3,0.0015790245259622339
120,9,4,0.00146017340958041
120,9,5,0.0
120,9,6,0.0
120,9,7,9.668697439901841e-11
120,9,8,0.0
120,9,9,6.36042087054367e-11
120,9,10,4.2878305073212886e-12
120,10,1,1.9884539327608142e-10
120,10,2,0.0
120,10,3,0.0
120,10,4,0.0
120,10,5,0.0
120,10,6,6.618563752613937e-10
120,10,7,0.0
120,10,8,0.001651017078059024
120,10,9,0.0
120,10,10,1.744757480853787e-10
120,11,1,0.0
120,11,2,0.0
120,11,3,0.0
120,11,4,4.1022179056438013e-10
120,11,5,0.0
120,11,6,1.0194595688461927e-10
120,11,7,0.0
120,11,8,0.0
120,11,9,1.1064893758183647e-9
120,11,10,0.0
120,12,1,0.0
120,12,2,0.0
120,12,3,5.554402198598707e-10
120,12,4,0.0
120,12,5,4.5561981444619537e-10
120,12,6,0.0
120,12,7,1.4182892534020386e-10
120,12,8,0.0
120,12,9,0.0
120,12,10,0.0
120,13,1,0.0
120,13,2,2.0998434414887246e-10
120,13,3,1.5962030482097322e-10
120,13,4,0.0
120,13,5,0.0
120,13,6,0.0
120,13,7,0.0
120,13,8,0.0
120,13,9,0.0
120,13,10,0.0
120,14,1,0.0
120,14,2,0.0
120,14,3,0.0
120,14,4,0.0
120,14,5,0.0
120,14,6,0.0
120,14,7,4.565660349786782e-12
120,14,8,1.2449895628319219e-10
120,14,9,0.0
120,14,10,1.1913530058305088e-10
120,15,1,0.0
120,15,2,0.0
120,15,3,0.0
120,15,4,0.0
120,15,5,3.0511124356202846e-10
120,15,6,0.0
120,15,7,0.0
120,15,8,5.781264824505916e-10
120,15,9,3.2160789656399125e-11
120,15,10,6.321697939432047e-10
120,16,1,0.0
120,16,2,0.0
120,16,3,4.0444231123870633e-10
120,16,4,1.9735827555544816e-12
120,16,5,0.0
120,16,6,1.6314376412307485e-10
120,16,7,0.0
120,16,8,0.001360300734050593
120,16,9,0.0
120,16,10,3.398389365055765e-10
120,17,1,0.0
120,17,2,0.00010684505399314106
120,17,3,4.477685392606512e-10
120,17,4,2.5173673041944955e-10
120,17,5,0.0
120,17,6,1.1232503122071691e-10
120,17,7,0.0
120,17,8,0.000234578369731819
120,17,9,1.2647053022896149e-10
120,17,10,0.0002957549384111288
120,18,1,0.0
120,18,2,0.0
120,18,3,0.0
120,18,4,0.0
120,18,5,0.0
120,18,6,0.0
120,18,7,0.0
120,18,8,0.0
120,18,9,0.0
120,18,10,0.0
120,19,1,0.0
120,19,2,0.0
120,19,3,0.0
120,19,4,0.0
120,19,5,0.0
120,19,6,0.0
120,19,7,0.0
120,19,8,0.0
120,19,9,0.0
120,19,10,0.0
120,20,1,0.0
120,20,2,0.0
120,20,3,0.0
120,20,4,0.0
120,20,5,0.0
120,20,6,0.0
120,20,7,0.0
120,20,8,0.0
120,20,9,0.0
120,20,10,0.0
120,21,1,0.0
120,21,2,3.2420405422783904e-10
120,21,3,0.0
120,21,4,0.0
120,21,5,0.0
120,21,6,0.0
120,21,7,0.0
120,21,8,0.0
120,21,9,2.317706269960862e-11
120,21,10,0.0
120,22,1,0.0
120,22,2,0.0
120,22,3,0.0
120,22,4,3.9708222647483193e-10
120,22,5,4.8528032287054046e-11
120,22,6,0.0
120,22,7,0.0
120,22,8,0.0
120,22,9,0.0
120,22,10,0.0
120,23,1,0.0
120,23,2,0.0
120,23,3,0.0
120,23,4,0.0
120,23,5,0.0
120,23,6,0.0
120,23,7,0.0
120,23,8,0.0
120,23,9,0.0
120,23,10,0.0
120,24,1,0.0
120,24,2,0.0
120,24,3,0.0
120,24,4,0.0
120,24,5,6.550955906209355e-10
120,24,6,0.0
120,24,7,0.0
120,24,8,0.0
120,24,9,0.0
120,24,10,3.821376550264266e-9
121,1,1,4.6074771775650447e-10
121,1,2,4.442699888529411e-10
121,1,3,0.0
121,1,4,1.6285855303221908e-10
121,1,5,0.0
121,1,6,2.976412727395683e-10
121,1,7,1.921950446015508e-10
121,1,8,1.8435908355485253e-10
121,1,9,1.4017585009407085e-10
121,1,10,1.9319373878445845e-10
121,2,1,7.692725970120939e-10
121,2,2,0.0
121,2,3,0.0
121,2,4,0.0
121,2,5,4.1553575857999903e-10
121,2,6,5.539722083836018e-10
121,2,7,5.1675962120523167e-11
121,2,8,0.0
121,2,9,0.0
121,2,10,2.844353572117875e-10
121,3,1,0.0
121,3,2,2.3037623891886128e-10
121,3,3,0.0
121,3,4,0.0
121,3,5,1.69247442449727e-10
121,3,6,2.6873959307893713e-10
121,3,7,1.356546541764203e-10
121,3,8,8.47204251197553e-11
121,3,9,6.468321711583513e-11
121,3,10,1.477990577147814e-10
121,4,1,1.4639296719298756e-11
121,4,2,0.0
121,4,3,0.0
121,4,4,3.377161467144063e-10
121,4,5,3.6811554499083243e-10
121,4,6,0.0
121,4,7,0.0
121,4,8,1.0724918175775144e-10
121,4,9,2.3156140199764863e-10
121,4,10,8.394945849587998e-11
121,5,1,0.0
121,5,2,2.463349871306697e-10
121,5,3,0.0
121,5,4,2.7758559340007594e-12
121,5,5,0.0
121,5,6,3.5782490859226357e-10
121,5,7,2.607952118149903e-10
121,5,8,0.0
121,5,9,4.8827608623014385e-11
121,5,10,5.130558825006126e-10
121,6,1,4.776722628552221e-10
121,6,2,0.0
121,6,3,0.0
121,6,4,5.468241692785369e-10
121,6,5,0.0
121,6,6,0.0
121,6,7,2.792736805701246e-10
121,6,8,5.384171095079715e-10
121,6,9,7.83713580143619e-11
121,6,10,5.53287207716302e-11
121,7,1,0.0
121,7,2,7.160355433577514e-10
121,7,3,0.0
121,7,4,0.0
121,7,5,0.0
121,7,6,9.424506314248404e-11
121,7,7,0.0
121,7,8,4.1698621638941447e-10
121,7,9,8.318428931786137e-10
121,7,10,1.386538037162488e-10
121,8,1,0.0
121,8,2,0.00017039827434299493
121,8,3,0.0
121,8,4,0.0
121,8,5,0.0
121,8,6,0.0
121,8,7,0.0
121,8,8,2.0877813367015108e-10
121,8,9,0.0
121,8,10,0.0011076989872311621
121,9,1,1.0427259056200455e-10
121,9,2,4.2776120146026386e-10
121,9,3,0.0015380721332198533
121,9,4,0.0014072962671541345
121,9,5,0.0
121,9,6,0.0
121,9,7,0.0
121,9,8,2.927209377667772e-10
121,9,9,0.0
121,9,10,0.0
121,10,1,5.777168327059101e-11
121,10,2,0.0
121,10,3,0.0
121,10,4,0.0
121,10,5,0.0
121,10,6,3.105908863432205e-10
121,10,7,1.057774007273693e-9
121,10,8,0.0016218428504376978
121,10,9,0.0
121,10,10,0.0
121,11,1,1.7730485135647456e-10
121,11,2,0.0
121,11,3,9.066399020429827e-11
121,11,4,0.0
121,11,5,3.8725923856564037e-10
121,11,6,4.766093492092338e-10
121,11,7,2.3321284486899074e-10
121,11,8,0.0
121,11,9,0.0
121,11,10,0.0
121,12,1,0.0
121,12,2,0.0
121,12,3,4.3755286893709666e-10
121,12,4,9.30744856186827e-11
121,12,5,1.3382560337671379e-10
121,12,6,1.1625153617522699e-10
121,12,7,0.0
121,12,8,1.9618189017744925e-11
121,12,9,1.9518632543569225e-10
121,12,10,1.3514109276080433e-10
121,13,1,5.7775915995872396e-11
121,13,2,5.439543537821834e-10
121,13,3,3.3488101874867837e-10
121,13,4,5.326185603671263e-10
121,13,5,2.06912223466027e-10
121,13,6,0.0
121,13,7,6.514824790748719e-11
121,13,8,2.723401504312051e-10
121,13,9,2.643675903191145e-10
121,13,10,8.446762733704816e-10
121,14,1,0.0
121,14,2,4.237413198104889e-10
121,14,3,2.0867938627100457e-10
121,14,4,0.0
121,14,5,2.917770261512409e-10
121,14,6,2.940595753009312e-10
121,14,7,1.1593265930587293e-10
121,14,8,9.485957158661407e-11
121,14,9,0.0
121,14,10,2.536810761455399e-10
121,15,1,0.0
121,15,2,1.1551120476793741e-10
121,15,3,3.7726433782525604e-10
121,15,4,4.0933240130769377e-10
121,15,5,2.4240297269439992e-11
121,15,6,1.9210349283538264e-10
121,15,7,2.392926412575491e-10
121,15,8,2.9318222849461506e-10
121,15,9,0.0
121,15,10,0.0
121,16,1,0.0
121,16,2,1.1923339884867268e-9
121,16,3,4.839154077451724e-11
121,16,4,0.0
121,16,5,0.0
121,16,6,6.707432456676266e-10
121,16,7,4.3734792870564476e-10
121,16,8,0.0013048120947801584
121,16,9,3.445354140874102e-10
121,16,10,8.968990272695265e-10
121,17,1,2.887425507025476e-10
121,17,2,0.00015372767900343615
121,17,3,8.312986687908364e-10
121,17,4,4.779463422255326e-10
121,17,5,3.303863987946798e-10
121,17,6,0.0
121,17,7,0.00025807720546815877
121,17,8,0.0003359336392492196
121,17,9,5.902210109542949e-10
121,17,10,0.0003972285052901356
121,18,1,0.0
121,18,2,1.3601841181154484e-10
121,18,3,7.6530275172626e-11
121,18,4,0.0
121,18,5,8.442049836965282e-11
121,18,6,0.0
121,18,7,2.3086174638642376e-10
121,18,8,1.215079217797843e-10
121,18,9,0.0
121,18,10,0.0
121,19,1,5.657120258351078e-10
121,19,2,9.637859954558792e-11
121,19,3,3.979213486493549e-11
121,19,4,0.0
121,19,5,1.2843120317240775e-10
121,19,6,2.3377707408789306e-10
121,19,7,0.0
121,19,8,7.556114137163839e-10
121,19,9,1.4493526517833644e-10
121,19,10,0.0
121,20,1,5.424143773025136e-11
121,20,2,4.376647655401911e-11
121,20,3,0.0
121,20,4,1.814250208398427e-10
121,20,5,5.534167429877002e-10
121,20,6,3.6513236184587683e-10
121,20,7,0.0
121,20,8,0.0
121,20,9,8.551210434193379e-11
121,20,10,3.3213791439390405e-10
121,21,1,0.0
121,21,2,4.895747696131991e-11
121,21,3,4.091504010594882e-10
121,21,4,4.03624009215342e-11
121,21,5,1.0961997976011162e-10
121,21,6,1.0396376814991726e-10
121,21,7,2.6040187367515344e-10
121,21,8,3.0132029510410163e-10
121,21,9,5.263061791938028e-10
121,21,10,0.0
121,22,1,4.935151454166231e-10
121,22,2,2.7022126203313235e-10
121,22,3,0.0
121,22,4,1.4918661445095793e-10
121,22,5,0.0
121,22,6,2.9216855323976887e-10
121,22,7,7.838335536192176e-10
121,22,8,2.338128857193311e-10
121,22,9,5.068808428543292e-10
121,22,10,5.404554095922443e-10
121,23,1,0.0
121,23,2,9.591148014687079e-11
121,23,3,4.1363414776673935e-10
121,23,4,0.0
121,23,5,3.8124753354296104e-10
121,23,6,1.8837483656275467e-10
121,23,7,2.849642466440372e-10
121,23,8,7.24733453805193e-10
121,23,9,3.062373479800762e-10
121,23,10,3.1186537380323287e-10
121,24,1,6.382054537623638e-10
121,24,2,7.792656797622755e-11
121,24,3,0.0
121,24,4,0.0
121,24,5,0.0
121,24,6,2.908148236113739e-10
121,24,7,5.37678651602036e-11
121,24,8,1.6269105507227266e-10
121,24,9,0.0
121,24,10,0.0
122,1,1,1.2358745277163408e-10
122,1,2,0.00012411892691192167
122,1,3,0.0
122,1,4,0.0
122,1,5,0.0
122,1,6,0.0
122,1,7,2.800375695222179e-10
122,1,8,0.0012249607093249154
122,1,9,0.0
122,1,10,3.7619736492633393e-10
122,2,1,2.0524439092728386e-10
122,2,2,0.0013501690691500035
122,2,3,0.0
122,2,4,2.1008740580530372e-10
122,2,5,0.0
122,2,6,0.0
122,2,7,2.400682846959157e-10
122,2,8,4.489438681920532e-11
122,2,9,4.7560268223723057e-11
122,2,10,1.419039122318999e-10
122,3,1,0.0
122,3,2,1.1901071794717666e-10
122,3,3,0.0
122,3,4,0.0
122,3,5,4.025294611520458e-10
122,3,6,0.0
122,3,7,6.30146039515278e-10
122,3,8,0.0029129373983279583
122,3,9,4.36441958961975e-10
122,3,10,0.0
122,4,1,4.0867562112190114e-10
122,4,2,0.0
122,4,3,0.0
122,4,4,2.52593439220572e-10
122,4,5,0.0
122,4,6,1.9379113591622144e-10
122,4,7,4.456386509810173e-10
122,4,8,0.0027322082626430946
122,4,9,0.0
122,4,10,3.476591167728138e-10
122,5,1,1.9545379897900617e-10
122,5,2,0.0
122,5,3,1.6512239492394443e-10
122,5,4,1.464049714794413e-11
122,5,5,0.0
122,5,6,9.773105241750457e-11
122,5,7,0.0
122,5,8,6.62471952295185e-11
122,5,9,0.0
122,5,10,0.00015326030200303598
122,6,1,2.2374441882577756e-10
122,6,2,2.452799491292623e-10
122,6,3,0.0
122,6,4,4.369622788602534e-10
122,6,5,0.0
122,6,6,4.2882126322085767e-10
122,6,7,0.0
122,6,8,0.004092852080572938
122,6,9,0.0
122,6,10,0.0007387401355566717
122,7,1,0.0
122,7,2,0.0
122,7,3,0.0
122,7,4,6.752228776107927e-10
122,7,5,0.0
122,7,6,0.0
122,7,7,0.0
122,7,8,0.0
122,7,9,1.5235206152208747e-10
122,7,10,2.0943147910346127e-10
122,8,1,1.4904849576780066e-10
122,8,2,0.00017937613182972267
122,8,3,6.445663447429695e-12
122,8,4,0.0
122,8,5,2.4926928576807228e-11
122,8,6,1.2155026984927986e-10
122,8,7,2.6043953799126385e-10
122,8,8,0.0
122,8,9,1.5910162076693268e-11
122,8,10,0.0
122,9,1,1.4582197255252893e-10
122,9,2,1.2114183961520197e-10
122,9,3,0.0020456628597391724
122,9,4,0.0017194791966815004
122,9,5,0.0
122,9,6,0.0
122,9,7,0.0
122,9,8,0.0
122,9,9,0.0
122,9,10,1.175664288144418e-10
122,10,1,0.0
122,10,2,0.0
122,10,3,0.0
122,10,4,0.0
122,10,5,0.0
122,10,6,0.0
122,10,7,0.0
122,10,8,3.728602149255522e-10
122,10,9,2.296073053908998e-11
122,10,10,0.0
122,11,1,0.0
122,11,2,2.1764674784652271e-10
122,11,3,0.0
122,11,4,3.121394115401799e-11
122,11,5,0.0
122,11,6,3.4542319005126387e-10
122,11,7,0.0
122,11,8,0.0
122,11,9,0.0
122,11,10,0.0
122,12,1,0.0
122,12,2,0.0
122,12,3,0.0
122,12,4,1.1873543120932695e-10
122,12,5,0.0
122,12,6,0.0
122,12,7,0.0
122,12,8,0.0
122,12,9,0.0
122,12,10,5.174926945294978e-10
122,13,1,0.0
122,13,2,0.0
122,13,3,0.0
122,13,4,3.5353338312393845e-11
122,13,5,5.0831422404584714e-12
122,13,6,1.732885224203784e-10
122,13,7,3.207188958853635e-10
122,13,8,4.632983510721722e-10
122,13,9,0.0
122,13,10,7.13026859777699e-12
122,14,1,1.7730525381232098e-10
122,14,2,4.933457670164287e-10
122,14,3,0.0
122,14,4,1.762360188339862e-10
122,14,5,0.0
122,14,6,0.0
122,14,7,1.514879471864461e-10
122,14,8,0.0
122,14,9,1.6430515975551785e-10
122,14,10,0.0
122,15,1,0.0
122,15,2,2.597567508311194e-10
122,15,3,4.3351815193215515e-11
122,15,4,0.0
122,15,5,1.5544197873307297e-10
122,15,6,1.734501292594004e-10
122,15,7,0.0
122,15,8,2.6109328588042047e-10
122,15,9,1.1938824928670044e-11
122,15,10,8.91585902329517e-11
122,16,1,5.729264285214697e-10
122,16,2,3.8774899957516595e-10
122,16,3,3.73444844492532e-10
122,16,4,1.3269198240184465e-10
122,16,5,3.918061153296293e-10
122,16,6,0.0
122,16,7,0.0
122,16,8,0.0017919026710677133
122,16,9,0.0
122,16,10,2.5886959936771703e-10
122,17,1,0.0
122,17,2,0.00011129724129243374
122,17,3,7.029304222028188e-11
122,17,4,0.0
122,17,5,1.4024705702331275e-10
122,17,6,1.7643726757388123e-11
122,17,7,0.0002606689322651526
122,17,8,0.0006610655844423857
122,17,9,3.5539879372770145e-10
122,17,10,0.0
122,18,1,0.0
122,18,2,0.0018172341261305305
122,18,3,2.3297877516093024e-10
122,18,4,6.59880462772211e-10
122,18,5,2.4239055901320583e-10
122,18,6,0.0
122,18,7,0.0006444109876273044
122,18,8,0.0004481448717585726
122,18,9,3.0340859685784594e-10
122,18,10,0.0016626963188616992
122,19,1,0.0
122,19,2,0.0019743989297111714
122,19,3,0.0
122,19,4,6.465594726279278e-11
122,19,5,0.0004725613348992297
122,19,6,2.1307611230980683e-10
122,19,7,0.0011223743060386343
122,19,8,0.0003911452410826008
122,19,9,8.725074764993207e-5
122,19,10,0.001928719627408329
122,20,1,3.853330848846426e-11
122,20,2,0.0013643336915165824
122,20,3,0.0003425199336537649
122,20,4,0.0
122,20,5,0.00030927940807056603
122,20,6,0.0006889084158600914
122,20,7,0.0008045974009696227
122,20,8,0.0030968676438214507
122,20,9,0.0
122,20,10,0.001379300712054693
122,21,1,0.0
122,21,2,0.0007996318520142875
122,21,3,0.0
122,21,4,3.490929767480111e-12
122,21,5,1.518024594915346e-10
122,21,6,5.9884927656093934e-5
122,21,7,0.00011470459540232486
122,21,8,0.0034538971939015242
122,21,9,5.352028611960158e-10
122,21,10,4.9277648904645643e-5
122,22,1,4.4178575381303986e-10
122,22,2,0.00014127853128304696
122,22,3,0.0
122,22,4,4.385319954391953e-10
122,22,5,3.08319474118246e-10
122,22,6,0.00022168555729628475
122,22,7,1.9808246015662334e-10
122,22,8,0.0009086398314181732
122,22,9,0.0
122,22,10,0.0008665490551134913
122,23,1,0.0
122,23,2,0.0011389874559139049
122,23,3,6.563925097902157e-11
122,23,4,0.0
122,23,5,2.4021300920606947e-10
122,23,6,0.0002847503882890956
122,23,7,0.0
122,23,8,0.0010334875784926145
122,23,9,0.0
122,23,10,7.92855989195651e-11
122,24,1,2.93145910323922e-10
122,24,2,0.00033080254728191233
122,24,3,0.0
122,24,4,0.0
122,24,5,3.602874040775639e-10
122,24,6,4.822554092176468e-10
122,24,7,0.0
122,24,8,0.0010688838559375705
122,24,9,8.881700236385015e-11
122,24,10,0.00022835715911878607
123,1,1,2.3527223355214393e-10
123,1,2,0.00012372770164284502
123,1,3,0.0
123,1,4,5.902688494714963e-11
123,1,5,5.0386454855449667e-11
123,1,6,2.583816315112723e-10
123,1,7,1.8355450751076087e-10
123,1,8,0.0011996336394016374
123,1,9,2.5939716180643643e-10
123,1,10,0.0
123,2,1,2.471263749193042e-10
123,2,2,0.0013562332380219495
123,2,3,3.5023870408530946e-10
123,2,4,2.0454029556237277e-10
123,2,5,3.3147077374211723e-10
123,2,6,1.478868327877237e-10
123,2,7,0.0
123,2,8,0.0
123,2,9,1.0557924673415542e-10
123,2,10,0.0
123,3,1,4.944823760863378e-10
123,3,2,0.0
123,3,3,0.0
123,3,4,0.0
123,3,5,0.0
123,3,6,0.0
123,3,7,3.563463179354903e-11
123,3,8,0.0029535413570618025
123,3,9,3.101200455907338e-11
123,3,10,1.875769265175441e-10
123,4,1,0.0
123,4,2,1.479859254388015e-10
123,4,3,0.0
123,4,4,4.1399792357776243e-10
123,4,5,0.0
123,4,6,1.268409173458259e-10
123,4,7,2.015085881089309e-10
123,4,8,0.002845560110914829
123,4,9,3.817939479457858e-10
123,4,10,5.0702095706579506e-11
123,5,1,1.6844768635504437e-11
123,5,2,0.0
123,5,3,2.076308485829128e-10
123,5,4,1.4205680978329055e-10
123,5,5,3.918876524756495e-10
123,5,6,3.058799567801085e-10
123,5,7,1.1191669742642227e-11
123,5,8,0.0
123,5,9,8.978373947088336e-11
123,5,10,0.00015433228798280527
123,6,1,2.433490143654437e-10
123,6,2,5.1004878871249275e-8
123,6,3,0.0
123,6,4,0.0
123,6,5,6.568473354197183e-10
123,6,6,1.9398185258323951e-10
123,6,7,0.0
123,6,8,0.004110627284078645
123,6,9,0.0
123,6,10,0.0007368064718635363
123,7,1,1.235203606064772e-10
123,7,2,2.805377805059628e-11
123,7,3,5.2196190132667436e-11
123,7,4,0.0
123,7,5,1.1054920867614726e-11
123,7,6,0.0
123,7,7,1.2170693272639532e-10
123,7,8,3.7084216556945715e-10
123,7,9,0.0
123,7,10,0.0
123,8,1,3.6122748991062705e-11
123,8,2,0.00018003940643447337
123,8,3,1.5637598213625433e-10
123,8,4,3.0446476156215097e-10
123,8,5,9.738537137349377e-11
123,8,6,0.0
123,8,7,3.5217621553703906e-10
123,8,8,3.6304736647507774e-10
123,8,9,4.3530047746647297e-10
123,8,10,0.0
123,9,1,0.0
123,9,2,3.677879528707351e-11
123,9,3,0.002044945803678048
123,9,4,0.0017185477364814348
123,9,5,2.862770229206113e-10
123,9,6,8.600781545298197e-11
123,9,7,5.91314957068545e-11
123,9,8,1.9270701354101583e-10
123,9,9,1.5368686878680649e-10
123,9,10,2.2245687930633196e-11
123,10,1,0.0
123,10,2,8.394743995231625e-10
123,10,3,1.2522970009067047e-10
123,10,4,1.7425763284596718e-10
123,10,5,0.0
123,10,6,9.397049698868347e-11
123,10,7,5.021115953574018e-10
123,10,8,6.108701542653291e-10
123,10,9,5.54690149714987e-10
123,10,10,1.3115659919747127e-10
123,11,1,2.918249977605647e-10
123,11,2,2.943874502575798e-10
123,11,3,0.0
123,11,4,4.2411406504794247e-10
123,11,5,0.0
123,11,6,4.206872445886023e-10
123,11,7,0.0
123,11,8,4.3816687170933344e-10
123,11,9,6.498006397536611e-11
123,11,10,0.0
123,12,1,0.0
123,12,2,3.0390064596763633e-10
123,12,3,2.5206036476793647e-10
123,12,4,3.4689260708722913e-10
123,12,5,1.5231149275032971e-10
123,12,6,1.359871919026902e-10
123,12,7,1.8367755667131336e-11
123,12,8,0.0
123,12,9,0.0
123,12,10,1.0943521349532359e-10
123,13,1,6.013000973872917e-10
123,13,2,4.4445575345108956e-10
123,13,3,1.7097969264370794e-10
123,13,4,6.562393172274139e-10
123,13,5,0.0
123,13,6,0.0
123,13,7,0.0
123,13,8,3.052486718252423e-10
123,13,9,0.0
123,13,10,0.0
123,14,1,0.0
123,14,2,0.0
123,14,3,1.5176011792725208e-10
123,14,4,0.0
123,14,5,0.0
123,14,6,3.053538394359734e-10
123,14,7,7.10946179111418e-11
123,14,8,0.0
123,14,9,0.0
123,14,10,4.357364295770605e-10
123,15,1,8.654516860107098e-11
123,15,2,1.3692124924650796e-10
123,15,3,1.3699198112698818e-10
123,15,4,0.0
123,15,5,4.1651303146230095e-10
123,15,6,1.1102573179398723e-11
123,15,7,4.090597316869769e-10
123,15,8,0.0
123,15,9,2.990419262043076e-10
123,15,10,8.043497873506424e-10
123,16,1,0.0
123,16,2,0.0
123,16,3,5.418277272967357e-10
123,16,4,0.0
123,16,5,4.5717677422106064e-10
123,16,6,0.0
123,16,7,1.6620417000629768e-10
123,16,8,0.0017860616809906573
123,16,9,0.0
123,16,10,1.812953384793305e-10
123,17,1,1.9542066967151398e-10
123,17,2,0.00010965736700003741
123,17,3,0.0
123,17,4,0.0
123,17,5,0.0
123,17,6,0.0
123,17,7,0.0002659980899404228
123,17,8,0.000672113903714701
123,17,9,4.483702869704717e-10
123,17,10,0.0
123,18,1,0.0
123,18,2,0.0018168878252111742
123,18,3,2.1277616982909897e-10
123,18,4,0.0
123,18,5,0.0
123,18,6,1.2666008627307353e-10
123,18,7,0.00064368432461467
123,18,8,0.000476296570434369
123,18,9,1.5561380737596706e-10
123,18,10,0.0016611989378019156
123,19,1,3.652610735681589e-10
123,19,2,0.0019817359912834088
123,19,3,2.5867863753803455e-10
123,19,4,2.6189620478759723e-10
123,19,5,0.00047225521936609754
123,19,6,1.1906349891470727e-10
123,19,7,0.001121575888245117
123,19,8,0.00038626472350089015
123,19,9,8.712393625641407e-5
123,19,10,0.0019335905922492364
123,20,1,0.0
123,20,2,0.001244320664186012
123,20,3,0.0003095226777791969
123,20,4,1.0901611210978324e-10
123,20,5,0.00027669199559722177
123,20,6,0.0006273239176614945
123,20,7,0.0007247405889150432
123,20,8,0.002863824321277228
123,20,9,1.1519585979558045e-10
123,20,10,0.0012509166136768501
123,21,1,5.287081254572168e-11
123,21,2,0.0007993358848933474
123,21,3,6.837747664086014e-11
123,21,4,9.287394394123447e-11
123,21,5,3.3387875396275607e-10
123,21,6,5.9835593822249605e-5
123,21,7,0.00011678601478491257
123,21,8,0.0034965279123191414
123,21,9,0.0
123,21,10,4.994000888130018e-5
123,22,1,0.0
123,22,2,0.00014085413010620588
123,22,3,1.8503546654960457e-10
123,22,4,6.74072607193682e-10
123,22,5,0.0
123,22,6,0.0002215630699368093
123,22,7,0.0
123,22,8,0.0008723452859305046
123,22,9,3.389751292702005e-10
123,22,10,0.0008661381363593813
123,23,1,1.642364734882556e-11
123,23,2,0.0011396040548196757
123,23,3,7.945794095730347e-12
123,23,4,0.0
123,23,5,4.466859927733033e-11
123,23,6,0.00029544923934867904
123,23,7,0.0
123,23,8,0.0010610824091065766
123,23,9,1.1310371188883936e-10
123,23,10,7.735493811188046e-10
123,24,1,6.41968195553485e-11
123,24,2,0.000331124427083429
123,24,3,1.7138080457255835e-10
123,24,4,1.8422495983278785e-10
123,24,5,0.0
123,24,6,2.349781341455092e-10
123,24,7,2.890186468924547e-10
123,24,8,0.0010540542535600562
123,24,9,9.605395160107442e-12
123,24,10,0.00023313765377545523
124,1,1,8.394976987951493e-11
124,1,2,0.0003303009623892709
124,1,3,8.41189807912467e-11
124,1,4,8.402174031272387e-11
124,1,5,8.396347744840902e-11
124,1,6,8.772347493547617e-11
124,1,7,8.393682150096586e-11
124,1,8,0.0032535219948345933
124,1,9,8.388972917027017e-11
124,1,10,8.386240193290921e-11
124,2,1,1.1693037723135744e-10
124,2,2,8.607005226940121e-11
124,2,3,8.603998746798523e-11
124,2,4,8.610656239666603e-11
124,2,5,8.61041776276212e-11
124,2,6,8.609470957542589e-11
124,2,7,1.2907842093010406e-10
124,2,8,1.9523671644600005e-10
124,2,9,1.2630270430684966e-10
124,2,10,1.1888431648499367e-10
124,3,1,1.0984579501846439e-10
124,3,2,1.0171081674057981e-10
124,3,3,9.389039312226007e-11
124,3,4,1.0634595553540564e-10
124,3,5,9.798830266115307e-11
124,3,6,9.486641347073291e-11
124,3,7,9.715910508647814e-11
124,3,8,1.6717615886987942e-10
124,3,9,1.0058960023642395e-10
124,3,10,9.882667562201384e-11
124,4,1,1.0634508041840599e-10
124,4,2,1.0655453112509873e-10
124,4,3,1.0664617577306094e-10
124,4,4,1.016092253583254e-10
124,4,5,1.0171959212275123e-10
124,4,6,9.963432151669851e-11
124,4,7,9.337781105888656e-11
124,4,8,1.380180595009889e-10
124,4,9,1.0676341502090181e-10
124,4,10,9.335084133518314e-11
124,5,1,1.5415563698421674e-10
124,5,2,2.0684201753250615e-10
124,5,3,8.362158789746045e-11
124,5,4,8.36080986756444e-11
124,5,5,8.362794084390924e-11
124,5,6,1.5544955881321626e-10
124,5,7,8.36071132573486e-11
124,5,8,8.361288241058598e-11
124,5,9,1.7078618505719982e-10
124,5,10,8.361122925290397e-11
124,6,1,7.829150483701144e-11
124,6,2,6.3134735390534644e-9
124,6,3,7.809254007198721e-11
124,6,4,7.809601520067276e-11
124,6,5,9.340405082958972e-11
124,6,6,7.840627551924365e-11
124,6,7,3.122717074161451e-10
124,6,8,8.463679412656123e-11
124,6,9,7.832749857155341e-11
124,6,10,1.019493705226313e-5
124,7,1,7.580110745758406e-11
124,7,2,0.0004373029208769122
124,7,3,7.360419274440916e-11
124,7,4,7.360430812241905e-11
124,7,5,7.734046081142473e-11
124,7,6,7.507975235269504e-11
124,7,7,0.00012750000788453326
124,7,8,7.361700429316672e-11
124,7,9,7.360428745362229e-11
124,7,10,0.0005906623654170046
124,8,1,7.70738597974913e-11
124,8,2,0.0002851551867814408
124,8,3,7.590906843678651e-11
124,8,4,7.525074729525671e-11
124,8,5,7.52648377656254e-11
124,8,6,7.525063167663039e-11
124,8,7,4.796754064555818e-10
124,8,8,0.0344254742201494
124,8,9,7.57755339561419e-11
124,8,10,7.550459096335099e-11
124,9,1,8.193236734064382e-11
124,9,2,0.0019850509711626598
124,9,3,8.18855490265722e-11
124,9,4,8.188651179585333e-11
124,9,5,0.0007738125995591374
124,9,6,8.314863815301003e-11
124,9,7,8.210976528713116e-11
124,9,8,8.311633421478799e-11
124,9,9,1.0362241910269082e-10
124,9,10,8.21039853812293e-11
124,10,1,9.538422922515125e-11
124,10,2,9.510185870994045e-11
124,10,3,9.54882229118232e-11
124,10,4,9.540235370032482e-11
124,10,5,9.495985604942351e-11
124,10,6,9.51301071582715e-11
124,10,7,9.599179224811212e-11
124,10,8,7.749013937605862e-10
124,10,9,9.558427281548366e-11
124,10,10,9.51172245292231e-11
124,11,1,1.0246656669282425e-10
124,11,2,1.0238058919148492e-10
124,11,3,1.0244753519012899e-10
124,11,4,1.0242774032478285e-10
124,11,5,1.024416737875668e-10
124,11,6,1.024484278571526e-10
124,11,7,1.024723057563257e-10
124,11,8,1.2547009587715048e-10
124,11,9,1.0238462737142661e-10
124,11,10,1.0249187735800359e-10
124,12,1,1.0438188469718111e-10
124,12,2,1.0436740832424372e-10
124,12,3,1.0435754707982749e-10
124,12,4,1.0436580125581944e-10
124,12,5,1.0420077016064864e-10
124,12,6,1.0419869015758777e-10
124,12,7,1.0435618038506922e-10
124,12,8,1.0541040908214456e-10
124,12,9,1.0436250955207791e-10
124,12,10,1.0435982179973566e-10
124,13,1,1.0388391648987129e-10
124,13,2,1.1007161353370093e-10
124,13,3,1.0386648632000007e-10
124,13,4,1.0386633010391861e-10
124,13,5,1.0386303628861078e-10
124,13,6,1.0386298710765389e-10
124,13,7,1.0386477400061792e-10
124,13,8,1.0388660303395501e-10
124,13,9,1.0386579079072883e-10
124,13,10,1.0386740715275535e-10
124,14,1,1.0353007461136422e-10
124,14,2,1.035304332383156e-10
124,14,3,1.0353196292044395e-10
124,14,4,1.0353189239827885e-10
124,14,5,1.0348619237843355e-10
124,14,6,1.035224409066533e-10
124,14,7,1.0348966971109392e-10
124,14,8,1.1244180787164693e-10
124,14,9,1.0352761625256314e-10
124,14,10,1.0353557924589837e-10
124,15,1,9.750975628632782e-11
124,15,2,9.71081568588318e-11
124,15,3,9.75630550119426e-11
124,15,4,9.752368531813513e-11
124,15,5,9.710339061918393e-11
124,15,6,9.707316556325713e-11
124,15,7,9.709664672347586e-11
124,15,8,3.0962434935397324e-10
124,15,9,9.755120128473842e-11
124,15,10,9.71225785583056e-11
124,16,1,8.856247606226637e-11
124,16,2,8.74441829278721e-11
124,16,3,5.369174053228385e-10
124,16,4,5.179950767501339e-10
124,16,5,8.673288244686282e-11
124,16,6,8.68175980160214e-11
124,16,7,8.686676178087625e-11
124,16,8,8.75590267855302e-11
124,16,9,8.796245546785038e-11
124,16,10,8.905144172185581e-11
124,17,1,6.909762121301184e-11
124,17,2,0.000299708210928651
124,17,3,1.3338326273676025e-10
124,17,4,1.0182026601678924e-10
124,17,5,6.415341868642959e-11
124,17,6,6.552051730188568e-11
124,17,7,0.0007047351416883674
124,17,8,0.001692888111924687
124,17,9,6.400190841117516e-11
124,17,10,6.434265500605032e-11
124,18,1,6.685866740134936e-5
124,18,2,3.3361330386149284e-10
124,18,3,7.590447173455192e-5
124,18,4,7.515398868607792e-5
124,18,5,4.6953693542153666e-11
124,18,6,4.415774431256198e-11
124,18,7,4.868021375166688e-11
124,18,8,0.0013021576527575997
124,18,9,4.3565624526221505e-11
124,18,10,5.0050152965557135e-5
124,19,1,7.624949279457659e-11
124,19,2,1.593612507573096e-10
124,19,3,0.032442421168988586
124,19,4,6.825755034150088e-11
124,19,5,1.5711780803083783e-10
124,19,6,3.600311248125935e-11
124,19,7,1.526439414614367e-10
124,19,8,0.0010159012799065387
124,19,9,7.960425195422412e-11
124,19,10,1.239543338763489e-10
124,20,1,6.241708334530273e-11
124,20,2,1.6318599975241026e-10
124,20,3,1.6226784211490584e-10
124,20,4,6.31418661271584e-11
124,20,5,1.8178792658173178e-10
124,20,6,1.6419351351297374e-10
124,20,7,1.627003128790296e-10
124,20,8,1.9009112882764152e-10
124,20,9,6.604880710025243e-11
124,20,10,9.025827786077834e-11
124,21,1,3.77632926789885e-11
124,21,2,0.0016906158887033545
124,21,3,4.077859216583975e-11
124,21,4,3.8615741336640727e-11
124,21,5,7.132136185022804e-11
124,21,6,0.0016877726448115314
124,21,7,0.0016889474635887122
124,21,8,0.0016965371690516836
124,21,9,0.001642388621386599
124,21,10,0.00013573096261029245
124,22,1,1.8274098226092703e-10
124,22,2,0.0003946211463956347
124,22,3,5.16821177900504e-11
124,22,4,5.095493324408417e-11
124,22,5,2.061626498417472e-10
124,22,6,3.5381802265205974e-10
124,22,7,5.2106971384312905e-11
124,22,8,0.0024198466791365606
124,22,9,5.103501524770527e-11
124,22,10,3.262861575602602e-10
124,23,1,1.6382196566331e-10
124,23,2,2.2610580869381665e-10
124,23,3,9.622761485059231e-11
124,23,4,6.234098278528967e-11
124,23,5,6.320002814063952e-11
124,23,6,2.921133536873131e-10
124,23,7,1.337624023910878e-10
124,23,8,0.0027685449490233984
124,23,9,6.249607143724907e-11
124,23,10,6.31300485561438e-11
124,24,1,8.38070663503205e-11
124,24,2,1.2802968099985738e-10
124,24,3,8.837137374353332e-11
124,24,4,9.129285226615615e-11
124,24,5,8.756736069752173e-11
124,24,6,8.119473820158918e-11
124,24,7,8.749295858451165e-11
124,24,8,0.0028340162669855833
124,24,9,8.714558442579291e-11
124,24,10,1.2385097989028518e-10
