circuit_code,hour,scen,flow
1,1,1,0.06611126181475
1,1,2,0.06611088843025667
1,1,3,0.06611091785864795
1,1,4,0.06617940375269098
1,1,5,0.06611113391166301
1,1,6,0.06622470403785888
1,1,7,0.06611089619521138
1,1,8,0.06614357572594973
1,1,9,0.0661108945851656
1,1,10,0.06621529196701999
1,2,1,0.06611126171060967
1,2,2,0.0661108889754727
1,2,3,0.06611091784816572
1,2,4,0.06617946771482211
1,2,5,0.06611113392767402
1,2,6,0.0662245784378346
1,2,7,0.0661109009208188
1,2,8,0.0661435619582351
1,2,9,0.0661108945845072
1,2,10,0.06621514072092796
1,3,1,0.0661112617053369
1,3,2,0.0661108889642454
1,3,3,0.06611091784868751
1,3,4,0.06617949706669604
1,3,5,0.06611113392246203
1,3,6,0.06622464560774066
1,3,7,0.06611090092790299
1,3,8,0.06614355621243713
1,3,9,0.0661108945828337
1,3,10,0.06621514958388859
1,4,1,0.06611126169850576
1,4,2,0.06611088897046355
1,4,3,0.06611091784744019
1,4,4,0.06617951921848489
1,4,5,0.06611113392450514
1,4,6,0.06622469895299245
1,4,7,0.06611090169144664
1,4,8,0.06614355871655601
1,4,9,0.06611089458065858
1,4,10,0.06621514232480863
1,5,1,0.06611126164662279
1,5,2,0.06611088897222807
1,5,3,0.06611091784802045
1,5,4,0.06617951948107452
1,5,5,0.066111133953647
1,5,6,0.06622476467082297
1,5,7,0.06611090169730781
1,5,8,0.0661435588880276
1,5,9,0.06611089457465816
1,5,10,0.06621514944189581
1,6,1,0.06611126145819554
1,6,2,0.06611088914214465
1,6,3,0.06611091783550901
1,6,4,0.06617942787978925
1,6,5,0.06611113385839837
1,6,6,0.06622472530156703
1,6,7,0.06611090168930926
1,6,8,0.0661435271966521
1,6,9,0.0661108945678263
1,6,10,0.06621504984427612
1,7,1,0.06611126144484421
1,7,2,0.06611088915737752
1,7,3,0.06611091783843089
1,7,4,0.06617937823330723
1,7,5,0.0661111339144037
1,7,6,0.06622478348496115
1,7,7,0.06611090169937953
1,7,8,0.06614352694692312
1,7,9,0.06611089457023199
1,7,10,0.06621504820927439
1,8,1,0.06611126145462118
1,8,2,0.06611088916231049
1,8,3,0.06611091783321198
1,8,4,0.06617938766809651
1,8,5,0.06611113395219581
1,8,6,0.06622483831718654
1,8,7,0.0661109016947979
1,8,8,0.06614352848217918
1,8,9,0.06611089457100565
1,8,10,0.06621503348012821
1,9,1,0.06611126146175239
1,9,2,0.06611088916263226
1,9,3,0.06611091783341759
1,9,4,0.0661794012750269
1,9,5,0.06611113397460798
1,9,6,0.06622489591676882
1,9,7,0.06611090169467534
1,9,8,0.0661435256354489
1,9,9,0.06611089456809184
1,9,10,0.0662150383798135
1,10,1,0.06611126146691808
1,10,2,0.06611088916781521
1,10,3,0.06611091783610375
1,10,4,0.06617940895394805
1,10,5,0.06611113399930652
1,10,6,0.06622493463539826
1,10,7,0.06611090169496527
1,10,8,0.06614352824805503
1,10,9,0.06611089457329475
1,10,10,0.06621502864399958
1,11,1,0.06611126147879189
1,11,2,0.06611088916435369
1,11,3,0.06611091783801859
1,11,4,0.06617941623875932
1,11,5,0.06611113401638245
1,11,6,0.06622498061076798
1,11,7,0.06611090170091326
1,11,8,0.06614352836680835
1,11,9,0.06611089456915376
1,11,10,0.06621503438412403
1,12,1,0.06611126147340603
1,12,2,0.06611088920944311
1,12,3,0.06611091783641612
1,12,4,0.0661794233733252
1,12,5,0.06611113404677393
1,12,6,0.06622501934710434
1,12,7,0.0661109016966416
1,12,8,0.06614352902957284
1,12,9,0.06611089457220139
1,12,10,0.06621504468939254
1,13,1,0.06611126146803568
1,13,2,0.06611088921527535
1,13,3,0.06611091783652114
1,13,4,0.06617942736290704
1,13,5,0.06611113408736617
1,13,6,0.0662250534009944
1,13,7,0.0661109017037043
1,13,8,0.06614352981857742
1,13,9,0.0661108945726956
1,13,10,0.06621505952763257
1,14,1,0.06611126146632386
1,14,2,0.06611088921792264
1,14,3,0.06611091783714815
1,14,4,0.06617942807827074
1,14,5,0.06611113417800539
1,14,6,0.06622507936846987
1,14,7,0.06611090169801402
1,14,8,0.06614353202224524
1,14,9,0.06611089457326652
1,14,10,0.06621507633922788
1,15,1,0.06611126147577502
1,15,2,0.06611088922403469
1,15,3,0.06611091783684002
1,15,4,0.06617942784955838
1,15,5,0.06611113421809899
1,15,6,0.06622510825575043
1,15,7,0.06611090170100876
1,15,8,0.06614353369788756
1,15,9,0.0661108945731148
1,15,10,0.06621509648221749
1,16,1,0.06611126148758875
1,16,2,0.06611088922304886
1,16,3,0.06611091784138623
1,16,4,0.06617942850843134
1,16,5,0.0661111342569464
1,16,6,0.06622512615687297
1,16,7,0.06611090170684443
1,16,8,0.06614353648217167
1,16,9,0.06611089457432352
1,16,10,0.06621510547070153
1,17,1,0.06611126148847923
1,17,2,0.0661108892287207
1,17,3,0.06611091784342377
1,17,4,0.0661794372157158
1,17,5,0.06611113428171295
1,17,6,0.06622515441579983
1,17,7,0.0661109017059978
1,17,8,0.06614354145443346
1,17,9,0.06611089457958802
1,17,10,0.06621512329588229
1,18,1,0.06611126149619768
1,18,2,0.06611088922811051
1,18,3,0.06611091785109305
1,18,4,0.06617944404250908
1,18,5,0.06611113427689674
1,18,6,0.06622517860061557
1,18,7,0.06611090170926719
1,18,8,0.06614354237739853
1,18,9,0.06611089457446664
1,18,10,0.06621512681752688
1,19,1,0.0661112614787847
1,19,2,0.06611088922953712
1,19,3,0.06611092090792192
1,19,4,0.06617944618267702
1,19,5,0.0661111342952501
1,19,6,0.06622520620829342
1,19,7,0.06611090170880242
1,19,8,0.06614354345201073
1,19,9,0.06611089457699018
1,19,10,0.06621513781443059
1,20,1,0.06611126148532816
1,20,2,0.06611088923174636
1,20,3,0.06611092092999363
1,20,4,0.06617945073513164
1,20,5,0.06611113431316208
1,20,6,0.06622522621611027
1,20,7,0.06611090171927296
1,20,8,0.06614354734643717
1,20,9,0.06611089457629755
1,20,10,0.06621514080749298
1,21,1,0.06611126149770273
1,21,2,0.06611088923250738
1,21,3,0.06611092093681922
1,21,4,0.0661794637851613
1,21,5,0.0661111343410493
1,21,6,0.0662252743108582
1,21,7,0.06611090171986374
1,21,8,0.06614355291108154
1,21,9,0.06611089457008007
1,21,10,0.06621517101207068
1,22,1,0.06611126150213892
1,22,2,0.06611088923877513
1,22,3,0.06611092095679814
1,22,4,0.06617948208220356
1,22,5,0.06611113437274226
1,22,6,0.06622533421024664
1,22,7,0.06611090171860419
1,22,8,0.06614355705396606
1,22,9,0.0661108945787022
1,22,10,0.06621519295550801
1,23,1,0.06611155956895237
1,23,2,0.06611088923877328
1,23,3,0.06611092097427783
1,23,4,0.06617953289508768
1,23,5,0.06611113442076028
1,23,6,0.06622543253607949
1,23,7,0.06611090172129538
1,23,8,0.06614356645076376
1,23,9,0.0661108945783605
1,23,10,0.06621526735417757
1,24,1,0.0661115597794736
1,24,2,0.06611088929806955
1,24,3,0.06611092105924898
1,24,4,0.06617960569935981
1,24,5,0.06611113443279715
1,24,6,0.06622564181180127
1,24,7,0.06611090173040919
1,24,8,0.0661435909354119
1,24,9,0.06611089457817496
1,24,10,0.06621541631608908
2,1,1,0.08770450315246872
2,1,2,0.08770302945378758
2,1,3,0.08770314400333813
2,1,4,0.08795288739312938
2,1,5,0.08770399873881639
2,1,6,0.0881082476793795
2,1,7,0.08770306024528594
2,1,8,0.08782632239949804
2,1,9,0.08770305341177197
2,1,10,0.08807610621337036
2,2,1,0.08770450271253477
2,2,2,0.08770303154067853
2,2,3,0.08770314400036265
2,2,4,0.08795313044409675
2,2,5,0.08770399880485767
2,2,6,0.088108225589396
2,2,7,0.08770307838957168
2,2,8,0.08782627154405409
2,2,9,0.08770305343672648
2,2,10,0.08807577841837616
2,3,1,0.08770450280075887
2,3,2,0.08770303154681888
2,3,3,0.08770314398806217
2,3,4,0.08795326053385481
2,3,5,0.0877039988827317
2,3,6,0.08810848239800906
2,3,7,0.08770307844736788
2,3,8,0.08782626415849867
2,3,9,0.08770305340922764
2,3,10,0.08807569385284032
2,4,1,0.08770450291350483
2,4,2,0.0877030315592262
2,4,3,0.08770314401014942
2,4,4,0.08795335639051043
2,4,5,0.08770399890519036
2,4,6,0.08810854219598038
2,4,7,0.08770308136136631
2,4,8,0.08782628645944515
2,4,9,0.08770305340445038
2,4,10,0.08807569697353096
2,5,1,0.08770450258325323
2,5,2,0.08770303159241552
2,5,3,0.08770314396697672
2,5,4,0.08795330942757887
2,5,5,0.08770399893661585
2,5,6,0.08810851384868258
2,5,7,0.087703081399141
2,5,8,0.08782626405642092
2,5,9,0.08770305341846925
2,5,10,0.08807564597997172
2,6,1,0.08770450265353091
2,6,2,0.08770303229319928
2,6,3,0.08770314397955621
2,6,4,0.08795319197826344
2,6,5,0.08770399903609649
2,6,6,0.08810874934647149
2,6,7,0.08770308140503187
2,6,8,0.08782626939432968
2,6,9,0.08770305341028109
2,6,10,0.08807567218321943
2,7,1,0.08770450254601944
2,7,2,0.08770303228241853
2,7,3,0.0877031439787113
2,7,4,0.08795312981728087
2,7,5,0.08770399928472213
2,7,6,0.08810895849504827
2,7,7,0.08770308140660617
2,7,8,0.08782627550647719
2,7,9,0.08770305341040445
2,7,10,0.0880756865807525
2,8,1,0.08770450263950685
2,8,2,0.08770303230941218
2,8,3,0.08770314399238395
2,8,4,0.0879531571124925
2,8,5,0.08770399945367204
2,8,6,0.08810915909902742
2,8,7,0.08770308140428805
2,8,8,0.08782628397144461
2,8,9,0.0877030534093569
2,8,10,0.08807564105174734
2,9,1,0.08770450267111235
2,9,2,0.08770303231052722
2,9,3,0.08770314396793114
2,9,4,0.08795320611828905
2,9,5,0.08770399956589822
2,9,6,0.08810935638896439
2,9,7,0.08770308138967431
2,9,8,0.08780655188719576
2,9,9,0.08770305340264359
2,9,10,0.08807567292870785
2,10,1,0.08770450275585888
2,10,2,0.08770303232702494
2,10,3,0.08770314397316577
2,10,4,0.08795324088868635
2,10,5,0.08770399967765187
2,10,6,0.08810949746184031
2,10,7,0.0877030814191595
2,10,8,0.08782629174877003
2,10,9,0.0877030534216226
2,10,10,0.08807565350534456
2,11,1,0.08770450274600268
2,11,2,0.08770303252991046
2,11,3,0.08770314397783949
2,11,4,0.08795327303364409
2,11,5,0.08770399975636639
2,11,6,0.08810966363914682
2,11,7,0.08770308142553083
2,11,8,0.08782629622543857
2,11,9,0.08770305340817401
2,11,10,0.0880756888102937
2,12,1,0.08770450277349151
2,12,2,0.08770303250369489
2,12,3,0.08770314400171965
2,12,4,0.0879533040679555
2,12,5,0.08770399987723462
2,12,6,0.08810980179021198
2,12,7,0.08770308143779286
2,12,8,0.08782630244824353
2,12,9,0.08770305341997804
2,12,10,0.08807573697919278
2,13,1,0.08770450278633393
2,13,2,0.08770303271630894
2,13,3,0.08770314398645611
2,13,4,0.08795332552412356
2,13,5,0.08770399999214501
2,13,6,0.0881099303490289
2,13,7,0.08770308147082202
2,13,8,0.08782630962638434
2,13,9,0.0877030534284034
2,13,10,0.0880758023159508
2,14,1,0.08770450285157873
2,14,2,0.08770303274139393
2,14,3,0.08770314400663001
2,14,4,0.08795333478498737
2,14,5,0.08770400038556207
2,14,6,0.08811003190348163
2,14,7,0.08770308146158658
2,14,8,0.08782632299169871
2,14,9,0.08770305342692301
2,14,10,0.08807587448495734
2,15,1,0.08770450291193486
2,15,2,0.08770303277533421
2,15,3,0.0877031440025759
2,15,4,0.08795334177420468
2,15,5,0.08770400053868156
2,15,6,0.08811014866696872
2,15,7,0.08770308146033345
2,15,8,0.08782633202635269
2,15,9,0.08770305341553823
2,15,10,0.0880759606769886
2,16,1,0.08770450290996368
2,16,2,0.08770303276592983
2,16,3,0.08770314401203641
2,16,4,0.08795335652158133
2,16,5,0.08770400072622098
2,16,6,0.08811023171566709
2,16,7,0.08770308147687292
2,16,8,0.08782634884112218
2,16,9,0.0877030534337836
2,16,10,0.08807601252527149
2,17,1,0.0877045030526862
2,17,2,0.08770303277881214
2,17,3,0.08770314401976907
2,17,4,0.0879534023122292
2,17,5,0.08770400080832014
2,17,6,0.08811034385256719
2,17,7,0.08770308148989821
2,17,8,0.0878263717319756
2,17,9,0.0877030534442663
2,17,10,0.08807608251368096
2,18,1,0.0877045030887928
2,18,2,0.08770303278078918
2,18,3,0.08770314404644144
2,18,4,0.08795343771111296
2,18,5,0.0877040008654694
2,18,6,0.08811045983225844
2,18,7,0.08770308148861578
2,18,8,0.08782638435622354
2,18,9,0.08770305343649873
2,18,10,0.08807611730859236
2,19,1,0.08770450314785566
2,19,2,0.08770303276550716
2,19,3,0.08770315586234478
2,19,4,0.08795346593922093
2,19,5,0.08770400093495578
2,19,6,0.08811059146951351
2,19,7,0.08770308146969039
2,19,8,0.08782639632330441
2,19,9,0.08770305344027537
2,19,10,0.08807618714484922
2,20,1,0.08770450322558139
2,20,2,0.08770303278405268
2,20,3,0.08770315594340315
2,20,4,0.08795350095168168
2,20,5,0.08770400106562956
2,20,6,0.08811069528006113
2,20,7,0.08770308150602253
2,20,8,0.08782641182613003
2,20,9,0.08770305346674387
2,20,10,0.08807622504286632
2,21,1,0.08770450335085161
2,21,2,0.08770303280365559
2,21,3,0.08770315598742641
2,21,4,0.0879535650888465
2,21,5,0.08770400118218842
2,21,6,0.0881108904294134
2,21,7,0.0877030814915372
2,21,8,0.08782644058212465
2,21,9,0.087703053454957
2,21,10,0.08807635922407847
2,22,1,0.08770450321547943
2,22,2,0.08770303281083187
2,22,3,0.08770315603603913
2,22,4,0.08795364012365002
2,22,5,0.08770400122797944
2,22,6,0.08811102730662818
2,22,7,0.08770308150656725
2,22,8,0.08782644336473225
2,22,9,0.08770305345253528
2,22,10,0.08807639587021608
2,23,1,0.0877056797377148
2,23,2,0.08770303279399762
2,23,3,0.08770315610201783
2,23,4,0.08795380861605577
2,23,5,0.08770400151006288
2,23,6,0.08811143976441599
2,23,7,0.08770308152521467
2,23,8,0.08782649590024699
2,23,9,0.08770305347412508
2,23,10,0.08807671694892308
2,24,1,0.08770568091155007
2,24,2,0.08770303306782343
2,24,3,0.08770315644208546
2,24,4,0.08795414202198558
2,24,5,0.08770400155557305
2,24,6,0.08811225104472062
2,24,7,0.08770308155460456
2,24,8,0.08782660574596773
2,24,9,0.0877030431926445
2,24,10,0.08807730194115948
3,1,1,-0.1748163799617313
3,1,2,-0.17481393264069692
3,1,3,-0.17481412254892228
3,1,4,-0.17522269292013953
3,1,5,-0.17481554249794232
3,1,6,-0.17547398848470117
3,1,7,-0.17481398381222754
3,1,8,-0.17501665998699545
3,1,9,-0.1748139722779851
3,1,10,-0.17542247152682838
3,2,1,-0.17481637953873655
3,2,2,-0.1748139362210975
3,2,3,-0.17481412251634457
3,2,4,-0.17522311510442615
3,2,5,-0.17481554275330552
3,2,6,-0.17547393042688875
3,2,7,-0.17481401376328687
3,2,8,-0.17501658915563537
3,2,9,-0.17481397226385134
3,2,10,-0.1754218688989168
3,3,1,-0.17481637954868467
3,3,2,-0.17481393598255343
3,3,3,-0.1748141225032267
3,3,4,-0.17522334225903707
3,3,5,-0.17481554267396707
3,3,6,-0.17547435534794528
3,3,7,-0.17481401391272597
3,3,8,-0.17501657765707293
3,3,9,-0.1748139721664313
3,3,10,-0.17542183649918838
3,4,1,-0.17481637983643894
3,4,2,-0.1748139360338858
3,4,3,-0.17481412248196512
3,4,4,-0.17522350099477627
3,4,5,-0.17481554275179767
3,4,6,-0.17547455674335946
3,4,7,-0.1748140186830481
3,4,8,-0.17501661483495265
3,4,9,-0.17481397225599407
3,4,10,-0.17542184525149268
3,5,1,-0.17481637931651162
3,5,2,-0.17481393619233432
3,5,3,-0.1748141224836751
3,5,4,-0.1752234943083549
3,5,5,-0.17481554305609223
3,5,6,-0.17547471466802575
3,5,7,-0.17481401869140445
3,5,8,-0.1750166079410133
3,5,9,-0.1748139722639001
3,5,10,-0.17542185129365323
3,6,1,-0.17481637934361952
3,6,2,-0.17481393745090232
3,6,3,-0.1748141224508556
3,6,4,-0.17522331751175968
3,6,5,-0.17481554310729916
3,6,6,-0.17547501517287167
3,6,7,-0.17481401882971706
3,6,8,-0.17501658766742878
3,6,9,-0.17481397229980647
3,6,10,-0.17542179964983493
3,7,1,-0.1748163791939515
3,7,2,-0.17481393737737086
3,7,3,-0.1748141224600431
3,7,4,-0.17522324545369422
3,7,5,-0.174815543523816
3,7,6,-0.17547536987898296
3,7,7,-0.17481401881129596
3,7,8,-0.1750165996047213
3,7,9,-0.17481397221330236
3,7,10,-0.1754218268914253
3,8,1,-0.17481637940199965
3,8,2,-0.17481393731624545
3,8,3,-0.17481412247780567
3,8,4,-0.17522330370193132
3,8,5,-0.1748155438109231
3,8,6,-0.1754757083125538
3,8,7,-0.17481401882026126
3,8,8,-0.17501661680840763
3,8,9,-0.17481397233931084
3,8,10,-0.1754217639665246
3,9,1,-0.17481637952151305
3,9,2,-0.17481393736476608
3,9,3,-0.1748141224403012
3,9,4,-0.17522339390805222
3,9,5,-0.1748155439886575
3,9,6,-0.17547604624247545
3,9,7,-0.1748140187138139
3,9,8,-0.17499687793583737
3,9,9,-0.17481397220984515
3,9,10,-0.17542182416568686
3,10,1,-0.174816379762535
3,10,2,-0.17481393730292788
3,10,3,-0.1748141224273839
3,10,4,-0.1752234566621053
3,10,5,-0.17481554416846976
3,10,6,-0.17547628668424214
3,10,7,-0.1748140188746943
3,10,8,-0.17501663450531899
3,10,9,-0.17481397232132068
3,10,10,-0.1754217981231716
3,11,1,-0.1748163797837241
3,11,2,-0.17481393783414073
3,11,3,-0.1748141224427876
3,11,4,-0.17522351357378474
3,11,5,-0.17481554423828394
3,11,6,-0.1754765664958378
3,11,7,-0.1748140189291557
3,11,8,-0.17501664340229445
3,11,9,-0.17481397224757028
3,11,10,-0.17542185900535284
3,12,1,-0.1748163799011518
3,12,2,-0.17481393775877618
3,12,3,-0.17481412248230863
3,12,4,-0.17522356852293342
3,12,5,-0.17481554447733205
3,12,6,-0.1754768001488566
3,12,7,-0.17481401882994302
3,12,8,-0.1750166546908732
3,12,9,-0.1748139722480725
3,12,10,-0.17542193940239956
3,13,1,-0.1748163796782027
3,13,2,-0.1748139381008501
3,13,3,-0.17481412249645883
3,13,4,-0.17522360544351717
3,13,5,-0.17481554480003653
3,13,6,-0.1754770132126011
3,13,7,-0.17481401890536696
3,13,8,-0.17501666731084656
3,13,9,-0.17481397219661543
3,13,10,-0.17542204873120487
3,14,1,-0.17481637970910605
3,14,2,-0.17481393802998052
3,14,3,-0.17481412247179223
3,14,4,-0.1752236233012789
3,14,5,-0.17481554548758904
3,14,6,-0.17547718138214885
3,14,7,-0.17481401872662689
3,14,8,-0.1750166895156567
3,14,9,-0.174813972303328
3,14,10,-0.17542216620707626
3,15,1,-0.1748163797971341
3,15,2,-0.17481393808216253
3,15,3,-0.17481412246399303
3,15,4,-0.17522363632167548
3,15,5,-0.17481554569893049
3,15,6,-0.17547737148583373
3,15,7,-0.1748140189074158
3,15,8,-0.1750167053418056
3,15,9,-0.1748139722953703
3,15,10,-0.17542230629547437
3,16,1,-0.17481638020290952
3,16,2,-0.17481393793419933
3,16,3,-0.1748141225675525
3,16,4,-0.1752236565194939
3,16,5,-0.17481554591987022
3,16,6,-0.17547750269009765
3,16,7,-0.17481401885030337
3,16,8,-0.17501673226276684
3,16,9,-0.17481397220903813
3,16,10,-0.17542238595176565
3,17,1,-0.1748163800985344
3,17,2,-0.1748139380193818
3,17,3,-0.17481412255910955
3,17,4,-0.1752237246705283
3,17,5,-0.17481554613274022
3,17,6,-0.17547769015601788
3,17,7,-0.17481401892467888
3,17,8,-0.1750167715080027
3,17,9,-0.17481397230372184
3,17,10,-0.1754225072049919
3,18,1,-0.174816380186924
3,18,2,-0.17481393799196074
3,18,3,-0.1748141226253313
3,18,4,-0.1752237846911636
3,18,5,-0.1748155461852318
3,18,6,-0.17547786297513887
3,18,7,-0.17481401887831463
3,18,8,-0.17501678823923814
3,18,9,-0.17481397226608444
3,18,10,-0.17542255447520566
3,19,1,-0.17481638012877096
3,19,2,-0.17481393804104306
3,19,3,-0.17481414219744892
3,19,4,-0.17522382259993513
3,19,5,-0.1748155462928528
3,19,6,-0.17547806232554145
3,19,7,-0.1748140189237068
3,19,8,-0.17501680416737486
3,19,9,-0.17481397234964516
3,19,10,-0.1754226546489784
3,20,1,-0.17481638041589792
3,20,2,-0.17481393802160758
3,20,3,-0.17481414230957126
3,20,4,-0.17522387638105177
3,20,5,-0.17481554661955714
3,20,6,-0.17547822221751394
3,20,7,-0.17481401892583676
3,20,8,-0.17501682760259196
3,20,9,-0.1748139722966934
3,20,10,-0.17542270919721095
3,21,1,-0.17481638073592362
3,21,2,-0.17481393811233878
3,21,3,-0.1748141423404174
3,21,4,-0.17522398091166366
3,21,5,-0.17481554672405775
3,21,6,-0.17547853818177642
3,21,7,-0.1748140189106671
3,21,8,-0.17501687481342704
3,21,9,-0.1748139723278657
3,21,10,-0.17542292415691665
3,22,1,-0.17481638048800457
3,22,2,-0.17481393808509155
3,22,3,-0.1748141424635765
3,22,4,-0.1752241097209145
3,22,5,-0.1748155468787315
3,22,6,-0.1754788195079375
3,22,7,-0.17481401894947834
3,22,8,-0.17501688955869094
3,22,9,-0.1748139723494168
3,22,10,-0.17542302445506253
3,23,1,-0.17481833390869547
3,23,2,-0.17481393804715042
3,23,3,-0.1748141425048484
3,23,4,-0.1752244050403749
3,23,5,-0.17481554731080876
3,23,6,-0.17547946514984103
3,23,7,-0.17481401890345255
3,23,8,-0.1750169700650472
3,23,9,-0.17481397227920362
3,23,10,-0.17542352305404005
3,24,1,-0.17481833466912566
3,24,2,-0.17481393852861687
3,24,3,-0.17481414312825738
3,24,4,-0.17522483479626422
3,24,5,-0.17481554709885191
3,24,6,-0.17548061207869625
3,24,7,-0.17481401904347396
3,24,8,-0.17501710787817437
3,24,9,-0.1748139620544324
3,24,10,-0.17542432634439037
4,1,1,3.6798307384885795e-7
4,1,2,8.816095029259934e-9
4,1,3,3.620880894403548e-8
4,1,4,5.424715595916568e-5
4,1,5,2.451053937684688e-7
4,1,6,8.470873637627752e-5
4,1,7,1.636036392820044e-8
4,1,8,2.805439451200389e-5
4,1,9,1.4483695770796663e-8
4,1,10,7.873907372423661e-5
4,2,1,3.678728771263731e-7
4,2,2,9.287349369314218e-9
4,2,3,3.6201177550837074e-8
4,2,4,5.431752819595721e-5
4,2,5,2.4513866368867834e-7
4,2,6,8.475528404578986e-5
4,2,7,2.0594624965538176e-8
4,2,8,2.8044226675213245e-5
4,2,9,1.4487273516930368e-8
4,2,10,7.86361715585069e-5
4,3,1,3.6792523223065697e-7
4,3,2,9.289884915974216e-9
4,3,3,3.620432533009413e-8
4,3,4,5.435934517419163e-5
4,3,5,2.451561001502947e-7
4,3,6,8.481635651575048e-5
4,3,7,2.060532195801389e-8
4,3,8,2.804386631279869e-5
4,3,9,1.4483751377795135e-8
4,3,10,7.865912632324305e-5
4,4,1,3.6794928356699433e-7
4,4,2,9.28351746520045e-9
4,4,3,3.6206051579034886e-8
4,4,4,5.438544917175893e-5
4,4,5,2.451773627343701e-7
4,4,6,8.486490996985625e-5
4,4,7,2.1288658862219474e-8
4,4,8,2.8048452943758214e-5
4,4,9,1.4481535209603768e-8
4,4,10,7.866464961566695e-5
4,5,1,3.679361996223837e-7
4,5,2,9.288733425113381e-9
4,5,3,3.6203536660427515e-8
4,5,4,5.440357316995505e-5
4,5,5,2.452188511762205e-7
4,5,6,8.492373603357815e-5
4,5,7,2.1291000867515897e-8
4,5,8,2.805244243157296e-5
4,5,9,1.4476130511942341e-8
4,5,10,7.867988294117103e-5
4,6,1,3.6795857255738757e-7
4,6,2,9.461163384876426e-9
4,6,3,3.6204387108417185e-8
4,6,4,5.442058327161073e-5
4,6,5,2.4524434115466627e-7
4,6,6,8.49798346977286e-5
4,6,7,2.1295770491696396e-8
4,6,8,2.805482273961937e-5
4,6,9,1.447894481281119e-8
4,6,10,7.868841612129892e-5
4,7,1,3.679430759637848e-7
4,7,2,9.456613740439968e-9
4,7,3,3.620840197230063e-8
4,7,4,5.4435178423269835e-5
4,7,5,2.4531448298929507e-7
4,7,6,8.502584464120514e-5
4,7,7,2.129706903716785e-8
4,7,8,2.8056199425118126e-5
4,7,9,1.4484313491315967e-8
4,7,10,7.869067216095044e-5
4,8,1,3.679627150298116e-7
4,8,2,9.460076179387033e-9
4,8,3,3.62106601823204e-8
4,8,4,5.444419739903555e-5
4,8,5,2.453672095256262e-7
4,8,6,8.507079231136351e-5
4,8,7,2.130084943069729e-8
4,8,8,2.805847872034933e-5
4,8,9,1.4482066474500113e-8
4,8,10,7.868062415724363e-5
4,9,1,3.6798663323794793e-7
4,9,2,9.460436789414155e-9
4,9,3,3.6207360908830575e-8
4,9,4,5.4455649908764486e-5
4,9,5,2.454017912424207e-7
4,9,6,8.511267073163853e-5
4,9,7,2.129606352119321e-8
4,9,8,2.8066225430677772e-5
4,9,9,1.4479421211352022e-8
4,9,10,7.868798121405948e-5
4,10,1,3.6799347830232614e-7
4,10,2,9.464927779367251e-9
4,10,3,3.6212055836352816e-8
4,10,4,5.446452766361745e-5
4,10,5,2.454213151261949e-7
4,10,6,8.514329881345553e-5
4,10,7,2.1297255184503222e-8
4,10,8,2.8060690807727755e-5
4,10,9,1.4484935982378733e-8
4,10,10,7.868398000885401e-5
4,11,1,3.679941093437509e-7
4,11,2,9.462642528395767e-9
4,11,3,3.6211850037833566e-8
4,11,4,5.447189393467062e-5
4,11,5,2.4544473161544754e-7
4,11,6,8.517890153468827e-5
4,11,7,2.1301136440591047e-8
4,11,8,2.8061765435413892e-5
4,11,9,1.4485191148581972e-8
4,11,10,7.869165537610131e-5
4,12,1,3.679982784073761e-7
4,12,2,9.508603909947069e-9
4,12,3,3.621027171247182e-8
4,12,4,5.447907460481835e-5
4,12,5,2.4547850099242463e-7
4,12,6,8.520876102742088e-5
4,12,7,2.130266994843826e-8
4,12,8,2.8063270021522854e-5
4,12,9,1.4483791355224138e-8
4,12,10,7.87021010814783e-5
4,13,1,3.6800911809287907e-7
4,13,2,9.512053810321331e-9
4,13,3,3.6211114449006444e-8
4,13,4,5.448384782500301e-5
4,13,5,2.455162950015564e-7
4,13,6,8.52358909544046e-5
4,13,7,2.1305154666873742e-8
4,13,8,2.8064948186306704e-5
4,13,9,1.4484144028434873e-8
4,13,10,7.871612565596885e-5
4,14,1,3.680226088219542e-7
4,14,2,9.513326515898665e-9
4,14,3,3.6213499700766496e-8
4,14,4,5.4485971428734936e-5
4,14,5,2.4560544125243135e-7
4,14,6,8.525734651755942e-5
4,14,7,2.1305828288899417e-8
4,14,8,2.806811776144964e-5
4,14,9,1.448260509514097e-8
4,14,10,7.87313463554183e-5
4,15,1,3.68029218049885e-7
4,15,2,9.514230467018839e-9
4,15,3,3.620940100388103e-8
4,15,4,5.4486743425277745e-5
4,15,5,2.4565505256021265e-7
4,15,6,8.52817188849071e-5
4,15,7,2.1310947834910345e-8
4,15,8,2.8069252148335474e-5
4,15,9,1.4482208198971436e-8
4,15,10,7.874929475297398e-5
4,16,1,3.6803908914929113e-7
4,16,2,9.518219287003664e-9
4,16,3,3.621201821014265e-8
4,16,4,5.4489716398818455e-5
4,16,5,2.4568995781675155e-7
4,16,6,8.52988920362128e-5
4,16,7,2.1306336816747457e-8
4,16,8,2.8072980451732885e-5
4,16,9,1.4484707189109676e-8
4,16,10,7.875988429189799e-5
4,17,1,3.68070782993293e-7
4,17,2,9.516228042493681e-9
4,17,3,3.621609743171504e-8
4,17,4,5.450002616521778e-5
4,17,5,2.457188279979084e-7
4,17,6,8.532513535428135e-5
4,17,7,2.131377545536568e-8
4,17,8,2.8078925317894743e-5
4,17,9,1.4484537152405136e-8
4,17,10,7.877704758816412e-5
4,18,1,3.6807983838030984e-7
4,18,2,9.522095375916026e-9
4,18,3,3.6221236759186406e-8
4,18,4,5.450905471768141e-5
4,18,5,2.4573465451811625e-7
4,18,6,8.534929657037935e-5
4,18,7,2.1316630623358276e-8
4,18,8,2.80814274693173e-5
4,18,9,1.4486681659874154e-8
4,18,10,7.878289499844307e-5
4,19,1,3.680933752117707e-7
4,19,2,9.518966683774209e-9
4,19,3,3.9026559240051795e-8
4,19,4,5.4515237779284424e-5
4,19,5,2.4574292734765663e-7
4,19,6,8.537633134542795e-5
4,19,7,2.1317432057711968e-8
4,19,8,2.808283120891328e-5
4,19,9,1.4487649623795005e-8
4,19,10,7.879674989394406e-5
4,20,1,3.681071529667022e-7
4,20,2,9.518545446387082e-9
4,20,3,3.9039289648731046e-8
4,20,4,5.4522724979640886e-5
4,20,5,2.457758287094051e-7
4,20,6,8.53969613691848e-5
4,20,7,2.1318294424478197e-8
4,20,8,2.808264105181998e-5
4,20,9,1.4488670214130246e-8
4,20,10,7.880234909081011e-5
4,21,1,3.681204551650268e-7
4,21,2,9.52527206317035e-9
4,21,3,3.905187152695037e-8
4,21,4,5.453551862810687e-5
4,21,5,2.4580186229648935e-7
4,21,6,8.543479638089607e-5
4,21,7,2.131957616645498e-8
4,21,8,2.8088502431047013e-5
4,21,9,1.449102654350848e-8
4,21,10,7.882860818352528e-5
4,22,1,3.681494748793437e-7
4,22,2,9.520313210059432e-9
4,22,3,3.90649814122896e-8
4,22,4,5.455000614715043e-5
4,22,5,2.4581190246057546e-7
4,22,6,8.547830604041095e-5
4,22,7,2.1320167540641234e-8
4,22,8,2.809253962711386e-5
4,22,9,1.4493515554411535e-8
4,22,10,7.88522786492141e-5
4,23,1,6.543678369599189e-7
4,23,2,9.525737142997251e-9
4,23,3,3.9077397480118005e-8
4,23,4,5.459406356514232e-5
4,23,5,2.458719757469494e-7
4,23,6,8.555601546117301e-5
4,23,7,2.1321330918591047e-8
4,23,8,2.8102727381767217e-5
4,23,9,1.4496225380636991e-8
4,23,10,7.891143819907599e-5
4,24,1,6.546440866069881e-7
4,24,2,9.579729796665647e-9
4,24,3,3.9148734660914646e-8
4,24,4,5.466142958836649e-5
4,24,5,2.4584062648891433e-7
4,24,6,8.571679464645e-5
4,24,7,2.1331277066060096e-8
4,24,8,2.8127187780844602e-5
4,24,9,1.4493438524714642e-8
4,24,10,7.902816545573191e-5
5,1,1,0.0874249830717127
5,1,2,0.08742424458391877
5,1,3,0.08742430269606717
5,1,4,0.08755728858544677
5,1,5,0.08742473026092605
5,1,6,0.08764244678030364
5,1,7,0.08742426003141784
5,1,8,0.08748857769855202
5,1,9,0.08742425681223809
5,1,10,0.08762467375209676
5,2,1,0.08742498288426112
5,2,2,0.08742424564168881
5,2,3,0.08742430269630108
5,2,4,0.08755741146764305
5,2,5,0.0874247303005438
5,2,6,0.08764251067203674
5,2,7,0.08742426935192822
5,2,8,0.08748855225656384
5,2,9,0.08742425681390388
5,2,10,0.08762458161062332
5,3,1,0.08742498291013509
5,3,2,0.08742424565268651
5,3,3,0.08742430268779412
5,3,4,0.08755747555555622
5,3,5,0.08742473033187184
5,3,6,0.08764264224492492
5,3,7,0.08742426936620969
5,3,8,0.08748854824896739
5,3,9,0.08742425679456367
5,3,10,0.0876244595526888
5,4,1,0.08742498295243341
5,4,2,0.08742424564856162
5,4,3,0.08742430270577566
5,4,4,0.08755752512744815
5,4,5,0.08742473035409402
5,4,6,0.08764260436388728
5,4,7,0.08742427086316243
5,4,8,0.08748856094750732
5,4,9,0.08742425680145839
5,4,10,0.08762446412296501
5,5,1,0.08742498289242344
5,5,2,0.08742424566749159
5,5,3,0.08742430268945624
5,5,4,0.08755754661780603
5,5,5,0.0874247304198183
5,5,6,0.08764256176709379
5,5,7,0.0874242708797527
5,5,8,0.08748856293179282
5,5,9,0.08742425680264387
5,5,10,0.08762448677693098
5,6,1,0.08742498291501676
5,6,2,0.08742424601796751
5,6,3,0.08742430268865435
5,6,4,0.08755746392368428
5,6,5,0.0874247304523893
5,6,6,0.0876426873309202
5,6,7,0.08742427088633366
5,6,8,0.08748856557391448
5,6,9,0.08742425680754069
5,6,10,0.08762449983535203
5,7,1,0.08742498285888115
5,7,2,0.0874242460317121
5,7,3,0.08742430269433345
5,7,4,0.08755737902624568
5,7,5,0.08742473056984444
5,7,6,0.08764279909911485
5,7,7,0.08742427089276171
5,7,8,0.08748856911291474
5,7,9,0.08742425680213185
5,7,10,0.08762450941237669
5,8,1,0.08742498288398147
5,8,2,0.0874242460450143
5,8,3,0.08742430268912281
5,8,4,0.08755739287907463
5,8,5,0.08742473065031056
5,8,6,0.08764290513269259
5,8,7,0.08742427089889392
5,8,8,0.08748857275294648
5,8,9,0.08742425680938651
5,8,10,0.08762448302367216
5,9,1,0.08742498292879165
5,9,2,0.08742424603583154
5,9,3,0.08742430268971553
5,9,4,0.08755741740326756
5,9,5,0.08742473071715214
5,9,6,0.08764301016593556
5,9,7,0.08742427090206405
5,9,8,0.08748856570648506
5,9,9,0.08742425680485157
5,9,10,0.0876245007691348
5,10,1,0.08742498294122018
5,10,2,0.08742424604897744
5,10,3,0.08742430268798768
5,10,4,0.08755743568270953
5,10,5,0.08742473076336062
5,10,6,0.08764308602002285
5,10,7,0.0874242709014644
5,10,8,0.08748857688637057
5,10,9,0.08742425681304064
5,10,10,0.08762449102428195
5,11,1,0.08742498296563954
5,11,2,0.08742424624171803
5,11,3,0.08742430269708172
5,11,4,0.0875574530682087
5,11,5,0.08742473079940066
5,11,6,0.08764317570863155
5,11,7,0.08742427090947419
5,11,8,0.08748857940854353
5,11,9,0.08742425680782144
5,11,10,0.08762451103127271
5,12,1,0.08742498297589224
5,12,2,0.08742424613775919
5,12,3,0.08742430270564
5,12,4,0.08755746976270118
5,12,5,0.08742473086838383
5,12,6,0.08764324970423638
5,12,7,0.08742427091199213
5,12,8,0.08748858279072697
5,12,9,0.08742425680797773
5,12,10,0.08762453759054056
5,13,1,0.08742498297360381
5,13,2,0.0874242463469157
5,13,3,0.08742430269894284
5,13,4,0.08755748178609679
5,13,5,0.08742473092555063
5,13,6,0.08764331980777555
5,13,7,0.0874242709330217
5,13,8,0.08748858679152997
5,13,9,0.08742425681400312
5,13,10,0.08762457363654208
5,14,1,0.08742498299833273
5,14,2,0.08742424635610978
5,14,3,0.08742430270404923
5,14,4,0.08755748717200433
5,14,5,0.0874247311065257
5,14,6,0.08764337542214638
5,14,7,0.08742427092573368
5,14,8,0.08748859411326274
5,14,9,0.08742425681209152
5,14,10,0.08762461363957562
5,15,1,0.08742498300950305
5,15,2,0.08742424636135367
5,15,3,0.08742430270491974
5,15,4,0.08755749194279815
5,15,5,0.08742473118439296
5,15,6,0.08764343992549273
5,15,7,0.08742427092316869
5,15,8,0.08748859949430098
5,15,9,0.08742425681364417
5,15,10,0.08762466172174001
5,16,1,0.08742498303259216
5,16,2,0.08742424636234601
5,16,3,0.08742430271373547
5,16,4,0.08755750123410273
5,16,5,0.08742473127915577
5,16,6,0.08764348691463326
5,16,7,0.08742427093092014
5,16,8,0.08748860887167623
5,16,9,0.08742425681615551
5,16,10,0.08762469183095381
5,17,1,0.08742498312552277
5,17,2,0.08742424636566407
5,17,3,0.08742430271538305
5,17,4,0.08755752707078387
5,17,5,0.08742473132399321
5,17,6,0.08764355571722059
5,17,7,0.08742427092353483
5,17,8,0.08748862279839478
5,17,9,0.08742425681909115
5,17,10,0.08762473655501263
5,18,1,0.08742498314939456
5,18,2,0.08742424636359107
5,18,3,0.08742430273357182
5,18,4,0.0875575509049978
5,18,5,0.08742473136934774
5,18,6,0.08764362133069649
5,18,7,0.0874242709276062
5,18,8,0.08748863035034961
5,18,9,0.0874242568181839
5,18,10,0.08762475787227264
5,19,1,0.0874249831766262
5,19,2,0.08742424636964481
5,19,3,0.0874243087452826
5,19,4,0.0875575680079266
5,19,5,0.08742473140567582
5,19,6,0.08764369614257593
5,19,7,0.08742427092942792
5,19,8,0.08748863806523997
5,19,9,0.08742425682102255
5,19,10,0.08762479909966438
5,20,1,0.08742498322541942
5,20,2,0.08742424638235234
5,20,3,0.08742430878767858
5,20,4,0.08755758856582123
5,20,5,0.08742473146334796
5,20,6,0.08764375585605838
5,20,7,0.08742427094157729
5,20,8,0.08748864845189493
5,20,9,0.0874242568358634
5,20,10,0.08762482315649606
5,21,1,0.08742498330333347
5,21,2,0.08742424639759619
5,21,3,0.08742430881554197
5,21,4,0.08755762529972441
5,21,5,0.08742473154936273
5,21,6,0.08764386529312435
5,21,7,0.08742427095035156
5,21,8,0.08748866492553946
5,21,9,0.08742425683513882
5,21,10,0.08762490058035889
5,22,1,0.08742498332312873
5,22,2,0.08742424639114468
5,22,3,0.08742430884623772
5,22,4,0.08755766781438702
5,22,5,0.08742473160181158
5,22,6,0.0876439944009757
5,22,7,0.08742427094979145
5,22,8,0.08748868074325003
5,22,9,0.08742425682560624
5,22,10,0.08762496894354815
5,23,1,0.08742557374494575
5,23,2,0.08742424638902167
5,23,3,0.08742430888699158
5,23,4,0.0875577907150107
5,23,5,0.08742473176896769
5,23,6,0.08764422604618752
5,23,7,0.08742427096259311
5,23,8,0.08748871030280524
5,23,9,0.08742425683763104
5,23,10,0.08762515055102339
5,24,1,0.08742557437823388
5,24,2,0.08742424651581
5,24,3,0.0874243090546009
5,24,4,0.08755797526041832
5,24,5,0.0874247318278472
5,24,6,0.08764467459499554
5,24,7,0.08742427098730936
5,24,8,0.08748876894728737
5,24,9,0.08742424662979247
5,24,10,0.08762547212076464
6,1,1,0.04206450570648992
6,1,2,0.04206413571506489
6,1,3,0.04206416548734248
6,1,4,0.0421369319108402
6,1,5,0.042064379024414025
6,1,6,0.0421844352001964
6,1,7,0.04206414353492143
6,1,8,0.04209847685093808
6,1,9,0.04206414202777037
6,1,10,0.04217465395631882
6,2,1,0.04206450560262689
6,2,2,0.042064136245830365
6,2,3,0.04206416548233502
6,2,4,0.04213700296326461
6,2,5,0.04206437904100644
6,2,6,0.042184471784934854
6,2,7,0.0420641483677758
6,2,8,0.042098461806966435
6,2,9,0.04206414203004291
6,2,10,0.04217466616421869
6,3,1,0.0420645056260312
6,3,2,0.04206413625217228
6,3,3,0.042064165480416825
6,3,4,0.04213704077006525
6,3,5,0.042064379053568836
6,3,6,0.04218454475762132
6,3,7,0.04206414837393446
6,3,8,0.042098458802274155
6,3,9,0.0420641420247748
6,3,10,0.042174526813869816
6,4,1,0.04206450561645636
6,4,2,0.042064136257717495
6,4,3,0.042064165486005896
6,4,4,0.042137068631438825
6,4,5,0.042064379067184035
6,4,6,0.04218460524545561
6,4,7,0.04206414914736873
6,4,8,0.042098464829820714
6,4,9,0.04206414202507223
6,4,10,0.042174529871380484
6,5,1,0.04206450559912648
6,5,2,0.04206413625941663
6,5,3,0.042064165481555754
6,5,4,0.042137081920801185
6,5,5,0.04206437909227728
6,5,6,0.04218450367234065
6,5,7,0.042064149153898306
6,5,8,0.042098465343959286
6,5,9,0.042064142025403824
6,5,10,0.04217454190296401
6,6,1,0.04206450560483766
6,6,2,0.04206413644080726
6,6,3,0.04206416548135553
6,6,4,0.04213708317319242
6,6,5,0.04206437910212644
6,6,6,0.042184576945473694
6,6,7,0.04206414915914706
6,6,8,0.04209846645693565
6,6,9,0.0420641420269708
6,6,10,0.04217454857825874
6,7,1,0.0420645055886393
6,7,2,0.04206413644702778
6,7,3,0.042064165487471196
6,7,4,0.04213699057867139
6,7,5,0.042064379172128595
6,7,6,0.04218464040561366
6,7,7,0.042064149156076015
6,7,8,0.042098468031386976
6,7,9,0.04206414202697394
6,7,10,0.04217455350330718
6,8,1,0.04206450559554483
6,8,2,0.0420641364530931
6,8,3,0.04206416548265975
6,8,4,0.0421369990361856
6,8,5,0.04206437920786437
6,8,6,0.04218470152689235
6,8,7,0.0420641491630579
6,8,8,0.042098469843885496
6,8,9,0.0420641420282155
6,8,10,0.04217453823673916
6,9,1,0.04206450560653881
6,9,2,0.04206413645201102
6,9,3,0.04206416548502539
6,9,4,0.04213701319653121
6,9,5,0.042064379239685985
6,9,6,0.042184759884683926
6,9,7,0.042064149163329255
6,9,8,0.04209846311470269
6,9,9,0.04206414202603526
6,9,10,0.042174547542074795
6,10,1,0.04206450561095607
6,10,2,0.04206413645708106
6,10,3,0.042064165486269435
6,10,4,0.04213702346635052
6,10,5,0.04206437925005121
6,10,6,0.0421848021307317
6,10,7,0.04206414916170513
6,10,8,0.04209847145864263
6,10,9,0.04206414202670966
6,10,10,0.04217454109670432
6,11,1,0.0420645056244384
6,11,2,0.04206413666250574
6,11,3,0.04206416548894046
6,11,4,0.042137032970121766
6,11,5,0.042064379271633257
6,11,6,0.042184852141545985
6,11,7,0.04206414916543132
6,11,8,0.04209847253915196
6,11,9,0.04206414202815447
6,11,10,0.042174551676745
6,12,1,0.04206450561741409
6,12,2,0.04206413649997936
6,12,3,0.042064165489993914
6,12,4,0.042137042046949576
6,12,5,0.04206437929728101
6,12,6,0.042184893160845074
6,12,7,0.04206414917300491
6,12,8,0.04209847406946199
6,12,9,0.04206414202767902
6,12,10,0.04217456595695234
6,13,1,0.04206450562836067
6,13,2,0.04206413670840609
6,13,3,0.042064165485340047
6,13,4,0.04213704856658542
6,13,5,0.04206437933645554
6,13,6,0.04218493198836975
6,13,7,0.04206414917602146
6,13,8,0.042098475988162416
6,13,9,0.04206414202782926
6,13,10,0.042174585542703064
6,14,1,0.04206450563767016
6,14,2,0.04206413670656445
6,14,3,0.042064165486004175
6,14,4,0.04213705114326466
6,14,5,0.0420643794157535
6,14,6,0.04218496256150182
6,14,7,0.04206414917644323
6,14,8,0.04209847978076618
6,14,9,0.042064142027101986
6,14,10,0.04217460736846527
6,15,1,0.042064505638733506
6,15,2,0.04206413670997022
6,15,3,0.042064165486661316
6,15,4,0.04213705309835814
6,15,5,0.0420643794579227
6,15,6,0.04218499806582655
6,15,7,0.04206414917397605
6,15,8,0.04209848211629746
6,15,9,0.04206414203257801
6,15,10,0.04217463381991232
6,16,1,0.04206450565879573
6,16,2,0.042064136710475236
6,16,3,0.04206416549431581
6,16,4,0.04213705804562026
6,16,5,0.042064379500861976
6,16,6,0.04218502365219523
6,16,7,0.04206414917848105
6,16,8,0.042098486884439894
6,16,9,0.042064142035488944
6,16,10,0.04217465003695748
6,17,1,0.04206450569316227
6,17,2,0.042064136722637015
6,17,3,0.042064165496936645
6,17,4,0.04213707217111879
6,17,5,0.04206437952302766
6,17,6,0.04218506229047054
6,17,7,0.04206414917537908
6,17,8,0.04209849442170049
6,17,9,0.04206414203239791
6,17,10,0.0421746750846876
6,18,1,0.04206450571404239
6,18,2,0.0420641367157495
6,18,3,0.04206416550730868
6,18,4,0.042137085653859506
6,18,5,0.04206437954964182
6,18,6,0.042185098385906464
6,18,7,0.04206414917923528
6,18,8,0.042098498165310895
6,18,9,0.04206414203148032
6,18,10,0.042174685708160575
6,19,1,0.042064505730653005
6,19,2,0.04206413672252995
6,19,3,0.04206416859036909
6,19,4,0.04213709497910168
6,19,5,0.04206437956817632
6,19,6,0.042185139684078894
6,19,7,0.04206414918540289
6,19,8,0.042098501818824255
6,19,9,0.042064142036480325
6,19,10,0.04217470835518584
6,20,1,0.04206450575053943
6,20,2,0.042064136722944304
6,20,3,0.04206416861058787
6,20,4,0.04213710610680514
6,20,5,0.04206437959139681
6,20,6,0.042185172159808694
6,20,7,0.04206414918696566
6,20,8,0.04209850632505764
6,20,9,0.04206414203875038
6,20,10,0.04217472053937278
6,21,1,0.04206450577852564
6,21,2,0.04206413672991071
6,21,3,0.04206416862738619
6,21,4,0.042137126430200664
6,21,5,0.04206437962911221
6,21,6,0.042185232270381665
6,21,7,0.04206414918777602
6,21,8,0.04209851504871652
6,21,9,0.042064142039880716
6,21,10,0.04217476339643143
6,22,1,0.042064505791166315
6,22,2,0.04206413672767931
6,22,3,0.04206416864687873
6,22,4,0.0421371489690081
6,22,5,0.0420643796669183
6,22,6,0.04218530080689474
6,22,7,0.0420641491921179
6,22,8,0.04209852270685109
6,22,9,0.0420641420382628
6,22,10,0.042174799260133074
6,23,1,0.042064801848138704
6,23,2,0.04206413673124485
6,23,3,0.04206416867030648
6,23,4,0.042137216378492645
6,23,5,0.042064379749796446
6,23,6,0.04218542887322011
6,23,7,0.04206414919873845
6,23,8,0.04209853864320325
6,23,9,0.042064142047139236
6,23,10,0.04217490006317458
6,24,1,0.04206480214073399
6,24,2,0.042064136803269876
6,24,3,0.04206416875738362
6,24,4,0.042137317192879074
6,24,5,0.042064379781177066
6,24,6,0.04218567574481134
6,24,7,0.042064149207532306
6,24,8,0.04209857030651812
6,24,9,0.04206413191797768
6,24,10,0.04217507825050732
7,1,1,-0.17505938302357907
7,1,2,-0.1750565560127754
7,1,3,-0.17505677529052277
7,1,4,-0.17552869439387825
7,1,5,-0.17505841568665287
7,1,6,-0.17582044946118652
7,1,7,-0.17505661516641738
7,1,8,-0.17529046745274018
7,1,9,-0.17505660191671757
7,1,10,-0.17576053487650525
7,2,1,-0.1750593826088382
7,2,2,-0.1750565602562656
7,2,3,-0.17505677532314468
7,2,4,-0.17552908176055398
7,2,5,-0.17505841597843816
7,2,6,-0.17582042403267967
7,2,7,-0.1750566495538243
7,2,8,-0.1752903829228045
7,2,9,-0.17505660195598738
7,2,10,-0.17575980340337344
7,3,1,-0.17505938222861162
7,3,2,-0.17505655997815017
7,3,3,-0.17505677535828057
7,3,4,-0.17552932952679495
7,3,5,-0.1750584160130951
7,3,6,-0.1758207610990551
7,3,7,-0.17505664986735073
7,3,8,-0.17529032661680438
7,3,9,-0.17505660180901472
7,3,10,-0.17575964052885498
7,4,1,-0.17505938242994068
7,4,2,-0.17505656018246663
7,4,3,-0.175056775373768
7,4,4,-0.17552942989274703
7,4,5,-0.17505841598246535
7,4,6,-0.17582099531286485
7,4,7,-0.17505665519640576
7,4,8,-0.17529036550979846
7,4,9,-0.1750566019290328
7,4,10,-0.17575962779355703
7,5,1,-0.17505938184607142
7,5,2,-0.17505656037860018
7,5,3,-0.17505677538779435
7,5,4,-0.1755294408235622
7,5,5,-0.17505841628239305
7,5,6,-0.17582122634171432
7,5,7,-0.1750566552880983
7,5,8,-0.17529036274473414
7,5,9,-0.17505660198555634
7,5,10,-0.1757596510448577
7,6,1,-0.17505938176498376
7,6,2,-0.17505656177622467
7,6,3,-0.17505677525499366
7,6,4,-0.1755292657356326
7,6,5,-0.17505841630490815
7,6,6,-0.17582157955412103
7,6,7,-0.17505665558032335
7,6,8,-0.1752903399398459
7,6,9,-0.1750566019698801
7,6,10,-0.1757595938367411
7,7,1,-0.17505938163176257
7,7,2,-0.17505656154507993
7,7,3,-0.1750567754362863
7,7,4,-0.1755292085179776
7,7,5,-0.175058416850665
7,7,6,-0.17582198382226683
7,7,7,-0.1750566554095579
7,7,8,-0.17529035184952527
7,7,9,-0.1750566019469928
7,7,10,-0.1757596208371814
7,8,1,-0.17505938201277021
7,8,2,-0.1750565613856913
7,8,3,-0.17505677537402317
7,8,4,-0.17552927854980724
7,8,5,-0.17505841710759504
7,8,6,-0.17582237772402162
7,8,7,-0.17505665534846812
7,8,8,-0.17529037202242453
7,8,9,-0.1750566019823102
7,8,10,-0.1757595520742839
7,9,1,-0.1750593822025971
7,9,2,-0.17505656166443678
7,9,3,-0.17505677525090535
7,9,4,-0.17552938577035815
7,9,5,-0.17505841741523667
7,9,6,-0.17582277727244788
7,9,7,-0.17505665527542355
7,9,8,-0.1752705807450999
7,9,9,-0.17505660213312974
7,9,10,-0.1757596280542171
7,10,1,-0.17505938204865154
7,10,2,-0.17505656146078782
7,10,3,-0.17505677524646682
7,10,4,-0.1755294606149138
7,10,5,-0.17505841768419822
7,10,6,-0.1758230602758663
7,10,7,-0.17505665534158923
7,10,8,-0.17529039460904075
7,10,9,-0.17505660193568534
7,10,10,-0.1757596012650472
7,11,1,-0.1750593823172316
7,11,2,-0.1750565620128813
7,11,3,-0.1750567753325582
7,11,4,-0.17552952810881026
7,11,5,-0.1750584178353496
7,11,6,-0.17582338697056593
7,11,7,-0.1750566555064959
7,11,8,-0.17529040496095066
7,11,9,-0.17505660188033517
7,11,10,-0.17575967224138883
7,12,1,-0.17505938280586028
7,12,2,-0.17505656198576355
7,12,3,-0.17505677519286258
7,12,4,-0.17552959177401148
7,12,5,-0.17505841814710615
7,12,6,-0.17582365524781549
7,12,7,-0.17505665534718315
7,12,8,-0.17529041688469688
7,12,9,-0.17505660200539025
7,12,10,-0.17575976263307647
7,13,1,-0.1750593821178635
7,13,2,-0.175056562322202
7,13,3,-0.17505677541162767
7,13,4,-0.17552963186145912
7,13,5,-0.17505841827547558
7,13,6,-0.1758238974346177
7,13,7,-0.1750566553807835
7,13,8,-0.17529042988949187
7,13,9,-0.1750566020002257
7,13,10,-0.17575988253072558
7,14,1,-0.17505938267040153
7,14,2,-0.17505656230705882
7,14,3,-0.17505677525497243
7,14,4,-0.1755296480628122
7,14,5,-0.17505841906617517
7,14,6,-0.17582408339531144
7,14,7,-0.17505665539210677
7,14,8,-0.1752904528123904
7,14,9,-0.1750566019917946
7,14,10,-0.17576001122181925
7,15,1,-0.17505938220464717
7,15,2,-0.17505656245266507
7,15,3,-0.17505677537253314
7,15,4,-0.1755296058199426
7,15,5,-0.17505841908221403
7,15,6,-0.17582420091359346
7,15,7,-0.17505665550386723
7,15,8,-0.17529044600458454
7,15,9,-0.175056601954338
7,15,10,-0.17576008157952744
7,16,1,-0.1750593828720665
7,16,2,-0.17505656220560326
7,16,3,-0.17505677538821882
7,16,4,-0.17552962230575886
7,16,5,-0.17505841955989696
7,16,6,-0.1758243390952911
7,16,7,-0.1750566555680603
7,16,8,-0.17529047422215346
7,16,9,-0.1750566020379069
7,16,10,-0.17576016126892624
7,17,1,-0.17505938245878275
7,17,2,-0.17505656244840778
7,17,3,-0.17505677529988703
7,17,4,-0.1755296837359438
7,17,5,-0.17505841959127832
7,17,6,-0.1758245235642452
7,17,7,-0.1750566554893182
7,17,8,-0.1752905121465536
7,17,9,-0.1750566019533338
7,17,10,-0.17576027374708075
7,18,1,-0.17505938236779775
7,18,2,-0.17505656227950256
7,18,3,-0.1750567754301878
7,18,4,-0.17552973630315907
7,18,5,-0.17505841968484057
7,18,6,-0.17582469331681028
7,18,7,-0.17505665545053845
7,18,8,-0.175290524538693
7,18,9,-0.17505660206132667
7,18,10,-0.17576030427899927
7,19,1,-0.1750593827577159
7,19,2,-0.17505656235482073
7,19,3,-0.17505679823623096
7,19,4,-0.17552976189381697
7,19,5,-0.17505841973673564
7,19,6,-0.17582489218345154
7,19,7,-0.17505665582296964
7,19,8,-0.1752905368870025
7,19,9,-0.17505660206933052
7,19,10,-0.1757603935916188
7,20,1,-0.17505938291361442
7,20,2,-0.1750565622188254
7,20,3,-0.17505679817710662
7,20,4,-0.17552981310159654
7,20,5,-0.17505842008815656
7,20,6,-0.17582505613854044
7,20,7,-0.17505665557774264
7,20,8,-0.17529056290876663
7,20,9,-0.17505660201965098
7,20,10,-0.1757604411054584
7,21,1,-0.1750593832021273
7,21,2,-0.17505656233408762
7,21,3,-0.1750567983040648
7,21,4,-0.1755299355097392
7,21,5,-0.17505842006673739
7,21,6,-0.1758254207943428
7,21,7,-0.17505665545168592
7,21,8,-0.17529061639914098
7,21,9,-0.17505660203347712
7,21,10,-0.17576068453032279
7,22,1,-0.17505938271277097
7,22,2,-0.1750565624716928
7,22,3,-0.17505679836799062
7,22,4,-0.17553008303495055
7,22,5,-0.1750584204175845
7,22,6,-0.17582576356290627
7,22,7,-0.17505665576499754
7,22,8,-0.175290636570981
7,22,9,-0.17505660195088324
7,22,10,-0.17576080743824404
7,23,1,-0.17506163694433574
7,23,2,-0.17505656252643936
7,23,3,-0.17505679841700272
7,23,4,-0.1755304382870975
7,23,5,-0.17505842094140647
7,23,6,-0.17582652219408001
7,23,7,-0.17505665545624022
7,23,8,-0.17529073166780676
7,23,9,-0.1750566019710439
7,23,10,-0.17576139619895947
7,24,1,-0.1750616375258409
7,24,2,-0.17505656282980764
7,24,3,-0.1750567991794095
7,24,4,-0.17553093923449695
7,24,5,-0.17505842063633373
7,24,6,-0.1758277999919009
7,24,7,-0.175056655654649
7,24,8,-0.17529087683689107
7,24,9,-0.17505659181545444
7,24,10,-0.1757622806953363
8,1,1,0.09633034129705892
8,1,2,0.09632899028260249
8,1,3,0.09632909534868692
8,1,4,0.0965559842419816
8,1,5,0.09632987915618833
8,1,6,0.09669449049118543
8,1,7,0.09632901861806786
8,1,8,0.09644154483753922
8,1,9,0.096329012217292
8,1,10,0.09666637163923189
8,2,1,0.09633034097658158
8,2,2,0.09632899218357079
8,2,3,0.09632909533026042
8,2,4,0.09655617096210609
8,2,5,0.09632987916781387
8,2,6,0.09669465111439163
8,2,7,0.09632903520340558
8,2,8,0.09644149978056799
8,2,9,0.09632901221666475
8,2,10,0.09666591501684675
8,3,1,0.09633034098757566
8,3,2,0.09632899218204515
8,3,3,0.09632909532056515
8,3,4,0.09655630342515592
8,3,5,0.09632987917056289
8,3,6,0.09669484296074445
8,3,7,0.09632903524089413
8,3,8,0.09644149029949213
8,3,9,0.09632901219387827
8,3,10,0.0966659831010273
8,4,1,0.09633034101223019
8,4,2,0.0963289922069515
8,4,3,0.09632909531229461
8,4,4,0.09655636469017606
8,4,5,0.09632987920027593
8,4,6,0.09669483245364122
8,4,7,0.09632903792669903
8,4,8,0.09644150348212428
8,4,9,0.0963290122038128
8,4,10,0.09666597467691602
8,5,1,0.09633034088798391
8,5,2,0.09632899220881673
8,5,3,0.0963290953250937
8,5,4,0.0965563085274462
8,5,5,0.09632987928982588
8,5,6,0.09669503722266257
8,5,7,0.09632903793980817
8,5,8,0.09644150794666077
8,5,9,0.09632901219544843
8,5,10,0.09666599064304615
8,6,1,0.0963303409714907
8,6,2,0.09632899284590972
8,6,3,0.09632909532597948
8,6,4,0.09655622902994715
8,6,5,0.09632987938050128
8,6,6,0.09669525894186527
8,6,7,0.09632903795044603
8,6,8,0.09644150922036906
8,6,9,0.09632901218514733
8,6,10,0.09666600295039177
8,7,1,0.09633034095102634
8,7,2,0.09632899286771485
8,7,3,0.09632909532833733
8,7,4,0.09655629092004717
8,7,5,0.09632987961966134
8,7,6,0.09669545045295339
8,7,7,0.09632903796964877
8,7,8,0.09644151368054972
8,7,9,0.09632901220208231
8,7,10,0.09666601466975377
8,8,1,0.09633034101886072
8,8,2,0.09632899288701127
8,8,3,0.09632909532932232
8,8,4,0.09655633298887177
8,8,5,0.09632987977419391
8,8,6,0.09669564134053256
8,8,7,0.09632903795972488
8,8,8,0.09644152069952704
8,8,9,0.09632901219473487
8,8,10,0.0966659708381119
8,9,1,0.09633034104749884
8,9,2,0.0963289928855861
8,9,3,0.0963290953315372
8,9,4,0.09655637799310067
8,9,5,0.09632987989633976
8,9,6,0.09669582219740168
8,9,7,0.09632903797366554
8,9,8,0.09644152728787234
8,9,9,0.09632901220148604
8,9,10,0.09666600907057095
8,10,1,0.09633034110157791
8,10,2,0.09632899290430598
8,10,3,0.09632909532885765
8,10,4,0.0965564172309872
8,10,5,0.0963298799903247
8,10,6,0.09669596044625194
8,10,7,0.0963290379691485
8,10,8,0.09644153298491623
8,10,9,0.09632901221055239
8,10,10,0.09666599944585876
8,11,1,0.09633034115608027
8,11,2,0.09632899311800834
8,11,3,0.0963290953380226
8,11,4,0.09655645312946835
8,11,5,0.09632988008196386
8,11,6,0.09669612094120567
8,11,7,0.09632903797429627
8,11,8,0.09644153917008962
8,11,9,0.09632901220111778
8,11,10,0.09666603818163355
8,12,1,0.09633034117012976
8,12,2,0.09632899309016428
8,12,3,0.09632909533803596
8,12,4,0.09655648575319821
8,12,5,0.09632988017485504
8,12,6,0.09669624625818193
8,12,7,0.09632903798527072
8,12,8,0.09644154422278028
8,12,9,0.09632901221110639
8,12,10,0.09666607722170592
8,13,1,0.09633034117137927
8,13,2,0.09632899327705668
8,13,3,0.09632909534802166
8,13,4,0.0965565049654663
8,13,5,0.09632988032238013
8,13,6,0.09669636198269867
8,13,7,0.09632903799735715
8,13,8,0.09644155032676037
8,13,9,0.09632901221499517
8,13,10,0.09666613721536867
8,14,1,0.09633034106114453
8,14,2,0.09632899329284592
8,14,3,0.0963290953424817
8,14,4,0.09655645730299041
8,14,5,0.0963298805622294
8,14,6,0.0966963733769645
8,14,7,0.09632903799159286
8,14,8,0.09644154002265269
8,14,9,0.09632901221064358
8,14,10,0.09666613065357808
8,15,1,0.09633034103425732
8,15,2,0.09632899330237873
8,15,3,0.09632909534091044
8,15,4,0.09655645747996412
8,15,5,0.09632988071838582
8,15,6,0.09669646652780697
8,15,7,0.09632903799506608
8,15,8,0.09644154559054921
8,15,9,0.09632901221116699
8,15,10,0.09666619808900397
8,16,1,0.09633034109432272
8,16,2,0.0963289933171514
8,16,3,0.09632909535330998
8,16,4,0.0965564586747994
8,16,5,0.09632988084279907
8,16,6,0.09669652039261528
8,16,7,0.09632903798436734
8,16,8,0.09644155512182116
8,16,9,0.09632901221169747
8,16,10,0.09666622475090687
8,17,1,0.09633034108694685
8,17,2,0.09632899331709964
8,17,3,0.09632909533509007
8,17,4,0.096556489527074
8,17,5,0.09632988066294625
8,17,6,0.09669640928005198
8,17,7,0.09632903798791403
8,17,8,0.09644151713182386
8,17,9,0.0963290122041725
8,17,10,0.09666609875338507
8,18,1,0.09633034068113586
8,18,2,0.09632899330462116
8,18,3,0.09632909535992877
8,18,4,0.09655639248797734
8,18,5,0.09632988066623704
8,18,6,0.09669645805337239
8,18,7,0.09632903799419175
8,18,8,0.0964415132106844
8,18,9,0.09632901220824809
8,18,10,0.09666605835505959
8,19,1,0.09633034063683629
8,19,2,0.09632899331535431
8,19,3,0.09632910617418022
8,19,4,0.09655638017705585
8,19,5,0.09632988055287754
8,19,6,0.0966964987044465
8,19,7,0.09632903799316304
8,19,8,0.09644148494662691
8,19,9,0.09632901220062061
8,19,10,0.09666597988269769
8,20,1,0.09633034083472573
8,20,2,0.09632899333427863
8,20,3,0.09632910625029976
8,20,4,0.09655649009471332
8,20,5,0.09632988086606312
8,20,6,0.09669661685371705
8,20,7,0.0963290379954281
8,20,8,0.0964415370997239
8,20,9,0.09632901222448013
8,20,10,0.09666613520274486
8,21,1,0.0963303410869946
8,21,2,0.09632899334094415
8,21,3,0.0963291062975768
8,21,4,0.09655655094855514
8,21,5,0.09632988108182283
8,21,6,0.096696891872842
8,21,7,0.09632903802300456
8,21,8,0.09644158738414477
8,21,9,0.09632901222405799
8,21,10,0.0966663424608273
8,22,1,0.0963303411397663
8,22,2,0.09632899334213904
8,22,3,0.09632910636032276
8,22,4,0.09655662361921283
8,22,5,0.09632988116627351
8,22,6,0.09669710702539461
8,22,7,0.0963290380302222
8,22,8,0.09644157842835643
8,22,9,0.09632901222569251
8,22,10,0.0966663594467514
8,23,1,0.09633141857609404
8,23,2,0.09632899336484295
8,23,3,0.09632910640157744
8,23,4,0.09655676338411491
8,23,5,0.09632988129271533
8,23,6,0.09669737760356444
8,23,7,0.09632903802908736
8,23,8,0.09644162715001973
8,23,9,0.09632901223340255
8,23,10,0.09666665373489312
8,24,1,0.09633141947298227
8,24,2,0.09632899356759667
8,24,3,0.0963291066991597
8,24,4,0.09655701710596691
8,24,5,0.09632988132807332
8,24,6,0.09669806242575293
8,24,7,0.0963290380636255
8,24,8,0.09644171759857746
8,24,9,0.0963290122469745
8,24,10,0.09666714732143256
9,1,1,0.04205085312670251
9,1,2,0.04205047536117072
9,1,3,0.04205050605355254
9,1,4,0.04212717089989561
9,1,5,0.04205072354420853
9,1,6,0.04217613255299403
9,1,7,0.042050483419305
9,1,8,0.0420867073715389
9,1,9,0.042050482141655125
9,1,10,0.042166222668284015
9,2,1,0.04205085280891566
9,2,2,0.042050475904852856
9,2,3,0.042050506039568926
9,2,4,0.04212717250221036
9,2,5,0.042050723563196314
9,2,6,0.042176077097869344
9,2,7,0.04205048841173503
9,2,8,0.04208669341120169
9,2,9,0.04205048212964618
9,2,10,0.04216607067411226
9,3,1,0.0420508527583629
9,3,2,0.042050475902607305
9,3,3,0.04205050603487762
9,3,4,0.042127194701507435
9,3,5,0.04205072354210981
9,3,6,0.042176112490558235
9,3,7,0.04205048841769831
9,3,8,0.04208667379504886
9,3,9,0.04205048212422249
9,3,10,0.0421660432364237
9,4,1,0.04205085270222887
9,4,2,0.042050475895126026
9,4,3,0.04205050603337121
9,4,4,0.0421271981261723
9,4,5,0.04205072350937525
9,4,6,0.042176135196942216
9,4,7,0.042050489229326866
9,4,8,0.04208668214689365
9,4,9,0.04205048212329129
9,4,10,0.04216600097228964
9,5,1,0.0420508526916893
9,5,2,0.04205047590607988
9,5,3,0.042050506031079064
9,5,4,0.042127118199060336
9,5,5,0.042050723546104965
9,5,6,0.04217622182724618
9,5,7,0.04205048922937501
9,5,8,0.0420866737138871
9,5,9,0.0420504821254486
9,5,10,0.04216601807521067
9,6,1,0.04205085266728939
9,6,2,0.04205047609942983
9,6,3,0.04205050603000085
9,6,4,0.04212711136958937
9,6,5,0.042050723576472125
9,6,6,0.04217633146708834
9,6,7,0.042050489233629716
9,6,8,0.04208668003903476
9,6,9,0.04205048212375755
9,6,10,0.042166048516502866
9,7,1,0.04205085270790781
9,7,2,0.042050476100284506
9,7,3,0.04205050603674209
9,7,4,0.04212715648809168
9,7,5,0.04205072363387216
9,7,6,0.04217639313942765
9,7,7,0.042050489237827164
9,7,8,0.042086678216486643
9,7,9,0.04205048212437721
9,7,10,0.04216604406734158
9,8,1,0.04205085270556175
9,8,2,0.04205047610078015
9,8,3,0.04205050603064927
9,8,4,0.04212716959023032
9,8,5,0.04205072366949116
9,8,6,0.042176460614896265
9,8,7,0.04205048923809448
9,8,8,0.04208668022625155
9,8,9,0.04205048212725909
9,8,10,0.04216603130004854
9,9,1,0.042050852726114675
9,9,2,0.042050476105561084
9,9,3,0.04205050603638638
9,9,4,0.04212718727257734
9,9,5,0.042050723702788846
9,9,6,0.04217653032011906
9,9,7,0.04205048924022973
9,9,8,0.04208668285354037
9,9,9,0.04205048212574526
9,9,10,0.04216604844641136
9,10,1,0.042050852746143154
9,10,2,0.04205047630369457
9,10,3,0.04205050603557886
9,10,4,0.04212720269263234
9,10,5,0.042050723726944725
9,10,6,0.04217658179061871
9,10,7,0.04205048923943473
9,10,8,0.042086684440205614
9,10,9,0.04205048212713902
9,10,10,0.04216604484593075
9,11,1,0.04205085272308767
9,11,2,0.04205047630153851
9,11,3,0.042050506035005715
9,11,4,0.04212720326094314
9,11,5,0.04205072373548564
9,11,6,0.042176619672038444
9,11,7,0.04205048923777185
9,11,8,0.04208668041081964
9,11,9,0.04205048212713213
9,11,10,0.04216603676095697
9,12,1,0.04205085272729081
9,12,2,0.04205047615791115
9,12,3,0.04205050603398229
9,12,4,0.042127213287966724
9,12,5,0.04205072375823052
9,12,6,0.04217665921457611
9,12,7,0.04205048924224475
9,12,8,0.04208668059485911
9,12,9,0.04205048213170181
9,12,10,0.04216604866187052
9,13,1,0.042050852719801766
9,13,2,0.042050476156605794
9,13,3,0.042050506039378786
9,13,4,0.042127216020311456
9,13,5,0.04205072378276118
9,13,6,0.04217669151937979
9,13,7,0.04205048924326095
9,13,8,0.04208667968464388
9,13,9,0.04205048212912087
9,13,10,0.0421660576809717
9,14,1,0.04205085269581094
9,14,2,0.04205047636750631
9,14,3,0.04205050603591803
9,14,4,0.042127203243801
9,14,5,0.04205072384990551
9,14,6,0.042176697790046264
9,14,7,0.04205048924346579
9,14,8,0.04208667634465563
9,14,9,0.04205048212528337
9,14,10,0.04216605776473715
9,15,1,0.04205085250315799
9,15,2,0.042050476358118545
9,15,3,0.04205050602449242
9,15,4,0.04212713294350767
9,15,5,0.04205072377256625
9,15,6,0.04217661271494719
9,15,7,0.04205048923793064
9,15,8,0.042086646020386115
9,15,9,0.04205048211872096
9,15,10,0.042165975417952056
9,16,1,0.04205085246696677
9,16,2,0.04205047635690325
9,16,3,0.04205050602381158
9,16,4,0.042127120405911475
9,16,5,0.04205072378745893
9,16,6,0.04217660811485968
9,16,7,0.04205048923250055
9,16,8,0.04208664365446988
9,16,9,0.04205048211870719
9,16,10,0.04216596334039954
9,17,1,0.04205085242172266
9,17,2,0.04205047636052967
9,17,3,0.04205050602736791
9,17,4,0.04212710832776507
9,17,5,0.04205072377585874
9,17,6,0.04217659849790576
9,17,7,0.04205048923265058
9,17,8,0.04208663961796628
9,17,9,0.0420504821181152
9,17,10,0.04216594567366088
9,18,1,0.04205085236779842
9,18,2,0.04205047616595273
9,18,3,0.042050506022612025
9,18,4,0.04212704976781745
9,18,5,0.04205072375030224
9,18,6,0.0421765052437378
9,18,7,0.04205048923373227
9,18,8,0.042086617894885305
9,18,9,0.04205048211510288
9,18,10,0.04216584413475199
9,19,1,0.04205085213255817
9,19,2,0.042050476157279144
9,19,3,0.04205050917777928
9,19,4,0.04212695715097208
9,19,5,0.0420507236200876
9,19,6,0.04217637675898257
9,19,7,0.042050489229595193
9,19,8,0.04208657788924472
9,19,9,0.04205048209836611
9,19,10,0.042165716815671675
9,20,1,0.042050852106150546
9,20,2,0.042050476160381975
9,20,3,0.04205050919618366
9,20,4,0.042126951492678526
9,20,5,0.042050723628480134
9,20,6,0.04217637866524582
9,20,7,0.04205048922085988
9,20,8,0.042086576980579875
9,20,9,0.04205048209863628
9,20,10,0.042165703831110984
9,21,1,0.042050852308684564
9,21,2,0.04205047616933114
9,21,3,0.04205050922523334
9,21,4,0.042127043934359315
9,21,5,0.04205072366409184
9,21,6,0.04217655139916337
9,21,7,0.04205048923825529
9,21,8,0.042086583903335584
9,21,9,0.04205048211012113
9,21,10,0.04216573874160317
9,22,1,0.04205085229066281
9,22,2,0.042050476368540445
9,22,3,0.04205050924780484
9,22,4,0.042127095789746
9,22,5,0.04205072379115865
9,22,6,0.04217668564861191
9,22,7,0.04205048923838457
9,22,8,0.04208661814172338
9,22,9,0.04205048211319499
9,22,10,0.04216586361152879
9,23,1,0.04205115401569063
9,23,2,0.04205047616575371
9,23,3,0.0420505092662167
9,23,4,0.04212712609013758
9,23,5,0.042050723852441074
9,23,6,0.04217673753051514
9,23,7,0.042050489239094394
9,23,8,0.042086631856009867
9,23,9,0.04205048211358426
9,23,10,0.04216595950962222
9,24,1,0.04205115384715767
9,24,2,0.042050476436412035
9,24,3,0.04205050933626332
9,24,4,0.042127134343885174
9,24,5,0.04205072375427895
9,24,6,0.042176840538733044
9,24,7,0.04205048924023064
9,24,8,0.0420866275756111
9,24,9,0.042050482108784315
9,24,10,0.04216601405978793
10,1,1,-0.8406905619012032
10,1,2,-0.24219839809154903
10,1,3,-0.8405883034927742
10,1,4,-0.5617308429802416
10,1,5,-0.5992283946804842
10,1,6,-0.5848792271461425
10,1,7,-0.24219839023270726
10,1,8,-0.8344686306176162
10,1,9,-0.8407650036802428
10,1,10,-0.8287612136274346
10,2,1,-0.34616559323793006
10,2,2,-0.5196292308431238
10,2,3,-0.356982845834936
10,2,4,-0.391201139770923
10,2,5,-0.4155736869968725
10,2,6,-0.4149327026812365
10,2,7,-0.3773892735656248
10,2,8,-0.34097795258062036
10,2,9,-0.02965967780813459
10,2,10,-0.36308466068734013
10,3,1,-0.5052790295235884
10,3,2,-0.2550160880115879
10,3,3,-0.5052426938956386
10,3,4,-0.4948116569049471
10,3,5,-0.40776766050627156
10,3,6,-0.4041297778992813
10,3,7,-0.3698079172598174
10,3,8,-0.32997976469551554
10,3,9,-0.5054044630335459
10,3,10,-0.4872850193650689
10,4,1,-0.45421753197509807
10,4,2,-0.3577603394581275
10,4,3,-0.3201260462769204
10,4,4,-0.3377293611806179
10,4,5,-0.3787050905401468
10,4,6,-0.36368802925597854
10,4,7,-0.45504167430575654
10,4,8,-0.3446843057185827
10,4,9,-0.45438457925640213
10,4,10,-0.3257590585833999
10,5,1,-0.3135071597577375
10,5,2,-0.3619875239420327
10,5,3,-0.3243537871800585
10,5,4,-0.3491228977985448
10,5,5,-0.3828900232192792
10,5,6,-0.3792485779393508
10,5,7,-0.4624737701822557
10,5,8,-0.35147988671831276
10,5,9,-0.38291160552522724
10,5,10,-0.4454539068131879
10,6,1,-0.4092400948195543
10,6,2,-0.41020672676937275
10,6,3,-0.29461388423775486
10,6,4,-0.402702172954063
10,6,5,-0.3528318096212992
10,6,6,-0.3318381036427857
10,6,7,-0.37165800331989357
10,6,8,-0.40234671816141937
10,6,9,-0.3532063770688622
10,6,10,-0.3985693213813451
10,7,1,-0.2788016467735125
10,7,2,-0.4006186771020968
10,7,3,-0.39971382434193975
10,7,4,-0.3942190157096137
10,7,5,-0.3474538292404204
10,7,6,-0.3925575952052981
10,7,7,-0.4005877037502098
10,7,8,-0.3168398337113998
10,7,9,-0.3999032651999733
10,7,10,-0.3893348077511108
10,8,1,-0.2839847894024488
10,8,2,-0.35497014544283034
10,8,3,-0.40883616993784366
10,8,4,-0.4035609090465677
10,8,5,-0.35260288990219507
10,8,6,-0.4022902041536161
10,8,7,-0.3714385496494315
10,8,8,-0.4024324592413369
10,8,9,-0.4090170994285685
10,8,10,-0.3022588174052923
10,9,1,-0.4137984467309523
10,9,2,-0.35784588942160994
10,9,3,-0.41384735158824043
10,9,4,-0.3148981067384442
10,9,5,-0.3554007350781803
10,9,6,-0.4077764046132901
10,9,7,-0.3739613813344282
10,9,8,-0.40753017674741715
10,9,9,-0.35574963519416913
10,9,10,-0.40456810882139793
10,10,1,-0.4138759860903511
10,10,2,-0.3578738606658232
10,10,3,-0.41393606786562387
10,10,4,-0.41044211826417887
10,10,5,-0.35545833996466675
10,10,6,-0.3410851450308328
10,10,7,-0.37399416401784435
10,10,8,-0.3279871600423579
10,10,9,-0.3557974783755928
10,10,10,-0.3033603270105823
10,11,1,-0.4177545060756393
10,11,2,-0.36007592754527334
10,11,3,-0.2993928723465193
10,11,4,-0.4143542394782148
10,11,5,-0.35753855769094156
10,11,6,-0.4144147187315415
10,11,7,-0.3761553340836971
10,11,8,-0.33187245779611785
10,11,9,-0.3579795610264167
10,11,10,-0.3128517806058244
10,12,1,-0.2774124320080596
10,12,2,-0.3981850315005902
10,12,3,-0.28776694574536943
10,12,4,-0.3970230516756303
10,12,5,-0.34679367431452435
10,12,6,-0.3264293859172868
10,12,7,-0.364549692806934
10,12,8,-0.33002974725760126
10,12,9,-0.3463462593674597
10,12,10,-0.2984908023235801
10,13,1,-0.2763897465053292
10,13,2,-0.39636816205671227
10,13,3,-0.28673635938378583
10,13,4,-0.3959924228850983
10,13,5,-0.3456920196591508
10,13,6,-0.3936412829320475
10,13,7,-0.3962777088671556
10,13,8,-0.3181087196868472
10,13,9,-0.3453154292327041
10,13,10,-0.29930172272035055
10,14,1,-0.399544964075727
10,14,2,-0.3804136362621366
10,14,3,-0.28913344240426037
10,14,4,-0.40035674336686644
10,14,5,-0.3474308348904393
10,14,6,-0.3243341440163607
10,14,7,-0.36580680124284054
10,14,8,-0.3188547433633375
10,14,9,-0.34771182903869985
10,14,10,-0.3195037462119252
10,15,1,-0.27726191989925514
10,15,2,-0.3978809796213066
10,15,3,-0.2876132148619941
10,15,4,-0.30485142414394073
10,15,5,-0.39682931228638074
10,15,6,-0.3967720277026755
10,15,7,-0.3644021378442019
10,15,8,-0.3143025311442765
10,15,9,-0.3461937362495338
10,15,10,-0.3968469592804346
10,16,1,-0.3993972104435912
10,16,2,-0.38032652649033577
10,16,3,-0.28905504947908695
10,16,4,-0.30488769229522317
10,16,5,-0.3475271534936751
10,16,6,-0.32413308685110964
10,16,7,-0.3658321888904851
10,16,8,-0.32563006147835877
10,16,9,-0.3476375545964966
10,16,10,-0.32136252955327166
10,17,1,-0.3972978407809191
10,17,2,-0.37913899009515073
10,17,3,-0.28787128966604075
10,17,4,-0.39662158898089445
10,17,5,-0.34637839413702914
10,17,6,-0.34896364266003577
10,17,7,-0.3982693602054099
10,17,8,-0.39030699730586
10,17,9,-0.3464563379172972
10,17,10,-0.39134646200749784
10,18,1,-0.27721268755773687
10,18,2,-0.3978078254469169
10,18,3,-0.2875657050942674
10,18,4,-0.30243924602298905
10,18,5,-0.34610172101939823
10,18,6,-0.3252164787349346
10,18,7,-0.3644191648271328
10,18,8,-0.3268230162070677
10,18,9,-0.3461535384412857
10,18,10,-0.324752143572942
10,19,1,-0.2503685062049967
10,19,2,-0.3505316587814982
10,19,3,-0.3928326140256797
10,19,4,-0.27572391506665217
10,19,5,-0.3191500205052419
10,19,6,-0.3545477093320196
10,19,7,-0.35052867713653935
10,19,8,-0.3560047294944337
10,19,9,-0.3498416438076565
10,19,10,-0.3622406269826875
10,20,1,-0.3525439531466533
10,20,2,-0.3533506416277295
10,20,3,-0.394126502984367
10,20,4,-0.2769611952691839
10,20,5,-0.34280990041108583
10,20,6,-0.29626395331702926
10,20,7,-0.35282228800170073
10,20,8,-0.3766760619680292
10,20,9,-0.3205351924898836
10,20,10,-0.27709230523485046
10,21,1,-0.2529414558045665
10,21,2,-0.3550823211297959
10,21,3,-0.35509004978134023
10,21,4,-0.3616850546393011
10,21,5,-0.3548410798671128
10,21,6,-0.3612123047697206
10,21,7,-0.3401819025508194
10,21,8,-0.3610587693939636
10,21,9,-0.3218569412331032
10,21,10,-0.36271984785440775
10,22,1,-0.2501857514992994
10,22,2,-0.3518663169089818
10,22,3,-0.39261922105536123
10,22,4,-0.3031481407177561
10,22,5,-0.3413011685842199
10,22,6,-0.309173866356259
10,22,7,-0.35022699200442464
10,22,8,-0.3789749899572062
10,22,9,-0.3495442926028959
10,22,10,-0.2851807895134085
10,23,1,-0.43336533378567477
10,23,2,-0.34222619959554257
10,23,3,-0.33333870600987914
10,23,4,-0.33796606512532784
10,23,5,-0.332967722839968
10,23,6,-0.34591217564089444
10,23,7,-0.3333125675538001
10,23,8,-0.3377094226906467
10,23,9,-0.3096065646856367
10,23,10,-0.3416994766749892
10,24,1,-0.31384721580766656
10,24,2,-0.3735967321515044
10,24,3,-0.3735841486540833
10,24,4,-0.32281095499253615
10,24,5,-0.36176177838023876
10,24,6,-0.32445847299447644
10,24,7,-0.3136260555812853
10,24,8,-0.3198317032285056
10,24,9,-0.31298146980781094
10,24,10,-0.3233505299119399
11,1,1,-1.1463905792736913
11,1,2,-0.5427515014185992
11,1,3,-1.1462854401200104
11,1,4,-0.8646082667260998
11,1,5,-0.9021675641307175
11,1,6,-0.8881500821506696
11,1,7,-0.542751527606205
11,1,8,-1.1402228974274167
11,1,9,-1.1464643981437483
11,1,10,-1.1347292558120696
11,2,1,-0.647205950113204
11,2,2,-0.8218602805327857
11,2,3,-0.6580821030041151
11,2,4,-0.6928266351270993
11,2,5,-0.7170332482861221
11,2,6,-0.7168950665189162
11,2,7,-0.6786074242817747
11,2,8,-0.6421256119427177
11,2,9,-0.3297540912740139
11,2,10,-0.6646420897789013
11,3,1,-0.8073949620647914
11,3,2,-0.5556197909976144
11,3,3,-0.8073568142987485
11,3,4,-0.7971315082657537
11,3,5,-0.7091761967614327
11,3,6,-0.705975257422773
11,3,7,-0.670981097705113
11,3,8,-0.6310828909835401
11,3,9,-0.8075197790095463
11,3,10,-0.7896807238563993
11,4,1,-0.7559445048830963
11,4,2,-0.658863875750601
11,4,3,-0.621027172861044
11,4,4,-0.6390373526058244
11,4,5,-0.6799321430416683
11,4,6,-0.6653468292636041
11,4,7,-0.756773006320348
11,4,8,-0.6458693279544246
11,4,9,-0.7561111364069453
11,4,10,-0.627112051650556
11,5,1,-0.6143765008670518
11,5,2,-0.6631152135211952
11,5,3,-0.6252765449627538
11,5,4,-0.650504680871367
11,5,5,-0.684142382339489
11,5,6,-0.6809981841045315
11,5,7,-0.7642592394315024
11,5,8,-0.6527033838956146
11,5,9,-0.6841630610657401
11,5,10,-0.7475685343337621
11,6,1,-0.7106587373704728
11,6,2,-0.7116300235786954
11,6,3,-0.5953904991910014
11,6,4,-0.7043902979585045
11,6,5,-0.6539086003844888
11,6,6,-0.6333155773959598
11,6,7,-0.6728420777428894
11,6,8,-0.7038698564863777
11,6,9,-0.6542842340973012
11,6,10,-0.7003902389158106
11,7,1,-0.5795077928121966
11,7,2,-0.7019802547425185
11,7,3,-0.7010697791207778
11,7,4,-0.6958557097531445
11,7,5,-0.6485007220011981
11,7,6,-0.6943862223368995
11,7,7,-0.7019491401286556
11,7,8,-0.6178708338084755
11,7,9,-0.7012603208025675
11,7,10,-0.6911007889847133
11,8,1,-0.5847140924330054
11,8,2,-0.6560578967601343
11,8,3,-0.7102506828350017
11,8,4,-0.7052540803541814
11,8,5,-0.6536783990724062
11,8,6,-0.7041775894432581
11,8,7,-0.672621327260837
11,8,8,-0.7039565525405288
11,8,9,-0.710432684141726
11,8,10,-0.6035321390194858
11,9,1,-0.7152468773848836
11,9,2,-0.6589499130168569
11,9,3,-0.7152945940618601
11,9,4,-0.6160798239811147
11,9,5,-0.6564919672809271
11,9,6,-0.7096974258689025
11,9,7,-0.6751590916324193
11,9,8,-0.7090858210869747
11,9,9,-0.6568418063989682
11,9,10,-0.7064258704646571
11,10,1,-0.7153249254263233
11,10,2,-0.6589780437916639
11,10,3,-0.7153838932611398
11,10,4,-0.7121775062283154
11,10,5,-0.656549898660057
11,10,6,-0.6426153015798685
11,10,7,-0.6751920689846439
11,10,8,-0.6290777815726566
11,10,9,-0.6568899199381095
11,10,10,-0.6046389673195889
11,11,1,-0.7192290556784029
11,11,2,-0.6611926612413086
11,11,3,-0.6001920238770333
11,11,4,-0.7161138516170487
11,11,5,-0.6586418835328318
11,11,6,-0.7163769559466928
11,11,7,-0.6773661098283815
11,11,8,-0.6329844225986565
11,11,9,-0.659084367555993
11,11,10,-0.6141808669999307
11,12,1,-0.5781124423870067
11,12,2,-0.6995311759523715
11,12,3,-0.588511903605227
11,12,4,-0.6986769255563896
11,12,5,-0.6478369362458519
11,12,6,-0.6278777711240436
11,12,7,-0.6656922197494288
11,12,8,-0.6311314876875646
11,12,9,-0.6473860173765333
11,12,10,-0.5997461108316492
11,13,1,-0.5770852603837181
11,13,2,-0.6977028460630317
11,13,3,-0.5874766164540298
11,13,4,-0.6976401284815811
11,13,5,-0.6467292226357956
11,13,6,-0.6954782065938995
11,13,7,-0.6976118779194868
11,13,8,-0.6191460113312676
11,13,9,-0.6463495270537902
11,13,10,-0.6005240206911879
11,14,1,-0.700901349376816
11,14,2,-0.6816499303817574
11,14,3,-0.5898846588362202
11,14,4,-0.7020308006877694
11,14,5,-0.6484776040934968
11,14,6,-0.6257711320075213
11,14,7,-0.6669566144598951
11,14,8,-0.6198959834868549
11,14,9,-0.6487591113404968
11,14,10,-0.6208689957485768
11,15,1,-0.5779612667069836
11,15,2,-0.699225202884205
11,15,3,-0.588357470366213
11,15,4,-0.6059802190779887
11,15,5,-0.6981679659522214
11,15,6,-0.6986280711444693
11,15,7,-0.6655438068902825
11,15,8,-0.6153197698257221
11,15,9,-0.6472326557524704
11,15,10,-0.6986133901952373
11,16,1,-0.7007526583044918
11,16,2,-0.6815622947693373
11,16,3,-0.5898059059159593
11,16,4,-0.6060167403882469
11,16,5,-0.648574459421837
11,16,6,-0.6255185400441722
11,16,7,-0.6669821486478091
11,16,8,-0.6266966094226423
11,16,9,-0.6486844269242021
11,16,10,-0.6226936691883345
11,17,1,-0.6986400086508134
11,17,2,-0.6803675982757311
11,17,3,-0.588616723920425
11,17,4,-0.6982732441209756
11,17,5,-0.6474193758396651
11,17,6,-0.6504914591504423
11,17,7,-0.6996160907333601
11,17,8,-0.6917412283653482
11,17,9,-0.6474967010985384
11,17,10,-0.6930736325023448
11,18,1,-0.5779118167663524
11,18,2,-0.6991515864489214
11,18,3,-0.5883097433910601
11,18,4,-0.6035557555734504
11,18,5,-0.6471411815259259
11,18,6,-0.6266585473648505
11,18,7,-0.6655609330693698
11,18,8,-0.6278957974098001
11,18,9,-0.6471922371609462
11,18,10,-0.626100587636005
11,19,1,-0.5509551977630782
11,19,2,-0.6515945480830816
11,19,3,-0.6941452904315543
11,19,4,-0.5767097837332196
11,19,5,-0.6200471431318844
11,19,6,-0.6561559131968343
11,19,7,-0.6515916039310757
11,19,8,-0.6572357143048013
11,19,9,-0.6509007196209668
11,19,10,-0.6638008109096111
11,20,1,-0.6536196822444784
11,20,2,-0.6544292841750828
11,20,3,-0.6954472650152365
11,20,4,-0.5779528306583573
11,20,5,-0.6438313537976671
11,20,6,-0.5975507977301066
11,20,7,-0.6538980215880067
11,20,8,-0.6780273431599732
11,20,9,-0.621438297888527
11,20,10,-0.5782388607748287
11,21,1,-0.5535384267696231
11,21,2,-0.6561707019894977
11,21,3,-0.6561786237613458
11,21,4,-0.6631480157656067
11,21,5,-0.6559291646616626
11,21,6,-0.6628595369571574
11,21,7,-0.6411880912140525
11,21,8,-0.6623186489786558
11,21,9,-0.6227667869686089
11,21,10,-0.6642829187556915
11,22,1,-0.5507717150071015
11,22,2,-0.6529366483418289
11,22,3,-0.6939305767094011
11,22,4,-0.6042685014818783
11,22,5,-0.6423144315244327
11,22,6,-0.610560692699846
11,22,7,-0.6512882403232555
11,22,8,-0.6803411354313185
11,22,9,-0.650601721654488
11,22,10,-0.586338510148586
11,23,1,-0.7349466904626626
11,23,2,-0.6432434098650978
11,23,3,-0.6343083937480971
11,23,4,-0.6392763492805393
11,23,5,-0.6339363755999019
11,23,6,-0.6474722404799609
11,23,7,-0.63428202760832
11,23,8,-0.6388540205468717
11,23,9,-0.6104549948615234
11,23,10,-0.6431389403056309
11,24,1,-0.6147195603770679
11,24,2,-0.6747922209692075
11,24,3,-0.6747796913778467
11,24,4,-0.6240373650720314
11,24,5,-0.6628892155925127
11,24,6,-0.6258989240529174
11,24,7,-0.6144944039139437
11,24,8,-0.6208785230866442
11,24,9,-0.613846581451028
11,24,10,-0.6247389663931799
12,1,1,0.17208890892235218
12,1,2,0.17208739836123718
12,1,3,0.17208751662267993
12,1,4,0.17235014503049348
12,1,5,0.1720883880272139
12,1,6,0.17251922275872905
12,1,7,0.17208742954206094
12,1,8,0.1722157037968686
12,1,9,0.17208742344771488
12,1,10,0.1724855486785366
12,2,1,0.1720888967332972
12,2,2,0.17208740074940612
12,2,3,0.17208751539097386
12,2,4,0.17234955159843154
12,2,5,0.1720883851369762
12,2,6,0.17251793546808206
12,2,7,0.17208744834292955
12,2,8,0.1722146208552301
12,2,9,0.17208742264306062
12,2,10,0.17248235598021247
12,3,1,0.17208890013278433
12,3,2,0.1720874005571
12,3,3,0.1720875157164912
12,3,4,0.1723501806163341
12,3,5,0.1720883850240009
12,3,6,0.17251830131604182
12,3,7,0.1720874483969939
12,3,8,0.17221461721008532
12,3,9,0.17208742304991342
12,3,10,0.1724828231429162
12,4,1,0.17208889905184985
12,4,2,0.17208740065555272
12,4,3,0.1720875153300756
12,4,4,0.17234973198177658
12,4,5,0.17208838466257803
12,4,6,0.17251820248584968
12,4,7,0.17208745148468904
12,4,8,0.1722146564272856
12,4,9,0.1720874230136469
12,4,10,0.1724816451519476
12,5,1,0.17208889567516955
12,5,2,0.17208740068944622
12,5,3,0.17208751533758054
12,5,4,0.17234971980053418
12,5,5,0.17208838477309912
12,5,6,0.17251805634825493
12,5,7,0.17208745149936472
12,5,8,0.1722146451764591
12,5,9,0.1720874229607985
12,5,10,0.17248223255275788
12,6,1,0.1720888978168875
12,6,2,0.17208740142629084
12,6,3,0.1720875152747511
12,6,4,0.17234976792074558
12,6,5,0.17208838442023267
12,6,6,0.1725179062993236
12,6,7,0.17208745141512677
12,6,8,0.17221465457694662
12,6,9,0.1720874229295025
12,6,10,0.17248198809323514
12,7,1,0.17208889487639295
12,7,2,0.17208740143001477
12,7,3,0.1720875154866132
12,7,4,0.17234944193128368
12,7,5,0.17208838447158162
12,7,6,0.17251836249391583
12,7,7,0.17208745143034418
12,7,8,0.1722145849527048
12,7,9,0.17208742299340293
12,7,10,0.17248198578272173
12,8,1,0.1720888950811065
12,8,2,0.1720874014141336
12,8,3,0.17208751549837084
12,8,4,0.1723495043523784
12,8,5,0.17208838470889326
12,8,6,0.17251861027765122
12,8,7,0.172087451412206
12,8,8,0.17221466823530693
12,8,9,0.17208742296729868
12,8,10,0.17248163546889964
12,9,1,0.17208889789486134
12,9,2,0.17208740145613954
12,9,3,0.17208751549899876
12,9,4,0.17234937795439298
12,9,5,0.17208838488776543
12,9,6,0.17251883117769992
12,9,7,0.1720874514304548
12,9,8,0.17221467925214742
12,9,9,0.17208742292717968
12,9,10,0.17248202066921847
12,10,1,0.17208889794025856
12,10,2,0.1720874014516809
12,10,3,0.17208751551095625
12,10,4,0.1723496051266656
12,10,5,0.17208838498392431
12,10,6,0.17251873835115186
12,10,7,0.17208745142316112
12,10,8,0.17221460859591944
12,10,9,0.1720874229153837
12,10,10,0.17248166199582673
12,11,1,0.17208889803667313
12,11,2,0.1720874014615029
12,11,3,0.1720875152679553
12,11,4,0.17234964614981282
12,11,5,0.17208838510502725
12,11,6,0.1725191889405487
12,11,7,0.17208745145882082
12,11,8,0.17221462019892228
12,11,9,0.17208742293094317
12,11,10,0.17248174460210725
12,12,1,0.17208889498049854
12,12,2,0.1720874016462365
12,12,3,0.17208751526331575
12,12,4,0.1723496330263349
12,12,5,0.17208838505232055
12,12,6,0.17251905381425794
12,12,7,0.17208745143724477
12,12,8,0.17221462456429695
12,12,9,0.17208742292505563
12,12,10,0.1724818372970971
12,13,1,0.17208889497478702
12,13,2,0.17208740167603195
12,13,3,0.17208751526254734
12,13,4,0.1723496558744605
12,13,5,0.17208838512412383
12,13,6,0.17251937108739887
12,13,7,0.17208745148451832
12,13,8,0.172214609403753
12,13,9,0.1720874229298822
12,13,10,0.1724815352299498
12,14,1,0.17208889782684325
12,14,2,0.17208740167988482
12,14,3,0.17208751525448032
12,14,4,0.17234967481604596
12,14,5,0.1720883854957749
12,14,6,0.17251927123400973
12,14,7,0.1720874514732399
12,14,8,0.1722146229881701
12,14,9,0.17208742290803114
12,14,10,0.17248197555560849
12,15,1,0.17208889509217062
12,15,2,0.17208740171673448
12,15,3,0.17208751527243504
12,15,4,0.17234947951869847
12,15,5,0.17208838646094424
12,15,6,0.17251962366089668
12,15,7,0.17208745144754192
12,15,8,0.17221462690351802
12,15,9,0.17208742292768273
12,15,10,0.17248223966835374
12,16,1,0.17208889784826076
12,16,2,0.17208740169075346
12,16,3,0.17208751527571273
12,16,4,0.17234949455388662
12,16,5,0.1720883858476992
12,16,6,0.17251924168531402
12,16,7,0.172087451474336
12,16,8,0.1722146112490122
12,16,9,0.17208742293648624
12,16,10,0.1724819108367294
12,17,1,0.1720888978520921
12,17,2,0.1720874016970599
12,17,3,0.17208751527483643
12,17,4,0.1723497387060241
12,17,5,0.1720883858584883
12,17,6,0.17251928524285773
12,17,7,0.17208745149667337
12,17,8,0.1722147635630112
12,17,9,0.17208742292670842
12,17,10,0.17248247671258182
12,18,1,0.17208889514202422
12,18,2,0.17208740171132128
12,18,3,0.17208751530590025
12,18,4,0.17234957239349474
12,18,5,0.1720883859205803
12,18,6,0.17251970808088513
12,18,7,0.17208745145869755
12,18,8,0.17221464474369866
12,18,9,0.17208742295129068
12,18,10,0.17248200179606593
12,19,1,0.17208889460179586
12,19,2,0.17208740170480852
12,19,3,0.17208752763923194
12,19,4,0.1723494861311202
12,19,5,0.1720883856306048
12,19,6,0.17251994841797072
12,19,7,0.17208745147894233
12,19,8,0.17221469108172086
12,19,9,0.17208742296213167
12,19,10,0.17248217350748302
12,20,1,0.172088896881747
12,20,2,0.17208740171310963
12,20,3,0.1720875277387408
12,20,4,0.1723495262295679
12,20,5,0.1720883859425842
12,20,6,0.17251979434626016
12,20,7,0.17208745145672777
12,20,8,0.17221475077783738
12,20,9,0.1720874229499548
12,20,10,0.17248207822979725
12,21,1,0.17208889473912867
12,21,2,0.1720874016850918
12,21,3,0.17208752767251542
12,21,4,0.17234984488783509
12,21,5,0.17208838641184948
12,21,6,0.17252029214762038
12,21,7,0.17208745144586754
12,21,8,0.17221474869393735
12,21,9,0.1720874229477636
12,21,10,0.17248237181436196
12,22,1,0.17208889485437767
12,22,2,0.17208740170707168
12,22,3,0.1720875278448336
12,22,4,0.1723497953726714
12,22,5,0.17208838634184215
12,22,6,0.17252008570485342
12,22,7,0.17208745151203372
12,22,8,0.17221482554077486
12,22,9,0.1720874229646508
12,22,10,0.17248200186034218
12,23,1,0.17209009741377795
12,23,2,0.17208740172482662
12,23,3,0.1720875277843159
12,23,4,0.17235014658726108
12,23,5,0.17208838640466959
12,23,6,0.17252096927496646
12,23,7,0.17208745150394822
12,23,8,0.17221484546566151
12,23,9,0.17208742293700988
12,23,10,0.17248279789733795
12,24,1,0.17209009358183583
12,24,2,0.17208740200442404
12,24,3,0.17208752823343526
12,24,4,0.17235037589298458
12,24,5,0.17208838703756332
12,24,6,0.17252166044778425
12,24,7,0.1720874515212207
12,24,8,0.17221492562330484
12,24,9,0.17208742298147603
12,24,10,0.17248355117021177
13,1,1,3.698866407734315e-7
13,1,2,8.86627754700995e-9
13,1,3,3.639768003166024e-8
13,1,4,5.448096992421669e-5
13,1,5,2.4636125154719554e-7
13,1,6,8.505688136825028e-5
13,1,7,1.6451633419499436e-8
13,1,8,2.818696311560703e-5
13,1,9,1.455577752999332e-8
13,1,10,7.907381240060503e-5
13,2,1,3.697718207502305e-7
13,2,2,9.333882943874624e-9
13,2,3,3.639002243633752e-8
13,2,4,5.4547603741379296e-5
13,2,5,2.464039691011661e-7
13,2,6,8.509832173700301e-5
13,2,7,2.0704805398429492e-8
13,2,8,2.817835871748551e-5
13,2,9,1.4560807518653201e-8
13,2,10,7.896940395872753e-5
13,3,1,3.698180428065585e-7
13,3,2,9.333484909270538e-9
13,3,3,3.638563978675741e-8
13,3,4,5.459411263524192e-5
13,3,5,2.4642786216008027e-7
13,3,6,8.515714000142316e-5
13,3,7,2.0715618945329793e-8
13,3,8,2.817513872981238e-5
13,3,9,1.455705805665372e-8
13,3,10,7.898316133648233e-5
13,4,1,3.698372521374304e-7
13,4,2,9.335085300183372e-9
13,4,3,3.639217279372089e-8
13,4,4,5.46192454771941e-5
13,4,5,2.464426795861597e-7
13,4,6,8.520706605313596e-5
13,4,7,2.1395170802369878e-8
13,4,8,2.8179745244523403e-5
13,4,9,1.4558296014676279e-8
13,4,10,7.899204940112842e-5
13,5,1,3.698245424630576e-7
13,5,2,9.333077498493037e-9
13,5,3,3.639207745805116e-8
13,5,4,5.463876887578904e-5
13,5,5,2.464970568715764e-7
13,5,6,8.526595959424055e-5
13,5,7,2.140262975990211e-8
13,5,8,2.8184315132384373e-5
13,5,9,1.4556986775590466e-8
13,5,10,7.900727344380555e-5
13,6,1,3.698521503546017e-7
13,6,2,9.506877628029544e-9
13,6,3,3.639464629899125e-8
13,6,4,5.465348228209616e-5
13,6,5,2.4652004229659415e-7
13,6,6,8.532606381043186e-5
13,6,7,2.1407516844677216e-8
13,6,8,2.8187077032315832e-5
13,6,9,1.4557095546602745e-8
13,6,10,7.901672217324333e-5
13,7,1,3.69853464735756e-7
13,7,2,9.501292501683224e-9
13,7,3,3.6393531663106566e-8
13,7,4,5.4671540837849595e-5
13,7,5,2.4659740651475003e-7
13,7,6,8.537545482944264e-5
13,7,7,2.141064867538063e-8
13,7,8,2.818929380577421e-5
13,7,9,1.455705122840094e-8
13,7,10,7.902150501616386e-5
13,8,1,3.698746346313066e-7
13,8,2,9.510627762245171e-9
13,8,3,3.639731698618678e-8
13,8,4,5.4682452591274004e-5
13,8,5,2.4664327674070465e-7
13,8,6,8.54211785514984e-5
13,8,7,2.140980125922015e-8
13,8,8,2.8191411382174157e-5
13,8,9,1.4560016561276107e-8
13,8,10,7.900961385380523e-5
13,9,1,3.6988533564856154e-7
13,9,2,9.504390938649527e-9
13,9,3,3.639327670323569e-8
13,9,4,5.4692699012004635e-5
13,9,5,2.4667527016229895e-7
13,9,6,8.546153557167207e-5
13,9,7,2.1413985871963765e-8
13,9,8,2.8192694286005837e-5
13,9,9,1.455642248439194e-8
13,9,10,7.901663127126209e-5
13,10,1,3.698947267815803e-7
13,10,2,9.512368472803404e-9
13,10,3,3.640045235385583e-8
13,10,4,5.470202839797652e-5
13,10,5,2.467047332508964e-7
13,10,6,8.549271398940319e-5
13,10,7,2.140748406737126e-8
13,10,8,2.8193928391880407e-5
13,10,9,1.4559715686518966e-8
13,10,10,7.901281087191953e-5
13,11,1,3.6991264266550024e-7
13,11,2,9.514187690443798e-9
13,11,3,3.6396379034892816e-8
13,11,4,5.4710479811001385e-5
13,11,5,2.4672868215007224e-7
13,11,6,8.552996890031488e-5
13,11,7,2.140866393865778e-8
13,11,8,2.8195503614482623e-5
13,11,9,1.4557661472370356e-8
13,11,10,7.902168244182077e-5
13,12,1,3.6993080506295476e-7
13,12,2,9.561101663940566e-9
13,12,3,3.6399169347895647e-8
13,12,4,5.4722869849439794e-5
13,12,5,2.4676388439021365e-7
13,12,6,8.556745586052452e-5
13,12,7,2.1414673771877698e-8
13,12,8,2.8199110221174194e-5
13,12,9,1.4562646356487942e-8
13,12,10,7.903836160798536e-5
13,13,1,3.699370925390328e-7
13,13,2,9.55777430696582e-9
13,13,3,3.639671082377398e-8
13,13,4,5.4727720382189054e-5
13,13,5,2.468081853088556e-7
13,13,6,8.55949235735095e-5
13,13,7,2.1412375108298473e-8
13,13,8,2.82006597618382e-5
13,13,9,1.4559936877028874e-8
13,13,10,7.905251104557901e-5
13,14,1,3.699618154684931e-7
13,14,2,9.565979816894432e-9
13,14,3,3.639995020191994e-8
13,14,4,5.4733977413124665e-5
13,14,5,2.4690574157834037e-7
13,14,6,8.562529783734399e-5
13,14,7,2.1423967862903883e-8
13,14,8,2.8205679953377374e-5
13,14,9,1.4559327988732847e-8
13,14,10,7.907532062723544e-5
13,15,1,3.6996282622942993e-7
13,15,2,9.566598187652716e-9
13,15,3,3.6405152336258166e-8
13,15,4,5.4733568783677315e-5
13,15,5,2.469549979536324e-7
13,15,6,8.56482234780308e-5
13,15,7,2.1420159671986545e-8
13,15,8,2.8206252179456374e-5
13,15,9,1.4561669741652947e-8
13,15,10,7.909200101204515e-5
13,16,1,3.6998890015900796e-7
13,16,2,9.568320030687219e-9
13,16,3,3.6405543877816e-8
13,16,4,5.4735852477215585e-5
13,16,5,2.4698947224142234e-7
13,16,6,8.566444972745001e-5
13,16,7,2.1419038405246423e-8
13,16,8,2.8209275004199602e-5
13,16,9,1.4563832047839895e-8
13,16,10,7.91012202696217e-5
13,17,1,3.6999514336648486e-7
13,17,2,9.564414640135783e-9
13,17,3,3.640832378734582e-8
13,17,4,5.4744791108896785e-5
13,17,5,2.4702522155333225e-7
13,17,6,8.569708766422609e-5
13,17,7,2.1421749288108613e-8
13,17,8,2.821688992732149e-5
13,17,9,1.4562023390714324e-8
13,17,10,7.912402451720624e-5
13,18,1,3.700103519736446e-7
13,18,2,9.562684281562984e-9
13,18,3,3.6413984640400185e-8
13,18,4,5.475808319360181e-5
13,18,5,2.470339871448426e-7
13,18,6,8.57163992303272e-5
13,18,7,2.14275112646703e-8
13,18,8,2.8218033426646776e-5
13,18,9,1.456392176764083e-8
13,18,10,7.91244467823712e-5
13,19,1,3.700213737454027e-7
13,19,2,9.571301927257253e-9
13,19,3,3.922706119309777e-8
13,19,4,5.4761230265736064e-5
13,19,5,2.470430504650985e-7
13,19,6,8.57378643468035e-5
13,19,7,2.1429061408119214e-8
13,19,8,2.8217294918403156e-5
13,19,9,1.4563156355747832e-8
13,19,10,7.913192963383367e-5
13,20,1,3.6999923617696804e-7
13,20,2,9.570452235651585e-9
13,20,3,3.9241302524889e-8
13,20,4,5.475720470762801e-5
13,20,5,2.470431649323773e-7
13,20,6,8.573886554981274e-5
13,20,7,2.142848876388699e-8
13,20,8,2.8212083041998767e-5
13,20,9,1.4563403718912147e-8
13,20,10,7.91223093345211e-5
13,21,1,3.700149185277159e-7
13,21,2,9.574526708213016e-9
13,21,3,3.9253249493553423e-8
13,21,4,5.476950421733982e-5
13,21,5,2.4706285862037745e-7
13,21,6,8.577575749160106e-5
13,21,7,2.1427319912888174e-8
13,21,8,2.8217023308260257e-5
13,21,9,1.4562318268366635e-8
13,21,10,7.914587681692396e-5
13,22,1,3.700190682138953e-7
13,22,2,9.57164164220903e-9
13,22,3,3.9266073714188054e-8
13,22,4,5.478194323933412e-5
13,22,5,2.470640249013782e-7
13,22,6,8.581115194692025e-5
13,22,7,2.1431274325023247e-8
13,22,8,2.821833297685939e-5
13,22,9,1.4567337485603339e-8
13,22,10,7.91604718056364e-5
13,23,1,6.576596507583235e-7
13,23,2,9.575562891015939e-9
13,23,3,3.927627482155992e-8
13,23,4,5.482304339937731e-5
13,23,5,2.4711438730192804e-7
13,23,6,8.588589214315314e-5
13,23,7,2.1429286152256642e-8
13,23,8,2.82281855892881e-5
13,23,9,1.4565723879842061e-8
13,23,10,7.921894399308311e-5
13,24,1,6.578840091961976e-7
13,24,2,9.628724013059094e-9
13,24,3,3.9349095759814287e-8
13,24,4,5.487987682329912e-5
13,24,5,2.470789798790564e-7
13,24,6,8.603326470091698e-5
13,24,7,2.143873176773464e-8
13,24,8,2.8248796321486106e-5
13,24,9,1.4572319615329122e-8
13,24,10,7.932348646520342e-5
14,1,1,0.04206451071424953
14,1,2,0.042064135848010116
14,1,3,0.04206416603157431
14,1,4,0.04213789813967803
14,1,5,0.042064382362596964
14,1,6,0.0421859258551511
14,1,7,0.04206414378095307
14,1,8,0.042098959538000316
14,1,9,0.04206414224321641
14,1,10,0.0421760669343526
14,2,1,0.042064510606027984
14,2,2,0.042064136387301214
14,2,3,0.042064166020982875
14,2,4,0.04213796369409331
14,2,5,0.04206438238262017
14,2,6,0.042185948242292826
14,2,7,0.04206414867046327
14,2,8,0.04209894233301812
14,2,9,0.042064142240210954
14,2,10,0.042175901980465905
14,3,1,0.04206451061476796
14,3,2,0.04206413638845736
14,3,3,0.04206416601987122
14,3,4,0.04213800665114881
14,3,5,0.04206438238047175
14,3,6,0.042186017681372624
14,3,7,0.042064148674168036
14,3,8,0.04209893713737469
14,3,9,0.04206414223969249
14,3,10,0.04217591853105991
14,4,1,0.04206451061999014
14,4,2,0.042064136386761826
14,4,3,0.04206416601980707
14,4,4,0.042138030254892024
14,4,5,0.04206438239320973
14,4,6,0.04218591034027459
14,4,7,0.042064149471269366
14,4,8,0.04209894337452291
14,4,9,0.042064142241865776
14,4,10,0.042175925212909374
14,5,1,0.04206451059793746
14,5,2,0.04206413638629988
14,5,3,0.04206416602047285
14,5,4,0.04213803983118635
14,5,5,0.04206438242890937
14,5,6,0.04218598935937401
14,5,7,0.042064149470910396
14,5,8,0.04209894621147277
14,5,9,0.04206414224121823
14,5,10,0.0421759399082808
14,6,1,0.04206451062972414
14,6,2,0.04206413657879383
14,6,3,0.042064166026638095
14,6,4,0.04213794234793758
14,6,5,0.042064382442837424
14,6,6,0.042186070021152135
14,6,7,0.04206414947885979
14,6,8,0.042098947255553965
14,6,9,0.04206414223976956
14,6,10,0.04217594872830283
14,7,1,0.0420645106167126
14,7,2,0.04206413658337059
14,7,3,0.04206416602288173
14,7,4,0.042137962137230374
14,7,5,0.04206438250105131
14,7,6,0.042186135605485654
14,7,7,0.042064149483623824
14,7,8,0.042098948173832106
14,7,9,0.042064142238914776
14,7,10,0.042175952392321255
14,8,1,0.04206451062307783
14,8,2,0.04206413659344959
14,8,3,0.04206416602631577
14,8,4,0.04213797478715988
14,8,5,0.04206438254793062
14,8,6,0.04218619774929846
14,8,7,0.04206414948658984
14,8,8,0.04209894927356716
14,8,9,0.04206414224345667
14,8,10,0.042175933868575446
14,9,1,0.04206451062015362
14,9,2,0.04206413659247411
14,9,3,0.042064166024060635
14,9,4,0.0421379870369778
14,9,5,0.042064382571043876
14,9,6,0.04218625409426835
14,9,7,0.042064149481693035
14,9,8,0.042098949813660386
14,9,9,0.0420641422444062
14,9,10,0.04217594156758253
14,10,1,0.042064510624316966
14,10,2,0.04206413659485832
14,10,3,0.04206416602467061
14,10,4,0.04213799718886134
14,10,5,0.04206438259624748
14,10,6,0.0421862966664786
14,10,7,0.042064149482050076
14,10,8,0.042098950395682906
14,10,9,0.042064142242835195
14,10,10,0.042175934035700496
14,11,1,0.042064510637174056
14,11,2,0.04206413679012537
14,11,3,0.04206416602915602
14,11,4,0.04213800714080947
14,11,5,0.04206438261218539
14,11,6,0.042186348040328746
14,11,7,0.042064149483519976
14,11,8,0.04209895150579002
14,11,9,0.042064142240981955
14,11,10,0.0421759443261852
14,12,1,0.042064510648348034
14,12,2,0.04206413664711968
14,12,3,0.04206416602478895
14,12,4,0.0421380204984613
14,12,5,0.04206438264021364
14,12,6,0.04218639636228598
14,12,7,0.04206414949039337
14,12,8,0.04209895446137758
14,12,9,0.0420641422440166
14,12,10,0.04217596308183784
14,13,1,0.04206451064988883
14,13,2,0.042064136850608676
14,13,3,0.04206416602726604
14,13,4,0.04213802648452318
14,13,5,0.04206438268612438
14,13,6,0.04218643518704986
14,13,7,0.0420641494883163
14,13,8,0.04209895592402365
14,13,9,0.042064142244871934
14,13,10,0.04217598205574913
14,14,1,0.04206451067699157
14,14,2,0.042064136846811984
14,14,3,0.04206416603221482
14,14,4,0.04213803231339613
14,14,5,0.042064382776425595
14,14,6,0.042186478160578314
14,14,7,0.042064149489760325
14,14,8,0.04209896280270038
14,14,9,0.04206414224672375
14,14,10,0.04217601471164417
14,15,1,0.04206451067401448
14,15,2,0.04206413685062498
14,15,3,0.04206416603166478
14,15,4,0.0421380326080667
14,15,5,0.04206438281768969
14,15,6,0.04218651126783147
14,15,7,0.04206414949458933
14,15,8,0.042098964042082555
14,15,9,0.042064142251485595
14,15,10,0.042176036470870176
14,16,1,0.0420645107064631
14,16,2,0.04206413685409746
14,16,3,0.042064166036436854
14,16,4,0.042138034355723594
14,16,5,0.042064382866017706
14,16,6,0.04218653198743079
14,16,7,0.04206414949305412
14,16,8,0.04209896771680826
14,16,9,0.042064142248181384
14,16,10,0.042176050054955505
14,17,1,0.04206451071402683
14,17,2,0.042064136853172174
14,17,3,0.042064166038606646
14,17,4,0.042138049840119624
14,17,5,0.04206438287933421
14,17,6,0.04218657299366346
14,17,7,0.04206414949696334
14,17,8,0.04209897570195002
14,17,9,0.042064142244976226
14,17,10,0.042176078138468936
14,18,1,0.04206451073145118
14,18,2,0.042064136863044214
14,18,3,0.042064166040870404
14,18,4,0.04213806465407743
14,18,5,0.0420643829049548
14,18,6,0.042186601746301976
14,18,7,0.042064149498917895
14,18,8,0.042098977583295304
14,18,9,0.04206414225187229
14,18,10,0.04217608199254883
14,19,1,0.04206451073606888
14,19,2,0.042064136860083735
14,19,3,0.04206416916941202
14,19,4,0.04213806930979193
14,19,5,0.04206438291067037
14,19,6,0.042186634504913625
14,19,7,0.04206414949977942
14,19,8,0.04209897881976881
14,19,9,0.04206414225215684
14,19,10,0.04217609562637198
14,20,1,0.0420645107325099
14,20,2,0.04206413686457151
14,20,3,0.04206416919460382
14,20,4,0.042138068413131224
14,20,5,0.042064382916190114
14,20,6,0.0421866456626089
14,20,7,0.04206414949714233
14,20,8,0.0420989752388251
14,20,9,0.042064142250995654
14,20,10,0.04217607590343635
14,21,1,0.04206451071964456
14,21,2,0.042064136864272586
14,21,3,0.04206416920182978
14,21,4,0.042138076552970805
14,21,5,0.04206438294153661
14,21,6,0.042186684663220377
14,21,7,0.04206414950316717
14,21,8,0.04209898233074884
14,21,9,0.04206414224956168
14,21,10,0.0421761128527811
14,22,1,0.04206451074516569
14,22,2,0.04206413687036566
14,22,3,0.04206416922854568
14,22,4,0.04213809670172046
14,22,5,0.04206438297005598
14,22,6,0.042186747822416715
14,22,7,0.04206414950272042
14,22,8,0.04209896100253075
14,22,9,0.04206414225258856
14,22,10,0.04217605160772656
14,23,1,0.0420648102250535
14,23,2,0.042064136865542515
14,23,3,0.04206416923818771
14,23,4,0.04213810319822719
14,23,5,0.042064382932208086
14,23,6,0.04218677117134003
14,23,7,0.04206414950593474
14,23,8,0.04209897546503617
14,23,9,0.04206414224832074
14,23,10,0.042176148359829684
14,24,1,0.04206481048321752
14,24,2,0.04206413693454593
14,24,3,0.042064169321855804
14,24,4,0.042138186359804916
14,24,5,0.042064382961355444
14,24,6,0.042187001526628375
14,24,7,0.042064149501018985
14,24,8,0.04209900343889938
14,24,9,0.042064142253604345
14,24,10,0.04217631451605066
15,1,1,0.045111012069223175
15,1,2,0.04511063640807012
15,1,3,0.0451106661324697
15,1,4,0.0451792415758172
15,1,5,0.04511088253185147
15,1,6,0.04522467827451987
15,1,7,0.045110644145941556
15,1,8,0.04514351414638375
15,1,9,0.04511064270321721
15,1,10,0.04521565337015597
15,2,1,0.045111009008978346
15,2,2,0.04511063699808847
15,2,3,0.045110665819539514
15,2,4,0.045179081580399905
15,2,5,0.0451108818072866
15,2,6,0.045224368453116434
15,2,7,0.04511064891769463
15,2,8,0.04514322735818399
15,2,9,0.04511064250403044
15,2,10,0.04521481746943905
15,3,1,0.04511100986600242
15,3,2,0.04511063695969206
15,3,3,0.04511066589697897
15,3,4,0.04517925426639359
15,3,5,0.04511088178391499
15,3,6,0.04522445928001051
15,3,7,0.0451106489225168
15,3,8,0.04514322837382271
15,3,9,0.04511064261262278
15,3,10,0.045214913937564445
15,4,1,0.04511100959605335
15,4,2,0.04511063698165116
15,4,3,0.045110665803545634
15,4,4,0.04517913426166719
15,4,5,0.04511088169756347
15,4,6,0.045224441396155494
15,4,7,0.04511064971039128
15,4,8,0.04514323784896993
15,4,9,0.04511064259701574
15,4,10,0.04521459996566147
15,5,1,0.04511100882137893
15,5,2,0.045110636981362785
15,5,3,0.0451106658035987
15,5,4,0.04517913041173785
15,5,5,0.045110881753996336
15,5,6,0.04522434710183524
15,5,7,0.04511064972006206
15,5,8,0.045143242847955775
15,5,9,0.04511064258951862
15,5,10,0.045214790418282566
15,6,1,0.04511100938737837
15,6,2,0.0451106371674442
15,6,3,0.04511066579051054
15,6,4,0.04517918509535429
15,6,5,0.045110881661124536
15,6,6,0.04522438900460051
15,6,7,0.04511064969842908
15,6,8,0.04514325387827728
15,6,9,0.04511064258230907
15,6,10,0.04521475495507547
15,7,1,0.04511100867755253
15,7,2,0.04511063716818846
15,7,3,0.04511066584847794
15,7,4,0.04517909376478119
15,7,5,0.04511088171718803
15,7,6,0.04522451324007746
15,7,7,0.04511064970336838
15,7,8,0.04514323585365593
15,7,9,0.04511064259197135
15,7,10,0.04521475541306259
15,8,1,0.04511100871302121
15,8,2,0.04511063716886824
15,8,3,0.04511066584951608
15,8,4,0.0451791114070839
15,8,5,0.0451108817679997
15,8,6,0.045224580833690145
15,8,7,0.0451106497041822
15,8,8,0.045143257494165936
15,8,9,0.0451106425913354
15,8,10,0.045214660601863445
15,9,1,0.04511100941358158
15,9,2,0.04511063717438166
15,9,3,0.04511066585284259
15,9,4,0.0451790773059239
15,9,5,0.0451108818093704
15,9,6,0.04522464457627131
15,9,7,0.04511064970399532
15,9,8,0.045143261322314984
15,9,9,0.04511064258456119
15,9,10,0.045214768090704835
15,10,1,0.04511100944285066
15,10,2,0.04511063717608575
15,10,3,0.04511066585463999
15,10,4,0.04517914079572762
15,10,5,0.04511088184177155
15,10,6,0.04522461584578043
15,10,7,0.04511064970627374
15,10,8,0.04514324184540446
15,10,9,0.04511064258425141
15,10,10,0.04521466846103063
15,11,1,0.04511100944533038
15,11,2,0.0451106371785035
15,11,3,0.045110665794065814
15,11,4,0.045179150042897555
15,11,5,0.04511088186389696
15,11,6,0.04522473644130688
15,11,7,0.04511064970359613
15,11,8,0.045143244701403074
15,11,9,0.04511064258038398
15,11,10,0.04521469069342004
15,12,1,0.04511100869968717
15,12,2,0.04511063723122814
15,12,3,0.04511066579083739
15,12,4,0.04517914540448108
15,12,5,0.04511088185095276
15,12,6,0.04522470019734828
15,12,7,0.04511064970533014
15,12,8,0.04514324567778346
15,12,9,0.0451106425766278
15,12,10,0.045214708491986895
15,13,1,0.045111008694056626
15,13,2,0.04511063723446029
15,13,3,0.045110665792136684
15,13,4,0.045179151523241604
15,13,5,0.045110881873368494
15,13,6,0.04522478468030984
15,13,7,0.045110649717127645
15,13,8,0.04514324161946896
15,13,9,0.045110642586090065
15,13,10,0.045214631807967594
15,14,1,0.04511100939804621
15,14,2,0.04511063723191554
15,14,3,0.045110665791546704
15,14,4,0.04517915672985052
15,14,5,0.04511088196073501
15,14,6,0.045224758098740846
15,14,7,0.04511064970969548
15,14,8,0.04514324524349153
15,14,9,0.045110642581619655
15,14,10,0.04521475267621504
15,15,1,0.04511100871863936
15,15,2,0.04511063724500345
15,15,3,0.045110665794885464
15,15,4,0.04517910435385374
15,15,5,0.0451108821905659
15,15,6,0.04522485328191397
15,15,7,0.045110649706581726
15,15,8,0.045143245884679106
15,15,9,0.04511064258184322
15,15,10,0.045214816888087525
15,16,1,0.04511100939471343
15,16,2,0.045110637240361184
15,16,3,0.04511066579940538
15,16,4,0.045179109149495605
15,16,5,0.04511088204218844
15,16,6,0.04522474971636049
15,16,7,0.045110649709904575
15,16,8,0.045143241413920426
15,16,9,0.04511064257951822
15,16,10,0.0452147347143883
15,17,1,0.04511100941726996
15,17,2,0.0451106372447816
15,17,3,0.045110665795480565
15,17,4,0.04517917446098267
15,17,5,0.0451108820485731
15,17,6,0.04522476984357421
15,17,7,0.045110649719835506
15,17,8,0.04514328274233738
15,17,9,0.04511064258227765
15,17,10,0.04521489234898133
15,18,1,0.045111008731894095
15,18,2,0.04511063724506215
15,18,3,0.04511066580486023
15,18,4,0.045179131289195616
15,18,5,0.04511088206872984
15,18,6,0.045224881123399514
15,18,7,0.04511064971216268
15,18,8,0.04514325243771325
15,18,9,0.0451106425845239
15,18,10,0.045214767745524326
15,19,1,0.04511100862059291
15,19,2,0.045110637243931814
15,19,3,0.045110668918503856
15,19,4,0.04517911034828739
15,19,5,0.04511088200479545
15,19,6,0.0452249497919254
15,19,7,0.04511064971633285
15,19,8,0.04514327113138518
15,19,9,0.04511064258120204
15,19,10,0.04521481259279602
15,20,1,0.04511100918225876
15,20,2,0.04511063724496399
15,20,3,0.045110668943085734
15,20,4,0.04517912221188925
15,20,5,0.0451108821076853
15,20,6,0.045224911893252596
15,20,7,0.04511064971778961
15,20,8,0.04514328662194936
15,20,9,0.04511064258204466
15,20,10,0.04521478979473878
15,21,1,0.04511100866516189
15,21,2,0.04511063724353198
15,21,3,0.045110668924840024
15,21,4,0.04517920104983541
15,21,5,0.04511088220008614
15,21,6,0.04522504637511532
15,21,7,0.04511064971418509
15,21,8,0.04514328600874682
15,21,9,0.04511064258148545
15,21,10,0.04521486974133938
15,22,1,0.04511100867922053
15,22,2,0.045110637240547334
15,22,3,0.04511066897154737
15,22,4,0.0451791956707251
15,22,5,0.04511088217507841
15,22,6,0.04522498650185104
15,22,7,0.045110649710808075
15,22,8,0.045143299351946505
15,22,9,0.04511064259096607
15,22,10,0.045214796722254105
15,23,1,0.04511130807048097
15,23,2,0.045110637245512494
15,23,3,0.04511066895739087
15,23,4,0.04517929041721861
15,23,5,0.04511088222609505
15,23,6,0.045225226335448884
15,23,7,0.04511064971784382
15,23,8,0.04514330968639594
15,23,9,0.045110642586935625
15,23,10,0.04521501058082259
15,24,1,0.04511130711920614
15,24,2,0.045110637320675905
15,24,3,0.045110669074414064
15,24,4,0.045179366391619416
15,24,5,0.04511088237960734
15,24,6,0.04522544141429026
15,24,7,0.04511064972021369
15,24,8,0.04514333161990096
15,24,9,0.045110642594697485
15,24,10,0.0452152121261298
16,1,1,0.04209027327759843
16,1,2,0.04208989658017992
16,1,3,0.04208992659609255
16,1,4,0.04216054574083441
16,1,5,0.042090143376492285
16,1,6,0.04220721333244787
16,1,7,0.04208990437331019
16,1,8,0.04212356118158954
16,1,9,0.042089902954953316
16,1,10,0.042198001733618026
16,2,1,0.042090270220726256
16,2,2,0.04208989716337528
16,2,3,0.042089926275492635
16,2,4,0.04216038123260109
16,2,5,0.04209014264166991
16,2,6,0.04220689636307264
16,2,7,0.04208990920502897
16,2,8,0.042123264146315724
16,2,9,0.042089902752092644
16,2,10,0.04219714105688291
16,3,1,0.04209027107148157
16,3,2,0.042089897115354234
16,3,3,0.042089926361278535
16,3,4,0.042160560162682395
16,3,5,0.04209014262208478
16,3,6,0.04220698982812589
16,3,7,0.04208990921207025
16,3,8,0.04212326413695754
16,3,9,0.04208990286286311
16,3,10,0.04219723880454588
16,4,1,0.04209027079671532
16,4,2,0.0420898971369903
16,4,3,0.04208992626265799
16,4,4,0.042160436440443115
16,4,5,0.04209014254219562
16,4,6,0.04220696832343994
16,4,7,0.042089910013646405
16,4,8,0.04212327471922617
16,4,9,0.04208990285491895
16,4,10,0.042196916205246474
16,5,1,0.04209027002752462
16,5,2,0.042089897139342754
16,5,3,0.04208992626569534
16,5,4,0.04216043280027688
16,5,5,0.042090142586777665
16,5,6,0.04220704779734677
16,5,7,0.04208991002131266
16,5,8,0.04212327880238836
16,5,9,0.04208990283835577
16,5,10,0.04219711186181724
16,6,1,0.04209027059255812
16,6,2,0.042089897329680624
16,6,3,0.042089926254428076
16,6,4,0.042160489909413526
16,6,5,0.042090142503540984
16,6,6,0.04220691348613076
16,6,7,0.04208990999124505
16,6,8,0.042123290249785096
16,6,9,0.042089902839916093
16,6,10,0.042197078523959375
16,7,1,0.04209026987767535
16,7,2,0.04208989733437222
16,7,3,0.04208992630813754
16,7,4,0.04216039503299353
16,7,5,0.042090142547652865
16,7,6,0.04220704507408301
16,7,7,0.04208991000576169
16,7,8,0.042123271327598785
16,7,9,0.04208990284563145
16,7,10,0.0421970788361733
16,8,1,0.04209026990224805
16,8,2,0.04208989733787402
16,8,3,0.0420899263114495
16,8,4,0.04216041301313236
16,8,5,0.042090142599384116
16,8,6,0.04220711453522311
16,8,7,0.04208991000133886
16,8,8,0.04212329377244279
16,8,9,0.04208990284098511
16,8,10,0.042196981117602714
16,9,1,0.04209027060984248
16,9,2,0.04208989733667362
16,9,3,0.042089926314960814
16,9,4,0.04216037744861052
16,9,5,0.042090142647334176
16,9,6,0.04220717969149166
16,9,7,0.04208991000140054
16,9,8,0.04212329760153847
16,9,9,0.042089902829400186
16,9,10,0.042197091432902095
16,10,1,0.042090270617892014
16,10,2,0.042089897338773
16,10,3,0.04208992631628264
16,10,4,0.04216044327578573
16,10,5,0.04209014267353848
16,10,6,0.04220715464387501
16,10,7,0.04208991000270132
16,10,8,0.04212327837839557
16,10,9,0.04208990283320842
16,10,10,0.04219699308858442
16,11,1,0.04209027064332855
16,11,2,0.04208989733835685
16,11,3,0.04208992625735281
16,11,4,0.04216045418208919
16,11,5,0.04209014270679999
16,11,6,0.04220727834528618
16,11,7,0.04208991000357423
16,11,8,0.042123281253283726
16,11,9,0.04208990283760846
16,11,10,0.04219701589346249
16,12,1,0.04209026988848961
16,12,2,0.04208989739471217
16,12,3,0.04208992624810574
16,12,4,0.0421604506094283
16,12,5,0.04209014269291816
16,12,6,0.042207241155843685
16,12,7,0.04208991000483373
16,12,8,0.042123282185356346
16,12,9,0.04208990282997849
16,12,10,0.042197034372285454
16,13,1,0.04209026988811938
16,13,2,0.04208989739890642
16,13,3,0.04208992624907251
16,13,4,0.04216045689805563
16,13,5,0.042090142706263184
16,13,6,0.04220732831777566
16,13,7,0.04208991001557392
16,13,8,0.04212327792266642
16,13,9,0.04208990283588746
16,13,10,0.04219695532707703
16,14,1,0.04209027058811466
16,14,2,0.042089897399345245
16,14,3,0.042089926254774555
16,14,4,0.04216046225336968
16,14,5,0.04209014279435629
16,14,6,0.04220730079324442
16,14,7,0.04208991001066555
16,14,8,0.042123281617107884
16,14,9,0.04208990282928167
16,14,10,0.042197079508989814
16,15,1,0.04209026991521169
16,15,2,0.04208989740632893
16,15,3,0.042089926253722564
16,15,4,0.04216040778698486
16,15,5,0.04209014303398704
16,15,6,0.04220739838369559
16,15,7,0.04208991000346165
16,15,8,0.04212328215468745
16,15,9,0.042089902837827924
16,15,10,0.042197145571653195
16,16,1,0.04209027060608294
16,16,2,0.042089897396912664
16,16,3,0.042089926256879816
16,16,4,0.0421604126918594
16,16,5,0.04209014287859051
16,16,6,0.042207292092082384
16,16,7,0.04208991000723888
16,16,8,0.042123277437919826
16,16,9,0.04208990283909391
16,16,10,0.04219706099922399
16,17,1,0.04209027061148785
16,17,2,0.04208989740838138
16,17,3,0.04208992625772331
16,17,4,0.042160480229633444
16,17,5,0.042090142884380975
16,17,6,0.04220731259142512
16,17,7,0.0420899100173625
16,17,8,0.0421233201166125
16,17,9,0.042089902833703424
16,17,10,0.042197222521703236
16,18,1,0.04209026994491216
16,18,2,0.04208989741100317
16,18,3,0.042089926268136256
16,18,4,0.04216043532921084
16,18,5,0.0420901429013755
16,18,6,0.04220742674489086
16,18,7,0.04208991001288344
16,18,8,0.04212328869236522
16,18,9,0.04208990283878769
16,18,10,0.04219709486029425
16,19,1,0.042090269809983046
16,19,2,0.04208989740145683
16,19,3,0.04208992940510167
16,19,4,0.04216041357200765
16,19,5,0.04209014283514762
16,19,6,0.04220749704184902
16,19,7,0.042089910009026656
16,19,8,0.0421233068717594
16,19,9,0.04208990283993446
16,19,10,0.042197140983822864
16,20,1,0.042090270380426856
16,20,2,0.04208989741040843
16,20,3,0.04208992943676972
16,20,4,0.04216042573644898
16,20,5,0.042090142933742504
16,20,6,0.04220745344542305
16,20,7,0.04208991001252127
16,20,8,0.04212332259812979
16,20,9,0.042089902834360995
16,20,10,0.04219711298674885
16,21,1,0.04209026985810226
16,21,2,0.04208989740389749
16,21,3,0.04208992941458432
16,21,4,0.04216050715795185
16,21,5,0.042090143034782077
16,21,6,0.042207591117050976
16,21,7,0.042089910006938125
16,21,8,0.04212332189690735
16,21,9,0.042089902830365136
16,21,10,0.04219719503383372
16,22,1,0.04209026987574609
16,22,2,0.04208989740698192
16,22,3,0.042089929464073306
16,22,4,0.04216049898103908
16,22,5,0.04209014301045272
16,22,6,0.04220753420837884
16,22,7,0.04208991002231973
16,22,8,0.04212333548713286
16,22,9,0.04208990284233744
16,22,10,0.0421971197134965
16,23,1,0.042090570153179525
16,23,2,0.042089897412936755
16,23,3,0.04208992944771472
16,23,4,0.04216059912598558
16,23,5,0.04209014306321872
16,23,6,0.042207774718170527
16,23,7,0.04208991001645411
16,23,8,0.042123346037919174
16,23,9,0.042089902838396524
16,23,10,0.042197338989482386
16,24,1,0.0420905692043814
16,24,2,0.04208989748113361
16,24,3,0.042089929562323915
16,24,4,0.04216067461539132
16,24,5,0.04209014322241094
16,24,6,0.04220799422095465
16,24,7,0.04208991002078671
16,24,8,0.042123368495311106
16,24,9,0.04208990284545602
16,24,10,0.04219754514329469
17,1,1,0.16956484788408782
17,1,2,-0.031715884572469814
17,1,3,0.16967900578228168
17,1,4,0.08324187292326701
17,1,5,0.08309056830142383
17,1,6,0.09597827561873468
17,1,7,-0.03171597331126365
17,1,8,0.17573315831033356
17,1,9,0.16949082848645813
17,1,10,0.18083276609554125
17,2,1,-0.009420090956364187
17,2,2,0.05322214627054353
17,2,3,-0.004875864850176094
17,2,4,0.017543575492737863
17,2,5,0.016431691839820937
17,2,6,0.033007371111245715
17,2,7,0.0016456502807359987
17,2,8,-0.014068892647780952
17,2,9,-0.12521094047474404
17,2,10,0.014993006495209666
17,3,1,0.04899869078258911
17,3,2,-0.043147958725191955
17,3,3,0.04904171958297841
17,3,4,0.05898587977172884
17,3,5,0.013638745352558563
17,3,6,0.026244519673671318
17,3,7,-0.001644735824717702
17,3,8,-0.008855913749423936
17,3,9,0.04887293185384854
17,3,10,0.06638267944558761
17,4,1,0.030507112033140674
17,4,2,-0.005610385436815928
17,4,3,-0.018281585259829484
17,4,4,-0.002641715746088841
17,4,5,0.00366946619179798
17,4,6,0.011744039399471521
17,4,7,0.02965329014124749
17,4,8,0.003592830338237485
17,4,9,0.03033829363383436
17,4,10,-0.007628998989012951
17,5,1,-0.02106131683070109
17,5,2,-0.00406845784892248
17,5,3,-0.01673912180349757
17,5,4,-0.004696041156316722
17,5,5,0.00505487121514661
17,5,6,0.014960271313316256
17,5,7,0.032348155095555685
17,5,8,0.0040978553041880195
17,5,9,0.0043555949040569465
17,5,10,0.04862682632568096
17,6,1,0.014327033517754507
17,6,2,0.013328847599627852
17,6,3,-0.02760799960269923
17,6,4,0.02010993434629601
17,6,5,-0.006975983322617415
17,6,6,-0.00700215791311291
17,6,7,-0.0010564096388220555
17,6,8,0.021012221042831642
17,6,9,-0.00645797489235501
17,6,10,0.023877420191953942
17,7,1,-0.03369474247544541
17,7,2,0.009833331742016208
17,7,3,0.010722414550203986
17,7,4,0.015399597046156753
17,7,5,-0.008868487236750489
17,7,6,0.01644308724140521
17,7,7,0.009850659057965965
17,7,8,-0.019752175295765513
17,7,9,0.01052229732777081
17,7,10,0.01999344162209197
17,8,1,-0.03181047887753671
17,8,2,-0.006770198317131864
17,8,3,0.01403163653245077
17,8,4,0.018497577307458046
17,8,5,-0.007077842453384901
17,8,6,0.019117194867587298
17,8,7,-0.0011473092561571567
17,8,8,0.020270564901738574
17,8,9,0.013833689272034669
17,8,10,-0.02380305784985105
17,9,1,0.015925596380645668
17,9,2,-0.005726141501714017
17,9,3,0.015853186901980433
17,9,4,-0.02352726907162151
17,9,5,-0.006120091656711683
17,9,6,0.020433220663506953
17,9,7,0.00040224594640289265
17,9,8,0.022015010432911986
17,9,9,-0.005534282218216406
17,9,10,0.0240674169730377
17,10,1,0.015946961666286112
17,10,2,-0.005715581659408624
17,10,3,0.01588489155809695
17,10,4,0.018509381322768276
17,10,5,-0.006108765346726718
17,10,6,-0.012357099440337088
17,10,7,0.0004271080416791738
17,10,8,-0.014878515955652746
17,10,9,-0.0055177591612261675
17,10,10,-0.02463730722450676
17,11,1,0.017319766403909708
17,11,2,-0.00491407987234122
17,11,3,-0.025861812271278695
17,11,4,0.019850850362783015
17,11,5,-0.0053794633623026515
17,11,6,0.01901888013249671
17,11,7,0.0012696585078799758
17,11,8,-0.01287507428535722
17,11,9,-0.004726377001241099
17,11,10,-0.01937557804374026
17,12,1,-0.03423134945239219
17,12,2,0.008942677594295904
17,12,3,-0.030113544954792373
17,12,4,0.009090428870375335
17,12,5,-0.009384161726233256
17,12,6,-0.01815869541546058
17,12,7,-0.003289645858391594
17,12,8,-0.023623789920650888
17,12,9,-0.008961659353141643
17,12,10,-0.02520537345753444
17,13,1,-0.03460943194147427
17,13,2,0.00828254968790843
17,13,3,-0.0304908254274188
17,13,4,0.007618691736881923
17,13,5,-0.009565314721633938
17,13,6,0.009238235119574764
17,13,7,0.008277174080612472
17,13,8,-0.021366578765371295
17,13,9,-0.00933723825578854
17,13,10,-0.03368489758676245
17,14,1,0.01085950582222771
17,14,2,0.002501904147924985
17,14,3,-0.029613902148478276
17,14,4,0.009004653595230712
17,14,5,-0.008944617475245454
17,14,6,-0.021208653675873098
17,14,7,-0.0027949342101280246
17,14,8,-0.02141980150743713
17,14,9,-0.008465699421779155
17,14,10,-0.03744059760025094
17,15,1,-0.03429507021687978
17,15,2,0.008831240752410936
17,15,3,-0.03017018426237805
17,15,4,-0.033080989032512866
17,15,5,0.009792747828689144
17,15,6,0.008148278435179361
17,15,7,-0.0033591757400294256
17,15,8,-0.023852963186386203
17,15,9,-0.00901896733555676
17,15,10,0.008453640271341526
17,16,1,0.010819769747561124
17,16,2,0.002468044741859399
17,16,3,-0.0296417471125175
17,16,4,-0.03020690886952267
17,16,5,-0.009042853614412486
17,16,6,-0.010688975096679081
17,16,7,-0.0028511216474392653
17,16,8,-0.02628354764377474
17,16,9,-0.008491317731655082
17,16,10,-0.029216322645993706
17,17,1,0.010085330272196233
17,17,2,0.0020520373677043436
17,17,3,-0.030075614468958758
17,17,4,0.009770523607112681
17,17,5,-0.00946871336859961
17,17,6,-0.028709304194093534
17,17,7,0.009015103565056587
17,17,8,0.01687896662560516
17,17,9,-0.00892251997168203
17,17,10,0.014754816834344188
17,18,1,-0.034321171808365844
17,18,2,0.008809152385387436
17,18,3,-0.03018771997390248
17,18,4,-0.0322696236826872
17,18,5,-0.009575567623749526
17,18,6,-0.024599919387993326
17,18,7,-0.003381409983544428
17,18,8,-0.0270848356334541
17,18,9,-0.009033174103618124
17,18,10,-0.037866351602380215
17,19,1,-0.04413584288022542
17,19,2,-0.008384119238440844
17,19,3,0.007036290031744791
17,19,4,-0.0434369712146518
17,19,5,-0.019123855605087718
17,19,6,-0.01441727585949322
17,19,7,-0.008381214285446888
17,19,8,-0.014541461453799913
17,19,9,-0.007669534142512002
17,19,10,-0.022125957250505163
17,20,1,-0.0072608851814925605
17,20,2,-0.007365226442486799
17,20,3,0.00749259605130792
17,20,4,-0.04361843033832195
17,20,5,-0.010733507350760512
17,20,6,-0.03927295135987907
17,20,7,-0.007544057123506269
17,20,8,0.00286658004886692
17,20,9,-0.01838799164515487
17,20,10,-0.04368175571076101
17,21,1,-0.043201371433322026
17,21,2,-0.006727018699564173
17,21,3,-0.006735511019003947
17,21,4,-0.014699857787321559
17,21,5,-0.006480604025437395
17,21,6,-0.014939023551445758
17,21,7,-0.012152226525680564
17,21,8,-0.013404392150226863
17,21,9,-0.017904449932770905
17,21,10,-0.016286494912284028
17,22,1,-0.04423090527346006
17,22,2,-0.007901699898472935
17,22,3,0.006953661592607196
17,22,4,-0.0339395596452847
17,22,5,-0.011234653667633097
17,22,6,-0.044579142564213595
17,22,7,-0.008493047108792782
17,22,8,-0.003370589155863771
17,22,9,-0.007785872739648033
17,22,10,-0.04637795097825505
17,23,1,0.022167760637494423
17,23,2,-0.011453258311518527
17,23,3,-0.01469983610999354
17,23,4,-0.02066285040650265
17,23,5,-0.014319051404464437
17,23,6,-0.029673540527862436
17,23,7,-0.014672509584010132
17,23,8,-0.019761542255349842
17,23,9,-0.022410947160267737
17,23,10,-0.025075222126484817
17,24,1,-0.022086415990235902
17,24,2,-1.486399358151809e-6
17,24,3,-1.3320268574645252e-5
17,24,4,-0.03256806098887877
17,24,5,-0.00430788344586294
17,24,6,-0.03505602640631611
17,24,7,-0.021848280369689985
17,24,8,-0.028812536141973412
17,24,9,-0.021182060559881293
17,24,10,-0.03373446458608755
18,1,1,-1.4312258037883692
18,1,2,-1.43122942612376
18,1,3,-1.4312291376979538
18,1,4,-1.4305842004026432
18,1,5,-1.43122708071107
18,1,6,-1.430184261392626
18,1,7,-1.4312293528497162
18,1,8,-1.430911561054175
18,1,9,-1.43122936098032
18,1,10,-1.430251198920507
18,2,1,-0.975636613498717
18,2,2,-0.9756401741965639
18,2,3,-0.9756398978755465
18,2,4,-0.9750082251647734
18,2,5,-0.975637828376356
18,2,6,-0.9746079265327027
18,2,7,-0.9756400594027422
18,2,8,-0.9753555158960291
18,2,9,-0.9756401276967209
18,2,10,-0.9746933342477754
18,3,1,-0.956408728490991
18,3,2,-0.9564123190789463
18,3,3,-0.9564120393793203
18,3,4,-0.9557748112652765
18,3,5,-0.9564099755132914
18,3,6,-0.9553796079016326
18,3,7,-0.9564122044239294
18,3,8,-0.9561046992992193
18,3,9,-0.9564122679277045
18,3,10,-0.955456892462472
18,4,1,-0.8846140199179074
18,4,2,-0.8846175524988297
18,4,3,-0.8846172783618232
18,4,4,-0.8839785597742863
18,4,5,-0.884615241157475
18,4,6,-0.8835685315483728
18,4,7,-0.8846174287351531
18,4,8,-0.8843088409846434
18,4,9,-0.8846174959131162
18,4,10,-0.8836574346692294
18,5,1,-0.8950574065766467
18,5,2,-0.8950609233141479
18,5,3,-0.8950606500884571
18,5,4,-0.8944218529915664
18,5,5,-0.8950586064241336
18,5,6,-0.8940147148293798
18,5,7,-0.8950608002900315
18,5,8,-0.8947517915063687
18,5,9,-0.8950608677354602
18,5,10,-0.8940980373238977
18,6,1,-0.8216156562255167
18,6,2,-0.8216191815976088
18,6,3,-0.8216189093251631
18,6,4,-0.8209669742739983
18,6,5,-0.8216168707559166
18,6,6,-0.8205373312236706
18,6,7,-0.8216190613632262
18,6,8,-0.8213068133851641
18,6,9,-0.8216191286496095
18,6,10,-0.8206288758843506
18,7,1,-0.8080196493421715
18,7,2,-0.8080231466964838
18,7,3,-0.8080228737232183
18,7,4,-0.8073650910124347
18,7,5,-0.8080208372509089
18,7,6,-0.8069250052726072
18,7,7,-0.8080230271168698
18,7,8,-0.807710488994924
18,7,9,-0.8080230933492907
18,7,10,-0.8070213307062063
18,8,1,-0.8206461701268731
18,8,2,-0.8206496684843333
18,8,3,-0.8206493948093908
18,8,4,-0.8199965952901974
18,8,5,-0.8206473583158725
18,8,6,-0.8195631034844914
18,8,7,-0.8206495484332581
18,8,8,-0.8203370937839228
18,8,9,-0.8206496144939049
18,8,10,-0.8196616229280397
18,9,1,-0.827519526170273
18,9,2,-0.8275230603974134
18,9,3,-0.8275227829986294
18,9,4,-0.8268745134319611
18,9,5,-0.8275207423038898
18,9,6,-0.8264420303106859
18,9,7,-0.8275229380539822
18,9,8,-0.8272108955562952
18,9,9,-0.8275230064073582
18,9,10,-0.8265367457093442
18,10,1,-0.827495298233394
18,10,2,-0.8274988394513778
18,10,3,-0.8274985615679387
18,10,4,-0.8268476799172145
18,10,5,-0.8274965201874841
18,10,6,-0.8264197505345708
18,10,7,-0.8274987171371395
18,10,8,-0.8271875306331601
18,10,9,-0.8274987855197196
18,10,10,-0.8265153382073659
18,11,1,-0.8328161453039928
18,11,2,-0.8328196943069758
18,11,3,-0.8328194166547008
18,11,4,-0.8321698974413018
18,11,5,-0.8328173692671551
18,11,6,-0.8317414210771897
18,11,7,-0.8328195704481671
18,11,8,-0.832508586233064
18,11,9,-0.8328196402912793
18,11,10,-0.8318397448976209
18,12,1,-0.8040321652973126
18,12,2,-0.8040356691935729
18,12,3,-0.8040353976626035
18,12,4,-0.8033735783561009
18,12,5,-0.8040333560151997
18,12,6,-0.8029324621916956
18,12,7,-0.8040355493626951
18,12,8,-0.8037223478042107
18,12,9,-0.8040356161721636
18,12,10,-0.8030323924071427
18,13,1,-0.8014977115841819
18,13,2,-0.801501213313606
18,13,3,-0.8015009421140807
18,13,4,-0.8008378156163944
18,13,5,-0.8014989007465061
18,13,6,-0.8003921900402361
18,13,7,-0.8015010934207618
18,13,8,-0.8011873839655165
18,13,9,-0.8015011607477759
18,13,10,-0.8004960841285342
18,14,1,-0.8074531019956648
18,14,2,-0.8074566396583305
18,14,3,-0.8074563662808445
18,14,4,-0.8067974943544792
18,14,5,-0.8074543210189693
18,14,6,-0.8063569083480548
18,14,7,-0.8074565186238902
18,14,8,-0.8071434178638606
18,14,9,-0.8074565861478915
18,14,10,-0.8064580107031116
18,15,1,-0.8037997996545692
18,15,2,-0.8038033129797761
18,15,3,-0.8038030421245692
18,15,4,-0.8031449014000254
18,15,5,-0.803800989360819
18,15,6,-0.8026962345946052
18,15,7,-0.8038031935214759
18,15,8,-0.8034895654683967
18,15,9,-0.8038032606501082
18,15,10,-0.8027952348624924
18,16,1,-0.8075090125888339
18,16,2,-0.807512542809628
18,16,3,-0.8075122712628462
18,16,4,-0.8068558728779499
18,16,5,-0.8075102261778907
18,16,6,-0.8064127631641329
18,16,7,-0.8075124233977199
18,16,8,-0.8071994089300685
18,16,9,-0.8075124905564768
18,16,10,-0.8065133709355258
18,17,1,-0.8047847486260074
18,17,2,-0.804788282118026
18,17,3,-0.8047880108737342
18,17,4,-0.8041275024738231
18,17,5,-0.8047859633744446
18,17,6,-0.8036858242675587
18,17,7,-0.8047881630954293
18,17,8,-0.8044751614675648
18,17,9,-0.8047882301737305
18,17,10,-0.8037806165245118
18,18,1,-0.8042024835757483
18,18,2,-0.8042059873883974
18,18,3,-0.8042057180483634
18,18,4,-0.8035456806599461
18,18,5,-0.8042036726056767
18,18,6,-0.8031002933980737
18,18,7,-0.8042058695874084
18,18,8,-0.8038920716576923
18,18,9,-0.8042059361465226
18,18,10,-0.8032019053864123
18,19,1,-0.7379861475553635
18,19,2,-0.7379896800758032
18,19,3,-0.7379893689113639
18,19,4,-0.7372546501107192
18,19,5,-0.7379873492325995
18,19,6,-0.736740665730449
18,19,7,-0.7379895576044455
18,19,8,-0.7376537724174963
18,19,9,-0.7379896255575278
18,19,10,-0.7368546331722833
18,20,1,-0.7411990532857808
18,20,2,-0.7412026047249951
18,20,3,-0.7412022949587411
18,20,4,-0.740475858164411
18,20,5,-0.7412002677189015
18,20,6,-0.7399663599083826
18,20,7,-0.7412024837573855
18,20,8,-0.7408712937967495
18,20,9,-0.7412025516380665
18,20,10,-0.74007962375705
18,21,1,-0.7443572444574418
18,21,2,-0.7443607752530734
18,21,3,-0.7443604670290038
18,21,4,-0.7436334470567506
18,21,5,-0.7443584356190388
18,21,6,-0.7431286258715964
18,21,7,-0.7443606550866333
18,21,8,-0.7440282987490965
18,21,9,-0.7443607220548394
18,21,10,-0.7432413651962453
18,22,1,-0.7375618403428986
18,22,2,-0.737565379932047
18,22,3,-0.737565067654006
18,22,4,-0.736828018662219
18,22,5,-0.7375630366894302
18,22,6,-0.736316162571887
18,22,7,-0.737565257344999
18,22,8,-0.7372276292130726
18,22,9,-0.7375653253864887
18,22,10,-0.7364308158694906
18,23,1,-0.713869684391181
18,23,2,-0.7138761291266904
18,23,3,-0.713875841854742
18,23,4,-0.7130716948650864
18,23,5,-0.7138738134150872
18,23,6,-0.7125446059983264
18,23,7,-0.7138760215855618
18,23,8,-0.7135111783905652
18,23,9,-0.7138760839504449
18,23,10,-0.7126616731500455
18,24,1,-0.6863371296396674
18,24,2,-0.6863435855138703
18,24,3,-0.6863432933267067
18,24,4,-0.6854755691706951
18,24,5,-0.6863412589066301
18,24,6,-0.6849322253173359
18,24,7,-0.6863434745269734
18,24,8,-0.6859594430095873
18,24,9,-0.6863435398804764
18,24,10,-0.6850526399312877
19,1,1,0.16852267386771366
19,1,2,-0.031752344028966706
19,1,3,0.16863555017004223
19,1,4,0.08296801066337721
19,1,5,0.08284026299330208
19,1,6,0.09560808044105606
19,1,7,-0.031752435925295336
19,1,8,0.17460347244718188
19,1,9,0.16844969398260767
19,1,10,0.17961774452969778
19,2,1,-0.009423438684556498
19,2,2,0.05311948397283764
19,2,3,-0.004876742519990978
19,2,4,0.017482556301700654
19,2,5,0.01642182385259711
19,2,6,0.03290115501381968
19,2,7,0.0016455440675505588
19,2,8,-0.014116671009177035
19,2,9,-0.12577914122867853
19,2,10,0.014908116998422961
19,3,1,0.04891153806164711
19,3,2,-0.043215435778738716
19,3,3,0.048954540054360875
19,3,4,0.058834165160290504
19,3,5,0.013631923732488985
19,3,6,0.02614586026640893
19,3,7,-0.0016448419206396107
19,3,8,-0.008886284661561356
19,3,9,0.0487863601877125
19,3,10,0.06618445020006244
19,4,1,0.030473238596643287
19,4,2,-0.005611530700869043
19,4,3,-0.018293716598857274
19,4,4,-0.0026986154373445656
19,4,5,0.003668888208064454
19,4,6,0.011653648056387628
19,4,7,0.02962141315751806
19,4,8,0.003563321075063738
19,4,9,0.030304929692258994
19,4,10,-0.007711743847881979
19,5,1,-0.021077541908850753
19,5,2,-0.004069062050974023
19,5,3,-0.016749295186764393
19,5,4,-0.004753153150733164
19,5,5,0.005053873214465747
19,5,6,0.014868676385450679
19,5,7,0.03231022289224017
19,5,8,0.004068312101125883
19,5,9,0.004354901473164687
19,5,10,0.04849384618643912
19,6,1,0.014319457594738046
19,6,2,0.013322404380519999
19,6,3,-0.02763564013606022
19,6,4,0.02004716179666108
19,6,5,-0.006977823184286357
19,6,6,-0.0070915370524248554
19,6,7,-0.001056457675341539
19,6,8,0.02097523905294528
19,6,9,-0.0064594933884921605
19,6,10,0.02378695634091238
19,7,1,-0.03373603898969827
19,7,2,0.009829822879936386
19,7,3,0.010718230507036595
19,7,4,0.015339458013674253
19,7,5,-0.008871419255580415
19,7,6,0.016350646608846636
19,7,7,0.009847132882784914
19,7,8,-0.019788051986073665
19,7,9,0.010518277578943866
19,7,10,0.01990569367662671
19,8,1,-0.031847300730312236
19,8,2,-0.0067718639285922816
19,8,3,0.014024483484350574
19,8,4,0.018435795845328787
19,8,5,-0.007079734395372182
19,8,6,0.019023293034609742
19,8,7,-0.001147363899663853
19,8,8,0.02023421584258779
19,8,9,0.013826746234509465
19,8,10,-0.02389334639752689
19,9,1,0.01591626405153462
19,9,2,-0.005727334250903247
19,9,3,0.01584406073602338
19,9,4,-0.023592698421471058
19,9,5,-0.006121522881044479
19,9,6,0.020338482209731723
19,9,7,0.0004022213824251798
19,9,8,0.0219769890780034
19,9,9,-0.005535398609105114
19,9,10,0.023976727321868778
19,10,1,0.01593760418970729
19,10,2,-0.005716769917087912
19,10,3,0.01587572884028528
19,10,4,0.018447591782759457
19,10,5,-0.006110191328364677
19,10,6,-0.012448030219105136
19,10,7,0.00042708329933110274
19,10,8,-0.014911184499376577
19,10,9,-0.005518868797496654
19,10,10,-0.024728361142612777
19,11,1,0.017308750393992368
19,11,2,-0.004914959433762692
19,11,3,-0.025886068344307903
19,11,4,0.019788203702271776
19,11,5,-0.0053805832775738
19,11,6,0.018924935589054497
19,11,7,0.0012695935732438106
19,11,8,-0.012906807448463767
19,11,9,-0.004727192398008096
19,11,10,-0.019462971124389588
19,12,1,-0.034273962647908385
19,12,2,0.008939774664766411
19,12,3,-0.03014642604256153
19,12,4,0.009032397844560596
19,12,5,-0.009387437827094098
19,12,6,-0.018252119685363503
19,12,7,-0.003290049346893859
19,12,8,-0.023663591376230964
19,12,9,-0.008964577169378428
19,12,10,-0.025296968757112577
19,13,1,-0.03465298779541509
19,13,2,0.008280058858148049
19,13,3,-0.030524535145336245
19,13,4,0.007560977180490022
19,13,5,-0.009568713480147885
19,13,6,0.0091480576491676
19,13,7,0.00827468166217892
19,13,8,-0.021403981702212072
19,13,9,-0.00934040523697704
19,13,10,-0.03378608022407251
19,14,1,0.010855099982333425
19,14,2,0.0025016723664809857
19,14,3,-0.029645701599519098
19,14,4,0.008946624953439312
19,14,5,-0.008947598341186972
19,14,6,-0.021303801851521732
19,14,7,-0.0027952289681558375
19,14,8,-0.02145721714229331
19,14,9,-0.008468303736556153
19,14,10,-0.03754781511109404
19,15,1,-0.034337840258553486
19,15,2,0.008828409701146043
19,15,3,-0.03020318893612755
19,15,4,-0.03315826945946914
19,15,5,0.009789191358933325
19,15,6,0.008058419132649427
19,15,7,-0.0033595959237799175
19,15,8,-0.023892984929057025
19,15,9,-0.009021922364710376
19,15,10,0.008369606690974942
19,16,1,0.010815395774506194
19,16,2,0.002467819004526534
19,16,3,-0.029673606363276723
19,16,4,-0.030279764158342753
19,16,5,-0.009045899120573775
19,16,6,-0.01078579703966902
19,16,7,-0.00285142753992092
19,16,8,-0.026326740287694453
19,16,9,-0.008493937800151466
19,16,10,-0.029315818308393336
19,17,1,0.010081514274918282
19,17,2,0.0020518796492201377
19,17,3,-0.030108412537638563
19,17,4,0.009712398131910195
19,17,5,-0.009472045642314606
19,17,6,-0.028810686173442884
19,17,7,0.009012148582822538
19,17,8,0.01684520793130241
19,17,9,-0.00892541215548682
19,17,10,0.014669813648435172
19,18,1,-0.03436400601418348
19,18,2,0.008806335234130542
19,18,3,-0.030220762874976482
19,18,4,-0.03234552271345414
19,18,5,-0.009578973967747796
19,18,6,-0.024697562716444636
19,18,7,-0.0033818354534793866
19,18,8,-0.027129188679873864
19,18,9,-0.009036138439045457
19,18,10,-0.03797419464560415
19,19,1,-0.044206581646487435
19,19,2,-0.00838667158512217
19,19,3,0.0070344763486440845
19,19,4,-0.04353638884962923
19,19,5,-0.019137205870734083
19,19,6,-0.01450890845609941
19,19,7,-0.00838377052134304
19,19,8,-0.014573836361525856
19,19,9,-0.007671672783270282
19,19,10,-0.02221488731434815
19,20,1,-0.007262917111081066
19,20,2,-0.007367196627671695
19,20,3,0.007490541811251139
19,20,4,-0.04371831658341115
19,20,5,-0.010737768453457974
19,20,6,-0.0393895545958379
19,20,7,-0.007546130138582356
19,20,8,0.0028371229658874916
19,20,9,-0.01840025274847748
19,20,10,-0.04380164480084853
19,21,1,-0.04326915156098908
19,21,2,-0.006728663014339644
19,21,3,-0.006737174620814332
19,21,4,-0.01475961650445255
19,21,5,-0.006482202103155486
19,21,6,-0.015030871624779145
19,21,7,-0.012157588815901958
19,21,8,-0.01343623807936351
19,21,9,-0.017916075020276485
19,21,10,-0.01637206632175747
19,22,1,-0.04430194675372124
19,22,2,-0.007903967074430336
19,22,3,0.006951886679125923
19,22,4,-0.03401825499286765
19,22,5,-0.011239314807575933
19,22,6,-0.04470713479965493
19,22,7,-0.008495671596276596
19,22,8,-0.0034000980510026264
19,22,9,-0.0077880760621781365
19,22,10,-0.04650454389263596
19,23,1,0.022149674522286403
19,23,2,-0.011458016754968235
19,23,3,-0.014707684454961232
19,23,4,-0.0207259420509057
19,23,5,-0.014326573464455303
19,23,6,-0.029776226901473867
19,23,7,-0.014680320621081832
19,23,8,-0.0197972940492714
19,23,9,-0.022429154667797106
19,23,10,-0.025166478388085018
19,24,1,-0.02210434957071995
19,24,2,-1.4964131935374874e-6
19,24,3,-1.3361728990911732e-5
19,24,4,-0.03264487580456428
19,24,5,-0.0043086345792400565
19,24,6,-0.03516616932180717
19,24,7,-0.021865589807429822
19,24,8,-0.028859720900174274
19,24,9,-0.021198327064442843
19,24,10,-0.03383598879284027
20,1,1,0.0421191124417819
20,1,2,0.04211870371234056
20,1,3,0.04211873632511832
20,1,4,0.04219209698741032
20,1,5,0.042118968536765444
20,1,6,0.042240578676304076
20,1,7,0.04211871190368403
20,1,8,0.04215442221027347
20,1,9,0.04211871082402097
20,1,10,0.042232677775960396
20,2,1,0.04211909706557999
20,2,2,0.042118704366106506
20,2,3,0.04211873473256845
20,2,4,0.042190693379866036
20,2,5,0.04211896344752666
20,2,6,0.042238129620256644
20,2,7,0.042118716909873274
20,2,8,0.04215301631214594
20,2,9,0.04211870987188707
20,2,10,0.0422279716655967
20,3,1,0.042119100478211734
20,3,2,0.04211870421250999
20,3,3,0.04211873505313685
20,3,4,0.042191145915046184
20,3,5,0.04211896326298069
20,3,6,0.04223807638986344
20,3,7,0.04211871689657819
20,3,8,0.04215299193518545
20,3,9,0.042118710314082944
20,3,10,0.042228947648544
20,4,1,0.0421190988995193
20,4,2,0.042118704266343183
20,4,3,0.04211873460558175
20,4,4,0.042190445914944745
20,4,5,0.042118962539701106
20,4,6,0.04223783678531681
20,4,7,0.042118717791541076
20,4,8,0.042152988636340545
20,4,9,0.04211871024838445
20,4,10,0.0422276724578475
20,5,1,0.042119095766832884
20,5,2,0.04211870427336444
20,5,3,0.04211873461282909
20,5,4,0.04219051020161536
20,5,5,0.04211896267283993
20,5,6,0.04223799916667448
20,5,7,0.04211871780733439
20,5,8,0.04215299447232934
20,5,9,0.042118710189793594
20,5,10,0.042228448785517264
20,6,1,0.04211909752256307
20,6,2,0.042118704480020266
20,6,3,0.04211873450391604
20,6,4,0.042190561894928265
20,6,5,0.04211896199055925
20,6,6,0.04223776369370079
20,6,7,0.042118717669037846
20,6,8,0.042153011132219656
20,6,9,0.04211871014620039
20,6,10,0.04222791285475799
20,7,1,0.042119094531215054
20,7,2,0.04211870447714069
20,7,3,0.04211873472971923
20,7,4,0.04219053443409225
20,7,5,0.04211896193694051
20,7,6,0.04223804951706675
20,7,7,0.04211871770310682
20,7,8,0.04215288395160235
20,7,9,0.04211871018282511
20,7,10,0.042227849235009995
20,8,1,0.042119094705869733
20,8,2,0.0421187044509502
20,8,3,0.04211873475375641
20,8,4,0.04219059996239097
20,8,5,0.0421189620902618
20,8,6,0.04223818991607074
20,8,7,0.04211871767558501
20,8,8,0.042153013184241875
20,8,9,0.042118710200507656
20,8,10,0.042227480752421734
20,9,1,0.04211909766535842
20,9,2,0.042118704460097085
20,9,3,0.04211873476464096
20,9,4,0.042190382329873446
20,9,5,0.04211896217982707
20,9,6,0.04223828741414008
20,9,7,0.04211871768003937
20,9,8,0.04215302885677974
20,9,9,0.04211871015657845
20,9,10,0.04222795961946138
20,10,1,0.042119097680314535
20,10,2,0.0421187044669419
20,10,3,0.04211873476736062
20,10,4,0.042190657414236686
20,10,5,0.042118962224091915
20,10,6,0.04223805458754898
20,10,7,0.04211871768450975
20,10,8,0.04215292555288375
20,10,9,0.04211871015224109
20,10,10,0.04222751473959902
20,11,1,0.04211909777588462
20,11,2,0.04211870447139707
20,11,3,0.042118734520140526
20,11,4,0.042190690576254776
20,11,5,0.04211896226802275
20,11,6,0.042238433717064705
20,11,7,0.042118717685320294
20,11,8,0.042152938079261855
20,11,9,0.04211871015828557
20,11,10,0.04222760744911988
20,12,1,0.04211909448616382
20,12,2,0.04211870453487303
20,12,3,0.04211873448692291
20,12,4,0.04219059945982051
20,12,5,0.042118962021979164
20,12,6,0.042238074550273896
20,12,7,0.04211871766717192
20,12,8,0.04215287524451727
20,12,9,0.04211871014297768
20,12,10,0.0422275066935944
20,13,1,0.04211909444717766
20,13,2,0.04211870453597631
20,13,3,0.042118734481748535
20,13,4,0.042190599490639726
20,13,5,0.042118962013371015
20,13,6,0.04223834449223298
20,13,7,0.042118717704846174
20,13,8,0.042152889128349115
20,13,9,0.042118710141006245
20,13,10,0.0422274020909569
20,14,1,0.04211909731919782
20,14,2,0.04211870453069305
20,14,3,0.04211873449115816
20,14,4,0.04219062454899481
20,14,5,0.042118962214876765
20,14,6,0.04223814020383966
20,14,7,0.04211871767711118
20,14,8,0.04215289584485478
20,14,9,0.04211871014649016
20,14,10,0.042227386554065605
20,15,1,0.04211909447910666
20,15,2,0.04211870455047091
20,15,3,0.04211873448728575
20,15,4,0.04219034414268397
20,15,5,0.04211896302976374
20,15,6,0.04223843226472871
20,15,7,0.04211871766569928
20,15,8,0.04215288769606052
20,15,9,0.04211871014237521
20,15,10,0.04222798419282201
20,16,1,0.04211909732932781
20,16,2,0.04211870453588818
20,16,3,0.04211873449199523
20,16,4,0.042190354328932166
20,16,5,0.042118962289256344
20,16,6,0.04223813540132481
20,16,7,0.042118717674449635
20,16,8,0.04215287959659096
20,16,9,0.042118710148708036
20,16,10,0.04222743369597026
20,17,1,0.04211909726030457
20,17,2,0.042118704536400854
20,17,3,0.04211873448611061
20,17,4,0.04219063176756679
20,17,5,0.04211896225383532
20,17,6,0.042238049650252116
20,17,7,0.042118717710646056
20,17,8,0.04215302705857712
20,17,9,0.04211871014270169
20,17,10,0.04222801722825723
20,18,1,0.04211909449640574
20,18,2,0.042118704547338924
20,18,3,0.0421187344931157
20,18,4,0.04219034741746326
20,18,5,0.04211896227651059
20,18,6,0.04223825827456913
20,18,7,0.04211871767249637
20,18,8,0.04215288841563828
20,18,9,0.04211871015332744
20,18,10,0.04222747210681617
20,19,1,0.042119093505646174
20,19,2,0.04211870452046984
20,19,3,0.04211873791985488
20,19,4,0.04219013002720232
20,19,5,0.04211896164351561
20,19,6,0.042238294956902414
20,19,7,0.04211871763370562
20,19,8,0.04215291329181259
20,19,9,0.04211871013015862
20,19,10,0.04222763291820657
20,20,1,0.04211909582892818
20,20,2,0.04211870452369594
20,20,3,0.042118737952527595
20,20,4,0.042190146448839075
20,20,5,0.042118962038409494
20,20,6,0.042237973625693245
20,20,7,0.04211871764472635
20,20,8,0.04215297183471284
20,20,9,0.04211871011278355
20,20,10,0.042227294486104947
20,21,1,0.04211909358611129
20,21,2,0.04211870451922636
20,21,3,0.04211873785610986
20,21,4,0.0421904874942059
20,21,5,0.04211896228387429
20,21,6,0.042238414376068734
20,21,7,0.04211871761557772
20,21,8,0.04215294100189136
20,21,9,0.04211871011498287
20,21,10,0.04222780169617373
20,22,1,0.04211909348334119
20,22,2,0.042118704522176996
20,22,3,0.042118737961310326
20,22,4,0.042190320677806425
20,22,5,0.042118962085705654
20,22,6,0.0422379991575026
20,22,7,0.04211871764127
20,22,8,0.042152972911583736
20,22,9,0.04211871013425637
20,22,10,0.04222733048122227
20,23,1,0.04211941220373512
20,23,2,0.04211870450537678
20,23,3,0.04211873782123338
20,23,4,0.042190566766168204
20,23,5,0.04211896192634178
20,23,6,0.042238424020786966
20,23,7,0.04211871760932165
20,23,8,0.042152934329730524
20,23,9,0.042118710086495766
20,23,10,0.04222783772234444
20,24,1,0.04211940698443124
20,24,2,0.04211870459009886
20,24,3,0.04211873798431441
20,24,4,0.04219053743825447
20,24,5,0.042118962257138334
20,24,6,0.0422385447856811
20,24,7,0.042118717582709034
20,24,8,0.04215289822725487
20,24,9,0.04211871008667256
20,24,10,0.04222787667022791
21,1,1,-1.5746073669274863
21,1,2,-1.5746105204648964
21,1,3,-1.5746102689219799
21,1,4,-1.5740489517946203
21,1,5,-1.574608478285349
21,1,6,-1.573698602924107
21,1,7,-1.5746104564477437
21,1,8,-1.5743326346624602
21,1,9,-1.5746104635699676
21,1,10,-1.573757085166819
21,2,1,-1.1103127311514962
21,2,2,-1.1103158090761844
21,2,3,-1.11031556930855
21,2,4,-1.1097668738673534
21,2,5,-1.1103137807033223
21,2,6,-1.1094206946325125
21,2,7,-1.1103157090882783
21,2,8,-1.110072043110693
21,2,9,-1.1103157681878943
21,2,10,-1.1094946218835615
21,3,1,-1.0907899212167034
21,3,2,-1.0907930259653598
21,3,3,-1.0907927834629656
21,3,4,-1.090239418015682
21,3,5,-1.0907909994356784
21,3,6,-1.0898977233319733
21,3,7,-1.0907929261972986
21,3,8,-1.090525787279269
21,3,9,-1.0907929810495272
21,3,10,-1.0899644911950916
21,4,1,-1.0179458590371626
21,4,2,-1.0179489099124839
21,4,3,-1.0179486727352671
21,4,4,-1.0173954291604765
21,4,5,-1.0179469137872257
21,4,6,-1.0170403629221425
21,4,7,-1.0179488026998904
21,4,8,-1.0176810761946355
21,4,9,-1.0179488608523342
21,4,10,-1.0171170827614997
21,5,1,-1.028536796926935
21,5,2,-1.0285398343511198
21,5,3,-1.0285395978016316
21,5,4,-1.0279873524213778
21,5,5,-1.0285378333753346
21,5,6,-1.0276338860138463
21,5,7,-1.0285397277068071
21,5,8,-1.0282716105043186
21,5,9,-1.0285397861323318
21,5,10,-1.0277057746443623
21,6,1,-0.9540941332455748
21,6,2,-0.954097174869893
21,6,3,-0.9540969394917583
21,6,4,-0.9535320160970624
21,6,5,-0.9540951811677195
21,6,6,-0.9531608782533807
21,6,7,-0.9540970708943978
21,6,8,-0.9538264347726624
21,6,9,-0.954097128850156
21,6,10,-0.9532398310082958
21,7,1,-0.9403222217761386
21,7,2,-0.9403252386006967
21,7,3,-0.9403250025443373
21,7,4,-0.9397552974440216
21,7,5,-0.9403232465388207
21,7,6,-0.939374853390357
21,7,7,-0.9403251350495164
21,7,8,-0.9400542922552227
21,7,9,-0.94032519225754
21,7,10,-0.9394579720740025
21,8,1,-0.953112003548283
21,8,2,-0.9531150213214703
21,8,3,-0.9531147847896366
21,8,4,-0.952549124448018
21,8,5,-0.9531130283133344
21,8,6,-0.9521746294464767
21,8,7,-0.9531149174879409
21,8,8,-0.9528441163760134
21,8,9,-0.9531149746567122
21,8,10,-0.9522595604473447
21,9,1,-0.96007530132263
21,9,2,-0.9600783503240781
21,9,3,-0.9600781103719368
21,9,4,-0.9595163564944343
21,9,5,-0.9600763501806657
21,9,6,-0.9591427477786356
21,9,7,-0.9600782443903337
21,9,8,-0.9598077896382544
21,9,9,-0.9600783035008889
21,9,10,-0.9592244859563309
21,10,1,-0.9600507551660618
21,10,2,-0.9600538112701892
21,10,3,-0.9600535708962323
21,10,4,-0.9594895732503231
21,10,5,-0.9600518100754062
21,10,6,-0.9591199119185261
21,10,7,-0.9600537051139924
21,10,8,-0.9597840070121031
21,10,9,-0.9600537643297361
21,10,10,-0.9592022481952032
21,11,1,-0.9654417386533775
21,11,2,-0.9654448016414326
21,11,3,-0.9654445613330401
21,11,4,-0.9648817285572171
21,11,5,-0.9654427952626904
21,11,6,-0.9645116123464057
21,11,7,-0.9654446942946585
21,11,8,-0.9651751617623342
21,11,9,-0.9654447546926216
21,11,10,-0.9645964252610911
21,12,1,-0.9362837064304242
21,12,2,-0.9362867285993737
21,12,3,-0.9362864938809836
21,12,4,-0.9357128712069196
21,12,5,-0.936284733610571
21,12,6,-0.9353320303604892
21,12,7,-0.9362866250914683
21,12,8,-0.936015248095681
21,12,9,-0.9362866827801025
21,12,10,-0.9354182230444973
21,13,1,-0.9337169474176195
21,13,2,-0.9337199680781741
21,13,3,-0.9337197333409789
21,13,4,-0.9331449977589444
21,13,5,-0.9337179732527441
21,13,6,-0.9327602565804272
21,13,7,-0.9337198642257982
21,13,8,-0.9334480574263818
21,13,9,-0.9337199222142708
21,13,10,-0.9328498506410583
21,14,1,-0.9397484138546562
21,14,2,-0.9397514656207142
21,14,3,-0.9397512292326522
21,14,4,-0.9391803961562183
21,14,5,-0.9397494657512147
21,14,6,-0.9387998189012625
21,14,7,-0.9397513609020393
21,14,8,-0.9394800814724173
21,14,9,-0.9397514192841333
21,14,10,-0.9388869982176843
21,15,1,-0.9360483752597271
21,15,2,-0.9360514066420479
21,15,3,-0.9360511723383835
21,15,4,-0.9354809895725991
21,15,5,-0.9360494025379041
21,15,6,-0.9350934277117985
21,15,7,-0.9360513034153137
21,15,8,-0.9357795750520898
21,15,9,-0.9360513612940944
21,15,10,-0.9351787982187569
21,16,1,-0.9398050409000996
21,16,2,-0.9398080858454273
21,16,3,-0.9398078509859819
21,16,4,-0.9392391643314297
21,16,5,-0.9398060874814337
21,16,6,-0.9388564124109468
21,16,7,-0.9398079822571227
21,16,8,-0.9395367741006266
21,16,9,-0.939808040299111
21,16,10,-0.9389431612868425
21,17,1,-0.9370459074088681
21,17,2,-0.9370489545669525
21,17,3,-0.9370487202057728
21,17,4,-0.9364764917482512
21,17,5,-0.937046954868224
21,17,6,-0.9360949751957344
21,17,7,-0.9370488515828436
21,17,8,-0.9367779532055643
21,17,9,-0.9370489095768826
21,17,10,-0.936176690748156
21,18,1,-0.9364562001166962
21,18,2,-0.9364592219740183
21,18,3,-0.9364589890158269
21,18,4,-0.9358887421866795
21,18,5,-0.9364572256187408
21,18,6,-0.9355024541366971
21,18,7,-0.9364591199548312
21,18,8,-0.9361872549230624
21,18,9,-0.9364591772418405
21,18,10,-0.9355899979680662
21,19,1,-0.8694291516517012
21,19,2,-0.8694321953264679
21,19,3,-0.8694319269848381
21,19,4,-0.8687999547716246
21,19,5,-0.8694301837660512
21,19,6,-0.8683521616716291
21,19,7,-0.8694320897108687
21,19,8,-0.8691411392411126
21,19,9,-0.8694321485493265
21,19,10,-0.86845015616417
21,20,1,-0.872679790521195
21,20,2,-0.8726828507416541
21,20,3,-0.8726825831766163
21,20,4,-0.8720559299439578
21,20,5,-0.8726808371068566
21,20,6,-0.8716138233342675
21,20,7,-0.8726827463044152
21,20,8,-0.8723929037538604
21,20,9,-0.8726828047026871
21,20,10,-0.8717111387785836
21,21,1,-0.8758752260629977
21,21,2,-0.8758782684079273
21,21,3,-0.8758780020133876
21,21,4,-0.8752530263984241
21,21,5,-0.8758762525840499
21,21,6,-0.874812727645845
21,21,7,-0.8758781642703632
21,21,8,-0.8755902202188252
21,21,9,-0.875878222151904
21,21,10,-0.874909672727453
21,22,1,-0.868999875920754
21,22,2,-0.8690029249912091
21,22,3,-0.8690026553912962
21,22,4,-0.8683670185403045
21,22,5,-0.8690009064529173
21,22,6,-0.8679229935497915
21,22,7,-0.8690028189563167
21,22,8,-0.868710309202378
21,22,9,-0.8690028778015196
21,22,10,-0.8680215173651786
21,23,1,-0.8450351550897273
21,23,2,-0.8450407065986931
21,23,3,-0.8450404583639235
21,23,4,-0.8443532228675588
21,23,5,-0.8450387115604966
21,23,6,-0.8438905952593245
21,23,7,-0.8450406138834627
21,23,8,-0.8447245754796014
21,23,9,-0.8450406676358114
21,23,10,-0.8439911828289631
21,24,1,-0.8171965458877214
21,24,2,-0.8172021010343059
21,24,3,-0.817201847944758
21,24,4,-0.8164561219890286
21,24,5,-0.8172001021081637
21,24,6,-0.8159841958044468
21,24,7,-0.8172020049077271
21,24,8,-0.8168597157844766
21,24,9,-0.8172020615440291
21,24,10,-0.8160876494292073
22,1,1,0.04214202516154509
22,1,2,0.04214160911941682
22,1,3,0.04214164214972313
22,1,4,0.04221482310480964
22,1,5,0.04214187870529112
22,1,6,0.04226314618257454
22,1,7,0.042141617440013796
22,1,8,0.04217744469189152
22,1,9,0.04214161629036175
22,1,10,0.042255232782284075
22,2,1,0.042142006953327406
22,2,2,0.04214160971798639
22,2,3,0.042141640274535354
22,2,4,0.042212950468122325
22,2,5,0.042141871847232955
22,2,6,0.042259878852273315
22,2,7,0.042141622335988844
22,2,8,0.04217581777549087
22,2,9,0.042141615222053994
22,2,10,0.042249820870733396
22,3,1,0.04214201036134927
22,3,2,0.042141609545415716
22,3,3,0.042141640587977626
22,3,4,0.042213382988865775
22,3,5,0.04214187158178219
22,3,6,0.04225978762467889
22,3,7,0.04214162231958234
22,3,8,0.04217578757717002
22,3,9,0.04214161566457664
22,3,10,0.04225072223934164
22,4,1,0.04214200840458845
22,4,2,0.04214160959758422
22,4,3,0.04214164009183394
22,4,4,0.04221261819759745
22,4,5,0.04214187062281571
22,4,6,0.042259423249350635
22,4,7,0.04214162319768866
22,4,8,0.04217574840708471
22,4,9,0.042141615585641064
22,4,10,0.04224934750090373
22,5,1,0.042142005289077134
22,5,2,0.042141609597766964
22,5,3,0.04214164011404382
22,5,4,0.042212685548329354
22,5,5,0.04214187079796334
22,5,6,0.04225960936766245
22,5,7,0.04214162321604979
22,5,8,0.04217576181639818
22,5,9,0.04214161553141541
22,5,10,0.04225013528667906
22,6,1,0.0421420067072931
22,6,2,0.0421416098015089
22,6,3,0.0421416399642555
22,6,4,0.042212664089012066
22,6,5,0.042141869856012815
22,6,6,0.04225923601892268
22,6,7,0.04214162306065139
22,6,8,0.04217574180705528
22,6,9,0.04214161547376809
22,6,10,0.042249472172042675
22,7,1,0.042142003612437126
22,7,2,0.04214160979412154
22,7,3,0.04214164018176316
22,7,4,0.0422126286319621
22,7,5,0.04214186976897886
22,7,6,0.042259488179638746
22,7,7,0.04214162308214958
22,7,8,0.042175611413345825
22,7,9,0.04214161550907204
22,7,10,0.04224938986454571
22,8,1,0.0421420038636509
22,8,2,0.04214160977641477
22,8,3,0.04214164021253953
22,8,4,0.042212707159539994
22,8,5,0.04214186996176933
22,8,6,0.04225965698814652
22,8,7,0.042141623059087294
22,8,8,0.04217574590066958
22,8,9,0.04214161552049015
22,8,10,0.042249059766097934
22,9,1,0.042142006886914676
22,9,2,0.04214160978677186
22,9,3,0.04214164022825179
22,9,4,0.04221250633094417
22,9,5,0.04214187007146316
22,9,6,0.042259773536168645
22,9,7,0.04214162306296186
22,9,8,0.04217576608698061
22,9,9,0.04214161547745131
22,9,10,0.04224954489521615
22,10,1,0.04214200689619328
22,10,2,0.0421416097890298
22,10,3,0.04214164022655695
22,10,4,0.04221277419913222
22,10,5,0.04214187011619685
22,10,6,0.04225954423394812
22,10,7,0.04214162306378121
22,10,8,0.04217566399257521
22,10,9,0.04214161547936112
22,10,10,0.04224910823767932
22,11,1,0.04214200705449266
22,11,2,0.04214160979665006
22,11,3,0.042141639981662586
22,11,4,0.042212816717992124
22,11,5,0.04214187018830907
22,11,6,0.04225993067161803
22,11,7,0.042141623077634374
22,11,8,0.04217567951974613
22,11,9,0.042141615484799416
22,11,10,0.04224921111696541
22,12,1,0.04214200358256892
22,12,2,0.04214160985815038
22,12,3,0.042141639938047024
22,12,4,0.04221269420166407
22,12,5,0.04214186984453284
22,12,6,0.04225951962743186
22,12,7,0.042141623045392124
22,12,8,0.04217560302514237
22,12,9,0.042141615468148916
22,12,10,0.04224906156235462
22,13,1,0.04214200351201644
22,13,2,0.042141609855485526
22,13,3,0.04214163992792552
22,13,4,0.04221269183078171
22,13,5,0.042141869829714275
22,13,6,0.04225977811935189
22,13,7,0.04214162308139905
22,13,8,0.042175615827578304
22,13,9,0.042141615466011424
22,13,10,0.042248954686421016
22,14,1,0.042142006453777865
22,14,2,0.042141609856774676
22,14,3,0.04214163994318866
22,14,4,0.04221272241574278
22,14,5,0.042141870050155954
22,14,6,0.042259593501844224
22,14,7,0.04214162304906225
22,14,8,0.0421756261096771
22,14,9,0.04214161546217157
22,14,10,0.042248951479630016
22,15,1,0.04214200356768537
22,15,2,0.04214160987337995
22,15,3,0.042141639931106575
22,15,4,0.042212443410923034
22,15,5,0.042141870850413966
22,15,6,0.04225987374450307
22,15,7,0.0421416230467497
22,15,8,0.04217561679070092
22,15,9,0.042141615460578145
22,15,10,0.0422495325240736
22,16,1,0.04214200645933156
22,16,2,0.04214160985778239
22,16,3,0.04214163994670455
22,16,4,0.04221246129082853
22,16,5,0.04214187012401825
22,16,6,0.04225959508719349
22,16,7,0.04214162304839586
22,16,8,0.04217561215467069
22,16,9,0.04214161546879059
22,16,10,0.04224900209860112
22,17,1,0.04214200638297144
22,17,2,0.04214160985816749
22,17,3,0.042141639935869
22,17,4,0.042212730630077466
22,17,5,0.04214187008339476
22,17,6,0.042259507652995916
22,17,7,0.042141623091145684
22,17,8,0.04217575629294348
22,17,9,0.042141615468077674
22,17,10,0.04224957537428527
22,18,1,0.04214200359560245
22,18,2,0.04214160987698159
22,18,3,0.0421416399432297
22,18,4,0.0422124511422918
22,18,5,0.04214187010263771
22,18,6,0.04225971570723626
22,18,7,0.04214162304735339
22,18,8,0.04217562056974843
22,18,9,0.04214161546888218
22,18,10,0.04224904275643015
22,19,1,0.04214200225828566
22,19,2,0.042141609829155886
22,19,3,0.042141643347541315
22,19,4,0.04221215825233176
22,19,5,0.04214186923959316
22,19,6,0.042259635311026
22,19,7,0.04214162299366559
22,19,8,0.04217560987867655
22,19,9,0.04214161543334953
22,19,10,0.04224909039784711
22,20,1,0.04214200462204716
22,20,2,0.042141609838118
22,20,3,0.04214164337473362
22,20,4,0.04221217857615302
22,20,5,0.04214186965510102
22,20,6,0.04225932515251998
22,20,7,0.04214162299757435
22,20,8,0.042175670588008675
22,20,9,0.04214161541827874
22,20,10,0.042248765041476455
22,21,1,0.0421420023651463
22,21,2,0.04214160983681982
22,21,3,0.04214164328807066
22,21,4,0.042212518540193956
22,21,5,0.04214186991169429
22,21,6,0.04225976429061351
22,21,7,0.04214162298120711
22,21,8,0.04217564173875182
22,21,9,0.0421416154194938
22,21,10,0.04224926737237173
22,22,1,0.04214200222603697
22,22,2,0.04214160983548476
22,22,3,0.04214164338437749
22,22,4,0.04221235103252441
22,22,5,0.04214186969454821
22,22,6,0.04225934373025842
22,22,7,0.04214162299567243
22,22,8,0.042175669592260934
22,22,9,0.0421416154339383
22,22,10,0.042248796617134356
22,23,1,0.04214232345688918
22,23,2,0.042141609812273065
22,23,3,0.04214164323246046
22,23,4,0.042212522044210846
22,23,5,0.04214186943851281
22,23,6,0.04225973110591855
22,23,7,0.042141622966307545
22,23,8,0.04217559798832218
22,23,9,0.04214161539113351
22,23,10,0.042249266509281125
22,24,1,0.04214231806125783
22,24,2,0.042141609897492424
22,24,3,0.04214164337825833
22,24,4,0.042212496888446034
22,24,5,0.0421418696827731
22,24,6,0.04225985669545949
22,24,7,0.042141622922700274
22,24,8,0.042175581799133034
22,24,9,0.04214161539097812
22,24,10,0.04224930357929045
23,1,1,-1.6331531730751139
23,1,2,-1.6331558316239003
23,1,3,-1.633155618827604
23,1,4,-1.6326783439985075
23,1,5,-1.6331541096959679
23,1,6,-1.632382181831046
23,1,7,-1.6331557773105712
23,1,8,-1.6329196639748942
23,1,9,-1.6331557832550265
23,1,10,-1.6324317820393892
23,2,1,-1.160611053312338
23,2,2,-1.160613635522601
23,2,3,-1.160613433906903
23,2,4,-1.1601492468767145
23,2,5,-1.1606119347336024
23,2,6,-1.1598578751707442
23,2,7,-1.1606135513895586
23,2,8,-1.1604116140879805
23,2,9,-1.160613601154651
23,2,10,-1.1599201530406693
23,3,1,-1.1408039473971887
23,3,2,-1.140806551340854
23,3,3,-1.1408063471888088
23,3,4,-1.140338345759197
23,3,5,-1.1408048517330676
23,3,6,-1.1400511616226476
23,3,7,-1.1408064671985159
23,3,8,-1.1405805777991491
23,3,9,-1.140806513023261
23,3,10,-1.1401071539601657
23,4,1,-1.0669435986996365
23,4,2,-1.0669461539593303
23,4,3,-1.0669459544913642
23,4,4,-1.0664787062081533
23,4,5,-1.066944482350624
23,4,6,-1.0661804915974349
23,4,7,-1.0669460636107093
23,4,8,-1.0667199993294154
23,4,9,-1.066946112426015
23,4,10,-1.0662447366931807
23,5,1,-1.0776779312754916
23,5,2,-1.0776804753880056
23,5,3,-1.0776802766273021
23,5,4,-1.0772139635752855
23,5,5,-1.0776787997482322
23,5,6,-1.076917183196266
23,5,7,-1.0776803855881456
23,5,8,-1.0774539625509818
23,5,9,-1.0776804346501836
23,5,10,-1.076977415515552
23,6,1,-1.0022587975533068
23,6,2,-1.0022613417129445
23,6,3,-1.0022611440253117
23,6,4,-1.001784738409509
23,6,5,-1.002259673790518
23,6,6,-1.0014734977789512
23,6,7,-1.0022612542358658
23,6,8,-1.0020330215125743
23,6,9,-1.0022613028437668
23,6,10,-1.0015395399204978
23,7,1,-0.9883142723681495
23,7,2,-0.9883167953427445
23,7,3,-0.9883165971784768
23,7,4,-0.9878363015417435
23,7,5,-0.9883151289896124
23,7,6,-0.9875173864596355
23,7,7,-0.9883167081890416
23,7,8,-0.9880883654553932
23,7,9,-0.9883167561146953
23,7,10,-0.9875868866632588
23,8,1,-1.0012642711651814
23,8,2,-1.001266795615379
23,8,3,-1.0012665968272687
23,8,4,-1.0007896011190276
23,8,5,-1.0012651283034384
23,8,6,-1.0004755788693187
23,8,7,-1.0012667081601256
23,8,8,-1.00103835696195
23,8,9,-1.0012667560457706
23,8,10,-1.0005465214863356
23,9,1,-1.008315712944856
23,9,2,-1.0083182635341301
23,9,3,-1.0083180622857282
23,9,4,-1.0078443145066784
23,9,5,-1.0083165903914835
23,9,6,-1.0075310011667442
23,9,7,-1.0083181746209395
23,9,8,-1.0080901036273318
23,9,9,-1.008318224041201
23,9,10,-1.0075993798154175
23,10,1,-1.0082908553950027
23,10,2,-1.0082934129357186
23,10,3,-1.0082932110573
23,10,4,-1.0078175897653736
23,10,5,-1.0082917386133718
23,10,6,-1.0075076079161585
23,10,7,-1.008293323536731
23,10,8,-1.008065906285834
23,10,9,-1.008293373245874
23,10,10,-1.0075763065926187
23,11,1,-1.013750516380987
23,11,2,-1.0137530796095053
23,11,3,-1.0137528775498217
23,11,4,-1.0132782068429418
23,11,5,-1.013751400791869
23,11,6,-1.0129678239408877
23,11,7,-1.013752989073558
23,11,8,-1.0135257008297143
23,11,9,-1.0137530397816041
23,11,10,-1.0130387413537543
23,12,1,-0.9842256168788686
23,12,2,-0.9842281448427019
23,12,3,-0.9842279473841158
23,12,4,-0.9837441712036726
23,12,5,-0.9842264760081343
23,12,6,-0.983425264881762
23,12,7,-0.9842280573387965
23,12,8,-0.9839993108644157
23,12,9,-0.9842281058331686
23,12,10,-0.9834972852426139
23,13,1,-0.9816271020342965
23,13,2,-0.9816296283921083
23,13,3,-0.9816294309824635
23,13,4,-0.981144764535189
23,13,5,-0.9816279596336112
23,13,6,-0.980822602811007
23,13,7,-0.9816295407877353
23,13,8,-0.9814004484878265
23,13,9,-0.9816295893700888
23,13,10,-0.9808974532744645
23,14,1,-0.9877333321437762
23,14,2,-0.9877358852865902
23,14,3,-0.9877356865190191
23,14,4,-0.987254513712983
23,14,5,-0.9877342125621215
23,14,6,-0.9869355714267704
23,14,7,-0.9877357967970989
23,14,8,-0.9875071417305529
23,14,9,-0.9877358459892739
23,14,10,-0.9870083959903367
23,15,1,-0.9839873713921358
23,15,2,-0.9839899079495202
23,15,3,-0.9839897108046272
23,15,4,-0.9835091356102548
23,15,5,-0.9839882317390208
23,15,6,-0.9831843657721266
23,15,7,-0.9839898207135646
23,15,8,-0.9837608002900254
23,15,9,-0.9839898693955605
23,15,10,-0.9832556751435985
23,16,1,-0.9877906631410865
23,16,2,-0.9877932098943378
23,16,3,-0.9877930123628789
23,16,4,-0.9873136563146468
23,16,5,-0.987791538601647
23,16,6,-0.986992896742429
23,16,7,-0.9877931223892858
23,16,8,-0.9875645252553803
23,16,9,-0.9877931712018296
23,16,10,-0.9870653547831476
23,17,1,-0.984997269546634
23,17,2,-0.9849998177249039
23,17,3,-0.9849996209856378
23,17,4,-0.9845173265449124
23,17,5,-0.9849981456215675
23,17,6,-0.9841976353771351
23,17,7,-0.9849997308933567
23,17,8,-0.9847717483064686
23,17,9,-0.9849997796072479
23,17,10,-0.9842658644974106
23,18,1,-0.9844002483676341
23,18,2,-0.9844027751532911
23,18,3,-0.984402579773129
23,18,4,-0.9839219812938645
23,18,5,-0.9844011061189508
23,18,6,-0.9835982760739365
23,18,7,-0.9844026895249437
23,18,8,-0.9841735607252938
23,18,9,-0.9844027374828279
23,18,10,-0.9836713175345524
23,19,1,-0.9165723817343872
23,19,2,-0.9165749246231122
23,19,3,-0.9165746996505693
23,19,4,-0.9160430679880663
23,19,5,-0.9165732440465635
23,19,6,-0.9156680824294973
23,19,7,-0.9165748360642901
23,19,8,-0.9163299601688257
23,19,9,-0.9165748852168613
23,19,10,-0.9157498317816675
23,20,1,-0.9198604900105991
23,20,2,-0.9198630466661758
23,20,3,-0.9198628224605275
23,20,4,-0.9193356894470793
23,20,5,-0.9198613643163853
23,20,6,-0.9189654856061253
23,20,7,-0.9198629588453467
23,20,8,-0.9196189875952377
23,20,9,-0.9198630078084691
23,20,10,-0.9190465733476437
23,21,1,-0.9230928886286744
23,21,2,-0.9230954302324409
23,21,3,-0.9230952070722968
23,21,4,-0.9225694551428002
23,21,5,-0.9230937463270877
23,21,6,-0.9222007907958554
23,21,7,-0.923095342914935
23,21,8,-0.9228529627362411
23,21,9,-0.9230953914175083
23,21,10,-0.9222816421992045
23,22,1,-0.9161381698169487
23,22,2,-0.9161407169702187
23,22,3,-0.9161404911735317
23,22,4,-0.9156058859621026
23,22,5,-0.9161390305742753
23,22,6,-0.9152341830943647
23,22,7,-0.9161406280229146
23,22,8,-0.9158944722000419
23,22,9,-0.9161406773379727
23,22,10,-0.9153163366249094
23,23,1,-0.8919021298494626
23,23,2,-0.8919067668633608
23,23,3,-0.8919065592971549
23,23,4,-0.8913287887992669
23,23,5,-0.8919051012870822
23,23,6,-0.8909411183445924
23,23,7,-0.8919066887255953
23,23,8,-0.8916409620764983
23,23,9,-0.8919067343959293
23,23,10,-0.8910251228835215
23,24,1,-0.8637573681979498
23,24,2,-0.8637620087133533
23,24,3,-0.8637617965162971
23,24,4,-0.863134510172982
23,24,5,-0.8637603394402324
23,24,6,-0.8627390145254229
23,24,7,-0.8637619280888982
23,24,8,-0.8634767979807862
23,24,9,-0.8637619752988913
23,24,10,-0.862825478804385
24,1,1,-1.808858938317249
24,1,2,-1.8088595237905
24,1,3,-1.8088594786557124
24,1,4,-1.8087676833706836
24,1,5,-1.8088591451294964
24,1,6,-1.8087151766004168
24,1,7,-1.8088595118156277
24,1,8,-1.8088128308452796
24,1,9,-1.8088595131501737
24,1,10,-1.8087259739703578
24,2,1,-1.3267098337306413
24,2,2,-1.3267104255544195
24,2,3,-1.3267103803538307
24,2,4,-1.326621781356654
24,2,5,-1.326710037973769
24,2,6,-1.3265676385321272
24,2,7,-1.3267104064558113
24,2,8,-1.3266651358676735
24,2,9,-1.3267104200185709
24,2,10,-1.3265798706519414
24,3,1,-1.3065710271267539
24,3,2,-1.306571623244547
24,3,3,-1.306571577271387
24,3,4,-1.3064817612371273
24,3,5,-1.3065712358420623
24,3,6,-1.306429187559444
24,3,7,-1.3065716041812534
24,3,8,-1.3065262238325892
24,3,9,-1.306571616083162
24,3,10,-1.3064401736434996
24,4,1,-1.2315240341366
24,4,2,-1.2315245966047716
24,4,3,-1.2315245527628504
24,4,4,-1.2314324803411656
24,4,5,-1.2315242294316684
24,4,6,-1.231372539227903
24,4,7,-1.23152457598072
24,4,8,-1.231478994331899
24,4,9,-1.2315245869025782
24,4,10,-1.231386164939631
24,5,1,-1.242425878174832
24,5,2,-1.2424264433196825
24,5,3,-1.242426400143176
24,5,4,-1.2423355397247682
24,5,5,-1.2424260737548483
24,5,6,-1.2422774439585096
24,5,7,-1.2424264232560434
24,5,8,-1.242380623830909
24,5,9,-1.242426433993819
24,5,10,-1.2422903168389716
24,6,1,-1.1658652265402152
24,6,2,-1.1658657856646957
24,6,3,-1.1658657420563507
24,6,4,-1.1657667054105887
24,6,5,-1.165865418459406
24,6,6,-1.1656953026662153
24,6,7,-1.165865766086957
24,6,8,-1.1658185306927473
24,6,9,-1.1658657770750191
24,6,10,-1.1657116869109236
24,7,1,-1.1517186931745518
24,7,2,-1.1517192468255582
24,7,3,-1.1517192037334207
24,7,4,-1.1516168868242944
24,7,5,-1.151718880665431
24,7,6,-1.151540410120201
24,7,7,-1.1517192276202253
24,7,8,-1.1516713413597595
24,7,9,-1.1517192380197272
24,7,10,-1.1515582405050735
24,8,1,-1.1648561859217887
24,8,2,-1.1648567393722933
24,8,3,-1.164856696096994
24,8,4,-1.1647574361278605
24,8,5,-1.1648563731961272
24,8,6,-1.1646852864418542
24,8,7,-1.1648567200876647
24,8,8,-1.1648094284486454
24,8,9,-1.1648567304896784
24,8,10,-1.1647022141489674
24,9,1,-1.1720107624845786
24,9,2,-1.1720113260556688
24,9,3,-1.1720112805968022
24,9,4,-1.1719138468077495
24,9,5,-1.172010955617451
24,9,6,-1.1718436155412937
24,9,7,-1.1720113054005061
24,9,8,-1.171964344353316
24,9,9,-1.1720113168683153
24,9,10,-1.1718600668530008
24,10,1,-1.1719855408634436
24,10,2,-1.1719861108374432
24,10,3,-1.1719860647689606
24,10,4,-1.1718882676016122
24,10,5,-1.17198573950007
24,10,6,-1.1718187076592588
24,10,7,-1.171986089667546
24,10,8,-1.1719392430546283
24,10,9,-1.171986101501896
24,10,10,-1.1718344377815908
24,11,1,-1.1775255392939863
24,11,2,-1.1775261132345887
24,11,3,-1.1775260660868876
24,11,4,-1.1774292475889743
24,11,5,-1.1775257384295885
24,11,6,-1.1773607472937142
24,11,7,-1.1775260911700738
24,11,8,-1.1774794310413923
24,11,9,-1.1775261037736446
24,11,10,-1.1773773339176465
24,12,1,-1.1475713488166015
24,12,2,-1.1475719074146031
24,12,3,-1.1475718631933691
24,12,4,-1.1474667680241541
24,12,5,-1.1475715391073773
24,12,6,-1.147390501195617
24,12,7,-1.1475718872846443
24,12,8,-1.147523725086637
24,12,9,-1.1475718980770555
24,12,10,-1.1474090026258552
24,13,1,-1.144935660952782
24,13,2,-1.144936217786003
24,13,3,-1.144936173670857
24,13,4,-1.144830379138522
24,13,5,-1.1449358496210915
24,13,6,-1.1447525348645382
24,13,7,-1.1449361975390873
24,13,8,-1.1448878177277988
24,13,9,-1.144936208476533
24,13,10,-1.1447718485383607
24,14,1,-1.1511294152943607
24,14,2,-1.1511299835755036
24,14,3,-1.1511299385131806
24,14,4,-1.1510274800737699
24,14,5,-1.1511296129704247
24,14,6,-1.1509510809930372
24,14,7,-1.1511299626193376
24,14,8,-1.1510820116676377
24,14,9,-1.1511299740440124
24,14,10,-1.1509695279555394
24,15,1,-1.1473296918365101
24,15,2,-1.1473302583878549
24,15,3,-1.1473302145320095
24,15,4,-1.147227110427725
24,15,5,-1.1473298880278477
24,15,6,-1.1471482843780496
24,15,7,-1.1473302384091795
24,15,8,-1.147281952944769
24,15,9,-1.1473302493187285
24,15,10,-1.147166587874313
24,16,1,-1.1511875705555759
24,16,2,-1.151188132272215
24,16,3,-1.1511880883974999
24,16,4,-1.1510860837020744
24,16,5,-1.15118776330722
24,16,6,-1.151009341607481
24,16,7,-1.151188112387735
24,16,8,-1.1511401563368908
24,16,9,-1.1511881233722725
24,16,10,-1.151027659605027
24,17,1,-1.1483540754478434
24,17,2,-1.1483546383774508
24,17,3,-1.1483545951981715
24,17,4,-1.148251346422099
24,17,5,-1.1483542689337327
24,17,6,-1.1481740629615937
24,17,7,-1.1483546193588505
24,17,8,-1.1483081926056997
24,17,9,-1.1483546300229743
24,17,10,-1.1481914730971265
24,18,1,-1.1477484837918066
24,18,2,-1.1477490395512464
24,18,3,-1.1477489975032056
24,18,4,-1.1476459886644113
24,18,5,-1.1477486727381307
24,18,6,-1.1475674208238662
24,18,7,-1.1477490212964216
24,18,8,-1.147700706502621
24,18,9,-1.1477490315487497
24,18,10,-1.1475859162615774
24,19,1,-1.0789823248362034
24,19,2,-1.0789828979302822
24,19,3,-1.078982845289943
24,19,4,-1.0788371736901825
24,19,5,-1.0789825192535216
24,19,6,-1.0787184793395126
24,19,7,-1.0789828773400487
24,19,8,-1.0789216088112075
24,19,9,-1.0789828887030337
24,19,10,-1.0787443083910322
24,20,1,-1.0823143867074099
24,20,2,-1.0823149617006447
24,20,3,-1.0823149099317648
24,20,4,-1.0821730694723954
24,20,5,-1.0823145832444336
24,20,6,-1.082056953598063
24,20,7,-1.0823149417248397
24,20,8,-1.0822546724889113
24,20,9,-1.0823149527903233
24,20,10,-1.082082044495566
24,21,1,-1.085590124112629
24,21,2,-1.0855906954211278
24,21,3,-1.0855906440151941
24,21,4,-1.0854513154862375
24,21,5,-1.0855903166757301
24,21,6,-1.0853368044396419
24,21,7,-1.0855906757047362
24,21,8,-1.0855316295986288
24,21,9,-1.0855906865283846
24,21,10,-1.0853620000347226
24,22,1,-1.0785423231195002
24,22,2,-1.078542899367975
24,22,3,-1.0785428462680589
24,22,4,-1.0783958077165214
24,22,5,-1.078542517843609
24,22,6,-1.0782780531124556
24,22,7,-1.078542878416227
24,22,8,-1.0784808677596107
24,22,9,-1.0785428899015022
24,22,10,-1.078304038243568
24,23,1,-1.053989052008874
24,23,2,-1.053990102416492
24,23,3,-1.0539900634503743
24,23,4,-1.053809025824878
24,23,5,-1.0539897368818296
24,23,6,-1.0536793402073332
24,23,7,-1.0539900903687633
24,23,8,-1.0539120811194542
24,23,9,-1.0539900988704116
24,23,10,-1.0537072649672914
24,24,1,-1.0254846954086734
24,24,2,-1.0254857668814668
24,24,3,-1.0254857230252763
24,24,4,-1.025265081425603
24,24,5,-1.0254853996652653
24,24,6,-1.0251297351599866
24,24,7,-1.0254857514376365
24,24,8,-1.0253954321431045
24,24,9,-1.0254857616165058
24,24,10,-1.0251593073832101
25,1,1,0.07216767234630038
25,1,2,0.07216681626975198
25,1,3,0.07216688619023452
25,1,4,0.07233223253859634
25,1,5,0.07216737105808069
25,1,6,0.07243832348232598
25,1,7,0.07216683387770208
25,1,8,0.07224743994607642
25,1,9,0.07216683207455171
25,1,10,0.07242131483979052
25,2,1,0.07216762950800747
25,2,2,0.0721668173344893
25,2,3,0.07216688159282647
25,2,4,0.0723268741977864
25,2,5,0.07216735331553294
25,2,6,0.07242927957032057
25,2,7,0.07216684396681333
25,2,8,0.07224307265675649
25,2,9,0.07216682948767084
25,2,10,0.07240765630789825
25,3,1,0.0721676362861331
25,3,2,0.072166816959361
25,3,3,0.07216688224242712
25,3,4,0.07232783779517621
25,3,5,0.07216735264610968
25,3,6,0.07242900754316184
25,3,7,0.07216684390287482
25,3,8,0.0722430250743521
25,3,9,0.07216683042078925
25,3,10,0.07240959104338701
25,4,1,0.07216763161063956
25,4,2,0.07216681702992266
25,4,3,0.0721668811090853
25,4,4,0.07232591947659776
25,4,5,0.07216735012666453
25,4,6,0.07242792627479488
25,4,7,0.07216684569454992
25,4,8,0.07224284038578557
25,4,9,0.07216683023513791
25,4,10,0.0724062969833709
25,5,1,0.07216762540513125
25,5,2,0.07216681706145707
25,5,3,0.0721668811677286
25,5,4,0.07232608690022602
25,5,5,0.07216735056931205
25,5,6,0.07242839119351414
25,5,7,0.0721668457957425
25,5,8,0.07224288692956998
25,5,9,0.07216683011111702
25,5,10,0.07240812298831108
25,6,1,0.07216762740406649
25,6,2,0.07216681747718504
25,6,3,0.07216688081531974
25,6,4,0.07232590868774277
25,6,5,0.07216734814578556
25,6,6,0.07242728889981344
25,6,7,0.07216684533667433
25,6,8,0.07224276532467958
25,6,9,0.07216682996675676
25,6,10,0.0724063891167596
25,7,1,0.0721676210112894
25,7,2,0.07216681746008556
25,7,3,0.07216688123932075
25,7,4,0.07232580117546226
25,7,5,0.07216734784663369
25,7,6,0.07242780776242982
25,7,7,0.07216684541224322
25,7,8,0.07224243842181313
25,7,9,0.07216683007865574
25,7,10,0.07240616226820519
25,8,1,0.07216762169572577
25,8,2,0.07216681738967691
25,8,3,0.07216688133618053
25,8,4,0.07232603507702919
25,8,5,0.07216734832990973
25,8,6,0.07242824757400147
25,8,7,0.0721668453680802
25,8,8,0.0722427777439885
25,8,9,0.07216683006920344
25,8,10,0.07240549963901403
25,9,1,0.07216762789994328
25,9,2,0.07216681744304251
25,9,3,0.07216688135122724
25,9,4,0.07232559138330125
25,9,5,0.07216734860054015
25,9,6,0.07242854292796362
25,9,7,0.07216684539046805
25,9,8,0.07224283437902702
25,9,9,0.07216682999854018
25,9,10,0.07240661479574721
25,10,1,0.07216762789867973
25,10,2,0.0721668174670524
25,10,3,0.07216688135993365
25,10,4,0.07232621815161629
25,10,5,0.07216734869778661
25,10,6,0.07242803874996288
25,10,7,0.07216684536845008
25,10,8,0.07224259678361562
25,10,9,0.07216682999477611
25,10,10,0.07240567458674366
25,11,1,0.07216762821263077
25,11,2,0.07216681742448754
25,11,3,0.07216688085056147
25,11,4,0.0723263325474154
25,11,5,0.07216734881473479
25,11,6,0.07242892287747316
25,11,7,0.07216684541280936
25,11,8,0.0722426414423234
25,11,9,0.07216682998847865
25,11,10,0.07240593797740252
25,12,1,0.0721676209904657
25,12,2,0.07216681761151136
25,12,3,0.07216688068483455
25,12,4,0.07232597988723172
25,12,5,0.07216734798811777
25,12,6,0.07242789021507552
25,12,7,0.07216684534576516
25,12,8,0.07224243944037471
25,12,9,0.07216682994921798
25,12,10,0.07240549002990603
25,13,1,0.07216762079870964
25,13,2,0.07216681758885725
25,13,3,0.07216688071619681
25,13,4,0.07232597481744535
25,13,5,0.07216734792828704
25,13,6,0.07242847460483096
25,13,7,0.0721668454171959
25,13,8,0.07224246751184928
25,13,9,0.0721668299203202
25,13,10,0.07240526081975104
25,14,1,0.07216762690502133
25,14,2,0.07216681758725259
25,14,3,0.07216688071858095
25,14,4,0.07232607701447363
25,14,5,0.0721673484099562
25,14,6,0.07242808966929917
25,14,7,0.07216684537195556
25,14,8,0.07224250224743872
25,14,9,0.07216682995855651
25,14,10,0.07240530465754795
25,15,1,0.072167621024593
25,15,2,0.07216681760108569
25,15,3,0.07216688071871298
25,15,4,0.07232543632990089
25,15,5,0.07216734994874517
25,15,6,0.07242871458790437
25,15,7,0.07216684533731346
25,15,8,0.07224247803568247
25,15,9,0.07216682992772301
25,15,10,0.07240654707775375
25,16,1,0.07216762692086316
25,16,2,0.07216681759575572
25,16,3,0.07216688074963946
25,16,4,0.07232549844865276
25,16,5,0.07216734851837828
25,16,6,0.07242812326363593
25,16,7,0.0721668453577334
25,16,8,0.07224247323112595
25,16,9,0.07216682994380674
25,16,10,0.07240543906733111
25,17,1,0.07216762672072594
25,17,2,0.07216681758464352
25,17,3,0.07216688068361464
25,17,4,0.07232611381635962
25,17,5,0.0721673484391388
25,17,6,0.07242794632517466
25,17,7,0.07216684546592608
25,17,8,0.07224280754731009
25,17,9,0.07216682994101534
25,17,10,0.07240668694059252
25,18,1,0.07216762124867217
25,18,2,0.07216681764228666
25,18,3,0.07216688070321461
25,18,4,0.07232545883218451
25,18,5,0.07216734850616602
25,18,6,0.07242840417927839
25,18,7,0.0721668453788313
25,18,8,0.07224249843901458
25,18,9,0.07216682997102684
25,18,10,0.07240559088971416
25,19,1,0.07216761775154687
25,19,2,0.07216681745790493
25,19,3,0.0721668877194322
25,19,4,0.07232462179472662
25,19,5,0.07216734636515332
25,19,6,0.07242798438552493
25,19,7,0.07216684520967874
25,19,8,0.07224239275846274
25,19,9,0.07216682984118122
25,19,10,0.07240543958097265
25,20,1,0.07216762259189653
25,20,2,0.07216681749051498
25,20,3,0.0721668878088727
25,20,4,0.07232469141282985
25,20,5,0.07216734718748709
25,20,6,0.0724273582366034
25,20,7,0.07216684522982089
25,20,8,0.07224254063943147
25,20,9,0.07216682979666855
25,20,10,0.07240475617081665
25,21,1,0.07216761800979929
25,21,2,0.07216681749893024
25,21,3,0.07216688760702235
25,21,4,0.07232547046763985
25,21,5,0.07216734777723427
25,21,6,0.07242835292393517
25,21,7,0.07216684519775116
25,21,8,0.07224248679663274
25,21,9,0.07216682982602939
25,21,10,0.07240587386326462
25,22,1,0.07216761764168302
25,22,2,0.07216681748878775
25,22,3,0.07216688784284025
25,22,4,0.07232510660327539
25,22,5,0.07216734720105912
25,22,6,0.0724274249183847
25,22,7,0.07216684519918669
25,22,8,0.0722425301159989
25,22,9,0.07216682985111941
25,22,10,0.07240482529086152
25,23,1,0.0721682736631407
25,23,2,0.07216681744461625
25,23,3,0.07216688745873724
25,23,4,0.07232541728004041
25,23,5,0.07216734661335636
25,23,6,0.07242822343851346
25,23,7,0.07216684515101261
25,23,8,0.07224239534814603
25,23,9,0.07216682971724703
25,23,10,0.07240582767024235
25,24,1,0.07216826255239348
25,24,2,0.07216681765108204
25,24,3,0.07216688777493199
25,24,4,0.07232544280607654
25,24,5,0.07216734682717059
25,24,6,0.07242856129445496
25,24,7,0.07216684499794367
25,24,8,0.07224231554927486
25,24,9,0.07216682974350239
25,24,10,0.07240595918674234
26,1,1,0.04212852598178813
26,1,2,0.04212766668705145
26,1,3,0.042127737099561566
26,1,4,0.04229615767924814
26,1,5,0.0421282235427118
26,1,6,0.04240482985177523
26,1,7,0.04212768433815921
26,1,8,0.042209059190781544
26,1,9,0.04212768256250396
26,1,10,0.04238750924241312
26,2,1,0.04212848275178281
26,2,2,0.04212766774120387
26,2,3,0.04212773246299606
26,2,4,0.04229064742126758
26,2,5,0.04212820561136003
26,2,6,0.042395582503687856
26,2,7,0.042127694546264256
26,2,8,0.042180346995807236
26,2,9,0.04212767996836773
26,2,10,0.04237350400216621
26,3,1,0.04212848959539311
26,3,2,0.04212766739187845
26,3,3,0.04212773309196631
26,3,4,0.04229162911822257
26,3,5,0.04212820495354441
26,3,6,0.042395300631900744
26,3,7,0.04212769447863893
26,3,8,0.0422045425913738
26,3,9,0.04212768091440684
26,3,10,0.042375494337810966
26,4,1,0.04212848488438833
26,4,2,0.04212766746310874
26,4,3,0.04212773197472624
26,4,4,0.04228965176353742
26,4,5,0.04212820249426583
26,4,6,0.042394197438575656
26,4,7,0.042127696303701966
26,4,8,0.042204351023601046
26,4,9,0.04212768070742311
26,4,10,0.042372112567889815
26,5,1,0.04212847862371524
26,5,2,0.042127667472673824
26,5,3,0.04212773202161381
26,5,4,0.04228982314934813
26,5,5,0.042128202918757345
26,5,6,0.04239467282127221
26,5,7,0.04212769635194833
26,5,8,0.04220439804269215
26,5,9,0.04212768057784531
26,5,10,0.042373989341633334
26,6,1,0.042128480723467615
26,6,2,0.042127667868176004
26,6,3,0.04212773162327912
26,6,4,0.04228964643926933
26,6,5,0.042128200422980676
26,6,6,0.04239354582216729
26,6,7,0.04212769596069557
26,6,8,0.04220427564072705
26,6,9,0.042127680436011485
26,6,10,0.04237221511661146
26,7,1,0.04212847428613723
26,7,2,0.04212766787063861
26,7,3,0.04212773207534404
26,7,4,0.0422895367349842
26,7,5,0.042128200149002995
26,7,6,0.04239408383908039
26,7,7,0.04212769601602217
26,7,8,0.042203940003591345
26,7,9,0.04212768049140929
26,7,10,0.04237198326469514
26,8,1,0.042128474939204824
26,8,2,0.04212766783111903
26,8,3,0.042127732144421566
26,8,4,0.042289776321749795
26,8,5,0.04212820062781866
26,8,6,0.04239453376671724
26,8,7,0.04212769597602657
26,8,8,0.0422042882113231
26,8,9,0.04212768053349916
26,8,10,0.04237129939208447
26,9,1,0.04212848120365986
26,9,2,0.04212766783925811
26,9,3,0.04212773217986913
26,9,4,0.04228931539294258
26,9,5,0.04212820090852571
26,9,6,0.042394836144756365
26,9,7,0.04212769600036874
26,9,8,0.042204346096212625
26,9,9,0.04212768045287556
26,9,10,0.04237244645911279
26,10,1,0.042128481248080385
26,10,2,0.04212766785065057
26,10,3,0.0421277321848761
26,10,4,0.04228996510341139
26,10,5,0.04212820101905037
26,10,6,0.04239431533352985
26,10,7,0.0421276959979918
26,10,8,0.04220410288425235
26,10,9,0.042127680449550606
26,10,10,0.04237148074436675
26,11,1,0.042128481580044154
26,11,2,0.04212766785588813
26,11,3,0.04212773165656756
26,11,4,0.04229008264456083
26,11,5,0.042128201180655495
26,11,6,0.04239522352437159
26,11,7,0.04212769601773171
26,11,8,0.042204148669437544
26,11,9,0.04212768045794374
26,11,10,0.042371752093464096
26,12,1,0.042128474228774006
26,12,2,0.04212766798270674
26,12,3,0.042127731553137045
26,12,4,0.042289719325199135
26,12,5,0.042128200308656355
26,12,6,0.04239416260234251
26,12,7,0.04212769593069015
26,12,8,0.04220394238023542
26,12,9,0.042127680407123266
26,12,10,0.04237129271087378
26,13,1,0.04212847410239315
26,13,2,0.042127667990815104
26,13,3,0.04212773153605212
26,13,4,0.042289714685319425
26,13,5,0.042128200260212835
26,13,6,0.04239476596810276
26,13,7,0.042127696011086145
26,13,8,0.04220397105841334
26,13,9,0.042127680413663916
26,13,10,0.04237105746713972
26,14,1,0.0421284801534849
26,14,2,0.042127667989668625
26,14,3,0.042127731560943814
26,14,4,0.04228982070055733
26,14,5,0.042128200731295785
26,14,6,0.04239436710899208
26,14,7,0.042127695950819465
26,14,8,0.04220400666710069
26,14,9,0.04212768041873482
26,14,10,0.042371104812193416
26,15,1,0.04212847424410471
26,15,2,0.04212766802836353
26,15,3,0.04212773153649176
26,15,4,0.04228915960392546
26,15,5,0.042128202320878445
26,15,6,0.04239501117414516
26,15,7,0.04212769591978004
26,15,8,0.04220398092910069
26,15,9,0.04212768041187824
26,15,10,0.04237237756204218
26,16,1,0.042128480243980054
26,16,2,0.04212766799971605
26,16,3,0.04212773156741136
26,16,4,0.04228922363781056
26,16,5,0.042128200861154444
26,16,6,0.04239440187860382
26,16,7,0.04212769596680068
26,16,8,0.04220397493179663
26,16,9,0.042127680423306856
26,16,10,0.042371241862683366
26,17,1,0.04212848004926097
26,17,2,0.04212766799091108
26,17,3,0.04212773154765341
26,17,4,0.04228985928883198
26,17,5,0.04212820075526315
26,17,6,0.04239422395068271
26,17,7,0.04212769603217872
26,17,8,0.042204316993749914
26,17,9,0.042127680412746116
26,17,10,0.04237251880282004
26,18,1,0.04212847439616099
26,18,2,0.04212766803244898
26,18,3,0.04212773157746756
26,18,4,0.042289185648105576
26,18,5,0.04212820083087255
26,18,6,0.04239469243776949
26,18,7,0.04212769595139404
26,18,8,0.0422040003058484
26,18,9,0.04212768042816933
26,18,10,0.04237140652344824
26,19,1,0.042128471002567176
26,19,2,0.0421276679261001
26,19,3,0.04212773862643879
26,19,4,0.04228832565257613
26,19,5,0.04212819865842603
26,19,6,0.04239426761665748
26,19,7,0.04212769578899637
26,19,8,0.04220389213740123
26,19,9,0.04212768032551661
26,19,10,0.042371252960247754
26,20,1,0.04212847588309449
26,20,2,0.04212766793844207
26,20,3,0.042127738708965606
26,20,4,0.042288398857467865
26,20,5,0.042128199486301456
26,20,6,0.04239362275976689
26,20,7,0.04212769579746468
26,20,8,0.042204044812020954
26,20,9,0.04212768028211793
26,20,10,0.042370554953111504
26,21,1,0.042128471306178306
26,21,2,0.04212766793405276
26,21,3,0.04212773851937003
26,21,4,0.04228919838051046
26,21,5,0.04212820004014255
26,21,6,0.04239465457283709
26,21,7,0.042127695756710534
26,21,8,0.04220399026094924
26,21,9,0.04212768029154575
26,21,10,0.04237170253597946
26,22,1,0.042128470998900325
26,22,2,0.042127667927300626
26,22,3,0.04212773872063121
26,22,4,0.04228883330268226
26,22,5,0.04212819957238271
26,22,6,0.04239370778502376
26,22,7,0.042127695810886594
26,22,8,0.04220403722845575
26,22,9,0.04212768032761338
26,22,10,0.04237064093987533
26,23,1,0.04212912928224803
26,23,2,0.04212766788044288
26,23,3,0.042127738378500736
26,23,4,0.04228914498048265
26,23,5,0.04212819894301714
26,23,6,0.04239452006263544
26,23,7,0.042127695717537966
26,23,8,0.04220389817831868
26,23,9,0.0421276802226869
26,23,10,0.04237166164014879
26,24,1,0.04212911807212123
26,24,2,0.04212766848518761
26,24,3,0.042127738669413196
26,24,4,0.04228917481379651
26,24,5,0.04212819919877313
26,24,6,0.042394869539043804
26,24,7,0.0421276956055284
26,24,8,0.042203816606724086
26,24,9,0.04212768018692052
26,24,10,0.04237179771453382
27,1,1,0.042129082717014
27,1,2,0.04212865666135065
27,1,3,0.04212869062542763
27,1,4,0.04220471591340851
27,1,5,0.04212893277996963
27,1,6,0.042255027063583896
27,1,7,0.042128665203033544
27,1,8,0.04216575236762486
27,1,9,0.04212866404914636
27,1,10,0.04224681541773028
27,2,1,0.042129061116908686
27,2,2,0.042128657189029986
27,2,3,0.042128688384959576
27,2,4,0.042202212963705084
27,2,5,0.042128923831775855
27,2,6,0.042250694677731813
27,2,7,0.042128670072287634
27,2,8,0.04216377647499585
27,2,9,0.042128662825869766
27,2,10,0.04224030307745642
27,3,1,0.04212906456824424
27,3,2,0.04212865701705319
27,3,3,0.042128688690537985
27,3,4,0.04220264938181318
27,3,5,0.042128923507403604
27,3,6,0.042250563816631684
27,3,7,0.042128670043545424
27,3,8,0.04216375163410975
27,3,9,0.04212866327907938
27,3,10,0.042241221952042454
27,4,1,0.04212906221030997
27,4,2,0.04212865705313178
27,4,3,0.04212868814846426
27,4,4,0.04220175752181996
27,4,5,0.04212892226869253
27,4,6,0.042250046512129526
27,4,7,0.04212867092138217
27,4,8,0.04216366886716909
27,4,9,0.042128663177392174
27,4,10,0.042239657212906845
27,5,1,0.04212905906955049
27,5,2,0.042128657065400886
27,5,3,0.042128688174628566
27,5,4,0.04220183537028815
27,5,5,0.04212892249587422
27,5,6,0.04225026730812034
27,5,7,0.0421286709390148
27,5,8,0.0421636900484756
27,5,9,0.042128663116883285
27,5,10,0.04224052471580141
27,6,1,0.0421290601313964
27,6,2,0.042128657254795636
27,6,3,0.042128687979501575
27,6,4,0.04220174993500659
27,6,5,0.04212892125391042
27,6,6,0.04224973965633722
27,6,7,0.04212867075110192
27,6,8,0.04216363534360594
27,6,9,0.042128663050082886
27,6,10,0.04223969910264157
27,7,1,0.042129056890155184
27,7,2,0.04212865725211928
27,7,3,0.042128688198078953
27,7,4,0.04220169972538645
27,7,5,0.04212892111397286
27,7,6,0.042249984688803144
27,7,7,0.042128670777897004
27,7,8,0.042163488016820155
27,7,9,0.04212866307877963
27,7,10,0.042239591722549916
27,8,1,0.04212905723496477
27,8,2,0.042128657231870925
27,8,3,0.04212868823706953
27,8,4,0.04220180962694832
27,8,5,0.042128921368058805
27,8,6,0.042250195014016396
27,8,7,0.04212867075555063
27,8,8,0.04216364165285633
27,8,9,0.042128663094452797
27,8,10,0.04223927923433882
27,9,1,0.042129060368622046
27,9,2,0.04212865723954959
27,9,3,0.042128688249071254
27,9,4,0.04220160557091677
27,9,5,0.04212892151159096
27,9,6,0.04225033670174792
27,9,7,0.0421286707663765
27,9,8,0.042163667599317306
27,9,9,0.04212866305435134
27,9,10,0.04223980958401393
27,10,1,0.04212906040089113
27,10,2,0.04212865724457493
27,10,3,0.04212868824953553
27,10,4,0.042201895819341195
27,10,5,0.04212892156802817
27,10,6,0.04225009746437491
27,10,7,0.04212867076359017
27,10,8,0.04216356057244772
27,10,9,0.04212866305072622
27,10,10,0.04223936418068607
27,11,1,0.04212906056790763
27,11,2,0.04212865724899843
27,11,3,0.04212868800402901
27,11,4,0.04220194967958289
27,11,5,0.042128921644786425
27,11,6,0.04225051884652321
27,11,7,0.04212867078433097
27,11,8,0.042163580997383474
27,11,9,0.04212866305627477
27,11,10,0.042239490530816104
27,12,1,0.04212905688795718
27,12,2,0.042128657304851755
27,12,3,0.04212868794484876
27,12,4,0.04220178570402807
27,12,5,0.04212892120074641
27,12,6,0.042250025468532335
27,12,7,0.04212867073723097
27,12,8,0.04216349057803372
27,12,9,0.04212866303516841
27,12,10,0.042239277728147985
27,13,1,0.042129056817036964
27,13,2,0.04212865731475911
27,13,3,0.04212868793508472
27,13,4,0.04220178379823785
27,13,5,0.04212892117795072
27,13,6,0.04225030413401543
27,13,7,0.042128670782779994
27,13,8,0.04216350351739563
27,13,9,0.042128663032995846
27,13,10,0.0422391683301977
27,14,1,0.04212905984358267
27,14,2,0.042128657308411886
27,14,3,0.04212868794920783
27,14,4,0.042201831744685205
27,14,5,0.042128921431164985
27,14,6,0.042250121322130886
27,14,7,0.0421286707477792
27,14,8,0.04216351936554886
27,14,9,0.04212866303937565
27,14,10,0.042239190300131214
27,15,1,0.04212905689312845
27,15,2,0.04212865732312238
27,15,3,0.042128687938973175
27,15,4,0.042201535085481905
27,15,5,0.042128922229676256
27,15,6,0.042250419836882894
27,15,7,0.042128670746431215
27,15,8,0.0421635089339236
27,15,9,0.042128663030656946
27,15,10,0.04223978092603274
27,16,1,0.04212905989713345
27,16,2,0.0421286573116089
27,16,3,0.04212868796016188
27,16,4,0.04220156400510195
27,16,5,0.04212892150373587
27,16,6,0.04225013787499628
27,16,7,0.042128670752899534
27,16,8,0.042163506700243256
27,16,9,0.042128663044933866
27,16,10,0.04223925451252757
27,17,1,0.04212905981013181
27,17,2,0.04212865731295296
27,17,3,0.042128687946452754
27,17,4,0.042201850267069956
27,17,5,0.042128921457132984
27,17,6,0.04225005396585409
27,17,7,0.04212867078808428
27,17,8,0.042163658118488566
27,17,9,0.042128663033683754
27,17,10,0.04223984813976383
27,18,1,0.04212905696716962
27,18,2,0.04212865733010212
27,18,3,0.042128687955780564
27,18,4,0.042201545617835706
27,18,5,0.04212892148412653
27,18,6,0.04225027383103674
27,18,7,0.04212867074806058
27,18,8,0.042163518972369814
27,18,9,0.04212866304330663
27,18,10,0.04223933077433692
27,19,1,0.0421290552777632
27,19,2,0.042128657274457984
27,19,3,0.04212869137521575
27,19,4,0.04220115617340891
27,19,5,0.04212892039287535
27,19,6,0.04225007258743462
27,19,7,0.04212867066714477
27,19,8,0.04216347137289814
27,19,9,0.04212866300093019
27,19,10,0.04223925631174083
27,20,1,0.042129057720454735
27,20,2,0.04212865727935063
27,20,3,0.04212869141368593
27,20,4,0.04220118931831232
27,20,5,0.04212892081850091
27,20,6,0.04224977728772283
27,20,7,0.04212867067263087
27,20,8,0.042163539839574236
27,20,9,0.04212866297896555
27,20,10,0.04223893560248347
27,21,1,0.042129055427139954
27,21,2,0.04212865727690396
27,21,3,0.0421286913221463
27,21,4,0.042201551571782875
27,21,5,0.04212892110873209
27,21,6,0.04225025149406495
27,21,7,0.04212867065750878
27,21,8,0.04216351511296574
27,21,9,0.04212866298083662
27,21,10,0.04223946601899037
27,22,1,0.042129055273392044
27,22,2,0.04212865727985252
27,22,3,0.04212869142447775
27,22,4,0.042201386668763774
27,22,5,0.04212892086153005
27,22,6,0.042249811788147455
27,22,7,0.042128670676151704
27,22,8,0.04216353617671374
27,22,9,0.042128662994907945
27,22,10,0.042238972601982866
27,23,1,0.04212938105772781
27,23,2,0.04212865726091986
27,23,3,0.04212869125436277
27,23,4,0.04220152848782875
27,23,5,0.04212892053645163
27,23,6,0.04225019381939918
27,23,7,0.0421286706310227
27,23,8,0.042163475282002434
27,23,9,0.04212866294398491
27,23,10,0.04223944889713511
27,24,1,0.04212937545191545
27,24,2,0.04212865733420762
27,24,3,0.04212869138938479
27,24,4,0.04220154309349261
27,24,5,0.042128920664333096
27,24,6,0.04225035744006304
27,24,7,0.04212867057923943
27,24,8,0.042163439117169
27,24,9,0.042128662935762354
27,24,10,0.042239512728062326
28,1,1,-1.8681776315649996
28,1,2,-1.8681780788855675
28,1,3,-1.8681780442254912
28,1,4,-1.8681076929572105
28,1,5,-1.8681777893272378
28,1,6,-1.868067762914044
28,1,7,-1.8681780695518355
28,1,8,-1.868142530238382
28,1,9,-1.868178070687701
28,1,10,-1.8680765060971696
28,2,1,-1.3780265052725535
28,2,2,-1.3780269593094931
28,2,3,-1.378026924878321
28,2,4,-1.3779592143388215
28,2,5,-1.378026663278461
28,2,6,-1.3779180128067696
28,2,7,-1.3780269448361009
28,2,8,-1.3779922821560278
28,2,9,-1.378026955538873
28,2,10,-1.3779273433913153
28,3,1,-1.3576070063313999
28,3,2,-1.357607462991939
28,3,3,-1.3576074280160784
28,3,4,-1.3575388841044849
28,3,5,-1.3576071664994271
28,3,6,-1.3574993973160736
28,3,7,-1.3576074485471799
28,3,8,-1.3575727518658405
28,3,9,-1.3576074576512769
28,3,10,-1.3575076742642243
28,4,1,-1.2815518153436714
28,4,2,-1.2815522432028723
28,4,3,-1.281552209637029
28,4,4,-1.2814824627519164
28,4,5,-1.2815519640744553
28,4,6,-1.2814376410739265
28,4,7,-1.2815522273031326
28,4,8,-1.2815176120616882
28,4,9,-1.2815522357547866
28,4,10,-1.281447745044365
28,5,1,-1.2925964155400096
28,5,2,-1.292596845992257
28,5,3,-1.292596812969823
28,5,4,-1.2925281621258937
28,5,5,-1.2925965650241893
28,5,6,-1.29248489157684
28,5,7,-1.2925968305182602
28,5,8,-1.292562029143137
28,5,9,-1.2925968388440565
28,5,10,-1.2924945335838018
28,6,1,-1.215059838549563
28,6,2,-1.215060262245976
28,6,3,-1.2150602290282235
28,6,4,-1.2149861212451738
28,6,5,-1.215059983741639
28,6,6,-1.2149335463250486
28,6,7,-1.215060247190085
28,6,8,-1.2150246632779658
28,6,9,-1.215060255601809
28,6,10,-1.214945605584066
28,7,1,-1.2007397690693735
28,7,2,-1.200740188402473
28,7,3,-1.2007401555950958
28,7,4,-1.2006638167707633
28,7,5,-1.2007399108309493
28,7,6,-1.20060769690772
28,7,7,-1.2007401736544823
28,7,8,-1.2007041644632332
28,7,9,-1.2007401816337677
28,7,10,-1.20062076928035
28,8,1,-1.2140383489072548
28,8,2,-1.2140387680797575
28,8,3,-1.2140387350660904
28,8,4,-1.2139645184140322
28,8,5,-1.2140384905773007
28,8,6,-1.2139114507562039
28,8,7,-1.2140387531504626
28,8,8,-1.2140031546471706
28,8,9,-1.2140387611313714
28,8,10,-1.2139237011537287
28,9,1,-1.2212814227112165
28,9,2,-1.2212818496953695
28,9,3,-1.2212818150259246
28,9,4,-1.2212088973225783
28,9,5,-1.2212815689351517
28,9,6,-1.2211572080425392
28,9,7,-1.2212818338046731
28,9,8,-1.2212464785615202
28,9,9,-1.2212818426293663
28,9,10,-1.2211692958818081
28,10,1,-1.221255888653283
28,10,2,-1.2212563217185386
28,10,3,-1.2212562863935028
28,10,4,-1.2211831295577813
28,10,5,-1.2212560401774393
28,10,6,-1.221131932190473
28,10,7,-1.2212563052572167
28,10,8,-1.221221047681999
28,10,9,-1.2212563144098396
28,10,10,-1.2211432205273474
28,11,1,-1.226864783189888
28,11,2,-1.2268652192197604
28,11,3,-1.2268651830230224
28,11,4,-1.2267927222644754
28,11,5,-1.226864934908838
28,11,6,-1.2267422784318822
28,11,7,-1.2268652020609745
28,11,8,-1.2268300803424868
28,11,9,-1.2268652118227383
28,11,10,-1.226754427195822
28,12,1,-1.1965419516667537
28,12,2,-1.19654237541692
28,12,3,-1.1965423412913154
28,12,4,-1.1964636304424112
28,12,5,-1.196542095920979
28,12,6,-1.1964081834306273
28,12,7,-1.196542359490056
28,12,8,-1.1965062033041582
28,12,9,-1.1965423678938143
28,12,10,-1.196421696512721
28,13,1,-1.1938742818083088
28,13,2,-1.1938747037239086
28,13,3,-1.193874669639913
28,13,4,-1.1937955171886667
28,13,5,-1.1938744245330395
28,13,6,-1.193738935471261
28,13,7,-1.1938746877619264
28,13,8,-1.1938383926302694
28,13,9,-1.1938746962164077
28,13,10,-1.1937530102990845
28,14,1,-1.2001433110565691
28,14,2,-1.200143742616087
28,14,3,-1.200143707812891
28,14,4,-1.2000673765391288
28,14,5,-1.2001434616303113
28,14,6,-1.200011423128592
28,14,7,-1.2001437261418995
28,14,8,-1.2001077469631323
28,14,9,-1.2001437349510364
28,14,10,-1.200024867393845
28,15,1,-1.196297360202225
28,15,2,-1.1962977910574668
28,15,3,-1.1962977574188598
28,15,4,-1.1962210165124738
28,15,5,-1.1962975104738032
28,15,6,-1.196163342162841
28,15,7,-1.1962977755423634
28,15,8,-1.1962615607204823
28,15,9,-1.196297783853087
28,15,10,-1.1961766684824966
28,16,1,-1.200202174844862
28,16,2,-1.2002025999663597
28,16,3,-1.2002025663564182
28,16,4,-1.2001265824199001
28,16,5,-1.2002023205509245
28,16,6,-1.2000704039202812
28,16,7,-1.2002025844638808
28,16,8,-1.2001665987332744
28,16,9,-1.2002025929521243
28,16,10,-1.2000837407908589
28,17,1,-1.1973341927391796
28,17,2,-1.197334618371512
28,17,3,-1.1973345855232473
28,17,4,-1.1972577579069434
28,17,5,-1.1973343389831785
28,17,6,-1.1972012150361726
28,17,7,-1.1973346036959924
28,17,8,-1.197300331103779
28,17,9,-1.197334611946621
28,17,10,-1.1972138714052196
28,18,1,-1.1967212395012508
28,18,2,-1.1967216597127155
28,18,3,-1.1967216277611399
28,18,4,-1.19664499888794
28,18,5,-1.196721382348006
28,18,6,-1.196587508771643
28,18,7,-1.1967216456809235
28,18,8,-1.1966854211060445
28,18,9,-1.1967216534219784
28,18,10,-1.196600891093585
28,19,1,-1.127144600632684
28,19,2,-1.1271450338239426
28,19,3,-1.1271449943132612
28,19,4,-1.1270377772440947
28,19,5,-1.1271447477443597
28,19,6,-1.1269495007846442
28,19,7,-1.1271450183438347
28,19,8,-1.1270997562761729
28,19,9,-1.1271450269263315
28,19,10,-1.1269686233364336
28,20,1,-1.1305147816637222
28,20,2,-1.1305152156445322
28,20,3,-1.1305151768248733
28,20,4,-1.1304109322590814
28,20,5,-1.1305149300286355
28,20,6,-1.1303247280884334
28,20,7,-1.1305152006076065
28,20,8,-1.13047062676927
28,20,9,-1.130515209095787
28,20,10,-1.1303431384416682
28,21,1,-1.1338281064902633
28,21,2,-1.1338285374994739
28,21,3,-1.133828499005547
28,21,4,-1.1337261368896852
28,21,5,-1.1338282517507485
28,21,6,-1.1336412829949662
28,21,7,-1.1338285226550686
28,21,8,-1.1337848347581652
28,21,9,-1.1338285309293905
28,21,10,-1.133659850643088
28,22,1,-1.126699575736892
28,22,2,-1.1267000106212397
28,22,3,-1.1266999706824614
28,22,4,-1.1265918983699148
28,22,5,-1.1266997224667163
28,22,6,-1.1265044716912809
28,22,7,-1.1266999946798721
28,22,8,-1.1266542198041611
28,22,9,-1.1267000035337602
28,22,10,-1.1265236398623373
28,23,1,-1.1018692824099046
28,23,2,-1.1018700758480822
28,23,3,-1.1018700475422751
28,23,4,-1.1017357730389599
28,23,5,-1.1018698007142527
28,23,6,-1.1016381668535833
28,23,7,-1.1018700664570977
28,23,8,-1.1018125907506162
28,23,9,-1.1018700731422957
28,23,10,-1.101659102780682
28,24,1,-1.0730511858664686
28,24,2,-1.073052002038399
28,24,3,-1.0730519695116096
28,24,4,-1.0728859104434354
28,24,5,-1.0730517220003886
28,24,6,-1.0727835923132718
28,24,7,-1.0730519909217184
28,24,8,-1.0729885538320274
28,24,9,-1.0730519978455666
28,24,10,-1.0728059263519167
29,1,1,-1.937885585749433
29,1,2,-1.937885901486291
29,1,3,-1.9378858769599252
29,1,4,-1.9378349362940712
29,1,5,-1.937885697403115
29,1,6,-1.9378060740518208
29,1,7,-1.937885894736694
29,1,8,-1.9378605108606164
29,1,9,-1.9378858954120073
29,1,10,-1.9378129324429085
29,2,1,-1.4351024854630934
29,2,2,-1.4351027948482238
29,2,3,-1.4351027707658142
29,2,4,-1.4350566347601408
29,2,5,-1.4351025932295038
29,2,6,-1.4350284006312666
29,2,7,-1.4351027843585076
29,2,8,-1.4350791720161398
29,2,9,-1.435102791724425
29,2,10,-1.4350348537783695
29,3,1,-1.4142395127692022
29,3,2,-1.4142398236062426
29,3,3,-1.4142397990981297
29,3,4,-1.4141930824225049
29,3,5,-1.4142396213515682
29,3,6,-1.4141647883947663
29,3,7,-1.414239813135825
29,3,8,-1.4142161791663956
29,3,9,-1.4142398189957954
29,3,10,-1.414170548890184
29,4,1,-1.3365907775848709
29,4,2,-1.336591070948643
29,4,3,-1.3365910474952054
29,4,4,-1.336542771990501
29,4,5,-1.3365908797570982
29,4,6,-1.3365116532968486
29,4,7,-1.336591059671638
29,4,8,-1.3365671870562637
29,4,9,-1.3365910655495963
29,4,10,-1.3365185826231498
29,5,1,-1.3478610889466314
29,5,2,-1.3478613836228395
29,5,3,-1.3478613607066352
29,5,4,-1.3478141710691351
29,5,5,-1.347861191846599
29,5,6,-1.3477844258538594
29,5,7,-1.3478613727724775
29,5,8,-1.347837392085905
29,5,9,-1.3478613785033748
29,5,10,-1.3477911222440335
29,6,1,-1.2687808893834243
29,6,2,-1.268781178227866
29,6,3,-1.2687811552534056
29,6,4,-1.2687302184770992
29,6,5,-1.2687809883480294
29,6,6,-1.2686937722138696
29,6,7,-1.26878116768739
29,6,8,-1.2687567905500496
29,6,9,-1.2687811735690284
29,6,10,-1.2687021112115302
29,7,1,-1.2541861738375102
29,7,2,-1.2541864594746512
29,7,3,-1.2541864368411215
29,7,4,-1.2541339150279258
29,7,5,-1.2541862703443756
29,7,6,-1.2540949834808293
29,7,7,-1.254186449174718
29,7,8,-1.254161771507828
29,7,9,-1.2541864547456532
29,7,10,-1.2541040240472372
29,8,1,-1.2677396995495407
29,8,2,-1.26773998505276
29,8,3,-1.2677399623290782
29,8,4,-1.2676889471550599
29,8,5,-1.2677397958428698
29,8,6,-1.26765215285702
29,8,7,-1.2677399746860905
29,8,8,-1.2677155893784202
29,8,9,-1.2677399802738307
29,8,10,-1.2676604283040105
29,9,1,-1.275122813265538
29,9,2,-1.2751231043141615
29,9,3,-1.2751230802938136
29,9,4,-1.2750729799963552
29,9,5,-1.275122912738185
29,9,6,-1.2750371721206037
29,9,7,-1.2751230931348032
29,9,8,-1.2750988863191197
29,9,9,-1.2751230992628186
29,9,10,-1.2750455552165756
29,10,1,-1.2750967842931997
29,10,2,-1.275097081368812
29,10,3,-1.2750970567291635
29,10,4,-1.275046797130238
29,10,5,-1.2750968890061902
29,10,6,-1.275011316535364
29,10,7,-1.275097069608621
29,10,8,-1.2750729352316263
29,10,9,-1.2750970760277174
29,10,10,-1.2750188364824508
29,11,1,-1.2808146925659691
29,11,2,-1.2808149913183868
29,11,3,-1.280814965891361
29,11,4,-1.2807652110186636
29,11,5,-1.2808147970431312
29,11,6,-1.2807302788928783
29,11,7,-1.280814978933794
29,11,8,-1.2807909516073814
29,11,9,-1.2808149858108504
29,11,10,-1.2807386741846254
29,12,1,-1.2499084638073017
29,12,2,-1.2499087534535689
29,12,3,-1.249908729476967
29,12,4,-1.2498540604911852
29,12,5,-1.2499085625438378
29,12,6,-1.2498160478084075
29,12,7,-1.2499087420730952
29,12,8,-1.2498839788434237
29,12,9,-1.249908747988189
29,12,10,-1.2498253944270394
29,13,1,-1.247190168120024
29,13,2,-1.2471904560973832
29,13,3,-1.2471904320320275
29,13,4,-1.2471354823209206
29,13,5,-1.2471902652898683
29,13,6,-1.2470966667310348
29,13,7,-1.2471904445435356
29,13,8,-1.2471655912080901
29,13,9,-1.24719045051075
29,13,10,-1.2471063689966129
29,14,1,-1.2535783488227985
29,14,2,-1.2535786447634496
29,14,3,-1.2535786203234065
29,14,4,-1.2535261335197863
29,14,5,-1.2535784528303113
29,14,6,-1.2534873340113533
29,14,7,-1.2535786329147778
29,14,8,-1.2535540234139935
29,14,9,-1.2535786391591068
29,14,10,-1.2534966021824134
29,15,1,-1.2496592264904822
29,15,2,-1.2496595228788994
29,15,3,-1.2496594993260792
29,15,4,-1.2496067264470605
29,15,5,-1.2496593314834832
29,15,6,-1.2495667510046056
29,15,7,-1.2496595117902012
29,15,8,-1.249634734870772
29,15,9,-1.2496595176811616
29,15,10,-1.2495759227369942
29,16,1,-1.253638334196016
29,16,2,-1.2536386237408526
29,16,3,-1.2536386004297264
29,16,4,-1.253586371779954
29,16,5,-1.2536384333267474
29,16,6,-1.2535474452875282
29,16,7,-1.25363861282606
29,16,8,-1.2536139993853566
29,16,9,-1.253638618760796
29,16,10,-1.2535566221635697
29,17,1,-1.2507157635839483
29,17,2,-1.2507160531409096
29,17,3,-1.25071603063699
29,17,4,-1.2506632324453497
29,17,5,-1.2507158630031077
29,17,6,-1.2506240387392689
29,17,7,-1.25071604294216
29,17,8,-1.2506933080379763
29,17,9,-1.2507160486516529
29,17,10,-1.2506327307968124
29,18,1,-1.250091158737865
29,18,2,-1.250091444234486
29,18,3,-1.250091422505051
29,18,4,-1.250038772303912
29,18,5,-1.250091255908042
29,18,6,-1.249998907777502
29,18,7,-1.250091434666951
29,18,8,-1.2500666680324057
29,18,9,-1.2500914400314094
29,18,10,-1.250008029166303
29,19,1,-1.1792308931518487
29,19,2,-1.1792311871335326
29,19,3,-1.1792311601909535
29,19,4,-1.1791571595261685
29,19,5,-1.1792309930234939
29,19,6,-1.1790966078348164
29,19,7,-1.1792311765730326
29,19,8,-1.179199997534717
29,19,9,-1.1792311824580752
29,19,10,-1.1791094787425884
29,20,1,-1.182661480120612
29,20,2,-1.1826617746591865
29,20,3,-1.1826617481925121
29,20,4,-1.1825899201704766
29,20,5,-1.1826615807552316
29,20,6,-1.1825307129055236
29,20,7,-1.1826617644260256
29,20,8,-1.1826310630252732
29,20,9,-1.1826617702329034
29,20,10,-1.1825429354838881
29,21,1,-1.1860343662920951
29,21,2,-1.1860346588449635
29,21,3,-1.186034632557086
29,21,4,-1.1859641397818983
29,21,5,-1.1860344649558292
29,21,6,-1.1859058118311037
29,21,7,-1.1860346486568087
29,21,8,-1.1860046082092395
29,21,9,-1.1860346543308582
29,21,10,-1.1859182758316624
29,22,1,-1.1787779061035286
29,22,2,-1.178778200928528
29,22,3,-1.1787781736478915
29,22,4,-1.1787038781613939
29,22,5,-1.1787780054420969
29,22,6,-1.1786442234336127
29,22,7,-1.178778189996513
29,22,8,-1.1787467273884302
29,22,9,-1.1787781961386437
29,22,10,-1.1786569831722509
29,23,1,-1.1535084250887293
29,23,2,-1.1535089637908629
29,23,3,-1.1535089439662094
29,23,4,-1.1534171882529156
29,23,5,-1.1535087766694871
29,23,6,-1.153350801688256
29,23,7,-1.1535089572065944
29,23,8,-1.1534695003524755
29,23,9,-1.1535089619371124
29,23,10,-1.1533648896436872
29,24,1,-1.1241927456075804
29,24,2,-1.1241932955271576
29,24,3,-1.1241932713463965
29,24,4,-1.124080509721895
29,24,5,-1.1241931072062996
29,24,6,-1.124011132726242
29,24,7,-1.1241932874649476
29,24,8,-1.1241556840470588
29,24,9,-1.1241932926514238
29,24,10,-1.1240262178387934
30,1,1,-2.0146682588188516
30,1,2,-2.014668436196976
30,1,3,-2.0146684223154128
30,1,4,-2.014637873580244
30,1,5,-2.0146683220472945
30,1,6,-2.01462061017708
30,1,7,-2.0146684322861583
30,1,8,-2.014653704186129
30,1,9,-2.0146684323318884
30,1,10,-2.0146254910782972
30,2,1,-1.4961779194087381
30,2,2,-1.4961780757191914
30,2,3,-1.4961780623930068
30,2,4,-1.496154354171743
30,2,5,-1.496177973716842
30,2,6,-1.4961394352999764
30,2,7,-1.496178069373555
30,2,8,-1.4961660096815015
30,2,9,-1.4961780731134724
30,2,10,-1.496142867452784
30,3,1,-1.474764360690964
30,3,2,-1.474764517683968
30,3,3,-1.4747645040278963
30,3,4,-1.474740449409645
30,3,5,-1.4747644147095051
30,3,6,-1.4747254379137307
30,3,7,-1.4747645112661882
30,3,8,-1.4747524221099608
30,3,9,-1.4747645148696835
30,3,10,-1.4747284288210574
30,4,1,-1.3951372622506797
30,4,2,-1.3951374123757314
30,4,3,-1.3951373996140453
30,4,4,-1.3951122129234597
30,4,5,-1.3951373146166337
30,4,6,-1.3950956596927684
30,4,7,-1.395137405927436
30,4,8,-1.3951250991525046
30,4,9,-1.395137409149989
30,4,10,-1.3950991857025865
30,5,1,-1.406687793823016
30,5,2,-1.4066879441493052
30,5,3,-1.4066879316900647
30,5,4,-1.4066627652185566
30,5,5,-1.4066878448300468
30,5,6,-1.4066466481699678
30,5,7,-1.406687938006087
30,5,8,-1.406675602137685
30,5,9,-1.4066879410979476
30,5,10,-1.40665037102916
30,6,1,-1.3256910520785603
30,6,2,-1.3256912016917441
30,6,3,-1.3256911893183525
30,6,4,-1.3256636851363555
30,6,5,-1.3256911032043264
30,6,6,-1.3256430679118694
30,6,7,-1.3256911957764574
30,6,8,-1.3256782758917156
30,6,9,-1.3256911990088087
30,6,10,-1.3256477518337466
30,7,1,-1.3107552901388786
30,7,2,-1.3107554378208406
30,7,3,-1.31075542576161
30,7,4,-1.3107268601391666
30,7,5,-1.3107553398589582
30,7,6,-1.310704655097189
30,7,7,-1.3107554322408383
30,7,8,-1.31074230241871
30,7,9,-1.310755435288756
30,7,10,-1.3107097743836613
30,8,1,-1.324625399729091
30,8,2,-1.3246255476540918
30,8,3,-1.3246255354700258
30,8,4,-1.324597952168289
30,8,5,-1.3246254494650418
30,8,6,-1.3245770904107828
30,8,7,-1.3246255419117594
30,8,8,-1.3246126030567567
30,8,9,-1.3246255449945628
30,8,10,-1.3245814721659113
30,9,1,-1.3321824028782803
30,9,2,-1.3321825538317311
30,9,3,-1.3321825407660937
30,9,4,-1.3321555113114556
30,9,5,-1.3321824542498797
30,9,6,-1.3321352779066624
30,9,7,-1.3321825475248883
30,9,8,-1.3321697195474378
30,9,9,-1.3321825508607554
30,9,10,-1.3321400353115027
30,10,1,-1.3321557642902093
30,10,2,-1.3321559162278744
30,10,3,-1.3321559025789236
30,10,4,-1.332128760799992
30,10,5,-1.3321558159385767
30,10,6,-1.3321086817981438
30,10,7,-1.332155909392834
30,10,8,-1.3321431156235766
30,10,9,-1.3321559128923761
30,10,10,-1.3321125041327322
30,11,1,-1.3380090320070472
30,11,2,-1.3380091855325258
30,11,3,-1.3380091712103057
30,11,4,-1.3379823498405388
30,11,5,-1.3380090840312833
30,11,6,-1.3379626312611557
30,11,7,-1.338009178067433
30,11,8,-1.3379964604290693
30,11,9,-1.3380091818802398
30,11,10,-1.337967365337918
30,12,1,-1.3063783688256716
30,12,2,-1.3063785191688055
30,12,3,-1.3063785055803079
30,12,4,-1.306349566610495
30,12,5,-1.3063784192927774
30,12,6,-1.30632679018262
30,12,7,-1.3063785122190712
30,12,8,-1.306365319534595
30,12,9,-1.3063785156918009
30,12,10,-1.306332111272217
30,13,1,-1.3035972026246245
30,13,2,-1.30359735267942
30,13,3,-1.303597339050317
30,13,4,-1.3035681498676825
30,13,5,-1.3035972527904605
30,13,6,-1.3035449571343312
30,13,7,-1.3035973456894754
30,13,8,-1.3035840954574065
30,13,9,-1.3035973491351651
30,13,10,-1.3035504411348637
30,14,1,-1.3101333535639517
30,14,2,-1.3101335051580676
30,14,3,-1.3101334913319318
30,14,4,-1.3101048871535579
30,14,5,-1.3101334046472066
30,14,6,-1.3100826635774494
30,14,7,-1.310133497971471
30,14,8,-1.3101204178711974
30,14,9,-1.3101335015349953
30,14,10,-1.310087907277924
30,15,1,-1.3061233689650622
30,15,2,-1.3061235186455247
30,15,3,-1.3061235055796905
30,15,4,-1.3060946935011253
30,15,5,-1.3061234187248045
30,15,6,-1.3060717901125014
30,15,7,-1.3061235121405677
30,15,8,-1.306110320732229
30,15,9,-1.3061235154977513
30,15,10,-1.3060769650433732
30,16,1,-1.3101947267587999
30,16,2,-1.3101948769400302
30,16,3,-1.310194864233949
30,16,4,-1.310166454886804
30,16,5,-1.310194777890669
30,16,6,-1.310144218946385
30,16,7,-1.3101948707611641
30,16,8,-1.3101818000305452
30,16,9,-1.310194874034989
30,16,10,-1.3101493841175647
30,17,1,-1.307204366791895
30,17,2,-1.3072045165584196
30,17,3,-1.307204504655867
30,17,4,-1.3071757465466998
30,17,5,-1.3072044183314393
30,17,6,-1.3071532927798202
30,17,7,-1.3072045111867705
30,17,8,-1.307193493024211
30,17,9,-1.3072045142553426
30,17,10,-1.3071581721410763
30,18,1,-1.3065652927425244
30,18,2,-1.3065654400787348
30,18,3,-1.3065654289552138
30,18,4,-1.306536746430073
30,18,5,-1.306565343093279
30,18,6,-1.3065138759509263
30,18,7,-1.306565435246105
30,18,8,-1.3065522713391438
30,18,9,-1.3065654381109528
30,18,10,-1.306518905443992
30,19,1,-1.2341106491772478
30,19,2,-1.234110800332407
30,19,3,-1.2341107861829057
30,19,4,-1.234068952719741
30,19,5,-1.2341107005956322
30,19,6,-1.234035419425536
30,19,7,-1.2341107948289072
30,19,8,-1.2340934876053276
30,19,9,-1.2341107978711077
30,19,10,-1.2340421318798733
30,20,1,-1.2376162829541109
30,20,2,-1.237616434814398
30,20,3,-1.2376164208953677
30,20,4,-1.2375760089284935
30,20,5,-1.2376163348202587
30,20,6,-1.237543006932957
30,20,7,-1.2376164294912408
30,20,8,-1.2375994199363767
30,20,9,-1.2376164324832053
30,20,10,-1.2375491691448777
30,21,1,-1.2410631655241027
30,21,2,-1.2410633162149372
30,21,3,-1.2410633023055575
30,21,4,-1.2410237243780218
30,21,5,-1.2410632162013204
30,21,6,-1.2409910819458425
30,21,7,-1.2410633108366709
30,21,8,-1.2410467736717121
30,21,9,-1.241063313846099
30,21,10,-1.2409975787767498
30,22,1,-1.23364776949153
30,22,2,-1.2336479209027649
30,22,3,-1.2336479063728039
30,22,4,-1.2336063661697318
30,22,5,-1.2336478203339298
30,22,6,-1.233573885556624
30,22,7,-1.2336479150896758
30,22,8,-1.2336305614455707
30,22,9,-1.2336479182995992
30,22,10,-1.2335803178918618
30,23,1,-1.2078325540641046
30,23,2,-1.207832831885972
30,23,3,-1.2078328201768262
30,23,4,-1.2077827489573438
30,23,5,-1.2078327342043853
30,23,6,-1.2077479370888384
30,23,7,-1.2078328285349953
30,23,8,-1.20781089686587
30,23,9,-1.207832830808832
30,23,10,-1.2077551064703653
30,24,1,-1.1778984441231128
30,24,2,-1.1778987168287152
30,24,3,-1.1778987038604003
30,24,4,-1.1778400562097697
30,24,5,-1.177898623031939
30,24,6,-1.1778045271753632
30,24,7,-1.177898711428154
30,24,8,-1.177887155060591
30,24,9,-1.1778987150757516
30,24,10,-1.1778121619961888
31,1,1,0.04207743315420639
31,1,2,0.04207700490393217
31,1,3,0.04207703969017822
31,1,4,0.0421587622845545
31,1,5,0.04207728244782756
31,1,6,0.042212202308935576
31,1,7,0.04207701361756705
31,1,8,0.042116443191001815
31,1,9,0.04207701256782505
31,1,10,0.04220363266578232
31,2,1,0.04207741152327083
31,2,2,0.04207700543050598
31,2,3,0.042077037397012136
31,2,4,0.04215606607498279
31,2,5,0.042077273474503164
31,2,6,0.042207638978228164
31,2,7,0.04207701864783472
31,2,8,0.04211429015482135
31,2,9,0.0420770113028213
31,2,10,0.04219673161546878
31,3,1,0.04207741495346108
31,3,2,0.04207700525312211
31,3,3,0.04207703770706782
31,3,4,0.04215654140359041
31,3,5,0.04207727314217921
31,3,6,0.042207499522306846
31,3,7,0.0420770186221364
31,3,8,0.04211426272836833
31,3,9,0.04207701176296089
31,3,10,0.04219771145401474
31,4,1,0.04207741259230956
31,4,2,0.04207700529400414
31,4,3,0.04207703715458448
31,4,4,0.042155574980960196
31,4,5,0.042077271912594805
31,4,6,0.042206955541513436
31,4,7,0.0420770195136649
31,4,8,0.04211417060075979
31,4,9,0.04207701166435015
31,4,10,0.04219604745084273
31,5,1,0.04207740946347328
31,5,2,0.04207700529736893
31,5,3,0.04207703717997314
31,5,4,0.0421556588631754
31,5,5,0.042077272138364416
31,5,6,0.042207189138213384
31,5,7,0.042077019538415465
31,5,8,0.04211419332754087
31,5,9,0.04207701159812308
31,5,10,0.04219697111759783
31,6,1,0.042077410520770776
31,6,2,0.04207700549819369
31,6,3,0.042077036977546
31,6,4,0.04215557229351898
31,6,5,0.042077270884217796
31,6,6,0.042206632868337805
31,6,7,0.04207701934548568
31,6,8,0.04211413457160993
31,6,9,0.04207701152705744
31,6,10,0.042196097348993974
31,7,1,0.04207740729135524
31,7,2,0.042077005489413774
31,7,3,0.04207703720001418
31,7,4,0.042155518100400205
31,7,5,0.042077270751587424
31,7,6,0.04220689710283878
31,7,7,0.042077019376831434
31,7,8,0.042113972829877215
31,7,9,0.04207701155858229
31,7,10,0.042195983583522605
31,8,1,0.04207740762263554
31,8,2,0.04207700546795416
31,8,3,0.04207703724143665
31,8,4,0.042155636041700265
31,8,5,0.04207727098884979
31,8,6,0.04220711887597983
31,8,7,0.04207701935175887
31,8,8,0.04211414096563888
31,8,9,0.042077011580792675
31,8,10,0.042195648043569504
31,9,1,0.04207741075768209
31,9,2,0.04207700547699473
31,9,3,0.04207703726005376
31,9,4,0.042155411733866784
31,9,5,0.04207727113383089
31,9,6,0.042207268106901036
31,9,7,0.04207701936592857
31,9,8,0.042114169041232254
31,9,9,0.042077011533101435
31,9,10,0.04219621286689066
31,10,1,0.04207741077695796
31,10,2,0.0420770054837775
31,10,3,0.04207703725875685
31,10,4,0.042155728769898135
31,10,5,0.04207727118440759
31,10,6,0.04220701181519497
31,10,7,0.04207701936057269
31,10,8,0.04211405186222629
31,10,9,0.04207701153587493
31,10,10,0.04219573826517038
31,11,1,0.04207741095007906
31,11,2,0.04207700548122947
31,11,3,0.0420770370016329
31,11,4,0.04215578643904948
31,11,5,0.04207727127222679
31,11,6,0.042207459161897116
31,11,7,0.04207701937013612
31,11,8,0.042114074063649094
31,11,9,0.04207701153844256
31,11,10,0.04219587236798333
31,12,1,0.04207740727190384
31,12,2,0.04207700554625978
31,12,3,0.04207703694602499
31,12,4,0.04215560919267273
31,12,5,0.04207727083741798
31,12,6,0.04220693571738051
31,12,7,0.04207701933494223
31,12,8,0.0421139749341493
31,12,9,0.042077011515636066
31,12,10,0.0421956464469651
31,13,1,0.04207740721331895
31,13,2,0.042077005551401536
31,13,3,0.04207703693515108
31,13,4,0.04215560712602126
31,13,5,0.04207727080710994
31,13,6,0.04220723321748392
31,13,7,0.04207701936934631
31,13,8,0.042113988882022106
31,13,9,0.042077011514117565
31,13,10,0.042195530379266474
31,14,1,0.04207741023187112
31,14,2,0.04207700554624144
31,14,3,0.04207703694940066
31,14,4,0.04215565898298772
31,14,5,0.04207727104646671
31,14,6,0.04220703683598506
31,14,7,0.04207701933782575
31,14,8,0.04211400613299987
31,14,9,0.042077011519736
31,14,10,0.042195554255166925
31,15,1,0.04207740727770649
31,15,2,0.0420770055672357
31,15,3,0.042077036940488276
31,15,4,0.042155336721478434
31,15,5,0.042077271851965546
31,15,6,0.04220735441621348
31,15,7,0.04207701933341404
31,15,8,0.04211399391549923
31,15,9,0.04207701151837453
31,15,10,0.04219618076267826
31,16,1,0.04207741028879048
31,16,2,0.04207700555469853
31,16,3,0.04207703695183837
31,16,4,0.042155367972791284
31,16,5,0.04207727111420548
31,16,6,0.04220705411285472
31,16,7,0.042077019344910205
31,16,8,0.04211399096922289
31,16,9,0.04207701151696597
31,16,10,0.042195621792269766
31,17,1,0.04207741018299631
31,17,2,0.04207700555212792
31,17,3,0.042077036944405906
31,17,4,0.042155678474337106
31,17,5,0.04207727106519071
31,17,6,0.04220696680727983
31,17,7,0.042077019381563496
31,17,8,0.042114156036043945
31,17,9,0.04207701152243429
31,17,10,0.042196250217452214
31,18,1,0.042077407358082485
31,18,2,0.042077005563997065
31,18,3,0.04207703695867043
31,18,4,0.04215534911318447
31,18,5,0.04207727110137665
31,18,6,0.04220719821227355
31,18,7,0.04207701934090239
31,18,8,0.042114003565733305
31,18,9,0.042077011518573675
31,18,10,0.04219570530216155
31,19,1,0.04207740566256961
31,19,2,0.0420770055205049
31,19,3,0.04207704044981491
31,19,4,0.04215492918521509
31,19,5,0.04207727001460048
31,19,6,0.042206988667927034
31,19,7,0.04207701926097775
31,19,8,0.042113951551765304
31,19,9,0.042077011473267374
31,19,10,0.042195628638397986
31,20,1,0.042077408100551536
31,20,2,0.042077005524199955
31,20,3,0.042077040491549415
31,20,4,0.042154965339834635
31,20,5,0.042077270436690746
31,20,6,0.04220667203525304
31,20,7,0.04207701926705715
31,20,8,0.042114026044193516
31,20,9,0.042077011451659395
31,20,10,0.042195287490529206
31,21,1,0.042077405816302905
31,21,2,0.04207700552007538
31,21,3,0.04207704039737744
31,21,4,0.0421553560373627
31,21,5,0.042077270718519064
31,21,6,0.04220718141364872
31,21,7,0.04207701924758937
31,21,8,0.04211399951494748
31,21,9,0.04207701145799947
31,21,10,0.042195851669113896
31,22,1,0.04207740565141791
31,22,2,0.0420770055195795
31,22,3,0.042077040501656615
31,22,4,0.042155180005693474
31,22,5,0.04207727048135306
31,22,6,0.04220671695906145
31,22,7,0.04207701926663344
31,22,8,0.04211402321273883
31,22,9,0.04207701147837304
31,22,10,0.042195332253008595
31,23,1,0.042077733440474475
31,23,2,0.04207700550223737
31,23,3,0.042077040329932404
31,23,4,0.04215533168030632
31,23,5,0.04207727016166139
31,23,6,0.04220711639511145
31,23,7,0.04207701922812642
31,23,8,0.042113955785195355
31,23,9,0.04207701142362458
31,23,10,0.04219583331281597
31,24,1,0.04207772785743768
31,24,2,0.042077005803163016
31,24,3,0.042077040470449245
31,24,4,0.042155345821830253
31,24,5,0.04207727029209745
31,24,6,0.04220728943394987
31,24,7,0.04207701916166469
31,24,8,0.04211391617475571
31,24,9,0.04207701140613687
31,24,10,0.04219590098882473
32,1,1,0.12944456029838497
32,1,2,0.12944343137282188
32,1,3,0.1294435202892271
32,1,4,0.12964587999928304
32,1,5,0.12944417098466057
32,1,6,0.12977860691571436
32,1,7,0.1294434546325149
32,1,8,0.12954115866340493
32,1,9,0.12944345021023324
32,1,10,0.1297521903226249
32,2,1,0.1294445511272314
32,2,2,0.1294434331335013
32,2,3,0.12944351934726325
32,2,4,0.129645410971929
32,2,5,0.129444168792016
32,2,6,0.1297776972722169
32,2,7,0.12944346883164992
32,2,8,0.12954031444209071
32,2,9,0.12944344960085333
32,2,10,0.12974974816507429
32,3,1,0.12944455364950894
32,3,2,0.12944343297769464
32,3,3,0.12944351960080702
32,3,4,0.12964591142746462
32,3,5,0.12944416872821296
32,3,6,0.12977796195307642
32,3,7,0.12944346887964164
32,3,8,0.12954031477648473
32,3,9,0.12944344990204204
32,3,10,0.1297500199461827
32,4,1,0.12944455286922843
32,4,2,0.12944343306837308
32,4,3,0.12944351931445672
32,4,4,0.12964555874207778
32,4,5,0.1294441684622327
32,4,6,0.12977790064809652
32,4,7,0.1294434712033913
32,4,8,0.12954034333859224
32,4,9,0.12944344987464299
32,4,10,0.12974909890976852
32,5,1,0.12944455050687495
32,5,2,0.12944343308539963
32,5,3,0.12944351932785444
32,5,4,0.1296455469251084
32,5,5,0.1294441686341836
32,5,6,0.12977779381073828
32,5,7,0.12944347121324304
32,5,8,0.12954035671467568
32,5,9,0.12944344983946623
32,5,10,0.129749649929791
32,6,1,0.12944455207814592
32,6,2,0.12944343363515792
32,6,3,0.12944351926942732
32,6,4,0.1296457012692235
32,6,5,0.12944416836771985
32,6,6,0.12977762190957012
32,6,7,0.1294434711566472
32,6,8,0.12954035828525595
32,6,9,0.12944344982461323
32,6,10,0.12974944314781964
32,7,1,0.1294445498752557
32,7,2,0.12944343363198516
32,7,3,0.12944351943448182
32,7,4,0.12964536489312936
32,7,5,0.12944416839594203
32,7,6,0.12977798562422124
32,7,7,0.12944347117173163
32,7,8,0.12954030475737258
32,7,9,0.12944344985941286
32,7,10,0.12974944264971247
32,8,1,0.12944455002459393
32,8,2,0.12944343363140234
32,8,3,0.12944351944344493
32,8,4,0.129645415554666
32,8,5,0.1294441685585794
32,8,6,0.1297781807865633
32,8,7,0.1294434711477714
32,8,8,0.129540368409583
32,8,9,0.12944344984515715
32,8,10,0.12974916484711438
32,9,1,0.12944455211738473
32,9,2,0.12944343366247174
32,9,3,0.12944351944313176
32,9,4,0.1296453158300326
32,9,5,0.12944416870034092
32,9,6,0.1297783636299304
32,9,7,0.12944347116828722
32,9,8,0.12954037901731316
32,9,9,0.12944344981379416
32,9,10,0.12974947514465904
32,10,1,0.1294445521847335
32,10,2,0.12944343366914376
32,10,3,0.12944351945102814
32,10,4,0.12964549883520377
32,10,5,0.12944416876289588
32,10,6,0.12977828887605766
32,10,7,0.12944347115411545
32,10,8,0.1295403238887472
32,10,9,0.12944344981457714
32,10,10,0.12974919285553915
32,11,1,0.1294445522005929
32,11,2,0.1294434336577523
32,11,3,0.12944351927478095
32,11,4,0.12964552951556682
32,11,5,0.12944416885971757
32,11,6,0.12977864048098395
32,11,7,0.12944347118392613
32,11,8,0.12954033223310504
32,11,9,0.12944344982217496
32,11,10,0.12974925619754543
32,12,1,0.12944454994405113
32,12,2,0.12944343380619955
32,12,3,0.12944351926139874
32,12,4,0.12964551755486986
32,12,5,0.12944416881286294
32,12,6,0.12977853375830734
32,12,7,0.12944347117919922
32,12,8,0.12954033504689422
32,12,9,0.12944344981142644
32,12,10,0.12974931136119194
32,13,1,0.12944454994502586
32,13,2,0.12944343382582318
32,13,3,0.1294435192614405
32,13,4,0.1296455349848061
32,13,5,0.12944416887734886
32,13,6,0.12977878021546385
32,13,7,0.12944347121269603
32,13,8,0.12954032299839946
32,13,9,0.1294434498208046
32,13,10,0.12974908295206353
32,14,1,0.12944455204283867
32,14,2,0.1294434338347667
32,14,3,0.12944351925642747
32,14,4,0.12964554952931343
32,14,5,0.12944416913493512
32,14,6,0.12977870168689043
32,14,7,0.1294434711894001
32,14,8,0.12954033345530816
32,14,9,0.12944344980111666
32,14,10,0.12974943479827233
32,15,1,0.12944455003369196
32,15,2,0.12944343386214266
32,15,3,0.12944351926541844
32,15,4,0.1296453961651692
32,15,5,0.12944416985712445
32,15,6,0.12977897850421571
32,15,7,0.1294434711689399
32,15,8,0.12954033534266124
32,15,9,0.1294434498218122
32,15,10,0.12974962446134272
32,16,1,0.12944455204391359
32,16,2,0.12944343383925097
32,16,3,0.12944351927440756
32,16,4,0.12964540924502127
32,16,5,0.12944416939232264
32,16,6,0.12977867434577528
32,16,7,0.12944347119371571
32,16,8,0.1295403218262571
32,16,9,0.12944344982144712
32,16,10,0.12974937976941633
32,17,1,0.12944455209884764
32,17,2,0.12944343384503085
32,17,3,0.1294435192686032
32,17,4,0.1296455990955629
32,17,5,0.12944416940832404
32,17,6,0.12977872883727484
32,17,7,0.12944347121490865
32,17,8,0.12954044266314999
32,17,9,0.12944344980760228
32,17,10,0.12974983651259828
32,18,1,0.12944455008327121
32,18,2,0.12944343384928564
32,18,3,0.1294435192926405
32,18,4,0.12964547213193894
32,18,5,0.12944416944170978
32,18,6,0.12977905524066016
32,18,7,0.1294434711844049
32,18,8,0.1295403531181929
32,18,9,0.12944344983029396
32,18,10,0.12974947107002058
32,19,1,0.1294445496955006
32,19,2,0.12944343384694743
32,19,3,0.12944352860134237
32,19,4,0.12964540907023353
32,19,5,0.12944416923897425
32,19,6,0.1297792513795812
32,19,7,0.12944347120865082
32,19,8,0.12954040725965518
32,19,9,0.12944344984322942
32,19,10,0.1297496011557535
32,20,1,0.12944455140551642
32,20,2,0.12944343385179305
32,20,3,0.1294435286767137
32,20,4,0.1296454429465751
32,20,5,0.12944416957009258
32,20,6,0.12977913439887725
32,20,7,0.12944347120137856
32,20,8,0.12954045239023762
32,20,9,0.1294434498278788
32,20,10,0.12974952860827074
32,21,1,0.12944454982135
32,21,2,0.12944343383609533
32,21,3,0.12944352862762135
32,21,4,0.12964567688530765
32,21,5,0.12944416983159088
32,21,6,0.12977952514104038
32,21,7,0.1294434711911208
32,21,8,0.12954044996350786
32,21,9,0.1294434498324503
32,21,10,0.12974976031471608
32,22,1,0.12944454989454007
32,22,2,0.1294434338439504
32,22,3,0.1294435287673521
32,22,4,0.12964565203845502
32,22,5,0.1294441697829903
32,22,6,0.12977935403313515
32,22,7,0.12944347123229538
32,22,8,0.1295404889273982
32,22,9,0.12944344984310177
32,22,10,0.1297495417566494
32,23,1,0.12944544922219964
32,23,2,0.12944343387481305
32,23,3,0.12944352871624337
32,23,4,0.12964592998787394
32,23,5,0.1294441699428099
32,23,6,0.12978004749330593
32,23,7,0.1294434712395377
32,23,8,0.1295405198217525
32,23,9,0.12944344982961817
32,23,10,0.12975016382563842
32,24,1,0.1294454463771062
32,24,2,0.12944343407149206
32,24,3,0.12944352906104403
32,24,4,0.1296461483245132
32,24,5,0.12944417038661973
32,24,6,0.12978067133044247
32,24,7,0.1294434712468691
32,24,8,0.12954058356029313
32,24,9,0.12944344986753448
32,24,10,0.1297507526545348
33,1,1,0.17193481862050686
33,1,2,0.17193329144697775
33,1,3,0.17193341185416625
33,1,4,0.17220985908635464
33,1,5,0.17193431857300967
33,1,6,0.172388236527044
33,1,7,0.17193332308034603
33,1,8,0.1720645136404422
33,1,9,0.17193331438062748
33,1,10,0.17234031992330004
33,2,1,0.1719348320053461
33,2,2,0.17193329369120403
33,2,3,0.17193341319831287
33,2,4,0.17220817101551586
33,2,5,0.17193431074792118
33,2,6,0.17238477023739912
33,2,7,0.17193334399051935
33,2,8,0.1720658567812306
33,2,9,0.1719333158625451
33,2,10,0.17234649519636777
33,3,1,0.17193481827688034
33,3,2,0.17193329422180076
33,3,3,0.17193341189877095
33,3,4,0.172206244902258
33,3,5,0.1719343105845392
33,3,6,0.17238499825803982
33,3,7,0.17193334395068946
33,3,8,0.17206581006006588
33,3,9,0.171933317324377
33,3,10,0.1723423911688009
33,4,1,0.17193481805940972
33,4,2,0.1719332945466738
33,4,3,0.17193341303799123
33,4,4,0.17220822965941124
33,4,5,0.17193430947680477
33,4,6,0.17238476076790957
33,4,7,0.17193334715554962
33,4,8,0.17206626786562926
33,4,9,0.1719333176898912
33,4,10,0.17234634159401727
33,5,1,0.17193482975898025
33,5,2,0.17193329459827925
33,5,3,0.1719334130769889
33,5,4,0.17220832092200347
33,5,5,0.17193430949068375
33,5,6,0.1723852319496411
33,5,7,0.17193334719029782
33,5,8,0.17206626344600193
33,5,9,0.17193331787999783
33,5,10,0.1723428478997759
33,6,1,0.17193481815605544
33,6,2,0.1719332953492787
33,6,3,0.17193341285918007
33,6,4,0.17220628620462375
33,6,5,0.17193430892879707
33,6,6,0.17238512635111947
33,6,7,0.17193334738809532
33,6,8,0.17206548255337253
33,6,9,0.17193331785102373
33,6,10,0.17234293376645518
33,7,1,0.17193482785786335
33,7,2,0.17193329528698173
33,7,3,0.1719334118901505
33,7,4,0.17220635481309512
33,7,5,0.17193430874868987
33,7,6,0.17238335428714383
33,7,7,0.17193334715663314
33,7,8,0.17206611697058646
33,7,9,0.17193331765834644
33,7,10,0.17234268047295617
33,8,1,0.17193482809148306
33,8,2,0.17193329546896136
33,8,3,0.17193341186086075
33,8,4,0.1722061126440971
33,8,5,0.17193430909725213
33,8,6,0.17238386740953146
33,8,7,0.17193334739333102
33,8,8,0.17206546086941613
33,8,9,0.17193331768277598
33,8,10,0.17234625766974
33,9,1,0.17193481827694793
33,9,2,0.17193329544767855
33,9,3,0.17193341187651673
33,9,4,0.17220794066825426
33,9,5,0.17193430921830996
33,9,6,0.17238347664498327
33,9,7,0.17193334741692176
33,9,8,0.17206571225710166
33,9,9,0.171933317839611
33,9,10,0.17234297313522118
33,10,1,0.17193481822849102
33,10,2,0.17193329545773503
33,10,3,0.1719334118802285
33,10,4,0.17220610714353704
33,10,5,0.1719343092820328
33,10,6,0.17238588786686776
33,10,7,0.17193334734180488
33,10,8,0.17206615259974467
33,10,9,0.17193331782183052
33,10,10,0.17234612908537505
33,11,1,0.17193481843053682
33,11,2,0.17193329550920441
33,11,3,0.1719334128460484
33,11,4,0.1722061008678145
33,11,5,0.17193430938853138
33,11,6,0.1723838549915349
33,11,7,0.17193334737373484
33,11,8,0.17206618727044787
33,11,9,0.17193331786310023
33,11,10,0.17234641307633228
33,12,1,0.17193482774656696
33,12,2,0.17193329567777718
33,12,3,0.17193341285975836
33,12,4,0.17220607431022342
33,12,5,0.17193430891500544
33,12,6,0.1723862258983449
33,12,7,0.17193334732898916
33,12,8,0.17206606068986297
33,12,9,0.1719333178504223
33,12,10,0.1723463523777221
33,13,1,0.17193482763939694
33,13,2,0.17193329575078922
33,13,3,0.1719334127965594
33,13,4,0.17220609378523857
33,13,5,0.17193430887483327
33,13,6,0.17238406273500276
33,13,7,0.17193334720392178
33,13,8,0.17206609378628393
33,13,9,0.1719333178399635
33,13,10,0.1723459555883496
33,14,1,0.1719348179633263
33,14,2,0.17193329577823308
33,14,3,0.1719334127787574
33,14,4,0.1722060655524972
33,14,5,0.1719343096260168
33,14,6,0.17238648669197587
33,14,7,0.1719333473508651
33,14,8,0.17206606812583544
33,14,9,0.17193331782848756
33,14,10,0.17234594418693833
33,15,1,0.17193482750920122
33,15,2,0.1719332957488143
33,15,3,0.17193341278003602
33,15,4,0.1722078835733367
33,15,5,0.1719343069662308
33,15,6,0.17238413292710028
33,15,7,0.1719333473869335
33,15,8,0.1720660401153494
33,15,9,0.1719333178533999
33,15,10,0.17234356380260626
33,16,1,0.17193481814535286
33,16,2,0.17193329582911626
33,16,3,0.1719334128143845
33,16,4,0.17220787044987285
33,16,5,0.17193430993105738
33,16,6,0.17238627804504808
33,16,7,0.17193334737702445
33,16,8,0.17206605198636898
33,16,9,0.1719333178304518
33,16,10,0.17234614792172256
33,17,1,0.17193481803290506
33,17,2,0.17193329576856498
33,17,3,0.17193341279812482
33,17,4,0.1722061695804809
33,17,5,0.1719343099420205
33,17,6,0.17238605745571534
33,17,7,0.17193334717201697
33,17,8,0.17206550308779206
33,17,9,0.17193331780271645
33,17,10,0.17234306406249214
33,18,1,0.17193482762826554
33,18,2,0.1719332957653625
33,18,3,0.17193341284062819
33,18,4,0.17220793868073328
33,18,5,0.17193430995046427
33,18,6,0.1723867117276509
33,18,7,0.17193334734970195
33,18,8,0.172066074702841
33,18,9,0.17193331786430147
33,18,10,0.1723463089784798
33,19,1,0.17193482602861962
33,19,2,0.17193329579436184
33,19,3,0.17193342703196327
33,19,4,0.1722076612884554
33,19,5,0.17193430897648138
33,19,6,0.1723842710954124
33,19,7,0.17193334718950182
33,19,8,0.17206702536833374
33,19,9,0.17193331768083087
33,19,10,0.1723437518356743
33,20,1,0.17193481795574697
33,20,2,0.17193329580805378
33,20,3,0.17193342714864362
33,20,4,0.17220770735077184
33,20,5,0.17193431121136876
33,20,6,0.17238622071420742
33,20,7,0.1719333472035851
33,20,8,0.17206687582860952
33,20,9,0.1719333177630021
33,20,10,0.17234635599860756
33,21,1,0.1719348260959423
33,21,2,0.17193329583697536
33,21,3,0.17193342752468174
33,21,4,0.17220702053447945
33,21,5,0.1719343105859843
33,21,6,0.17238443143692095
33,21,7,0.1719333473063481
33,21,8,0.1720670562330001
33,21,9,0.17193331784489874
33,21,10,0.17234390349338038
33,22,1,0.17193482601749718
33,22,2,0.1719332957899724
33,22,3,0.17193342718647578
33,22,4,0.17220845401710508
33,22,5,0.1719343115206023
33,22,6,0.17238662963868004
33,22,7,0.17193334758775122
33,22,8,0.17206691837237756
33,22,9,0.1719333177176854
33,22,10,0.17234639342191851
33,23,1,0.17193609569920776
33,23,2,0.171933295833896
33,23,3,0.17193342755394891
33,23,4,0.1722075706985628
33,23,5,0.17193431091698566
33,23,6,0.17238489054768066
33,23,7,0.17193334765061616
33,23,8,0.17206713835109247
33,23,9,0.1719333178270717
33,23,10,0.17234397747571448
33,24,1,0.17193633625195717
33,24,2,0.17193329644339955
33,24,3,0.1719334275764359
33,24,4,0.17221062044307767
33,24,5,0.17193431462484104
33,24,6,0.17238791364837774
33,24,7,0.17193334964755824
33,24,8,0.17206865943728744
33,24,9,0.17193331933928954
33,24,10,0.17234632597816762
34,1,1,-0.26495272944138243
34,1,2,0.5573386965180371
34,1,3,-0.2649509596821794
34,1,4,0.11408923382159954
34,1,5,0.07639317565853078
34,1,6,0.07647245357552705
34,1,7,0.5573386431882219
34,1,8,-0.2651256588413868
34,1,9,-0.26495083557977134
34,1,10,-0.2655075897263476
34,2,1,-0.022134307554260563
34,2,2,-0.26495080809524274
34,2,3,-0.03781606494939981
34,2,4,-0.09689772398713505
34,2,5,-0.11970985327747574
34,2,6,-0.13776197371552887
34,2,7,-0.06540030306931881
34,2,8,-0.012759081943242125
34,2,9,0.4145743412642082
34,2,10,-0.06582887217649719
34,3,1,-0.26495272880395687
34,3,2,0.08594401313873702
34,3,3,-0.26495095942482977
34,3,4,-0.2653234953688078
34,3,5,-0.12801322819799832
34,3,6,-0.13897195564386058
34,3,7,-0.07344974376141183
34,3,8,-0.025797468110369624
34,3,9,-0.264950838986467
34,3,10,-0.26548375678887753
34,4,1,-0.26495272875159637
34,4,2,-0.12865627047204525
34,4,3,-0.07715650913646999
34,4,4,-0.11226421243383362
34,4,5,-0.15960919366054516
34,4,6,-0.15437108577859526
34,4,7,-0.26495087645998505
34,4,8,-0.12498101653972189
34,4,9,-0.2649508396954058
34,4,10,-0.0955504833027902
34,5,1,-0.057160754401210205
34,5,2,-0.12414428492167867
34,5,3,-0.07264028330758364
34,5,4,-0.11158307584203271
34,5,5,-0.1548999140323913
34,5,6,-0.16326080587230496
34,5,7,-0.264950875665621
34,5,8,-0.1220884018839771
34,5,9,-0.15421931291797703
34,5,10,-0.26551146666692366
34,6,1,-0.2649527293978402
34,6,2,-0.2649508095474397
34,6,3,-0.10439907770316345
34,6,4,-0.2653219376180783
34,6,5,-0.1851096126426022
34,6,6,-0.16564207838333916
34,6,7,-0.2105249358095506
34,6,8,-0.2651277279463809
34,6,9,-0.18601157300726287
34,6,10,-0.2655115865661155
34,7,1,-0.09552001290380072
34,7,2,-0.2649508103648687
34,7,3,-0.26495095968185056
34,7,4,-0.2653220922926629
34,7,5,-0.19112208706307557
34,7,6,-0.2655675472102893
34,7,7,-0.2649508763412449
34,7,8,-0.14924755319401312
34,7,9,-0.26495083971005734
34,7,10,-0.2655152492038485
34,8,1,-0.08997955481870322
34,8,2,-0.18815849421011271
34,8,3,-0.26495095962785414
34,8,4,-0.26532187280130454
34,8,5,-0.18543498417671864
34,8,6,-0.2655419926521462
34,8,7,-0.21085767204951122
34,8,8,-0.2651270394173565
34,8,9,-0.26495083960281185
34,8,10,-0.11870245454118258
34,9,1,-0.26495272917618423
34,9,2,-0.18514402330542673
34,9,3,-0.2649509573545043
34,9,4,-0.12441493228579471
34,9,5,-0.1822954658581079
34,9,6,-0.2655367348664267
34,9,7,-0.20802091562051148
34,9,8,-0.2651227774180158
34,9,9,-0.18327770856555867
34,9,10,-0.26548459114614276
34,10,1,-0.26495272807268666
34,10,2,-0.18509506028908337
34,10,3,-0.264950957448267
34,10,4,-0.26532253911339476
34,10,5,-0.1822876901335767
34,10,6,-0.16351453374414956
34,10,7,-0.2079964977128236
34,10,8,-0.1456961988534011
34,10,9,-0.18322590192064062
34,10,10,-0.11187845431017547
34,11,1,-0.26495273070685527
34,11,2,-0.1827887482358221
34,11,3,-0.09925274434057471
34,11,4,-0.26532230483871316
34,11,5,-0.17978435366560006
34,11,6,-0.2655372780970376
34,11,7,-0.2056884620611918
34,11,8,-0.14632625625470347
34,11,9,-0.18087972336714414
34,11,10,-0.12153772996755557
34,12,1,-0.09697310306470101
34,12,2,-0.26495081012166005
34,12,3,-0.11171434050739566
34,12,4,-0.2653219116145938
34,12,5,-0.19342621514588765
34,12,6,-0.16591574327099612
34,12,7,-0.21787804056753615
34,12,8,-0.16240343260692353
34,12,9,-0.19332928980140207
34,12,10,-0.1296294923201243
34,13,1,-0.0980770800109537
34,13,2,-0.26495081007519006
34,13,3,-0.11281121110184497
34,13,4,-0.26532217458862956
34,13,5,-0.19466906186646316
34,13,6,-0.26553754861819234
34,13,7,-0.26495087541603557
34,13,8,-0.15489066939447835
34,13,9,-0.1944253796317789
34,13,10,-0.12451368878311447
34,14,1,-0.26495272857685176
34,14,2,-0.236708895331474
34,14,3,-0.1102561203669685
34,14,4,-0.26532189559248304
34,14,5,-0.19122049888298753
34,14,6,-0.1573683898147749
34,14,7,-0.2163747169933984
34,14,8,-0.14971903216751836
34,14,9,-0.1918670668767397
34,14,10,-0.13576726733149805
34,15,1,-0.09712585252234371
34,15,2,-0.2649508098153289
34,15,3,-0.11187817026181102
34,15,4,-0.12807187031116246
34,15,5,-0.26495207920454633
34,15,6,-0.265537631086732
34,15,7,-0.21811362432465692
34,15,8,-0.1463461293240858
34,15,9,-0.1934874425376978
34,15,10,-0.26548539218766065
34,16,1,-0.2649527289908313
34,16,2,-0.23680156812384562
34,16,3,-0.11033903845651692
34,16,4,-0.1274240376099274
34,16,5,-0.1913942012861557
34,16,6,-0.16776602386342704
34,16,7,-0.2165270802865523
34,16,8,-0.15205869867881722
34,16,9,-0.19194628195252725
34,16,10,-0.1460566816697019
34,17,1,-0.2649527297835655
34,17,2,-0.23806819562170595
34,17,3,-0.11159780551500324
34,17,4,-0.26532418690853465
34,17,5,-0.19265085255607478
34,17,6,-0.17829561835941335
34,17,7,-0.2649508752046527
34,17,8,-0.26512249522036113
34,17,9,-0.19320022868606257
34,17,10,-0.2655116926277522
34,18,1,-0.09715647529850256
34,18,2,-0.2649508099755335
34,18,3,-0.11192701642098686
34,18,4,-0.12651202415145324
34,18,5,-0.19294259490295146
34,18,6,-0.1586143272056126
34,18,7,-0.21810085281998629
34,18,8,-0.15613948137356592
34,18,9,-0.193526091180885
34,18,10,-0.14459181030535606
34,19,1,-0.12585398405878895
34,19,2,-0.26495081010812915
34,19,3,-0.32432567452271727
34,19,4,-0.15403751195620785
34,19,5,-0.22172600709260595
34,19,6,-0.26553781143198396
34,19,7,-0.2649508750701686
34,19,8,-0.26512447965510877
34,19,9,-0.2649508381822042
34,19,10,-0.2655126288285551
34,20,1,-0.26495272945544285
34,20,2,-0.2656773981847886
34,20,3,-0.3229098776303325
34,20,4,-0.15191377442189616
34,20,5,-0.25138789675298673
34,20,6,-0.17712425473377919
34,20,7,-0.2649508753211128
34,20,8,-0.30078857404942116
34,20,9,-0.22067615536475066
34,20,10,-0.15273072713807917
34,21,1,-0.12307175185380945
34,21,2,-0.2649508093377362
34,21,3,-0.2649509774035101
34,21,4,-0.26533220929909307
34,21,5,-0.26495208549932797
34,21,6,-0.26556892339548427
34,21,7,-0.2440824029535995
34,21,8,-0.26512450917171027
34,21,9,-0.21936816519460486
34,21,10,-0.2655127773971434
34,22,1,-0.12599481337785343
34,22,2,-0.267241916351355
34,22,3,-0.32444600858616734
34,22,4,-0.19225228392292454
34,22,5,-0.2529630392602519
34,22,6,-0.18886999708419744
34,22,7,-0.2649508769825534
34,22,8,-0.30058141777498015
34,22,9,-0.26495083988184115
34,22,10,-0.16198554602141083
34,23,1,-0.40595428089143604
34,23,2,-0.27740692976983544
34,23,3,-0.26495097976339976
34,23,4,-0.26532440088506654
34,23,5,-0.2649520897936743
34,23,6,-0.2655693946883741
34,23,7,-0.26495087748984064
34,23,8,-0.2651245805694126
34,23,9,-0.23268561882250846
34,23,10,-0.26551264791842066
34,24,1,-0.26495463637364386
34,24,2,-0.34902579067609907
34,24,3,-0.3490014492289991
34,24,4,-0.26532789252940675
34,24,5,-0.33241462415585243
34,24,6,-0.2655735680876813
34,24,7,-0.26495087966641
34,24,8,-0.26513132565325737
34,24,9,-0.2649508417071143
34,24,10,-0.26549191008309814
35,1,1,0.04207738686318114
35,1,2,0.042077004005560296
35,1,3,0.04207703477127981
35,1,4,0.04215223276850924
35,1,5,0.042077261558676596
35,1,6,0.04220167019955397
35,1,7,0.04207701196563055
35,1,8,0.04211180676683396
35,1,9,0.04207700986706039
35,1,10,0.04218844545671229
35,2,1,0.04207739037793886
35,2,2,0.042077004552402895
35,2,3,0.04207703511349046
35,2,4,0.042151707464661875
35,2,5,0.042077259481631
35,2,6,0.04220061561756697
35,2,7,0.04207701737323982
35,2,8,0.04211217353688656
35,2,9,0.04207701025421192
35,2,10,0.042190078481798114
35,3,1,0.0420773867843871
35,3,2,0.04207700467463904
35,3,3,0.04207703477060878
35,3,4,0.04215122131965532
35,3,5,0.0420772594198071
35,3,6,0.04220068255423351
35,3,7,0.04207701737067048
35,3,8,0.042112168261386515
35,3,9,0.04207701063035108
35,3,10,0.04218896832346158
35,4,1,0.04207738676861937
35,4,2,0.04207700477203368
35,4,3,0.04207703506413896
35,4,4,0.04215172319941683
35,4,5,0.042077259147411936
35,4,6,0.04220064734422962
35,4,7,0.042077018203542135
35,4,8,0.042112292852378365
35,4,9,0.042077010717132664
35,4,10,0.04219011272630343
35,5,1,0.042077389653274885
35,5,2,0.04207700477387201
35,5,3,0.04207703507289964
35,5,4,0.04215174539604919
35,5,5,0.042077259200117366
35,5,6,0.04220078056193899
35,5,7,0.04207701820458577
35,5,8,0.042112291211425075
35,5,9,0.042077010778057006
35,5,10,0.04218914125027769
35,6,1,0.04207738677359347
35,6,2,0.04207700496124562
35,6,3,0.04207703502770864
35,6,4,0.042151195787495585
35,6,5,0.042077259009707886
35,6,6,0.04220075183563078
35,6,7,0.04207701824942829
35,6,8,0.04211207592445417
35,6,9,0.04207701076644152
35,6,10,0.04218916468780876
35,7,1,0.04207738919456585
35,7,2,0.042077004959848
35,7,3,0.042077034778396215
35,7,4,0.04215121334229072
35,7,5,0.04207725900344189
35,7,6,0.042200261952514626
35,7,7,0.04207701820260001
35,7,8,0.04211225108375827
35,7,9,0.04207701071965175
35,7,10,0.04218909373491445
35,8,1,0.04207738926898963
35,8,2,0.04207700498051177
35,8,3,0.042077034779800807
35,8,4,0.042151099225935844
35,8,5,0.04207725907404822
35,8,6,0.042200405183556396
35,8,7,0.0420770182567724
35,8,8,0.04211206976693231
35,8,9,0.042077010715830976
35,8,10,0.04219009190456362
35,9,1,0.042077386777148174
35,9,2,0.042077004987440415
35,9,3,0.04207703477622505
35,9,4,0.04215164368729101
35,9,5,0.04207725910820002
35,9,6,0.042200295641091935
35,9,7,0.042077018249166986
35,9,8,0.04211214808532659
35,9,9,0.042077010766033665
35,9,10,0.042189175061709536
35,10,1,0.042077386778432785
35,10,2,0.04207700499002462
35,10,3,0.04207703477382665
35,10,4,0.04215112989658447
35,10,5,0.042077259149980485
35,10,6,0.0422009646259444
35,10,7,0.04207701825248837
35,10,8,0.04211226884236381
35,10,9,0.04207701076711021
35,10,10,0.04219005277163072
35,11,1,0.04207738680977406
35,11,2,0.042077004992433206
35,11,3,0.04207703502484985
35,11,4,0.04215114674187777
35,11,5,0.04207725915327052
35,11,6,0.04220043777353322
35,11,7,0.042077018258439305
35,11,8,0.042112277974793735
35,11,9,0.0420770107695778
35,11,10,0.04219016216285473
35,12,1,0.042077389203644656
35,12,2,0.042077005063339674
35,12,3,0.042077035019926594
35,12,4,0.04215113934100354
35,12,5,0.04207725908063684
35,12,6,0.042201060706083315
35,12,7,0.042077018247731496
35,12,8,0.0421122429655931
35,12,9,0.04207701076682013
35,12,10,0.042190143032986925
35,13,1,0.04207738915785608
35,13,2,0.04207700506557326
35,13,3,0.04207703501786661
35,13,4,0.042151145193646815
35,13,5,0.0420772590574284
35,13,6,0.042200494064946144
35,13,7,0.04207701820163848
35,13,8,0.04211225177426162
35,13,9,0.042077010760203946
35,13,10,0.04219003294559254
35,14,1,0.04207738676569364
35,14,2,0.04207700506978523
35,14,3,0.04207703501854243
35,14,4,0.04215113778360746
35,14,5,0.04207725924042182
35,14,6,0.0422011668656093
35,14,7,0.042077018251693916
35,14,8,0.04211224931709516
35,14,9,0.042077010767332425
35,14,10,0.042190028418995655
35,15,1,0.04207738917140216
35,15,2,0.04207700505824678
35,15,3,0.04207703501912514
35,15,4,0.04215164584386693
35,15,5,0.0420772585510621
35,15,6,0.04220051270082259
35,15,7,0.042077018247495726
35,15,8,0.042112240054908184
35,15,9,0.04207701076156617
35,15,10,0.04218936621697097
35,16,1,0.04207738677805359
35,16,2,0.04207700507177132
35,16,3,0.04207703502093484
35,16,4,0.04215164291474796
35,16,5,0.04207725932414751
35,16,6,0.04220110549422088
35,16,7,0.04207701825466468
35,16,8,0.04211224358856847
35,16,9,0.04207701076776165
35,16,10,0.042190080964643904
35,17,1,0.0420773867906056
35,17,2,0.04207700507545212
35,17,3,0.042077035017747434
35,17,4,0.04215116567357705
35,17,5,0.04207725931415143
35,17,6,0.04220104401381733
35,17,7,0.04207701820154235
35,17,8,0.0421120904177561
35,17,9,0.04207701076710381
35,17,10,0.0421892233826283
35,18,1,0.04207738918231983
35,18,2,0.042077005064367574
35,18,3,0.04207703502900659
35,18,4,0.04215166172774797
35,18,5,0.04207725933214806
35,18,6,0.04220122280216623
35,18,7,0.04207701825005504
35,18,8,0.04211224668750087
35,18,9,0.04207701076639549
35,18,10,0.042190119504489615
35,19,1,0.04207738882727519
35,19,2,0.04207700506983371
35,19,3,0.04207703866951803
35,19,4,0.042151583109415316
35,19,5,0.042077259077767014
35,19,6,0.04220056104919297
35,19,7,0.04207701820966304
35,19,8,0.0421125057502071
35,19,9,0.04207701072096162
35,19,10,0.042189423751354746
35,20,1,0.04207738679544581
35,20,2,0.042077005080828525
35,20,3,0.042077038689728716
35,20,4,0.042151594956558076
35,20,5,0.04207725965045042
35,20,6,0.042201101956077756
35,20,7,0.04207701820975438
35,20,8,0.04211246592340512
35,20,9,0.04207701075425492
35,20,10,0.04219014845184871
35,21,1,0.04207738881785976
35,21,2,0.042077005074085204
35,21,3,0.04207703877869797
35,21,4,0.04215139424242031
35,21,5,0.04207725947438707
35,21,6,0.04220059991027243
35,21,7,0.04207701823930356
35,21,8,0.04211251016067102
35,21,9,0.042077010751476115
35,21,10,0.04218945648445872
35,22,1,0.04207738879170092
35,22,2,0.042077005079270084
35,22,3,0.042077038712418253
35,22,4,0.04215180555249918
35,22,5,0.04207725972168015
35,22,6,0.04220120451568181
35,22,7,0.04207701831266117
35,22,8,0.04211247368016427
35,22,9,0.04207701072324913
35,22,10,0.04219014443098133
35,23,1,0.04207770741133787
35,23,2,0.04207700507356495
35,23,3,0.04207703879073553
35,23,4,0.042151502615152284
35,23,5,0.0420772595554945
35,23,6,0.04220068747813745
35,23,7,0.042077018318730376
35,23,8,0.042112523015297734
35,23,9,0.0420770107484609
35,23,10,0.04218944521797475
35,24,1,0.04207776723189581
35,24,2,0.042077005398624
35,24,3,0.042077038800233196
35,24,4,0.04215231444046636
35,24,5,0.042077260494439134
35,24,6,0.04220151041210099
35,24,7,0.04207701881842828
35,24,8,0.042112938616882485
35,24,9,0.04207701115451915
35,24,10,0.0421900893846141
36,1,1,0.08434202580714723
36,1,2,0.08434126586826522
36,1,3,0.08434132581275691
36,1,4,0.08448008169054293
36,1,5,0.08434177689625699
36,1,6,0.08457055241717079
36,1,7,0.08434128151352485
36,1,8,0.08440682413113627
36,1,9,0.0843412772220001
36,1,10,0.08454632099406285
36,2,1,0.08434203238788772
36,2,2,0.08434126696658703
36,2,3,0.08434132646421155
36,2,4,0.08447926022097048
36,2,5,0.08434177303669965
36,2,6,0.08456883924645751
36,2,7,0.08434129196374819
36,2,8,0.08440749907273123
36,2,9,0.08434127797465263
36,2,10,0.08454944377088283
36,3,1,0.08434202545934393
36,3,2,0.08434126720298918
36,3,3,0.08434132580210527
36,3,4,0.0844782384891364
36,3,5,0.08434177294251367
36,3,6,0.08456895910251729
36,3,7,0.0843412919673795
36,3,8,0.08440745869296386
36,3,9,0.08434127867002682
36,3,10,0.08454731487973165
36,4,1,0.08434202543180859
36,4,2,0.08434126741170254
36,4,3,0.08434132637539694
36,4,4,0.08447928413472332
36,4,5,0.08434177237146506
36,4,6,0.08456878601188797
36,4,7,0.08434129356567767
36,4,8,0.08440768871422538
36,4,9,0.08434127885853468
36,4,10,0.08454924424139486
36,5,1,0.08434203120025154
36,5,2,0.0843412674188286
36,5,3,0.08434132637812936
36,5,4,0.08447932856294767
36,5,5,0.08434177234966354
36,5,6,0.08456902420733602
36,5,7,0.08434129357669232
36,5,8,0.08440768661263157
36,5,9,0.08434127896446898
36,5,10,0.08454747017590834
36,6,1,0.084342025473759
36,6,2,0.08434126777044004
36,6,3,0.08434132628032795
36,6,4,0.08447827262341082
36,6,5,0.08434177209669595
36,6,6,0.08456897067824368
36,6,7,0.08434129367229423
36,6,8,0.08440729393222188
36,6,9,0.08434127895038127
36,6,10,0.08454751570208136
36,7,1,0.08434203028879646
36,7,2,0.08434126776920672
36,7,3,0.08434132580301217
36,7,4,0.08447830651287955
36,7,5,0.08434177199646901
36,7,6,0.08456807033284613
36,7,7,0.0843412935654531
36,7,8,0.08440761353854451
36,7,9,0.08434127884668868
36,7,10,0.08454738066088144
36,8,1,0.08434203041233941
36,8,2,0.08434126782602346
36,8,3,0.08434132580176393
36,8,4,0.08447818437586616
36,8,5,0.08434177213577441
36,8,6,0.08456833260426684
36,8,7,0.08434129366458007
36,8,8,0.08440728578945958
36,8,9,0.08434127885406699
36,8,10,0.08454920410820482
36,9,1,0.08434202552735659
36,9,2,0.08434126783746723
36,9,3,0.08434132580355852
36,9,4,0.08447905837109822
36,9,5,0.08434177219642336
36,9,6,0.08456813468583237
36,9,7,0.084341293663404
36,9,8,0.08440743117349706
36,9,9,0.08434127894364361
36,9,10,0.08454753986318546
36,10,1,0.08434202551940563
36,10,2,0.08434126783899319
36,10,3,0.08434132579954401
36,10,4,0.08447813348893252
36,10,5,0.08434177228865186
36,10,6,0.08456935297378512
36,10,7,0.08434129365850583
36,10,8,0.08440764808139732
36,10,9,0.08434127894363033
36,10,10,0.0845491360457485
36,11,1,0.08434202555654186
36,11,2,0.08434126783643413
36,11,3,0.08434132628757565
36,11,4,0.08447815715192897
36,11,5,0.08434177226585983
36,11,6,0.0845683812230519
36,11,7,0.0843412936720559
36,11,8,0.08440766535795353
36,11,9,0.08434127895379635
36,11,10,0.08454933980362747
36,12,1,0.08434203027686318
36,12,2,0.08434126797840129
36,12,3,0.08434132626919132
36,12,4,0.08447814886041416
36,12,5,0.08434177212867297
36,12,6,0.08456952584354228
36,12,7,0.08434129365643772
36,12,8,0.08440760213210334
36,12,9,0.0843412789443714
36,12,10,0.08454930680215048
36,13,1,0.08434203022687616
36,13,2,0.08434126797803179
36,13,3,0.08434132626646765
36,13,4,0.08447815643600064
36,13,5,0.08434177210367841
36,13,6,0.08456848982383189
36,13,7,0.08434129357345256
36,13,8,0.08440761875481395
36,13,9,0.08434127894014672
36,13,10,0.08454910161191229
36,14,1,0.08434202551027127
36,14,2,0.084341268001173
36,14,3,0.08434132627784748
36,14,4,0.08447814362444944
36,14,5,0.08434177248659207
36,14,6,0.0845697185427475
36,14,7,0.08434129366553007
36,14,8,0.08440761515801709
36,14,9,0.08434127893783032
36,14,10,0.08454909920285099
36,15,1,0.08434203023935322
36,15,2,0.08434126798424073
36,15,3,0.08434132626870092
36,15,4,0.08447905486408736
36,15,5,0.08434177111369118
36,15,6,0.08456852773004721
36,15,7,0.0843412936626857
36,15,8,0.08440759917229462
36,15,9,0.08434127895153326
36,15,10,0.08454790786276178
36,16,1,0.08434202551366965
36,16,2,0.08434126801667487
36,16,3,0.08434132627577796
36,16,4,0.08447905408973772
36,16,5,0.08434177263449524
36,16,6,0.08456961239077114
36,16,7,0.08434129366364596
36,16,8,0.08440760512559276
36,16,9,0.0843412789368358
36,16,10,0.08454920979976302
36,17,1,0.0843420255539304
36,17,2,0.08434126799900409
36,17,3,0.08434132628199977
36,17,4,0.0844781879769551
36,17,5,0.08434177263345476
36,17,6,0.08456950351541234
36,17,7,0.08434129357747125
36,17,8,0.0844073284385492
36,17,9,0.08434127893924563
36,17,10,0.0845476350263837
36,18,1,0.08434203028455577
36,18,2,0.08434126798524029
36,18,3,0.0843413262948081
36,18,4,0.08447908487835665
36,18,5,0.0843417726513525
36,18,6,0.08456983790216142
36,18,7,0.08434129365946688
36,18,8,0.08440761750650563
36,18,9,0.08434127895664988
36,18,10,0.08454929478064704
36,19,1,0.08434202958032389
36,19,2,0.08434126800312862
36,19,3,0.08434133337413757
36,19,4,0.08447894460163555
36,19,5,0.0843417721762443
36,19,6,0.08456863425736014
36,19,7,0.08434129357663842
36,19,8,0.08440809446264526
36,19,9,0.08434127886739211
36,19,10,0.08454801591876948
36,20,1,0.08434202556750978
36,20,2,0.08434126801046135
36,20,3,0.08434133340985901
36,20,4,0.08447897175705484
36,20,5,0.08434177329717359
36,20,6,0.08456962396021837
36,20,7,0.08434129357807595
36,20,8,0.08440801854502786
36,20,9,0.08434127893353291
36,20,10,0.08454934314502974
36,21,1,0.08434202959169759
36,21,2,0.08434126800492568
36,21,3,0.08434133359766612
36,21,4,0.08447862464571225
36,21,5,0.08434177297555083
36,21,6,0.08456870687611452
36,21,7,0.0843412936235841
36,21,8,0.08440810980241004
36,21,9,0.08434127892949163
36,21,10,0.08454809340085635
36,22,1,0.08434202954163378
36,22,2,0.08434126800643867
36,22,3,0.08434133345935929
36,22,4,0.08447937522272997
36,22,5,0.08434177344107335
36,22,6,0.0845698312302678
36,22,7,0.08434129377692715
36,22,8,0.08440803986317015
36,22,9,0.08434127886916978
36,22,10,0.08454936693890602
36,23,1,0.08434266171635495
36,23,2,0.08434126799369615
36,23,3,0.08434133361541384
36,23,4,0.08447895108979088
36,23,5,0.08434177313579366
36,23,6,0.0845688970703894
36,23,7,0.08434129380422133
36,23,8,0.08440814265706775
36,23,9,0.08434127891903201
36,23,10,0.08454810399933722
36,24,1,0.08434278130006809
36,24,2,0.08434126820927325
36,24,3,0.08434133362649862
36,24,4,0.08448054918565917
36,24,5,0.08434177501175806
36,24,6,0.08457042988424564
36,24,7,0.08434129477648274
36,24,8,0.08440890300142365
36,24,9,0.08434127970036392
36,24,10,0.08454929465570488
37,1,1,0.04208383126753292
37,1,2,0.04208345098601614
37,1,3,0.042083481456319904
37,1,4,0.04215734115764597
37,1,5,0.04208370672289885
37,1,6,0.04220609556060009
37,1,7,0.042083458867735735
37,1,8,0.04211769417227111
37,1,9,0.04208345679059813
37,1,10,0.04219313344724926
37,2,1,0.042083834555024104
37,2,2,0.04208345153794279
37,2,3,0.04208348178652888
37,2,4,0.04215689676212634
37,2,5,0.0420837047875064
37,2,6,0.04220517830728065
37,2,7,0.04208346422325805
37,2,8,0.04211805753408721
37,2,9,0.04208345716978706
37,2,10,0.042194896386300106
37,3,1,0.04208383121729426
37,3,2,0.042083451658066616
37,3,3,0.04208348145379708
37,3,4,0.04215633847369495
37,3,5,0.042083704735297926
37,3,6,0.042205242778652986
37,3,7,0.04208346422514577
37,3,8,0.04211805343386275
37,3,9,0.042083457544356356
37,3,10,0.04219380850451962
37,4,1,0.0420838311905307
37,4,2,0.04208345175989939
37,4,3,0.04208348174084073
37,4,4,0.04215691183955321
37,4,5,0.04208370445460847
37,4,6,0.042205213250520665
37,4,7,0.04208346504675239
37,4,8,0.04211817598415583
37,4,9,0.042083457624430935
37,4,10,0.042194776079927825
37,5,1,0.0420838340752399
37,5,2,0.04208345175986635
37,5,3,0.04208348175027179
37,5,4,0.04215693599273702
37,5,5,0.0420837045135998
37,5,6,0.04220534273317899
37,5,7,0.042083465042289214
37,5,8,0.042118174791188095
37,5,9,0.042083457684681004
37,5,10,0.04219381952444481
37,6,1,0.0420838312085396
37,6,2,0.04208345193992304
37,6,3,0.04208348171002295
37,6,4,0.04215639843775058
37,6,5,0.042083704310546866
37,6,6,0.04220531472386102
37,6,7,0.04208346509671451
37,6,8,0.042117962678709174
37,6,9,0.04208345767224675
37,6,10,0.04219384431766277
37,7,1,0.042083833617536544
37,7,2,0.042083451939866685
37,7,3,0.04208348146014905
37,7,4,0.04215641716345908
37,7,5,0.04208370431951154
37,7,6,0.0422048308687425
37,7,7,0.04208346504441658
37,7,8,0.04211813520484047
37,7,9,0.04208345762533233
37,7,10,0.04219377088917981
37,8,1,0.04208383370136187
37,8,2,0.042083451970017324
37,8,3,0.04208348146095221
37,8,4,0.042156401031183725
37,8,5,0.04208370439063378
37,8,6,0.0422049723763584
37,8,7,0.04208346509123395
37,8,8,0.04211795890705058
37,8,9,0.042083457624152054
37,8,10,0.0421947566310808
37,9,1,0.04208383123648213
37,9,2,0.04208345197525248
37,9,3,0.042083481458993204
37,9,4,0.04215682977740036
37,9,5,0.042083704418756154
37,9,6,0.042204867934222644
37,9,7,0.0420834650948453
37,9,8,0.042118037265711054
37,9,9,0.04208345767509513
37,9,10,0.04219386112285044
37,10,1,0.042083831243509166
37,10,2,0.0420834519693512
37,10,3,0.04208348145527958
37,10,4,0.042156325921934724
37,10,5,0.04208370446436558
37,10,6,0.04220552255700093
37,10,7,0.04208346509798869
37,10,8,0.04211815355859816
37,10,9,0.04208345767734529
37,10,10,0.04219472080175824
37,11,1,0.042083831251133595
37,11,2,0.042083451977383855
37,11,3,0.042083481703500486
37,11,4,0.042156336524820884
37,11,5,0.04208370446406874
37,11,6,0.04220500046583554
37,11,7,0.0420834651015975
37,11,8,0.042118162795829604
37,11,9,0.04208345767615203
37,11,10,0.04219483099592892
37,12,1,0.042083833603646564
37,12,2,0.04208345204375467
37,12,3,0.04208348169654959
37,12,4,0.04215633445212687
37,12,5,0.04208370438608586
37,12,6,0.0422056167965529
37,12,7,0.042083465089874754
37,12,8,0.042118128855378106
37,12,9,0.042083457672419944
37,12,10,0.04219481308542696
37,13,1,0.042083833594308985
37,13,2,0.04208345204689732
37,13,3,0.04208348169885982
37,13,4,0.04215633802057564
37,13,5,0.042083704373882015
37,13,6,0.042205060152123164
37,13,7,0.04208346505031343
37,13,8,0.04211813782894773
37,13,9,0.04208345766944234
37,13,10,0.0421947017921923
37,14,1,0.042083831218273984
37,14,2,0.04208345205309829
37,14,3,0.04208348170072422
37,14,4,0.04215633225141787
37,14,5,0.04208370456149281
37,14,6,0.04220571910223519
37,14,7,0.04208346509152811
37,14,8,0.042118135979893306
37,14,9,0.04208345767021846
37,14,10,0.04219470113191743
37,15,1,0.042083833585058864
37,15,2,0.042083452043265114
37,15,3,0.042083481699837555
37,15,4,0.04215682648814177
37,15,5,0.04208370387682418
37,15,6,0.0422050819039876
37,15,7,0.042083465094595575
37,15,8,0.04211812667501301
37,15,9,0.042083457672016975
37,15,10,0.042194062867713315
37,16,1,0.042083831224904125
37,16,2,0.042083452058846095
37,16,3,0.04208348170081865
37,16,4,0.04215682745834442
37,16,5,0.042083704637873205
37,16,6,0.0422056637342747
37,16,7,0.04208346509225024
37,16,8,0.04211812950678959
37,16,9,0.04208345766997275
37,16,10,0.042194762961544195
37,17,1,0.04208383123827835
37,17,2,0.042083452057359326
37,17,3,0.042083481700481366
37,17,4,0.042156354819884986
37,17,5,0.04208370462966889
37,17,6,0.042205606406443726
37,17,7,0.04208346505282702
37,17,8,0.0421179807627825
37,17,9,0.0420834576744668
37,17,10,0.042193910157151834
37,18,1,0.04208383361621096
37,18,2,0.04208345205069949
37,18,3,0.04208348170508826
37,18,4,0.04215684263113071
37,18,5,0.042083704647717074
37,18,6,0.04220578563505396
37,18,7,0.04208346509377296
37,18,8,0.04211813668536876
37,18,9,0.04208345767642347
37,18,10,0.04219480740040599
37,19,1,0.042083833254476365
37,19,2,0.042083452055003336
37,19,3,0.04208348531656737
37,19,4,0.04215676622999627
37,19,5,0.04208370440873079
37,19,6,0.04220513966637091
37,19,7,0.04208346505042217
37,19,8,0.04211839138765259
37,19,9,0.042083457632296616
37,19,10,0.042194113964965904
37,20,1,0.042083831257005676
37,20,2,0.04208345205940296
37,20,3,0.04208348533117444
37,20,4,0.04215678330827507
37,20,5,0.042083704964604285
37,20,6,0.04220567169862391
37,20,7,0.04208346505732794
37,20,8,0.04211835036466414
37,20,9,0.042083457666737906
37,20,10,0.042194830258039495
37,21,1,0.04208383327812508
37,21,2,0.04208345205876041
37,21,3,0.04208348542658885
37,21,4,0.04215659199662818
37,21,5,0.04208370480517352
37,21,6,0.04220517438812354
37,21,7,0.04208346508033157
37,21,8,0.042118398540388576
37,21,9,0.0420834576643891
37,21,10,0.0421941546480865
37,22,1,0.04208383324533722
37,22,2,0.04208345205726631
37,22,3,0.04208348535797654
37,22,4,0.0421570018730853
37,22,5,0.042083705043230196
37,22,6,0.04220578108698518
37,22,7,0.04208346514824262
37,22,8,0.04211836144001749
37,22,9,0.042083457635584534
37,22,10,0.04219484485804191
37,23,1,0.04208414981256657
37,23,2,0.04208345204784281
37,23,3,0.042083485440392775
37,23,4,0.04215680753043329
37,23,5,0.04208370489073626
37,23,6,0.04220526435304185
37,23,7,0.042083465172052546
37,23,8,0.04211841433312268
37,23,9,0.04208345765814158
37,23,10,0.04219415400850159
37,24,1,0.04208420933733493
37,24,2,0.04208345216791182
37,24,3,0.0420834854474363
37,24,4,0.042157622443656624
37,24,5,0.04208370582965873
37,24,6,0.04220608262243231
37,24,7,0.0420834656663376
37,24,8,0.04211882080378417
37,24,9,0.04208345806066246
37,24,10,0.04219479258498857
38,1,1,0.042083837486338795
38,1,2,0.04208345103320196
38,1,3,0.042083482109667385
38,1,4,0.04215819505418697
38,1,5,0.042083709695687546
38,1,6,0.042207536769609276
38,1,7,0.042083458957055196
38,1,8,0.04211829471303051
38,1,9,0.0420834570383561
38,1,10,0.042194934029095986
38,2,1,0.04208383960598892
38,2,2,0.04208345169727924
38,2,3,0.042083482320973246
38,2,4,0.042157909842913614
38,2,5,0.04208370842138243
38,2,6,0.042206853614808366
38,2,7,0.04208346454157156
38,2,8,0.04211853188749109
38,2,9,0.042083457286202365
38,2,10,0.042196198594186045
38,3,1,0.0420838374072016
38,3,2,0.04208345178207792
38,3,3,0.04208348209964834
38,3,4,0.042157578482550834
38,3,5,0.04208370839292645
38,3,6,0.04220692120924435
38,3,7,0.0420834645353743
38,3,8,0.04211853414584706
38,3,9,0.04208345780569555
38,3,10,0.0421953489401045
38,4,1,0.042083837150310284
38,4,2,0.04208345190563821
38,4,3,0.04208348229133173
38,4,4,0.04215784200331519
38,4,5,0.04208370824405852
38,4,6,0.04220691562063607
38,4,7,0.042083465423208906
38,4,8,0.04211869798195669
38,4,9,0.04208345789282566
38,4,10,0.04219615418952037
38,5,1,0.042083839024267565
38,5,2,0.04208345190487638
38,5,3,0.042083482285438206
38,5,4,0.0421578668981109
38,5,5,0.042083708105517814
38,5,6,0.04220691713882028
38,5,7,0.042083465422481516
38,5,8,0.0421186605408264
38,5,9,0.04208345793117102
38,5,10,0.04219552788052381
38,6,1,0.042083837168147196
38,6,2,0.04208345210963349
38,6,3,0.04208348225652269
38,6,4,0.04215744955415318
38,6,5,0.04208370809848931
38,6,6,0.042206934228788594
38,6,7,0.042083465452161774
38,6,8,0.04211852652976689
38,6,9,0.042083457915887856
38,6,10,0.042195546460022916
38,7,1,0.04208383875241562
38,7,2,0.04208345210395352
38,7,3,0.04208348209683555
38,7,4,0.042157470141900466
38,7,5,0.0420837080688275
38,7,6,0.04220667254857918
38,7,7,0.04208346542338553
38,7,8,0.042118636968522014
38,7,9,0.042083457882548934
38,7,10,0.042195556165798245
38,8,1,0.042083838797038295
38,8,2,0.04208345212059322
38,8,3,0.04208348209119347
38,8,4,0.04215746908612076
38,8,5,0.04208370812185599
38,8,6,0.042206775406502035
38,8,7,0.042083465453873856
38,8,8,0.04211852015829934
38,8,9,0.04208345788767094
38,8,10,0.042196156481211805
38,9,1,0.04208383716757633
38,9,2,0.04208345212762874
38,9,3,0.042083482095720895
38,9,4,0.042157819248406156
38,9,5,0.04208370814686882
38,9,6,0.04220670422628298
38,9,7,0.04208346545805129
38,9,8,0.04211858895487517
38,9,9,0.042083457916201696
38,9,10,0.04219556385929142
38,10,1,0.0420838371764773
38,10,2,0.04208345213268051
38,10,3,0.0420834820954176
38,10,4,0.04215749296561912
38,10,5,0.042083708178534227
38,10,6,0.04220711181330753
38,10,7,0.042083465451627854
38,10,8,0.0421186439827119
38,10,9,0.04208345791534076
38,10,10,0.04219613042436532
38,11,1,0.04208383721204685
38,11,2,0.04208345212664985
38,11,3,0.04208348225988353
38,11,4,0.042157512742007075
38,11,5,0.0420837081806323
38,11,6,0.04220685031598635
38,11,7,0.042083465461868357
38,11,8,0.04211865780711574
38,11,9,0.04208345791525808
38,11,10,0.042196197461126045
38,12,1,0.042083838757928545
38,12,2,0.04208345221177349
38,12,3,0.042083482252353886
38,12,4,0.04215750386938699
38,12,5,0.04208370811383474
38,12,6,0.042207266478311974
38,12,7,0.04208346545657257
38,12,8,0.0421186288256108
38,12,9,0.042083457916513536
38,12,10,0.04219619867935968
38,13,1,0.04208383871812665
38,13,2,0.04208345221258795
38,13,3,0.0420834822529641
38,13,4,0.04215750865724024
38,13,5,0.04208370811112003
38,13,6,0.04220690916530063
38,13,7,0.0420834654220068
38,13,8,0.04211863505524389
38,13,9,0.04208345791043198
38,13,10,0.042196132408577176
38,14,1,0.0420838371729443
38,14,2,0.04208345220960618
38,14,3,0.042083482250705295
38,14,4,0.0421574996704273
38,14,5,0.04208370830218648
38,14,6,0.04220734749756068
38,14,7,0.04208346545612662
38,14,8,0.04211862839487774
38,14,9,0.04208345791343926
38,14,10,0.042196143527407526
38,15,1,0.042083838716106346
38,15,2,0.04208345221313521
38,15,3,0.04208348224834527
38,15,4,0.04215782530012359
38,15,5,0.04208370787009513
38,15,6,0.04220692467716633
38,15,7,0.042083465453028546
38,15,8,0.04211862720653048
38,15,9,0.04208345790888764
38,15,10,0.04219562041987389
38,16,1,0.042083837166313594
38,16,2,0.04208345221878475
38,16,3,0.042083482254963715
38,16,4,0.04215781921597677
38,16,5,0.04208370836998732
38,16,6,0.04220730309247023
38,16,7,0.04208346545020758
38,16,8,0.04211862837251576
38,16,9,0.042083457909257
38,16,10,0.042196158234176204
38,17,1,0.04208383718038362
38,17,2,0.04208345221807213
38,17,3,0.04208348225447887
38,17,4,0.04215752295992548
38,17,5,0.04208370837338943
38,17,6,0.04220726201717401
38,17,7,0.042083465418485184
38,17,8,0.042118530247385946
38,17,9,0.0420834579141569
38,17,10,0.04219559826695193
38,18,1,0.04208383871119843
38,18,2,0.04208345221265955
38,18,3,0.042083482252735865
38,18,4,0.04215783232584098
38,18,5,0.04208370837938144
38,18,6,0.04220736370701007
38,18,7,0.042083465449899764
38,18,8,0.04211862398537938
38,18,9,0.04208345791525158
38,18,10,0.04219617112903617
38,19,1,0.04208383850204133
38,19,2,0.042083452215292735
38,19,3,0.04208348604914846
38,19,4,0.042157787196729905
38,19,5,0.04208370818840158
38,19,6,0.0422069584116247
38,19,7,0.04208346542291187
38,19,8,0.04211895356001279
38,19,9,0.042083457883020134
38,19,10,0.04219579231258425
38,20,1,0.0420838371798597
38,20,2,0.042083452219977786
38,20,3,0.04208348605238926
38,20,4,0.042157797956597444
38,20,5,0.04208370889204505
38,20,6,0.04220729786732516
38,20,7,0.04208346542357441
38,20,8,0.042118930976590474
38,20,9,0.04208345790776022
38,20,10,0.04219626656399258
38,21,1,0.042083838469691805
38,21,2,0.04208345221795955
38,21,3,0.042083486123807724
38,21,4,0.0421577421185981
38,21,5,0.042083708783543256
38,21,6,0.042206988165246415
38,21,7,0.04208346544330177
38,21,8,0.04211895251504992
38,21,9,0.04208345791260449
38,21,10,0.04219581694749082
38,22,1,0.04208383843756865
38,22,2,0.042083452219085056
38,22,3,0.04208348608048857
38,22,4,0.04215804280952243
38,22,5,0.04208370896834541
38,22,6,0.042207403786087644
38,22,7,0.04208346552710904
38,22,8,0.042118934186182205
38,22,9,0.04208345788991616
38,22,10,0.04219626061878196
38,23,1,0.042084161661823084
38,23,2,0.0420834522181753
38,23,3,0.04208348613004304
38,23,4,0.042157844950580815
38,23,5,0.042083708864803906
38,23,6,0.042207072197988006
38,23,7,0.0420834655336435
38,23,8,0.04211895736390067
38,23,9,0.042083457901986705
38,23,10,0.04219579863198076
38,24,1,0.04208422076319677
38,24,2,0.04208345233763169
38,24,3,0.04208348618170394
38,24,4,0.04215865352659415
38,24,5,0.04208370998949926
38,24,6,0.04220789000499155
38,24,7,0.042083466036863866
38,24,8,0.042119377678866095
38,24,9,0.04208345831786639
38,24,10,0.04219638589039831
39,1,1,-0.3255011567985169
39,1,2,0.4952001387782968
39,1,3,-0.3254988929547663
39,1,4,0.053814459685620826
39,1,5,0.016270753028432054
39,1,6,0.016153888926955958
39,1,7,0.4952000750016371
39,1,8,-0.3257228671725221
39,1,9,-0.3254987341367595
39,1,10,-0.326224791250779
39,2,1,-0.0822215117221829
39,2,2,-0.3254986990942369
39,2,3,-0.097909026126549
39,2,4,-0.15715359927370592
39,2,5,-0.17988847017223775
39,2,6,-0.19815116265368315
39,2,7,-0.12551207498973388
39,2,8,-0.072908294562384
39,2,9,0.3533537612296907
39,2,10,-0.12612594832157614
39,3,1,-0.3255011556319347
39,3,2,0.02581168357903246
39,3,3,-0.32549889265218684
39,3,4,-0.3259802063522007
39,3,5,-0.18820545153166734
39,3,6,-0.1993632280644788
39,3,7,-0.1335689078025698
39,3,8,-0.08594687747990493
39,3,9,-0.32549873881930363
39,3,10,-0.3262018090074063
39,4,1,-0.32550115556880294
39,4,2,-0.18884923590236205
39,4,3,-0.13727939242766696
39,4,4,-0.17253826791521867
39,4,5,-0.21986153105427592
39,4,6,-0.21478999584602898
39,4,7,-0.32549878623500283
39,4,8,-0.18521643223128126
39,4,9,-0.32549873989820005
39,4,10,-0.15586806678355056
39,5,1,-0.1172663586308105
39,5,2,-0.18432970426419365
39,5,3,-0.13275869123047074
39,5,4,-0.1718563046550732
39,5,5,-0.21514245357148204
39,5,6,-0.22368808031900156
39,5,7,-0.32549878532421883
39,5,8,-0.1823191555217045
39,5,9,-0.21446012914531737
39,5,10,-0.32622999812303877
39,6,1,-0.3255011565360952
39,6,2,-0.32549870039096257
39,6,3,-0.16455468275848656
39,6,4,-0.3259785424844579
39,6,5,-0.24542011884333112
39,6,6,-0.22608386636120087
39,6,7,-0.2709016351765596
39,6,8,-0.32572533045739255
39,6,9,-0.24632395165463605
39,6,10,-0.32623016323358545
39,7,1,-0.1556643629595528
39,7,2,-0.3254987019083524
39,7,3,-0.3254988929351159
39,7,4,-0.32597873665605936
39,7,5,-0.25144755818575637
39,7,6,-0.3263051831016208
39,7,7,-0.32549878657473397
39,7,8,-0.20952641616566878
39,7,9,-0.3254987395233728
39,7,10,-0.32623788106505447
39,8,1,-0.15011710599210729
39,8,2,-0.24847617932510582
39,8,3,-0.3254988928104862
39,8,4,-0.32597852807524874
39,8,5,-0.2457462865873659
39,8,6,-0.326253556402526
39,8,7,-0.2712352990233488
39,8,8,-0.3257246362416355
39,8,9,-0.32549873958311154
39,8,10,-0.17903998373259536
39,9,1,-0.3255011562832033
39,9,2,-0.24545426278490376
39,9,3,-0.3254988906390104
39,9,4,-0.18470625247270264
39,9,5,-0.24259913012229922
39,9,6,-0.3262743441043793
39,9,7,-0.26839068035933716
39,9,8,-0.3257170711892686
39,9,9,-0.2435834085711712
39,9,10,-0.3262030295466595
39,10,1,-0.3255011552729087
39,10,2,-0.24540518193566485
39,10,3,-0.3254988907563562
39,10,4,-0.3259792551103526
39,10,5,-0.2425913329810754
39,10,6,-0.2240087560465656
39,10,7,-0.26836619553138336
39,10,8,-0.20596700767814682
39,10,9,-0.24353147635464942
39,10,10,-0.1722131707371245
39,11,1,-0.32550115757323456
39,11,2,-0.24309325414043448
39,11,3,-0.15940141988527506
39,11,4,-0.3259789863268834
39,11,5,-0.24008200168055646
39,11,6,-0.32627503247551165
39,11,7,-0.26605184173977725
39,11,8,-0.20659829786846387
39,11,9,-0.24117964595228444
39,11,10,-0.18187639335880765
39,12,1,-0.15711930334672325
39,12,2,-0.32549870086638816
39,12,3,-0.17188040480580524
39,12,4,-0.32597858203251495
39,12,5,-0.25375754666000644
39,12,6,-0.22635854041373868
39,12,7,-0.2782755832280761
39,12,8,-0.22270799948535305
39,12,9,-0.2536600343997838
39,12,10,-0.18997978304671947
39,13,1,-0.1582247048462837
39,13,2,-0.3254987007878446
39,13,3,-0.1729789048128633
39,13,4,-0.32597885222180073
39,13,5,-0.25500355834812205
39,13,6,-0.32627542916771135
39,13,7,-0.3254987840356464
39,13,8,-0.21517959423623795
39,13,9,-0.2547589361057116
39,13,10,-0.18486498971409251
39,14,1,-0.32550115552323505
39,14,2,-0.2971630525599549
39,14,3,-0.17042004334137084
39,14,4,-0.32597855887254473
39,14,5,-0.25154621417462114
39,14,6,-0.21779383048399428
39,14,7,-0.2767679365847769
39,14,8,-0.20999763354729262
39,14,9,-0.25219408527643067
39,14,10,-0.19618283131353392
39,15,1,-0.15727224929739406
39,15,2,-0.3254987013992842
39,15,3,-0.17204447702653514
39,15,4,-0.18836887433450392
39,15,5,-0.3255003258758665
39,15,6,-0.3262755220306511
39,15,7,-0.27851184630213693
39,15,8,-0.20663350857968088
39,15,9,-0.25381859207110485
39,15,10,-0.3262154657100671
39,16,1,-0.32550115589947337
39,16,2,-0.29725601574290406
39,16,3,-0.170503082419367
39,16,4,-0.1877200280941797
39,16,5,-0.25172036141245585
39,16,6,-0.22821289541510076
39,16,7,-0.27692073733676875
39,16,8,-0.21234310233209117
39,16,9,-0.25227350118385833
39,16,10,-0.20643378092023873
39,17,1,-0.3255011563968431
39,17,2,-0.2985266225180086
39,17,3,-0.17176369762950613
39,17,4,-0.32598085839757523
39,17,5,-0.2529802055517631
39,17,6,-0.23876604158547893
39,17,7,-0.3254987850230787
39,17,8,-0.3257296784297065
39,17,9,-0.2535306433737962
39,17,10,-0.3262302579593979
39,18,1,-0.15730291156783688
39,18,2,-0.32549870153497723
39,18,3,-0.17209339553816808
39,18,4,-0.18680661602663123
39,18,5,-0.2532726923229654
39,18,6,-0.2190975392988594
39,18,7,-0.2784990355807917
39,18,8,-0.21643091576494336
39,18,9,-0.2538573394513964
39,18,10,-0.20496614030521462
39,19,1,-0.18604275991079866
39,19,2,-0.32549870181507934
39,19,3,-0.38510509640064655
39,19,4,-0.21438094457900436
39,19,5,-0.2821350662789904
39,19,6,-0.3262756904404952
39,19,7,-0.3254987847675181
39,19,8,-0.3257226267745772
39,19,9,-0.32549873809674695
39,19,10,-0.3262314758418266
39,20,1,-0.32550115612840824
39,20,2,-0.32622784010078376
39,20,3,-0.3836832323702054
39,20,4,-0.21225303177694677
39,20,5,-0.31188980728348337
39,20,6,-0.23759203136183668
39,20,7,-0.325498784011505
39,20,8,-0.3615235456954714
39,20,9,-0.2810818044538175
39,20,10,-0.21312924481424658
39,21,1,-0.1832559457840434
39,21,2,-0.32549870013291077
39,21,3,-0.3254989163760756
39,21,4,-0.3259892511020674
39,21,5,-0.32550033360194386
39,21,6,-0.32630697387733326
39,21,7,-0.3045600331742791
39,21,8,-0.3257226459242759
39,21,9,-0.27977000607696245
39,21,10,-0.3262316235208263
39,22,1,-0.18618382420152885
39,22,2,-0.32779787491816526
39,22,3,-0.38522594592802156
39,22,4,-0.2526828986117553
39,22,5,-0.3134702052505575
39,22,6,-0.24936608509726862
39,22,7,-0.32549878677205923
39,22,8,-0.36131558727510155
39,22,9,-0.3254987396671728
39,22,10,-0.22240236532644556
39,23,1,-0.4671290314969743
39,23,2,-0.33799951810466505
39,23,3,-0.32549891868845976
39,23,4,-0.3259815562777035
39,23,5,-0.3255003381233813
39,23,6,-0.32630751165460925
39,23,7,-0.3254987874002292
39,23,8,-0.32571992195992444
39,23,9,-0.2931272876221636
39,23,10,-0.326231318062129
39,24,1,-0.32550359499422665
39,24,2,-0.409915202721635
39,24,3,-0.4098907928770517
39,24,4,-0.32598625715567736
39,24,5,-0.39322949253897443
39,24,6,-0.32631298596233677
39,24,7,-0.3254987903961271
39,24,8,-0.3257300928371447
39,24,9,-0.3254987423976243
39,24,10,-0.3261886887949103
40,1,1,0.042129041743513986
40,1,2,0.04212865568914103
40,1,3,0.04212868636897769
40,1,4,0.042198862198185916
40,1,5,0.04212891290033447
40,1,6,0.04224567478090569
40,1,7,0.042128663438338196
40,1,8,0.04216200510320562
40,1,9,0.042128661654784266
40,1,10,0.0422340033107723
40,2,1,0.04212904265502482
40,2,2,0.04212865647284876
40,2,3,0.0421286864574242
40,2,4,0.04219875905410337
40,2,5,0.04212891237062196
40,2,6,0.04224534672514229
40,2,7,0.04212866902556896
40,2,8,0.04216209429797867
40,2,9,0.042128661759335745
40,2,10,0.04223499049960667
40,3,1,0.04212904165628655
40,3,2,0.04212865650338489
40,3,3,0.04212868636635235
40,3,4,0.04219864820033643
40,3,5,0.04212891236346767
40,3,6,0.04224539316886976
40,3,7,0.04212866903174389
40,3,8,0.04216206159647965
40,3,9,0.04212866240190681
40,3,10,0.04223467909492609
40,4,1,0.0421290416301946
40,4,2,0.04212865665169859
40,4,3,0.04212868643343733
40,4,4,0.04219881683024911
40,4,5,0.04212891225889366
40,4,6,0.042245420977153184
40,4,7,0.04212866994673406
40,4,8,0.042162273200356724
40,4,9,0.04212866248514766
40,4,10,0.042234977561366446
40,5,1,0.04212904219264887
40,5,2,0.0421286566526031
40,5,3,0.0421286864360513
40,5,4,0.042198833727199736
40,5,5,0.04212891212887044
40,5,6,0.04224539164044043
40,5,7,0.04212866994977185
40,5,8,0.042162280338896546
40,5,9,0.04212866249923203
40,5,10,0.042234713509221845
40,6,1,0.042129041385767646
40,6,2,0.04212865686410108
40,6,3,0.04212868642768348
40,6,4,0.042198631129669255
40,6,5,0.04212891224664097
40,6,6,0.04224544664958313
40,6,7,0.04212866996309572
40,6,8,0.04216221465509055
40,6,9,0.0421286624858968
40,6,10,0.0422347091645122
40,7,1,0.04212904209644896
40,7,2,0.04212865687026474
40,7,3,0.04212868635726401
40,7,4,0.042198649064725424
40,7,5,0.04212891223514557
40,7,6,0.0422453890665231
40,7,7,0.04212866995626763
40,7,8,0.042162253725699164
40,7,9,0.04212866247509856
40,7,10,0.0422347553376131
40,8,1,0.04212904208645955
40,8,2,0.04212865687198492
40,8,3,0.04212868635135039
40,8,4,0.04219865970972703
40,8,5,0.042128912277169396
40,8,6,0.04224545687304402
40,8,7,0.0421286699584491
40,8,8,0.042162206450922696
40,8,9,0.04212866247654717
40,8,10,0.04223497402970023
40,9,1,0.0421290413707957
40,9,2,0.04212865687284681
40,9,3,0.04212868635069986
40,9,4,0.04219878927535136
40,9,5,0.042128912279493176
40,9,6,0.04224543732983575
40,9,7,0.04212866995955079
40,9,8,0.04216222439550141
40,9,9,0.04212866248705952
40,9,10,0.04223473210054576
40,10,1,0.042129041388188376
40,10,2,0.04212865687952697
40,10,3,0.04212868635534456
40,10,4,0.04219866352457061
40,10,5,0.042128912303961825
40,10,6,0.04224560970998776
40,10,7,0.04212866996562198
40,10,8,0.042162256923233866
40,10,9,0.042128662488400304
40,10,10,0.04223497268467618
40,11,1,0.04212904142219746
40,11,2,0.04212865687361459
40,11,3,0.04212868643065561
40,11,4,0.0421986742016173
40,11,5,0.04212891230579909
40,11,6,0.04224557799274439
40,11,7,0.042128669964551085
40,11,8,0.04216225739503488
40,11,9,0.0421286624909425
40,11,10,0.042235008582754203
40,12,1,0.04212904214126377
40,12,2,0.04212865696771637
40,12,3,0.042128686420825553
40,12,4,0.04219867326957505
40,12,5,0.04212891226856596
40,12,6,0.04224576599061961
40,12,7,0.04212866996421132
40,12,8,0.04216224960257001
40,12,9,0.04212866248721062
40,12,10,0.04223502184654242
40,13,1,0.04212904211821872
40,13,2,0.04212865696621228
40,13,3,0.04212868642573168
40,13,4,0.04219869230035687
40,13,5,0.04212891228927655
40,13,6,0.04224561948994848
40,13,7,0.042128669950477274
40,13,8,0.042162246898565375
40,13,9,0.04212866248568877
40,13,10,0.04223499659766773
40,14,1,0.04212904141785079
40,14,2,0.04212865697376273
40,14,3,0.04212868642030591
40,14,4,0.042198681703894236
40,14,5,0.04212891244375113
40,14,6,0.042245839417331045
40,14,7,0.04212866995884449
40,14,8,0.04216223844584715
40,14,9,0.04212866248982877
40,14,10,0.04223497136977355
40,15,1,0.04212904208017405
40,15,2,0.042128656975385786
40,15,3,0.04212868641730364
40,15,4,0.042198811357377644
40,15,5,0.04212891232142535
40,15,6,0.042245661757394616
40,15,7,0.04212866996153553
40,15,8,0.0421622529302931
40,15,9,0.042128662491252786
40,15,10,0.042234776431240705
40,16,1,0.04212904138831502
40,16,2,0.04212865697331959
40,16,3,0.04212868642154579
40,16,4,0.042198800933636635
40,16,5,0.04212891254357611
40,16,6,0.042245807973358994
40,16,7,0.042128669965948114
40,16,8,0.0421622517052666
40,16,9,0.042128662491948146
40,16,10,0.04223497911766098
40,17,1,0.042129041354460384
40,17,2,0.042128656975935985
40,17,3,0.04212868641656177
40,17,4,0.042198672701563425
40,17,5,0.042128912527768354
40,17,6,0.04224576622963757
40,17,7,0.042128669952511105
40,17,8,0.04216220111691543
40,17,9,0.04212866248905028
40,17,10,0.04223475046316361
40,18,1,0.0421290419998357
40,18,2,0.042128656970209205
40,18,3,0.042128686419117704
40,18,4,0.042198782517523195
40,18,5,0.0421289125129951
40,18,6,0.04224580543604453
40,18,7,0.04212866996375463
40,18,8,0.04216222814700801
40,18,9,0.0421286624906736
40,18,10,0.0422349547787224
40,19,1,0.04212904188620401
40,19,2,0.04212865697051809
40,19,3,0.0421286902740213
40,19,4,0.04219876571949049
40,19,5,0.04212891241606147
40,19,6,0.04224562941367886
40,19,7,0.04212866995076473
40,19,8,0.042162605965058775
40,19,9,0.04212866247294762
40,19,10,0.042234900429203456
40,20,1,0.042129041301628256
40,20,2,0.042128656971267116
40,20,3,0.042128690280895845
40,20,4,0.04219876683974354
40,20,5,0.04212891320084485
40,20,6,0.04224576092666935
40,20,7,0.0421286699462964
40,20,8,0.04216259816997547
40,20,9,0.04212866247930283
40,20,10,0.04223510475535962
40,21,1,0.04212904185880809
40,21,2,0.04212865697616813
40,21,3,0.04212869031312459
40,21,4,0.04219886030356517
40,21,5,0.04212891316825868
40,21,6,0.042245643506385336
40,21,7,0.042128669957600715
40,21,8,0.042162607805776804
40,21,9,0.04212866248598749
40,21,10,0.04223491682671045
40,22,1,0.04212904183126257
40,22,2,0.042128656976119276
40,22,3,0.04212869030059706
40,22,4,0.042199044832789065
40,22,5,0.04212891328078646
40,22,6,0.04224585895612612
40,22,7,0.042128670049248966
40,22,8,0.04216260003450089
40,22,9,0.042128662477961466
40,22,10,0.042235127919449916
40,23,1,0.042129366350009786
40,23,2,0.04212865697730561
40,23,3,0.04212869032657651
40,23,4,0.042198968745206
40,23,5,0.042128913235646416
40,23,6,0.04224573502739265
40,23,7,0.04212867005921785
40,23,8,0.0421626099083763
40,23,9,0.04212866247843827
40,23,10,0.042234907122567375
40,24,1,0.04212942448119756
40,24,2,0.042128657110171275
40,24,3,0.04212869040432513
40,24,4,0.04219971211927538
40,24,5,0.042128914546262525
40,24,6,0.04224644872764019
40,24,7,0.042128670550570714
40,24,8,0.04216299554174707
40,24,9,0.04212866289373555
40,24,10,0.0422353368563951
41,1,1,-0.41033131679730084
41,1,2,0.40944908425607984
41,1,3,-0.4103285558405579
41,1,4,-0.03045129937170975
41,1,5,-0.06785999291613283
41,1,6,-0.06818628804220915
41,1,7,0.4094490105079751
41,1,8,-0.41060046178971843
41,1,9,-0.4103283623584165
41,1,10,-0.4112165689813828
41,2,1,-0.16639543751246572
41,2,2,-0.4103283200971154
41,2,3,-0.1821011515667472
41,2,4,-0.24154296050624535
41,2,5,-0.2642315735705692
41,2,6,-0.2827028674910439
41,2,7,-0.20974497716408502
41,2,8,-0.15712260188931454
41,2,9,0.2683990148707767
41,2,10,-0.21051545869540697
41,3,1,-0.4103313153904776
41,3,2,-0.058321391892398676
41,3,3,-0.410328555434843
41,3,4,-0.4109143218960231
41,3,5,-0.2725688067874301
41,3,6,-0.2839181025248583
41,3,7,-0.2178156175138188
41,3,8,-0.17017297442416035
41,3,9,-0.41032836838315473
41,3,10,-0.41119464564163327
41,4,1,-0.41033131540238105
41,4,2,-0.2732138482265167
41,4,3,-0.22153277561951143
41,4,4,-0.2569605317941203
41,4,5,-0.3043103375503371
41,4,6,-0.29938692388702315
41,4,7,-0.41032842483000165
41,4,8,-0.2696178844816649
41,4,9,-0.4103283699505583
41,4,10,-0.2403081107858523
41,5,1,-0.20148652926783325
41,5,2,-0.26868315835496165
41,5,3,-0.21700399825530392
41,5,4,-0.2562770992705412
41,5,5,-0.29957768219483927
41,5,6,-0.3083033700728683
41,5,7,-0.41032842463741487
41,5,8,-0.26671411404721873
41,5,9,-0.29889308858825653
41,5,10,-0.4112230519727075
41,6,1,-0.4103313159866707
41,6,2,-0.41032832121455637
41,6,3,-0.24886253217246793
41,6,4,-0.41091266848080127
41,6,5,-0.32994761571471765
41,6,6,-0.3107137465172335
41,6,7,-0.35551584533884795
41,6,8,-0.41060326345910825
41,6,9,-0.3308540482679486
41,6,10,-0.41122324120476184
41,7,1,-0.23995386326357834
41,7,2,-0.41032832330852637
41,7,3,-0.41032855590092504
41,7,4,-0.4109128257308252
41,7,5,-0.33599486825418884
41,7,6,-0.4113165202593882
41,7,7,-0.4103284263121394
41,7,8,-0.2939912344997082
41,7,9,-0.4103283692388341
41,7,10,-0.41123503668151923
41,8,1,-0.2343953842100065
41,8,2,-0.33301331359487535
41,8,3,-0.4103285555780483
41,8,4,-0.4109146805384775
41,8,5,-0.33027484194212614
41,8,6,-0.4112403801089916
41,8,7,-0.35585070654164813
41,8,8,-0.4106025653829161
41,8,9,-0.41032836946101253
41,8,10,-0.26352489130820694
41,9,1,-0.41033131555953967
41,9,2,-0.3299815214767712
41,9,3,-0.41032855346221153
41,9,4,-0.26915679116348223
41,9,5,-0.32711751764648217
41,9,6,-0.41128567275245037
41,9,7,-0.35299593285650915
41,9,8,-0.41059483131199564
41,9,9,-0.32810462316123973
41,9,10,-0.411196104127023
41,10,1,-0.41033131460430683
41,10,2,-0.329932282713107
41,10,3,-0.4103285535308601
41,10,4,-0.4109134222846193
41,10,5,-0.32710969315666655
41,10,6,-0.3086327610947997
41,10,7,-0.3529713596897639
41,10,8,-0.2904209443658357
41,10,9,-0.32805252331344353
41,10,10,-0.2566870583738238
41,11,1,-0.4103313172785639
41,11,2,-0.3276128811023435
41,11,3,-0.24369822812066688
41,11,4,-0.41091317839648556
41,11,5,-0.32459235020054705
41,11,6,-0.4112866388309056
41,11,7,-0.35064882202061176
41,11,8,-0.29107062986171367
41,11,9,-0.32569315110210006
41,11,10,-0.26636584159337656
41,12,1,-0.24141181391960975
41,12,2,-0.4103283217030454
41,12,3,-0.2562045601665369
41,12,4,-0.4109127723245902
41,12,5,-0.3383125735474596
41,12,6,-0.3109897641035583
41,12,7,-0.36291658826912715
41,12,8,-0.30720930944669644
41,12,9,-0.33821439829824207
41,12,10,-0.2744886694503812
41,13,1,-0.24251952188192036
41,13,2,-0.41032832163424554
41,13,3,-0.25730556638416646
41,13,4,-0.41091305464161104
41,13,5,-0.33956275597938185
41,13,6,-0.4112871036929142
41,13,7,-0.41032842350142656
41,13,8,-0.2996795304934177
41,13,9,-0.33931699652450775
41,13,10,-0.26936798173812754
41,14,1,-0.41033131516859755
41,14,2,-0.3818759443946975
41,14,3,-0.2547408914929939
41,14,4,-0.41091274358783925
41,14,5,-0.3360938527479631
41,14,6,-0.30239993240013735
41,14,7,-0.36140340219342026
41,14,8,-0.2944828707136373
41,14,9,-0.3367435431188518
41,14,10,-0.2807072868467689
41,15,1,-0.2415650782558338
41,15,2,-0.41032832307186723
41,15,3,-0.25636900571624566
41,15,4,-0.2728284032290813
41,15,5,-0.4103303044717532
41,15,6,-0.4112871040121406
41,15,7,-0.3631537218488318
41,15,8,-0.29110369167333455
41,15,9,-0.3383734882622636
41,15,10,-0.4112085745723361
41,16,1,-0.41033131474499834
41,16,2,-0.38196927330197483
41,16,3,-0.2548241178052229
41,16,4,-0.27217794300726106
41,16,5,-0.33626857990041936
41,16,6,-0.3128497118329813
41,16,7,-0.36155676279138876
41,16,8,-0.29681576058006276
41,16,9,-0.3368232241476162
41,16,10,-0.2909846488646706
41,17,1,-0.410331315716247
41,17,2,-0.3832448884805852
41,17,3,-0.25608758759873324
41,17,4,-0.4109149358932663
41,17,5,-0.33753263075443174
41,17,6,-0.32343574182345447
41,17,7,-0.4103284244959755
41,17,8,-0.4106169388430408
41,17,9,-0.3380845728327559
41,17,10,-0.4112233289736653
41,18,1,-0.24159580398920746
41,18,2,-0.4103283230664993
41,18,3,-0.2564180355560873
41,18,4,-0.2712622860909062
41,18,5,-0.3378260970674682
41,18,6,-0.3037072999542534
41,18,7,-0.3631408609343631
41,18,8,-0.30091393699897934
41,18,9,-0.3384123657025634
41,18,10,-0.2895128455541014
41,19,1,-0.27040093633140005
41,19,2,-0.41032832346503045
41,19,3,-0.4702149963952959
41,19,4,-0.2989094488656009
41,19,5,-0.3667907102409443
41,19,6,-0.4112871648236258
41,19,7,-0.41032842419296867
41,19,8,-0.41060109127914574
41,19,9,-0.4103283677234279
41,19,10,-0.41122473448954194
41,20,1,-0.41033131513478477
41,20,2,-0.41106060508777026
41,20,3,-0.46878589978854907
41,20,4,-0.2967755265461385
41,20,5,-0.39666239032990075
41,20,6,-0.32225805459498386
41,20,7,-0.4103284234584644
41,20,8,-0.4465680940618259
41,20,9,-0.3657331822150098
41,20,10,-0.2977057893699565
41,21,1,-0.26760731330660403
41,21,2,-0.4103283219166771
41,21,3,-0.4103285848502161
41,21,4,-0.4109236597194976
41,21,5,-0.4103303135999657
41,21,6,-0.4113186136393325
41,21,7,-0.3893023903931785
41,21,8,-0.41060110127217936
41,21,9,-0.36441651613278503
41,21,10,-0.41122487158130133
41,22,1,-0.27054234727819165
41,22,2,-0.4126374337796075
41,22,3,-0.4703364609873748
41,22,4,-0.33733064486858144
41,22,5,-0.39824932709349975
41,22,6,-0.3340706807156382
41,22,7,-0.4103284264189347
41,22,8,-0.4463591692811595
41,22,9,-0.41032836928435457
41,22,10,-0.30700567103240894
41,23,1,-0.5527023538558956
41,23,2,-0.42288401573292766
41,23,3,-0.4103285871346545
41,23,4,-0.41091609869057644
41,23,5,-0.4103303180707514
41,23,6,-0.4113192431558833
41,23,7,-0.41032842692524907
41,23,8,-0.410595823597448
41,23,9,-0.37782442407548006
41,23,10,-0.4112244167809488
41,24,1,-0.4103342956286657
41,24,2,-0.49515555458823335
41,24,3,-0.49513105600428065
41,24,4,-0.41092199268394647
41,24,5,-0.47838152930688366
41,24,6,-0.41130093593989603
41,24,7,-0.41032843079610604
41,24,8,-0.41060914717073127
41,24,9,-0.41032837262311045
41,24,10,-0.4111612873842028
42,1,1,0.08036632631506141
42,1,2,0.0015712689538573685
42,1,3,0.07952937738391994
42,1,4,0.10657215966171019
42,1,5,0.08076581605353866
42,1,6,0.1036012273650751
42,1,7,0.0015712138725512469
42,1,8,0.05945556370527381
42,1,9,0.0428039492945
42,1,10,0.0468356999973711
42,2,1,0.08051885358462765
42,2,2,0.08440663700131178
42,2,3,0.07953406476281749
42,2,4,0.10413543200865448
42,2,5,0.08065453429356198
42,2,6,0.11238394726343383
42,2,7,0.08449098293237668
42,2,8,0.06330816983147078
42,2,9,0.04280264750702578
42,2,10,0.1018022777084646
42,3,1,0.08044200702687106
42,3,2,0.08415961732584677
42,3,3,0.08011757210243896
42,3,4,0.10148749948291584
42,3,5,0.08064273631454759
42,3,6,0.10864477789261237
42,3,7,0.08407534655356527
42,3,8,0.06051458434365138
42,3,9,0.08428738978718826
42,3,10,0.10067936337011475
42,4,1,0.08037459184812805
42,4,2,0.08441752807647643
42,4,3,0.08011600216936555
42,4,4,0.09936751051036381
42,4,5,0.08057904685874853
42,4,6,0.10564729550392661
42,4,7,0.08489099321507339
42,4,8,0.09807493859654276
42,4,9,0.08480962030410862
42,4,10,0.1115747517711994
42,5,1,0.08029264080344013
42,5,2,0.08414830723284178
42,5,3,0.07990350114840841
42,5,4,0.0969070295436599
42,5,5,0.08024876125163818
42,5,6,0.10229639976480957
42,5,7,0.08470780532990632
42,5,8,0.10298977566696432
42,5,9,0.08462426053948416
42,5,10,0.10092913759428274
42,6,1,0.08162682749288877
42,6,2,0.08459149681339706
42,6,3,0.07954252351470228
42,6,4,0.09456572959943547
42,6,5,0.08049167616148328
42,6,6,0.09917467822992189
42,6,7,0.08466105814734604
42,6,8,0.0994122517396606
42,6,9,0.08457569414906527
42,6,10,0.09854310390855676
42,7,1,0.08155321560332279
42,7,2,0.0844078474411695
42,7,3,0.07954488191297564
42,7,4,0.09213103073411909
42,7,5,0.08001801362153099
42,7,6,0.09599477215759382
42,7,7,0.0845868366043136
42,7,8,0.09624420356719386
42,7,9,0.08451548507320805
42,7,10,0.09604410220664765
42,8,1,0.08146544921502258
42,8,2,0.08431684363305836
42,8,3,0.0795463029058253
42,8,4,0.08965730157571199
42,8,5,0.07991095529556307
42,8,6,0.09264111805121955
42,8,7,0.08452618420904662
42,8,8,0.09321323058939003
42,8,9,0.08446739614343705
42,8,10,0.09492671889541468
42,9,1,0.08136664377481113
42,9,2,0.08422045848155639
42,9,3,0.07954693585162248
42,9,4,0.08714948630226411
42,9,5,0.08036237561918076
42,9,6,0.08922730469312451
42,9,7,0.08442242137345277
42,9,8,0.08640314199138699
42,9,9,0.08442636016862284
42,9,10,0.09052308494512135
42,10,1,0.08126144794045874
42,10,2,0.08415682114622927
42,10,3,0.07954669563195657
42,10,4,0.08462566791885402
42,10,5,0.08031911258516433
42,10,6,0.0858562534926111
42,10,7,0.08433127085169059
42,10,8,0.08729601660189264
42,10,9,0.0843772911363704
42,10,10,0.08878269446824577
42,11,1,0.08114774298691146
42,11,2,0.08400518217360814
42,11,3,0.07954587274525886
42,11,4,0.08213100326837997
42,11,5,0.07966783821005315
42,11,6,0.08318625259096388
42,11,7,0.08433133420883407
42,11,8,0.08428867063148596
42,11,9,0.08435697705845176
42,11,10,0.08641601844759199
42,12,1,0.08102445035049351
42,12,2,0.08466904177852452
42,12,3,0.0795443843793662
42,12,4,0.07964820786738595
42,12,5,0.07959724931059416
42,12,6,0.08056199871615147
42,12,7,0.08433127374585263
42,12,8,0.08135615986469709
42,12,9,0.08432604937201917
42,12,10,0.0789465017142068
42,13,1,0.08088935128319662
42,13,2,0.0845340046342093
42,13,3,0.07954192793672397
42,13,4,0.07709758918836784
42,13,5,0.07952523828408953
42,13,6,0.07747198840296411
42,13,7,0.0842867374587532
42,13,8,0.07834083093757321
42,13,9,0.08429619092118855
42,13,10,0.08233187189941671
42,14,1,0.0807385285299009
42,14,2,0.08442934043703619
42,14,3,0.07954016038515893
42,14,4,0.07445117041665869
42,14,5,0.07945111712994087
42,14,6,0.07418565497846975
42,14,7,0.08424231718946466
42,14,8,0.07531906893462703
42,14,9,0.08426661098698399
42,14,10,0.07971514107368477
42,15,1,0.08057390173820647
42,15,2,0.08437590087721646
42,15,3,0.07953885974953247
42,15,4,0.07170246328344866
42,15,5,0.07936754790767864
42,15,6,0.07994219997307613
42,15,7,0.08408120656152829
42,15,8,0.07244411976090842
42,15,9,0.08421773281691869
42,15,10,0.06648134482293423
42,16,1,0.08039324043638554
42,16,2,0.08433381114529978
42,16,3,0.07986799082865244
42,16,4,0.06878876573225814
42,16,5,0.079257825585683
42,16,6,0.06712095254924091
42,16,7,0.08414353967254705
42,16,8,0.06882275971900767
42,16,9,0.08420564084067267
42,16,10,0.07695559506435747
42,17,1,0.08019478810822289
42,17,2,0.08429492076026894
42,17,3,0.07953691849833433
42,17,4,0.06576915359130267
42,17,5,0.07910871270327922
42,17,6,0.06311720838350783
42,17,7,0.0840883355454247
42,17,8,0.06394112632232146
42,17,9,0.0841794194251907
42,17,10,0.07019229406499472
42,18,1,0.07998586385703682
42,18,2,0.08425322025021459
42,18,3,0.07986844962950844
42,18,4,0.06242195756858861
42,18,5,0.07892503816503381
42,18,6,0.07200423535427519
42,18,7,0.08402541196893995
42,18,8,0.06678975169079775
42,18,9,0.0841493823788882
42,18,10,0.07248718225846162
42,19,1,0.07973404672906699
42,19,2,0.08419394826281208
42,19,3,0.08488640941353336
42,19,4,0.0590315393506976
42,19,5,0.07938018417185991
42,19,6,0.06831454268718504
42,19,7,0.08394867117065877
42,19,8,0.10197282680824121
42,19,9,0.0841113641809144
42,19,10,0.08095090954073239
42,20,1,0.07944953318150698
42,20,2,0.08417712887536427
42,20,3,0.08453081638175437
42,20,4,0.05364147642815983
42,20,5,0.08569648081776732
42,20,6,0.06355812649238243
42,20,7,0.08383972219355772
42,20,8,0.091815493896849
42,20,9,0.08406669787730976
42,20,10,0.07611111597709
42,21,1,0.07909582129370647
42,21,2,0.08413492801278083
42,21,3,0.08428497917563317
42,21,4,0.07500621095539622
42,21,5,0.08487494895919868
42,21,6,0.06417209991517266
42,21,7,0.08365360286298952
42,21,8,0.08322804011880072
42,21,9,0.08400813221020591
42,21,10,0.07293869557064124
42,22,1,0.07856142352073779
42,22,2,0.08407744370001007
42,22,3,0.08405422385082241
42,22,4,0.07750084830312069
42,22,5,0.08345681140323065
42,22,6,0.050125564885952746
42,22,7,0.08451544943850672
42,22,8,0.07929140276753563
42,22,9,0.08392312720085153
42,22,10,0.05746257536332245
42,23,1,0.08429104078314868
42,23,2,0.08392139505804158
42,23,3,0.0836703689309179
42,23,4,0.06004111555708138
42,23,5,0.08306465022461965
42,23,6,0.03899874182411914
42,23,7,0.08404609504234196
42,23,8,0.06454612923250137
42,23,9,0.08375197326600545
42,23,10,0.046481328313233775
42,24,1,0.08427668908407608
42,24,2,0.08428236133453723
42,24,3,0.08427096798055055
42,24,4,0.07950723549516985
42,24,5,0.08425074497024973
42,24,6,0.06711446335015894
42,24,7,0.08428213359589214
42,24,8,0.08216799436161153
42,24,9,0.08428247346273206
42,24,10,0.06596241438905805
43,1,1,-0.48630418847388834
43,1,2,0.4399903601678843
43,1,3,-0.4808868957105643
43,1,4,-0.4387589979723023
43,1,5,-0.4815453556388383
43,1,6,-0.4451898496022013
43,1,7,0.439990382759919
43,1,8,-0.5411025681696446
43,1,9,-0.6777990568915718
43,1,10,-0.4347206338272266
43,2,1,-0.7194861094981547
43,2,2,-1.1621158290852764
43,2,3,-0.7139985654965321
43,2,4,-0.6872098854837778
43,2,5,-0.7152500717206022
43,2,6,-0.710030324513371
43,2,7,-1.1206016625920885
43,2,8,-0.8751712342357473
43,2,9,0.43999038054116957
43,2,10,-0.6528244899557173
43,3,1,-0.3660903361830771
43,3,2,0.4399903632657997
43,3,3,-0.3600874133636285
43,3,4,-0.3361894393784425
43,3,5,-0.36117466988073704
43,3,6,-0.3522268443802268
43,3,7,0.4399903987270184
43,3,8,0.4400918399365263
43,3,9,-0.5375100277078924
43,3,10,-0.2945871408915352
43,4,1,-1.011618691721127
43,4,2,-1.2352303365036186
43,4,3,-0.9640028074528653
43,4,4,-0.9160279437255284
43,4,5,-1.0125375695201355
43,4,6,-0.8882160990786754
43,4,7,-1.049275521685392
43,4,8,-1.0315636896486537
43,4,9,-1.0436736424630426
43,4,10,-0.8971147176548079
43,5,1,0.4399914472578219
43,5,2,0.43999036429055194
43,5,3,-0.4996124437727048
43,5,4,-0.44046592473120694
43,5,5,0.43999108145472726
43,5,6,-0.4166834272205626
43,5,7,-0.5845377895024604
43,5,8,-0.5654366832655102
43,5,9,-0.578959999385048
43,5,10,-0.41805384951534014
43,6,1,-0.955811094092809
43,6,2,-1.0443509564156093
43,6,3,-0.9088476132752603
43,6,4,-0.8638168521445738
43,6,5,-0.9581461184790299
43,6,6,-0.8377205117057447
43,6,7,-0.9940271912626437
43,6,8,-0.9744039591810593
43,6,9,-0.988388177553505
43,6,10,-0.8483392695273748
43,7,1,-0.9559599376638154
43,7,2,-1.0443702830937562
43,7,3,-0.9088443317153081
43,7,4,-0.8638036631585949
43,7,5,-0.9572954501809303
43,7,6,-0.8422337847313082
43,7,7,-0.9940285981692188
43,7,8,-0.9743430042911234
43,7,9,-0.9884107575772815
43,7,10,-0.8419108972831976
43,8,1,-0.9559179493671897
43,8,2,-1.0443471308736731
43,8,3,-0.9087895936007245
43,8,4,-0.8674017752320915
43,8,5,-0.9572951792634146
43,8,6,-0.8361459433362097
43,8,7,-0.9940322368244136
43,8,8,-0.9855353990401997
43,8,9,-0.9884005593781664
43,8,10,-0.8257913263906432
43,9,1,-0.5611073077299022
43,9,2,0.4399903656597484
43,9,3,-0.5140678651291035
43,9,4,-0.46278742495549513
43,9,5,-0.562733058010447
43,9,6,-0.47960114113537383
43,9,7,-0.5990068802709514
43,9,8,-0.5930570450037148
43,9,9,-0.5934371178204964
43,9,10,-0.43539073622199775
43,10,1,-0.5617271471666395
43,10,2,-0.6498981726909241
43,10,3,-0.5148685304474243
43,10,4,-0.46287523704278266
43,10,5,-0.5631953242377028
43,10,6,0.44048516368934937
43,10,7,0.43999040219224206
43,10,8,-0.6004079477105444
43,10,9,0.43999038264440454
43,10,10,-0.43323873005829444
43,11,1,-0.454891518471508
43,11,2,0.4399903667620349
43,11,3,-0.40801538312002034
43,11,4,-0.3732779699001489
43,11,5,-0.45679875769510986
43,11,6,-0.36426415132401946
43,11,7,0.4399904021229864
43,11,8,0.4400939789854428
43,11,9,-0.4872769076636507
43,11,10,0.44033633006632256
43,12,1,-0.8993565349076593
43,12,2,-0.9230736955000876
43,12,3,-1.0413421551264548
43,12,4,-0.813304472590592
43,12,5,0.43999108294288486
43,12,6,-0.8039492528569333
43,12,7,-0.936572391135214
43,12,8,-0.9388474299007422
43,12,9,-0.9309905795723249
43,12,10,-0.7962232074925056
43,13,1,-0.7201368105254364
43,13,2,-0.7444120436993404
43,13,3,0.4399904500566021
43,13,4,-0.6337094307923974
43,13,5,0.439991082832526
43,13,6,-0.6167864870654642
43,13,7,-0.7578504807316611
43,13,8,0.44009366227757646
43,13,9,-0.7522918735148405
43,13,10,-0.6011381280333822
43,14,1,-0.7315387657959681
43,14,2,-0.7559709043700089
43,14,3,0.43999045000064557
43,14,4,-0.6542977491664623
43,14,5,-0.7329332544419979
43,14,6,-0.618039469865623
43,14,7,-0.769453932156686
43,14,8,0.4400955573272563
43,14,9,-0.7638733473318441
43,14,10,-0.6184146546334481
43,15,1,0.4399914483576992
43,15,2,-0.603617806201761
43,15,3,0.4399904500416007
43,15,4,-0.483351090781497
43,15,5,-0.5807899333059036
43,15,6,-0.4609762637126958
43,15,7,0.43999040231922387
43,15,8,-0.620758066919555
43,15,9,-0.611490692720085
43,15,10,-0.4513198530313197
43,16,1,-0.8694516273863758
43,16,2,-0.8934250556345649
43,16,3,-1.4677232983288857
43,16,4,0.4402141312758341
43,16,5,-0.8705786121807744
43,16,6,-0.774182148638376
43,16,7,-0.9069569004176016
43,16,8,-0.9037419811404345
43,16,9,-0.9013635663041119
43,16,10,0.4403343849155695
43,17,1,-0.2831534699170306
43,17,2,0.4399903657835776
43,17,3,0.439990450227663
43,17,4,-0.2558669131829164
43,17,5,-0.2844756457221222
43,17,6,0.44037402667340475
43,17,7,-0.320943133199666
43,17,8,-0.30982792563878586
43,17,9,0.4399903827749883
43,17,10,-0.1773718699620183
43,18,1,0.4399914476676874
43,18,2,-0.5263151973067408
43,18,3,0.43999045030802963
43,18,4,0.44021416715613837
43,18,5,-0.5032692064930636
43,18,6,-0.3968271466256048
43,18,7,-0.5397811610521339
43,18,8,0.4400926753842896
43,18,9,0.4399903826736659
43,18,10,-0.3753045698409022
43,19,1,-0.8334320597452796
43,19,2,-0.8248636225534522
43,19,3,-0.7739089039140944
43,19,4,-0.7916770145381645
43,19,5,0.43999108411500026
43,19,6,-0.7297861281474478
43,19,7,-0.8383558898492238
43,19,8,-0.765914798920346
43,19,9,-0.8327921927288727
43,19,10,-0.6871385759031882
43,20,1,-0.5987040156875013
43,20,2,-0.5904426860034332
43,20,3,-0.5395033630065087
43,20,4,0.4402143053731081
43,20,5,-0.5479355625696626
43,20,6,0.4403742520835363
43,20,7,-0.6038246144022001
43,20,8,-0.5091195208757916
43,20,9,0.43999038271264185
43,20,10,-0.4259003901387135
43,21,1,0.4399914475277084
43,21,2,-0.623566811384211
43,21,3,-0.5726759033502559
43,21,4,-0.537682758619928
43,21,5,-0.5801187311041215
43,21,6,-0.47811834298158845
43,21,7,0.43999040159708314
43,21,8,-0.5385153007563594
43,21,9,-0.6314101622834901
43,21,10,-0.453325467117413
43,22,1,0.4399914481129428
43,22,2,-0.775740675162103
43,22,3,-0.7248881794368094
43,22,4,-0.7169672803031034
43,22,5,-0.7327084041657501
43,22,6,-0.6574863262330817
43,22,7,-0.7721631164104407
43,22,8,-0.7129845555117704
43,22,9,-0.783635322905178
43,22,10,-0.6205844578671265
43,23,1,-0.6806183606911884
43,23,2,0.4399903653301019
43,23,3,-0.2557434588999304
43,23,4,-0.2307621574699574
43,23,5,-0.2633306875826479
43,23,6,-0.18297315638545691
43,23,7,-0.30283313796215633
43,23,8,-0.23375182096866745
43,23,9,0.439990382550375
43,23,10,-0.1613241703827751
43,24,1,-0.5374944369937997
43,24,2,-0.6227350158711815
43,24,3,-0.6226876491995857
43,24,4,-0.5288460460021539
43,24,5,-0.6058120397683332
43,24,6,-0.5094978195678601
43,24,7,-0.5375008940442915
43,24,8,-0.5336546098161465
43,24,9,-0.5375015248076496
43,24,10,-0.506070225027377
44,1,1,0.03817867085881322
44,1,2,-0.040428807391302966
44,1,3,0.03734597385465561
44,1,4,0.06419071442325855
44,1,5,0.038576423751489806
44,1,6,0.061253321566743776
44,1,7,-0.040428863233009954
44,1,8,0.017325547875696477
44,1,9,0.0007508188214767819
44,1,10,0.004671605798649956
44,2,1,0.03833048529724487
44,2,2,0.04220006636896308
44,2,3,0.03735063993139418
44,2,4,0.06176688851162968
44,2,5,0.03846566073066769
44,2,6,0.06993237707875197
44,2,7,0.04228399060302194
44,2,8,0.021180004552857193
44,2,9,0.0007495203960591075
44,2,10,0.05946847408264961
44,3,1,0.03825399886780328
44,3,2,0.04195425055802342
44,3,3,0.03793145127460757
44,3,4,0.05913262986441995
44,3,5,0.03845409051883288
44,3,6,0.06621306270850426
44,3,7,0.04187038202693723
44,3,8,0.018396251675925745
44,3,9,0.04208139573081221
44,3,10,0.05829716777846895
44,4,1,0.0381868993336079
44,4,2,0.042210904372103994
44,4,3,0.03792988875903884
44,4,4,0.057023427536014575
44,4,5,0.038390526950633365
44,4,6,0.06323098607567049
44,4,7,0.0426820384452257
44,4,8,0.05578512927762309
44,4,9,0.0426010697506795
44,4,10,0.0691362802552353
44,5,1,0.038105331608538205
44,5,2,0.04194299918365911
44,5,3,0.037718360969496253
44,5,4,0.054575182825289004
44,5,5,0.038061788536703986
44,5,6,0.05989689202202753
44,5,7,0.04249975028190562
44,5,8,0.06065836651865336
44,5,9,0.042416621830260244
44,5,10,0.0585456028245494
44,6,1,0.03943326744470409
44,6,2,0.04238401950875338
44,6,3,0.03735906095670306
44,6,4,0.052245346887372424
44,6,5,0.038303565301137356
44,6,6,0.05679044091279782
44,6,7,0.04245323256507668
44,6,8,0.05709979266009729
44,6,9,0.0423682915691033
44,6,10,0.05617132844105871
44,7,1,0.03936000104605497
44,7,2,0.042201270464381775
44,7,3,0.03736140878796571
44,7,4,0.04982238463922706
44,7,5,0.037832119303956975
44,7,6,0.05362571708896783
44,7,7,0.04237937498807582
44,7,8,0.053947961491186365
44,7,9,0.04230837736141677
44,7,10,0.05368434620500979
44,8,1,0.03927264637399202
44,8,2,0.04211070939861147
44,8,3,0.03736282346511887
44,8,4,0.04736040751334073
44,8,5,0.037725561103761164
44,8,6,0.050287798432261596
44,8,7,0.04231901975045108
44,8,8,0.050932139112381085
44,8,9,0.042260523785880626
44,8,10,0.05257232994115651
44,9,1,0.039174304325995224
44,9,2,0.042014797928952755
44,9,3,0.03736345364817015
44,9,4,0.04486434861688034
44,9,5,0.03817487039752404
44,9,6,0.04688968257704585
44,9,7,0.04221576255719489
44,9,8,0.04417549285779918
44,9,9,0.04221968851946063
44,9,10,0.04818933791962379
44,10,1,0.03906960153998795
44,10,2,0.041951469190998944
44,10,3,0.03736321460085358
44,10,4,0.042352188939357834
44,10,5,0.038131809779385024
44,10,6,0.04353382251074055
44,10,7,0.04212506512159848
44,10,8,0.04504368288279555
44,10,9,0.04217085822409239
44,10,10,0.04645699168581567
44,11,1,0.0389564294247938
44,11,2,0.0418005657916039
44,11,3,0.03736239551147572
44,11,4,0.03986888998411494
44,11,5,0.037483577454096285
44,11,6,0.04087552185502205
44,11,7,0.042125119975301224
44,11,8,0.04205059831291904
44,11,9,0.04215064452739329
44,11,10,0.04410109650665984
44,12,1,0.03883371436423247
44,12,2,0.04246118420316326
44,12,3,0.0373609138906561
44,12,4,0.03739725473814668
44,12,5,0.03741331685354237
44,12,6,0.038262646126840216
44,12,7,0.04212506237070362
44,12,8,0.03913179274145782
44,12,9,0.04211986793304232
44,12,10,0.03666442933590375
44,13,1,0.0386992481055195
44,13,2,0.04232680930094193
44,13,3,0.037358468579205856
44,13,4,0.03485798259194138
44,13,5,0.03734164056613688
44,13,6,0.03518585736380717
44,13,7,0.04208074348590095
44,13,8,0.036130344032355106
44,13,9,0.04209015531454963
44,13,10,0.040035228180565874
44,14,1,0.03854913134530979
44,14,2,0.042222658067300384
44,14,3,0.03735670878599243
44,14,4,0.03222308658121426
44,14,5,0.03726786364761029
44,14,6,0.03191315125243538
44,14,7,0.04203653994820355
44,14,8,0.03312224102059351
44,14,9,0.04206071981828205
44,14,10,0.03742990130724543
44,15,1,0.038385274834705746
44,15,2,0.04216947976122877
44,15,3,0.03735541352700353
44,15,4,0.02948612131902111
44,15,5,0.03718468223025492
44,15,6,0.03764575286895135
44,15,7,0.04187622216390001
44,15,8,0.030260052427011245
44,15,9,0.04201207677453338
44,15,10,0.024250169376682663
44,16,1,0.03820545858494583
44,16,2,0.04212759526850589
44,16,3,0.03768301660847565
44,16,4,0.02658467452674612
44,16,5,0.03707546977907078
44,16,6,0.02487660489765012
44,16,7,0.04193824406096034
44,16,8,0.026654423774750233
44,16,9,0.042000047234163854
44,16,10,0.03474607840136854
44,17,1,0.03800793369374094
44,17,2,0.04208889705337448
44,17,3,0.03735347905691345
44,17,4,0.02357732310007986
44,17,5,0.03692705018036828
44,17,6,0.020887818221350232
44,17,7,0.041883308670113126
44,17,8,0.021793236669167226
44,17,9,0.04197395368766106
44,17,10,0.027946769582545872
44,18,1,0.03779998493082204
44,18,2,0.042047399344954224
44,18,3,0.037683468913773166
44,18,4,0.020243270202150113
44,18,5,0.03674422785922271
44,18,6,0.029740846817098366
44,18,7,0.04182069118635714
44,18,8,0.024648405315548332
44,18,9,0.04194406249068354
44,18,10,0.030232486965638895
44,19,1,0.037549342675754264
44,19,2,0.041988416978810776
44,19,3,0.04267746576047866
44,19,4,0.01686561539873882
44,19,5,0.037197260862601736
44,19,6,0.026065722768172896
44,19,7,0.04174432082936148
44,19,8,0.05964680246909074
44,19,9,0.041906229476046414
44,19,10,0.03872401796063452
44,20,1,0.0372661542725152
44,20,2,0.041971679677641975
44,20,3,0.04232361865797094
44,20,4,0.011494525364425735
44,20,5,0.043483471890291066
44,20,6,0.02132729344530502
44,20,7,0.04163589852742283
44,20,8,0.04954121851300169
44,20,9,0.04186178070826014
44,20,10,0.03384151730678062
44,21,1,0.0369140860460902
44,21,2,0.04192968320440706
44,21,3,0.04207898470545438
44,21,4,0.03277572574469392
44,21,5,0.04266599184528353
44,21,6,0.021938831184865882
44,21,7,0.04145068771295503
44,21,8,0.04099472574637398
44,21,9,0.04180349761963303
44,21,10,0.030682219812079536
44,22,1,0.036382161928348006
44,22,2,0.04187247917545668
44,22,3,0.04184935546988823
44,22,4,0.035259653353353154
44,22,5,0.04125472013587643
44,22,6,0.007939698880543066
44,22,7,0.04230833700293842
44,22,8,0.03709763968731706
44,22,9,0.041718904837280156
44,22,10,0.015264645398675537
44,23,1,0.04208452250556529
44,23,2,0.041717183354231406
44,23,3,0.04146736769102064
44,23,4,0.017871310656572024
44,23,5,0.040864425154227134
44,23,6,-0.0031582376801742593
44,23,7,0.04184127202138488
44,23,8,0.022395766122855463
44,23,9,0.0415485803870545
44,23,10,0.004317468943722972
44,24,1,0.04207018016086334
44,24,2,0.04207639702347955
44,24,3,0.042065041317666925
44,24,4,0.03725601641199176
44,24,5,0.042044828481484504
44,24,6,0.02486958011696829
44,24,7,0.042076160076452145
44,24,8,0.03993914142694676
44,24,9,0.04207650316264135
44,24,10,0.02373289188670364
45,1,1,0.13206963202653593
45,1,2,0.13206923743382146
45,1,3,0.1320692698329424
45,1,4,0.13214624394249183
45,1,5,0.1320694993878215
45,1,6,0.13219698279543687
45,1,7,0.13206924536033385
45,1,8,0.13210558485273893
45,1,9,0.13206924402402165
45,1,10,0.1321850516608159
45,2,1,0.1320696330884338
45,2,2,0.1320692384596289
45,2,3,0.1320692699384917
45,2,4,0.1321465037657006
45,2,5,0.13206950029367037
45,2,6,0.1321973285489331
45,2,7,0.13206925170152592
45,2,8,0.13210571660809886
45,2,9,0.132069243860553
45,2,10,0.13218608929176728
45,3,1,0.1320696313075759
45,3,2,0.13206923828962785
45,3,3,0.13206926971719923
45,3,4,0.13214627491974604
45,3,5,0.13206949900256176
45,3,6,0.13219673447376268
45,3,7,0.13206925126716829
45,3,8,0.13210505133993308
45,3,9,0.1320692447793605
45,3,10,0.13218548950881953
45,4,1,0.13206963458850832
45,4,2,0.13206923863929673
45,4,3,0.13206927006595842
45,4,4,0.13214695209055552
45,4,5,0.13206950117122873
45,4,6,0.13219779489993205
45,4,7,0.1320692527729929
45,4,8,0.1321060767704334
45,4,9,0.13206924511636428
45,4,10,0.13218664471498678
45,5,1,0.13206962702450553
45,5,2,0.13206923849717297
45,5,3,0.13206926974740718
45,5,4,0.13214645952388404
45,5,5,0.13206949616029942
45,5,6,0.1321971762113121
45,5,7,0.13206925262436808
45,5,8,0.13210580353167994
45,5,9,0.13206924495503775
45,5,10,0.13218578369374895
45,6,1,0.1320696341756774
45,6,2,0.132069238983438
45,6,3,0.13206926994351295
45,6,4,0.13214692690487384
45,6,5,0.13206950123796818
45,6,6,0.13219799354940404
45,6,7,0.1320692527015541
45,6,8,0.13210600654449606
45,6,9,0.13206924504884235
45,6,10,0.13218645418436462
45,7,1,0.13206963412607933
45,7,2,0.13206923898007839
45,7,3,0.13206926995492474
45,7,4,0.13214693337942346
45,7,5,0.1320695011532484
45,7,6,0.13219790117503075
45,7,7,0.13206925268880726
45,7,8,0.13210600087121696
45,7,9,0.13206924505134213
45,7,10,0.13218643836253308
45,8,1,0.13206963398455332
45,8,2,0.13206923898899142
45,8,3,0.13206926998960308
45,8,4,0.1321468975900278
45,8,5,0.13206950127827782
45,8,6,0.13219810037098256
45,8,7,0.13206925277054962
45,8,8,0.132106015838694
45,8,9,0.13206924506382653
45,8,10,0.13218655625134468
45,9,1,0.13206963213550707
45,9,2,0.13206923870427675
45,9,3,0.13206926983626333
45,9,4,0.1321465084928753
45,9,5,0.1320694998334716
45,9,6,0.13219743648372106
45,9,7,0.13206925264254066
45,9,8,0.13210579440566744
45,9,9,0.13206924500389242
45,9,10,0.1321858674080091
45,10,1,0.13206963203988256
45,10,2,0.13206923882669167
45,10,3,0.13206926984006287
45,10,4,0.13214648581647906
45,10,5,0.13206949986278393
45,10,6,0.13219582135562308
45,10,7,0.1320692522010323
45,10,8,0.13210578888754088
45,10,9,0.13206924470711828
45,10,10,0.13218586606593533
45,11,1,0.13206963143190445
45,11,2,0.13206923877439655
45,11,3,0.13206926974760197
45,11,4,0.13214637546163954
45,11,5,0.13206949939811627
45,11,6,0.13219727550501575
45,11,7,0.1320692521541736
45,11,8,0.13210527491549812
45,11,9,0.13206924497778455
45,11,10,0.13218449443285396
45,12,1,0.13206963376262684
45,12,2,0.13206923910873208
45,12,3,0.13206927001633992
45,12,4,0.13214683016121234
45,12,5,0.13206949630226433
45,12,6,0.13219806003183235
45,12,7,0.13206925267174896
45,12,8,0.1321059814376965
45,12,9,0.1320692450288575
45,12,10,0.13218639994271997
45,13,1,0.1320696327336139
45,13,2,0.13206923900910267
45,13,3,0.13206926918932327
45,13,4,0.13214666473674505
45,13,5,0.1320694962904946
45,13,6,0.13219783092390133
45,13,7,0.132069252650598
45,13,8,0.13210527752244386
45,13,9,0.13206924501158554
45,13,10,0.13218623682135613
45,14,1,0.13206963282812967
45,14,2,0.13206923910024254
45,14,3,0.13206926926915183
45,14,4,0.13214668460769186
45,14,5,0.13206950058155492
45,14,6,0.1321978711102479
45,14,7,0.13206925262823302
45,14,8,0.13210527983323125
45,14,9,0.13206924496036498
45,14,10,0.13218619665388087
45,15,1,0.13206962682756676
45,15,2,0.13206923910634957
45,15,3,0.1320692692461218
45,15,4,0.13214653013258354
45,15,5,0.13206950020856373
45,15,6,0.1321976224772906
45,15,7,0.13206925228843852
45,15,8,0.1321058025360976
45,15,9,0.13206924496470898
45,15,10,0.13218594964909733
45,16,1,0.1320696333728195
45,16,2,0.13206923912334464
45,16,3,0.13206927029072676
45,16,4,0.132145519465185
45,16,5,0.13206950108982002
45,16,6,0.13219804662554765
45,16,7,0.13206925278446274
45,16,8,0.1321059508346898
45,16,9,0.13206924503959674
45,16,10,0.13218437734178695
45,17,1,0.13206963063488786
45,17,2,0.13206923876525017
45,17,3,0.1320692692619603
45,17,4,0.13214622278750623
45,17,5,0.13206949906688117
45,17,6,0.13219603215923018
45,17,7,0.13206925253166674
45,17,8,0.13210564093097502
45,17,9,0.13206924467300393
45,17,10,0.13218536650314544
45,18,1,0.13206962671117356
45,18,2,0.13206923902140164
45,18,3,0.13206926921082748
45,18,4,0.13214550220365
45,18,5,0.13206949984510943
45,18,6,0.1321974714180024
45,18,7,0.13206925246660184
45,18,8,0.13210522105576689
45,18,9,0.1320692447140422
45,18,10,0.1321858184036293
45,19,1,0.1320696333583486
45,19,2,0.13206923907119728
45,19,3,0.13206927407678953
45,19,4,0.13214680082632188
45,19,5,0.1320694965442219
45,19,6,0.1321979470833975
45,19,7,0.1320692526514187
45,19,8,0.13210629724360598
45,19,9,0.13206924499833173
45,19,10,0.13218627847609443
45,20,1,0.13206963188048995
45,20,2,0.13206923896655245
45,20,3,0.13206927389377007
45,20,4,0.13214551142844358
45,20,5,0.1320695006556307
45,20,6,0.13219601432033573
45,20,7,0.13206925251885748
45,20,8,0.13210617973503758
45,20,9,0.1320692447312398
45,20,10,0.13218593875643192
45,21,1,0.1320696263931954
45,21,2,0.13206923909714657
45,21,3,0.13206927390119208
45,21,4,0.1321467357089851
45,21,5,0.13206950085356794
45,21,6,0.13219753020115022
45,21,7,0.13206925217445165
45,21,8,0.1321061932369592
45,21,9,0.13206924496958533
45,21,10,0.132185987861336
45,22,1,0.1320696266404284
45,22,2,0.13206923910041946
45,22,3,0.13206927403324392
45,22,4,0.13214696706170392
45,22,5,0.13206950144029256
45,22,6,0.13219781796848507
45,22,7,0.13206925275351622
45,22,8,0.1321062369691706
45,22,9,0.13206924501628137
45,22,10,0.13218621570498942
45,23,1,0.1320699646081853
45,23,2,0.1320692388257983
45,23,3,0.13206927374606653
45,23,4,0.13214644414128365
45,23,5,0.13206949975652396
45,23,6,0.13219691612981468
45,23,7,0.132069252643516
45,23,8,0.13210598627345746
45,23,9,0.13206924471750778
45,23,10,0.13218530003788406
45,24,1,0.13207002101421061
45,24,2,0.13206923932999617
45,24,3,0.1320692740239157
45,24,4,0.1321476057447096
45,24,5,0.1320695023413031
45,24,6,0.13219838525064892
45,24,7,0.13206925322214594
45,24,8,0.13210660169607744
45,24,9,0.1320692453804748
45,24,10,0.1321864845500387
46,1,1,-0.664938674185748
46,1,2,0.26164031981785196
46,1,3,-0.6594861593253266
46,1,4,-0.6172034583679944
46,1,5,-0.6601491688445115
46,1,6,-0.6237390625615711
46,1,7,0.2616403313987084
46,1,8,-0.7201605473399553
46,1,9,-0.8579077857219675
46,1,10,-0.6131920283493153
46,2,1,-0.8999808031384153
46,2,2,-1.348120074482589
46,2,3,-0.8944406639318571
46,2,4,-0.8675806145879211
46,2,5,-0.8957043806194775
46,2,6,-0.8905972418896265
46,2,7,-1.3059789610369987
46,2,8,-1.057355073621367
46,2,9,0.26164033102539513
46,2,10,-0.832912078294284
46,3,1,-0.5440468789116509
46,3,2,0.26164032172308593
46,3,3,-0.5380145642261784
46,3,4,-0.5141061498386423
46,3,5,-0.5391073705318405
46,3,6,-0.530281823175186
46,3,7,0.261640340036958
46,3,8,0.26169511941763846
46,3,9,-0.7164907565180184
46,3,10,-0.4723804277460299
46,4,1,-1.1954591044069982
46,4,2,-1.4223942314142932
46,4,3,-1.1472203483551322
46,4,4,-1.0987482225308975
46,4,5,-1.1963901059684914
46,4,6,-1.07067162385532
46,4,7,-1.233628861204636
46,4,8,-1.2157208131409096
46,4,9,-1.2279494034366065
46,4,10,-1.0796587942570943
46,5,1,0.26164087629575145
46,5,2,0.261640322423801
46,5,3,-0.6783331637761164
46,5,4,-0.6189208873724686
46,5,5,0.261640688797402
46,5,6,-0.5950740604214323
46,5,7,-0.7638676392694781
46,5,8,-0.7446759173243306
46,5,9,-0.7582468985971749
46,5,10,-0.5964327086548771
46,6,1,-1.1389250839573692
46,6,2,-1.2286360634151807
46,6,3,-1.0913817383010733
46,6,4,-1.0459232428366285
46,6,5,-1.141289466135397
46,6,6,-1.0196255716607159
46,6,7,-1.177633654673154
46,6,8,-1.157802471465846
46,6,9,-1.1719206720568802
46,6,10,-1.0303221634634678
46,7,1,-1.139075807032007
46,7,2,-1.2286556573654903
46,7,3,-1.0913784172564953
46,7,4,-1.04590974709694
46,7,5,-1.1404280486837826
46,7,6,-1.0241640606684357
46,7,7,-1.1776350822075037
46,7,8,-1.1577407582232744
46,7,9,-1.1719435505496911
46,7,10,-1.0238221408084367
46,8,1,-1.139033288905875
46,8,2,-1.2286321853890967
46,8,3,-1.0913230203014774
46,8,4,-1.0495488116463445
46,8,5,-1.1404277754342667
46,8,6,-1.0180040570587932
46,8,7,-1.1776387674195627
46,8,8,-1.1690781191334871
46,8,9,-1.171933215670551
46,8,10,-1.0075208657424553
46,9,1,-0.7402601829330082
46,9,2,0.26164032345123717
46,9,3,-0.6928855581629897
46,9,4,-0.6413988038052254
46,9,5,-0.7418977847382915
46,9,6,-0.6583692273216717
46,9,7,-0.778450042304264
46,9,8,-0.7725036221163334
46,9,9,-0.7728363348037847
46,9,10,-0.613868403939194
46,10,1,-0.7408845448158032
46,10,2,-0.8297618076853028
46,10,3,-0.6936916494758283
46,10,4,-0.6414635517642376
46,10,5,-0.7423634572110838
46,10,6,0.26197242760729456
46,10,7,0.2616403416587412
46,10,8,-0.7799104271697982
46,10,9,0.2616403318879637
46,10,10,-0.6117021017597788
46,11,1,-0.633330322697375
46,11,2,0.26164032442019336
46,11,3,-0.5861860789516924
46,11,4,-0.5513687115737952
46,11,5,-0.6352488734664933
46,11,6,-0.5424338922800047
46,11,7,0.2616403418799757
46,11,8,0.2616965449854434
46,11,9,-0.665917057431705
46,11,10,0.26183871526522057
46,12,1,-1.081777623189574
46,12,2,-1.1057802052039671
46,12,3,-1.2255858395918826
46,12,4,-0.9948514041181399
46,12,5,0.2616406899646167
46,12,6,-0.985466144836722
46,12,7,-1.1194450008812526
46,12,8,-1.1217955102362247
46,12,9,-1.1137942105303555
46,12,10,-0.9776427427800148
46,13,1,-0.9006377042068422
46,13,2,-0.9251475375015628
46,13,3,0.2616403667049368
46,13,4,-0.8135712020340248
46,13,5,0.26164068960239895
46,13,6,-0.7965905906292065
46,13,7,-0.9387195603279684
46,13,8,0.26169591276014126
46,13,9,-0.933105406185488
46,13,10,-0.7807931097620868
46,14,1,-0.912149097767664
46,14,2,-0.9368211419582482
46,14,3,0.2616403666532352
46,14,4,-0.8343349807279644
46,14,5,-0.9135569149079754
46,14,6,-0.7978550496769037
46,14,7,-0.9504402590836231
46,14,8,0.2616978000472495
46,14,9,-0.944803052665796
46,14,10,-0.7982143619928357
46,15,1,0.2616408775285873
46,15,2,-0.7830976188311486
46,15,3,0.2616403668407351
46,15,4,-0.6620692108966089
46,15,5,-0.7600912218223966
46,15,6,-0.6396226509305432
46,15,7,0.2616403420587197
46,15,8,-0.8004251416396654
46,15,9,-0.7910338045329798
46,15,10,-0.6298912627144384
46,16,1,-1.051522769513532
46,16,2,-1.0757752467129653
46,16,3,-1.6590449351710501
46,16,4,0.2617657784260487
46,16,5,-1.0526625403703949
46,16,6,-0.9553952423674996
46,16,7,-1.0894682928557697
46,16,8,-1.0862640281550642
46,16,9,-1.0838080301279163
46,16,10,0.26183759847433313
46,17,1,-0.4607538132811905
46,17,2,0.2616403235895711
46,17,3,0.261640366889169
46,17,4,-0.43347012990974926
46,17,5,-0.46208071481778296
46,17,6,0.2618616979159991
46,17,7,-0.49869389167999
46,17,8,-0.48758234759407393
46,17,9,0.26164033206201265
46,17,10,-0.3548038871651257
46,18,1,0.2616408773546939
46,18,2,-0.7052171221997939
46,18,3,0.2616403669575592
46,18,4,0.26176582352791883
46,18,5,-0.682014505324328
46,18,6,-0.5751056978937982
46,18,7,-0.718778083536335
46,18,8,0.26169569277050186
46,18,9,0.2616403320177927
46,18,10,-0.5534570870469305
46,19,1,-1.0150973749013914
46,19,2,-1.0064343939091926
46,19,3,-0.954940743516497
46,19,4,-0.972995791892681
46,19,5,0.26164069075773555
46,19,6,-0.9105715334753751
46,19,7,-1.020075146484214
46,19,8,-0.9469151931347743
46,19,9,-1.014449924589614
46,19,10,-0.867524147375543
46,20,1,-0.7781452816386724
46,20,2,-0.7698184192132412
46,20,3,-0.718498329411285
46,20,4,0.2617659308016165
46,20,5,-0.7269915053902226
46,20,6,0.2618619024267317
46,20,7,-0.7833060987204004
46,20,8,-0.687953387470435
46,20,9,0.2616403318720938
46,20,10,-0.6043225559814176
46,21,1,0.2616408769582467
46,21,2,-0.8032085889052364
46,21,3,-0.7519149598786076
46,21,4,-0.716774974141766
46,21,5,-0.7594148717082171
46,21,6,-0.6568738757567716
46,21,7,0.2616403414010027
46,21,8,-0.7175543496495843
46,21,9,-0.8111170719476322
46,21,10,-0.6319094103678139
46,22,1,0.2616408776991952
46,22,2,-0.956791256101849
46,22,3,-0.905433938332522
46,22,4,-0.8975543427336968
46,22,5,-0.9133299170084523
46,22,6,-0.8376345217306168
46,22,7,-0.95317708671894
46,22,8,-0.8934716241855458
46,22,9,-0.9647673745939467
46,22,10,-0.8004012789633457
46,23,1,-0.8607534193557977
46,23,2,0.26164032310634394
46,23,3,-0.43324548047802525
46,23,4,-0.4082854829937692
46,23,5,-0.4408591088003309
46,23,6,-0.3604348121203629
46,23,7,-0.4805091501565745
46,23,8,-0.4112339963178712
46,23,9,0.2616403319652022
46,23,10,-0.33872260826319567
46,24,1,-0.7164761139072802
46,24,2,-0.8023699376508399
46,24,3,-0.8023222265204323
46,24,4,-0.7078766803504266
46,24,5,-0.7853097632356955
46,24,6,-0.6884674384049113
46,24,7,-0.7164815656587952
46,24,8,-0.712659852738726
46,24,9,-0.7164821901617922
46,24,10,-0.6849846385669665
47,1,1,-0.7998641215465023
47,1,2,0.12918741521445895
47,1,3,-0.7943636329556093
47,1,4,-0.7517481310921313
47,1,5,-0.7950325589987715
47,1,6,-0.7583531982157737
47,1,7,0.12918742388714585
47,1,8,-0.8556072217698537
47,1,9,-0.9947772185849445
47,1,10,-0.747715080138624
47,2,1,-1.0373397579235764
47,2,2,-1.49214418898109
47,2,3,-1.0317336561757697
47,2,4,-1.0046087077291443
47,2,5,-1.0330124742290427
47,2,6,-1.0278790096988426
47,2,7,-1.4492631035441108
47,2,8,-1.1967635042236484
47,2,9,0.12918742403603503
47,2,10,-0.9695836434285902
47,3,1,-0.6780053511676245
47,3,2,0.12918741675259277
47,3,3,-0.6719296613254506
47,3,4,-0.6478769163448744
47,3,5,-0.6730303894390895
47,3,6,-0.664178288189056
47,3,7,0.1291874305773623
47,3,8,0.12923129066475603
47,3,9,-0.8518871488554786
47,3,10,-0.6058886135645658
47,4,1,-1.336914325863521
47,4,2,-1.5677797617538853
47,4,3,-1.2879277754479004
47,4,4,-1.2387572890123821
47,4,5,-1.3378600119913344
47,4,6,-1.210292619805613
47,4,7,-1.375697365237354
47,4,8,-1.357510012799457
47,4,9,-1.3699254110012065
47,4,10,-1.2194037204537311
47,5,1,0.12918783613411963
47,5,2,0.12918741732350345
47,5,3,-0.8133774366796575
47,5,4,-0.7534798955025465
47,5,5,0.12918769434754504
47,5,6,-0.7294607090826097
47,5,7,-0.899728047987016
47,5,8,-0.8803629577558147
47,5,9,-0.8940506976125772
47,5,10,-0.7308222818364821
47,6,1,-1.279507175979169
47,6,2,-1.3706232267877199
47,6,3,-1.2312621624588223
47,6,4,-1.185183655693654
47,6,5,-1.2819071453134385
47,6,6,-1.1585680371442593
47,6,7,-1.3188088701308454
47,6,8,-1.2986821870187406
47,6,9,-1.3130070791197648
47,6,10,-1.169380522465037
47,7,1,-1.2796601668770278
47,7,2,-1.3706431392608913
47,7,3,-1.2312587932928314
47,7,4,-1.1851697312306195
47,7,5,-1.2810327592513742
47,7,6,-1.1631427420276246
47,7,7,-1.31881032200463
47,7,8,-1.2986195328943217
47,7,9,-1.3130303152408533
47,7,10,-1.1627922836414522
47,8,1,-1.2796170096563346
47,8,2,-1.3706192860824806
47,8,3,-1.2312025959184028
47,8,4,-1.1888591688945127
47,8,5,-1.2810324834603923
47,8,6,-1.1568948892277762
47,8,7,-1.3188140635659003
47,8,8,-1.3101313158753014
47,8,9,-1.3130198171231064
47,8,10,-1.146268040202827
47,9,1,-0.8758859066162972
47,9,2,0.12918741823252242
47,9,3,-0.8280618727158524
47,9,4,-0.7761490036187959
47,9,5,-0.8775394625829366
47,9,6,-0.7932825955620866
47,9,7,-0.9144592640485699
47,9,8,-0.9084662625574124
47,9,9,-0.9087879448043772
47,9,10,-0.7483985721442286
47,10,1,-0.8765163041001395
47,10,2,-0.9663169672201416
47,10,3,-0.8288753392410448
47,10,4,-0.7762099286912909
47,10,5,-0.8780096689816745
47,10,6,0.12948275994597652
47,10,7,0.12918743194308152
47,10,8,-0.9159463947261335
47,10,9,0.12918742454350082
47,10,10,-0.7462126277302318
47,11,1,-0.7679841973583893
47,11,2,0.12918741805407222
47,11,3,-0.7204594478262738
47,11,4,-0.6854021089630513
47,11,5,-0.7699187901805115
47,11,6,-0.6764724200842305
47,11,7,0.12918743222655588
47,11,8,0.12923251345365314
47,11,9,-0.8008509036500049
47,11,10,0.1293529291563137
47,12,1,-1.2215201055735816
47,12,2,-1.245869927260843
47,12,3,-1.3675235420075176
47,12,4,-1.1334233698800253
47,12,5,0.12918769508370084
47,12,6,-1.1239338422962517
47,12,7,-1.2597359040023839
47,12,8,-1.262132316183087
47,12,9,-1.2540016188589336
47,12,10,-1.1160049311549929
47,13,1,-1.0380044860827569
47,13,2,-1.062810162345773
47,13,3,0.1291874514884078
47,13,4,-0.9500086214223962
47,13,5,0.12918769502226995
47,13,6,-0.9328779729674402
47,13,7,-1.0765495541719914
47,13,8,0.12923199012643838
47,13,9,-1.0708658716509072
47,13,10,-0.9169043134585815
47,14,1,-1.0496538689872752
47,14,2,-1.074627575769359
47,14,3,0.12918745148976418
47,14,4,-0.9709987304655436
47,14,5,-1.051078640610741
47,14,6,-0.9341569362538401
47,14,7,-1.0884167449329878
47,14,8,0.12923351980612707
47,14,9,-1.0827088520404344
47,14,10,-0.9345128551873179
47,15,1,0.1291878372187179
47,15,2,-0.9191548321522043
47,15,3,0.12918745154899314
47,15,4,-0.796994927745303
47,15,5,-0.8959136400465211
47,15,6,-0.7743713992774023
47,15,7,0.12918743240868283
47,15,8,-0.9366757442832463
47,15,9,-0.9271736690286198
47,15,10,-0.7645535117826148
47,16,1,-1.190838252162099
47,16,2,-1.2154318994246847
47,16,3,-1.8092551186535093
47,16,4,0.12929079769595475
47,16,5,-1.1919938341411733
47,16,6,-1.0934838159205749
47,16,7,-1.2293211075341024
47,16,8,-1.226083332355456
47,16,9,-1.2235794560094984
47,16,10,0.12935223007546784
47,17,1,-0.5941586222112063
47,17,2,0.1291874180533626
47,17,3,0.12918745160670017
47,17,4,-0.5667361175710196
47,17,5,-0.5954935161725854
47,17,6,0.12937235624798368
47,17,7,-0.6323392905623404
47,17,8,-0.6211688229852803
47,17,9,0.1291874247454304
47,17,10,-0.487669339425348
47,18,1,0.12918783740885956
47,18,2,-0.8405074686567001
47,18,3,0.12918745174618015
47,18,4,0.12929083636377203
47,18,5,-0.8170919953498019
47,18,6,-0.7093324386416027
47,18,7,-0.8541961948185626
47,18,8,0.12923175922867347
47,18,9,0.1291874246471433
47,18,10,-0.6875180894631256
47,19,1,-1.1539148010700528
47,19,2,-1.145135814216238
47,19,3,-1.0929739642260725
47,19,4,-1.1112847644831239
47,19,5,0.12918769599106666
47,19,6,-1.0481207206989733
47,19,7,-1.1589594584749219
47,19,8,-1.0848604507839918
47,19,9,-1.1532585153027939
47,19,10,-1.0045786354726924
47,20,1,-0.9141514897286842
47,20,2,-0.9057392039624483
47,20,3,-0.8539137866171473
47,20,4,0.12929092601429806
47,20,5,-0.8624882696438134
47,20,6,0.1293725294518357
47,20,7,-0.9193654790707108
47,20,8,-0.8230973640749323
47,20,9,0.12918742455289065
47,20,10,-0.7387744080491994
47,21,1,0.1291878370884521
47,21,2,-0.9394768647299708
47,21,3,-0.8876555033672706
47,21,4,-0.8522066579336176
47,21,5,-0.895230497874089
47,21,6,-0.791773358112433
47,21,7,0.12918743169624686
47,21,8,-0.8529750122067825
47,21,9,-0.9474698170140065
47,21,10,-0.7665891576346586
47,22,1,0.12918783745477702
47,22,2,-1.0948478785397258
47,22,3,-1.0428578286718573
47,22,4,-1.0349233555774593
47,22,5,-1.0508489320693948
47,22,6,-0.9743665832407314
47,22,7,-1.0911880523700086
47,22,8,-1.030770753624287
47,22,9,-1.1029254148819958
47,22,10,-0.9367221665815566
47,23,1,-0.9976554828175387
47,23,2,0.12918741793899086
47,23,3,-0.5664873459623879
47,23,4,-0.5414115741547624
47,23,5,-0.5741451220575212
47,23,6,-0.4933311073811696
47,23,7,-0.6140367329268888
47,23,8,-0.5443672732226967
47,23,9,0.12918742460080873
47,23,10,-0.4715154207849498
47,24,1,-0.8518726497907421
47,24,2,-0.9386293078831395
47,24,3,-0.9385811010159328
47,24,4,-0.8432241537978797
47,24,5,-0.9213900211699743
47,24,6,-0.8236562125320338
47,24,7,-0.8518778700628502
47,24,8,-0.8480344208548329
47,24,9,-0.8518784981252908
47,24,10,-0.8201217261800866
48,1,1,-0.8460971524621176
48,1,2,0.08707699581701127
48,1,3,-0.8405384491222792
48,1,4,-0.7975114617805344
48,1,5,-0.8412145383604723
48,1,6,-0.8041981767378334
48,1,7,0.0870770018741745
48,1,8,-0.9024661058300022
48,1,9,-1.0433243102526204
48,1,10,-0.793449349914182
48,2,1,-1.0864592894916458
48,2,2,-1.5488746882033495
48,2,3,-1.0807762499732492
48,2,4,-1.0533343214775714
48,2,5,-1.0820726762560247
48,2,6,-1.0769409316802308
48,2,7,-1.5051591275676723
48,2,8,-1.2482511117406943
48,2,9,0.08707700202285566
48,2,10,-1.0178855603753074
48,3,1,-0.7230468938133718
48,3,2,0.08707699683433151
48,3,3,-0.7169167479455909
48,3,4,-0.6926760423401278
48,3,5,-0.7180274058052982
48,3,6,-0.7091326551448738
48,3,7,0.08707700644699312
48,3,8,0.08710872216931001
48,3,9,-0.8986884667957749
48,3,10,-0.6503489458543447
48,4,1,-1.3907395162476128
48,4,2,-1.626041452911744
48,4,3,-1.3409021317093148
48,4,4,-1.2909318116342343
48,4,5,-1.3917018888306782
48,4,6,-1.2620209314371318
48,4,7,-1.4302184411202765
48,4,8,-1.4117132532548842
48,4,9,-1.4243416370762356
48,4,10,-1.271274552446054
48,5,1,0.08707727920378987
48,5,2,0.08707699738189545
48,5,3,-0.8597544829750586
48,5,4,-0.7992607080874832
48,5,5,0.08707718354798938
48,5,6,-0.7750248052820727
48,5,7,-0.9470837842319865
48,5,8,-0.9275089137321574
48,5,9,-0.9413390496946602
48,5,10,-0.7763918677404275
48,6,1,-1.3323386325410036
48,6,2,-1.4250521008898795
48,6,3,-1.2832920750531314
48,6,4,-1.2364998873360913
48,6,5,-1.3347791879008202
48,6,6,-1.2095131698816413
48,6,7,-1.372315801075571
48,6,8,-1.35185162258172
48,6,9,-1.366412986634886
48,6,10,-1.2204628704422271
48,7,1,-1.332494209937516
48,7,2,-1.4250723745307912
48,7,3,-1.2832886507752472
48,7,4,-1.2364854569224577
48,7,5,-1.3338900128767472
48,7,6,-1.2141327643084903
48,7,7,-1.3723172803588648
48,7,8,-1.3517878786447906
48,7,9,-1.3664366290838652
48,7,10,-1.213773013672762
48,8,1,-1.332450323805107
48,8,2,-1.4250480891315358
48,8,3,-1.2832315374149044
48,8,4,-1.2402328660971151
48,8,5,-1.333889734157325
48,8,6,-1.2077845498546838
48,8,7,-1.3723210862509745
48,8,8,-1.3634982873057857
48,8,9,-1.366425945762804
48,8,10,-1.196992579089947
48,9,1,-0.9229618022675051
48,9,2,0.08707699785064452
48,9,3,-0.8745984116279466
48,9,4,-0.8221631475596767
48,9,5,-0.9246344344846156
48,9,6,-0.83949161487262
48,9,7,-0.9619918287730195
48,9,8,-0.9559411992111649
48,9,9,-0.9562521023080488
48,9,10,-0.794141256001021
48,10,1,-0.9235994228097518
48,10,2,-1.0144947926377776
48,10,3,-0.8754207754093987
48,10,4,-0.8222201606867765
48,10,5,-0.9251100618571642
48,10,6,0.08732331471461421
48,10,7,0.08707700755264082
48,10,8,-0.9635087457988228
48,10,9,0.08707700225349314
48,10,10,-0.7919315005449536
48,11,1,-0.8138864622026251
48,11,2,0.08707699782993344
48,11,3,-0.7658935789202742
48,11,4,-0.7305322118390184
48,11,5,-0.8158406790833278
48,11,6,-0.7215914957919962
48,11,7,0.0870770077238921
48,11,8,0.08710973853944294
48,11,9,-0.8470941665695535
48,11,10,0.08719910243750027
48,12,1,-1.2733920726348023
48,12,2,-1.2981392380853085
48,12,3,-1.4218963315018198
48,12,4,-1.1839466854503564
48,12,5,0.0870771845158744
48,12,6,-1.174334148743698
48,12,7,-1.3122350790079391
48,12,8,-1.3146826693235054
48,12,9,-1.3064054237611578
48,12,10,-1.1662838085360145
48,13,1,-1.087133145259391
48,13,2,-1.112283371320494
48,13,3,0.08707702110575744
48,13,4,-0.9980383814339304
48,13,5,0.08707718442110089
48,13,6,-0.9807252141915771
48,13,7,-1.126217238397602
48,13,8,0.08710931918633384
48,13,9,-1.1204528033867167
48,13,10,-0.9645446562900244
48,14,1,-1.0989433556498789
48,14,2,-1.1242679026061968
48,14,3,0.08707702104103804
48,14,4,-1.0192952044397392
48,14,5,-1.1003878788596149
48,14,6,-0.9820211735149749
48,14,7,-1.1382544065440163
48,14,8,0.08711046914726088
48,14,9,-1.132464522645637
48,14,10,-0.9823742230165522
48,15,1,0.08707728029673535
48,15,2,-0.9667443359742929
48,15,3,0.0870770209693375
48,15,4,-0.8432230709840788
48,15,5,-0.9432241467755292
48,15,6,-0.820380504907851
48,15,7,0.08707700786969855
48,15,8,-0.9844922794288689
48,15,9,-0.9748611255369158
48,15,10,-0.8104579423924263
48,16,1,-1.2422205465884795
48,16,2,-1.267205555383546
48,16,3,-1.8729120703259636
48,16,4,0.08715338741980154
48,16,5,-1.24339428952865
48,16,6,-1.1434442832737761
48,16,7,-1.2813194201300766
48,16,8,-1.2780418265371634
48,16,9,-1.2754845872674856
48,16,10,0.08719873558574835
48,17,1,-0.6384945066613906
48,17,2,0.08707699782717619
48,17,3,0.08707702107181586
48,17,4,-0.6108838946995121
48,17,5,-0.639839796779174
48,17,6,0.08721300454101653
48,17,7,-0.6769847472022352
48,17,8,-0.665735292917652
48,17,9,0.08707700228156887
48,17,10,-0.5312746341779424
48,18,1,0.08707728038183692
48,18,2,-0.8871813636398709
48,18,3,0.08707702117308577
48,18,4,0.08715341657555467
48,18,5,-0.8635091967149754
48,18,6,-0.7546995986800017
48,18,7,-0.9010235749614295
48,18,8,0.08710907603486664
48,18,9,0.08707700227829274
48,18,10,-0.7326795537322541
48,19,1,-1.2047242851581563
48,19,2,-1.1958116201834654
48,19,3,-1.1428773977301536
48,19,4,-1.1614807991835348
48,19,5,0.08707718480485921
48,19,6,-1.0974523744051514
48,19,7,-1.209845995450648
48,19,8,-1.13466009960253
48,19,9,-1.2040578378772167
48,19,10,-1.0533309625975136
48,20,1,-0.9616804565446353
48,20,2,-0.95316673717676
48,20,3,-0.9007379816275795
48,20,4,0.08715348320371616
48,20,5,-0.9094099180844049
48,20,6,0.08721313208607716
48,20,7,-0.9669575516987873
48,20,8,-0.8695924192191231
48,20,9,0.08707700223485822
48,20,10,-0.7844208770352311
48,21,1,0.0870772802126054
48,21,2,-0.9873162606009348
48,21,3,-0.9348684788252228
48,21,4,-0.8990441747747913
48,21,5,-0.9425329170680106
48,21,6,-0.8379655565542353
48,21,7,0.08707700735030129
48,21,8,-0.8998028110446971
48,21,9,-0.9954090005803456
48,21,10,-0.8125148422011924
48,22,1,0.08707728045596919
48,22,2,-1.1447784328007937
48,22,3,-1.0920530993777715
48,22,4,-1.0840487515901625
48,22,5,-1.1001550099864883
48,22,6,-1.022738300332718
48,22,7,-1.1410656886427064
48,22,8,-1.079817915420817
48,22,9,-1.1529734378956313
48,22,10,-0.9846101367776925
48,23,1,-1.04624079335684
48,23,2,0.08707699769666687
48,23,3,-0.6106105045959858
48,23,4,-0.585373979046936
48,23,5,-0.6183261880847357
48,23,6,-0.5369772504672384
48,23,7,-0.6585312580425118
48,23,8,-0.5883423098072839
48,23,9,0.08707700221583263
48,23,10,-0.5150192744541194
48,24,1,-0.8986740964105324
48,24,2,-0.9864581750020484
48,24,3,-0.9864093804027873
48,24,4,-0.8899605603145843
48,24,5,-0.9690068342352058
48,24,6,-0.8701970752034938
48,24,7,-0.8986790828155105
48,24,8,-0.8948067910131973
48,24,9,-0.8986797152005473
48,24,10,-0.8666059382981632
49,1,1,-0.8928336496260684
49,1,2,0.04502682826530108
49,1,3,-0.8872127163224223
49,1,4,-0.8437440730331646
49,1,5,-0.8878964582174336
49,1,6,-0.850517365265729
49,1,7,0.0450268312542871
49,1,8,-0.9498702009409073
49,1,9,-1.0925260152732745
49,1,10,-0.839650206289073
49,2,1,-1.1362690069841728
49,2,2,-1.6067465705109811
49,2,3,-1.1305042817384492
49,2,4,-1.1027237421088507
49,2,5,-1.1318194012842806
49,2,6,-1.1266865110653552
49,2,7,-1.5621477214384913
49,2,8,-1.3005717656962699
49,2,9,0.04502683163609233
49,2,10,-1.066823410227771
49,3,1,-0.7685059457885215
49,3,2,0.045026828814671876
49,3,3,-0.7623172037645356
49,3,4,-0.7378726415181039
49,3,5,-0.7634385424368264
49,3,6,-0.7544956327356657
49,3,7,0.04502683377717494
49,3,8,0.04504417704894434
49,3,9,-0.9460318288445582
49,3,10,-0.6951789213182907
49,4,1,-1.4455360473560315
49,4,2,-1.6855342325080958
49,4,3,-1.3947978363493216
49,4,4,-1.3439798360800708
49,4,5,-1.4465160860679573
49,4,6,-1.3145957766960923
49,4,7,-1.4857516430830742
49,4,8,-1.4669097369859667
49,4,9,-1.4797638490188894
49,4,10,-1.3240004999143997
49,5,1,0.045026969303426825
49,5,2,0.04502682881332244
49,5,3,-0.9066448974309823
49,5,4,-0.8455119969736755
49,5,5,0.045026921703837174
49,5,6,-0.8210426145479441
49,5,7,-0.9950181371510877
49,5,8,-0.975218929717031
49,5,9,-0.9892016215508276
49,5,10,-0.8224160465254325
49,6,1,-1.3860830176160115
49,6,2,-1.4804877017305205
49,6,3,-1.3361875725877486
49,6,4,-1.2886385824856164
49,6,5,-1.3885665536613299
49,6,6,-1.2612569012759163
49,6,7,-1.4267753953153977
49,6,8,-1.4059535938091599
49,6,9,-1.4207656230743975
49,6,10,-1.2723532385570564
49,7,1,-1.3862413336292128
49,7,2,-1.4805083606611944
49,7,3,-1.3361840900104758
49,7,4,-1.2886236029950056
49,7,5,-1.3876617159718891
49,7,6,-1.2659251173046067
49,7,7,-1.4267769034102056
49,7,8,-1.4058886834920528
49,7,9,-1.4207896955033485
49,7,10,-1.2655556153422591
49,8,1,-1.3861966759176803
49,8,2,-1.4804836146381484
49,8,3,-1.3361260064708131
49,8,4,-1.2924324650016699
49,8,5,-1.3876614343650888
49,8,6,-1.2594708452991068
49,8,7,-1.4267807777266621
49,8,8,-1.4178094301362676
49,8,9,-1.4207788163560666
49,8,10,-1.2485039318657056
49,9,1,-0.9705979610296767
49,9,2,0.04502682914881069
49,9,3,-0.9216591760224845
49,9,4,-0.8686641732480475
49,9,5,-0.9722909269589235
49,9,6,-0.8862000145934495
49,9,7,-1.0101144833459241
49,9,8,-1.0040019836286438
49,9,9,-1.0043019258689305
49,9,10,-0.8403510422281777
49,10,1,-0.9712432832583202
49,10,2,-1.0633039914311722
49,10,3,-0.9224910406917338
49,10,4,-0.8687171078442805
49,10,5,-0.9727723374669265
49,10,6,0.04520984079117139
49,10,7,0.045026834426352164
49,10,8,-1.0116626302459877
49,10,9,0.04502683147763866
49,10,10,-0.8381157909074274
49,11,1,-0.8602691260708208
49,11,2,0.04502682910858393
49,11,3,-0.8117744963899918
49,11,4,-0.776085220019984
49,11,5,-0.8622443533698048
49,11,6,-0.767128467646283
49,11,7,0.04502683449219151
49,11,8,0.04504490000694274
49,11,9,-0.8938416109629564
49,11,10,0.04509237689016968
49,12,1,-1.3261202586778582
49,12,2,-1.3512883025906937
49,12,3,-1.4772725624382759
49,12,4,-1.2352448078212348
49,12,5,0.04502692189743848
49,12,6,-1.2255010973005058
49,12,7,-1.3656275888159821
49,12,8,-1.3681290697804962
49,12,9,-1.3596969313482228
49,12,10,-1.2173220828583575
49,13,1,-1.1369525529365
49,13,2,-1.1624685205748924
49,13,3,0.04502684107397945
49,13,4,-1.0466877543523219
49,13,5,0.045026921873043496
49,13,6,-1.0291790270612076
49,13,7,-1.1766087553338085
49,13,8,0.04504435119007387
49,13,9,-1.170758634933958
49,13,10,-1.012778647228912
49,14,1,-1.1489335002124412
49,14,2,-1.1746303918727696
49,14,3,0.045026841139134695
49,14,4,-1.0682282113406665
49,14,5,-1.150398991079855
49,14,6,-1.030493068224224
49,14,7,-1.1888262598906982
49,14,8,0.04504520498621077
49,14,9,-1.1829493919741019
49,14,10,-1.0308433989280408
49,15,1,0.04502696925860918
49,15,2,-1.0149276193500147
49,15,3,0.04502684110067608
49,15,4,-0.8899530259545924
49,15,5,-0.9911103164091257
49,15,6,-0.8668752731510878
49,15,7,0.045026834475687116
49,15,8,-1.032916701760097
49,15,9,-1.023148674396453
49,15,10,-0.856840914513618
49,16,1,-1.294429950825737
49,16,2,-1.3198296005654138
49,16,3,-1.9381197877336318
49,16,4,0.04506856397571077
49,16,5,-1.2956229381367659
49,16,6,-1.194144452313426
49,16,7,-1.3341814456795018
49,16,8,-1.3308613315733562
49,16,9,-1.328247908286776
49,16,10,0.04509248738618267
49,17,1,-0.6831919641890042
49,17,2,0.045026829170633484
49,17,3,0.045026841164112014
49,17,4,-0.6553757896736677
49,17,5,-0.6845485204015822
49,17,6,0.045099519162992964
49,17,7,-0.7220169450013655
49,17,8,-0.7106813436570953
49,17,9,0.04502683145189721
49,17,10,-0.5751739637358833
49,18,1,0.04502696930340322
49,18,2,-0.9343887596409066
49,18,3,0.04502684108622574
49,18,4,0.04506857916624604
49,18,5,-0.910442504973044
49,18,6,-0.8005063937560777
49,18,7,-0.9483947398870665
49,18,8,0.04504437866358795
49,18,9,0.045026831430544104
49,18,10,-0.7782655021705339
49,19,1,-1.256326641263162
49,19,2,-1.2472722784347146
49,19,3,-1.1935190225697208
49,19,4,-1.21243185102005
49,19,5,0.04502692195085679
49,19,6,-1.147484722794096
49,19,7,-1.2615300273544365
49,19,8,-1.1851911610570398
49,19,9,-1.255649427070751
49,19,10,-1.1027477579664047
49,20,1,-1.0097992837253846
49,20,2,-1.0011775593088588
49,20,3,-0.9481057485145596
49,20,4,0.045068614076355554
49,20,5,-0.9568816244906498
49,20,6,0.045099586177904015
49,20,7,-1.0151435693375086
49,20,8,-0.9166082657045822
49,20,9,0.04502683140908554
49,20,10,-0.8305275456795856
49,21,1,0.04502696929039031
49,21,2,-1.0357654969544405
49,21,3,-0.9826507400505093
49,21,4,-0.9464245142056497
49,21,5,-0.9904104711316016
49,21,6,-0.8846560292362591
49,21,7,0.04502683416244134
49,21,8,-0.947173743082974
49,21,9,-1.0439643986324616
49,21,10,-0.8589204791958215
49,22,1,0.045026969290567515
49,22,2,-1.1954488265706287
49,22,3,-1.1419432326101848
49,22,4,-1.1338631112673896
49,22,5,-1.1501627669506882
49,22,6,-1.0717501210713987
49,22,7,-1.1916799478424822
49,22,8,-1.1295501095713945
49,22,9,-1.2037684297269227
49,22,10,-1.0331076731009416
49,23,1,-1.09548309938278
49,23,2,0.045026829000307786
49,23,3,-0.6550772807053498
49,23,4,-0.629664259911883
49,23,5,-0.6628558176508911
49,23,6,-0.5809210045225295
49,23,7,-0.7034003966967
49,23,8,-0.6326470401985096
49,23,9,0.04502683152844366
49,23,10,-0.5588071531322223
49,24,1,-0.9460175813037015
49,24,2,-1.0348962087915685
49,24,3,-1.0348467884835593
49,24,4,-0.9372338807427931
49,24,5,-1.0172191858543267
49,24,6,-0.9172595323513225
49,24,7,-0.9460223324818083
49,24,8,-0.942118526696506
49,24,9,-0.9460229699011196
49,24,10,-0.9136091528826094
50,1,1,-0.08401867118929196
50,1,2,-0.08401867119453013
50,1,3,-0.08401867120286662
50,1,4,-0.08401867119300198
50,1,5,-0.08401867114122559
50,1,6,-0.08401867111373183
50,1,7,-0.08401867113889545
50,1,8,-0.08401867118414143
50,1,9,-0.08401867109533924
50,1,10,-0.08401867118621746
50,2,1,-0.08401867114456585
50,2,2,-0.08401867120177656
50,2,3,-0.08401867108439551
50,2,4,-0.08401867114595966
50,2,5,-0.08401867122614792
50,2,6,-0.08401867115272241
50,2,7,-0.08401867114381051
50,2,8,-0.08401867114133188
50,2,9,-0.08401867115180578
50,2,10,-0.08401867109220758
50,3,1,-0.08401867117681108
50,3,2,-0.08401867117432993
50,3,3,-0.08401867123848503
50,3,4,-0.0840186711434675
50,3,5,-0.08401867111045623
50,3,6,-0.08401867120963391
50,3,7,-0.0840186711438028
50,3,8,-0.08401867115799616
50,3,9,-0.08401867119768804
50,3,10,-0.08401867113562705
50,4,1,-0.08401867114463003
50,4,2,-0.08401867122249516
50,4,3,-0.08401867119816611
50,4,4,-0.08401867115087752
50,4,5,-0.0840186711193077
50,4,6,-0.08401867111259542
50,4,7,-0.08401867119886287
50,4,8,-0.08401867116977293
50,4,9,-0.08401867117610269
50,4,10,-0.08401867115030623
50,5,1,-0.0840186711062891
50,5,2,-0.0840186711331456
50,5,3,-0.08401867119284367
50,5,4,-0.08401867114765739
50,5,5,-0.08401867109978739
50,5,6,-0.08401867117803158
50,5,7,-0.08401867110850356
50,5,8,-0.08401867121335492
50,5,9,-0.0840186711706022
50,5,10,-0.08401867121771112
50,6,1,-0.08401867105779612
50,6,2,-0.08401867118805104
50,6,3,-0.08401867118693643
50,6,4,-0.08401867120684203
50,6,5,-0.08401867118271661
50,6,6,-0.08401867117932599
50,6,7,-0.08401867111329754
50,6,8,-0.08401867118024056
50,6,9,-0.08401867118275932
50,6,10,-0.08401867119026468
50,7,1,-0.08401867115621978
50,7,2,-0.08401867119967169
50,7,3,-0.08401867117169479
50,7,4,-0.08401867112116125
50,7,5,-0.08401867116997598
50,7,6,-0.0840186712258112
50,7,7,-0.08401867118709229
50,7,8,-0.08401867118047407
50,7,9,-0.08401867117173453
50,7,10,-0.08401867114266592
50,8,1,-0.0840186711612699
50,8,2,-0.08401867122015708
50,8,3,-0.08401867113487947
50,8,4,-0.08401867115803914
50,8,5,-0.08401867113153966
50,8,6,-0.08401867111401996
50,8,7,-0.08401867120142086
50,8,8,-0.08401867122512706
50,8,9,-0.08401867114597729
50,8,10,-0.08401867116210898
50,9,1,-0.08401867125277035
50,9,2,-0.0840186711468253
50,9,3,-0.0840186711981672
50,9,4,-0.08401867114875802
50,9,5,-0.08401867116446315
50,9,6,-0.08401867114020034
50,9,7,-0.08401867115694048
50,9,8,-0.08401867113851667
50,9,9,-0.0840186712338801
50,9,10,-0.08401867113496245
50,10,1,-0.08401867116611653
50,10,2,-0.08401867118969128
50,10,3,-0.0840186712643017
50,10,4,-0.08401867115896573
50,10,5,-0.08401867117743382
50,10,6,-0.08401867113693685
50,10,7,-0.08401867116158643
50,10,8,-0.08401867116806666
50,10,9,-0.08401867117226738
50,10,10,-0.08401867117951957
50,11,1,-0.08401867110142454
50,11,2,-0.08401867120165925
50,11,3,-0.08401867111636367
50,11,4,-0.08401867121689365
50,11,5,-0.08401867119592506
50,11,6,-0.08401867113219658
50,11,7,-0.08401867110774475
50,11,8,-0.08401867113412513
50,11,9,-0.08401867124755062
50,11,10,-0.08401867105019856
50,12,1,-0.08401867117682119
50,12,2,-0.08401867121984262
50,12,3,-0.08401867111376897
50,12,4,-0.08401867123920871
50,12,5,-0.08401867114707628
50,12,6,-0.08401867115508972
50,12,7,-0.08401867114873107
50,12,8,-0.08401867116994403
50,12,9,-0.08401867115284813
50,12,10,-0.08401867118771986
50,13,1,-0.08401867109391827
50,13,2,-0.08401867119715942
50,13,3,-0.08401867112462069
50,13,4,-0.0840186711903745
50,13,5,-0.08401867116296598
50,13,6,-0.08401867121952021
50,13,7,-0.08401867114344366
50,13,8,-0.08401867114545122
50,13,9,-0.08401867115249799
50,13,10,-0.08401867120159304
50,14,1,-0.08401867117088724
50,14,2,-0.08401867122317953
50,14,3,-0.0840186711712763
50,14,4,-0.08401867118787819
50,14,5,-0.08401867114379323
50,14,6,-0.08401867117631455
50,14,7,-0.08401867106956967
50,14,8,-0.08401867118206283
50,14,9,-0.08401867119566567
50,14,10,-0.08401867108000015
50,15,1,-0.08401867118612978
50,15,2,-0.08401867112709835
50,15,3,-0.08401867124195006
50,15,4,-0.0840186711804515
50,15,5,-0.08401867115713967
50,15,6,-0.08401867116177711
50,15,7,-0.08401867118680272
50,15,8,-0.08401867116176669
50,15,9,-0.08401867119117254
50,15,10,-0.08401867114815686
50,16,1,-0.08401867120990811
50,16,2,-0.08401867118500851
50,16,3,-0.0840186711554944
50,16,4,-0.08401867120945655
50,16,5,-0.08401867112721348
50,16,6,-0.08401867119970484
50,16,7,-0.08401867119332719
50,16,8,-0.08401867112961071
50,16,9,-0.08401867114092997
50,16,10,-0.08401867111994987
50,17,1,-0.08401867121923969
50,17,2,-0.08401867115692489
50,17,3,-0.08401867114351745
50,17,4,-0.0840186711684028
50,17,5,-0.08401867119223225
50,17,6,-0.08401867118033018
50,17,7,-0.0840186711068386
50,17,8,-0.08401867117272205
50,17,9,-0.08401867114871707
50,17,10,-0.08401867119014039
50,18,1,-0.08401867124253262
50,18,2,-0.08401867108609415
50,18,3,-0.08401867124012936
50,18,4,-0.0840186712177891
50,18,5,-0.08401867114676137
50,18,6,-0.08401867115797777
50,18,7,-0.08401867113952213
50,18,8,-0.08401867114748676
50,18,9,-0.08401867109903417
50,18,10,-0.08401867121158749
50,19,1,-0.08401867114677496
50,19,2,-0.08401867110014263
50,19,3,-0.08401867125920781
50,19,4,-0.08401867115246821
50,19,5,-0.08401867125471697
50,19,6,-0.08401867116024418
50,19,7,-0.08401867122610268
50,19,8,-0.08401867119363965
50,19,9,-0.08401867122817078
50,19,10,-0.0840186711647323
50,20,1,-0.08401867116312142
50,20,2,-0.0840186711943579
50,20,3,-0.08401867115509319
50,20,4,-0.08401867119363589
50,20,5,-0.0840186710786064
50,20,6,-0.08401867111608957
50,20,7,-0.08401867115124485
50,20,8,-0.08401867122447759
50,20,9,-0.08401867113485083
50,20,10,-0.08401867119936486
50,21,1,-0.08401867111720193
50,21,2,-0.08401867119701703
50,21,3,-0.08401867120447849
50,21,4,-0.08401867119161141
50,21,5,-0.08401867118428864
50,21,6,-0.08401867116304386
50,21,7,-0.08401867117456979
50,21,8,-0.08401867117330403
50,21,9,-0.08401867119735405
50,21,10,-0.08401867115918937
50,22,1,-0.08401867119681793
50,22,2,-0.08401867116430711
50,22,3,-0.08401867122373238
50,22,4,-0.08401867113483934
50,22,5,-0.08401867116665147
50,22,6,-0.0840186711590724
50,22,7,-0.08401867113051098
50,22,8,-0.08401867113371657
50,22,9,-0.08401867111011675
50,22,10,-0.08401867121966783
50,23,1,-0.08401867118916242
50,23,2,-0.08401867117424656
50,23,3,-0.08401867118848547
50,23,4,-0.08401867115499521
50,23,5,-0.08401867118855828
50,23,6,-0.08401867110650059
50,23,7,-0.08401867111492292
50,23,8,-0.08401867119818494
50,23,9,-0.08401867118919246
50,23,10,-0.08401867120225058
50,24,1,-0.0840186711907825
50,24,2,-0.08401867109800629
50,24,3,-0.08401867112123178
50,24,4,-0.08401867117405656
50,24,5,-0.08401867109745485
50,24,6,-0.08401867113034198
50,24,7,-0.08401867116147876
50,24,8,-0.08401867111807612
50,24,9,-0.08401867110872688
50,24,10,-0.08401867117800654
51,1,1,-0.126056033840291
51,1,2,-0.126056033788874
51,1,3,-0.12605603387071118
51,1,4,-0.12605603388673647
51,1,5,-0.1260560339317684
51,1,6,-0.12605603385228697
51,1,7,-0.1260560338749147
51,1,8,-0.12605603387439332
51,1,9,-0.12605603391196044
51,1,10,-0.12605603388604117
51,2,1,-0.12605603386925063
51,2,2,-0.12605603384814532
51,2,3,-0.12605603389829265
51,2,4,-0.12605603380203478
51,2,5,-0.1260560338433894
51,2,6,-0.1260560339255665
51,2,7,-0.12605603386433112
51,2,8,-0.12605603388624165
51,2,9,-0.12605603392378847
51,2,10,-0.12605603380855598
51,3,1,-0.12605603383123345
51,3,2,-0.12605603378518826
51,3,3,-0.1260560338299127
51,3,4,-0.12605603386945266
51,3,5,-0.12605603378673594
51,3,6,-0.126056033839333
51,3,7,-0.12605603390995476
51,3,8,-0.1260560338768854
51,3,9,-0.12605603388653758
51,3,10,-0.12605603384859762
51,4,1,-0.12605603385649916
51,4,2,-0.12605603393665515
51,4,3,-0.12605603377588134
51,4,4,-0.12605603387382291
51,4,5,-0.1260560339083721
51,4,6,-0.12605603390318187
51,4,7,-0.12605603386264405
51,4,8,-0.1260560338551526
51,4,9,-0.1260560338344011
51,4,10,-0.12605603393305903
51,5,1,-0.1260560337684172
51,5,2,-0.12605603382152555
51,5,3,-0.12605603390223688
51,5,4,-0.12605603389523246
51,5,5,-0.12605603393372927
51,5,6,-0.12605603390343015
51,5,7,-0.1260560338961369
51,5,8,-0.12605603390614384
51,5,9,-0.12605603391200396
51,5,10,-0.1260560338866434
51,6,1,-0.12605603389383627
51,6,2,-0.12605603383399075
51,6,3,-0.12605603383329983
51,6,4,-0.12605603392919437
51,6,5,-0.12605603383535607
51,6,6,-0.12605603389824835
51,6,7,-0.1260560338924297
51,6,8,-0.1260560338698836
51,6,9,-0.12605603387559758
51,6,10,-0.12605603391939904
51,7,1,-0.12605603381910988
51,7,2,-0.12605603380942826
51,7,3,-0.12605603376766641
51,7,4,-0.12605603387284017
51,7,5,-0.12605603388699713
51,7,6,-0.1260560338773555
51,7,7,-0.12605603388434877
51,7,8,-0.1260560338269903
51,7,9,-0.12605603379856592
51,7,10,-0.12605603385758019
51,8,1,-0.12605603389012912
51,8,2,-0.126056033847279
51,8,3,-0.12605603387859007
51,8,4,-0.1260560337849862
51,8,5,-0.12605603385681127
51,8,6,-0.12605603386946282
51,8,7,-0.12605603380078248
51,8,8,-0.12605603393308704
51,8,9,-0.12605603384351807
51,8,10,-0.1260560338337993
51,9,1,-0.12605603382473177
51,9,2,-0.12605603378323493
51,9,3,-0.12605603381104613
51,9,4,-0.12605603386917782
51,9,5,-0.12605603387915207
51,9,6,-0.12605603388115505
51,9,7,-0.12605603383127703
51,9,8,-0.12605603387888809
51,9,9,-0.12605603381548408
51,9,10,-0.12605603384933475
51,10,1,-0.1260560338545625
51,10,2,-0.1260560337750141
51,10,3,-0.12605603376239236
51,10,4,-0.12605603388459471
51,10,5,-0.126056033847958
51,10,6,-0.12605603383754616
51,10,7,-0.12605603391115985
51,10,8,-0.12605603381939787
51,10,9,-0.12605603389733228
51,10,10,-0.1260560338628782
51,11,1,-0.12605603394690515
51,11,2,-0.12605603381679945
51,11,3,-0.12605603387755576
51,11,4,-0.12605603390304826
51,11,5,-0.12605603386554978
51,11,6,-0.1260560338588085
51,11,7,-0.1260560338640112
51,11,8,-0.12605603383883476
51,11,9,-0.12605603384993297
51,11,10,-0.12605603393602485
51,12,1,-0.12605603387320113
51,12,2,-0.1260560338511759
51,12,3,-0.12605603387659856
51,12,4,-0.12605603384372854
51,12,5,-0.1260560338995173
51,12,6,-0.1260560338890389
51,12,7,-0.12605603391836465
51,12,8,-0.12605603385709682
51,12,9,-0.126056033796783
51,12,10,-0.12605603386321054
51,13,1,-0.12605603386005626
51,13,2,-0.1260560338435656
51,13,3,-0.12605603395114512
51,13,4,-0.12605603384692193
51,13,5,-0.12605603383614228
51,13,6,-0.12605603386948913
51,13,7,-0.1260560338848694
51,13,8,-0.12605603387579967
51,13,9,-0.12605603381785838
51,13,10,-0.12605603390910994
51,14,1,-0.12605603381817082
51,14,2,-0.12605603386129166
51,14,3,-0.12605603387377304
51,14,4,-0.1260560339499551
51,14,5,-0.12605603383420758
51,14,6,-0.1260560338895343
51,14,7,-0.12605603386507572
51,14,8,-0.1260560338589194
51,14,9,-0.12605603379538105
51,14,10,-0.12605603385989267
51,15,1,-0.12605603379908675
51,15,2,-0.1260560338638702
51,15,3,-0.12605603386663103
51,15,4,-0.12605603377468946
51,15,5,-0.12605603390061504
51,15,6,-0.12605603382763328
51,15,7,-0.1260560338548441
51,15,8,-0.12605603392830841
51,15,9,-0.12605603391191972
51,15,10,-0.12605603387828634
51,16,1,-0.12605603384278394
51,16,2,-0.12605603387811326
51,16,3,-0.12605603388692946
51,16,4,-0.12605603389400025
51,16,5,-0.1260560338998171
51,16,6,-0.12605603382160477
51,16,7,-0.12605603377492297
51,16,8,-0.12605603385383388
51,16,9,-0.12605603383656888
51,16,10,-0.12605603388534975
51,17,1,-0.12605603388666242
51,17,2,-0.1260560338852335
51,17,3,-0.12605603379319574
51,17,4,-0.12605603383604022
51,17,5,-0.1260560338824874
51,17,6,-0.12605603387289133
51,17,7,-0.1260560338341005
51,17,8,-0.12605603387200295
51,17,9,-0.12605603391013656
51,17,10,-0.1260560338376575
51,18,1,-0.1260560338383576
51,18,2,-0.12605603379647004
51,18,3,-0.12605603387023814
51,18,4,-0.12605603379910446
51,18,5,-0.12605603389403894
51,18,6,-0.1260560338116876
51,18,7,-0.12605603381893227
51,18,8,-0.1260560338914714
51,18,9,-0.1260560339094766
51,18,10,-0.1260560338506211
51,19,1,-0.1260560339243578
51,19,2,-0.12605603392666231
51,19,3,-0.1260560338773512
51,19,4,-0.12605603385607342
51,19,5,-0.12605603376820831
51,19,6,-0.12605603381186972
51,19,7,-0.1260560339132948
51,19,8,-0.1260560339066196
51,19,9,-0.12605603380195507
51,19,10,-0.12605603388740455
51,20,1,-0.12605603381473413
51,20,2,-0.1260560338608899
51,20,3,-0.12605603388443826
51,20,4,-0.1260560338593818
51,20,5,-0.126056033825434
51,20,6,-0.12605603390483275
51,20,7,-0.1260560339045328
51,20,8,-0.12605603382791705
51,20,9,-0.1260560338299614
51,20,10,-0.1260560338315292
51,21,1,-0.12605603387151604
51,21,2,-0.12605603382486583
51,21,3,-0.126056033840689
51,21,4,-0.12605603383266314
51,21,5,-0.12605603385707
51,21,6,-0.12605603386092396
51,21,7,-0.1260560339395775
51,21,8,-0.12605603383856
51,21,9,-0.12605603384535258
51,21,10,-0.12605603391286574
51,22,1,-0.12605603379643912
51,22,2,-0.12605603380110278
51,22,3,-0.12605603384203723
51,22,4,-0.1260560338843865
51,22,5,-0.12605603382422959
51,22,6,-0.12605603389781828
51,22,7,-0.1260560337937996
51,22,8,-0.12605603388752923
51,22,9,-0.1260560339027799
51,22,10,-0.12605603391044962
51,23,1,-0.12605603384031125
51,23,2,-0.12605603387710582
51,23,3,-0.12605603383464287
51,23,4,-0.12605603381090755
51,23,5,-0.1260560338241689
51,23,6,-0.1260560337995999
51,23,7,-0.12605603379847444
51,23,8,-0.12605603382683211
51,23,9,-0.12605603388057943
51,23,10,-0.126056033811866
51,24,1,-0.12605603392207648
51,24,2,-0.1260560338944138
51,24,3,-0.12605603390112538
51,24,4,-0.12605603382950295
51,24,5,-0.12605603390182626
51,24,6,-0.1260560338399331
51,24,7,-0.1260560339559728
51,24,8,-0.12605603387144196
51,24,9,-0.12605603388106432
51,24,10,-0.12605603385893707
52,1,1,0.12013123619011898
52,1,2,0.1201312361439045
52,1,3,0.12013123618636659
52,1,4,0.12013123622825268
52,1,5,0.12013123625584445
52,1,6,0.12013123615222254
52,1,7,0.12013123616054536
52,1,8,0.12013123626726606
52,1,9,0.12013123624616588
52,1,10,0.12013123623641789
52,2,1,0.12013123618080672
52,2,2,0.12013123623141995
52,2,3,0.12013123622145261
52,2,4,0.12013123616521588
52,2,5,0.12013123622538184
52,2,6,0.12013123621163975
52,2,7,0.12013123623190448
52,2,8,0.12013123614064995
52,2,9,0.12013123626784353
52,2,10,0.12013123617228487
52,3,1,0.12013123620999312
52,3,2,0.12013123614532328
52,3,3,0.12013123622530075
52,3,4,0.12013123617039104
52,3,5,0.12013123622090031
52,3,6,0.12013123623663542
52,3,7,0.12013123619083965
52,3,8,0.12013123619221529
52,3,9,0.1201312361739131
52,3,10,0.12013123615289774
52,4,1,0.12013123618756738
52,4,2,0.12013123626377836
52,4,3,0.12013123618378567
52,4,4,0.12013123619322658
52,4,5,0.12013123625285739
52,4,6,0.12013123624433042
52,4,7,0.12013123621198457
52,4,8,0.12013123622363142
52,4,9,0.12013123622421663
52,4,10,0.12013123625280946
52,5,1,0.12013123616389466
52,5,2,0.12013123615924112
52,5,3,0.12013123624821315
52,5,4,0.12013123621351363
52,5,5,0.12013123616211514
52,5,6,0.12013123618610964
52,5,7,0.12013123622332535
52,5,8,0.12013123620605341
52,5,9,0.12013123620602346
52,5,10,0.12013123619381258
52,6,1,0.12013123615067106
52,6,2,0.12013123619921283
52,6,3,0.12013123617634482
52,6,4,0.12013123621648789
52,6,5,0.12013123625587585
52,6,6,0.12013123625195582
52,6,7,0.12013123622674637
52,6,8,0.12013123613667055
52,6,9,0.12013123614631685
52,6,10,0.12013123623605453
52,7,1,0.12013123617782596
52,7,2,0.12013123617377452
52,7,3,0.12013123617504698
52,7,4,0.12013123617327172
52,7,5,0.1201312362152978
52,7,6,0.12013123623116786
52,7,7,0.12013123619697179
52,7,8,0.12013123617261069
52,7,9,0.12013123616562744
52,7,10,0.12013123618794394
52,8,1,0.12013123627527703
52,8,2,0.12013123626900332
52,8,3,0.12013123619882281
52,8,4,0.12013123622715523
52,8,5,0.12013123629545222
52,8,6,0.12013123623782322
52,8,7,0.12013123614852025
52,8,8,0.12013123620115597
52,8,9,0.12013123621762893
52,8,10,0.12013123615954917
52,9,1,0.12013123623555017
52,9,2,0.12013123628309284
52,9,3,0.12013123614096795
52,9,4,0.12013123621462421
52,9,5,0.1201312362017398
52,9,6,0.1201312361918695
52,9,7,0.12013123619530636
52,9,8,0.12013123617522205
52,9,9,0.12013123625086514
52,9,10,0.12013123618859042
52,10,1,0.1201312362079881
52,10,2,0.12013123617879662
52,10,3,0.12013123616014064
52,10,4,0.12013123619534155
52,10,5,0.12013123620950886
52,10,6,0.12013123616528158
52,10,7,0.12013123623036935
52,10,8,0.12013123617324764
52,10,9,0.12013123621134082
52,10,10,0.12013123620261588
52,11,1,0.12013123621014642
52,11,2,0.12013123620335656
52,11,3,0.12013123618627389
52,11,4,0.1201312362666949
52,11,5,0.12013123619547895
52,11,6,0.12013123614087773
52,11,7,0.12013123623777965
52,11,8,0.1201312362393045
52,11,9,0.12013123620948521
52,11,10,0.12013123627026559
52,12,1,0.12013123617579581
52,12,2,0.12013123619696986
52,12,3,0.1201312362230377
52,12,4,0.12013123619754366
52,12,5,0.12013123621245424
52,12,6,0.12013123620890535
52,12,7,0.12013123620999368
52,12,8,0.12013123621514508
52,12,9,0.12013123623727603
52,12,10,0.12013123620451045
52,13,1,0.12013123620376512
52,13,2,0.12013123618812045
52,13,3,0.12013123621391666
52,13,4,0.12013123622169786
52,13,5,0.12013123618690812
52,13,6,0.12013123615895109
52,13,7,0.120131236266993
52,13,8,0.12013123617301653
52,13,9,0.12013123622235757
52,13,10,0.12013123622088588
52,14,1,0.12013123614454292
52,14,2,0.12013123624678365
52,14,3,0.12013123616507507
52,14,4,0.12013123619476893
52,14,5,0.12013123620275831
52,14,6,0.12013123624950994
52,14,7,0.12013123623261435
52,14,8,0.12013123621067848
52,14,9,0.1201312361329225
52,14,10,0.12013123618890645
52,15,1,0.12013123618388284
52,15,2,0.12013123616708309
52,15,3,0.12013123623306707
52,15,4,0.12013123614390867
52,15,5,0.12013123626580662
52,15,6,0.12013123618228223
52,15,7,0.1201312361920544
52,15,8,0.12013123622745189
52,15,9,0.12013123624185064
52,15,10,0.12013123626948258
52,16,1,0.12013123616209867
52,16,2,0.12013123615888704
52,16,3,0.12013123618240816
52,16,4,0.12013123623112641
52,16,5,0.12013123616069482
52,16,6,0.12013123616194023
52,16,7,0.1201312362055273
52,16,8,0.12013123623537277
52,16,9,0.12013123630244076
52,16,10,0.12013123615456395
52,17,1,0.12013123620187077
52,17,2,0.12013123623303952
52,17,3,0.12013123619503195
52,17,4,0.12013123620489391
52,17,5,0.12013123625125087
52,17,6,0.12013123618859331
52,17,7,0.12013123622579876
52,17,8,0.12013123624501001
52,17,9,0.1201312361274153
52,17,10,0.12013123620271515
52,18,1,0.12013123617903598
52,18,2,0.1201312361622862
52,18,3,0.12013123619636626
52,18,4,0.1201312361780231
52,18,5,0.12013123625558134
52,18,6,0.1201312361727574
52,18,7,0.12013123619937864
52,18,8,0.12013123620769058
52,18,9,0.12013123617395896
52,18,10,0.12013123616163159
52,19,1,0.12013123617014526
52,19,2,0.12013123620568766
52,19,3,0.12013123621088956
52,19,4,0.12013123620712828
52,19,5,0.12013123617936966
52,19,6,0.12013123622764552
52,19,7,0.12013123618490334
52,19,8,0.12013123620875467
52,19,9,0.12013123624175817
52,19,10,0.12013123630008377
52,20,1,0.12013123617537515
52,20,2,0.12013123623778076
52,20,3,0.12013123625709062
52,20,4,0.12013123618827848
52,20,5,0.12013123617034323
52,20,6,0.1201312362033724
52,20,7,0.12013123617828794
52,20,8,0.12013123617615469
52,20,9,0.1201312361794464
52,20,10,0.12013123612448841
52,21,1,0.12013123617796012
52,21,2,0.120131236201823
52,21,3,0.12013123623873076
52,21,4,0.1201312362039517
52,21,5,0.12013123619543505
52,21,6,0.1201312362473696
52,21,7,0.12013123624913316
52,21,8,0.12013123617825829
52,21,9,0.12013123619592009
52,21,10,0.1201312362003969
52,22,1,0.12013123619957429
52,22,2,0.12013123618438984
52,22,3,0.12013123623044879
52,22,4,0.12013123618358193
52,22,5,0.12013123621491277
52,22,6,0.12013123619560623
52,22,7,0.12013123622170323
52,22,8,0.12013123613670487
52,22,9,0.12013123619910672
52,22,10,0.12013123622274376
52,23,1,0.12013123617366073
52,23,2,0.12013123622488163
52,23,3,0.12013123624507194
52,23,4,0.12013123615443037
52,23,5,0.12013123622011015
52,23,6,0.12013123618498936
52,23,7,0.12013123614561647
52,23,8,0.1201312362055421
52,23,9,0.12013123620544679
52,23,10,0.12013123629044975
52,24,1,0.12013123623740192
52,24,2,0.12013123623423123
52,24,3,0.12013123615765194
52,24,4,0.12013123618592035
52,24,5,0.12013123621292335
52,24,6,0.12013123618460914
52,24,7,0.1201312362069976
52,24,8,0.12013123623413248
52,24,9,0.1201312361885018
52,24,10,0.12013123623043044
53,1,1,0.2494084055375572
53,1,2,0.249408405388484
53,1,3,0.24940840544905934
53,1,4,0.24940840552884025
53,1,5,0.2494084054928172
53,1,6,0.24940840550506033
53,1,7,0.24940840546843537
53,1,8,0.2494084055559012
53,1,9,0.24940840553279559
53,1,10,0.2494084055076699
53,2,1,0.24940840546584622
53,2,2,0.24940840550072133
53,2,3,0.24940840551364077
53,2,4,0.24940840542082152
53,2,5,0.24940840550151192
53,2,6,0.2494084055013303
53,2,7,0.24940840554036242
53,2,8,0.24940840554254987
53,2,9,0.2494084055880823
53,2,10,0.24940840550745375
53,3,1,0.24940840551287435
53,3,2,0.24940840547832194
53,3,3,0.2494084055661798
53,3,4,0.24940840551197618
53,3,5,0.2494084054793419
53,3,6,0.24940840552174995
53,3,7,0.2494084055249312
53,3,8,0.24940840549964646
53,3,9,0.24940840549919271
53,3,10,0.2494084054976913
53,4,1,0.24940840560674662
53,4,2,0.2494084055036664
53,4,3,0.24940840553612015
53,4,4,0.24940840545795961
53,4,5,0.2494084055226358
53,4,6,0.24940840550764806
53,4,7,0.2494084055209785
53,4,8,0.2494084054667982
53,4,9,0.2494084054886683
53,4,10,0.24940840556787122
53,5,1,0.24940840552216736
53,5,2,0.24940840547959978
53,5,3,0.24940840550078652
53,5,4,0.24940840549730833
53,5,5,0.2494084055858231
53,5,6,0.249408405489401
53,5,7,0.24940840552930524
53,5,8,0.24940840555636587
53,5,9,0.24940840553808447
53,5,10,0.24940840548136456
53,6,1,0.24940840542483567
53,6,2,0.24940840547151596
53,6,3,0.249408405538179
53,6,4,0.24940840550248347
53,6,5,0.2494084055542607
53,6,6,0.24940840557059454
53,6,7,0.24940840552558408
53,6,8,0.2494084054952933
53,6,9,0.24940840544707843
53,6,10,0.24940840548732005
53,7,1,0.24940840550542853
53,7,2,0.249408405535871
53,7,3,0.2494084054891094
53,7,4,0.24940840541279027
53,7,5,0.24940840546162577
53,7,6,0.2494084055330898
53,7,7,0.24940840560774358
53,7,8,0.24940840554256688
53,7,9,0.24940840547680482
53,7,10,0.24940840548940738
53,8,1,0.24940840554741486
53,8,2,0.24940840555698984
53,8,3,0.24940840555533575
53,8,4,0.24940840550657148
53,8,5,0.24940840551693144
53,8,6,0.24940840548114282
53,8,7,0.24940840547311907
53,8,8,0.24940840555990812
53,8,9,0.24940840555456092
53,8,10,0.24940840546982948
53,9,1,0.24940840546450463
53,9,2,0.24940840541292728
53,9,3,0.2494084054868004
53,9,4,0.24940840550242085
53,9,5,0.2494084055089294
53,9,6,0.24940840555259175
53,9,7,0.24940840550376256
53,9,8,0.249408405563273
53,9,9,0.24940840554027957
53,9,10,0.24940840552445134
53,10,1,0.24940840546579487
53,10,2,0.249408405559153
53,10,3,0.24940840549002669
53,10,4,0.24940840548720652
53,10,5,0.24940840551653568
53,10,6,0.24940840545463944
53,10,7,0.24940840552923207
53,10,8,0.24940840552501867
53,10,9,0.2494084055647297
53,10,10,0.24940840550576246
53,11,1,0.24940840545660276
53,11,2,0.24940840548272356
53,11,3,0.24940840545736792
53,11,4,0.2494084054757101
53,11,5,0.24940840556269775
53,11,6,0.249408405511535
53,11,7,0.2494084054528944
53,11,8,0.2494084055306128
53,11,9,0.24940840556566082
53,11,10,0.2494084055517999
53,12,1,0.24940840545652881
53,12,2,0.24940840547694013
53,12,3,0.24940840557772717
53,12,4,0.24940840553450122
53,12,5,0.249408405526337
53,12,6,0.2494084055288611
53,12,7,0.2494084055197174
53,12,8,0.24940840551484464
53,12,9,0.24940840549041982
53,12,10,0.24940840552395882
53,13,1,0.24940840548298918
53,13,2,0.24940840549577176
53,13,3,0.24940840550707952
53,13,4,0.24940840557977456
53,13,5,0.24940840551797056
53,13,6,0.2494084054982964
53,13,7,0.24940840546747908
53,13,8,0.249408405457543
53,13,9,0.2494084054902073
53,13,10,0.2494084054697857
53,14,1,0.24940840550900645
53,14,2,0.24940840556956045
53,14,3,0.24940840552778273
53,14,4,0.2494084055000772
53,14,5,0.24940840550854418
53,14,6,0.24940840552192609
53,14,7,0.2494084055515225
53,14,8,0.2494084055042376
53,14,9,0.2494084055546048
53,14,10,0.24940840553678956
53,15,1,0.24940840545912774
53,15,2,0.24940840552642812
53,15,3,0.24940840548585683
53,15,4,0.24940840548579726
53,15,5,0.24940840557469326
53,15,6,0.24940840549168097
53,15,7,0.24940840553229457
53,15,8,0.2494084055283994
53,15,9,0.24940840557274532
53,15,10,0.2494084055187007
53,16,1,0.24940840548442114
53,16,2,0.24940840545097512
53,16,3,0.24940840551672958
53,16,4,0.24940840551875182
53,16,5,0.2494084054732385
53,16,6,0.249408405543475
53,16,7,0.2494084054798435
53,16,8,0.24940840553157262
53,16,9,0.24940840558482968
53,16,10,0.24940840549538734
53,17,1,0.24940840553379123
53,17,2,0.24940840545253984
53,17,3,0.24940840543550974
53,17,4,0.24940840551918977
53,17,5,0.24940840548458512
53,17,6,0.24940840553025956
53,17,7,0.2494084055507288
53,17,8,0.24940840546572263
53,17,9,0.24940840549267645
53,17,10,0.2494084054583641
53,18,1,0.2494084055082474
53,18,2,0.24940840543590678
53,18,3,0.24940840552022114
53,18,4,0.24940840554330013
53,18,5,0.24940840557003088
53,18,6,0.24940840550032278
53,18,7,0.24940840549950952
53,18,8,0.24940840556661645
53,18,9,0.24940840549146465
53,18,10,0.24940840553436425
53,19,1,0.2494084054809329
53,19,2,0.24940840555548283
53,19,3,0.24940840547738968
53,19,4,0.24940840551179777
53,19,5,0.24940840547811619
53,19,6,0.24940840552687515
53,19,7,0.24940840546167492
53,19,8,0.24940840549177587
53,19,9,0.24940840546617118
53,19,10,0.24940840552356827
53,20,1,0.24940840551252538
53,20,2,0.2494084055385178
53,20,3,0.2494084055673776
53,20,4,0.2494084054748787
53,20,5,0.24940840546247572
53,20,6,0.2494084054762548
53,20,7,0.24940840556355925
53,20,8,0.24940840545686638
53,20,9,0.24940840556997257
53,20,10,0.24940840545681264
53,21,1,0.24940840545391416
53,21,2,0.24940840554019528
53,21,3,0.2494084055393635
53,21,4,0.24940840549427928
53,21,5,0.24940840542996762
53,21,6,0.2494084055120342
53,21,7,0.24940840542178158
53,21,8,0.24940840547745188
53,21,9,0.24940840547174198
53,21,10,0.24940840555535537
53,22,1,0.24940840551676868
53,22,2,0.24940840548518353
53,22,3,0.24940840548352705
53,22,4,0.2494084055033622
53,22,5,0.24940840552152546
53,22,6,0.24940840554476817
53,22,7,0.24940840551675508
53,22,8,0.2494084055293554
53,22,9,0.24940840553932067
53,22,10,0.2494084055173805
53,23,1,0.24940840552334187
53,23,2,0.2494084055037287
53,23,3,0.2494084055021414
53,23,4,0.24940840553936763
53,23,5,0.24940840551363516
53,23,6,0.24940840545420187
53,23,7,0.24940840547815396
53,23,8,0.24940840552091298
53,23,9,0.24940840551466298
53,23,10,0.2494084054979828
53,24,1,0.24940840560041552
53,24,2,0.24940840550976706
53,24,3,0.24940840548914303
53,24,4,0.24940840549630497
53,24,5,0.24940840548826465
53,24,6,0.24940840556549268
53,24,7,0.2494084055176141
53,24,8,0.24940840557287586
53,24,9,0.2494084055169899
53,24,10,0.24940840560166003
54,1,1,0.060026219357711796
54,1,2,0.06002621945888942
54,1,3,0.060026219428562747
54,1,4,0.06002621943263978
54,1,5,0.060026219360386816
54,1,6,0.06002621939994137
54,1,7,0.06002621940933148
54,1,8,0.060026219437085235
54,1,9,0.06002621936297383
54,1,10,0.060026219370721536
54,2,1,0.06002621945376024
54,2,2,0.060026219431578126
54,2,3,0.06002621937999075
54,2,4,0.06002621937827557
54,2,5,0.06002621937618716
54,2,6,0.060026219448429764
54,2,7,0.06002621938472503
54,2,8,0.06002621942532501
54,2,9,0.060026219421157455
54,2,10,0.06002621940172675
54,3,1,0.06002621935901539
54,3,2,0.06002621942538411
54,3,3,0.060026219407492136
54,3,4,0.060026219416293256
54,3,5,0.06002621933338787
54,3,6,0.06002621939811383
54,3,7,0.060026219478695374
54,3,8,0.06002621939231894
54,3,9,0.06002621936892081
54,3,10,0.060026219423314015
54,4,1,0.06002621943174322
54,4,2,0.060026219437023416
54,4,3,0.06002621942201307
54,4,4,0.06002621937476837
54,4,5,0.06002621941240617
54,4,6,0.060026219405944305
54,4,7,0.06002621939548114
54,4,8,0.060026219397411616
54,4,9,0.06002621943664683
54,4,10,0.06002621933764498
54,5,1,0.06002621934685127
54,5,2,0.060026219405544604
54,5,3,0.06002621945979299
54,5,4,0.06002621940027314
54,5,5,0.06002621940878416
54,5,6,0.06002621941479786
54,5,7,0.0600262193886583
54,5,8,0.06002621946157476
54,5,9,0.06002621939130494
54,5,10,0.06002621942273889
54,6,1,0.0600262193535373
54,6,2,0.06002621940375652
54,6,3,0.06002621941056867
54,6,4,0.060026219408045055
54,6,5,0.06002621942047864
54,6,6,0.06002621940212451
54,6,7,0.06002621939478182
54,6,8,0.060026219424481185
54,6,9,0.06002621935231425
54,6,10,0.060026219430425735
54,7,1,0.06002621938938535
54,7,2,0.060026219403394886
54,7,3,0.06002621940891848
54,7,4,0.060026219382757644
54,7,5,0.06002621939561036
54,7,6,0.06002621941408948
54,7,7,0.06002621941318529
54,7,8,0.060026219389813285
54,7,9,0.06002621939254702
54,7,10,0.06002621946392003
54,8,1,0.06002621940617381
54,8,2,0.06002621935932578
54,8,3,0.060026219374832684
54,8,4,0.060026219395254085
54,8,5,0.06002621936688562
54,8,6,0.06002621940164394
54,8,7,0.06002621943522007
54,8,8,0.06002621938324555
54,8,9,0.060026219423848816
54,8,10,0.0600262194723265
54,9,1,0.06002621942577918
54,9,2,0.0600262194371355
54,9,3,0.06002621943253421
54,9,4,0.0600262193890985
54,9,5,0.06002621941937899
54,9,6,0.060026219364873984
54,9,7,0.06002621934300368
54,9,8,0.06002621942114594
54,9,9,0.060026219374820625
54,9,10,0.060026219419897824
54,10,1,0.06002621942306788
54,10,2,0.06002621941774976
54,10,3,0.060026219426279386
54,10,4,0.06002621936807515
54,10,5,0.06002621942230047
54,10,6,0.06002621940900979
54,10,7,0.060026219408837275
54,10,8,0.060026219333720626
54,10,9,0.060026219428912335
54,10,10,0.06002621942037432
54,11,1,0.060026219426227094
54,11,2,0.06002621943066136
54,11,3,0.06002621947795116
54,11,4,0.06002621941745838
54,11,5,0.06002621944404624
54,11,6,0.06002621938314354
54,11,7,0.06002621940884732
54,11,8,0.060026219377028824
54,11,9,0.060026219432228446
54,11,10,0.06002621937702853
54,12,1,0.06002621939988487
54,12,2,0.06002621939260932
54,12,3,0.06002621941979555
54,12,4,0.060026219391487765
54,12,5,0.060026219358231395
54,12,6,0.06002621940546123
54,12,7,0.06002621941548307
54,12,8,0.06002621936438736
54,12,9,0.060026219358599406
54,12,10,0.06002621941435485
54,13,1,0.06002621938763729
54,13,2,0.06002621942686235
54,13,3,0.06002621937458414
54,13,4,0.06002621940422543
54,13,5,0.06002621944375359
54,13,6,0.06002621935147371
54,13,7,0.06002621939605385
54,13,8,0.06002621935294025
54,13,9,0.060026219408654574
54,13,10,0.06002621942894646
54,14,1,0.060026219453761756
54,14,2,0.06002621934869422
54,14,3,0.060026219371777295
54,14,4,0.06002621941488685
54,14,5,0.060026219392002624
54,14,6,0.06002621936150759
54,14,7,0.06002621934923884
54,14,8,0.06002621943088044
54,14,9,0.06002621935152304
54,14,10,0.06002621942068732
54,15,1,0.06002621939159658
54,15,2,0.060026219382913554
54,15,3,0.06002621936001368
54,15,4,0.06002621936859503
54,15,5,0.0600262193918716
54,15,6,0.06002621936574924
54,15,7,0.060026219384472966
54,15,8,0.06002621935113307
54,15,9,0.06002621943379685
54,15,10,0.06002621938312245
54,16,1,0.06002621939669596
54,16,2,0.060026219361867326
54,16,3,0.060026219392482386
54,16,4,0.060026219398772444
54,16,5,0.060026219355995336
54,16,6,0.06002621947627089
54,16,7,0.0600262194256434
54,16,8,0.06002621941889378
54,16,9,0.060026219397614176
54,16,10,0.060026219417926185
54,17,1,0.06002621949301269
54,17,2,0.060026219375518844
54,17,3,0.060026219374014145
54,17,4,0.060026219364994124
54,17,5,0.060026219426982774
54,17,6,0.06002621942481597
54,17,7,0.0600262194457558
54,17,8,0.060026219351661025
54,17,9,0.06002621941611167
54,17,10,0.06002621941965216
54,18,1,0.06002621938310156
54,18,2,0.060026219418771176
54,18,3,0.06002621943206276
54,18,4,0.06002621938686108
54,18,5,0.06002621942530269
54,18,6,0.06002621948579136
54,18,7,0.06002621940779323
54,18,8,0.06002621938570659
54,18,9,0.0600262194427716
54,18,10,0.060026219401601986
54,19,1,0.06002621938778787
54,19,2,0.060026219369937864
54,19,3,0.06002621940447197
54,19,4,0.06002621939710189
54,19,5,0.06002621946312188
54,19,6,0.06002621943814677
54,19,7,0.06002621942677915
54,19,8,0.06002621939759505
54,19,9,0.060026219358764926
54,19,10,0.060026219419110245
54,20,1,0.060026219423765875
54,20,2,0.06002621940803388
54,20,3,0.0600262194816336
54,20,4,0.060026219379148975
54,20,5,0.06002621940180325
54,20,6,0.06002621938187294
54,20,7,0.06002621942010459
54,20,8,0.060026219428427306
54,20,9,0.06002621945678522
54,20,10,0.060026219435213024
54,21,1,0.060026219399554194
54,21,2,0.060026219416986736
54,21,3,0.06002621940020981
54,21,4,0.060026219394504046
54,21,5,0.06002621935675589
54,21,6,0.06002621943608841
54,21,7,0.06002621937338654
54,21,8,0.06002621943308056
54,21,9,0.060026219361817484
54,21,10,0.06002621941927389
54,22,1,0.060026219424582354
54,22,2,0.06002621940899316
54,22,3,0.06002621944307815
54,22,4,0.0600262194567923
54,22,5,0.06002621937707768
54,22,6,0.0600262194677353
54,22,7,0.06002621935792637
54,22,8,0.060026219363155144
54,22,9,0.0600262194163814
54,22,10,0.06002621934800771
54,23,1,0.060026219394431694
54,23,2,0.06002621941918516
54,23,3,0.06002621943260384
54,23,4,0.06002621938926926
54,23,5,0.060026219442303734
54,23,6,0.060026219395989976
54,23,7,0.060026219400085346
54,23,8,0.06002621938270494
54,23,9,0.06002621938691278
54,23,10,0.06002621937664968
54,24,1,0.0600262193990904
54,24,2,0.06002621943169897
54,24,3,0.0600262193774964
54,24,4,0.060026219464416324
54,24,5,0.060026219342429035
54,24,6,0.06002621944673903
54,24,7,0.0600262194342015
54,24,8,0.06002621938880143
54,24,9,0.06002621942854834
54,24,10,0.06002621937752756
55,1,1,0.12065867114179496
55,1,2,0.12065867114219302
55,1,3,0.1206586711393673
55,1,4,0.12065867114173336
55,1,5,0.12065867114324387
55,1,6,0.12065867114339641
55,1,7,0.12065867114313232
55,1,8,0.12065867114145312
55,1,9,0.12065867114133377
55,1,10,0.12065867114349363
55,2,1,0.12065867113997607
55,2,2,0.120658671146307
55,2,3,0.12065867114353243
55,2,4,0.12065867114510999
55,2,5,0.1206586711427536
55,2,6,0.12065867114435973
55,2,7,0.12065867114400095
55,2,8,0.1206586711431818
55,2,9,0.12065867114089442
55,2,10,0.12065867113931528
55,3,1,0.12065867113662894
55,3,2,0.12065867114156867
55,3,3,0.12065867114165549
55,3,4,0.12065867113998709
55,3,5,0.12065867114020043
55,3,6,0.12065867114599794
55,3,7,0.12065867114255428
55,3,8,0.12065867114274398
55,3,9,0.1206586711442942
55,3,10,0.12065867114404046
55,4,1,0.12065867114098086
55,4,2,0.12065867113940833
55,4,3,0.12065867114254218
55,4,4,0.12065867114476928
55,4,5,0.12065867114522713
55,4,6,0.12065867113885542
55,4,7,0.12065867114374615
55,4,8,0.1206586711463717
55,4,9,0.12065867114378803
55,4,10,0.12065867114424389
55,5,1,0.12065867114376831
55,5,2,0.12065867114341415
55,5,3,0.12065867114391256
55,5,4,0.1206586711431762
55,5,5,0.12065867114147918
55,5,6,0.12065867114276353
55,5,7,0.1206586711425825
55,5,8,0.12065867114263723
55,5,9,0.12065867114484466
55,5,10,0.12065867114572773
55,6,1,0.12065867113850998
55,6,2,0.12065867114416806
55,6,3,0.12065867114348132
55,6,4,0.12065867114579584
55,6,5,0.12065867114068414
55,6,6,0.12065867114312295
55,6,7,0.12065867114462649
55,6,8,0.12065867114518851
55,6,9,0.12065867114302746
55,6,10,0.1206586711453727
55,7,1,0.12065867114458503
55,7,2,0.12065867114265144
55,7,3,0.12065867114189922
55,7,4,0.12065867114421874
55,7,5,0.12065867114395049
55,7,6,0.1206586711441504
55,7,7,0.12065867114225275
55,7,8,0.12065867114295643
55,7,9,0.12065867114365394
55,7,10,0.12065867114698196
55,8,1,0.12065867114189494
55,8,2,0.12065867114345616
55,8,3,0.1206586711434819
55,8,4,0.1206586711425621
55,8,5,0.12065867114689767
55,8,6,0.12065867114505438
55,8,7,0.12065867114468981
55,8,8,0.12065867114193127
55,8,9,0.1206586711411593
55,8,10,0.12065867114440594
55,9,1,0.12065867114676283
55,9,2,0.12065867114181772
55,9,3,0.12065867114785336
55,9,4,0.12065867114618815
55,9,5,0.1206586711415609
55,9,6,0.12065867114193833
55,9,7,0.12065867114517165
55,9,8,0.12065867114456416
55,9,9,0.12065867114530429
55,9,10,0.1206586711431439
55,10,1,0.12065867114440951
55,10,2,0.12065867114267607
55,10,3,0.12065867114387632
55,10,4,0.12065867114402573
55,10,5,0.1206586711425547
55,10,6,0.12065867114315695
55,10,7,0.12065867114639724
55,10,8,0.12065867114587951
55,10,9,0.12065867114546802
55,10,10,0.1206586711462669
55,11,1,0.12065867114633387
55,11,2,0.12065867114540485
55,11,3,0.12065867114482869
55,11,4,0.12065867114547832
55,11,5,0.12065867114417798
55,11,6,0.12065867114169876
55,11,7,0.12065867114599171
55,11,8,0.12065867114346703
55,11,9,0.12065867114215054
55,11,10,0.12065867114501395
55,12,1,0.12065867114370205
55,12,2,0.1206586711439948
55,12,3,0.12065867114512291
55,12,4,0.12065867114261557
55,12,5,0.1206586711448845
55,12,6,0.1206586711441844
55,12,7,0.12065867114389611
55,12,8,0.12065867114244465
55,12,9,0.12065867114359932
55,12,10,0.12065867114542642
55,13,1,0.12065867114687882
55,13,2,0.12065867114219372
55,13,3,0.12065867114478482
55,13,4,0.12065867114623668
55,13,5,0.12065867114569148
55,13,6,0.12065867114447132
55,13,7,0.12065867114320473
55,13,8,0.12065867114472842
55,13,9,0.12065867114389629
55,13,10,0.12065867114682928
55,14,1,0.12065867114460051
55,14,2,0.1206586711438718
55,14,3,0.12065867114249679
55,14,4,0.12065867114654243
55,14,5,0.12065867114365411
55,14,6,0.12065867114170689
55,14,7,0.12065867114273768
55,14,8,0.12065867114384642
55,14,9,0.12065867114535787
55,14,10,0.12065867114145896
55,15,1,0.12065867114287367
55,15,2,0.12065867114401485
55,15,3,0.12065867114255986
55,15,4,0.12065867114703213
55,15,5,0.12065867114090868
55,15,6,0.12065867114439412
55,15,7,0.1206586711488846
55,15,8,0.12065867114717563
55,15,9,0.12065867113872428
55,15,10,0.12065867114129049
55,16,1,0.12065867114309783
55,16,2,0.12065867114556802
55,16,3,0.12065867114676906
55,16,4,0.1206586711444143
55,16,5,0.1206586711465713
55,16,6,0.12065867114178253
55,16,7,0.12065867114474432
55,16,8,0.12065867114271507
55,16,9,0.12065867114253223
55,16,10,0.12065867114167424
55,17,1,0.12065867114519696
55,17,2,0.12065867114736599
55,17,3,0.12065867114261451
55,17,4,0.1206586711460516
55,17,5,0.12065867114194892
55,17,6,0.12065867114650647
55,17,7,0.12065867114327734
55,17,8,0.12065867114621256
55,17,9,0.12065867114193611
55,17,10,0.12065867114563672
55,18,1,0.12065867114149205
55,18,2,0.12065867114380247
55,18,3,0.12065867114165388
55,18,4,0.12065867114004168
55,18,5,0.12065867114040106
55,18,6,0.12065867114353553
55,18,7,0.12065867113883598
55,18,8,0.1206586711428165
55,18,9,0.12065867114165205
55,18,10,0.12065867114189681
55,19,1,0.12065867114281018
55,19,2,0.12065867114101787
55,19,3,0.12065867114156784
55,19,4,0.1206586711438936
55,19,5,0.1206586711419371
55,19,6,0.12065867114521885
55,19,7,0.12065867114243063
55,19,8,0.1206586711440392
55,19,9,0.12065867114352423
55,19,10,0.12065867114426955
55,20,1,0.12065867114418204
55,20,2,0.12065867113974639
55,20,3,0.12065867114308107
55,20,4,0.12065867114741151
55,20,5,0.12065867114071503
55,20,6,0.12065867114460616
55,20,7,0.12065867114092937
55,20,8,0.12065867114427278
55,20,9,0.12065867114361266
55,20,10,0.12065867114361076
55,21,1,0.12065867114537455
55,21,2,0.12065867114751241
55,21,3,0.1206586711436797
55,21,4,0.12065867114480587
55,21,5,0.1206586711481724
55,21,6,0.12065867114029603
55,21,7,0.1206586711458533
55,21,8,0.12065867114595905
55,21,9,0.12065867114431796
55,21,10,0.12065867114244423
55,22,1,0.12065867114397662
55,22,2,0.12065867114337628
55,22,3,0.120658671145333
55,22,4,0.12065867114162965
55,22,5,0.12065867114421382
55,22,6,0.12065867114589811
55,22,7,0.12065867114410132
55,22,8,0.12065867114486713
55,22,9,0.12065867114382922
55,22,10,0.12065867114287294
55,23,1,0.12065867114256403
55,23,2,0.12065867114171375
55,23,3,0.12065867114297266
55,23,4,0.12065867114287832
55,23,5,0.12065867114451995
55,23,6,0.12065867114485568
55,23,7,0.12065867113794665
55,23,8,0.1206586711430827
55,23,9,0.12065867114272637
55,23,10,0.12065867114433772
55,24,1,0.12065867114126784
55,24,2,0.12065867113949479
55,24,3,0.12065867114662555
55,24,4,0.12065867114078306
55,24,5,0.12065867114664969
55,24,6,0.12065867114400475
55,24,7,0.12065867114264381
55,24,8,0.12065867113780125
55,24,9,0.12065867114444696
55,24,10,0.12065867114005654
56,1,1,0.06817359714768145
56,1,2,0.06817359718698257
56,1,3,0.06817359716667157
56,1,4,0.06817359711757764
56,1,5,0.06817359718362023
56,1,6,0.068173597142873
56,1,7,0.06817359723367478
56,1,8,0.06817359713775092
56,1,9,0.06817359706321867
56,1,10,0.06817359716995663
56,2,1,0.0681735971533285
56,2,2,0.06817359712884452
56,2,3,0.06817359717170508
56,2,4,0.06817359715645846
56,2,5,0.06817359720333335
56,2,6,0.06817359706063113
56,2,7,0.06817359714447332
56,2,8,0.06817359720175002
56,2,9,0.06817359708105997
56,2,10,0.06817359708916823
56,3,1,0.06817359710180534
56,3,2,0.06817359716325214
56,3,3,0.06817359721474175
56,3,4,0.06817359716887597
56,3,5,0.06817359710694128
56,3,6,0.06817359720912916
56,3,7,0.06817359707698131
56,3,8,0.06817359709169603
56,3,9,0.06817359721074981
56,3,10,0.0681735971275948
56,4,1,0.0681735972034771
56,4,2,0.0681735970885079
56,4,3,0.0681735971333554
56,4,4,0.0681735971180002
56,4,5,0.0681735971286757
56,4,6,0.06817359714589159
56,4,7,0.0681735971529514
56,4,8,0.06817359713003959
56,4,9,0.06817359713124481
56,4,10,0.06817359719436046
56,5,1,0.06817359716595336
56,5,2,0.0681735971359346
56,5,3,0.06817359715269435
56,5,4,0.06817359713271208
56,5,5,0.0681735971683271
56,5,6,0.06817359717130542
56,5,7,0.068173597098389
56,5,8,0.06817359722577132
56,5,9,0.0681735971519942
56,5,10,0.0681735971566107
56,6,1,0.06817359719509955
56,6,2,0.068173597252229
56,6,3,0.0681735971458114
56,6,4,0.06817359713584467
56,6,5,0.06817359716494735
56,6,6,0.06817359715630789
56,6,7,0.0681735971301034
56,6,8,0.0681735971576511
56,6,9,0.0681735971289138
56,6,10,0.0681735971264572
56,7,1,0.0681735971332494
56,7,2,0.06817359722591548
56,7,3,0.06817359716614368
56,7,4,0.06817359713597536
56,7,5,0.06817359716494843
56,7,6,0.068173597168117
56,7,7,0.06817359713265356
56,7,8,0.06817359713571686
56,7,9,0.0681735971564237
56,7,10,0.0681735971356375
56,8,1,0.0681735970634365
56,8,2,0.06817359714121272
56,8,3,0.0681735972013871
56,8,4,0.06817359709400281
56,8,5,0.06817359717578465
56,8,6,0.06817359717489148
56,8,7,0.06817359718558452
56,8,8,0.06817359720216566
56,8,9,0.06817359710336912
56,8,10,0.06817359719473182
56,9,1,0.06817359715426069
56,9,2,0.0681735971209635
56,9,3,0.06817359721330622
56,9,4,0.06817359710573295
56,9,5,0.06817359710437036
56,9,6,0.06817359717204696
56,9,7,0.06817359722379045
56,9,8,0.06817359716702065
56,9,9,0.06817359710820856
56,9,10,0.06817359705045455
56,10,1,0.06817359716490784
56,10,2,0.0681735970831386
56,10,3,0.0681735971560811
56,10,4,0.0681735971303772
56,10,5,0.06817359719476755
56,10,6,0.06817359711927468
56,10,7,0.06817359718533816
56,10,8,0.06817359714763414
56,10,9,0.06817359717354947
56,10,10,0.06817359717678666
56,11,1,0.06817359718221554
56,11,2,0.06817359713450544
56,11,3,0.06817359709941608
56,11,4,0.06817359721723838
56,11,5,0.06817359715132501
56,11,6,0.06817359718420059
56,11,7,0.06817359717456281
56,11,8,0.06817359713844821
56,11,9,0.06817359711491303
56,11,10,0.06817359716655286
56,12,1,0.068173597101986
56,12,2,0.06817359717825205
56,12,3,0.06817359715720327
56,12,4,0.06817359714497208
56,12,5,0.06817359711583205
56,12,6,0.06817359714309706
56,12,7,0.06817359715906152
56,12,8,0.06817359708507056
56,12,9,0.06817359710836055
56,12,10,0.06817359713440513
56,13,1,0.06817359720560992
56,13,2,0.06817359716376734
56,13,3,0.06817359708824107
56,13,4,0.0681735971253684
56,13,5,0.06817359709548063
56,13,6,0.06817359712679884
56,13,7,0.06817359716100742
56,13,8,0.06817359721112931
56,13,9,0.06817359715700101
56,13,10,0.068173597127407
56,14,1,0.06817359717537663
56,14,2,0.06817359709689971
56,14,3,0.06817359710470428
56,14,4,0.06817359712727758
56,14,5,0.06817359720783563
56,14,6,0.0681735971212637
56,14,7,0.06817359713133693
56,14,8,0.0681735971922534
56,14,9,0.06817359714441339
56,14,10,0.06817359716070105
56,15,1,0.06817359707067057
56,15,2,0.06817359714667727
56,15,3,0.06817359713897143
56,15,4,0.06817359715936853
56,15,5,0.06817359714988247
56,15,6,0.06817359716268685
56,15,7,0.06817359718108153
56,15,8,0.06817359721715703
56,15,9,0.06817359712919484
56,15,10,0.06817359718509867
56,16,1,0.06817359719471386
56,16,2,0.06817359712378215
56,16,3,0.06817359722335163
56,16,4,0.0681735972000117
56,16,5,0.0681735971713797
56,16,6,0.0681735971631307
56,16,7,0.06817359711055906
56,16,8,0.06817359713687172
56,16,9,0.06817359722830511
56,16,10,0.06817359711315445
56,17,1,0.06817359711095532
56,17,2,0.06817359715988469
56,17,3,0.06817359717325779
56,17,4,0.06817359717514518
56,17,5,0.06817359711758285
56,17,6,0.06817359711311151
56,17,7,0.06817359720475887
56,17,8,0.06817359710623304
56,17,9,0.06817359719947683
56,17,10,0.06817359707631136
56,18,1,0.06817359709884938
56,18,2,0.06817359714621529
56,18,3,0.06817359707684392
56,18,4,0.06817359716118528
56,18,5,0.06817359717736121
56,18,6,0.06817359709623233
56,18,7,0.06817359713830293
56,18,8,0.0681735971769578
56,18,9,0.06817359718288242
56,18,10,0.06817359718721507
56,19,1,0.06817359714831175
56,19,2,0.06817359717428881
56,19,3,0.06817359716262922
56,19,4,0.06817359712477872
56,19,5,0.06817359717074524
56,19,6,0.06817359717048574
56,19,7,0.06817359714200216
56,19,8,0.06817359713291103
56,19,9,0.0681735971455026
56,19,10,0.06817359716696135
56,20,1,0.06817359713451387
56,20,2,0.06817359714408615
56,20,3,0.0681735970611603
56,20,4,0.06817359718020417
56,20,5,0.06817359711713893
56,20,6,0.06817359713718048
56,20,7,0.06817359704650126
56,20,8,0.06817359714238745
56,20,9,0.06817359714974855
56,20,10,0.06817359712652571
56,21,1,0.06817359714312825
56,21,2,0.0681735971907557
56,21,3,0.06817359713898759
56,21,4,0.06817359710880322
56,21,5,0.06817359713069214
56,21,6,0.068173597104169
56,21,7,0.06817359711327779
56,21,8,0.06817359710017157
56,21,9,0.06817359717189284
56,21,10,0.06817359711911161
56,22,1,0.06817359710957625
56,22,2,0.06817359711197891
56,22,3,0.06817359709644283
56,22,4,0.06817359716969393
56,22,5,0.06817359721555985
56,22,6,0.06817359707918971
56,22,7,0.06817359711856595
56,22,8,0.06817359710364332
56,22,9,0.06817359711716459
56,22,10,0.0681735971599464
56,23,1,0.06817359711426918
56,23,2,0.06817359716163414
56,23,3,0.0681735971620274
56,23,4,0.06817359720241616
56,23,5,0.0681735971409535
56,23,6,0.0681735972100787
56,23,7,0.06817359716304314
56,23,8,0.06817359715577531
56,23,9,0.06817359717130002
56,23,10,0.0681735972333718
56,24,1,0.06817359718268769
56,24,2,0.06817359715027962
56,24,3,0.06817359712968339
56,24,4,0.06817359720183043
56,24,5,0.068173597099175
56,24,6,0.06817359722987032
56,24,7,0.06817359715505619
56,24,8,0.06817359712390256
56,24,9,0.06817359720793266
56,24,10,0.06817359714694123
57,1,1,0.060131041598134656
57,1,2,0.060131041594931704
57,1,3,0.06013104159682346
57,1,4,0.06013104159851364
57,1,5,0.06013104159836167
57,1,6,0.060131041595718734
57,1,7,0.06013104159612116
57,1,8,0.06013104159578745
57,1,9,0.0601310415940731
57,1,10,0.06013104159548802
57,2,1,0.0601310415951958
57,2,2,0.060131041595130524
57,2,3,0.06013104159386457
57,2,4,0.060131041596855936
57,2,5,0.06013104159656111
57,2,6,0.06013104159603816
57,2,7,0.06013104159792763
57,2,8,0.060131041593919486
57,2,9,0.060131041596761844
57,2,10,0.06013104159445978
57,3,1,0.06013104159696955
57,3,2,0.060131041594618795
57,3,3,0.06013104159435754
57,3,4,0.06013104159622621
57,3,5,0.060131041597892815
57,3,6,0.06013104159346333
57,3,7,0.060131041596076025
57,3,8,0.060131041593005724
57,3,9,0.06013104159630873
57,3,10,0.060131041595431
57,4,1,0.06013104159648467
57,4,2,0.060131041595794896
57,4,3,0.060131041594331656
57,4,4,0.060131041595639034
57,4,5,0.06013104159190816
57,4,6,0.0601310415942815
57,4,7,0.06013104159425328
57,4,8,0.06013104159179735
57,4,9,0.0601310415962149
57,4,10,0.060131041597899414
57,5,1,0.06013104159389032
57,5,2,0.06013104159624687
57,5,3,0.060131041599978015
57,5,4,0.06013104159653171
57,5,5,0.06013104159297652
57,5,6,0.060131041595446376
57,5,7,0.06013104159411395
57,5,8,0.060131041599298406
57,5,9,0.06013104159403958
57,5,10,0.06013104159454984
57,6,1,0.060131041595004764
57,6,2,0.06013104159774905
57,6,3,0.060131041597491525
57,6,4,0.06013104159029
57,6,5,0.06013104159536193
57,6,6,0.06013104159742854
57,6,7,0.06013104159257497
57,6,8,0.06013104159606328
57,6,9,0.06013104159443167
57,6,10,0.060131041593067806
57,7,1,0.06013104159277942
57,7,2,0.060131041593640334
57,7,3,0.06013104159245703
57,7,4,0.060131041596627265
57,7,5,0.06013104159288769
57,7,6,0.060131041595669094
57,7,7,0.06013104159597018
57,7,8,0.060131041599878914
57,7,9,0.060131041595509666
57,7,10,0.06013104159704258
57,8,1,0.06013104159850963
57,8,2,0.06013104159376051
57,8,3,0.0601310415953973
57,8,4,0.060131041600976605
57,8,5,0.06013104159803153
57,8,6,0.06013104159558266
57,8,7,0.060131041597026556
57,8,8,0.06013104159949697
57,8,9,0.06013104159429459
57,8,10,0.06013104159694328
57,9,1,0.06013104159698589
57,9,2,0.06013104159503663
57,9,3,0.06013104159528483
57,9,4,0.060131041597073547
57,9,5,0.060131041595664625
57,9,6,0.06013104159763811
57,9,7,0.06013104159615181
57,9,8,0.06013104159929551
57,9,9,0.060131041597004
57,9,10,0.06013104159914429
57,10,1,0.06013104159948039
57,10,2,0.060131041600209004
57,10,3,0.060131041598888234
57,10,4,0.06013104159691309
57,10,5,0.06013104159902004
57,10,6,0.0601310415964396
57,10,7,0.06013104159935831
57,10,8,0.060131041594389756
57,10,9,0.06013104159338818
57,10,10,0.06013104159455096
57,11,1,0.06013104159772489
57,11,2,0.06013104159750689
57,11,3,0.060131041596434655
57,11,4,0.06013104159803486
57,11,5,0.06013104159807402
57,11,6,0.060131041598583804
57,11,7,0.060131041597171093
57,11,8,0.060131041595961235
57,11,9,0.06013104159646368
57,11,10,0.060131041594739684
57,12,1,0.06013104159439171
57,12,2,0.060131041597616446
57,12,3,0.06013104159288795
57,12,4,0.060131041597425224
57,12,5,0.0601310415970106
57,12,6,0.06013104159950298
57,12,7,0.060131041599066175
57,12,8,0.06013104159848448
57,12,9,0.060131041596761095
57,12,10,0.06013104159846233
57,13,1,0.06013104159524817
57,13,2,0.06013104159741266
57,13,3,0.06013104159626987
57,13,4,0.06013104159730308
57,13,5,0.06013104159811289
57,13,6,0.060131041600667505
57,13,7,0.06013104159892043
57,13,8,0.060131041596595304
57,13,9,0.06013104159861217
57,13,10,0.0601310415968856
57,14,1,0.060131041593799624
57,14,2,0.060131041592952406
57,14,3,0.060131041597668015
57,14,4,0.06013104159736516
57,14,5,0.060131041598335336
57,14,6,0.06013104159922487
57,14,7,0.060131041596477044
57,14,8,0.06013104159814781
57,14,9,0.06013104159673376
57,14,10,0.060131041596674005
57,15,1,0.06013104160011171
57,15,2,0.06013104159412443
57,15,3,0.06013104159775431
57,15,4,0.060131041594221626
57,15,5,0.060131041599341024
57,15,6,0.0601310415960183
57,15,7,0.06013104159734712
57,15,8,0.060131041596748015
57,15,9,0.060131041597612594
57,15,10,0.06013104159781768
57,16,1,0.060131041596510316
57,16,2,0.06013104159563267
57,16,3,0.060131041598286576
57,16,4,0.060131041597183764
57,16,5,0.06013104159807119
57,16,6,0.060131041597691254
57,16,7,0.06013104159744075
57,16,8,0.06013104159854551
57,16,9,0.06013104159925032
57,16,10,0.06013104159798899
57,17,1,0.06013104160000563
57,17,2,0.060131041595210426
57,17,3,0.0601310415951765
57,17,4,0.06013104159762134
57,17,5,0.06013104159513523
57,17,6,0.06013104159659034
57,17,7,0.06013104159094903
57,17,8,0.060131041597524706
57,17,9,0.06013104159790299
57,17,10,0.06013104159684572
57,18,1,0.06013104160091652
57,18,2,0.06013104159529722
57,18,3,0.06013104159633689
57,18,4,0.06013104159635099
57,18,5,0.060131041597243695
57,18,6,0.06013104159651891
57,18,7,0.06013104159791965
57,18,8,0.06013104159530732
57,18,9,0.0601310415962408
57,18,10,0.06013104159749167
57,19,1,0.060131041598675924
57,19,2,0.060131041594427226
57,19,3,0.06013104159660426
57,19,4,0.06013104159526549
57,19,5,0.06013104159368027
57,19,6,0.06013104159587338
57,19,7,0.0601310415985136
57,19,8,0.06013104159435775
57,19,9,0.06013104159721252
57,19,10,0.06013104160044711
57,20,1,0.060131041594700015
57,20,2,0.06013104159673723
57,20,3,0.06013104159552718
57,20,4,0.06013104159585346
57,20,5,0.0601310415933888
57,20,6,0.06013104159571563
57,20,7,0.06013104159751118
57,20,8,0.06013104159264172
57,20,9,0.06013104159715911
57,20,10,0.06013104160012193
57,21,1,0.060131041596782245
57,21,2,0.06013104159582588
57,21,3,0.06013104159538308
57,21,4,0.06013104159895813
57,21,5,0.06013104159446378
57,21,6,0.06013104159753008
57,21,7,0.06013104159663797
57,21,8,0.06013104159204778
57,21,9,0.060131041594142814
57,21,10,0.060131041593576746
57,22,1,0.0601310415936282
57,22,2,0.060131041590429556
57,22,3,0.06013104159826523
57,22,4,0.060131041597447234
57,22,5,0.06013104159630415
57,22,6,0.06013104159434306
57,22,7,0.060131041592751885
57,22,8,0.06013104159627032
57,22,9,0.06013104159164676
57,22,10,0.06013104159606557
57,23,1,0.06013104159443585
57,23,2,0.0601310415984871
57,23,3,0.060131041596845534
57,23,4,0.06013104159525159
57,23,5,0.060131041597742636
57,23,6,0.06013104159365458
57,23,7,0.06013104159527642
57,23,8,0.06013104159320762
57,23,9,0.06013104159556613
57,23,10,0.060131041594642186
57,24,1,0.060131041595708735
57,24,2,0.060131041594305344
57,24,3,0.06013104159617143
57,24,4,0.0601310415996993
57,24,5,0.06013104159642
57,24,6,0.06013104159663253
57,24,7,0.0601310415960693
57,24,8,0.06013104159855306
57,24,9,0.06013104159642948
57,24,10,0.060131041594947206
58,1,1,0.006000523328701178
58,1,2,0.006000523253189297
58,1,3,0.006000523290294423
58,1,4,0.006000523362449831
58,1,5,0.00600052339847491
58,1,6,0.006000523319319128
58,1,7,0.006000523278826794
58,1,8,0.006000523256659197
58,1,9,0.0060005233480954845
58,1,10,0.006000523263915983
58,2,1,0.006000523253761689
58,2,2,0.006000523305451757
58,2,3,0.0060005233310922714
58,2,4,0.0060005233042885455
58,2,5,0.006000523253802662
58,2,6,0.006000523351775653
58,2,7,0.006000523265701154
58,2,8,0.006000523237373936
58,2,9,0.006000523328681949
58,2,10,0.006000523384783635
58,3,1,0.006000523306967902
58,3,2,0.0060005233798282355
58,3,3,0.006000523324091776
58,3,4,0.006000523316507659
58,3,5,0.006000523331740727
58,3,6,0.0060005233099608615
58,3,7,0.006000523297409091
58,3,8,0.006000523279151228
58,3,9,0.006000523308271745
58,3,10,0.00600052329593133
58,4,1,0.006000523241329765
58,4,2,0.0060005233520276325
58,4,3,0.00600052332569563
58,4,4,0.006000523344289738
58,4,5,0.00600052322394437
58,4,6,0.00600052336149619
58,4,7,0.006000523401634934
58,4,8,0.00600052332530868
58,4,9,0.006000523228551794
58,4,10,0.006000523247156656
58,5,1,0.006000523313906764
58,5,2,0.006000523383701812
58,5,3,0.006000523337943979
58,5,4,0.006000523310523792
58,5,5,0.006000523324073417
58,5,6,0.006000523347847789
58,5,7,0.006000523354392111
58,5,8,0.006000523268487537
58,5,9,0.006000523343281664
58,5,10,0.0060005233159341614
58,6,1,0.0060005232808096765
58,6,2,0.006000523394636216
58,6,3,0.0060005232316809745
58,6,4,0.006000523286920105
58,6,5,0.006000523399193946
58,6,6,0.0060005233574033584
58,6,7,0.00600052332621305
58,6,8,0.006000523278744713
58,6,9,0.006000523297201155
58,6,10,0.006000523372159417
58,7,1,0.006000523250467783
58,7,2,0.006000523325970775
58,7,3,0.0060005232896021745
58,7,4,0.0060005233217019505
58,7,5,0.006000523302699091
58,7,6,0.006000523318008
58,7,7,0.006000523292011264
58,7,8,0.006000523353164513
58,7,9,0.0060005233152070035
58,7,10,0.006000523298700922
58,8,1,0.006000523308812767
58,8,2,0.006000523304718973
58,8,3,0.006000523322840112
58,8,4,0.00600052328158521
58,8,5,0.006000523289801393
58,8,6,0.006000523296916293
58,8,7,0.0060005233279015625
58,8,8,0.0060005232985033165
58,8,9,0.006000523247292923
58,8,10,0.0060005233685129404
58,9,1,0.006000523325083786
58,9,2,0.0060005233169142
58,9,3,0.006000523279241028
58,9,4,0.006000523341755037
58,9,5,0.006000523331925999
58,9,6,0.0060005233531809496
58,9,7,0.006000523273304659
58,9,8,0.0060005233043323196
58,9,9,0.0060005233559380896
58,9,10,0.006000523339548747
58,10,1,0.006000523280847538
58,10,2,0.006000523315034331
58,10,3,0.006000523329677069
58,10,4,0.0060005232882196355
58,10,5,0.00600052325457782
58,10,6,0.006000523309618106
58,10,7,0.006000523331415769
58,10,8,0.006000523280017016
58,10,9,0.006000523254343718
58,10,10,0.006000523298273388
58,11,1,0.006000523240656194
58,11,2,0.006000523369377547
58,11,3,0.006000523436141604
58,11,4,0.006000523260527119
58,11,5,0.006000523315704307
58,11,6,0.0060005233011960184
58,11,7,0.006000523350052916
58,11,8,0.006000523287141518
58,11,9,0.006000523384173733
58,11,10,0.006000523332139371
58,12,1,0.006000523394115644
58,12,2,0.006000523286912419
58,12,3,0.006000523311502379
58,12,4,0.006000523279789601
58,12,5,0.006000523294013124
58,12,6,0.006000523356080147
58,12,7,0.006000523318717415
58,12,8,0.006000523311970551
58,12,9,0.006000523317373635
58,12,10,0.006000523308922452
58,13,1,0.006000523297876747
58,13,2,0.006000523370894996
58,13,3,0.006000523334165253
58,13,4,0.006000523304483982
58,13,5,0.006000523305699094
58,13,6,0.006000523300821452
58,13,7,0.006000523281871527
58,13,8,0.006000523323639345
58,13,9,0.0060005232866152235
58,13,10,0.0060005232977996
58,14,1,0.006000523341411486
58,14,2,0.006000523296647081
58,14,3,0.006000523346713039
58,14,4,0.006000523339710098
58,14,5,0.006000523315495989
58,14,6,0.0060005233748728175
58,14,7,0.006000523302587734
58,14,8,0.006000523296195327
58,14,9,0.0060005233780095315
58,14,10,0.00600052337096241
58,15,1,0.006000523263763647
58,15,2,0.0060005232988806405
58,15,3,0.006000523266486952
58,15,4,0.006000523270970345
58,15,5,0.006000523315066494
58,15,6,0.006000523287994294
58,15,7,0.006000523293730767
58,15,8,0.006000523330985079
58,15,9,0.006000523282279302
58,15,10,0.00600052329588008
58,16,1,0.006000523369313837
58,16,2,0.00600052325146018
58,16,3,0.006000523314823131
58,16,4,0.006000523285960223
58,16,5,0.006000523387931419
58,16,6,0.006000523361812606
58,16,7,0.006000523292460083
58,16,8,0.006000523283129143
58,16,9,0.0060005233576639755
58,16,10,0.006000523276251567
58,17,1,0.00600052329435062
58,17,2,0.006000523370460826
58,17,3,0.00600052331255623
58,17,4,0.006000523339236424
58,17,5,0.00600052330373736
58,17,6,0.006000523320271419
58,17,7,0.006000523294961968
58,17,8,0.006000523339780321
58,17,9,0.006000523313813352
58,17,10,0.006000523294740572
58,18,1,0.006000523300685322
58,18,2,0.006000523365972351
58,18,3,0.006000523312271264
58,18,4,0.006000523320870721
58,18,5,0.006000523260939253
58,18,6,0.006000523368394597
58,18,7,0.006000523301012654
58,18,8,0.0060005233158441865
58,18,9,0.006000523326109755
58,18,10,0.006000523317118988
58,19,1,0.00600052338938955
58,19,2,0.0060005232710728055
58,19,3,0.006000523291320699
58,19,4,0.0060005232930228315
58,19,5,0.0060005233204293495
58,19,6,0.006000523263667147
58,19,7,0.006000523374379028
58,19,8,0.0060005233719620165
58,19,9,0.00600052331934546
58,19,10,0.0060005233033889075
58,20,1,0.00600052332748783
58,20,2,0.006000523322216888
58,20,3,0.006000523379626701
58,20,4,0.006000523328478796
58,20,5,0.006000523374460003
58,20,6,0.006000523355506265
58,20,7,0.006000523293742983
58,20,8,0.006000523268000273
58,20,9,0.00600052325992813
58,20,10,0.006000523388403468
58,21,1,0.006000523275456351
58,21,2,0.006000523287091614
58,21,3,0.0060005232656132985
58,21,4,0.006000523318841612
58,21,5,0.006000523324516244
58,21,6,0.006000523340853773
58,21,7,0.006000523300745534
58,21,8,0.0060005232932924995
58,21,9,0.006000523340103482
58,21,10,0.006000523302329559
58,22,1,0.006000523408917385
58,22,2,0.0060005233685602325
58,22,3,0.0060005233346103306
58,22,4,0.006000523336376415
58,22,5,0.006000523328440395
58,22,6,0.0060005233831791
58,22,7,0.006000523321175841
58,22,8,0.006000523312517304
58,22,9,0.006000523308267815
58,22,10,0.006000523302907795
58,23,1,0.006000523321177401
58,23,2,0.006000523296505362
58,23,3,0.0060005233212437085
58,23,4,0.006000523268104122
58,23,5,0.0060005232915999965
58,23,6,0.0060005233143666905
58,23,7,0.0060005233887090465
58,23,8,0.006000523315299761
58,23,9,0.0060005232552120934
58,23,10,0.0060005233008634355
58,24,1,0.006000523337219919
58,24,2,0.006000523295023161
58,24,3,0.006000523295077256
58,24,4,0.006000523323941552
58,24,5,0.006000523321764315
58,24,6,0.006000523262476672
58,24,7,0.006000523343611112
58,24,8,0.006000523283438533
58,24,9,0.0060005232759506545
58,24,10,0.006000523275709021
59,1,1,0.11808083225241034
59,1,2,0.11808083220778193
59,1,3,0.11808083227273454
59,1,4,0.1180808322700627
59,1,5,0.11808083226961978
59,1,6,0.1180808322599649
59,1,7,0.1180808322911998
59,1,8,0.11808083224613107
59,1,9,0.11808083227515889
59,1,10,0.11808083228417134
59,2,1,0.11808083225394707
59,2,2,0.11808083223429067
59,2,3,0.11808083229503148
59,2,4,0.11808083228653565
59,2,5,0.11808083224841154
59,2,6,0.11808083229091422
59,2,7,0.11808083226070827
59,2,8,0.11808083231051007
59,2,9,0.11808083225609174
59,2,10,0.11808083227109675
59,3,1,0.11808083224959684
59,3,2,0.11808083225994352
59,3,3,0.11808083228770642
59,3,4,0.11808083225794862
59,3,5,0.11808083224503975
59,3,6,0.11808083227918066
59,3,7,0.11808083226574831
59,3,8,0.11808083226157484
59,3,9,0.11808083227457285
59,3,10,0.11808083228602204
59,4,1,0.11808083229331073
59,4,2,0.11808083225713534
59,4,3,0.1180808322651097
59,4,4,0.11808083226433758
59,4,5,0.11808083226466345
59,4,6,0.11808083224835944
59,4,7,0.1180808322649131
59,4,8,0.11808083224790959
59,4,9,0.11808083233260373
59,4,10,0.11808083229247922
59,5,1,0.11808083228113846
59,5,2,0.11808083227165728
59,5,3,0.11808083224634258
59,5,4,0.11808083226246989
59,5,5,0.11808083229329652
59,5,6,0.11808083229035138
59,5,7,0.11808083225486458
59,5,8,0.11808083227768632
59,5,9,0.11808083227852531
59,5,10,0.11808083227410796
59,6,1,0.1180835871027941
59,6,2,0.11808483921601558
59,6,3,0.11808352800131738
59,6,4,0.11808352801080012
59,6,5,0.11808467015088633
59,6,6,0.11808314624003526
59,6,7,0.11808483745261594
59,6,8,0.11808443822200917
59,6,9,0.1180834187072078
59,6,10,0.118085552731473
59,7,1,0.1181862532672889
59,7,2,0.11822139231888454
59,7,3,0.11817086157417836
59,7,4,0.11817086155810524
59,7,5,0.11820146326362706
59,7,6,0.11816961405991629
59,7,7,0.1182067232699378
59,7,8,0.11820328728307092
59,7,9,0.11816721155742435
59,7,10,0.11822889324389282
59,8,1,0.11834473224215884
59,8,2,0.11841936528471403
59,8,3,0.11833290931781504
59,8,4,0.11833290927329257
59,8,5,0.11838957330322074
59,8,6,0.11830521624279358
59,8,7,0.11840303627015787
59,8,8,0.11840249229102606
59,8,9,0.11832268931564532
59,8,10,0.11843407325958111
59,9,1,0.11851711124850235
59,9,2,0.11858628424188929
59,9,3,0.11849059727798163
59,9,4,0.11849059722105229
59,9,5,0.11851436427012266
59,9,6,0.11843756528711931
59,9,7,0.11853326826341429
59,9,8,0.11856790925358893
59,9,9,0.11847398426789923
59,9,10,0.1185952962342419
59,10,1,0.11864332426229911
59,10,2,0.11869905024331082
59,10,3,0.11863876527057729
59,10,4,0.11863876527007894
59,10,5,0.11861738128179714
59,10,6,0.11854302925382014
59,10,7,0.11864077728682575
59,10,8,0.11868627126601942
59,10,9,0.11861614525140449
59,10,10,0.11871901125848232
59,11,1,0.11872841323304248
59,11,2,0.118769752251495
59,11,3,0.11872170125751166
59,11,4,0.11872170125287917
59,11,5,0.11868660330761621
59,11,6,0.11861767825839409
59,11,7,0.11871301825378307
59,11,8,0.11875889626622649
59,11,9,0.11869571925970966
59,11,10,0.11879459128477766
59,12,1,0.11874781723693704
59,12,2,0.11879007824439575
59,12,3,0.11876332827520167
59,12,4,0.11876332825298593
59,12,5,0.11868412824465172
59,12,6,0.1186458632473343
59,12,7,0.1187104352864409
59,12,8,0.11878819627214687
59,12,9,0.11873565827513852
59,12,10,0.11882336128291282
59,13,1,0.11874293829327295
59,13,2,0.11877723627400999
59,13,3,0.11875788625397041
59,13,4,0.11875788627885431
59,13,5,0.11865313823779461
59,13,6,0.11862492829566544
59,13,7,0.11867809322925665
59,13,8,0.1187721552842672
59,13,9,0.11873043627917762
59,13,10,0.11880095525376506
59,14,1,0.11870398327399774
59,14,2,0.11870452924340535
59,14,3,0.11871348727855817
59,14,4,0.1187134872712317
59,14,5,0.11856956729334338
59,14,6,0.11856678924178894
59,14,7,0.11859087827892788
59,14,8,0.11871247329469994
59,14,9,0.11868783828798717
59,14,10,0.11873833727708277
59,15,1,0.11860812224092313
59,15,2,0.11859516727485368
59,15,3,0.1186162322603424
59,15,4,0.1186162322437012
59,15,5,0.11846781822797925
59,15,6,0.11848006529745524
59,15,7,0.11848469227968277
59,15,8,0.11860355425665367
59,15,9,0.11859452526171334
59,15,10,0.11862407328634962
59,16,1,0.11845484531404016
59,16,2,0.11843173224850395
59,16,3,0.11846574030564938
59,16,4,0.11846574027204378
59,16,5,0.11834136529789897
59,16,6,0.11835446025249302
59,16,7,0.11835272628044016
59,16,8,0.11844381524753272
59,16,9,0.1184501352844334
59,16,10,0.11846403127883415
59,17,1,0.11826392526388277
59,17,2,0.11824154925346445
59,17,3,0.11827310027384708
59,17,4,0.11827310029724776
59,17,5,0.11819278325193484
59,17,6,0.11820301126631337
59,17,7,0.11819766527657474
59,17,8,0.11825802327466134
59,17,9,0.11826530531088462
59,17,10,0.11826744226180895
59,18,1,0.1180978625544556
59,18,2,0.11809441366574851
59,18,3,0.11809803744120444
59,18,4,0.11809803750503052
59,18,5,0.11808981157860007
59,18,6,0.11808791974986045
59,18,7,0.11809020310221074
59,18,8,0.11809636808635901
59,18,9,0.11809733997782619
59,18,10,0.11809662660112845
59,19,1,0.11808083223331028
59,19,2,0.11808083227755592
59,19,3,0.11808083227827273
59,19,4,0.11808083230069799
59,19,5,0.11808083226091351
59,19,6,0.11808083229331648
59,19,7,0.11808083223538127
59,19,8,0.11808083224599633
59,19,9,0.11808083227716096
59,19,10,0.11808083225017868
59,20,1,0.1180808322604784
59,20,2,0.11808083224702719
59,20,3,0.11808083226723433
59,20,4,0.1180808322720069
59,20,5,0.11808083225393902
59,20,6,0.11808083226368163
59,20,7,0.11808083229450154
59,20,8,0.11808083225775755
59,20,9,0.11808083226122829
59,20,10,0.11808083227509479
59,21,1,0.11808083224286282
59,21,2,0.11808083225191346
59,21,3,0.11808083224065288
59,21,4,0.11808083226960242
59,21,5,0.11808083223724435
59,21,6,0.1180808322673136
59,21,7,0.11808083218591464
59,21,8,0.11808083223141409
59,21,9,0.11808083223679157
59,21,10,0.11808083224380678
59,22,1,0.11808083227036276
59,22,2,0.11808083225065136
59,22,3,0.1180808322249133
59,22,4,0.11808083224867846
59,22,5,0.11808083226579265
59,22,6,0.11808083225802704
59,22,7,0.11808083226049222
59,22,8,0.11808083227333577
59,22,9,0.1180808322399238
59,22,10,0.11808083227817134
59,23,1,0.11808083226046931
59,23,2,0.11808083229820737
59,23,3,0.11808083227211695
59,23,4,0.11808083229903432
59,23,5,0.11808083225215195
59,23,6,0.11808083229916842
59,23,7,0.11808083228329912
59,23,8,0.11808083226269818
59,23,9,0.11808083227392581
59,23,10,0.11808083227003353
59,24,1,0.11808083230631783
59,24,2,0.1180808322803438
59,24,3,0.11808083227895518
59,24,4,0.1180808322998428
59,24,5,0.11808083223098373
59,24,6,0.11808083229418787
59,24,7,0.11808083225191542
59,24,8,0.1180808323055117
59,24,9,0.11808083227610171
59,24,10,0.11808083230007772
60,1,1,0.11157998290240964
60,1,2,0.11157998286257086
60,1,3,0.11157998292676201
60,1,4,0.11157998291988104
60,1,5,0.11157998292355897
60,1,6,0.11157998291547842
60,1,7,0.11157998294132261
60,1,8,0.11157998290093181
60,1,9,0.11157998292828893
60,1,10,0.11157998293810599
60,2,1,0.11157998290497777
60,2,2,0.11157998288690506
60,2,3,0.11157998294537023
60,2,4,0.11157998293938527
60,2,5,0.11157998290112553
60,2,6,0.11157998293811562
60,2,7,0.11157998291305775
60,2,8,0.11157998296048807
60,2,9,0.111579982908435
60,2,10,0.111579982921549
60,3,1,0.11157998290209116
60,3,2,0.11157998291445388
60,3,3,0.1115799829398526
60,3,4,0.11157998290766585
60,3,5,0.11157998289453153
60,3,6,0.11157998293221343
60,3,7,0.11157998291880046
60,3,8,0.11157998291429123
60,3,9,0.11157998292692342
60,3,10,0.11157998293542916
60,4,1,0.11157998294664989
60,4,2,0.11157998290562264
60,4,3,0.11157998291757197
60,4,4,0.11157998291413677
60,4,5,0.11157998291977124
60,4,6,0.11157998290191423
60,4,7,0.11157998291861856
60,4,8,0.11157998289747328
60,4,9,0.11157998298288899
60,4,10,0.11157998294341251
60,5,1,0.11157998293623521
60,5,2,0.11157998292091667
60,5,3,0.11157998290165493
60,5,4,0.11157998290903276
60,5,5,0.11157998294316122
60,5,6,0.11157998293904589
60,5,7,0.11157998290668734
60,5,8,0.1115799829326397
60,5,9,0.11157998292845782
60,5,10,0.11157998292318613
60,6,1,0.11158271438487137
60,6,2,0.11158395587145244
60,6,3,0.11158265578620225
60,6,4,0.11158265579150799
60,6,5,0.1115837882415113
60,6,6,0.1115822772589609
60,6,7,0.11158395412752202
60,6,8,0.11158355828003584
60,6,9,0.11158254741864883
60,6,10,0.1115846633371203
60,7,1,0.11168450921317591
60,7,2,0.11171934986833348
60,7,3,0.11166924820062417
60,7,4,0.11166924818594526
60,7,5,0.11169959006013144
60,7,6,0.11166801128085378
60,7,7,0.11170480539924135
60,7,8,0.11170139858760957
60,7,9,0.11166562917076266
60,7,10,0.11172678708278304
60,8,1,0.11184164168689191
60,8,2,0.11191563998987344
60,8,3,0.11182991927303894
60,8,4,0.11182991923176992
60,8,5,0.11188610143075567
60,8,6,0.11180246160031894
60,8,7,0.11189944988450108
60,8,8,0.11189891053273879
60,8,9,0.11181978615034595
60,8,10,0.11193022282704532
60,9,1,0.11201255403544302
60,9,2,0.11208113788118643
60,9,3,0.11198626579834421
60,9,4,0.11198626573567239
60,9,5,0.11200983044674649
60,9,6,0.11193368514383333
60,9,7,0.11202857347307363
60,9,8,0.1120629194273219
60,9,9,0.1119697941946132
60,9,10,0.11209007309380181
60,10,1,0.11213769183581376
60,10,2,0.11219294271983447
60,10,3,0.11213317170211362
60,10,4,0.11213317169781833
60,10,5,0.11211196996042529
60,10,6,0.11203825133780734
60,10,7,0.11213516656774616
60,10,8,0.11218027271234145
60,10,9,0.11211074446135966
60,10,10,0.11221273350242375
60,11,1,0.11222205528754998
60,11,2,0.11226304163376404
60,11,3,0.1122154005550849
60,11,4,0.11221540055330789
60,11,5,0.11218060192085323
60,11,6,0.11211226440612264
60,11,7,0.11220679161312844
60,11,8,0.11225227827566082
60,11,9,0.11218964014464908
60,11,10,0.11228766869916992
60,12,1,0.11224129375902664
60,12,2,0.11228319417832139
60,12,3,0.11225667247243133
60,12,4,0.11225667244674717
60,12,5,0.11217814796197831
60,12,6,0.11214020918279984
60,12,7,0.11220423067395333
60,12,8,0.11228132826599649
60,12,9,0.11222923852464985
60,12,10,0.11231619313421415
60,13,1,0.11223645644562363
60,13,2,0.11227046179619665
60,13,3,0.11225127687981619
60,13,4,0.11225127690406002
60,13,5,0.11214742215680858
60,13,6,0.11211945265678114
60,13,7,0.11217216440879621
60,13,8,0.11226542416278684
60,13,9,0.11222406107912111
60,13,10,0.1122939783569869
60,14,1,0.11219783368688808
60,14,2,0.11219837499962933
60,14,3,0.11220725663311236
60,14,4,0.11220725662884563
60,14,5,0.11206456334523808
60,14,6,0.11206180896002667
60,14,7,0.11208569278396456
60,14,8,0.1122062513020665
60,14,9,0.11218182637147589
60,14,10,0.11223189467562956
60,15,1,0.11210278982009934
60,15,2,0.11208994523893462
60,15,3,0.11211083072938549
60,15,4,0.11211083071323598
60,15,5,0.11196368063453553
60,15,6,0.11197582346116067
60,15,7,0.11198041106415145
60,15,8,0.11209826075832947
60,15,9,0.11208930869232295
60,15,10,0.11211860493310927
60,16,1,0.11195081812733773
60,16,2,0.11192790173497613
60,16,3,0.11196162039604622
60,16,4,0.11196162036701662
60,16,5,0.11183830336716095
60,16,6,0.11185128698264157
60,16,7,0.1118495677555363
60,16,8,0.11193988192037838
60,16,9,0.11194614818188849
60,16,10,0.11195992591783574
60,17,1,0.11176152150272527
60,17,2,0.11173933558882736
60,17,3,0.11177061855290087
60,17,4,0.1117706185805704
60,17,5,0.1116909837527004
60,17,6,0.11170112491663414
60,17,7,0.11169582432308353
60,17,8,0.11175566965766938
60,17,9,0.11176288982101501
60,17,10,0.11176500861946521
60,18,1,0.11159686872404218
60,18,2,0.11159344909820894
60,18,3,0.11159704212874308
60,18,4,0.11159704219234214
60,18,5,0.11158888605750912
60,18,6,0.11158701027485692
60,18,7,0.11158927425640247
60,18,8,0.1115953869369176
60,18,9,0.111596350584765
60,18,10,0.11159564326120726
60,19,1,0.11157998288424212
60,19,2,0.11157998293278355
60,19,3,0.11157998292983667
60,19,4,0.11157998295342496
60,19,5,0.11157998290857855
60,19,6,0.11157998294470932
60,19,7,0.11157998288879083
60,19,8,0.1115799828969568
60,19,9,0.11157998292653341
60,19,10,0.11157998289882101
60,20,1,0.11157998291154765
60,20,2,0.11157998289941237
60,20,3,0.11157998291585729
60,20,4,0.1115799829214248
60,20,5,0.11157998290338979
60,20,6,0.11157998291378979
60,20,7,0.11157998294393334
60,20,8,0.11157998290944861
60,20,9,0.11157998291397554
60,20,10,0.11157998292462276
60,21,1,0.11157998289281626
60,21,2,0.11157998290076886
60,21,3,0.1115799828902382
60,21,4,0.11157998291892722
60,21,5,0.11157998288972097
60,21,6,0.11157998291699778
60,21,7,0.11157998284257918
60,21,8,0.11157998288174317
60,21,9,0.11157998288913365
60,21,10,0.11157998289574973
60,22,1,0.11157998292192489
60,22,2,0.11157998290182992
60,22,3,0.11157998287642863
60,22,4,0.11157998290021712
60,22,5,0.11157998291807374
60,22,6,0.1115799829103829
60,22,7,0.11157998290975525
60,22,8,0.11157998292147074
60,22,9,0.1115799828925938
60,22,10,0.11157998292879497
60,23,1,0.1115799829101891
60,23,2,0.11157998294935027
60,23,3,0.11157998292376599
60,23,4,0.1115799829497897
60,23,5,0.11157998290123423
60,23,6,0.11157998294774528
60,23,7,0.11157998293528985
60,23,8,0.11157998291165092
60,23,9,0.11157998292387102
60,23,10,0.11157998292162472
60,24,1,0.11157998295951457
60,24,2,0.11157998293069893
60,24,3,0.11157998292890554
60,24,4,0.11157998295138503
60,24,5,0.11157998288081397
60,24,6,0.1115799829471713
60,24,7,0.11157998290382651
60,24,8,0.11157998295973995
60,24,9,0.11157998292987541
60,24,10,0.11157998294648863
61,1,1,0.10526692548622531
61,1,2,0.10526692544620872
61,1,3,0.10526692550768622
61,1,4,0.10526692550151137
61,1,5,0.10526692550593453
61,1,6,0.10526692549571796
61,1,7,0.10526692552214777
61,1,8,0.1052669254811181
61,1,9,0.10526692550931135
61,1,10,0.10526692551646448
61,2,1,0.10526692548715394
61,2,2,0.10526692547043451
61,2,3,0.10526692552774349
61,2,4,0.10526692551943578
61,2,5,0.10526692548572233
61,2,6,0.10526692552068286
61,2,7,0.10526692549505241
61,2,8,0.10526692554417351
61,2,9,0.10526692549074852
61,2,10,0.10526692550341765
61,3,1,0.10526692548439642
61,3,2,0.10526692549514448
61,3,3,0.10526692552303776
61,3,4,0.10526692549141035
61,3,5,0.1052669254782501
61,3,6,0.10526692551389343
61,3,7,0.10526692550083132
61,3,8,0.10526692549455234
61,3,9,0.10526692550669621
61,3,10,0.10526692552103145
61,4,1,0.10526692553066669
61,4,2,0.10526692549113142
61,4,3,0.10526692549949049
61,4,4,0.10526692550048752
61,4,5,0.10526692550024536
61,4,6,0.10526692548380795
61,4,7,0.10526692550121106
61,4,8,0.10526692548160277
61,4,9,0.1052669255673242
61,4,10,0.10526692552892485
61,5,1,0.10526692551730424
61,5,2,0.10526692550377349
61,5,3,0.10526692548392676
61,5,4,0.10526692549434473
61,5,5,0.10526692552699049
61,5,6,0.10526692552354297
61,5,7,0.10526692548654926
61,5,8,0.10526692551214724
61,5,9,0.1052669255143132
61,5,10,0.10526692550937791
61,6,1,0.1052696416405569
61,6,2,0.10527087616033147
61,6,3,0.10526958337040576
61,6,4,0.10526958337490872
61,6,5,0.10527070947346827
61,6,6,0.10526920697074425
61,6,7,0.10527087442562802
61,6,8,0.10527048080317569
61,6,9,0.10526947561016116
61,6,10,0.10527157965631621
61,7,1,0.10537086498951513
61,7,2,0.10540550992346952
61,7,3,0.1053556896846131
61,7,4,0.10535568966741911
61,7,5,0.1053858611263443
61,7,6,0.10535445970767607
61,7,7,0.10539104716556101
61,7,8,0.10538765949105966
61,7,9,0.10535209097436576
61,7,10,0.10541290535078451
61,8,1,0.1055271142875932
61,8,2,0.1056006962443696
61,8,3,0.10551545780418144
61,8,4,0.1055154577617074
61,8,5,0.10557132391819654
61,8,6,0.10548815452990969
61,8,7,0.10558459725892799
61,8,8,0.10558406094109847
61,8,9,0.10550538166470406
61,8,10,0.10561519700217331
61,9,1,0.1056970646020786
61,9,2,0.10576526199033452
61,9,3,0.1056709244290891
61,9,4,0.10567092437031624
61,9,5,0.10569435635548549
61,9,6,0.10561863983263936
61,9,7,0.10571299379383725
61,9,8,0.10574714621767599
61,9,9,0.10565454558502547
61,9,10,0.10577414683463826
61,10,1,0.10582149709272362
61,10,2,0.1058764363169825
61,10,3,0.10581700244945523
61,10,4,0.10581700244897635
61,10,5,0.1057959202570634
61,10,6,0.1057226171315851
61,10,7,0.10581898606733729
61,10,8,0.10586383778974374
61,10,9,0.10579470166913048
61,10,10,0.10589611542920206
61,11,1,0.10590538460863402
61,11,2,0.10594613959924941
61,11,3,0.10589876742988828
61,11,4,0.10589876742644976
61,11,5,0.10586416514442978
61,11,6,0.10579621304302571
61,11,7,0.10589020706787587
61,11,8,0.10593543700456533
61,11,9,0.10587315237494913
61,11,10,0.10597062761238102
61,12,1,0.10592451449578699
61,12,2,0.10596617835397788
61,12,3,0.10593980639045987
61,12,4,0.10593980636596363
61,12,5,0.10586172503129186
61,12,6,0.10582400024195066
61,12,7,0.10588766057931935
61,12,8,0.10596432297984802
61,12,9,0.10591252730128808
61,12,10,0.10599899094788978
61,13,1,0.10591970448305077
61,13,2,0.10595351786246118
61,13,3,0.10593444125833107
61,13,4,0.10593444128590682
61,13,5,0.10583117253891249
61,13,6,0.10580336076129175
61,13,7,0.10585577523143598
61,13,8,0.10594850867327021
61,13,9,0.10590737907451449
61,13,10,0.10597690163780256
61,14,1,0.10588129968595773
61,14,2,0.1058818379450605
61,14,3,0.10589066946602745
61,14,4,0.10589066946135783
61,14,5,0.10574878086808491
61,14,6,0.10574604200606061
61,14,7,0.10576979121575024
61,14,8,0.10588966980490909
61,14,9,0.10586538268944186
61,14,10,0.105915168463289
61,15,1,0.1057867918691128
61,15,2,0.10577401969887314
61,15,3,0.10579478745014899
61,15,4,0.1057947874333021
61,15,5,0.10564846644804421
61,15,6,0.10566054090424096
61,15,7,0.10566510266710602
61,15,8,0.10578228834359195
61,15,9,0.1057733867425033
61,15,10,0.10580251782175723
61,16,1,0.10563567636051704
61,16,2,0.10561288897613792
61,16,3,0.10564641781325614
61,16,4,0.10564641777952781
61,16,5,0.10552379474230461
61,16,6,0.10553670533041898
61,16,7,0.10553499577240348
61,16,8,0.10562480172419278
61,16,9,0.10563103270599959
61,16,10,0.10564473287180069
61,17,1,0.1054474445767446
61,17,2,0.10542538334913668
61,17,3,0.10545649049707091
61,17,4,0.1054564905248127
61,17,5,0.1053773031609788
61,17,6,0.10538738736036182
61,17,7,0.10538211654255729
61,17,8,0.10544162562254565
61,17,9,0.10544880520791845
61,17,10,0.10545091209508016
61,18,1,0.10528371654438685
61,18,2,0.10528031611042946
61,18,3,0.10528388897837768
61,18,4,0.10528388904200081
61,18,5,0.10527577868076367
61,18,6,0.10527391342440791
61,18,7,0.1052761647021908
61,18,8,0.10528224307637468
61,18,9,0.10528320131459325
61,18,10,0.10528249796036036
61,19,1,0.10526692546469789
61,19,2,0.10526692551548855
61,19,3,0.10526692551152556
61,19,4,0.10526692553273108
61,19,5,0.10526692549331576
61,19,6,0.10526692552664998
61,19,7,0.10526692546953405
61,19,8,0.10526692548124827
61,19,9,0.10526692551083278
61,19,10,0.10526692548327524
61,20,1,0.10526692549378128
61,20,2,0.10526692548435207
61,20,3,0.10526692549958047
61,20,4,0.1052669255041481
61,20,5,0.10526692548718618
61,20,6,0.10526692549857893
61,20,7,0.10526692552728233
61,20,8,0.10526692549459035
61,20,9,0.10526692549568041
61,20,10,0.10526692550638182
61,21,1,0.10526692547658782
61,21,2,0.10526692548364468
61,21,3,0.1052669254760462
61,21,4,0.10526692550470773
61,21,5,0.10526692547349718
61,21,6,0.10526692550128593
61,21,7,0.10526692542285158
61,21,8,0.10526692546421085
61,21,9,0.10526692547293687
61,21,10,0.10526692547913911
61,22,1,0.10526692550678741
61,22,2,0.10526692548612268
61,22,3,0.10526692545959453
61,22,4,0.10526692548337963
61,22,5,0.10526692550395765
61,22,6,0.10526692549283072
61,22,7,0.10526692549306044
61,22,8,0.10526692550598878
61,22,9,0.10526692547749798
61,22,10,0.10526692550837993
61,23,1,0.1052669254910558
61,23,2,0.10526692553290667
61,23,3,0.10526692550645457
61,23,4,0.10526692552997603
61,23,5,0.10526692548817251
61,23,6,0.10526692553163507
61,23,7,0.1052669255182557
61,23,8,0.10526692549784626
61,23,9,0.10526692550747051
61,23,10,0.10526692550705465
61,24,1,0.10526692554155057
61,24,2,0.10526692551265132
61,24,3,0.10526692551192603
61,24,4,0.10526692553478964
61,24,5,0.10526692546380531
61,24,6,0.10526692553293973
61,24,7,0.10526692548658241
61,24,8,0.10526692553777588
61,24,9,0.10526692551127964
61,24,10,0.10526692553080251
62,1,1,0.06870965599020327
62,1,2,0.06870965594590253
62,1,3,0.06870965601179385
62,1,4,0.0687096560059099
62,1,5,0.06870965600832063
62,1,6,0.06870965599570754
62,1,7,0.06870965602628858
62,1,8,0.06870965598526911
62,1,9,0.06870965600917833
62,1,10,0.06870965601788334
62,2,1,0.06870965599155981
62,2,2,0.06870965597258735
62,2,3,0.06870965602899289
62,2,4,0.06870965602255358
62,2,5,0.06870965598735485
62,2,6,0.06870965602241225
62,2,7,0.06870965599642716
62,2,8,0.06870965604463573
62,2,9,0.06870965599334584
62,2,10,0.06870965600796775
62,3,1,0.06870965598220692
62,3,2,0.06870965599954268
62,3,3,0.06870965602712462
62,3,4,0.06870965599409916
62,3,5,0.06870965597865036
62,3,6,0.06870965601343951
62,3,7,0.0687096560003717
62,3,8,0.0687096559993914
62,3,9,0.06870965601081513
62,3,10,0.06870965602326476
62,4,1,0.06870965602821895
62,4,2,0.06870965599506922
62,4,3,0.06870965600152723
62,4,4,0.06870965599918707
62,4,5,0.0687096560018472
62,4,6,0.0687096559850476
62,4,7,0.06870965599989053
62,4,8,0.06870965598694868
62,4,9,0.06870965606968851
62,4,10,0.06870965602921904
62,5,1,0.06870965601754206
62,5,2,0.06870965600773303
62,5,3,0.06870965598534107
62,5,4,0.06870965599625886
62,5,5,0.06870965602668627
62,5,6,0.06870965602669564
62,5,7,0.06870965599250939
62,5,8,0.06870965601562895
62,5,9,0.06870965601442874
62,5,10,0.06870965600920349
62,6,1,0.06871234338556001
62,6,2,0.06871356483554832
62,6,3,0.06871228572923514
62,6,4,0.06871228573574122
62,6,5,0.06871339990850639
62,6,6,0.06871191331747782
62,6,7,0.06871356311795732
62,6,8,0.06871317366287592
62,6,9,0.06871217911370771
62,6,10,0.0687142608800738
62,7,1,0.0688124944615468
62,7,2,0.06884677216330307
62,7,3,0.06879747997620703
62,7,4,0.06879747996139199
62,7,5,0.06882733165662487
62,7,6,0.06879626303510065
62,7,7,0.06883246272317084
62,7,8,0.06882911096296622
62,7,9,0.06879391940324615
62,7,10,0.06885408918420921
62,8,1,0.06896708656829637
62,8,2,0.0690398872648118
62,8,3,0.06895555380190115
62,8,4,0.06895555375968132
62,8,5,0.06901082686072625
62,8,6,0.068928540254136
62,8,7,0.069023959254994
62,8,8,0.06902342863426558
62,8,9,0.06894558459495717
62,8,10,0.06905423399349772
62,9,1,0.069135231597142
62,9,2,0.069202703742382
62,9,3,0.06910936928381627
62,9,4,0.06910936922588325
62,9,5,0.06913255213698044
62,9,6,0.06905764024736197
62,9,7,0.06915099142666475
62,9,8,0.06918478066186597
62,9,9,0.06909316450452828
62,9,10,0.06921149406629312
62,10,1,0.06925834046338221
62,10,2,0.06931269478941043
62,10,3,0.06925389365721303
62,10,4,0.06925389365802682
62,10,5,0.06923303582223496
62,10,6,0.0691605124440182
62,10,7,0.06925585616272
62,10,8,0.06930023041778771
62,10,9,0.06923183019787565
62,10,10,0.06933216431650295
62,11,1,0.06934133476066474
62,11,2,0.06938165554617005
62,11,3,0.06933478807157882
62,11,4,0.06933478806933178
62,11,5,0.06930055428246791
62,11,6,0.06923332548850873
62,11,7,0.0693263188834085
62,11,8,0.06937106699807691
62,11,9,0.06930944581738704
62,11,10,0.06940588258836583
62,12,1,0.06936026086445088
62,12,2,0.06940148075267986
62,12,3,0.06937538983149351
62,12,4,0.06937538980441824
62,12,5,0.06929814015372655
62,12,6,0.06926081696934049
62,12,7,0.06932379951627375
62,12,8,0.0693996451510964
62,12,9,0.06934840137198042
62,12,10,0.06943394356945
62,13,1,0.06935550209323686
62,13,2,0.06938895519005497
62,13,3,0.06937008186346359
62,13,4,0.06937008188748052
62,13,5,0.06926791292287969
62,13,6,0.06924039715153037
62,13,7,0.06929225369934719
62,13,8,0.06938399937942882
62,13,9,0.0693433079894356
62,13,10,0.06941208973902199
62,14,1,0.06931750636707577
62,14,2,0.06931803889436501
62,14,3,0.06932677635600766
62,14,4,0.06932677635128243
62,14,5,0.06918639793266408
62,14,6,0.06918368819508933
62,14,7,0.06920718478474415
62,14,8,0.0693257873432857
62,14,9,0.06930175886149104
62,14,10,0.06935101439735851
62,15,1,0.06922400456691633
62,15,2,0.0692113682844088
62,15,3,0.06923191506915197
62,15,4,0.06923191504961758
62,15,5,0.0690871499738462
62,15,6,0.06909909611296504
62,15,7,0.06910360939574185
62,15,8,0.06921954895443369
62,15,9,0.06921074205921728
62,15,10,0.06923956318174174
62,16,1,0.069074495782177
62,16,2,0.06905195048728614
62,16,3,0.06908512310170503
62,16,4,0.0690851230714147
62,16,5,0.06896380225748439
62,16,6,0.06897657581177437
62,16,7,0.06897488439755052
62,16,8,0.06906373668480657
62,16,9,0.06906990146805073
62,16,10,0.06908345606606131
62,17,1,0.06888826214975505
62,17,2,0.06886643487669762
62,17,3,0.0688972121264332
62,17,4,0.06889721215054945
62,17,5,0.06881886440302373
62,17,6,0.06882884170866362
62,17,7,0.06882362676052883
62,17,8,0.06888250491042097
62,17,9,0.06888960834614373
62,17,10,0.06889169289278359
62,18,1,0.06872626925743305
62,18,2,0.0687229048310252
62,18,3,0.06872643986007046
62,18,4,0.0687264399245515
62,18,5,0.0687184154421871
62,18,6,0.06871656993934488
62,18,7,0.06871879737645577
62,18,8,0.06872481138633166
62,18,9,0.06872575947976758
62,18,10,0.06872506357057752
62,19,1,0.06870965596866056
62,19,2,0.06870965601491306
62,19,3,0.068709656018038
62,19,4,0.0687096560381475
62,19,5,0.06870965599502799
62,19,6,0.0687096560303479
62,19,7,0.06870965597188902
62,19,8,0.06870965598340857
62,19,9,0.06870965601131722
62,19,10,0.0687096559848376
62,20,1,0.0687096559974614
62,20,2,0.06870965598310058
62,20,3,0.06870965600069526
62,20,4,0.06870965600983471
62,20,5,0.06870965599005277
62,20,6,0.0687096560005322
62,20,7,0.0687096560295547
62,20,8,0.06870965599531481
62,20,9,0.06870965599846916
62,20,10,0.06870965600979843
62,21,1,0.06870965597964608
62,21,2,0.06870965598765359
62,21,3,0.06870965597498582
62,21,4,0.06870965600406309
62,21,5,0.06870965597596099
62,21,6,0.06870965600263308
62,21,7,0.0687096559253447
62,21,8,0.06870965596908626
62,21,9,0.06870965597332954
62,21,10,0.06870965598429035
62,22,1,0.06870965600788265
62,22,2,0.06870965598830756
62,22,3,0.06870965596067907
62,22,4,0.0687096559862319
62,22,5,0.06870965600313841
62,22,6,0.06870965599609205
62,22,7,0.06870965599227309
62,22,8,0.0687096560050757
62,22,9,0.0687096559769003
62,22,10,0.068709656013877
62,23,1,0.06870965599543896
62,23,2,0.06870965603502999
62,23,3,0.06870965600955602
62,23,4,0.0687096560333557
62,23,5,0.06870965598916025
62,23,6,0.0687096560352623
62,23,7,0.06870965601988126
62,23,8,0.06870965599629533
62,23,9,0.06870965601235828
62,23,10,0.06870965600482036
62,24,1,0.06870965604010673
62,24,2,0.06870965601701806
62,24,3,0.06870965601548804
62,24,4,0.0687096560388593
62,24,5,0.06870965596897974
62,24,6,0.06870965603052356
62,24,7,0.06870965598868894
62,24,8,0.06870965604200982
62,24,9,0.06870965601256142
62,24,10,0.06870965603110546
63,1,1,2.6330715353114332e-8
63,1,2,2.7607798074339377e-8
63,1,3,2.999967943863598e-8
63,1,4,2.76062351280905e-8
63,1,5,2.8160730144666163e-8
63,1,6,1.054033716820811e-8
63,1,7,2.757068774416012e-8
63,1,8,2.9635364354383528e-8
63,1,9,1.0480920340509193e-8
63,1,10,2.962593044977892e-8
63,2,1,2.7529401652319856e-8
63,2,2,1.0522143260202105e-8
63,2,3,1.1092430929172623e-8
63,2,4,2.9125264546498464e-8
63,2,5,2.996296730232674e-8
63,2,6,2.789706440391795e-8
63,2,7,1.2148790541524934e-8
63,2,8,2.994921846883277e-8
63,2,9,2.763536446144445e-8
63,2,10,2.9983387258414174e-8
63,3,1,2.963871032507095e-8
63,3,2,3.04896617174125e-8
63,3,3,3.0512542214962876e-8
63,3,4,2.757987473883879e-8
63,3,5,2.7965069689847817e-8
63,3,6,3.0102650983745484e-8
63,3,7,3.062425369778552e-8
63,3,8,3.02228623918826e-8
63,3,9,3.0487860128988596e-8
63,3,10,3.0493106458335544e-8
63,4,1,1.0945945881739512e-8
63,4,2,1.0469620318795681e-8
63,4,3,3.0368576972192676e-8
63,4,4,2.7476712745544384e-8
63,4,5,1.2074089869411804e-8
63,4,6,3.028022608713735e-8
63,4,7,2.7974012769737005e-8
63,4,8,3.0582368187209164e-8
63,4,9,2.7412255074091487e-8
63,4,10,2.997447044024602e-8
63,5,1,3.028918156553048e-8
63,5,2,2.7875546768843407e-8
63,5,3,2.7567444464416092e-8
63,5,4,2.7616572713106865e-8
63,5,5,3.0682391002941096e-8
63,5,6,3.0312028025506276e-8
63,5,7,3.0651824800278163e-8
63,5,8,2.7914484178642613e-8
63,5,9,2.7913540793118582e-8
63,5,10,3.061398834409052e-8
63,6,1,1.0517599206550226e-8
63,6,2,2.7897232146207766e-8
63,6,3,1.2041841681022755e-8
63,6,4,2.746097993384274e-8
63,6,5,2.7938239461176632e-8
63,6,6,3.0344423098671625e-8
63,6,7,3.06161276048414e-8
63,6,8,2.7998611672564787e-8
63,6,9,3.03410284310145e-8
63,6,10,2.786068082131893e-8
63,7,1,2.7657632466985044e-8
63,7,2,2.7998312183793137e-8
63,7,3,3.0831272160915164e-8
63,7,4,1.0559182245945392e-8
63,7,5,1.07211017076519e-8
63,7,6,1.0664928665951615e-8
63,7,7,3.129558710946273e-8
63,7,8,2.8495534277787657e-8
63,7,9,3.082042568173605e-8
63,7,10,1.2107733561837537e-8
63,8,1,1.1994593574551354e-8
63,8,2,3.077004843686335e-8
63,8,3,2.8051318384654436e-8
63,8,4,1.0653048667246586e-8
63,8,5,1.0734660536168098e-8
63,8,6,3.1105762892403305e-8
63,8,7,3.0761187181074366e-8
63,8,8,3.11299830809523e-8
63,8,9,3.112628868058651e-8
63,8,10,1.2178894282699857e-8
63,9,1,3.075260066365262e-8
63,9,2,3.1384183994901845e-8
63,9,3,3.157598080680697e-8
63,9,4,2.7546558754117966e-8
63,9,5,2.8797803108913638e-8
63,9,6,3.136975521112969e-8
63,9,7,3.076804488498929e-8
63,9,8,3.160919626966859e-8
63,9,9,2.7870872377743327e-8
63,9,10,3.137996931250809e-8
63,10,1,3.094477691686382e-8
63,10,2,3.1400440060743715e-8
63,10,3,3.135922598937858e-8
63,10,4,3.105379684773788e-8
63,10,5,3.1382777826558535e-8
63,10,6,2.888184924724784e-8
63,10,7,2.8512689320702948e-8
63,10,8,1.1022254773072063e-8
63,10,9,3.143931988654313e-8
63,10,10,3.169649455829654e-8
63,11,1,3.122999304008231e-8
63,11,2,1.0750049096373995e-8
63,11,3,3.168616259466543e-8
63,11,4,3.1256725825175575e-8
63,11,5,2.8889531665957124e-8
63,11,6,3.138540894430589e-8
63,11,7,2.9139940606196383e-8
63,11,8,3.1806218688106614e-8
63,11,9,3.137834887344318e-8
63,11,10,3.181830040212584e-8
63,12,1,3.074987666149113e-8
63,12,2,2.9061440958261253e-8
63,12,3,3.1686756832506993e-8
63,12,4,1.0762990242193421e-8
63,12,5,3.171960161785157e-8
63,12,6,1.216985411424223e-8
63,12,7,1.202773384029851e-8
63,12,8,3.1647412108827386e-8
63,12,9,3.160884410931135e-8
63,12,10,1.2192656192979685e-8
63,13,1,1.0652021861161697e-8
63,13,2,3.182283496605997e-8
63,13,3,2.884732841576088e-8
63,13,4,1.1199415071083104e-8
63,13,5,3.1716780973556106e-8
63,13,6,3.167696307375415e-8
63,13,7,2.928298534680961e-8
63,13,8,3.1858483592146696e-8
63,13,9,2.845952165979836e-8
63,13,10,3.1351299201064386e-8
63,14,1,1.0784594344987991e-8
63,14,2,3.1653279530097205e-8
63,14,3,2.8852411263020364e-8
63,14,4,2.8424260666411007e-8
63,14,5,1.2176571276679444e-8
63,14,6,3.1591040207186424e-8
63,14,7,3.162899738190206e-8
63,14,8,3.1799830545613446e-8
63,14,9,3.158653793068571e-8
63,14,10,1.2014054672763136e-8
63,15,1,1.0794823507869366e-8
63,15,2,3.1684906735588325e-8
63,15,3,2.897635724952431e-8
63,15,4,1.075562333095841e-8
63,15,5,3.160885428526046e-8
63,15,6,3.174870379705118e-8
63,15,7,1.0800485109475858e-8
63,15,8,3.159271608671524e-8
63,15,9,3.155832663670705e-8
63,15,10,3.1812558120219293e-8
63,16,1,2.8736886389257357e-8
63,16,2,3.1798891134632195e-8
63,16,3,1.2176425272066851e-8
63,16,4,2.8427616439288976e-8
63,16,5,3.173533672368189e-8
63,16,6,1.2181364723947048e-8
63,16,7,3.162887846481585e-8
63,16,8,3.160654833064743e-8
63,16,9,3.023458098075559e-8
63,16,10,1.0790678043243104e-8
63,17,1,2.8720809204075107e-8
63,17,2,3.1604118213878275e-8
63,17,3,2.8836017193300452e-8
63,17,4,3.152790359754564e-8
63,17,5,3.166479658550972e-8
63,17,6,2.880947926229007e-8
63,17,7,3.158644781428697e-8
63,17,8,2.894833390069259e-8
63,17,9,3.170572402292289e-8
63,17,10,3.159757164946044e-8
63,18,1,1.121282233689942e-8
63,18,2,3.16129133229533e-8
63,18,3,3.159414569507009e-8
63,18,4,1.2109638390402789e-8
63,18,5,3.1654175858275556e-8
63,18,6,1.1991036101468151e-8
63,18,7,1.215526844109766e-8
63,18,8,1.1042345253962192e-8
63,18,9,2.8925010098891433e-8
63,18,10,1.1944591907102887e-8
63,19,1,1.1187742713607905e-8
63,19,2,3.146160234344727e-8
63,19,3,3.119552124800718e-8
63,19,4,2.8487037566932546e-8
63,19,5,1.0415443149024086e-8
63,19,6,2.8814047668520983e-8
63,19,7,3.157219434088205e-8
63,19,8,1.1053223297039865e-8
63,19,9,3.15828682840868e-8
63,19,10,3.16129256198191e-8
63,20,1,2.900678206941876e-8
63,20,2,1.1947564289065497e-8
63,20,3,3.1667532425602463e-8
63,20,4,1.122970476580083e-8
63,20,5,1.1025807018301653e-8
63,20,6,3.160233807728065e-8
63,20,7,3.160921036672159e-8
63,20,8,2.863643940460682e-8
63,20,9,1.036186962556732e-8
63,20,10,3.168681510655355e-8
63,21,1,1.0962451791681433e-8
63,21,2,1.0495798244357369e-8
63,21,3,9.786696961699641e-9
63,21,4,1.0972224720713436e-8
63,21,5,3.163888823415795e-8
63,21,6,2.8938070256479915e-8
63,21,7,3.1602115169690155e-8
63,21,8,3.162353659014287e-8
63,21,9,1.0969636032378228e-8
63,21,10,2.8993818788412867e-8
63,22,1,2.881744416751325e-8
63,22,2,1.1989567882667229e-8
63,22,3,1.1040316092804179e-8
63,22,4,1.0973411863391475e-8
63,22,5,2.878826815363288e-8
63,22,6,1.2005821763419303e-8
63,22,7,9.56967633462055e-9
63,22,8,3.1578276530114037e-8
63,22,9,2.8794572834262374e-8
63,22,10,1.1043929638947492e-8
63,23,1,1.0888159458143838e-8
63,23,2,2.9025858319689824e-8
63,23,3,3.151023210190801e-8
63,23,4,1.106308635248687e-8
63,23,5,3.157109410974832e-8
63,23,6,3.156670152878127e-8
63,23,7,3.1499413132593134e-8
63,23,8,1.053969771962458e-8
63,23,9,3.1508214776778726e-8
63,23,10,3.1561104407340315e-8
63,24,1,1.1070214543087323e-8
63,24,2,2.891964261688906e-8
63,24,3,3.1628720596020155e-8
63,24,4,1.1064853410611627e-8
63,24,5,1.0561132090111726e-8
63,24,6,2.903651211951538e-8
63,24,7,3.158117977554822e-8
63,24,8,1.107010349760185e-8
63,24,9,2.9046304425095553e-8
63,24,10,2.9051861864734734e-8
64,1,1,0.00637638855734563
64,1,2,0.054624625446637036
64,1,3,0.016793204529319827
64,1,4,0.03729460768826328
64,1,5,0.03342947902643063
64,1,6,0.03555480245099933
64,1,7,0.054517327693474504
64,1,8,0.02746611851120882
64,1,9,-0.0579914266011795
64,1,10,0.05587902552675623
64,2,1,-0.007153561732563932
64,2,2,0.047187233456721704
64,2,3,-0.0006649388315941703
64,2,4,-0.012339841209817813
64,2,5,-0.002967148945514434
64,2,6,-0.003842685461332378
64,2,7,-0.010113996071800423
64,2,8,-0.014934915158255454
64,2,9,0.07612443305319196
64,2,10,-0.011542446509761536
64,3,1,-0.003948113004770807
64,3,2,0.04469603500617373
64,3,3,0.007018498311175791
64,3,4,0.030941641386758836
64,3,5,-0.01459578697156379
64,3,6,-0.01422940877861516
64,3,7,0.04459337904789092
64,3,8,0.06631902761143799
64,3,9,0.07364287186956958
64,3,10,0.046437276989072976
64,4,1,0.05183640151197841
64,4,2,-0.0003545415649555084
64,4,3,0.010732656066034131
64,4,4,0.00277749205006631
64,4,5,0.009040193561517373
64,4,6,0.011775486777844643
64,4,7,0.04939266606017479
64,4,8,0.0025010576628960355
64,4,9,0.07844070253015631
64,4,10,0.0010034499035968922
64,5,1,0.051406338188579315
64,5,2,0.04911113053387572
64,5,3,0.008826668056986557
64,5,4,-0.0010832565443398066
64,5,5,0.1562187021884618
64,5,6,0.009763544123795506
64,5,7,0.04898973232811274
64,5,8,-0.005341864532723939
64,5,9,0.0026608695402643074
64,5,10,0.07338315243453918
64,6,1,0.05292215510478346
64,6,2,0.05062421778737804
64,6,3,0.01887609837649124
64,6,4,0.05836237435802726
64,6,5,0.014443830739621563
64,6,6,0.02273781399307728
64,6,7,0.00695591780587815
64,6,8,0.07485645486593004
64,6,9,0.01027705522843153
64,6,10,0.08779092103635901
64,7,1,-0.030529097165947053
64,7,2,0.042153217660311
64,7,3,0.026948600915406733
64,7,4,0.0467301743227992
64,7,5,-0.026044156104630053
64,7,6,0.07434453127420879
64,7,7,0.04205779527339148
64,7,8,-0.03324024764103824
64,7,9,0.07111918265231391
64,7,10,0.08206303676898867
64,8,1,0.0029304066436758275
64,8,2,-0.0018731353248937087
64,8,3,0.034633079960228255
64,8,4,0.051579169807132265
64,8,5,0.00744711843345776
64,8,6,0.08029923661567298
64,8,7,-0.00022438940401493397
64,8,8,0.0698522245272817
64,8,9,0.07793252644117542
64,8,10,-0.013985026436839876
64,9,1,0.05101988679851018
64,9,2,0.048835909480924124
64,9,3,0.03448216018016737
64,9,4,-0.010458907008826065
64,9,5,0.0066288060341660685
64,9,6,0.07370290264419996
64,9,7,-0.0011237914122772755
64,9,8,0.06981629551921142
64,9,9,0.0023128851387198197
64,9,10,0.0852419208049321
64,10,1,0.04971126157549315
64,10,2,-0.009038935164091648
64,10,3,0.033191416932752356
64,10,4,0.044383552272320916
64,10,5,-0.00019647937740939646
64,10,6,0.06490716087734626
64,10,7,0.047428605129787554
64,10,8,-0.0169594853141753
64,10,9,0.07647193952611726
64,10,10,-0.020763041455981786
64,11,1,0.04992856995759968
64,11,2,0.04779772407568713
64,11,3,0.004617463178215614
64,11,4,0.04234368406965688
64,11,5,0.0010233991754317235
64,11,6,0.06442783246948608
64,11,7,0.047666287072499265
64,11,8,0.06414493434029299
64,11,9,-0.002852701369890958
64,11,10,0.08351811542082901
64,12,1,0.0025573906612185574
64,12,2,0.0489817274225797
64,12,3,0.010438147528734048
64,12,4,0.04407578874171188
64,12,5,0.13144907102684114
64,12,6,-0.021026051939118814
64,12,7,-0.00038158466633084236
64,12,8,-0.010848468091614582
64,12,9,0.002957217555441655
64,12,10,-0.00912317488987035
64,13,1,-0.045070492543324785
64,13,2,0.03850691000481476
64,13,3,0.08472700689093873
64,13,4,0.023740487048935836
64,13,5,0.12092911986768967
64,13,6,0.05787987865728564
64,13,7,0.03837173014551009
64,13,8,0.05356972267827275
64,13,9,-0.04467712369908251
64,13,10,-0.0567017830868641
64,14,1,0.04496475332089753
64,14,2,-0.015678743256567068
64,14,3,0.09165860500885124
64,14,4,0.032415496861908484
64,14,5,-0.021400256696868757
64,14,6,-0.029179606311288363
64,14,7,-0.014070646958526662
64,14,8,0.0681491295696325
64,14,9,-0.010684045229248465
64,14,10,-0.03331893616961798
64,15,1,0.03820925556896719
64,15,2,0.03836253687819014
64,15,3,0.08457458007525256
64,15,4,-0.05848921986240496
64,15,5,0.12078189227417586
64,15,6,0.059093942339924516
64,15,7,0.03821593161317045
64,15,8,-0.054976366660143876
64,15,9,-0.04543245131392618
64,15,10,0.07307199251924076
64,16,1,0.0463350315630753
64,16,2,-0.009288263647343921
64,16,3,-0.021208698199411083
64,16,4,0.07035025603686519
64,16,5,-0.015067956296090463
64,16,6,-0.023437633359923053
64,16,7,-0.007678350457272808
64,16,8,-0.018324413604087486
64,16,9,-0.004274735446773207
64,16,10,0.07759653402778471
64,17,1,0.031491962733962875
64,17,2,0.03133889281276413
64,17,3,0.07759089694819192
64,17,4,0.054238973151257815
64,17,5,-0.09056976663041637
64,17,6,0.053936864468953176
64,17,7,0.03126379398325081
64,17,8,0.05404812285476969
64,17,9,0.045097642933026046
64,17,10,0.05573326142478161
64,18,1,0.05085425482233141
64,18,2,0.03529893167600624
64,18,3,0.0815098662764377
64,18,4,0.0574368720969315
64,18,5,-0.07129475844100461
64,18,6,-0.08057484980786636
64,18,7,-0.06390420602777655
64,18,8,0.05695991714081864
64,18,9,0.049040569362831854
64,18,10,-0.07431298586280229
64,19,1,-0.06695215496195658
64,19,2,0.03435732411604004
64,19,3,-0.08200427930792804
64,19,4,-0.08040256907458812
64,19,5,0.10919511931333652
64,19,6,0.046162261086173904
64,19,7,0.024200269881498655
64,19,8,0.055274958804059755
64,19,9,0.04811081810298867
64,19,10,0.05060641173606207
64,20,1,0.02400699268620358
64,20,2,-0.034580776957419
64,20,3,-0.0464437111071221
64,20,4,0.06037087008527157
64,20,5,-0.044960577686150874
64,20,6,0.04593986324200727
64,20,7,0.030949450117952578
64,20,8,-0.04238349992216395
64,20,9,0.055329612027872246
64,20,10,-0.05121256606878586
64,21,1,0.10270503503009383
64,21,2,0.03355048338327717
64,21,3,0.07982415713370923
64,21,4,0.04949647973682167
64,21,5,0.10827131385835671
64,21,6,0.02572574158001228
64,21,7,0.023072173207589006
64,21,8,0.053287468834429766
64,21,9,-0.0759181623973879
64,21,10,0.04777362986271473
64,22,1,0.10692594742601876
64,22,2,-0.05097128838551887
64,22,3,-0.0628661590061291
64,22,4,-0.0643861348054617
64,22,5,-0.0613760187549501
64,22,6,-0.06131512781715017
64,22,7,0.027131745319988076
64,22,8,-0.05880689538723631
64,22,9,0.03021084661297966
64,22,10,-0.060065882165671686
64,23,1,-0.13309127525413192
64,23,2,0.02549401752689367
64,23,3,0.07166520933048917
64,23,4,0.014878553898452315
64,23,5,0.10011975180785865
64,23,6,0.012554257033194247
64,23,7,0.01486901559185911
64,23,8,0.023572038276022625
64,23,9,0.017878226567852935
64,23,10,0.010109096476989302
64,24,1,0.024021344928733316
64,24,2,-0.052021833709888235
64,24,3,-0.06394735298881299
64,24,4,0.011822857864442945
64,24,5,-0.06250886429584557
64,24,6,0.0012642029956442778
64,24,7,0.024012202637482563
64,24,8,0.01819340544372599
64,24,9,0.024031484450668553
64,24,10,0.010970362865591865
65,1,1,0.03588069247007348
65,1,2,0.1013078478484027
65,1,3,0.03409628586925433
65,1,4,0.05269724179922426
65,1,5,0.05677034768339126
65,1,6,0.05464073644278458
65,1,7,0.09774978958886806
65,1,8,0.04240272670882581
65,1,9,-0.016990207417533498
65,1,10,0.07225579130866368
65,2,1,0.03848521288723862
65,2,2,0.11071877547555063
65,2,3,0.0319975367556492
65,2,4,0.04342006474571287
65,2,5,0.03429917265149844
65,2,6,0.035170660277132906
65,2,7,0.04144664042064374
65,2,8,0.04616016467716287
65,2,9,0.13318078960752677
65,2,10,0.04250530737055521
65,3,1,0.047197291690197464
65,3,2,0.11265482483773037
65,3,3,0.04518682662822923
65,3,4,0.06630099501897281
65,3,5,0.02447250006045557
65,3,6,0.024102345246057495
65,3,7,0.1090421730444539
65,3,8,0.12520765221226032
65,3,9,0.1351290802805736
65,3,10,0.09431112743681277
65,4,1,0.0999884836747157
65,4,2,0.051708663619686956
65,4,3,0.04062138361363528
65,4,4,0.048350205480383435
65,4,5,0.04231327494717508
65,4,6,0.03957389799544694
65,4,7,0.10531547486375124
65,4,8,0.04875535791951929
65,4,9,0.13136501086507363
65,4,10,0.0500020298828292
65,5,1,0.10026583521987802
65,5,2,0.10924476418396624
65,5,3,0.03902689122138388
65,5,4,0.04870734332630301
65,5,5,0.21242906059314626
65,5,6,0.03808540789795784
65,5,7,0.10558710386893456
65,5,8,0.053096563110867426
65,5,9,0.04519275931968
65,5,10,0.13001658147152367
65,6,1,0.0993776853192531
65,6,2,0.10836784762470057
65,6,3,0.04256700382273916
65,6,4,0.08873256108334139
65,6,5,0.04699869728875235
65,6,6,0.03870063286644161
65,6,7,0.05448722937475262
65,6,8,0.11617320390204139
65,6,9,0.051166111756042416
65,6,10,0.1270144354928506
65,7,1,0.024494461753423426
65,7,2,0.11853883204481873
65,7,3,0.08150886481981043
65,7,4,0.10402996745493563
65,7,5,0.020009855317605355
65,7,6,0.15171625334524913
65,7,7,0.11484572061717663
65,7,8,0.027068241465948596
65,7,9,0.14103435521422625
65,7,10,0.13820121990370265
65,8,1,0.05039745887246103
65,8,2,0.055202027565127876
65,8,3,0.07004590479311265
65,8,4,0.09056407427451492
65,8,5,0.04588112196445381
65,8,6,0.1344705621136594
65,8,7,0.053553247814986854
65,8,8,0.11662118011454815
65,8,9,0.13608147260650622
65,8,10,0.06696584551299486
65,9,1,0.10480013608877953
65,9,2,0.11375621153985888
65,9,3,0.07018980796307281
65,9,4,0.06202081033325298
65,9,5,0.045159408717798895
65,9,6,0.12648911153508519
65,9,7,0.052912625601581366
65,9,8,0.11897829144221475
65,9,9,0.04947596910906491
65,9,10,0.12796530429878347
65,10,1,0.10579623033042107
65,10,2,0.04968275921079556
65,10,3,0.07117611127104397
65,10,4,0.0967678369862544
65,10,5,0.040839653461712415
65,10,6,0.1341609055263649
65,10,7,0.11105242766652741
65,10,8,0.05750089143949387
65,10,9,0.13724912320477314
65,10,10,0.06104356152938361
65,11,1,0.10564813905903014
65,11,2,0.11453041709177139
65,11,3,0.03810654330627852
65,11,4,0.09596143825990633
65,11,5,0.0417000287922962
65,11,6,0.12797997969634883
65,11,7,0.11086140403045634
65,11,8,0.12581943885282967
65,11,9,0.04557677341566608
65,11,10,0.12907974805319541
65,12,1,0.05039625022841282
65,12,2,0.11360275537521115
65,12,3,0.042516439004998546
65,12,4,0.09558909081874638
65,12,5,0.22103205148443844
65,12,6,0.07358993867302865
65,12,7,0.053336219490062745
65,12,8,0.06370427331070326
65,12,9,0.04999743870762017
65,12,10,0.06172143532141208
65,13,1,0.03220481594695861
65,13,2,0.13857853392928582
65,13,3,0.21772906407170842
65,13,4,0.12105845763841246
65,13,5,0.2462421547091336
65,13,6,0.166281947042167
65,13,7,0.13493271558372916
65,13,8,0.15635407551483727
65,13,9,0.03181240836902879
65,13,10,0.043367070180508484
65,14,1,0.1258485725777565
65,14,2,0.06274890701847288
65,14,3,0.21224900884199716
65,14,4,0.11753636986502072
65,14,5,0.06846975486310472
65,14,6,0.0758510505299333
65,14,7,0.061140772282039464
65,14,8,0.15069266750262567
65,14,9,0.05775418993905238
65,14,10,0.08003435047564889
65,15,1,0.13229846921176933
65,15,2,0.13868155342363955
65,15,3,0.21785398735783332
65,15,4,0.0440111764391072
65,15,5,0.24643521100605872
65,15,6,0.1588497267247174
65,15,7,0.135079505086768
65,15,8,0.040676159510514696
65,15,9,0.03127378424787095
65,15,10,0.1647061794378512
65,16,1,0.12438273220843707
65,16,2,0.06758750506097173
65,16,3,0.07950784656448617
65,16,4,0.16547507486770413
65,16,5,0.07336653329535615
65,16,6,0.0813519879836627
65,16,7,0.06597755317775895
65,16,8,0.07652671560743865
65,16,9,0.06257395936762616
65,16,10,0.1544764584066933
65,17,1,0.1367145460374463
65,17,2,0.1441411323375815
65,17,3,0.22334999047040244
65,17,4,0.1794496487974016
65,17,5,0.0158978375154868
65,17,6,0.15520541849418976
65,17,7,0.14033098027088348
65,17,8,0.15982209363347116
65,17,9,0.16930102582643236
65,17,10,0.16385627940728412
65,18,1,0.1521275030547851
65,18,2,0.1411825435472599
65,18,3,0.22030997841830285
65,18,4,0.17931604770511175
65,18,5,0.030656592940947316
65,18,6,0.039481137944229285
65,18,7,0.023266584942127043
65,18,8,0.15813680656553764
65,18,9,0.16631631299598407
65,18,10,0.03326565712138025
65,19,1,0.018210165642866
65,19,2,0.14192776874705565
65,19,3,0.033263170039392144
65,19,4,0.031359709664257794
65,19,5,0.25097238894117585
65,19,6,0.15929894162520603
65,19,7,0.13995242473988273
65,19,8,0.15949723708095093
65,19,9,0.16703793989477642
65,19,10,0.16117201204982096
65,20,1,0.1269827943058812
65,20,2,0.04887763758933673
65,20,3,0.06074047765435314
65,20,4,0.17398695803828432
65,20,5,0.05925679790797709
65,20,6,0.15671730395583836
65,20,7,0.134748599358529
65,20,8,0.056550844168221204
65,20,9,0.1617025029057625
65,20,10,0.06507686140838101
65,21,1,0.279832680100257
65,21,2,0.15309418119249346
65,21,3,0.2323975297036716
65,21,4,0.18613629233553364
65,21,5,0.2622638294420133
65,21,6,0.15620452063896176
65,21,7,0.1511651572364779
65,21,8,0.16773080014452546
65,21,9,0.035814958502590914
65,21,10,0.16820994438656495
65,22,1,0.2765996806350894
65,22,2,0.04755719765348064
65,22,3,0.059451970899202844
65,22,4,0.060660243858658355
65,22,5,0.05796134883434257
65,22,6,0.05739300409038781
65,22,7,0.14808717321558734
65,22,8,0.05524128408379965
65,22,9,0.1787612171778523
65,22,10,0.05619391765769849
65,23,1,0.022814408847024664
65,23,2,0.15930447212678794
65,23,3,0.23867328854118575
65,23,4,0.18333000625394205
65,23,5,0.2686305937956054
65,23,6,0.16480997407913628
65,23,7,0.15741709107509777
65,23,8,0.17411676091203898
65,23,9,0.1881023706173452
65,23,10,0.1589389768107742
65,24,1,0.1730929173494321
65,24,2,0.0487310832431842
65,24,3,0.060656506133307565
65,24,4,0.16449183238477247
65,24,5,0.059217522371732854
65,24,6,0.1535053767230534
65,24,7,0.15064910649809524
65,24,8,0.16464875685572744
65,24,9,0.17309157316340013
65,24,10,0.15826565506542067
66,1,1,-0.24725734804954128
66,1,2,-0.3609324803162652
66,1,3,-0.2558895169803736
66,1,4,-0.2950316300072344
66,1,5,-0.2952000030292206
66,1,6,-0.29519704595339363
66,1,7,-0.35726713341720917
66,1,8,-0.27488908015215485
66,1,9,-0.1300183763730185
66,1,10,-0.33319032352502315
66,2,1,-0.2363319183072354
66,2,2,-0.3629060160362234
66,2,3,-0.23633262427436477
66,2,4,-0.23611940513251714
66,2,5,-0.23633219901993688
66,2,6,-0.23632946835758875
66,2,7,-0.23633266014778745
66,2,8,-0.2362456630038917
66,2,9,-0.4143052334819505
66,2,10,-0.23601858574325865
66,3,1,-0.248249445387976
66,3,2,-0.3623508669348783
66,3,3,-0.2572053514120068
66,3,4,-0.30228144643690213
66,3,5,-0.2148768886979035
66,3,6,-0.21487442426139375
66,3,7,-0.3586355680277681
66,3,8,-0.3965471953016663
66,3,9,-0.41377196294371393
66,3,10,-0.3458039470146768
66,4,1,-0.3568251549525882
66,4,2,-0.2563541292610771
66,4,3,-0.2563540661645978
66,4,4,-0.25616689694652794
66,4,5,-0.25635364377238645
66,4,6,-0.2563508826842353
66,4,7,-0.3597081567805617
66,4,8,-0.2562768669497422
66,4,9,-0.4148057242390086
66,4,10,-0.25606150907848013
66,5,1,-0.35667244321702485
66,5,2,-0.3633559019717474
66,5,3,-0.25285358579598993
66,5,4,-0.2526633900499718
66,5,5,-0.5736479429644703
66,5,6,-0.25285045054362537
66,5,7,-0.3595768520943915
66,5,8,-0.2527752031263619
66,5,9,-0.25285363941196115
66,5,10,-0.4084557868792635
66,6,1,-0.3573001101075238
66,6,2,-0.36399207282338575
66,6,3,-0.26644312867292447
66,6,4,-0.3521340681257476
66,6,5,-0.26644270389214314
66,6,6,-0.2664399390309986
66,6,7,-0.26644316312933386
66,6,8,-0.39605021994964157
66,6,9,-0.2664431777057794
66,6,10,-0.419861435168128
66,7,1,-0.19896563117527877
66,7,2,-0.3656920568050252
66,7,3,-0.31345749235738324
66,7,4,-0.35579929128347854
66,7,5,-0.19896587363218096
66,7,6,-0.43112186547092934
66,7,7,-0.3619035318133455
66,7,8,-0.19884835328887132
66,7,9,-0.41715354866048526
66,7,10,-0.4253202593848925
66,8,1,-0.2583281339413779
66,8,2,-0.2583288992334257
66,8,3,-0.3096790113932027
66,8,4,-0.34718244292401035
66,8,5,-0.2583284160791102
66,8,6,-0.4198309784136315
66,8,7,-0.2583288740529545
66,8,8,-0.39149396756302834
66,8,9,-0.4190140098591641
66,8,10,-0.2580369329128285
66,9,1,-0.3608202928754315
66,9,2,-0.36759212833699295
66,9,3,-0.3096719948843411
66,9,4,-0.2566013133580683
66,9,5,-0.25678839032259193
66,9,6,-0.4052532830430684
66,9,7,-0.2567888502165526
66,9,8,-0.39381514467091483
66,9,9,-0.2567888650141851
66,9,10,-0.41826332477128453
66,10,1,-0.3605077614742514
66,10,2,-0.24564383114446964
66,10,3,-0.30936755472018823
66,10,4,-0.3461905848431076
66,10,5,-0.2456433492298316
66,10,6,-0.404129282013654
66,10,7,-0.36348104874037657
66,10,8,-0.24556187782106606
66,10,9,-0.41872107350713206
66,10,10,-0.24533654186135162
66,11,1,-0.36057697882277295
66,11,2,-0.3673281483349519
66,11,3,-0.24772403306875918
66,11,4,-0.34334433647031326
66,11,5,-0.24772360310737793
66,11,6,-0.39746908394848673
66,11,7,-0.36352770701875803
66,11,8,-0.3949849952381497
66,11,9,-0.2477240826991865
66,11,10,-0.4176539235836329
66,12,1,-0.2579539091260267
66,12,2,-0.36758448994542786
66,12,3,-0.2579546132125055
66,12,4,-0.34470415314295355
66,12,5,-0.5574813033227648
66,12,6,-0.25762512449807135
66,12,7,-0.2579546506541337
66,12,8,-0.25787632192846016
66,12,9,-0.25795466693877295
66,12,10,-0.2576542682843827
66,13,1,-0.19213458821866536
66,13,2,-0.3820854510656076
66,13,3,-0.5074561001233094
66,13,4,-0.34983818107605846
66,13,5,-0.5721714549144834
66,13,6,-0.4292229969364123
66,13,7,-0.3783044618187625
66,13,8,-0.4149443789452525
66,13,9,-0.19213529531319393
66,13,10,-0.1917209663594731
66,14,1,-0.3758135956100662
66,14,2,-0.2520701709803669
66,14,3,-0.5089076429351136
66,14,4,-0.35499116824889476
66,14,5,-0.25206967362894994
66,14,6,-0.2517326616125024
66,14,7,-0.25207014118933285
66,14,8,-0.4238624212148503
66,14,9,-0.2520701554273172
66,14,10,-0.2517714346036348
66,15,1,-0.3755079945470826
66,15,2,-0.3820440974363602
66,15,3,-0.5074285965237915
66,15,4,-0.19056109430659351
66,15,5,-0.5722172835222492
66,15,6,-0.4230048545184704
66,15,7,-0.37829545276796
66,15,8,-0.19072014137724033
66,15,9,-0.19084134349582324
66,15,10,-0.44283424339581695
66,16,1,-0.37571803391066283
66,16,2,-0.2632992485147673
66,16,3,-0.2632991767717194
66,16,4,-0.44086501623868296
66,16,5,-0.263298752715165
66,16,6,-0.26297559079042077
66,16,7,-0.26329921851488974
66,16,8,-0.26322283374291794
66,16,9,-0.2632992345051246
66,16,10,-0.4371291996774286
66,17,1,-0.3732067780135806
66,17,2,-0.3804800322714266
66,17,3,-0.5059409163751803
66,17,4,-0.4387281805241029
66,17,5,-0.130328243625051
66,17,6,-0.41420355878236886
66,17,7,-0.3765947902702463
66,17,8,-0.4188908029919071
66,17,9,-0.4193986794283188
66,17,10,-0.4246456251751748
66,18,1,-0.4079820283860325
66,18,2,-0.38148148228325757
66,18,3,-0.5068198737847613
66,18,4,-0.4417925445608874
66,18,5,-0.16436200832768033
66,18,6,-0.1639670229588483
66,18,7,-0.16436239477337392
66,18,8,-0.42011733119025196
66,18,9,-0.42035689308687424
66,18,10,-0.1640080956996728
66,19,1,-0.1562582751777262
66,19,2,-0.38128510006551475
66,19,3,-0.1562589188876378
66,19,4,-0.1559961522722548
66,19,5,-0.5651676883520429
66,19,6,-0.41052258915592904
66,19,7,-0.36915271080907025
66,19,8,-0.41979280351223147
66,19,9,-0.4201487689275283
66,19,10,-0.41683451755615203
66,20,1,-0.3559900589064471
66,20,2,-0.21929686761988013
66,20,3,-0.21929679475455485
66,20,4,-0.43939750284732637
66,20,5,-0.21929639509442847
66,20,6,-0.4077186363821179
66,20,7,-0.3706980654794524
66,20,8,-0.21918780484946393
66,20,9,-0.4220321256018054
66,20,10,-0.21892031088046623
66,21,1,-0.5875382328354996
66,21,2,-0.39164467157484917
66,21,3,-0.5172217158261733
66,21,4,-0.44067239027876914
66,21,5,-0.575535323561109
66,21,6,-0.3869915913926911
66,21,7,-0.3792373465725198
66,21,8,-0.4260388726738271
66,21,9,-0.16489680669023365
66,21,10,-0.42103970920307576
66,22,1,-0.588526146684994
66,22,2,-0.2015859161830598
66,22,3,-0.20158584010151348
66,22,4,-0.2013133332792161
66,22,5,-0.20158550436876582
66,22,6,-0.20113883842985875
66,22,7,-0.3802189343457603
66,22,8,-0.2014547584120962
66,22,9,-0.41397207460818497
66,22,10,-0.20118373041658622
66,23,1,-0.09472362599627004
66,23,2,-0.3897984966542609
66,23,3,-0.5153385267722016
66,23,4,-0.4032481725270245
66,23,5,-0.5737505255735207
66,23,6,-0.38242566683385004
66,23,7,-0.3772861226959704
66,23,8,-0.402709389630169
66,23,9,-0.4109806081206209
66,23,10,-0.3741041990853078
66,24,1,-0.4021147842391963
66,24,2,-0.20170925658668645
66,24,3,-0.20170918126591744
66,24,4,-0.38135443102876027
66,24,5,-0.20170883223336528
66,24,6,-0.35983116639256596
66,24,7,-0.379661325189938
66,24,8,-0.3878628402700229
66,24,9,-0.4021230684215482
66,24,10,-0.37429244909391773
67,1,1,0.0003751281982227763
67,1,2,0.048538107528711745
67,1,3,0.010784998521581133
67,1,4,0.031171650063534524
67,1,5,0.027396978827242773
67,1,6,0.02951752107303094
67,1,7,0.048431144516072916
67,1,8,0.021423980704799866
67,1,9,-0.0640889408268284
67,1,10,0.04974069032128419
67,2,1,-0.013155176768054631
67,2,2,0.041122670156276665
67,2,3,-0.006664984290040875
67,2,4,-0.018430290532320943
67,2,5,-0.00896755419490741
67,2,6,-0.009845112102665728
67,2,7,-0.016116978223250165
67,2,8,-0.020979999473389046
67,2,9,0.06995640787312328
67,2,10,-0.01762839053727926
67,3,1,-0.009948775509264
67,3,2,0.038638108527704565
67,3,3,0.0010170372212959854
67,3,4,0.02482696462552397
67,3,5,-0.020602052274872863
67,3,6,-0.020235766336807855
67,3,7,0.03853571314792139
67,3,8,0.06017882735079351
67,3,9,0.06748562275108737
67,3,10,0.04032042855219073
67,4,1,0.04575833565658906
67,4,2,-0.006354555170474864
67,4,3,0.004729300614872983
67,4,4,-0.0033175996000987373
67,4,5,0.0030377427839568963
67,4,6,0.005770875314869037
67,4,7,0.04332192217516582
67,4,8,-0.0035299711830743185
67,4,9,0.07226229871650021
67,4,10,-0.005132684581874879
67,5,1,0.04532955699395946
67,5,2,0.04304119449130476
67,5,3,0.0028243851986622863
67,5,4,-0.007176873632293173
67,5,5,0.1495110277331333
67,5,6,0.0037598721527601553
67,5,7,0.04292013775952208
67,5,8,-0.01138755494926642
67,5,9,-0.003339346461460579
67,5,10,0.06718665897984584
67,6,1,0.04684078857867229
67,6,2,0.044549906403248296
67,6,3,0.01286575031483546
67,6,4,0.05220631690848731
67,6,5,0.008437700096517895
67,6,6,0.016722151953803607
67,6,7,0.0009545021468566272
67,6,8,0.0686778361626949
67,6,9,0.004273985856997251
67,6,10,0.08150981798321735
67,7,1,-0.03655629501069635
67,7,2,0.036101694084415416
67,7,3,0.0209275231682374
67,7,4,0.04059525936784473
67,7,5,-0.03206392726662046
67,7,6,0.06810165298796533
67,7,7,0.036006499657686326
67,7,8,-0.03929009622543927
67,7,9,0.06497252573856462
67,7,10,0.07580473444424306
67,8,1,-0.003070103703078464
67,8,2,-0.00787324342449082
67,8,3,0.028598280186046057
67,8,4,0.04543632596927461
67,8,5,0.0014454119703525149
67,8,6,0.07403736005878704
67,8,7,-0.006224416882135329
67,8,8,0.06369349933077591
67,8,9,0.07175642547318797
67,8,10,-0.02011693106628262
67,9,1,0.044944248237390315
67,9,2,0.04276675463917007
67,9,3,0.02844766851051494
67,9,4,-0.016550050505832796
67,9,5,0.0006274540856420282
67,9,6,0.06746148828090827
67,9,7,-0.007123837753321943
67,9,8,0.0636577045866918
67,9,9,-0.0036872811272051836
67,9,10,0.0789713196369387
67,10,1,0.04363944439657742
67,10,2,-0.015041308877038494
67,10,3,0.027159447637564005
67,10,4,0.03825193375691378
67,10,5,-0.006196748061472037
67,10,6,0.05873556136994422
67,10,7,0.04136337215736507
67,10,8,-0.022993788929953084
67,10,9,0.07030237704598408
67,10,10,-0.02685246105637915
67,11,1,0.04385612136055647
67,11,2,0.041731478036194404
67,11,3,-0.0013831831284703401
67,11,4,0.036214829633079544
67,11,5,-0.004976877312923009
67,11,6,0.05825777376132265
67,11,7,0.04160040136539151
67,11,8,0.05801271464154658
67,11,9,-0.008852947108512896
67,11,10,0.07725421589810438
67,12,1,-0.0034430946949845823
67,12,2,0.04291215861850127
67,12,3,0.004434949610287248
67,12,4,0.03794457529207195
67,12,5,0.12494798942456013
67,12,6,-0.027170305124840786
67,12,7,-0.0063816106062749125
67,12,8,-0.016893537760286563
67,12,9,-0.0030430479798704843
67,12,10,-0.01520881364671908
67,13,1,-0.051129548039420276
67,13,2,0.03246391390744732
67,13,3,0.07851885315259388
67,13,4,0.017631543697037684
67,13,5,0.11450502105880027
67,13,6,0.05167452427326452
67,13,7,0.03232902701754245
67,13,8,0.04747272142073001
67,13,9,-0.05073500198965158
67,13,10,-0.06286245691179754
67,14,1,0.0389059635459657
67,14,2,-0.02168587642193837
67,14,3,0.08541500062487234
67,14,4,0.0262982616070972
67,14,5,-0.027413631457941783
67,14,6,-0.03532488068499129
67,14,7,-0.02007639935512105
67,14,8,0.06199652321472331
67,14,9,-0.01668736271599799
67,14,10,-0.03945309015154556
67,15,1,0.03216676462725478
67,15,2,0.03231986259830255
67,15,3,0.07836717456083458
67,15,4,-0.06462638890705782
67,15,5,0.11435882128653335
67,15,6,0.0528862571630888
67,15,7,0.03217357466018361
67,15,8,-0.06107987576613732
67,15,9,-0.05149230486506096
67,15,10,0.06684322364237656
67,16,1,0.04027261367131334
67,16,2,-0.015290769746667267
67,16,3,-0.027221758448947673
67,16,4,0.06416148838827399
67,16,5,-0.021074631621363825
67,16,6,-0.029536466853006947
67,16,7,-0.013680071102997267
67,16,8,-0.024370059132710276
67,16,9,-0.010275272037580082
67,16,10,0.0713536768317982
67,17,1,0.02546306401717466
67,17,2,0.02531041143610351
67,17,3,0.07141632730051485
67,17,4,0.048090574737516836
67,17,5,-0.09680770066844019
67,17,6,0.047737978784992696
67,17,7,0.025235442283796646
67,17,8,0.04793918853722278
67,17,9,0.0390386667166952
67,17,10,0.049543772723250015
67,18,1,0.044779104224167164
67,18,2,0.02926279981853475
67,18,3,0.07531721867982015
67,18,4,0.05128199454862366
67,18,5,-0.07744223318265443
67,18,6,-0.08681843322492092
67,18,7,-0.07002261976616876
67,18,8,0.05084339230375463
67,18,9,0.042970830583112754
67,18,10,-0.0805130718079122
67,19,1,-0.07308227117673233
67,19,2,0.02832309395846409
67,19,3,-0.08819927132126576
67,19,4,-0.08661953759856457
67,19,5,0.10284930744350633
67,19,6,0.03997444876828444
67,19,7,0.018183274628860352
67,19,8,0.04916294553196846
67,19,9,0.04204370072730034
67,19,10,0.04448015133294804
67,20,1,0.017990044139992303
67,20,2,-0.04061545432417458
67,20,3,-0.05250626899014024
67,20,4,0.054209315242380436
67,20,5,-0.05101928817123616
67,20,6,0.03981565495740193
67,20,7,0.024921669744741706
67,20,8,-0.04845491323053802
67,20,9,0.04924084452931327
67,20,10,-0.05736393379139503
67,21,1,0.09639890584882863
67,21,2,0.027517839927804752
67,21,3,0.07363939427679192
67,21,4,0.04335626284451025
67,21,5,0.10193132817006424
67,21,6,0.01955975891454759
67,21,7,0.017056725968084864
67,21,8,0.04718007741010877
67,21,9,-0.0820852791839073
67,21,10,0.04159645814729362
67,22,1,0.10059416457933533
67,22,2,-0.05704662107465513
67,22,3,-0.06898076401093912
67,22,4,-0.07054122627938272
67,22,5,-0.06748533783345077
67,22,6,-0.06747525496589202
67,22,7,0.02111039033269636
67,22,8,-0.06492250647130036
67,22,9,0.024184375422763308
67,22,10,-0.06621624734260344
67,23,1,-0.1396051291578876
67,23,2,0.019475166183983324
67,23,3,0.06551628259143785
67,23,4,0.008775404842255271
67,23,5,0.09382901972884883
67,23,6,0.006459321337139712
67,23,7,0.008862589950122679
67,23,8,0.017533133683919185
67,23,9,0.011868947357475748
67,23,10,0.003967523321687544
67,24,1,0.018003999522008676
67,24,2,-0.058100305423427596
67,24,3,-0.07006593513986711
67,24,4,0.00572128356047695
67,24,5,-0.06862225649903002
67,24,6,-0.004886785398799404
67,24,7,0.017995465698029317
67,24,8,0.012135181215896844
67,24,9,0.01801472679189126
67,24,10,0.004827290986394681
68,1,1,-0.0056252863648626255
68,1,2,0.042444181143442436
68,1,3,0.0047803420506143555
68,1,4,0.025051227732459675
68,1,5,0.021366957937556545
68,1,6,0.023482163942076906
68,1,7,0.04233762684787492
68,1,8,0.01538418808418628
68,1,9,-0.07025269335450049
68,1,10,0.043595788626084646
68,2,1,-0.01916223410361958
68,2,2,0.03505524953532928
68,2,3,-0.012666777355402392
68,2,4,-0.02452268451423636
68,2,5,-0.014970855451214665
68,2,6,-0.01584977774063048
68,2,7,-0.02212734430090313
68,2,8,-0.027029470154420285
68,2,9,0.06376130162425014
68,2,10,-0.023717669502377893
68,3,1,-0.01595286733947509
68,3,2,0.03257858836181346
68,3,3,-0.004983022356473293
68,3,4,0.018714962337910136
68,3,5,-0.026619074020259682
68,3,6,-0.026252727070813473
68,3,7,0.03247650272260534
68,3,8,0.054022037438307004
68,3,9,0.06130405490704837
68,3,10,0.03420212066869481
68,4,1,0.039674708642069775
68,4,2,-0.012356170328980603
68,4,3,-0.0012716108839087418
68,4,4,-0.00941158751327966
68,4,5,-0.0029627311556037583
68,4,6,-0.00023193221719239521
68,4,7,0.03724709305993049
68,4,8,-0.009561078961611605
68,4,9,0.06605411973841878
68,4,10,-0.011267751506934782
68,5,1,0.039247483704198755
68,5,2,0.03696733590785985
68,5,3,-0.003175956124933595
68,5,4,-0.01326984814543374
68,5,5,0.14261978435757028
68,5,6,-0.0022425979619840235
68,5,7,0.036846689979020866
68,5,8,-0.017433789726465858
68,5,9,-0.009339796621371554
68,5,10,0.06096808621006422
68,6,1,0.04075316263267029
68,6,2,0.03847077916008117
68,6,3,0.006859135140880649
68,6,4,0.04604621538533578
68,6,5,0.0024347639830351094
68,6,6,0.010710370997674133
68,6,7,-0.005045541766599025
68,6,8,0.0624749072362938
68,6,9,-0.001726749032029684
68,6,10,0.07519464586002952
68,7,1,-0.04260975314732365
68,7,2,0.030049731114198203
68,7,3,0.014910042120560461
68,7,4,0.03446136626246438
68,7,5,-0.03810503125537241
68,7,6,0.06184416449384434
68,7,7,0.02995480531722352
68,7,8,-0.04536636617554494
68,7,9,0.05880422736830763
68,7,10,0.06952086044094327
68,8,1,-0.009070709384020449
68,8,2,-0.013875719868442509
68,8,3,0.022565651859144612
68,8,4,0.03929300099805768
68,8,5,-0.004554877691840278
68,8,6,0.06775363418224875
68,8,7,-0.012225973927869345
68,8,8,0.057516051418508886
68,8,9,0.06555114982020942
68,8,10,-0.026250690663509723
68,9,1,0.038863554560699495
68,9,2,0.03669383440011344
68,9,3,0.022415388799828982
68,9,4,-0.02264241764668514
68,9,5,-0.005372816080879556
68,9,6,0.061206303212334244
68,9,7,-0.01312587196707136
68,9,8,0.057480419694126955
68,9,9,-0.009687832353821904
68,9,10,0.07267051782525857
68,10,1,0.03756335689568729
68,10,2,-0.021050333158097224
68,10,3,0.02113002180903419
68,10,4,0.03212187707013743
68,10,5,-0.012198361629307753
68,10,6,0.05255057713172116
68,10,7,0.035295152836297285
68,10,8,-0.029035516857055427
68,10,9,0.06410533654814475
68,10,10,-0.032949192132512704
68,11,1,0.037779273250028125
68,11,2,0.0356620448969619
68,11,3,-0.007383272465583949
68,11,4,0.030087894274493675
68,11,5,-0.01097794443465264
68,11,6,0.052074732640993895
68,11,7,0.03553140045005121
68,11,8,0.051865908668578174
68,11,9,-0.014856078863140859
68,11,10,0.07096265165092804
68,12,1,-0.009443779366247575
68,12,2,0.03683874163623573
68,12,3,-0.00156586329237017
68,12,4,0.03181498858121943
68,12,5,0.11832550383274339
68,12,6,-0.03331868147874356
68,12,7,-0.012383244967697316
68,12,8,-0.022940840569191153
68,12,9,-0.009043425239445759
68,12,10,-0.021296834934118623
68,13,1,-0.057233919790887176
68,13,2,0.02642189462449028
68,13,3,0.07227305560285667
68,13,4,0.01152517544150167
68,13,5,0.10798222776013312
68,13,6,0.04551626340294193
68,13,7,0.026287348027893252
68,13,8,0.041369349958322636
68,13,9,-0.05683762472915785
68,13,10,-0.06906020014459355
68,14,1,0.03284544414753627
68,14,2,-0.027704630185617418
68,14,3,0.07912413271060999
68,14,4,0.0201837305888534
68,14,5,-0.033443689404877804
68,14,6,-0.04147872720205989
68,14,7,-0.02609247996437287
68,14,8,0.05582704364762371
68,14,9,-0.02269847170025253
68,14,10,-0.04559978076556002
68,15,1,0.026125348294239122
68,15,2,0.026278215424972093
68,15,3,0.07212232569781366
68,15,4,-0.07082399094323599
68,15,5,0.10783735899827789
68,15,6,0.0466761747441325
68,15,7,0.02613229557253752
68,15,8,-0.06724262477054917
68,15,9,-0.057598014453781314
68,15,10,0.06060048542707377
68,16,1,0.034207779929359305
68,16,2,-0.021300095522388058
68,16,3,-0.033251317480926
68,16,4,0.05795778170277993
68,16,5,-0.0270924357439331
68,16,6,-0.035644076202199115
68,16,7,-0.019687542462839283
68,16,8,-0.03042207188771021
68,16,9,-0.016279488454968283
68,16,10,0.06509132231216157
68,17,1,0.019437065651653852
68,17,2,0.01928486696107746
68,17,3,0.06521298359807888
68,17,4,0.04194061846192996
68,17,5,-0.10318141624935633
68,17,6,0.041538740325675755
68,17,7,0.01921004242620283
68,17,8,0.04182598629118449
68,17,9,0.03297790212173456
68,17,10,0.04339873146989816
68,18,1,0.038698996104933554
68,18,2,0.023228657167409014
68,18,3,0.06909105617732396
68,18,4,0.045123802312955
68,18,5,-0.08368142090622223
68,18,6,-0.09316571053787111
68,18,7,-0.0762180986067565
68,18,8,0.04472034800743951
68,18,9,0.036897211965475005
68,18,10,-0.08680732935342542
68,19,1,-0.07929534133441689
68,19,2,0.022291108653832725
68,19,3,-0.0945094087655837
68,19,4,-0.09294511945471126
68,19,5,0.09642750716927609
68,19,6,0.03378840480001818
68,19,7,0.012170084462135078
68,19,8,0.04304571850618751
68,19,9,0.03597322436559791
68,19,10,0.038350561028779435
68,20,1,0.011976954581234081
68,20,2,-0.04668122208478543
68,20,3,-0.058616192221368546
68,20,4,0.04804241461867726
68,20,5,-0.05712315581608897
68,20,6,0.03369033159356067
68,20,7,0.018896902149825198
68,20,8,-0.05456437644346283
68,20,9,0.04314417681568958
68,20,10,-0.06355368935157359
68,21,1,0.09002815589996298
68,21,2,0.021487644433643056
68,21,3,0.06742319451746949
68,21,4,0.03721645677102735
68,21,5,0.0955170220828445
68,21,6,0.013460971459576627
68,21,7,0.011045113487419397
68,21,8,0.0410687665460407
68,21,9,-0.08835390498654476
68,21,10,0.035420491925698974
68,22,1,0.09419046934896909
68,22,2,-0.06317636164298503
68,22,3,-0.07517047606139632
68,22,4,-0.07676901912178115
68,22,5,-0.07366699495489261
68,22,6,-0.07370036266613453
68,22,7,0.015092612326995545
68,22,8,-0.07110426362123964
68,22,9,0.0181610499018277
68,22,10,-0.07243019034844349
68,23,1,-0.146382378227285
68,23,2,0.013460037199803286
68,23,3,0.05934514642299158
68,23,4,0.002674470997099707
68,23,5,0.08747794727048548
68,23,6,0.0003655456762877375
68,23,7,0.0028594359848081786
68,23,8,0.011496470348877477
68,23,9,0.005863322770698998
68,23,10,-0.0021180164804475094
68,24,1,0.011990527681457438
68,24,2,-0.06423488583498083
68,24,3,-0.07626166512693788
68,24,4,-0.00037833705862251366
68,24,5,-0.07481009017041094
68,24,6,-0.011036925781197256
68,24,7,0.011982535022774615
68,24,8,0.006079431556166291
68,24,9,0.012001774603412113
68,24,10,-0.0013139129213792023
69,1,1,0.006001856475323119
69,1,2,0.0060014478095804175
69,1,3,0.006001476293566977
69,1,4,0.006099308480472019
69,1,5,0.00600168582020543
69,1,6,0.006004691772252984
69,1,7,0.00600146177507895
69,1,8,0.006052027665435739
69,1,9,0.006001453670709982
69,1,10,0.006140902546763933
69,2,1,0.006001856398376101
69,2,2,0.006001447806752161
69,2,3,0.006001476308873051
69,2,4,0.0060991586403441106
69,2,5,0.006001685707887672
69,2,6,0.00600468881365521
69,2,7,0.006001461770468812
69,2,8,0.006052144072938875
69,2,9,0.006001453694022135
69,2,10,0.006141049234041423
69,3,1,0.006001856367390128
69,3,2,0.006001447810533928
69,3,3,0.006001476308060326
69,3,4,0.0060991448295614585
69,3,5,0.006001685740997325
69,3,6,0.006004686489156731
69,3,7,0.006001461771990383
69,3,8,0.006052191269812907
69,3,9,0.0060014536990934805
69,3,10,0.006141097083712997
69,4,1,0.006001856336745473
69,4,2,0.006001447803410762
69,4,3,0.006001476310622358
69,4,4,0.006099202669119576
69,4,5,0.006001685694479053
69,4,6,0.006004684128205345
69,4,7,0.006001461772295069
69,4,8,0.006052201411193493
69,4,9,0.006001453696867128
69,4,10,0.006141152491163888
69,5,1,0.006001856275117359
69,5,2,0.00600144780032495
69,5,3,0.006001476316327781
69,5,4,0.006099239906122102
69,5,5,0.006001685586229585
69,5,6,0.006004681749083277
69,5,7,0.006001461774821454
69,5,8,0.00605219827004085
69,5,9,0.0060014537006293925
69,5,10,0.0061411611221045565
69,6,1,0.006001856236092156
69,6,2,0.0060014478053918895
69,6,3,0.006001476317500339
69,6,4,0.006099396731170125
69,6,5,0.006001685524253817
69,6,6,0.0060046513364355805
69,6,7,0.006001461773577238
69,6,8,0.006052212795892264
69,6,9,0.006001453700521906
69,6,10,0.006141173233263409
69,7,1,0.006001856240621871
69,7,2,0.006001447810136222
69,7,3,0.006001476389425368
69,7,4,0.0060994288748809
69,7,5,0.006001685522868508
69,7,6,0.00615418600820532
69,7,7,0.006001461773348383
69,7,8,0.006052210794076633
69,7,9,0.006001453702534274
69,7,10,0.006141186399054332
69,8,1,0.006001856225585261
69,8,2,0.006001447803779682
69,8,3,0.006001476392840456
69,8,4,0.006099468315465388
69,8,5,0.00600168556069831
69,8,6,0.006154379073688819
69,8,7,0.0060014617739679
69,8,8,0.006052266505170962
69,8,9,0.006001453706226275
69,8,10,0.00614129234870989
69,9,1,0.006001856193880089
69,9,2,0.006001447808965086
69,9,3,0.006001476400188171
69,9,4,0.006099539592305295
69,9,5,0.00600168557665881
69,9,6,0.00615445772099087
69,9,7,0.006001461775705997
69,9,8,0.006052292028038184
69,9,9,0.006001453704230869
69,9,10,0.0061413638389230946
69,10,1,0.0060018562960428585
69,10,2,0.00600144780614644
69,10,3,0.006001476396454993
69,10,4,0.006099594068277006
69,10,5,0.006001685574947715
69,10,6,0.006154534739530999
69,10,7,0.006001461783825586
69,10,8,0.00605232131996139
69,10,9,0.006001453706054678
69,10,10,0.0061414374009060605
69,11,1,0.0060018563239356195
69,11,2,0.0060014478154705045
69,11,3,0.006001476402773154
69,11,4,0.006099635555860981
69,11,5,0.006001685542924338
69,11,6,0.006154641788941194
69,11,7,0.006001461777774398
69,11,8,0.006052344071658322
69,11,9,0.0060014537117782235
69,11,10,0.006141506523513442
69,12,1,0.0060018563292763135
69,12,2,0.006001447811465347
69,12,3,0.006001476410923377
69,12,4,0.006099654704534341
69,12,5,0.006001687097178254
69,12,6,0.006154663355753778
69,12,7,0.006001461785005678
69,12,8,0.006052360133489636
69,12,9,0.006001453713493504
69,12,10,0.006141509600941793
69,13,1,0.006001856340030014
69,13,2,0.006001447809520182
69,13,3,0.006001479053411727
69,13,4,0.00609968331830243
69,13,5,0.006001686878656476
69,13,6,0.006154652956571304
69,13,7,0.006001461776930683
69,13,8,0.0060523518993473545
69,13,9,0.0060014537166528485
69,13,10,0.006141431452102308
69,14,1,0.006001856393226156
69,14,2,0.006001447809962857
69,14,3,0.00600147905415087
69,14,4,0.006099739172179453
69,14,5,0.006001686872282495
69,14,6,0.006154620179607945
69,14,7,0.00600146177794923
69,14,8,0.006052364191393094
69,14,9,0.0060014537087458245
69,14,10,0.006141472674030275
69,15,1,0.006001856131153367
69,15,2,0.006001447801916034
69,15,3,0.006001479055739322
69,15,4,0.006099711525358482
69,15,5,0.0060016868469022775
69,15,6,0.0061546065388874615
69,15,7,0.006001461775055673
69,15,8,0.006052339681873268
69,15,9,0.006001453709550867
69,15,10,0.006141495772990509
69,16,1,0.006001856068392963
69,16,2,0.006001447804930313
69,16,3,0.0060014790588191255
69,16,4,0.006099808988855194
69,16,5,0.0060016867408989516
69,16,6,0.006154409138441588
69,16,7,0.006001461774226157
69,16,8,0.006052345033053625
69,16,9,0.006001453708308475
69,16,10,0.006141500215869286
69,17,1,0.006001856005610663
69,17,2,0.006001447796216106
69,17,3,0.006001479056972144
69,17,4,0.006099830118767452
69,17,5,0.00600168670228741
69,17,6,0.006154467212780538
69,17,7,0.006001461769796064
69,17,8,0.006052306524399827
69,17,9,0.006001453776669702
69,17,10,0.006141328798434045
69,18,1,0.006001856016678112
69,18,2,0.0060014477964912905
69,18,3,0.006001479057679363
69,18,4,0.006099756619145595
69,18,5,0.006001686669371356
69,18,6,0.006154543171485631
69,18,7,0.006001461766515731
69,18,8,0.006052318984326864
69,18,9,0.006001453775331218
69,18,10,0.006141347292227577
69,19,1,0.006001855732225843
69,19,2,0.0060014478034407254
69,19,3,0.0060014790556505715
69,19,4,0.006099784462139517
69,19,5,0.006001687152944493
69,19,6,0.00615461735239695
69,19,7,0.006001461820771578
69,19,8,0.006052329597188268
69,19,9,0.006001453777578488
69,19,10,0.006141385191251157
69,20,1,0.006001860504676352
69,20,2,0.006001447799401004
69,20,3,0.006001479050494529
69,20,4,0.006099862548133543
69,20,5,0.006001687139781683
69,20,6,0.0061547095304549
69,20,7,0.00600146181638196
69,20,8,0.006052346137688339
69,20,9,0.006001453780352319
69,20,10,0.006141528113969918
69,21,1,0.006002359749494351
69,21,2,0.006001447801785524
69,21,3,0.006001479055584631
69,21,4,0.006099929878012588
69,21,5,0.006001687144311231
69,21,6,0.0061548236794616434
69,21,7,0.006001461819622491
69,21,8,0.006052372746575918
69,21,9,0.006001453781601226
69,21,10,0.006141617697855163
69,22,1,0.006002360170333548
69,22,2,0.0060014478019266545
69,22,3,0.0060014790473492
69,22,4,0.006100002799604271
69,22,5,0.0060016871791719
69,22,6,0.006154966277698553
69,22,7,0.0060014618231547445
69,22,8,0.006052402505820286
69,22,9,0.006001453870074303
69,22,10,0.006141726843260933
69,23,1,0.006002360726499447
69,23,2,0.006001447806839954
69,23,3,0.0060014790611137925
69,23,4,0.006100228530277091
69,23,5,0.006001687195738411
69,23,6,0.006155206223031457
69,23,7,0.00600146182585075
69,23,8,0.006052579822829846
69,23,9,0.006001453876633789
69,23,10,0.006141993650417311
69,24,1,0.006002390402844428
69,24,2,0.006001447820368086
69,24,3,0.00600147905408329
69,24,4,0.006100636541453078
69,24,5,0.006001687376733587
69,24,6,0.006155701066681439
69,24,7,0.006001461836099758
69,24,8,0.006052762378411231
69,24,9,0.00600145390602498
69,24,10,0.006142602409166847
70,1,1,0.09056468948886742
70,1,2,0.09056347862269853
70,1,3,0.09056357094228205
70,1,4,0.09078479028219505
70,1,5,0.09056426810212502
70,1,6,0.09056995493371607
70,1,7,0.09056352059046939
70,1,8,0.09067001768054349
70,1,9,0.0905634948492316
70,1,10,0.09088821644000457
70,2,1,0.09056469273325506
70,2,2,0.09056347858322333
70,2,3,0.09056357097192973
70,2,4,0.09078347792408993
70,2,5,0.09056426077438154
70,2,6,0.09056988108925174
70,2,7,0.090563519759657
70,2,8,0.09067107391156722
70,2,9,0.09056349642196053
70,2,10,0.09088968663280539
70,3,1,0.09056468844337061
70,3,2,0.09056347854186586
70,3,3,0.09056357075453864
70,3,4,0.09078133284002028
70,3,5,0.09056425926299914
70,3,6,0.09056987468342327
70,3,7,0.09056352042133263
70,3,8,0.09067157867808881
70,3,9,0.0905634964041432
70,3,10,0.0908884347838261
70,4,1,0.09056470197407325
70,4,2,0.09056347835330124
70,4,3,0.09056357127088577
70,4,4,0.09078384030025283
70,4,5,0.09056426201199767
70,4,6,0.09056989811307826
70,4,7,0.09056352048028274
70,4,8,0.09067121423519517
70,4,9,0.09056349643983126
70,4,10,0.09089103149060936
70,5,1,0.0905647027389644
70,5,2,0.09056347857774746
70,5,3,0.0905635712523769
70,5,4,0.09078435557722249
70,5,5,0.09056428153594663
70,5,6,0.09056989946821398
70,5,7,0.090563520496282
70,5,8,0.09067146915140728
70,5,9,0.09056349588620621
70,5,10,0.09089165507510391
70,6,1,0.0905647029217744
70,6,2,0.09056347861979004
70,6,3,0.09056357156208678
70,6,4,0.09078346620000062
70,6,5,0.09056426350032096
70,6,6,0.09056984191780973
70,6,7,0.0905635200390266
70,6,8,0.09067179217172419
70,6,9,0.09056349598450388
70,6,10,0.09089192015539577
70,7,1,0.09056468843093898
70,7,2,0.09056347854750584
70,7,3,0.0905635716274239
70,7,4,0.09078327576525629
70,7,5,0.0905642570054082
70,7,6,0.09092494861902102
70,7,7,0.09056352039201909
70,7,8,0.09067070788706906
70,7,9,0.09056349637571262
70,7,10,0.09089154947306334
70,8,1,0.09056469620974741
70,8,2,0.09056347835845421
70,8,3,0.09056357185539152
70,8,4,0.09078362643211985
70,8,5,0.09056426211326718
70,8,6,0.09092602439375488
70,8,7,0.09056351998684932
70,8,8,0.09067184595326692
70,8,9,0.09056349645925776
70,8,10,0.09089179448213779
70,9,1,0.09056470282978739
70,9,2,0.090563478579653
70,9,3,0.09056357186553075
70,9,4,0.09078497396186855
70,9,5,0.09056426179072631
70,9,6,0.0909263828956182
70,9,7,0.09056351994122408
70,9,8,0.09067184896627085
70,9,9,0.0905634958939707
70,9,10,0.09089226866106873
70,10,1,0.0905647025387412
70,10,2,0.0905634782926477
70,10,3,0.09056357185453352
70,10,4,0.0907838216125944
70,10,5,0.09056426122617157
70,10,6,0.0909265175954386
70,10,7,0.0905635205011499
70,10,8,0.09067119965690616
70,10,9,0.09056349644770614
70,10,10,0.09089096587281463
70,11,1,0.09056470258021096
70,11,2,0.09056347857074418
70,11,3,0.09056357157527241
70,11,4,0.09078395709724689
70,11,5,0.09056426103457622
70,11,6,0.0909266995733258
70,11,7,0.09056352052755795
70,11,8,0.0906722361958483
70,11,9,0.09056349584526646
70,11,10,0.09089247410967952
70,12,1,0.09056469619558093
70,12,2,0.09056347858890859
70,12,3,0.09056357175354549
70,12,4,0.09078412886422979
70,12,5,0.09056428515571967
70,12,6,0.09092563267077787
70,12,7,0.09056351989572116
70,12,8,0.09067157235119021
70,12,9,0.09056349591645202
70,12,10,0.09089118321532798
70,13,1,0.09056468344969845
70,13,2,0.09056347849692221
70,13,3,0.09056358321408484
70,13,4,0.09078384930415773
70,13,5,0.09056428273784002
70,13,6,0.09092612088062721
70,13,7,0.09056352034106045
70,13,8,0.09067201877402627
70,13,9,0.09056349539372333
70,13,10,0.0908887016185599
70,14,1,0.09056470240271046
70,14,2,0.0905634784410693
70,14,3,0.09056358346560954
70,14,4,0.09078426914231057
70,14,5,0.09056426140475006
70,14,6,0.09092565310189496
70,14,7,0.09056351972490623
70,14,8,0.09067225528714741
70,14,9,0.09056349578879479
70,14,10,0.0908909951268281
70,15,1,0.09056470192470027
70,15,2,0.09056347850674125
70,15,3,0.09056358323258355
70,15,4,0.09078308576399564
70,15,5,0.09056428294853346
70,15,6,0.09092639496427625
70,15,7,0.0905635203516718
70,15,8,0.09067049036226692
70,15,9,0.09056349538303526
70,15,10,0.09089235676230581
70,16,1,0.0905647045905116
70,16,2,0.09056347848449574
70,16,3,0.09056358037756151
70,16,4,0.0907864580456875
70,16,5,0.09056426271025345
70,16,6,0.09092575604200816
70,16,7,0.09056351982903618
70,16,8,0.09067152829622784
70,16,9,0.09056349586905964
70,16,10,0.09089299155589985
70,17,1,0.09056470061724768
70,17,2,0.09056347846418185
70,17,3,0.09056358303691403
70,17,4,0.09078580304099859
70,17,5,0.09056425022373395
70,17,6,0.09092658468580468
70,17,7,0.09056352027735678
70,17,8,0.09067195465079049
70,17,9,0.090563496481025
70,17,10,0.09089234389197298
70,18,1,0.09056470605863878
70,18,2,0.09056347849917361
70,18,3,0.09056358319058522
70,18,4,0.09078615253502482
70,18,5,0.09056425375693102
70,18,6,0.09092246088015364
70,18,7,0.09056351901699644
70,18,8,0.09067206940242273
70,18,9,0.0905634965545108
70,18,10,0.09088731415613822
70,19,1,0.09056467942915397
70,19,2,0.0905634784780858
70,19,3,0.09056357874796306
70,19,4,0.0907824382708745
70,19,5,0.09056428273470477
70,19,6,0.0909272760893785
70,19,7,0.09056352035183719
70,19,8,0.0906720646568328
70,19,9,0.09056349653502177
70,19,10,0.09089243537520522
70,20,1,0.09056471129575035
70,20,2,0.09056347834107362
70,20,3,0.09056357979149211
70,20,4,0.09078661201149729
70,20,5,0.09056425952224999
70,20,6,0.09092792757763773
70,20,7,0.09056352046839496
70,20,8,0.09067110360847325
70,20,9,0.09056349662606145
70,20,10,0.09089134741830884
70,21,1,0.0905658540716136
70,21,2,0.09056347848366131
70,21,3,0.09056358303288736
70,21,4,0.0907862827013291
70,21,5,0.090564282520229
70,21,6,0.09092712454648533
70,21,7,0.09056352035366382
70,21,8,0.09067211975247548
70,21,9,0.09056349524996365
70,21,10,0.09089247010536584
70,22,1,0.09056585763549299
70,22,2,0.09056347825014302
70,22,3,0.0905635793107023
70,22,4,0.09078381171260472
70,22,5,0.09056425677923981
70,22,6,0.09092423704049471
70,22,7,0.09056352044309463
70,22,8,0.09067067831548926
70,22,9,0.09056349663246911
70,22,10,0.090889486990299
70,23,1,0.09056574630370395
70,23,2,0.09056347875069759
70,23,3,0.09056358287357931
70,23,4,0.0907864034485757
70,23,5,0.09056428142404659
70,23,6,0.09092790456057934
70,23,7,0.0905635202818742
70,23,8,0.09067206001743554
70,23,9,0.09056349654055089
70,23,10,0.09089280831970344
70,24,1,0.09056588026779934
70,24,2,0.09056347820216486
70,24,3,0.09056357920560905
70,24,4,0.09078760112431661
70,24,5,0.0905642565308542
70,24,6,0.09092951474878043
70,24,7,0.09056352049488185
70,24,8,0.09067262915279745
70,24,9,0.09056349675544813
70,24,10,0.09089517548619025
71,1,1,-0.08469352399141893
71,1,2,-0.019330321441009875
71,1,3,-0.08647576574877747
71,1,4,-0.06818624316496881
71,1,5,-0.06381748212632853
71,1,6,-0.06595195535080031
71,1,7,-0.02288327438848907
71,1,8,-0.0783123915172389
71,1,9,-0.13755580962570066
71,1,10,-0.04878660674030489
71,2,1,-0.08209041831372058
71,2,2,-0.009933913460962913
71,2,3,-0.08857350474298513
71,2,4,-0.07745440880228771
71,2,5,-0.08627374587550748
71,2,6,-0.08540885371549699
71,2,7,-0.07912939175817618
71,2,8,-0.07455861248739994
71,2,9,0.012488213301204025
71,2,10,-0.078514220860419
71,3,1,-0.07338377052722357
71,3,2,-0.00800101072274117
71,3,3,-0.07539162459583652
71,3,4,-0.05458861168174083
71,3,5,-0.09609620545255812
71,3,6,-0.09647222127655064
71,3,7,-0.011607883000377125
71,3,8,0.00438583237517325
71,3,9,0.014432699117436151
71,3,10,-0.026757820706580792
71,4,1,-0.020649118691922576
71,4,2,-0.06887427641230422
71,4,3,-0.0799542166106091
71,4,4,-0.07252811057236681
71,4,5,-0.07826411352106044
71,4,6,-0.08100810661318585
71,4,7,-0.015328768536564825
71,4,8,-0.07196554878889924
71,4,9,0.010675927024062882
71,4,10,-0.07102519118203672
71,5,1,-0.020372170987316345
71,5,2,-0.011405565142767412
71,5,3,-0.08154778428666865
71,5,4,-0.07217193254241774
71,5,5,0.09153628682177904
71,5,6,-0.0824956963269061
71,5,7,-0.015057556011889302
71,5,8,-0.0676277495050068
71,5,9,-0.07538560776239425
71,5,10,0.008890814640851024
71,6,1,-0.02125903310010369
71,6,2,-0.012281093107367268
71,6,3,-0.07800977482386913
71,6,4,-0.03218546620809961
71,6,5,-0.07358174644125307
71,6,6,-0.08188080285627145
71,6,7,-0.066097907960467
71,6,8,-0.004633264962653295
71,6,9,-0.06941644474500264
71,6,10,0.005893173293089557
71,7,1,-0.09607473853972329
71,7,2,-0.0021269019773460384
71,7,3,-0.03910307097489936
71,7,4,-0.01690888573166576
71,7,5,-0.10055739946235158
71,7,6,0.030509259781967394
71,7,7,-0.005813790203495851
71,7,8,-0.09364276962901046
71,7,9,0.020326106820676988
71,7,10,0.017062212994625885
71,8,1,-0.07018588597524832
71,8,2,-0.0653836305794238
71,8,3,-0.05055339412145018
71,8,4,-0.030356569028645478
71,8,5,-0.0746985651442876
71,8,6,0.013291354113985018
71,8,7,-0.06703115471701604
71,8,8,-0.004186249902856639
71,8,9,0.015383211515906842
71,8,10,-0.05407773147464608
71,9,1,-0.01584463048841865
71,9,2,-0.00690143896729093
71,9,3,-0.05040963790243352
71,9,4,-0.05887007510500239
71,9,5,-0.07541979990387832
71,9,6,0.005396059166227132
71,9,7,-0.0676712806028813
71,9,8,-0.0018331581340706804
71,9,9,-0.07110534954539248
71,9,10,0.006842084347238763
71,10,1,-0.014850060982589825
71,10,2,-0.07089868646686527
71,10,3,-0.04942434901909838
71,10,4,-0.02416143369752156
71,10,5,-0.07973684979245799
71,10,6,0.012981639591970663
71,10,7,-0.009600848233233676
71,10,8,-0.0632141620841019
71,10,9,0.01654853968110698
71,10,10,-0.059993563605515506
71,11,1,-0.014997924764535632
71,11,2,-0.00612851948328687
71,11,3,-0.08246761664487674
71,11,4,-0.024966889499930523
71,11,5,-0.07887699129426028
71,11,6,0.006810329990863388
71,11,7,-0.00979156407791857
71,11,8,0.004995655228668391
71,11,9,-0.0750018480628322
71,11,10,0.008022179620072841
71,12,1,-0.07018709364118676
71,12,2,-0.007054641437711511
71,12,3,-0.07806030956253512
71,12,4,-0.025338932556163755
71,12,5,0.10011213874886687
71,12,6,-0.04750696348633232
71,12,7,-0.06724801433407122
71,12,8,-0.05701536593217059
71,12,9,-0.07058425693725041
71,12,10,-0.05931666645383675
71,13,1,-0.08836756937877298
71,13,2,0.017875303920119736
71,13,3,0.09682049005109394
71,13,4,9.2481101805985e-5
71,13,5,0.12523653235536947
71,13,6,0.04504708350771013
71,13,7,0.014236693387257441
71,13,8,0.03547414560437441
71,13,9,-0.08875845918204205
71,13,10,-0.07765334147757866
71,14,1,0.005168199973883732
71,14,2,-0.057843229334094345
71,14,3,0.09135758085994732
71,14,4,-0.0034244702901309117
71,14,5,-0.052128731648771826
71,14,6,-0.04524833977102501
71,14,7,-0.05944996280621147
71,14,8,0.029823544347337617
71,14,9,-0.06283358814138584
71,14,10,-0.04102218386923644
71,15,1,0.011606183185845328
71,15,2,0.017978115500908817
71,15,3,0.09694501734304707
71,15,4,-0.07686325834035128
71,15,5,0.12542888787673243
71,15,6,0.03762832726983235
71,15,7,0.01438319425926902
71,15,8,-0.08004011980755862
71,15,9,-0.0892968366945419
71,15,10,0.04351951199595576
71,16,1,0.003705019557528117
71,16,2,-0.05300922030410579
71,16,3,-0.04110175947300798
71,16,4,0.04442621142663628
71,16,5,-0.047237001320658244
71,16,6,-0.03975355965509602
71,16,7,-0.05461765632639943
71,16,8,-0.04422110484483559
71,16,9,-0.05801803873496436
71,16,10,0.03330782553208292
71,17,1,0.016013697958398066
71,17,2,0.023426458747408875
71,17,3,0.10242337488922101
71,17,4,0.05837294027302098
71,17,5,-0.10466833578701257
71,17,6,0.03399042646125977
71,17,7,0.01962414271139987
71,17,8,0.03893544889646224
71,17,9,0.04852894233845623
71,17,10,0.04267135882050613
71,18,1,0.031394235608176176
71,18,2,0.02047401202985213
71,18,3,0.09939317702255777
71,18,4,0.058239149651541706
71,18,5,-0.08991459808208521
71,18,6,-0.08158302755000046
71,18,7,-0.09730088272872843
71,18,8,0.03725342547895089
71,18,9,0.04555151882482228
71,18,10,-0.08774672786488469
71,19,1,-0.10235706127487999
71,19,2,0.021217701612507568
71,19,3,-0.08730848159188927
71,19,4,-0.08950691721789217
71,19,5,0.12994964396085165
71,19,6,0.0380757789606091
71,19,7,0.01924636053404795
71,19,8,0.03861116060843779
71,19,9,0.046271395247366155
71,19,10,0.03999214277532743
71,20,1,0.006300346587450281
71,20,2,-0.07170322908601082
71,20,3,-0.059849974923074464
71,20,4,0.052920691184842446
71,20,5,-0.061333123520432055
71,20,6,0.03549805983006932
71,20,7,0.014052937852645721
71,20,8,-0.0641764724545587
71,20,9,0.04094872170518821
71,20,10,-0.05591249024616728
71,21,1,0.15869669806091496
71,21,2,0.032360141560325156
71,21,3,0.1114409087396376
71,21,4,0.0650444339149608
71,21,5,0.141198915914636
71,21,6,0.03498732734097911
71,21,7,0.03043534031936013
71,21,8,0.04682768515783629
71,21,9,-0.08475787771140628
71,21,10,0.04701688730700263
71,22,1,0.1554767900558798
71,22,2,-0.07302274263053879
71,22,3,-0.061137354012055146
71,22,4,-0.0602276855703873
71,22,5,-0.06262746403325158
71,22,6,-0.06368707999809424
71,22,7,0.02736405845502733
71,22,8,-0.0654843911873096
71,22,9,0.057965173034361404
71,22,10,-0.06483735744570324
71,23,1,-0.09775539813630418
71,23,2,0.0385563145075495
71,23,3,0.11769515542065495
71,23,4,0.062244220713136456
71,23,5,0.14754108419374373
71,23,6,0.043576295262658306
71,23,7,0.03667323419799347
71,23,8,0.0531997753487771
71,23,9,0.06728138929697033
71,23,10,0.0377627730030182
71,24,1,0.052308708264180395
71,24,2,-0.07184968100543226
71,24,3,-0.05993387156077451
71,24,4,0.04344352130383884
71,24,5,-0.06137236135779991
71,24,6,0.03235986477439503
71,24,7,0.029920422161848377
71,24,8,0.04375141186812002
71,24,9,0.05231004569772633
71,24,10,0.037087657367339696
72,1,1,0.06023730199047337
72,1,2,0.06023649678754919
72,1,3,0.0602365588463184
72,1,4,0.06039012211315516
72,1,5,0.060237021649843674
72,1,6,0.06024072717521798
72,1,7,0.06023652497719358
72,1,8,0.0603096167433552
72,1,9,0.0602365078329713
72,1,10,0.06046244127273121
72,2,1,0.06023730399273773
72,2,2,0.0602364967548072
72,2,3,0.06023655887181722
72,2,4,0.060389088409916365
72,2,5,0.060237016687272056
72,2,6,0.0602406777229945
72,2,7,0.060236524428716236
72,2,8,0.06031033975986414
72,2,9,0.060236508896057646
72,2,10,0.060463422752250945
72,3,1,0.06023730128019393
72,3,2,0.060236496735919985
72,3,3,0.0602365587254278
72,3,4,0.06038762343193213
72,3,5,0.06023701581747643
72,3,6,0.06024067442560661
72,3,7,0.06023652485822943
72,3,8,0.06031070909826782
72,3,9,0.060236508883369254
72,3,10,0.060462596320806354
72,4,1,0.06023731023286508
72,4,2,0.060236496611868924
72,4,3,0.06023655906962314
72,4,4,0.06038934839194188
72,4,5,0.06023701752941331
72,4,6,0.060240688754815426
72,4,7,0.06023652490220958
72,4,8,0.06031044239460678
72,4,9,0.06023650890353296
72,4,10,0.06046434157218705
72,5,1,0.06023731072404291
72,5,2,0.060236496747768375
72,5,3,0.06023655905309654
72,5,4,0.060389710162024456
72,5,5,0.0602370306571583
72,5,6,0.06024068938117859
72,5,7,0.06023652491461778
72,5,8,0.0603106200472483
72,5,9,0.06023650853258718
72,5,10,0.060464843310822115
72,6,1,0.06023731084412923
72,6,2,0.06023649677786851
72,6,3,0.06023655926293194
72,6,4,0.06038912185751719
72,6,5,0.060237018537403805
72,6,6,0.06024064695460108
72,6,7,0.060236524610174993
72,6,8,0.06031085883144166
72,6,9,0.06023650860800813
72,6,10,0.060465039638794765
72,7,1,0.06023730115094272
72,7,2,0.060236496734478194
72,7,3,0.06023655931126315
72,7,4,0.060388993045113824
72,7,5,0.060237014258650794
72,7,6,0.06048800218876445
72,7,7,0.06023652485194823
72,7,8,0.060310096062978935
72,7,9,0.06023650886660963
72,7,10,0.06046477793999806
72,8,1,0.060237306263416154
72,8,2,0.06023649661178865
72,8,3,0.06023655946332198
72,8,4,0.06038923938622321
72,8,5,0.06023701763573834
72,8,6,0.060488735342905886
72,8,7,0.0602365245653033
72,8,8,0.06031089413895929
72,8,9,0.06023650892239272
72,8,10,0.06046489789650081
72,9,1,0.06023731077517657
72,9,2,0.060236496752168654
72,9,3,0.060236559473781946
72,9,4,0.06039013746477836
72,9,5,0.060237017393669816
72,9,6,0.06048898588978584
72,9,7,0.060236524547541886
72,9,8,0.06031089871970313
72,9,9,0.060236508551769784
72,9,10,0.060465282289600984
72,10,1,0.06023731059640204
72,10,2,0.06023649655620309
72,10,3,0.06023655946065939
72,10,4,0.06038937247887617
72,10,5,0.06023701701690347
72,10,6,0.060489099186877254
72,10,7,0.06023652491350508
72,10,8,0.060310432678058114
72,10,9,0.06023650891746128
72,10,10,0.06046432000344508
72,11,1,0.06023731062227262
72,11,2,0.060236496756443145
72,11,3,0.06023655928297468
72,11,4,0.06038947012269429
72,11,5,0.060237016879112225
72,11,6,0.06048922164677447
72,11,7,0.060236524943542105
72,11,8,0.060311168323804835
72,11,9,0.060236508512166956
72,11,10,0.0604654289155678
72,12,1,0.06023730625560192
72,12,2,0.06023649676604596
72,12,3,0.060236559403312184
72,12,4,0.060389593164606584
72,12,5,0.06023703299936382
72,12,6,0.060488420163172935
72,12,7,0.060236524512265244
72,12,8,0.060310685984145775
72,12,9,0.060236508565193386
72,12,10,0.06046448627415258
72,13,1,0.06023729780170834
72,13,2,0.060236496697462207
72,13,3,0.06023656710529968
72,13,4,0.06038939814619335
72,13,5,0.060237031388765044
72,13,6,0.060488808046410346
72,13,7,0.060236524818007016
72,13,8,0.060311015399077024
72,13,9,0.06023650821313832
72,13,10,0.06046273039350846
72,14,1,0.06023731049782477
72,14,2,0.06023649673217399
72,14,3,0.060236567274049226
72,14,4,0.06038968852780774
72,14,5,0.060237017121138325
72,14,6,0.06048842408509546
72,14,7,0.06023652439460981
72,14,8,0.0603111787964826
72,14,9,0.06023650847348612
72,14,10,0.060464346069263195
72,15,1,0.060237310135951065
72,15,2,0.06023649670348235
72,15,3,0.060236567112921184
72,15,4,0.06038882592451476
72,15,5,0.060237031517669085
72,15,6,0.060489009787733805
72,15,7,0.06023652481386436
72,15,8,0.06030993131061976
72,15,9,0.06023650820293777
72,15,10,0.060465353247474825
72,16,1,0.060237311884762654
72,16,2,0.06023649675662838
72,16,3,0.060236565190929334
72,16,4,0.06039121927236028
72,16,5,0.060237017985328274
72,16,6,0.06048851078507879
72,16,7,0.06023652446096892
72,16,8,0.0603106571112916
72,16,9,0.06023650852422524
72,16,10,0.06046580152551277
72,17,1,0.06023730927050033
72,17,2,0.060236496676191076
72,17,3,0.060236566985483464
72,17,4,0.060390755184893716
72,17,5,0.06023700970170127
72,17,6,0.06048914108549444
72,17,7,0.060236524764629255
72,17,8,0.06031097020642559
72,17,9,0.06023650893836309
72,17,10,0.06046534538854014
72,18,1,0.060237312891087254
72,18,2,0.06023649670043893
72,18,3,0.060236567094270284
72,18,4,0.06039099880251154
72,18,5,0.060237012055250706
72,18,6,0.06048620174295227
72,18,7,0.060236523916259894
72,18,8,0.0603110510696946
72,18,9,0.06023650898590945
72,18,10,0.060461772755365954
72,19,1,0.06023729513971876
72,19,2,0.06023649669101892
72,19,3,0.060236564090814806
72,19,4,0.06038836732322278
72,19,5,0.06023703137847489
72,19,6,0.06048961825230032
72,19,7,0.060236524816693365
72,19,8,0.06031104666501636
72,19,9,0.06023650898390838
72,19,10,0.060465410803472515
72,20,1,0.06023731630460761
72,20,2,0.060236496668412416
72,20,3,0.06023656479765467
72,20,4,0.06039132701392078
72,20,5,0.060237015879346587
72,20,6,0.060490064165519324
72,20,7,0.06023652489760388
72,20,8,0.06031036041142674
72,20,9,0.060236509037246797
72,20,10,0.060464573551653335
72,21,1,0.0602380759810588
72,21,2,0.06023649669184701
72,21,3,0.06023656698270802
72,21,4,0.060391098436130115
72,21,5,0.060237031214611464
72,21,6,0.06048950698778131
72,21,7,0.06023652481728893
72,21,8,0.06031108374340373
72,21,9,0.06023650810932964
72,21,10,0.060465435612009885
72,22,1,0.06023807838974418
72,22,2,0.06023649659944097
72,22,3,0.06023656447457481
72,22,4,0.060389344962734556
72,22,5,0.060237014061724714
72,22,6,0.06048745135708621
72,22,7,0.060236524881440955
72,22,8,0.060310063176632324
72,22,9,0.06023650904828279
72,22,10,0.06046330272453027
72,23,1,0.060238004261297357
72,23,2,0.06023649693222975
72,23,3,0.06023656687497553
72,23,4,0.0603911877550342
72,23,5,0.06023703049941899
72,23,6,0.06049005619931355
72,23,7,0.06023652477496015
72,23,8,0.06031104714066612
72,23,9,0.060236508986816935
72,23,10,0.06046567384611195
72,24,1,0.06023809344592536
72,24,2,0.060236496569860326
72,24,3,0.060236564400844614
72,24,4,0.06039204002785977
72,24,5,0.060237013909314296
72,24,6,0.060491194452800705
72,24,7,0.06023652491912242
72,24,8,0.06031144525275523
72,24,9,0.06023650912480251
72,24,10,0.06046734557811766
73,1,1,0.030052785262793032
73,1,2,0.030052382362233915
73,1,3,0.03005241411514187
73,1,4,0.030135199987476803
73,1,5,0.030052644793851543
73,1,6,0.030054435370270735
73,1,7,0.030052396804371537
73,1,8,0.0300913249289409
73,1,9,0.030052388221802975
73,1,10,0.030173920161877733
73,2,1,0.03005278614763392
73,2,2,0.03005238234644434
73,2,3,0.030052414127929836
73,2,4,0.030134605632570338
73,2,5,0.03005264235605371
73,2,6,0.03005441102074902
73,2,7,0.030052396526148602
73,2,8,0.03009171758474885
73,2,9,0.03005238877444419
73,2,10,0.030174433658871295
73,3,1,0.030052784896830567
73,3,2,0.030052382342275072
73,3,3,0.030052414051414646
73,3,4,0.030133820314432867
73,3,5,0.030052641932486496
73,3,6,0.03005440943771888
73,3,7,0.030052396751373917
73,3,8,0.03009192332576437
73,3,9,0.03005238876707181
73,3,10,0.030174005150610736
73,4,1,0.030052789312450444
73,4,2,0.030052382268219918
73,4,3,0.030052414221161033
73,4,4,0.030134752058445
73,4,5,0.030052642778855183
73,4,6,0.030054416358963484
73,4,7,0.030052396766376572
73,4,8,0.030091775986312082
73,4,9,0.03005238878404716
73,4,10,0.030174917908686916
73,5,1,0.030052789567952168
73,5,2,0.03005238234975294
73,5,3,0.030052414220035156
73,5,4,0.03013494499416083
73,5,5,0.030052649420577945
73,5,6,0.0300544164567375
73,5,7,0.030052396776854638
73,5,8,0.03009187330780541
73,5,9,0.030052388605548964
73,5,10,0.030175198712328294
73,6,1,0.03005278961500475
73,6,2,0.030052382355712764
73,6,3,0.030052414323557385
73,6,4,0.03013463444453444
73,6,5,0.03005264327578384
73,6,6,0.030054392325846186
73,6,7,0.0300523966187503
73,6,8,0.030092005271012502
73,6,9,0.030052388634998473
73,6,10,0.030175308276293732
73,7,1,0.030052784732570136
73,7,2,0.030052382337927883
73,7,3,0.03005241435110887
73,7,4,0.03013456710003448
73,7,5,0.030052641159831594
73,7,6,0.03018740576161287
73,7,7,0.03005239673842107
73,7,8,0.030091590571406392
73,7,9,0.030052388766577905
73,7,10,0.030175169782619148
73,8,1,0.030052787265008197
73,8,2,0.03005238226411949
73,8,3,0.030052414425990177
73,8,4,0.030134700689765724
73,8,5,0.030052642822520383
73,8,6,0.030187791240088833
73,8,7,0.030052396600239357
73,8,8,0.03009202387771159
73,8,9,0.030052388790559263
73,8,10,0.0301752258263152
73,9,1,0.030052789580488834
73,9,2,0.03005238234754704
73,9,3,0.030052414437402735
73,9,4,0.030135178173613515
73,9,5,0.030052642711038833
73,9,6,0.030187925123240335
73,9,7,0.03005239659347281
73,9,8,0.030092027873004985
73,9,9,0.030052388613324488
73,9,10,0.03017543805197875
73,10,1,0.03005278949443086
73,10,2,0.030052382247684643
73,10,3,0.030052414427006773
73,10,4,0.0301347718240451
73,10,5,0.03005264252577591
73,10,6,0.030187992345154072
73,10,7,0.030052396779936784
73,10,8,0.03009177439884537
73,10,9,0.03005238879056457
73,10,10,0.030174921141862165
73,11,1,0.030052789496683007
73,11,2,0.03005238234652614
73,11,3,0.030052414334029335
73,11,4,0.030134827604746263
73,11,5,0.030052642444830795
73,11,6,0.030188052621050513
73,11,7,0.03005239678448671
73,11,8,0.030092175592851673
73,11,9,0.030052388585298764
73,11,10,0.03017552483855123
73,12,1,0.03005278724872788
73,12,2,0.030052382347753304
73,12,3,0.030052414400470698
73,12,4,0.0301348934831353
73,12,5,0.030052650523627773
73,12,6,0.030187623117665527
73,12,7,0.030052396570957686
73,12,8,0.030091909940091754
73,12,9,0.030052388616276262
73,12,10,0.030175012536345438
73,13,1,0.030052783052409448
73,13,2,0.030052382319255957
73,13,3,0.030052418319485016
73,13,4,0.03013478894660684
73,13,5,0.030052649731787274
73,13,6,0.030187832440655704
73,13,7,0.030052396725360257
73,13,8,0.030092092380086474
73,13,9,0.030052388428400235
73,13,10,0.030174073856882623
73,14,1,0.030052789431884837
73,14,2,0.03005238244226804
73,14,3,0.030052418407592135
73,14,4,0.030134944743616283
73,14,5,0.030052642564177515
73,14,6,0.03018761780738121
73,14,7,0.03005239651163558
73,14,8,0.03009218084926046
73,14,9,0.030052388568324036
73,14,10,0.030174939080471794
73,15,1,0.03005278923093316
73,15,2,0.0300523823176444
73,15,3,0.030052418327099914
73,15,4,0.03013447398412275
73,15,5,0.030052649784659508
73,15,6,0.030187943560115386
73,15,7,0.030052396725434628
73,15,8,0.030091497016447
73,15,9,0.030052388429111346
73,15,10,0.030175483807625716
73,16,1,0.03005279009514496
73,16,2,0.030052382460527775
73,16,3,0.030052417342267924
73,16,4,0.03013577202541901
73,16,5,0.030052642990300804
73,16,6,0.030187672133841426
73,16,7,0.03005239654848218
73,16,8,0.03009189331267161
73,16,9,0.03005238859595858
73,16,10,0.03017572619453757
73,17,1,0.03005278879373952
73,17,2,0.030052382309682754
73,17,3,0.030052418263174153
73,17,4,0.030135520089076436
73,17,5,0.030052638885046973
73,17,6,0.03018801766076596
73,17,7,0.030052396700070642
73,17,8,0.030092068365141066
73,17,9,0.03005238880747441
73,17,10,0.030175481149336176
73,18,1,0.030052790586554988
73,18,2,0.030052382325091047
73,18,3,0.03005241831459829
73,18,4,0.03013565279256093
73,18,5,0.030052640050697795
73,18,6,0.03018644897563943
73,18,7,0.03005239627166394
73,18,8,0.030092113043193192
73,18,9,0.03005238883473506
73,18,10,0.03017357386422212
73,19,1,0.0300527817257168
73,19,2,0.030052382322804237
73,19,3,0.030052416781852435
73,19,4,0.030134224926748936
73,19,5,0.03005264971214357
73,19,6,0.03018826892659351
73,19,7,0.030052396723493757
73,19,8,0.03009211041634663
73,19,9,0.030052388830739442
73,19,10,0.030175518250382713
73,20,1,0.03005279228116657
73,20,2,0.030052382410967565
73,20,3,0.03005241714387488
73,20,4,0.030135833225134058
73,20,5,0.03005264195560782
73,20,6,0.030188502758679483
73,20,7,0.030052396766048945
73,20,8,0.03009173217387199
73,20,9,0.030052388862985415
73,20,10,0.030175058551455636
73,21,1,0.030053172228557464
73,21,2,0.030052382317391036
73,21,3,0.030052418261011005
73,21,4,0.030135710760047514
73,21,5,0.030052649622309274
73,21,6,0.030188209747059446
73,21,7,0.030052396728208506
73,21,8,0.03009212978452761
73,21,9,0.03005238837536298
73,21,10,0.0301755310032942
73,22,1,0.030053173439072906
73,22,2,0.030052382378183067
73,22,3,0.03005241698147226
73,22,4,0.030134758410151508
73,22,5,0.0300526410584378
73,22,6,0.030187112383931305
73,22,7,0.030052396757113214
73,22,8,0.030091569262326305
73,22,9,0.030052388864806243
73,22,10,0.030174390048150583
73,23,1,0.030053136418919907
73,23,2,0.030052382555218343
73,23,3,0.030052418205007966
73,23,4,0.030135761904661367
73,23,5,0.03005264926498847
73,23,6,0.030188503410758637
73,23,7,0.030052396701188047
73,23,8,0.03009211204688355
73,23,9,0.030052388842815633
73,23,10,0.030175659646345124
73,24,1,0.030053180910783656
73,24,2,0.030052382356479113
73,24,3,0.030052416929909634
73,24,4,0.030136225846304498
73,24,5,0.030052640954112024
73,24,6,0.030189107623027265
73,24,7,0.03005239677968316
73,24,8,0.030092329792365122
73,24,9,0.030052388911000597
73,24,10,0.030176553366405776
74,1,1,0.15151993742401887
74,1,2,0.15139177093737888
74,1,3,0.15161134833885964
74,1,4,0.15240010640530968
74,1,5,0.1516777279679748
74,1,6,0.15152618925448294
74,1,7,0.15155909666754094
74,1,8,0.15125039070273436
74,1,9,0.15168414407966424
74,1,10,0.15240196679809492
74,2,1,0.15151873562394588
74,2,2,0.15140885514929506
74,2,3,0.15161323574786956
74,2,4,0.1523995521761675
74,2,5,0.15168069002957724
74,2,6,0.1515410174341938
74,2,7,0.15156469591034472
74,2,8,0.15128368540882897
74,2,9,0.1516853350470888
74,2,10,0.15239221856533938
74,3,1,0.15153251017942057
74,3,2,0.15143316407228802
74,3,3,0.15162285026596384
74,3,4,0.1523974881137546
74,3,5,0.1516818642983306
74,3,6,0.15154639848597556
74,3,7,0.15156692107022626
74,3,8,0.15140524254494214
74,3,9,0.15169138089625456
74,3,10,0.15238340869149364
74,4,1,0.15153981002590663
74,4,2,0.15144790496911328
74,4,3,0.1516228514345466
74,4,4,0.1524061250027377
74,4,5,0.1516795096283063
74,4,6,0.1515438376094397
74,4,7,0.1515624754673393
74,4,8,0.15138900563308283
74,4,9,0.15169138075311972
74,4,10,0.15240606440578736
74,5,1,0.15153496907349015
74,5,2,0.15148363723528577
74,5,3,0.15161710058566816
74,5,4,0.15240457764443263
74,5,5,0.15167294408563708
74,5,6,0.1515343750973802
74,5,7,0.151550026975114
74,5,8,0.15136867626572917
74,5,9,0.15168776325260755
74,5,10,0.15240079076534307
74,6,1,0.15154223595189706
74,6,2,0.15151439101142802
74,6,3,0.15162941097964014
74,6,4,0.15240781784169374
74,6,5,0.1516698274557968
74,6,6,0.1515382478198516
74,6,7,0.15154424532519095
74,6,8,0.15135769179272637
74,6,9,0.15169550405037727
74,6,10,0.15235598133849865
74,7,1,0.15159278037166538
74,7,2,0.1515371391823404
74,7,3,0.1516377682844958
74,7,4,0.15241177365179875
74,7,5,0.15166026540673072
74,7,6,0.15268504717432008
74,7,7,0.15152628473718185
74,7,8,0.15128993834289906
74,7,9,0.15170076117311088
74,7,10,0.15233833802712848
74,8,1,0.1516051906129237
74,8,2,0.15147240935236914
74,8,3,0.1516276152696041
74,8,4,0.15240736134840766
74,8,5,0.1516336271532123
74,8,6,0.15264205362278127
74,8,7,0.15147613377719132
74,8,8,0.15124693517720272
74,8,9,0.15169437563685023
74,8,10,0.1523217321493612
74,9,1,0.15165225007429942
74,9,2,0.15141500528772053
74,9,3,0.1516368709860498
74,9,4,0.152417437778018
74,9,5,0.15161685026833283
74,9,6,0.15261430650647806
74,9,7,0.151444568503512
74,9,8,0.1512487794500331
74,9,9,0.15170019441961594
74,9,10,0.15235088107006287
74,10,1,0.15169705771473835
74,10,2,0.1513711714294294
74,10,3,0.15163498306393672
74,10,4,0.1524119844709367
74,10,5,0.15160550783223933
74,10,6,0.1525856240784175
74,10,7,0.15142322968866498
74,10,8,0.1512274120835977
74,10,9,0.15169900918744356
74,10,10,0.15236689191499095
74,11,1,0.15172081257421974
74,11,2,0.1513372960509229
74,11,3,0.1516266255196364
74,11,4,0.15240784079332634
74,11,5,0.1516009241329992
74,11,6,0.1525719699437923
74,11,7,0.1514146038968798
74,11,8,0.15120599960756959
74,11,9,0.15169375224985102
74,11,10,0.15236769358159555
74,12,1,0.1517303942245606
74,12,2,0.1513192357622961
74,12,3,0.15161422583452852
74,12,4,0.15240141365659735
74,12,5,0.15160632391383802
74,12,6,0.15257652200818989
74,12,7,0.1514246501228321
74,12,8,0.15120599130395146
74,12,9,0.15168595479936794
74,12,10,0.15234695000092083
74,13,1,0.15172905465172368
74,13,2,0.1513142565146471
74,13,3,0.15160645131094766
74,13,4,0.15239617816917522
74,13,5,0.15161614602579027
74,13,6,0.15260751635889624
74,13,7,0.15144314571600748
74,13,8,0.15122952320615346
74,13,9,0.15168103753274742
74,13,10,0.15231477243956626
74,14,1,0.1517250965761347
74,14,2,0.15132909443878115
74,14,3,0.15160744034702103
74,14,4,0.15239807014108464
74,14,5,0.15162351232991564
74,14,6,0.15264386839761349
74,14,7,0.15145710547713823
74,14,8,0.15127217751328415
74,14,9,0.15168165975530357
74,14,10,0.15231490039770043
74,15,1,0.15172462834083306
74,15,2,0.1513470586755823
74,15,3,0.15161328017782189
74,15,4,0.15239873665123196
74,15,5,0.15163155183890156
74,15,6,0.15268698149043214
74,15,7,0.15147213311756197
74,15,8,0.15132553363917178
74,15,9,0.15168533261346792
74,15,10,0.15233025635781894
74,16,1,0.15172603440206658
74,16,2,0.15135193855447004
74,16,3,0.15160644297374135
74,16,4,0.15240442935457713
74,16,5,0.15163859017189169
74,16,6,0.15272812909414346
74,16,7,0.15148546908512397
74,16,8,0.1513978861036686
74,16,9,0.15168103835082677
74,16,10,0.15233225595431465
74,17,1,0.15172415984582396
74,17,2,0.15136316570433037
74,17,3,0.1515860525318957
74,17,4,0.15239116732287553
74,17,5,0.15164139300140989
74,17,6,0.1527465504214529
74,17,7,0.1514908048780378
74,17,8,0.15147627398714447
74,17,9,0.15166821346609072
74,17,10,0.15231757258259782
74,18,1,0.15171783946278175
74,18,2,0.1514026068229004
74,18,3,0.15157545131802264
74,18,4,0.15238649604426865
74,18,5,0.1516483015521051
74,18,6,0.15271957802242186
74,18,7,0.15150378415729368
74,18,8,0.15155909931731792
74,18,9,0.1516615459874633
74,18,10,0.15232096305890894
74,19,1,0.15170174887666676
74,19,2,0.15145376310594544
74,19,3,0.1515963745714753
74,19,4,0.1523875371134635
74,19,5,0.15165971383407048
74,19,6,0.152678479889459
74,19,7,0.15152512813222654
74,19,8,0.15159103185755415
74,19,9,0.15167471234048258
74,19,10,0.1523856494594728
74,20,1,0.15168673979476804
74,20,2,0.15146674680960026
74,20,3,0.15159440060638552
74,20,4,0.15239839669527172
74,20,5,0.151658334529717
74,20,6,0.15262980964730666
74,20,7,0.15152263881233355
74,20,8,0.15152596948365518
74,20,9,0.15167346908456875
74,20,10,0.1523954817468772
74,21,1,0.15166890735292804
74,21,2,0.1514435120429766
74,21,3,0.151588210053592
74,21,4,0.1523938993764963
74,21,5,0.15164492338109792
74,21,6,0.15258484262019373
74,21,7,0.15149729622589733
74,21,8,0.15145943472304274
74,21,9,0.15166956594613173
74,21,10,0.15236789509316262
74,22,1,0.15165923067112044
74,22,2,0.1513854231550257
74,22,3,0.15159943100183945
74,22,4,0.152393083371587
74,22,5,0.15163002077478768
74,22,6,0.15252778542756543
74,22,7,0.1514693765239672
74,22,8,0.15140677638460442
74,22,9,0.15167663408291812
74,22,10,0.15232513395779798
74,23,1,0.15166069291029943
74,23,2,0.15134871830549537
74,23,3,0.1516004300195373
74,23,4,0.15240101391337357
74,23,5,0.15162134027730792
74,23,6,0.152486789972685
74,23,7,0.15145292694603998
74,23,8,0.15135480116428537
74,23,9,0.15167725489701814
74,23,10,0.1523150011752286
74,24,1,0.15167318197199134
74,24,2,0.15135349978398155
74,24,3,0.15158604141515528
74,24,4,0.15239649362613084
74,24,5,0.15160398202873143
74,24,6,0.15250537497925473
74,24,7,0.15142038369050362
74,24,8,0.1513641987411357
74,24,9,0.15166821411719617
74,24,10,0.1522780655466768
75,1,1,-0.27825158610561174
75,1,2,-0.21272407365667442
75,1,3,-0.2801267113158409
75,1,4,-0.2626570270508804
75,1,5,-0.25751686701200655
75,1,6,-0.2595017746144123
75,1,7,-0.21644515241951406
75,1,8,-0.2716128933626416
75,1,9,-0.3313401104517503
75,1,10,-0.24327722677885055
75,2,1,-0.27564497970160806
75,2,2,-0.20334329429330256
75,2,3,-0.2822282806708469
75,2,4,-0.27192822296258545
75,2,5,-0.2799939331053161
75,2,6,-0.27898905635313526
75,2,7,-0.27272723850893144
75,2,8,-0.26789017265641557
75,2,9,-0.18119795435441668
75,2,10,-0.27300492319602193
75,3,1,-0.26694494191763535
75,3,2,-0.20143451634112503
75,3,3,-0.2690445759925463
75,3,4,-0.2490511809594463
75,3,5,-0.289827049124023
75,3,6,-0.2900684937537171
75,3,7,-0.20517552624155025
75,3,8,-0.18905044757806125
75,3,9,-0.1792597913699706
75,3,10,-0.22122650254364493
75,4,1,-0.21419131941157007
75,4,2,-0.2623472926417968
75,4,3,-0.273610920466226
75,4,4,-0.26700628181276315
75,4,5,-0.2719761454776892
75,4,6,-0.2745872731568077
75,4,7,-0.2088924975649334
75,4,8,-0.26540092399302695
75,4,9,-0.18301606450153782
75,4,10,-0.26552707763080347
75,5,1,-0.2139094711986708
75,5,2,-0.20488989439028105
75,5,3,-0.2752000991712238
75,5,4,-0.2666485118604316
75,5,5,-0.10218111243345866
75,5,6,-0.27606669892551555
75,5,7,-0.20860879300223595
75,5,8,-0.2610404926168606
75,5,9,-0.2691034567766962
75,5,10,-0.18559481119001525
75,6,1,-0.2148037965268403
75,6,2,-0.2057962859008803
75,6,3,-0.27167141213605134
75,6,4,-0.22665443946365937
75,6,5,-0.267280332807497
75,6,6,-0.2754551095974658
75,6,7,-0.25966528691671364
75,6,8,-0.1980220455012214
75,6,9,-0.26313745976744185
75,6,10,-0.18854766979303766
75,7,1,-0.2897165345734724
75,7,2,-0.19566406616432214
75,7,3,-0.23274894865380286
75,7,4,-0.2113802960482271
75,7,5,-0.2942712869897782
75,7,6,-0.1642698618035078
75,7,7,-0.19934026462316443
75,7,8,-0.2869949735410587
75,7,9,-0.1733768475921645
75,7,10,-0.17736138770386756
75,8,1,-0.2638173051779576
75,8,2,-0.2588786710394536
75,8,3,-0.24419455347464752
75,8,4,-0.22482488668157788
75,8,5,-0.2683618279650342
75,8,6,-0.18144360459390213
75,8,7,-0.26053107978336937
75,8,8,-0.19746428568330512
75,8,9,-0.17831242389253985
75,8,10,-0.24849035006697165
75,9,1,-0.20949834065371944
75,9,2,-0.20031670094765347
75,9,3,-0.24405997640368932
75,9,4,-0.2533547702742596
75,9,5,-0.26906685970451877
75,9,6,-0.1893109424404812
75,9,7,-0.26114009683431244
75,9,8,-0.1951129996615782
75,9,9,-0.2648323113208243
75,9,10,-0.18759375270583872
75,10,1,-0.2085484181367038
75,10,2,-0.2642964671657939
75,10,3,-0.2430722786159784
75,10,4,-0.21863373313754086
75,10,5,-0.2733761125825306
75,10,6,-0.18169694295613886
75,10,7,-0.2030245780518923
75,10,8,-0.2564833862832355
75,10,9,-0.17715192575560884
75,10,10,-0.2544526877832631
75,11,1,-0.20872006056917602
75,11,2,-0.19946601967475022
75,11,3,-0.2761302554989591
75,11,4,-0.21943514225419147
75,11,5,-0.27251094897395944
75,11,6,-0.18785442575198447
75,11,7,-0.203206683256394
75,11,8,-0.18824153045102926
75,11,9,-0.26872538072587804
75,11,10,-0.1864304809714172
75,12,1,-0.2639437191010044
75,12,2,-0.20037414328284184
75,12,3,-0.2717068040654209
75,12,4,-0.2198007994451299
75,12,5,-0.09354733936596067
75,12,6,-0.2421805580196351
75,12,7,-0.2606966104305777
75,12,8,-0.2502607062834331
75,12,9,-0.26429658799513933
75,12,10,-0.2537556582817715
75,13,1,-0.2821381112524043
75,13,2,-0.1754406470981155
75,13,3,-0.09683559563794703
75,13,4,-0.19436290387625416
75,13,5,-0.06846273529538968
75,13,6,-0.1496569625529159
75,13,7,-0.17920753558120492
75,13,8,-0.1577890957801234
75,13,9,-0.2824812005373966
75,13,10,-0.27206614955168357
75,14,1,-0.188557361057071
75,14,2,-0.25119003660514133
75,14,3,-0.10229405329542825
75,14,4,-0.19788186438984784
75,14,5,-0.24576672606204217
75,14,6,-0.23998884786664326
75,14,7,-0.2529257846670507
75,14,8,-0.16348155787999546
75,14,9,-0.2565361511367421
75,14,10,-0.23542506155471538
75,15,1,-0.1821193073834215
75,15,2,-0.17537065762393145
75,15,3,-0.09671802519578547
75,15,4,-0.2713359214484435
75,15,5,-0.06828603908940326
75,15,6,-0.15715403449278165
75,15,7,-0.17909004400344347
75,15,8,-0.27341707444831215
75,15,9,-0.2830243809899179
75,15,10,-0.15089930435056267
75,16,1,-0.1900214504503247
75,16,2,-0.246376035437686
75,16,3,-0.23471716284451363
75,16,4,-0.15004202326007515
75,16,5,-0.24088749975863696
75,16,6,-0.23457737557173927
75,16,7,-0.24811892419634154
75,16,8,-0.2376544028376819
75,16,9,-0.2517168998604355
75,16,10,-0.16111148952715834
75,17,1,-0.17771194811774443
75,17,2,-0.16993961571300817
75,17,3,-0.0912182210877647
75,17,4,-0.13608537931997844
75,17,5,-0.29836781568203175
75,17,6,-0.16085097406820414
75,17,7,-0.1738687119458267
75,17,8,-0.15457514727864685
75,17,9,-0.14515174300649367
75,17,10,-0.15173457429221973
75,18,1,-0.1623289672889633
75,18,2,-0.17293081701471485
75,18,3,-0.09423458104039435
75,18,4,-0.13621454622764023
75,18,5,-0.2836057933967526
75,18,6,-0.2764098765708186
75,18,7,-0.29085478679443855
75,18,8,-0.15633971311368772
75,18,9,-0.1481210166356464
75,18,10,-0.2821703260496892
75,19,1,-0.29611441884622336
75,19,2,-0.17223844815308342
75,19,3,-0.2809452206557688
75,19,4,-0.2839756100310731
75,19,5,-0.06379955481380518
75,19,6,-0.15669830325341164
75,19,7,-0.17428073888171122
75,19,8,-0.15501416004414184
75,19,9,-0.14741465630188788
75,19,10,-0.15448141878345698
75,20,1,-0.18738689166256176
75,20,2,-0.2651971924090243
75,20,3,-0.25346335458970887
75,20,4,-0.14154348541566805
75,20,5,-0.2550114711791107
75,20,6,-0.1592271130559976
75,20,7,-0.17947075683915364
75,20,8,-0.25774471986675074
75,20,9,-0.15273362954476552
75,20,10,-0.25039913347365345
75,21,1,-0.03510579686919147
75,21,2,-0.16108891666076042
75,21,3,-0.08221305172512675
75,21,4,-0.12941890437359635
75,21,5,-0.052551635298517564
75,21,6,-0.15969262002596116
75,21,7,-0.16306686829321548
75,21,8,-0.14666791494984824
75,21,9,-0.2784654729744171
75,21,10,-0.14744019335174452
75,22,1,-0.03831067161389831
75,22,2,-0.2664363932277978
75,22,3,-0.2547565879745376
75,22,4,-0.25468806202575034
75,22,5,-0.2562783463753024
75,22,6,-0.258315624596145
75,22,7,-0.1661092910966142
75,22,8,-0.2589339596230594
75,22,9,-0.13572925142444375
75,22,10,-0.25925574569171883
75,23,1,-0.29146695368041425
75,23,2,-0.1548002756412751
75,23,3,-0.07597860979612078
75,23,4,-0.1322252272462297
75,23,5,-0.04619557666922014
75,23,6,-0.15100703408804236
75,23,7,-0.15678682121076898
75,23,8,-0.14019303632277125
75,23,9,-0.12641983108515992
75,23,10,-0.15663978421553995
75,24,1,-0.1413792471617236
75,24,2,-0.26523050853482155
75,24,3,-0.2535389441488425
75,24,4,-0.15101654990944555
75,24,5,-0.2549963796265256
75,24,6,-0.1622403257683473
75,24,7,-0.16350471021527516
75,24,8,-0.14964820337113635
75,24,9,-0.14137265787103204
75,24,10,-0.1572780764095574
76,1,1,0.13927651147535866
76,1,2,0.13914915799677632
76,1,3,0.13936800093618726
76,1,4,0.1400864076205172
76,1,5,0.13943393526438969
76,1,6,0.13928095813365812
76,1,7,0.13931593356116115
76,1,8,0.13897492506577847
76,1,9,0.13944058779222876
76,1,10,0.14005625015308362
76,2,1,0.13927531210813096
76,2,2,0.13916618733232258
76,2,3,0.13936988228064137
76,2,4,0.140085909725934
76,2,5,0.13943689000829174
76,2,6,0.13929575770270936
76,2,7,0.13932151503224213
76,2,8,0.139007747211859
76,2,9,0.13944177458724116
76,2,10,0.14004590215672072
76,3,1,0.1392890441720529
76,3,2,0.13919041824317072
76,3,3,0.13937946599716342
76,3,4,0.14008459586418742
76,3,5,0.13943806139528514
76,3,6,0.13930112768775463
76,3,7,0.13932373299053616
76,3,8,0.1391288418477619
76,3,9,0.13944780097615664
76,3,10,0.140037695636014
76,4,1,0.13929631629330708
76,4,2,0.13920511196990712
76,4,3,0.13937946708456472
76,4,4,0.14009230813222917
76,4,5,0.13943571325243886
76,4,6,0.13929856319217385
76,4,7,0.1393193015220785
76,4,8,0.13911270111435822
76,4,9,0.13944780091075074
76,4,10,0.14005924876415946
76,5,1,0.13929149060739782
76,5,2,0.13924072999781997
76,5,3,0.13937373459373756
76,5,4,0.14009061407322607
76,5,5,0.1394291628360887
76,5,6,0.13928913048962843
76,5,7,0.13930689279503164
76,5,8,0.13909235935190617
76,5,9,0.13944419513423204
76,5,10,0.14005404117968154
76,6,1,0.13929873424975153
76,6,2,0.13927138502534267
76,6,3,0.1393860053981468
76,6,4,0.14009423940157087
76,6,5,0.1394260613807008
76,6,6,0.13929300701867445
76,6,7,0.13930113000706684
76,6,8,0.13908137449630933
76,6,9,0.13945191099990142
76,6,10,0.14000933685486314
76,7,1,0.13934912051289494
76,7,2,0.13929406005495287
76,7,3,0.13939433584348065
76,7,4,0.14009824420858408
76,7,5,0.13941653213764177
76,7,6,0.14032706098366163
76,7,7,0.13928322700103313
76,7,8,0.13901411041329523
76,7,9,0.13945715115511387
76,7,10,0.13999186442820372
76,8,1,0.13936148878914006
76,8,2,0.13922953803878757
76,8,3,0.13938421531886405
76,8,4,0.14009373259219196
76,8,5,0.13938997773728504
76,8,6,0.14028383123013785
76,8,7,0.13923323708475016
76,8,8,0.13897094914624117
76,8,9,0.13945078612310507
76,8,10,0.1399749969617343
76,9,1,0.13940839552779072
76,9,2,0.13917231790033907
76,9,3,0.13939344123073344
76,9,4,0.14010322535779976
76,9,5,0.13937325482536417
76,9,6,0.1402561023531029
76,9,7,0.13920177278533855
76,9,8,0.13897279436910132
76,9,9,0.13945658638656167
76,9,10,0.1400041433396656
76,10,1,0.1394530593760034
76,10,2,0.13912862442971521
76,10,3,0.13939155950518442
76,10,4,0.14009828375563427
76,10,5,0.13936194896648105
76,10,6,0.14022747987345266
76,10,7,0.13918050236998053
76,10,8,0.13895162649185205
76,10,9,0.13945540479790605
76,10,10,0.14002024116675774
76,11,1,0.13947673805560631
76,11,2,0.13909485779164743
76,11,3,0.13938322883291857
76,11,4,0.14009411370495792
76,11,5,0.13935738006854217
76,11,6,0.14021378405805954
76,11,7,0.13917190421702463
76,11,8,0.13893002829646628
76,11,9,0.13945016502666763
76,11,10,0.14002087584274975
76,12,1,0.13948629017723657
76,12,2,0.1390768553128608
76,12,3,0.13937086900854426
76,12,4,0.14008767746293904
76,12,5,0.1393627552488357
76,12,6,0.14021842502809187
76,12,7,0.1391819182498398
76,12,8,0.13893015240250622
76,12,9,0.1394423925354785
76,12,10,0.14000035108216527
76,13,1,0.13948495920060452
76,13,2,0.13907189194633035
76,13,3,0.1393631157243662
76,13,4,0.14008255308462444
76,13,5,0.13937254674836408
76,13,6,0.14024938097019427
76,13,7,0.13920035464921274
76,13,8,0.138953544331892
76,13,9,0.1394374909615941
76,13,10,0.139968944668884
76,14,1,0.13948100808490754
76,14,2,0.13908668234259336
76,14,3,0.139364101578057
76,14,4,0.14008429819256882
76,14,5,0.13937989583343596
76,14,6,0.1402855175820872
76,14,7,0.13921426956887212
76,14,8,0.1389959885884497
76,14,9,0.139438111325613
76,14,10,0.13996845254304943
76,15,1,0.13948054175842295
76,15,2,0.13910458905902937
76,15,3,0.13936992258369751
76,15,4,0.14008516001226384
76,15,5,0.13938790299671294
76,15,6,0.14032856818205452
76,15,7,0.1392292490474398
76,15,8,0.13904962555927056
76,15,9,0.13944177235652466
76,15,10,0.13998357707217057
76,16,1,0.13948194239945896
76,16,2,0.13910945318266274
76,16,3,0.13936310819341982
76,16,4,0.14008996872423682
76,16,5,0.1393949247053664
76,16,6,0.14036953411834638
76,16,7,0.1392425423297905
76,16,8,0.13912145159346995
76,16,9,0.13943749183451534
76,16,10,0.13998536887953306
76,17,1,0.1394800749245404
76,17,2,0.13912064434365118
76,17,3,0.13934278240757628
76,17,4,0.1400769508290391
76,17,5,0.1393977225545976
76,17,6,0.1403878696960715
76,17,7,0.13924786107106363
76,17,8,0.1391995276811646
76,17,9,0.13942470794964484
76,17,10,0.13997093335766914
76,18,1,0.1394737734990584
76,18,2,0.1391599590447513
76,18,3,0.13933221515027353
76,18,4,0.1400721815268508
76,18,5,0.1394046077801137
76,18,6,0.140361990121955
76,18,7,0.13926079897631974
76,18,8,0.1392820549960707
76,18,9,0.13941806191894993
76,18,10,0.13997561835108557
76,19,1,0.13945774207734285
76,19,2,0.13921095136910933
76,19,3,0.13935307258379684
76,19,4,0.14007418401733843
76,19,5,0.1394159748005609
76,19,6,0.14031977424794637
76,19,7,0.13928207415303848
76,19,8,0.13931388652960308
76,19,9,0.13943118585886968
76,19,10,0.14003876434761453
76,20,1,0.1394427716749803
76,20,2,0.13922389355262196
76,20,3,0.13935110469086484
76,20,4,0.14008389953977227
76,20,5,0.139414606513736
76,20,6,0.1402710306806729
76,20,7,0.1392795927588258
76,20,8,0.1392492484285887
76,20,9,0.13942994654335414
76,20,10,0.14004866900794424
76,21,1,0.13942462002583902
76,21,2,0.13920073332690222
76,21,3,0.13934493300858558
76,21,4,0.14007952631658593
76,21,5,0.13940123191666712
76,21,6,0.14022644739840168
76,21,7,0.13925433160027434
76,21,8,0.13918268952014964
76,21,9,0.13942605644656828
76,21,10,0.14002105071298485
76,22,1,0.13941497357243124
76,22,2,0.13914283068559855
76,22,3,0.13935611913189383
76,22,4,0.1400793575840249
76,22,5,0.13938638486825056
76,22,6,0.14017027789446396
76,22,7,0.13922650135941111
76,22,8,0.13913057197865533
76,22,9,0.1394331013853545
76,22,10,0.13997917501904028
76,23,1,0.13941646562314633
76,23,2,0.1391062432458077
76,23,3,0.13935711383374666
76,23,4,0.1400865983476462
76,23,5,0.13937772485668945
76,23,6,0.1401284889854151
76,23,7,0.13921010443493384
76,23,8,0.13907841242574556
76,23,9,0.13943372027285753
76,23,10,0.13996823642496453
76,24,1,0.13942887270798854
76,24,2,0.13911100955325048
76,24,3,0.13934277252132937
76,24,4,0.14008180634697648
76,24,5,0.139360430164622
76,24,6,0.14014667514154247
76,24,7,0.1391776654883664
76,24,8,0.13908763456292958
76,24,9,0.13942470847616809
76,24,10,0.13993081116726105
77,1,1,0.012000974812329313
77,1,2,0.01200086246151537
77,1,3,0.012000871900971303
77,1,4,0.012059370852187404
77,1,5,0.012000915161563125
77,1,6,0.01200259626489305
77,1,7,0.012000869094257722
77,1,8,0.0120307491012559
77,1,9,0.012000865031449866
77,1,10,0.012083930121354327
77,2,1,0.012000975167801279
77,2,2,0.01200086234189585
77,2,3,0.012000871810523258
77,2,4,0.012059334986237735
77,2,5,0.012000915445848246
77,2,6,0.012002577171151779
77,2,7,0.012000868934278625
77,2,8,0.012031071293252647
77,2,9,0.012000865280190705
77,2,10,0.012084420881901804
77,3,1,0.012000974514365192
77,3,2,0.01200086245597054
77,3,3,0.012000871938398888
77,3,4,0.01205871669369683
77,3,5,0.012000914876781033
77,3,6,0.012002570490566073
77,3,7,0.01200086905818686
77,3,8,0.012031145994265828
77,3,9,0.012000865236837745
77,3,10,0.012083982708418744
77,4,1,0.012000976225726647
77,4,2,0.012000862312233851
77,4,3,0.012000871850373213
77,4,4,0.012059436968938603
77,4,5,0.012000915019567395
77,4,6,0.012002582574325293
77,4,7,0.012000869028134586
77,4,8,0.012031108832126736
77,4,9,0.012000865207480765
77,4,10,0.012084749412098857
77,5,1,0.012000976326553048
77,5,2,0.0120008623784692
77,5,3,0.012000871788686213
77,5,4,0.012059564699691319
77,5,5,0.012000915939271332
77,5,6,0.012002583674054913
77,5,7,0.012000869025736006
77,5,8,0.012031181028978913
77,5,9,0.012000865140546496
77,5,10,0.012084722762523776
77,6,1,0.012000976282869212
77,6,2,0.01200086236382939
77,6,3,0.012000871827267313
77,6,4,0.01205924702839213
77,6,5,0.012000915372163235
77,6,6,0.012002574021375183
77,6,7,0.012000868970900662
77,6,8,0.012031207388261054
77,6,9,0.01200086516770705
77,6,10,0.012084768653675696
77,7,1,0.012000974572408332
77,7,2,0.012000862463046021
77,7,3,0.012000871931428791
77,7,4,0.012059201929039335
77,7,5,0.01200091480282684
77,7,6,0.012092265085414345
77,7,7,0.012000869043845456
77,7,8,0.012030967830241697
77,7,9,0.01200086527265572
77,7,10,0.012084682897596745
77,8,1,0.012000975552252621
77,8,2,0.012000862333845199
77,8,3,0.012000871835731106
77,8,4,0.012059292201984845
77,8,5,0.012000914946367021
77,8,6,0.012092538943791377
77,8,7,0.012000868908177972
77,8,8,0.012031225956001838
77,8,9,0.01200086521950711
77,8,10,0.012084943885774828
77,9,1,0.012000976354364604
77,9,2,0.012000862426297332
77,9,3,0.012000871911111958
77,9,4,0.012059731497825563
77,9,5,0.012000914973308501
77,9,6,0.012092614924008161
77,9,7,0.012000868957232668
77,9,8,0.01203122223412523
77,9,9,0.012000865138059738
77,9,10,0.012084856286399603
77,10,1,0.012000976254108127
77,10,2,0.012000862283478998
77,10,3,0.012000871884935451
77,10,4,0.012059342344141626
77,10,5,0.012000914915671507
77,10,6,0.012092640004376484
77,10,7,0.012000869022385794
77,10,8,0.01203112214862529
77,10,9,0.012000865203302187
77,10,10,0.012084750376214533
77,11,1,0.012000976273050535
77,11,2,0.012000862383909468
77,11,3,0.012000871731231485
77,11,4,0.01205937748603292
77,11,5,0.012000914899103328
77,11,6,0.012092699048579247
77,11,7,0.01200086904827929
77,11,8,0.012031335341209823
77,11,9,0.01200086500413155
77,11,10,0.012084888565853416
77,12,1,0.012000975766745749
77,12,2,0.012000862425100928
77,12,3,0.012000871786535439
77,12,4,0.012059405369096518
77,12,5,0.01200091605148178
77,12,6,0.012092617168964929
77,12,7,0.012000868885274464
77,12,8,0.012031207127318946
77,12,9,0.012000865092913142
77,12,10,0.012084762407446057
77,13,1,0.01200097386521213
77,13,2,0.01200086229917328
77,13,3,0.012000883154321984
77,13,4,0.012059333068982112
77,13,5,0.01200091588066613
77,13,6,0.012092569654357259
77,13,7,0.012000868997032078
77,13,8,0.01203127885367678
77,13,9,0.012000865059697712
77,13,10,0.012084254415862628
77,14,1,0.012000976240457034
77,14,2,0.012000862278283066
77,14,3,0.012000883237804943
77,14,4,0.012059442276887995
77,14,5,0.012000914871253742
77,14,6,0.012092625925934459
77,14,7,0.012000868976127834
77,14,8,0.012031344907062294
77,14,9,0.012000865064601587
77,14,10,0.012084732302419405
77,15,1,0.012000976171417266
77,15,2,0.012000862381888133
77,15,3,0.012000883131192583
77,15,4,0.012059294467371832
77,15,5,0.01200091590734217
77,15,6,0.012092622191385571
77,15,7,0.012000869069139233
77,15,8,0.01203094167193575
77,15,9,0.012000865030534439
77,15,10,0.0120848817775491
77,16,1,0.012000976584189811
77,16,2,0.012000862292173417
77,16,3,0.012000882414546067
77,16,4,0.012059987282581865
77,16,5,0.012000914985312323
77,16,6,0.01209265800204983
77,16,7,0.012000868905063123
77,16,8,0.012031198617508714
77,16,9,0.012000865123580916
77,16,10,0.012085008133843578
77,17,1,0.012000975902262036
77,17,2,0.012000862401671305
77,17,3,0.012000883059463214
77,17,4,0.012059828016757935
77,17,5,0.012000914770556573
77,17,6,0.012092701380821032
77,17,7,0.012000868987765496
77,17,8,0.012031269327585907
77,17,9,0.012000865223626324
77,17,10,0.012084889739320445
77,18,1,0.012000976769926359
77,18,2,0.012000862300045894
77,18,3,0.012000883172922243
77,18,4,0.012059921103446182
77,18,5,0.012000914669611062
77,18,6,0.012091945351650625
77,18,7,0.012000868761847529
77,18,8,0.012031289955267406
77,18,9,0.012000865234689389
77,18,10,0.01208393670186992
77,19,1,0.012000973319118306
77,19,2,0.012000862322757103
77,19,3,0.012000882056019048
77,19,4,0.012059149594332838
77,19,5,0.012000915462243692
77,19,6,0.012092878250874864
77,19,7,0.012000869021981653
77,19,8,0.012031289424015507
77,19,9,0.012000865230321164
77,19,10,0.012084886751001054
77,20,1,0.012000977439921451
77,20,2,0.012000862235904085
77,20,3,0.012000882314405669
77,20,4,0.012060043693434544
77,20,5,0.012000914866195402
77,20,6,0.012093045815374655
77,20,7,0.012000869003128065
77,20,8,0.012031103479572171
77,20,9,0.0120008652805597
77,20,10,0.01208483817656657
77,21,1,0.012001235989283472
77,21,2,0.012000862331885628
77,21,3,0.012000883078084374
77,21,4,0.012059957944215733
77,21,5,0.012000915881194733
77,21,6,0.012092830063910693
77,21,7,0.012000868953337372
77,21,8,0.012031317677504455
77,21,9,0.012000864991468995
77,21,10,0.012084907272136493
77,22,1,0.012001236891563018
77,22,2,0.012000862213188739
77,22,3,0.012000882226057108
77,22,4,0.012059426656130974
77,22,5,0.012000914820595936
77,22,6,0.012092328896080957
77,22,7,0.01200086901418083
77,22,8,0.012030984777980487
77,22,9,0.012000865257190919
77,22,10,0.012084401348855594
77,23,1,0.012001210399753845
77,23,2,0.012000862391259337
77,23,3,0.012000883035965158
77,23,4,0.012059966732309331
77,23,5,0.012000915476580228
77,23,6,0.012093011748008248
77,23,7,0.012000868925113135
77,23,8,0.012031295721560599
77,23,9,0.012000865230476476
77,23,10,0.012084997877178021
77,24,1,0.012001241730710334
77,24,2,0.012000862155197169
77,24,3,0.012000882099834504
77,24,4,0.012060213644677159
77,24,5,0.012000914806285094
77,24,6,0.01209329873381945
77,24,7,0.012000868946109378
77,24,8,0.012031429492784476
77,24,9,0.012000865257716837
77,24,10,0.012085479720148415
78,1,1,0.1152237889738158
78,1,2,0.11509705213187818
78,1,3,0.11531569172939592
78,1,4,0.11589192726920515
78,1,5,0.11538129930299569
78,1,6,0.1152249510710674
78,1,7,0.11526368367621609
78,1,8,0.11485364424508694
78,1,9,0.1153882581772922
78,1,10,0.11579793350370267
78,2,1,0.11522258897245802
78,2,2,0.11511406869324317
78,2,3,0.11531757190078683
78,2,4,0.11589153570029437
78,2,5,0.11538425321621316
78,2,6,0.11523977744913688
78,2,7,0.11526926130357393
78,2,8,0.11488566871626896
78,2,9,0.11538944315877282
78,2,10,0.11578637865846818
78,3,1,0.11523631284079912
78,3,2,0.1151382819877602
78,3,3,0.1153271482926252
78,3,4,0.11589178947597119
78,3,5,0.11538542559764876
78,3,6,0.1152451557743565
78,3,7,0.11527147719642063
78,3,8,0.11500649215117184
78,3,9,0.11539546499865257
78,3,10,0.11577927063445129
78,4,1,0.11524357405172296
78,4,2,0.11515296513992922
78,4,3,0.11532714936007257
78,4,4,0.11589768399231656
78,4,5,0.1153830778322933
78,4,6,0.11524257013866403
78,4,7,0.11526704917432817
78,4,8,0.11499046959892238
78,4,9,0.11539546482849222
78,4,10,0.11579886179554286
78,5,1,0.11523875138041237
78,5,2,0.11518855648663207
78,5,3,0.11532142118597402
78,5,4,0.1158956675458431
78,5,5,0.1153765255168697
78,5,6,0.11523314318949342
78,5,7,0.11525464962104003
78,5,8,0.11496996814285822
78,5,9,0.11539186230852876
78,5,10,0.11579368245306235
78,6,1,0.11524598958964967
78,6,2,0.11521918928580903
78,6,3,0.11533368267959995
78,6,4,0.11590007458710132
78,6,5,0.11537343192419768
78,6,6,0.11523705046021278
78,6,7,0.11524889120377144
78,6,8,0.11495890972166001
78,6,9,0.11539957233362347
78,6,10,0.11574889128436626
78,7,1,0.11529634502366826
78,7,2,0.1152418473534958
78,7,3,0.1153420067647153
78,7,4,0.11590419837899098
78,7,5,0.11536391263336282
78,7,6,0.11604676938277841
78,7,7,0.11523100118452143
78,7,8,0.11489228773390256
78,7,9,0.11540480860737329
78,7,10,0.11573165710831682
78,8,1,0.11530870071313773
78,8,2,0.11517737286624058
78,8,3,0.11533189357949503
78,8,4,0.1158994587043003
78,8,5,0.1153373758147375
78,8,6,0.11600285791574086
78,8,7,0.11518104831955668
78,8,8,0.11484851352277352
78,8,9,0.11539844825907283
78,8,10,0.11571418941751695
78,9,1,0.11535556988797155
78,9,2,0.11512019486273578
78,9,3,0.11534111278208845
78,9,4,0.11590785133138269
78,9,5,0.11532066564801173
78,9,6,0.1159749533389221
78,9,7,0.11514960676665553
78,9,8,0.11485035697680412
78,9,9,0.11540424439302062
78,9,10,0.11574348365464501
78,10,1,0.11540020105493291
78,10,2,0.11507653358926832
78,10,3,0.11533923235253699
78,10,4,0.1159038861303666
78,10,5,0.11530936819268606
78,10,6,0.11594627781638986
78,10,7,0.11512835217332139
78,10,8,0.11482947965176131
78,10,9,0.11540306334093817
78,10,10,0.11575987221331341
78,11,1,0.11542386281819388
78,11,2,0.11504279166297227
78,11,3,0.11533090824715159
78,11,4,0.1158996318578724
78,11,5,0.11530480274445426
78,11,6,0.11593243783481567
78,11,7,0.11511976046854364
78,11,8,0.11480734813128464
78,11,9,0.11539782792272546
78,11,10,0.11576012154982698
78,12,1,0.11543340916258288
78,12,2,0.11502480248659347
78,12,3,0.11531855727294114
78,12,4,0.11589311844647428
78,12,5,0.11531016517264707
78,12,6,0.11593732054853842
78,12,7,0.11512976735214567
78,12,8,0.11480779602680496
78,12,9,0.11539006099788893
78,12,10,0.11573996252712093
78,13,1,0.11543208564641329
78,13,2,0.11501984311756919
78,13,3,0.11531079434997539
78,13,4,0.11588818691982124
78,13,5,0.1153199505666534
78,13,6,0.1159683615240599
78,13,7,0.11514819020563265
78,13,8,0.11483099099780447
78,13,9,0.11538516335145484
78,13,10,0.11570990565706925
78,14,1,0.11542812963230069
78,14,2,0.1150346224744074
78,14,3,0.11531177962820548
78,14,4,0.11588965214162832
78,14,5,0.11532730156503905
78,14,6,0.11600434469480209
78,14,7,0.11516209450442538
78,14,8,0.11487324569008418
78,14,9,0.11538578306226074
78,14,10,0.11570817341208552
78,15,1,0.11542766384707935
78,15,2,0.11505251585217886
78,15,3,0.11531759656251936
78,15,4,0.11589094419683917
78,15,5,0.11533529536342838
78,15,6,0.11604737587308624
78,15,7,0.11517706317044854
78,15,8,0.11492785167532944
78,15,9,0.11538944152337903
78,15,10,0.11572287828713128
78,16,1,0.11542906151810955
78,16,2,0.11505737650233691
78,16,3,0.11531078875731393
78,16,4,0.11589392721491892
78,16,5,0.11534231915540935
78,16,6,0.11608825299875175
78,16,7,0.11519034688736889
78,16,8,0.1149989953927291
78,16,9,0.11538516403218015
78,16,10,0.11572429287166429
78,17,1,0.1154271971777553
78,17,2,0.11506855943407045
78,17,3,0.11529047654424328
78,17,4,0.11588133036385474
78,17,5,0.11534511908159147
78,17,6,0.11610645107897014
78,17,7,0.11519566159393699
78,17,8,0.11507684160374886
78,17,9,0.11537238901945142
78,17,10,0.11571022961819852
78,18,1,0.1154208983094215
78,18,2,0.11510784518779711
78,18,3,0.11527991668205323
78,18,4,0.1158763292915786
78,18,5,0.11535199819804585
78,18,6,0.11608259121427418
78,18,7,0.11520859027454164
78,18,8,0.1151592508737675
78,18,9,0.11536574824157998
78,18,10,0.11571743586292563
78,19,1,0.11540489032402043
78,19,2,0.11515879998837282
78,19,3,0.11530076148427224
78,19,4,0.11588035785669006
78,19,5,0.11536334692685267
78,19,6,0.11603793957637512
78,19,7,0.11522984951221946
78,19,8,0.11519107218800921
78,19,9,0.11537886228543041
78,19,10,0.11577798144832759
78,20,1,0.11538991721298435
78,20,2,0.11517173229111796
78,20,3,0.11529879416506413
78,20,4,0.11588773080185917
78,20,5,0.11536198746137552
78,20,6,0.11598879072596818
78,20,7,0.11522736977066338
78,20,8,0.11512695378692418
78,20,9,0.11537762357151417
78,20,10,0.11578808844720988
78,21,1,0.1153711382996566
78,21,2,0.11514858944547507
78,21,3,0.11529262521651705
78,21,4,0.11588358300236662
78,21,5,0.11534861462971903
78,21,6,0.11594474344622256
78,21,7,0.11520212732904946
78,21,8,0.11505990087623727
78,21,9,0.11537373745040286
78,21,10,0.11576023923142555
78,22,1,0.11536149640140894
78,22,2,0.11509072961214849
78,22,3,0.11530380542572047
78,22,4,0.11588479060313968
78,22,5,0.11533378762427351
78,22,6,0.11588999458475939
78,22,7,0.1151743174342938
78,22,8,0.11500864930204525
78,22,9,0.11538077635105545
78,22,10,0.1157197887302956
78,23,1,0.11536304933879302
78,23,2,0.11505416874769836
78,23,3,0.11530479735345453
78,23,4,0.11589060730861289
78,23,5,0.11532512586532583
78,23,6,0.11584639141419475
78,23,7,0.11515793278942626
78,23,8,0.11495574998007738
78,23,9,0.11538139489955443
78,23,10,0.11570724270928276
78,24,1,0.11537537194351526
78,24,2,0.11505893210309528
78,24,3,0.11529046889136928
78,24,4,0.11588519156836319
78,24,5,0.11530785240382503
78,24,6,0.11586382729301727
78,24,7,0.11512551767767232
78,24,8,0.11496463969912794
78,24,9,0.1153723896548634
78,24,10,0.11566859179991869
79,1,1,0.10305650329403619
79,1,2,0.10293053576627688
79,1,3,0.10314851172987761
79,1,4,0.10365243545909975
79,1,5,0.10321369715984505
79,1,6,0.10305591118238797
79,1,7,0.10309667126749794
79,1,8,0.10265365490346627
79,1,9,0.10322089304912739
79,1,10,0.10352471787353053
79,2,1,0.10305530549732597
79,2,2,0.1029475034147527
79,2,3,0.10315038655669811
79,2,4,0.10365218033473951
79,2,5,0.1032166444997321
79,2,6,0.10307071374546851
79,2,7,0.10310223300557277
79,2,8,0.1026852141851576
79,2,9,0.10322207412714571
79,2,10,0.10351256836485741
79,3,1,0.10306899107419708
79,3,2,0.10297164649826464
79,3,3,0.10315993527015277
79,3,4,0.10365319446881768
79,3,5,0.1032178143094876
79,3,6,0.10307608174557575
79,3,7,0.10310444236503286
79,3,8,0.1028055951896031
79,3,9,0.10322807853880556
79,3,10,0.103506046926777
79,4,1,0.10307622718961174
79,4,2,0.10298628725482216
79,4,3,0.10315993606391487
79,4,4,0.10365815553384583
79,4,5,0.10321547238748871
79,4,6,0.10307349288868319
79,4,7,0.10310002731357996
79,4,8,0.10278967676369558
79,4,9,0.10322807845751548
79,4,10,0.10352455120867513
79,5,1,0.10307141863399742
79,5,2,0.10302177542702444
79,5,3,0.10315422458841328
79,5,4,0.10365597907914698
79,5,5,0.10320893311114762
79,5,6,0.10306409284591107
79,5,7,0.1030876634115529
79,5,8,0.10276915263259805
79,5,9,0.10322448651567853
79,5,10,0.10351937635215681
79,6,1,0.10307863535334828
79,6,2,0.10305231950068487
79,6,3,0.10316645040694224
79,6,4,0.10366076383959452
79,6,5,0.10320585383301008
79,6,6,0.10306800754681714
79,6,7,0.10308192184839958
79,6,8,0.10275807768738657
79,6,9,0.10323217402973184
79,6,10,0.10347463898986892
79,7,1,0.10312884912501052
79,7,2,0.10307491211927639
79,7,3,0.10317475036536439
79,7,4,0.10366494215495539
79,7,5,0.10319636432342695
79,7,6,0.10376082343383615
79,7,7,0.1030640837076908
79,7,8,0.10269195079804652
79,7,9,0.10323739485437622
79,7,10,0.10345757874838767
79,8,1,0.10314116648609625
79,8,2,0.10301062429016535
79,8,3,0.10316466654608783
79,8,4,0.10366009690440742
79,8,5,0.10316990253601284
79,8,6,0.10371664773510333
79,8,7,0.10301427543888386
79,8,8,0.10264797573004157
79,8,9,0.10323105304136822
79,8,10,0.10343986779086477
79,9,1,0.10318789839546921
79,9,2,0.10295361167933786
79,9,3,0.10317385893404438
79,9,4,0.10366791650610534
79,9,5,0.10315324112368171
79,9,6,0.10368870322295469
79,9,7,0.1029829250030468
79,9,8,0.102649818806659
79,9,9,0.10323683257926243
79,9,10,0.10346913076447312
79,10,1,0.10323239997906346
79,10,2,0.10291007692357482
79,10,3,0.10317198409348935
79,10,4,0.10366445146070367
79,10,5,0.1031419765902002
79,10,6,0.10366007168742057
79,10,7,0.10296173160390862
79,10,8,0.10262914879319446
79,10,9,0.1032356547047863
79,10,10,0.10348569861982501
79,11,1,0.10325599284525462
79,11,2,0.10287643231850982
79,11,3,0.10316368407193496
79,11,4,0.10366016499394819
79,11,5,0.10313742443017457
79,11,6,0.1036461879411261
79,11,7,0.10295316505981515
79,11,8,0.10260680482573706
79,11,9,0.10323043471198928
79,11,10,0.10348567537975753
79,12,1,0.10326551322420778
79,12,2,0.10285849534569419
79,12,3,0.1031513688279386
79,12,4,0.10365363541180536
79,12,5,0.10314276401295727
79,12,6,0.10365124232489772
79,12,7,0.10296314321608459
79,12,8,0.10260740018806962
79,12,9,0.10322269048566492
79,12,10,0.10346581543085863
79,13,1,0.10326419748535957
79,13,2,0.10285355037300047
79,13,3,0.10314362468492821
79,13,4,0.10364881750193854
79,13,5,0.10315252180484216
79,13,6,0.10368222210676253
79,13,7,0.1029815122829002
79,13,8,0.10263045131053586
79,13,9,0.10321780698520677
79,13,10,0.10343657443770611
79,14,1,0.10326024746498379
79,14,2,0.1028682871648876
79,14,3,0.10314460690340946
79,14,4,0.10365013895103187
79,14,5,0.10315985775733504
79,14,6,0.10371804218311119
79,14,7,0.10299537646068364
79,14,8,0.10267250876128045
79,14,9,0.10321842487831169
79,14,10,0.1034341677288542
79,15,1,0.10325978366193889
79,15,2,0.10288612845103601
79,15,3,0.1031504071374353
79,15,4,0.10365165997684449
79,15,5,0.10316782216508916
79,15,6,0.10376094823359507
79,15,7,0.10301030178256912
79,15,8,0.10272744439367093
79,15,9,0.10322207265839421
79,15,10,0.10344856437461498
79,16,1,0.1032611761191182
79,16,2,0.1028909752195855
79,16,3,0.10314362000182051
79,16,4,0.10365368815897621
79,16,5,0.10317483145159358
79,16,6,0.10380173246620474
79,16,7,0.10302354710849101
79,16,8,0.102798072913702
79,16,9,0.10321780763082362
79,16,10,0.10344975486863857
79,17,1,0.10325931898967883
79,17,2,0.1029021257046685
79,17,3,0.1031233658667988
79,17,4,0.1036413428822263
79,17,5,0.10317762706407645
79,17,6,0.10381977240095995
79,17,7,0.10302884628748471
79,17,8,0.1028756214012157
79,17,9,0.10320506937644199
79,17,10,0.10343594888471647
79,18,1,0.10325303650935634
79,18,2,0.10294129769617792
79,18,3,0.10311283640890408
79,18,4,0.10363623878362879
79,18,5,0.10318448517779039
79,18,6,0.1037971277206467
79,18,7,0.10304173800638812
79,18,8,0.10295773828685294
79,18,9,0.10319844791744646
79,18,10,0.10344456054966328
79,19,1,0.10323708238466035
79,19,2,0.10299210508898062
79,19,3,0.10313362229764375
79,19,4,0.10364130554854777
79,19,5,0.10319579233099939
79,19,6,0.10375114998269315
79,19,7,0.10306293523630046
79,19,8,0.10298947038683186
79,19,9,0.10321152382058948
79,19,10,0.10350343725046222
79,20,1,0.10322214298231776
79,20,2,0.10300500026391268
79,20,3,0.1031316602852561
79,20,4,0.10364744844612746
79,20,5,0.1031944437136364
79,20,6,0.10370189638830074
79,20,7,0.10306046285807209
79,20,8,0.10292580359627128
79,20,9,0.10321028883151198
79,20,10,0.10351373776565623
79,21,1,0.10320304242780781
79,21,2,0.10298192419077311
79,21,3,0.10312550821108224
79,21,4,0.10364342682915713
79,21,5,0.10318110277435306
79,21,6,0.10365823075860156
79,21,7,0.10303529341097951
79,21,8,0.10285865248648544
79,21,9,0.10320641433154085
79,21,10,0.10348573181836268
79,22,1,0.10319342713223599
79,22,2,0.1029242319053666
79,22,3,0.10313665720933539
79,22,4,0.10364532813298018
79,22,5,0.10316632669271929
79,22,6,0.10360448743700745
79,22,7,0.10300756406769856
79,22,8,0.10280797507270517
79,22,9,0.10321343230391858
79,22,10,0.10344624639532218
79,23,1,0.10319501017891926
79,23,2,0.10288777672821536
79,23,3,0.10313764515509573
79,23,4,0.10365036132318024
79,23,5,0.10315768245860618
79,23,6,0.10355989727688401
79,23,7,0.10299122702646556
79,23,8,0.10275481843031485
79,23,9,0.10321404917642864
79,23,10,0.1034327665864369
79,24,1,0.10320725388411377
79,24,2,0.1028925262967646
79,24,3,0.10312335954491611
79,24,4,0.10364462598295138
79,24,5,0.10314046702226744
79,24,6,0.10357685688343524
79,24,7,0.10295890545983191
79,24,8,0.10276351972858996
79,24,9,0.10320506995460006
79,24,10,0.10339352486516537
80,1,1,0.05403181113502121
80,1,2,0.05403101465394246
80,1,3,0.05403108017412642
80,1,4,0.054215233793476605
80,1,5,0.054031529828788456
80,1,6,0.054035129465238814
80,1,7,0.05403104468642751
80,1,8,0.054121620268732726
80,1,9,0.05403102746310909
80,1,10,0.0542959991011397
80,2,1,0.05403181253476951
80,2,2,0.05403101465327337
80,2,3,0.054031080048666434
80,2,4,0.0542148540001746
80,2,5,0.054031526135077716
80,2,6,0.05403508821386296
80,2,7,0.05403104409962495
80,2,8,0.05412258424590659
80,2,9,0.05403102842565688
80,2,10,0.05429733645181059
80,3,1,0.054031809952058314
80,3,2,0.054031014725421406
80,3,3,0.0540310800693632
80,3,4,0.05421300284527956
80,3,5,0.05403152450170429
80,3,6,0.05403507797706294
80,3,7,0.05403104447055809
80,3,8,0.054122900192507366
80,3,9,0.05403102841756479
80,3,10,0.05429614446291244
80,4,1,0.05403181775236072
80,4,2,0.054031014375249486
80,4,3,0.054031080254227905
80,4,4,0.05421517843151372
80,4,5,0.05403152672105826
80,4,6,0.05403510002224852
80,4,7,0.05403104462133195
80,4,8,0.05412270780881953
80,4,9,0.05403102824460233
80,4,10,0.05429838001917515
80,5,1,0.05403181866174246
80,5,2,0.05403101463396091
80,5,3,0.054031080178442145
80,5,4,0.05421558198257297
80,5,5,0.054031538745948904
80,5,6,0.05403510101024918
80,5,7,0.05403104475165507
80,5,8,0.054122929672654335
80,5,9,0.05403102830103245
80,5,10,0.05429856208340264
80,6,1,0.05403181879139864
80,6,2,0.054031014634660555
80,6,3,0.05403108032224192
80,6,4,0.05421472184287733
80,6,5,0.05403152773073878
80,6,6,0.05403506692274396
80,6,7,0.05403104428666481
80,6,8,0.05412309074267457
80,6,9,0.054031028130553015
80,6,10,0.05429873694695564
80,7,1,0.0540318099328774
80,7,2,0.05403101478780227
80,7,3,0.05403108056063832
80,7,4,0.054214568349112986
80,7,5,0.05403152366508272
80,7,6,0.05432343286089068
80,7,7,0.05403104455803097
80,7,8,0.054122282716667594
80,7,9,0.05403102857517366
80,7,10,0.05429844346499968
80,8,1,0.05403181454207282
80,8,2,0.05403101440504328
80,8,3,0.05403108073660132
80,8,4,0.054214858873652495
80,8,5,0.05403152682288252
80,8,6,0.05432429561762371
80,8,7,0.054031044253742576
80,8,8,0.0541231413994342
80,8,9,0.05403102858935483
80,8,10,0.05429900973991377
80,9,1,0.05403181864833112
80,9,2,0.054031014744133826
80,9,3,0.05403108081286671
80,9,4,0.054216106848332946
80,9,5,0.0540315265533865
80,9,6,0.05432457213625067
80,9,7,0.054031044166830876
80,9,8,0.05412313425227662
80,9,9,0.054031028139443965
80,9,10,0.054299004830197076
80,10,1,0.05403181810551686
80,10,2,0.05403101457167997
80,10,3,0.05403108070814041
80,10,4,0.0542150083725239
80,10,5,0.054031526268513264
80,10,6,0.054324666877994573
80,10,7,0.054031044460647305
80,10,8,0.05412275160052056
80,10,9,0.05403102848659139
80,10,10,0.05429845459972318
80,11,1,0.05403181822569302
80,11,2,0.054031014511774104
80,11,3,0.05403108042775147
80,11,4,0.054215121516755296
80,11,5,0.05403152625390964
80,11,6,0.054324836758534945
80,11,7,0.054031044594690214
80,11,8,0.05412348312116134
80,11,9,0.05403102807390712
80,11,10,0.05429914452629144
80,12,1,0.05403181451827239
80,12,2,0.05403101474765426
80,12,3,0.05403108051846769
80,12,4,0.054215216369609104
80,12,5,0.054031540493257826
80,12,6,0.05432438324444677
80,12,7,0.054031044209144216
80,12,8,0.05412303984547593
80,12,9,0.054031028048258344
80,12,10,0.05429853026595158
80,13,1,0.054031806364213945
80,13,2,0.05403101452502368
80,13,3,0.054031088540441696
80,13,4,0.054214976083538605
80,13,5,0.05403153895852331
80,13,6,0.054324365188074326
80,13,7,0.05403104438274928
80,13,8,0.054123295361971864
80,13,9,0.05403102758003768
80,13,10,0.054296802924809706
80,14,1,0.05403181732449101
80,14,2,0.0540310145230021
80,14,3,0.05403108860917338
80,14,4,0.05421531181811679
80,14,5,0.054031526439690315
80,14,6,0.05432439564937587
80,14,7,0.054031044184286
80,14,8,0.05412350304657656
80,14,9,0.05403102796040229
80,14,10,0.05429840839278548
80,15,1,0.05403181705723396
80,15,2,0.05403101479536696
80,15,3,0.05403108847897821
80,15,4,0.05421466186880346
80,15,5,0.05403153919892586
80,15,6,0.0543245678150396
80,15,7,0.05403104456931868
80,15,8,0.05412216230248804
80,15,9,0.054031027862203956
80,15,10,0.054299073259313844
80,16,1,0.0540318185640156
80,16,2,0.05403101437349062
80,16,3,0.05403108649777235
80,16,4,0.05421707532162664
80,16,5,0.05403152704271745
80,16,6,0.054324495560372464
80,16,7,0.05403104417674432
80,16,8,0.054122999249951134
80,16,9,0.05403102797638567
80,16,10,0.054299571149309535
80,17,1,0.054031815910572885
80,17,2,0.05403101447427913
80,17,3,0.05403108829986411
80,17,4,0.05421654367383428
80,17,5,0.05403151951642194
80,17,6,0.054324787652996816
80,17,7,0.054031044330220525
80,17,8,0.054123257773930365
80,17,9,0.05403102841614058
80,17,10,0.054299072657977274
80,18,1,0.05403181965043064
80,18,2,0.054031014588054635
80,18,3,0.05403108844108851
80,18,4,0.054216835739813424
80,18,5,0.05403152164691628
80,18,6,0.05432211607071771
80,18,7,0.054031043556514925
80,18,8,0.054123353906218134
80,18,9,0.054031028630844156
80,18,10,0.054295756060717654
80,19,1,0.05403180408081996
80,19,2,0.054031014713155676
80,19,3,0.05403108548200871
80,19,4,0.05421416427573654
80,19,5,0.054031539125307025
80,19,6,0.054325322079611715
80,19,7,0.05403104433081345
80,19,8,0.05412334976514294
80,19,9,0.05403102862913494
80,19,10,0.05429915185993918
80,20,1,0.054031823068326046
80,20,2,0.054031014613411754
80,20,3,0.05403108607405563
80,20,4,0.05421723661950101
80,20,5,0.05403152519592063
80,20,6,0.054325858065473485
80,20,7,0.054031044457214954
80,20,8,0.05412267177236182
80,20,9,0.05403102874443742
80,20,10,0.05429871695466537
80,21,1,0.05403258636327888
80,21,2,0.05403101461310547
80,21,3,0.054031088264403476
80,21,4,0.054216959030633484
80,21,5,0.05403153881019993
80,21,6,0.054325258451025704
80,21,7,0.05403104444600667
80,21,8,0.05412340520888799
80,21,9,0.05403102766089137
80,21,10,0.05429917020720228
80,22,1,0.054032588220102616
80,22,2,0.05403101420113768
80,22,3,0.05403108577175626
80,22,4,0.054215173013808786
80,22,5,0.054031523246230145
80,22,6,0.05432339617973272
80,22,7,0.054031044670132526
80,22,8,0.054122298866962744
80,22,9,0.054031028687581036
80,22,10,0.05429730823711671
80,23,1,0.054032518906823
80,23,2,0.05403101459263866
80,23,3,0.05403108822035305
80,23,4,0.054217053855875705
80,23,5,0.054031537985041345
80,23,6,0.05432584645692867
80,23,7,0.05403104450799614
80,23,8,0.05412336030446631
80,23,9,0.05403102848470725
80,23,10,0.05429947099285031
80,24,1,0.05403260468995833
80,24,2,0.054031014211128915
80,24,3,0.05403108571412305
80,24,4,0.05421790707593166
80,24,5,0.054031522907701045
80,24,6,0.05432688731015178
80,24,7,0.054031044397096065
80,24,8,0.054123812654007133
80,24,9,0.05403102873712385
80,24,10,0.054301123505003525
81,1,1,0.036890788187321444
81,1,2,0.036766345949987574
81,1,3,0.03698366110758066
81,1,4,0.03722952364981897
81,1,5,0.03704799591132415
81,1,6,0.036885151024390335
81,1,7,0.03693200741297382
81,1,8,0.03636474484023886
81,1,9,0.03705593266044965
81,1,10,0.03698618936271526
81,2,1,0.03688959035493672
81,2,2,0.03678326970211726
81,2,3,0.0369855310238432
81,2,4,0.03722981258372176
81,2,5,0.03705094099275683
81,2,6,0.03689997563603339
81,2,7,0.03693755579801112
81,2,8,0.036394876454027836
81,2,9,0.037057109211340714
81,2,10,0.036972094700911624
81,3,1,0.03690324460596115
81,3,2,0.03680735027506274
81,3,3,0.03699505515468521
81,3,4,0.037233461515183856
81,3,5,0.03705211023558607
81,3,6,0.036905344914091996
81,3,7,0.036939758608477445
81,3,8,0.03651453352589455
81,3,9,0.037063098023004795
81,3,10,0.03696735575553249
81,4,1,0.03691045042084113
81,4,2,0.036821953609343615
81,4,3,0.03699505551433534
81,4,4,0.037235291688724685
81,4,5,0.037049771186530515
81,4,6,0.03690273040011878
81,4,7,0.03693535487593404
81,4,8,0.03649891075879893
81,4,9,0.03706309806718006
81,4,10,0.03698252830909299
81,5,1,0.036905653024099525
81,5,2,0.03685734949276655
81,5,3,0.036989358900034366
81,5,4,0.037232544718639814
81,5,5,0.037043230728832935
81,5,6,0.03689335341740548
81,5,7,0.03692302297615298
81,5,8,0.036478132539193596
81,5,9,0.03705951554335054
81,5,10,0.03697715856818038
81,6,1,0.03691285048857935
81,6,2,0.03688781434847224
81,6,3,0.037001552830174624
81,6,4,0.037238574286847154
81,6,5,0.03704017599062403
81,6,6,0.036897312513577675
81,6,7,0.03691729691656418
81,6,8,0.036466872878618904
81,6,9,0.03706718333344603
81,6,10,0.03693227967794991
81,7,1,0.03696294730179855
81,7,2,0.03691034829981405
81,7,3,0.03700983093286992
81,7,4,0.03724296418557973
81,7,5,0.03703071710352666
81,7,6,0.03718188887299172
81,7,7,0.036899504372938194
81,7,8,0.03640203788090042
81,7,9,0.03707239009692152
81,7,10,0.036915684421956314
81,8,1,0.03697522567846627
81,8,2,0.03684622755585296
81,8,3,0.036999773066418266
81,8,4,0.03723771769086634
81,8,5,0.037004319284949426
81,8,6,0.03713655944294998
81,8,7,0.03684982563366428
81,8,8,0.036356977214053635
81,8,9,0.03706606469481484
81,8,10,0.03689716170901696
81,9,1,0.03702183064998526
81,9,2,0.036789362106269534
81,9,3,0.037008941644633586
81,9,4,0.03724370971731005
81,9,5,0.03698770127823882
81,9,6,0.03710828323133564
81,9,7,0.036818556641604085
81,9,8,0.036358827975364556
81,9,9,0.037071829831795154
81,9,10,0.036926397113035574
81,10,1,0.037066217318841604
81,10,2,0.03674594027802318
81,10,3,0.037007071723846
81,10,4,0.03724184876441971
81,10,5,0.03697646655228099
81,10,6,0.037079590140489574
81,10,7,0.036797417412316985
81,10,8,0.03633874866001376
81,10,9,0.037070654629380084
81,10,10,0.03694372270302972
81,11,1,0.03708974902159505
81,11,2,0.03671238242550678
81,11,3,0.03699879348380036
81,11,4,0.037237413595890674
81,11,5,0.0369719260947246
81,11,6,0.037065485878662575
81,11,7,0.0367888730944962
81,11,8,0.03631544219227764
81,11,9,0.03706544875642034
81,11,10,0.03694271092322562
81,12,1,0.037099250033118245
81,12,2,0.036694491809625196
81,12,3,0.036986509951933484
81,12,4,0.03723076989040418
81,12,5,0.036977230498894294
81,12,6,0.03707118552696729
81,12,7,0.036798825931226097
81,12,8,0.03631663559984492
81,12,9,0.03705772446086101
81,12,10,0.036923777115375804
81,13,1,0.03709794985387872
81,13,2,0.03668955979501094
81,13,3,0.03697877420942284
81,13,4,0.037226307394017145
81,13,5,0.03698696527794023
81,13,6,0.03710212314764224
81,13,7,0.03681714693262694
81,13,8,0.03633929032263569
81,13,9,0.0370528542050596
81,13,10,0.03689709765960551
81,14,1,0.03709399361620483
81,14,2,0.03670425854866293
81,14,3,0.036979753815510365
81,14,4,0.0372271463531524
81,14,5,0.03699430114692722
81,14,6,0.03713777372006464
81,14,7,0.036830975893405817
81,14,8,0.036380954358483805
81,14,9,0.03705347004649212
81,14,10,0.03689238353302919
81,15,1,0.03709353178585248
81,15,2,0.03672205334946821
81,15,3,0.03698553915926754
81,15,4,0.037229562391658554
81,15,5,0.03700222573552421
81,15,6,0.037180381645707326
81,15,7,0.03684586185492842
81,15,8,0.036437596312829494
81,15,9,0.037057108553299994
81,15,10,0.03690579133850456
81,16,1,0.03709491791409738
81,16,2,0.0367268882065367
81,16,3,0.03697877241347407
81,16,4,0.03722818231784855
81,16,5,0.03700923491757361
81,16,6,0.037221172524273004
81,16,7,0.0368590734767055
81,16,8,0.036506886072484014
81,16,9,0.03705285453040478
81,16,10,0.03690625302948548
81,17,1,0.03709306946085734
81,17,2,0.03673800966564548
81,17,3,0.03695856831380374
81,17,4,0.03721662335385842
81,17,5,0.03701203481525747
81,17,6,0.037238753464022625
81,17,7,0.03686435871163046
81,17,8,0.03658389921047797
81,17,9,0.037040148539345535
81,17,10,0.03689320471958633
81,18,1,0.03708679778857803
81,18,2,0.03677708025453545
81,18,3,0.03694806584336056
81,18,4,0.037211119102962986
81,18,5,0.0370188718186237
81,18,6,0.03722003250187091
81,18,7,0.03687721821175059
81,18,8,0.0366656544645452
81,18,9,0.03703354422115415
81,18,10,0.03690659620415962
81,19,1,0.037070908679896784
81,19,2,0.036827756106111394
81,19,3,0.036968802363231384
81,19,4,0.03721994026381953
81,19,5,0.037030123502252196
81,19,6,0.037169503831217844
81,19,7,0.03689835918711683
81,19,8,0.03669731212711536
81,19,9,0.037046586156388395
81,19,10,0.03696038008083884
81,20,1,0.03705597962349063
81,20,2,0.036840618022035636
81,20,3,0.036966844238334705
81,20,4,0.037221734201217174
81,20,5,0.03702879921291459
81,20,6,0.03711954358697079
81,20,7,0.036895893102879856
81,20,8,0.036634763091106415
81,20,9,0.03704535409361418
81,20,10,0.03697132264321051
81,21,1,0.037035788583004
81,21,2,0.03681760164955384
81,21,3,0.03696070502295937
81,21,4,0.03721811859215413
81,21,5,0.03701547229141498
81,21,6,0.03707685035090943
81,21,7,0.03687078889847837
81,21,8,0.0365667697990266
81,21,9,0.03704149104579718
81,21,10,0.036942685786360625
81,22,1,0.037026194919912235
81,22,2,0.036760059171164566
81,22,3,0.036971828905143875
81,22,4,0.03722254740055237
81,22,5,0.037000757942472
81,22,6,0.03702597763203016
81,22,7,0.03684313100225268
81,22,8,0.03651774731465684
81,22,9,0.03704848949460033
81,22,10,0.03690603635869028
81,23,1,0.03702787750475249
81,23,2,0.03672369769958613
81,23,3,0.03697281057618767
81,23,4,0.0372248694194918
81,23,5,0.036992114013745886
81,23,6,0.03697789785760629
81,23,7,0.03682683640325807
81,23,8,0.036463240659862464
81,23,9,0.037049105000802975
81,23,10,0.03688942229441111
81,24,1,0.03703996097145188
81,24,2,0.036728435345711484
81,24,3,0.03695856584347192
81,24,4,0.03721793904351871
81,24,5,0.03697496630732611
81,24,6,0.036993316998019075
81,24,7,0.03679459860083623
81,24,8,0.03647129615892856
81,24,9,0.03704014872955915
81,24,10,0.03684788758608498
82,1,1,0.042012083214513746
82,1,2,0.04201168897468509
82,1,3,0.04201172168783935
82,1,4,0.0421049902367997
82,1,5,0.042011943087901196
82,1,6,0.04201376023506516
82,1,7,0.042011703975893606
82,1,8,0.04205797427674659
82,1,9,0.04201169524841186
82,1,10,0.042145431549436486
82,2,1,0.04201208379031817
82,2,2,0.04201168899138361
82,2,3,0.04201172162425844
82,2,4,0.04210479410812757
82,2,5,0.04201194149446011
82,2,6,0.04201373831712855
82,2,7,0.042011703638094526
82,2,8,0.04205845823472283
82,2,9,0.042011695727188866
82,2,10,0.042146095833178084
82,3,1,0.04201208243740255
82,3,2,0.042011689056213775
82,3,3,0.042011721508643934
82,3,4,0.04210387138759269
82,3,5,0.042011940501151215
82,3,6,0.04201373291501422
82,3,7,0.042011703857613616
82,3,8,0.04205862019720022
82,3,9,0.04201169577005078
82,3,10,0.04214550458828202
82,4,1,0.04201208652544926
82,4,2,0.042011688842310546
82,4,3,0.04201172156345745
82,4,4,0.04210495806633553
82,4,5,0.042011941706735285
82,4,6,0.04201374457884254
82,4,7,0.042011703878359806
82,4,8,0.04205852148071017
82,4,9,0.042011695652719463
82,4,10,0.0421466171225566
82,5,1,0.042012086831657906
82,5,2,0.04201168895444096
82,5,3,0.04201172154964249
82,5,4,0.04210515998684658
82,5,5,0.042011947481371575
82,5,6,0.0420137451402373
82,5,7,0.04201170388667316
82,5,8,0.04205863327602546
82,5,9,0.04201169559846795
82,5,10,0.042146714470103486
82,6,1,0.042012086808061115
82,6,2,0.042011688914902263
82,6,3,0.042011721728831754
82,6,4,0.04210473319114823
82,6,5,0.042011942226032314
82,6,6,0.04201372818624391
82,6,7,0.042011703729451205
82,6,8,0.04205871649684627
82,6,9,0.042011695656976704
82,6,10,0.04214680289445605
82,7,1,0.04201208251404042
82,7,2,0.042011689028112385
82,7,3,0.04201172180294626
82,7,4,0.04210465656742111
82,7,5,0.04201194015357463
82,7,6,0.04215915760385328
82,7,7,0.042011703829738706
82,7,8,0.04205830846507366
82,7,9,0.04201169569446265
82,7,10,0.04214665604791329
82,8,1,0.04201208478312608
82,8,2,0.04201168893561148
82,8,3,0.04201172188269917
82,8,4,0.042104802202758834
82,8,5,0.04201194165099202
82,8,6,0.042159588648126876
82,8,7,0.042011703780264975
82,8,8,0.042058741839268596
82,8,9,0.042011695832769785
82,8,10,0.04214693446810681
82,9,1,0.04201208680996485
82,9,2,0.04201168903485073
82,9,3,0.04201172185821072
82,9,4,0.042105423324722405
82,9,5,0.04201194159328723
82,9,6,0.04215972773501399
82,9,7,0.042011703758197017
82,9,8,0.04205873886276799
82,9,9,0.04201169560846497
82,9,10,0.04214693704919949
82,10,1,0.04201208663510393
82,10,2,0.04201168900128696
82,10,3,0.0420117218475169
82,10,4,0.04210487704199356
82,10,5,0.042011941445402844
82,10,6,0.04215977616624947
82,10,7,0.0420117038377576
82,10,8,0.04205854539809312
82,10,9,0.04201169585894741
82,10,10,0.042146657196206264
82,11,1,0.04201208662634296
82,11,2,0.04201168893333475
82,11,3,0.042011721702778775
82,11,4,0.04210493390352434
82,11,5,0.04201194130223982
82,11,6,0.042159860512524336
82,11,7,0.042011703889604644
82,11,8,0.04205891487074987
82,11,9,0.04201169560713473
82,11,10,0.04214700831861561
82,12,1,0.04201208473968355
82,12,2,0.04201168888699294
82,12,3,0.0420117217390206
82,12,4,0.04210498199758275
82,12,5,0.042011948449139344
82,12,6,0.042159629422800125
82,12,7,0.04201170369718641
82,12,8,0.04205868944773607
82,12,9,0.04201169560170664
82,12,10,0.04214669585071902
82,13,1,0.042012080779028405
82,13,2,0.042011688940132144
82,13,3,0.04201172573337423
82,13,4,0.042104861768727096
82,13,5,0.04201194761131905
82,13,6,0.04215962431663885
82,13,7,0.04201170372586509
82,13,8,0.0420588203148293
82,13,9,0.04201169546723952
82,13,10,0.04214583035853146
82,14,1,0.04201208624295149
82,14,2,0.04201168881734987
82,14,3,0.042011725808424306
82,14,4,0.042105029641457015
82,14,5,0.04201194151841276
82,14,6,0.04215963449720588
82,14,7,0.04201170365016933
82,14,8,0.04205892494147448
82,14,9,0.042011695552073534
82,14,10,0.04214663513149994
82,15,1,0.0420120860995504
82,15,2,0.04201168899573043
82,15,3,0.042011725829109524
82,15,4,0.04210470060402112
82,15,5,0.04201194772300295
82,15,6,0.04215972661823519
82,15,7,0.04201170386628615
82,15,8,0.04205824707003225
82,15,9,0.04201169547554582
82,15,10,0.04214697235833807
82,16,1,0.04201208688027638
82,16,2,0.04201168894960289
82,16,3,0.04201172479844057
82,16,4,0.04210591330845517
82,16,5,0.04201194172643272
82,16,6,0.04215968571415066
82,16,7,0.04201170368951016
82,16,8,0.04205866895557515
82,16,9,0.04201169557622286
82,16,10,0.04214721941770205
82,17,1,0.04201208551769748
82,17,2,0.04201168892193089
82,17,3,0.04201172568273269
82,17,4,0.04210564672930924
82,17,5,0.042011938217918814
82,17,6,0.0421598427640057
82,17,7,0.042011703766020585
82,17,8,0.04205879953565443
82,17,9,0.04201169575059185
82,17,10,0.04214697742234497
82,18,1,0.042012087271113815
82,18,2,0.04201168889373612
82,18,3,0.04201172571476679
82,18,4,0.0421057932529239
82,18,5,0.04201193915726723
82,18,6,0.04215849483305197
82,18,7,0.04201170339697413
82,18,8,0.0420588452760001
82,18,9,0.04201169583775567
82,18,10,0.04214530804974265
82,19,1,0.04201207953958188
82,19,2,0.04201168888757692
82,19,3,0.04201172425817847
82,19,4,0.0421044511012532
82,19,5,0.042011947677284535
82,19,6,0.04216010079218327
82,19,7,0.04201170378653607
82,19,8,0.042058843150803736
82,19,9,0.04201169584181363
82,19,10,0.042147009318187906
82,20,1,0.042012088953732006
82,20,2,0.04201168887241187
82,20,3,0.042011724593376314
82,20,4,0.04210599449719776
82,20,5,0.0420119409100239
82,20,6,0.042160368853258676
82,20,7,0.04201170387542449
82,20,8,0.042058504303213444
82,20,9,0.042011695836409124
82,20,10,0.04214678910146912
82,21,1,0.042012470990449545
82,21,2,0.0420116890132309
82,21,3,0.0420117257389856
82,21,4,0.0421058556581143
82,21,5,0.042011947616645264
82,21,6,0.04216006898670289
82,21,7,0.04201170381773784
82,21,8,0.04205887388964367
82,21,9,0.0420116954192263
82,21,10,0.04214701100623576
82,22,1,0.0420124721032014
82,22,2,0.04201168888689334
82,22,3,0.042011724437563236
82,22,4,0.042104958044830526
82,22,5,0.04201194002899555
82,22,6,0.042159136202284446
82,22,7,0.04201170390586095
82,22,8,0.042058316608095676
82,22,9,0.04201169589176313
82,22,10,0.042146085710300554
82,23,1,0.04201243763338443
82,23,2,0.042011688943983064
82,23,3,0.04201172562847673
82,23,4,0.042105901493273416
82,23,5,0.04201194719923128
82,23,6,0.042160364092534756
82,23,7,0.042011703791368614
82,23,8,0.04205884896639821
82,23,9,0.04201169584704123
82,23,10,0.04214716966428954
82,24,1,0.04201248076403973
82,24,2,0.0420116888428003
82,24,3,0.04201172434764454
82,24,4,0.042106330221532366
82,24,5,0.042011939818513894
82,24,6,0.04216088688806916
82,24,7,0.0420117038730059
82,24,8,0.04205908031118924
82,24,9,0.04201169586717163
82,24,10,0.04214799811012008
83,1,1,0.02475720628961079
83,1,2,0.02463405913795621
83,1,3,0.02484977571645811
83,1,4,0.025021549005851424
83,1,5,0.024913415366738675
83,1,6,0.024749890174551224
83,1,7,0.02479851219164568
83,1,8,0.024200588636961354
83,1,9,0.02492154871343914
83,1,10,0.024744846251337837
83,2,1,0.02475601605450357
83,2,2,0.024650861106508742
83,2,3,0.02485163207513708
83,2,4,0.025022130602804723
83,2,5,0.024916341281057363
83,2,6,0.024764629375041147
83,2,7,0.024804020727688742
83,2,8,0.024230170773510886
83,2,9,0.024922716244481898
83,2,10,0.024730322516216128
83,3,1,0.024769573088018526
83,3,2,0.024674768277951783
83,3,3,0.024861087353595015
83,3,4,0.025026478312530027
83,3,5,0.024917502673336513
83,3,6,0.024769963014430234
83,3,7,0.02480620741333641
83,3,8,0.024348847539641377
83,3,9,0.024928661637788764
83,3,10,0.024726071023290244
83,4,1,0.024776722625443698
83,4,2,0.02468926646903011
83,4,3,0.02486108752639054
83,4,4,0.025027456514584042
83,4,5,0.024915179613710668
83,4,6,0.024767358912790326
83,4,7,0.024801835496688976
83,4,8,0.02433344130222387
83,4,9,0.024928661655577777
83,4,10,0.02474023304123781
83,5,1,0.024771959610192962
83,5,2,0.024724407068729953
83,5,3,0.02485543216302118
83,5,4,0.02502455482603709
83,5,5,0.024908680545425152
83,5,6,0.024758049331559825
83,5,7,0.024789592718700553
83,5,8,0.024312724435121155
83,5,9,0.02492510528226083
83,5,10,0.024734736647154608
83,6,1,0.024779105028585116
83,6,2,0.02475465208062363
83,6,3,0.024867537702995893
83,6,4,0.025030840182735725
83,6,5,0.024905653474441753
83,6,6,0.024762000237174585
83,6,7,0.02478390817278883
83,6,8,0.024301446343661524
83,6,9,0.024932717436235857
83,6,10,0.02469006900859981
83,7,1,0.024828844254424533
83,7,2,0.02477702333070386
83,7,3,0.024875755851307364
83,7,4,0.025035268794489356
83,7,5,0.024896265229123776
83,7,6,0.024926894722414168
83,7,7,0.024766244039181033
83,7,8,0.02423740758189202
83,7,9,0.02493788629890347
83,7,10,0.024673711397582582
83,8,1,0.024841031347189995
83,8,2,0.02471336542788522
83,8,3,0.02486577074750535
83,8,4,0.025029936486814505
83,8,5,0.024870057040360084
83,8,6,0.024881472253076145
83,8,7,0.024716923933879663
83,8,8,0.02419229220830381
83,8,9,0.02493160676817296
83,8,10,0.02465516444039129
83,9,1,0.02488729683224304
83,9,2,0.024656909644613784
83,9,3,0.024874872913450988
83,9,4,0.025035440563025948
83,9,5,0.02485355944837221
83,9,6,0.02485325366529159
83,9,7,0.02468588036441644
83,9,8,0.02419413390031402
83,9,9,0.024937330246178897
83,9,10,0.02468410399913413
83,10,1,0.02493136184408605
83,10,2,0.024613800351072117
83,10,3,0.024873016554029494
83,10,4,0.02503397716718255
83,10,5,0.024842406166473218
83,10,6,0.02482471371531305
83,10,7,0.02466489324053095
83,10,8,0.024174392867525762
83,10,9,0.024936163406364176
83,10,10,0.02470170301223533
83,11,1,0.024954722766879635
83,11,2,0.024580483622066853
83,11,3,0.024864798332347667
83,11,4,0.025029526724148734
83,11,5,0.02483789865301362
83,11,6,0.024810616617545692
83,11,7,0.024656410452485858
83,11,8,0.024150920961170216
83,11,9,0.02493099547892579
83,11,10,0.024700255987786246
83,12,1,0.024964156743556978
83,12,2,0.02456272153938294
83,12,3,0.024852603667772602
83,12,4,0.025022892357787506
83,12,5,0.024843157176218215
83,12,6,0.024816614499176177
83,12,7,0.02466629180099029
83,12,8,0.024152309090378698
83,12,9,0.024923327195479017
83,12,10,0.024681824301844898
83,13,1,0.02496287013220694
83,13,2,0.02455782495898712
83,13,3,0.024844920220877868
83,13,4,0.025018562853629675
83,13,5,0.02485282238160566
83,13,6,0.024847241336232676
83,13,7,0.024684480706213957
83,13,8,0.02417468000219517
83,13,9,0.024918492424895706
83,13,10,0.024656117261255845
83,14,1,0.024958936736120797
83,14,2,0.024572418226798887
83,14,3,0.0248458926394542
83,14,4,0.025019255187312232
83,14,5,0.024860111702240825
83,14,6,0.024882759865998055
83,14,7,0.02469821018973398
83,14,8,0.024215975688179008
83,14,9,0.024919103662552733
83,14,10,0.024650701503350896
83,15,1,0.02495847842978828
83,15,2,0.024590085092043416
83,15,3,0.02485163619888348
83,15,4,0.025022006990623326
83,15,5,0.024867972282484208
83,15,6,0.024924921838206715
83,15,7,0.024712988640006883
83,15,8,0.024272778533414766
83,15,9,0.024922715912364724
83,15,10,0.024663617244210383
83,16,1,0.02495985355963751
83,16,2,0.024594885269857127
83,16,3,0.0248449193072765
83,16,4,0.025019555370093042
83,16,5,0.024874936891256683
83,16,6,0.0249656030338191
83,16,7,0.02472610512400451
83,16,8,0.024341260258489705
83,16,9,0.02491849258676254
83,16,10,0.02466387320091746
83,17,1,0.024958019895429485
83,17,2,0.024605926729466467
83,17,3,0.02482486058275437
83,17,4,0.025008300810088493
83,17,5,0.024877720486668073
83,17,6,0.024982865052380225
83,17,7,0.024731352111317207
83,17,8,0.02441762270914192
83,17,9,0.024905878526975192
83,17,10,0.02465114034231403
83,18,1,0.024951791993762726
83,18,2,0.024644716232411372
83,18,3,0.024814434010877982
83,18,4,0.025002719778989015
83,18,5,0.02488450684644637
83,18,6,0.024965551293603377
83,18,7,0.024744119195530694
83,18,8,0.024498769901078098
83,18,9,0.024899322074613327
83,18,10,0.02466601699683572
83,19,1,0.02493602646226041
83,19,2,0.024695027095276316
83,19,3,0.024835021919879283
83,19,4,0.02501266018180352
83,19,5,0.024895668058212635
83,19,6,0.024913815614575768
83,19,7,0.0247651071438114
83,19,8,0.0245302090507063
83,19,9,0.0249122694641848
83,19,10,0.024717845664850812
83,20,1,0.024921195577834718
83,20,2,0.02470779640305512
83,20,3,0.024833077626311078
83,20,4,0.025013122067076447
83,20,5,0.02489436043744778
83,20,6,0.02486393582927841
83,20,7,0.024762658837092857
83,20,8,0.024468382831146305
83,20,9,0.024911046296178452
83,20,10,0.024729002657276344
83,21,1,0.024900776960784476
83,21,2,0.024684945822696588
83,21,3,0.024826981824856858
83,21,4,0.025009647831548045
83,21,5,0.02488112311078855
83,21,6,0.024821784941696914
83,21,7,0.024737735881527896
83,21,8,0.02440055797002743
83,21,9,0.024907211688580778
83,21,10,0.024700256204025422
83,22,1,0.024891251573985213
83,22,2,0.024627817766583307
83,22,3,0.02483802638143806
83,22,4,0.02501481589095243
83,22,5,0.024866523201354882
83,22,6,0.024772129581203124
83,22,7,0.024710277455051718
83,22,8,0.02435231796794801
83,22,9,0.024914158977585546
83,22,10,0.024664741072377927
83,23,1,0.024892956687809262
83,23,2,0.02459171762136652
83,23,3,0.024838999853631107
83,23,4,0.025016302435858825
83,23,5,0.024857934347254033
83,23,6,0.024723182978108157
83,23,7,0.024694100380015845
83,23,8,0.02429776245850253
83,23,9,0.024914770046598797
83,23,10,0.024647197560804256
83,24,1,0.02490490959378673
83,24,2,0.02459642137890621
83,24,3,0.024824859319779534
83,24,4,0.025009023516535164
83,24,5,0.024840918441845283
83,24,6,0.024737970451451444
83,24,7,0.024662094731728614
83,24,8,0.024305577991502483
83,24,9,0.024905878630698
83,24,10,0.024605133037459773
84,1,1,-0.2916859372406335
84,1,2,-0.22556231731143173
84,1,3,-0.29358032171363363
84,1,4,-0.2759662191866194
84,1,5,-0.27074537886114197
84,1,6,-0.27274989135602656
84,1,7,-0.2293129823558046
84,1,8,-0.28499230921273844
84,1,9,-0.34537379605502155
84,1,10,-0.2564326335597897
84,2,1,-0.2890525863702505
84,2,2,-0.21610923821706646
84,2,3,-0.2957037827136372
84,2,4,-0.2853267681251131
84,2,5,-0.29344624845683226
84,2,6,-0.2924315679432821
84,2,7,-0.28610506428272464
84,2,8,-0.28123098018581444
84,2,9,-0.19380615579319474
84,2,10,-0.2864300620765416
84,3,1,-0.28026510632528057
84,3,2,-0.21418614687105508
84,3,3,-0.28238544961863116
84,3,4,-0.2622355317714989
84,3,5,-0.3033831537640364
84,3,6,-0.3036278260949868
84,3,7,-0.21795533825407046
84,3,8,-0.20172374548013888
84,3,9,-0.19185505025014774
84,3,10,-0.2342099803298372
84,4,1,-0.22704130980421036
84,4,2,-0.2756222303300143
84,4,3,-0.28699769426618177
84,4,4,-0.2803568565436457
84,4,5,-0.2853464755440987
84,4,6,-0.2879846685866465
84,4,7,-0.2217008203235681
84,4,8,-0.2787166570982838
84,4,9,-0.19563653257857125
84,4,10,-0.27888123038374124
84,5,1,-0.22675722644692345
84,5,2,-0.21766753307275266
84,5,3,-0.2886030301719156
84,5,4,-0.2799957684363487
84,5,5,-0.11437461961829354
84,5,6,-0.2894791853331448
84,5,7,-0.22141492146635686
84,5,8,-0.27431371399478044
84,5,9,-0.2824449083749227
84,5,10,-0.1983258063943476
84,6,1,-0.22765865435771537
84,6,2,-0.21858081976262908
84,6,3,-0.2850385962105343
84,6,4,-0.2396550666520611
84,6,5,-0.28060375701722573
84,6,6,-0.2888613358759959
84,6,7,-0.2729142947062958
84,6,8,-0.2107596699186016
84,6,9,-0.2764200919232436
84,6,10,-0.20123830212170468
84,7,1,-0.30327151401414515
84,7,2,-0.20837325063880835
84,7,3,-0.24575244866508675
84,7,4,-0.2242659508489536
84,7,5,-0.3078754814806957
84,7,6,-0.17686688533733502
84,7,7,-0.21207635165660918
84,7,8,-0.30053162136402034
84,7,9,-0.1859336757070142
84,7,10,-0.18997660745705686
84,8,1,-0.2771067181578317
84,8,2,-0.2721201181319537
84,8,3,-0.257299171882699
84,8,4,-0.23781289302323258
84,8,5,-0.2816959833544833
84,8,6,-0.1941555074917544
84,8,7,-0.273788430132301
84,8,8,-0.21019783727329194
84,8,9,-0.19090140569000366
84,8,10,-0.2616650623395698
84,9,1,-0.222311494955133
84,9,2,-0.21306001246705364
84,9,3,-0.2571633769550932
84,9,4,-0.26657809265190935
84,9,5,-0.2824080332695579
84,9,6,-0.20201031611365777
84,9,7,-0.27440333263161815
84,9,8,-0.20782943085670133
84,9,9,-0.2781315181630882
84,9,10,-0.2002778207733799
84,10,1,-0.22135421472143438
84,10,2,-0.2775904201102152
84,10,3,-0.2561667672761825
84,10,4,-0.2315737080227376
84,10,5,-0.2867605859922608
84,10,6,-0.19434425834109767
84,10,7,-0.21578812624023389
84,10,8,-0.26971298993997717
84,10,9,-0.18973326608138616
84,10,10,-0.2676828328365752
84,11,1,-0.22152718479261
84,11,2,-0.21220303124284293
84,11,3,-0.2895426854709779
84,11,4,-0.23238016971581005
84,11,5,-0.2858866730735303
84,11,6,-0.2005436678164188
84,11,7,-0.21597160113341968
84,11,8,-0.20090917287679724
84,11,9,-0.28206306533760594
84,11,10,-0.19910656762538848
84,12,1,-0.2772343682805469
84,12,2,-0.2131178809649561
84,12,3,-0.2850743432658645
84,12,4,-0.2327486395797157
84,12,5,-0.10570954296095461
84,12,6,-0.2553010684565845
84,12,7,-0.273955559179713
84,12,8,-0.263431933488135
84,12,9,-0.27759054382875104
84,12,10,-0.2669793001247183
84,13,1,-0.29561280809772567
84,13,2,-0.18801080775384257
84,13,3,-0.10900931284284547
84,13,4,-0.20712588509951785
84,13,5,-0.0805496618782086
84,13,6,-0.16216074432928312
84,13,7,-0.19180244757626538
84,13,8,-0.1702618749100345
84,13,9,-0.29595933907377414
84,13,10,-0.2854679871920962
84,14,1,-0.20121636049943156
84,14,2,-0.26435883780077507
84,14,3,-0.11448790468347536
84,14,4,-0.21067375852685088
84,14,5,-0.2588856923761521
84,14,6,-0.2530916374434081
84,14,7,-0.26611079908006546
84,14,8,-0.17598802618092874
84,14,9,-0.26975523617011954
84,14,10,-0.24848274932378087
84,15,1,-0.19473384381732942
84,15,2,-0.18794036352213436
84,15,3,-0.10889132073875997
84,15,4,-0.28472870541418344
84,15,5,-0.08037251636699867
84,15,6,-0.16964870392639744
84,15,7,-0.19168417579416022
84,15,8,-0.2868127993833091
84,15,9,-0.2965082098003242
84,15,10,-0.1633548961890743
84,16,1,-0.2026907366578567
84,16,2,-0.2595004663038552
84,16,3,-0.24773770428965872
84,16,4,-0.16251213190266822
84,16,5,-0.2539624810065855
84,16,6,-0.24763086720993147
84,16,7,-0.2612593248288852
84,16,8,-0.25071168654630704
84,16,9,-0.26489061142773324
84,16,10,-0.17362544519081918
84,17,1,-0.19029710190701218
84,17,2,-0.18247458205478043
84,17,3,-0.10337237007469038
84,17,4,-0.14847093150619425
84,17,5,-0.3120169758123157
84,17,6,-0.17336699159831498
84,17,7,-0.1864287064481664
84,17,8,-0.16702926249983507
84,17,9,-0.15754203019157753
84,17,10,-0.16419465372546344
84,18,1,-0.1748172538620316
84,18,2,-0.18548478145139116
84,18,3,-0.10639909208076438
84,18,4,-0.14860319257712135
84,18,5,-0.2970958126271246
84,18,6,-0.28985865473781197
84,18,7,-0.3044218609431352
84,18,8,-0.16880399259962517
84,18,9,-0.16052743491999805
84,18,10,-0.29567549681141553
84,19,1,-0.3097388180544561
84,19,2,-0.18478798574926822
84,19,3,-0.2944073377877494
84,19,4,-0.2974964178733294
84,19,5,-0.07587505478938002
84,19,6,-0.16919017742329653
84,19,7,-0.1868433904646937
84,19,8,-0.1674708041117401
84,19,9,-0.15981720743650854
84,19,10,-0.16695700385775056
84,20,1,-0.2000376921235809
84,20,2,-0.278499980132582
84,20,3,-0.26665341880032245
84,20,4,-0.1539599137368113
84,20,5,-0.2682161954910515
84,20,6,-0.1717336137370109
84,20,7,-0.19206741762203494
84,20,8,-0.2709864247203329
84,20,9,-0.16516575424507476
84,20,10,-0.26359165037225907
84,21,1,-0.04712893023238845
84,21,2,-0.1735696100487
84,21,3,-0.09433827051497497
84,21,4,-0.14176902833182844
84,21,5,-0.06460289237248498
84,21,6,-0.1722019115469188
84,21,7,-0.1755594426499174
84,21,8,-0.1590779973324942
84,21,9,-0.2919018844319883
84,21,10,-0.15987671894513347
84,22,1,-0.05033816351678791
84,22,2,-0.2797513847248599
84,22,3,-0.2679588266703786
84,22,4,-0.2679235695530749
84,22,5,-0.26949506879979485
84,22,6,-0.27158570958388245
84,22,7,-0.17862041846493074
84,22,8,-0.27218700016503733
84,22,9,-0.14807051269729798
84,22,10,-0.27253170770774077
84,23,1,-0.30504089582731103
84,23,2,-0.16724417378423176
84,23,3,-0.08808555886338845
84,23,4,-0.14459030172583903
84,23,5,-0.05823520917219228
84,23,6,-0.16346681757576192
84,23,7,-0.16924218767761506
84,23,8,-0.15256874543922763
84,23,9,-0.13871588603409676
84,23,10,-0.16912768107153214
84,24,1,-0.15374982537509266
84,24,2,-0.27853362318250546
84,24,3,-0.26672971780640525
84,24,4,-0.16349470233422064
84,24,5,-0.26820096101066404
84,24,6,-0.1747638483024709
84,24,7,-0.175999934602193
84,24,8,-0.1620745417669549
84,24,9,-0.15374288893974522
84,24,10,-0.1697690840157199
85,1,1,0.01200405778526252
85,1,2,0.012003667739619401
85,1,3,0.012003701686488618
85,1,4,0.012101932526669405
85,1,5,0.012003911751921469
85,1,6,0.01200645305511948
85,1,7,0.012003683258330905
85,1,8,0.012053842871814798
85,1,9,0.01200367374660839
85,1,10,0.012143316658318944
85,2,1,0.012004058365069114
85,2,2,0.012003667712676757
85,2,3,0.012003701614768904
85,2,4,0.012101995117941633
85,2,5,0.012003910694310354
85,2,6,0.012006428112582906
85,2,7,0.012003683027181097
85,2,8,0.01205432639582079
85,2,9,0.012003674104100592
85,2,10,0.012144239658287878
85,3,1,0.012004056697031511
85,3,2,0.01200366770452484
85,3,3,0.012003701576287072
85,3,4,0.012100938081687093
85,3,5,0.012003909774895734
85,3,6,0.012006418708882622
85,3,7,0.012003683177788976
85,3,8,0.012054279509532483
85,3,9,0.012003674087902245
85,3,10,0.012143283131810309
85,4,1,0.012004059938983113
85,4,2,0.012003667667258296
85,4,3,0.012003701702689988
85,4,4,0.012102128190934617
85,4,5,0.012003910608484906
85,4,6,0.012006435032981537
85,4,7,0.012003683208058549
85,4,8,0.012054412829956682
85,4,9,0.01200367410853616
85,4,10,0.012144717588346326
85,5,1,0.01200405987543856
85,5,2,0.012003667714992264
85,5,3,0.012003701688287136
85,5,4,0.012102320855558662
85,5,5,0.012003913974942208
85,5,6,0.012006436437288092
85,5,7,0.0120036832033045
85,5,8,0.012054503335529076
85,5,9,0.012003673983866484
85,5,10,0.012144370954076552
85,6,1,0.012004060204234267
85,6,2,0.012003667720424467
85,6,3,0.012003701780296496
85,6,4,0.012101671083272513
85,6,5,0.012003911176914711
85,6,6,0.012006420579789952
85,6,7,0.012003683106579092
85,6,8,0.01205441990812556
85,6,9,0.012003674004230186
85,6,10,0.01214445442070373
85,7,1,0.012004057180354192
85,7,2,0.012003667685155844
85,7,3,0.012003701753686204
85,7,4,0.012101541435998375
85,7,5,0.012003909490577485
85,7,6,0.01215700244803918
85,7,7,0.012003683149499225
85,7,8,0.012054240984233524
85,7,9,0.012003674076424815
85,7,10,0.012144230529922546
85,8,1,0.012004059106936549
85,8,2,0.012003667660041711
85,8,3,0.01200370186159578
85,8,4,0.012101742171990186
85,8,5,0.012003910658877728
85,8,6,0.012157511095554198
85,8,7,0.012003683085943522
85,8,8,0.012054440870756465
85,8,9,0.012003674101863052
85,8,10,0.012145080220557354
85,9,1,0.012004060053500368
85,9,2,0.012003667708298683
85,9,3,0.012003701857448005
85,9,4,0.012102515387358417
85,9,5,0.012003910495902803
85,9,6,0.012157661625881515
85,9,7,0.012003683076787074
85,9,8,0.012054430346431425
85,9,9,0.012003673973546618
85,9,10,0.012144596522498665
85,10,1,0.012004059892700248
85,10,2,0.012003667645022472
85,10,3,0.012003701855204926
85,10,4,0.012101791543673008
85,10,5,0.012003910525477298
85,10,6,0.012157589477601892
85,10,7,0.01200368319133677
85,10,8,0.0120544041869961
85,10,9,0.012003674097134721
85,10,10,0.012144857326262132
85,11,1,0.012004059875580932
85,11,2,0.012003667700721818
85,11,3,0.01200370178529122
85,11,4,0.012101846745027556
85,11,5,0.012003910357576928
85,11,6,0.012157788516980085
85,11,7,0.01200368319233295
85,11,8,0.01205457872835903
85,11,9,0.01200367396036535
85,11,10,0.012144616300746432
85,12,1,0.01200405909221363
85,12,2,0.012003667707479192
85,12,3,0.012003701837158997
85,12,4,0.012101912760073105
85,12,5,0.012003914846467671
85,12,6,0.012157989707214724
85,12,7,0.01200368305443622
85,12,8,0.012054541831726892
85,12,9,0.012003673980527688
85,12,10,0.012144896177120688
85,13,1,0.012004055388718512
85,13,2,0.012003667657723118
85,13,3,0.012003705263836232
85,13,4,0.012101715863071487
85,13,5,0.012003913632475532
85,13,6,0.012157400056664944
85,13,7,0.012003683079140312
85,13,8,0.012054390302830858
85,13,9,0.012003673815156424
85,13,10,0.012144172241913454
85,14,1,0.012004059144821794
85,14,2,0.012003667610570342
85,14,3,0.012003705374527001
85,14,4,0.012101883185570391
85,14,5,0.012003910104320755
85,14,6,0.01215787073844406
85,14,7,0.012003682980161048
85,14,8,0.012054520455436894
85,14,9,0.012003673926870186
85,14,10,0.012144641188290776
85,15,1,0.012004058713707558
85,15,2,0.012003667660993464
85,15,3,0.012003705266354745
85,15,4,0.012101898960413162
85,15,5,0.012003913737723049
85,15,6,0.012157351533796764
85,15,7,0.01200368307895708
85,15,8,0.012054156530191705
85,15,9,0.012003673822354984
85,15,10,0.012144304159176542
85,16,1,0.012004059836879343
85,16,2,0.012003667617958309
85,16,3,0.012003704743953127
85,16,4,0.012102628224486578
85,16,5,0.012003910424219562
85,16,6,0.012158020161671619
85,16,7,0.012003683011503138
85,16,8,0.012054485599070849
85,16,9,0.012003673944401817
85,16,10,0.012144653162231374
85,17,1,0.012004058129706984
85,17,2,0.012003667635667506
85,17,3,0.012003705186432406
85,17,4,0.01210230100538547
85,17,5,0.012003907577531042
85,17,6,0.012157478843990151
85,17,7,0.012003683036851488
85,17,8,0.012054373174559308
85,17,9,0.012003674035509304
85,17,10,0.012144315573166658
85,18,1,0.012004059481744322
85,18,2,0.012003667648304087
85,18,3,0.012003705238826847
85,18,4,0.012102442568216298
85,18,5,0.01200390836001158
85,18,6,0.012157177992447936
85,18,7,0.01200368277893492
85,18,8,0.012054405325447213
85,18,9,0.012003674063683975
85,18,10,0.012143611250689778
85,19,1,0.01200405430580657
85,19,2,0.012003667640983186
85,19,3,0.012003704325426984
85,19,4,0.012101712764546689
85,19,5,0.012003913517433002
85,19,6,0.012157735926605238
85,19,7,0.012003683070239291
85,19,8,0.012054421570258869
85,19,9,0.012003674054644291
85,19,10,0.012144394408677829
85,20,1,0.012004061902203397
85,20,2,0.01200366757562713
85,20,3,0.012003704588959866
85,20,4,0.01210270069003139
85,20,5,0.012003909592994053
85,20,6,0.012158040382348414
85,20,7,0.012003683122072008
85,20,8,0.012054374600444773
85,20,9,0.01200367408497867
85,20,10,0.012144876129972948
85,21,1,0.01200448084841625
85,21,2,0.012003667627355453
85,21,3,0.012003705148332162
85,21,4,0.012102482610541995
85,21,5,0.012003913273931788
85,21,6,0.012157815348296887
85,21,7,0.012003683043888215
85,21,8,0.01205442682628478
85,21,9,0.012003673752117023
85,21,10,0.012144435302387391
85,22,1,0.012004482326746778
85,22,2,0.01200366753989918
85,22,3,0.012003704421377263
85,22,4,0.012102039567141776
85,22,5,0.012003908775905967
85,22,6,0.012157580973916561
85,22,7,0.012003683083388318
85,22,8,0.012054181823060029
85,22,9,0.012003674063349627
85,22,10,0.012144217255110758
85,23,1,0.012004455421775327
85,23,2,0.012003667623771924
85,23,3,0.012003705071643413
85,23,4,0.012102553360448064
85,23,5,0.01200391275055931
85,23,6,0.012158031041213236
85,23,7,0.012003682997626303
85,23,8,0.01205441462762732
85,23,9,0.01200367402102655
85,23,10,0.012144640003671717
85,24,1,0.012004495923623092
85,24,2,0.012003667512992078
85,24,3,0.012003704336201494
85,24,4,0.012102903688359166
85,24,5,0.012003908204087345
85,24,6,0.012158374849328128
85,24,7,0.012003683070741485
85,24,8,0.012054600125999038
85,24,9,0.012003674081973139
85,24,10,0.012145216209486215
86,1,1,-0.3167023550543237
86,1,2,-0.2501712889726291
86,1,3,-0.31860943355008137
86,1,4,-0.3010111129563807
86,1,5,-0.2956214714347243
86,1,6,-0.2976420651953574
86,1,7,-0.25394227270612596
86,1,8,-0.31002636670723405
86,1,9,-0.37079658528102083
86,1,10,-0.28142734103137157
86,2,1,-0.3140508110884708
86,2,2,-0.2406685380845325
86,2,3,-0.32074778089972417
86,2,4,-0.3104308264017027
86,2,5,-0.3184747171431363
86,2,6,-0.3174560672766747
86,2,7,-0.31108259725411835
86,2,8,-0.3062406292649701
86,2,9,-0.21825669882549972
86,2,10,-0.31160323006129825
86,3,1,-0.3052038117255757
86,3,2,-0.23873560140500918
86,3,3,-0.30733785140778946
86,3,4,-0.2871965257671591
86,3,5,-0.32848217362076026
86,3,6,-0.32873173690402696
86,3,7,-0.242524190297792
86,3,8,-0.22627358493544267
86,3,9,-0.216296641005673
86,3,10,-0.25908928694810446
86,4,1,-0.25165878079548865
86,4,2,-0.30052968793383283
86,4,3,-0.311981339107736
86,4,4,-0.305429232944418
86,4,5,-0.31031916371419
86,4,6,-0.3129784823625193
86,4,7,-0.24628926414510502
86,4,8,-0.30370642178344587
86,4,9,-0.22009555663912858
86,4,10,-0.30400874809866896
86,5,1,-0.25137316391137243
86,5,2,-0.24223487441856137
86,5,3,-0.31359766791074223
86,5,4,-0.30506620404147644
86,5,5,-0.1385342750944827
86,5,6,-0.3144832697758991
86,5,7,-0.2460018599788373
86,5,8,-0.2992747994599245
86,5,9,-0.30739767245831157
86,5,10,-0.22303378033836407
86,6,1,-0.2522794660525857
86,6,2,-0.24315290105451562
86,6,3,-0.3100089081036424
86,6,4,-0.2644940004996574
86,6,5,-0.3055445199017156
86,6,6,-0.3138611368182468
86,6,7,-0.29780410131696955
86,6,8,-0.2353539835661046
86,6,9,-0.30133279879096747
86,6,10,-0.22589805045431316
86,7,1,-0.32836993921220076
86,7,2,-0.2328934828346963
86,7,3,-0.27047467693613086
86,7,4,-0.249026392722664
86,7,5,-0.3330071751213367
86,7,6,-0.20149917820535676
86,7,7,-0.23661512632326995
86,7,8,-0.3256715019880195
86,7,9,-0.21034865237191566
86,7,10,-0.21464559055224583
86,8,1,-0.30202448072729504
86,8,2,-0.2970047543507501
86,8,3,-0.2820905057453979
86,8,4,-0.26264238854165634
86,8,5,-0.30664405294035557
86,8,6,-0.21886705866847717
86,8,7,-0.2986839223665311
86,8,8,-0.2348104965690835
86,8,9,-0.21533865377122355
86,8,10,-0.28665655041747035
86,9,1,-0.24690367615076908
86,9,2,-0.23760374237528978
86,9,3,-0.2819538766213374
86,9,4,-0.29156682009904816
86,9,5,-0.3073608737735352
86,9,6,-0.22675876494182803
86,9,7,-0.2993028350556672
86,9,8,-0.232409160406687
86,9,9,-0.30305551601193437
86,9,10,-0.22499530077364183
86,10,1,-0.24594134085563524
86,10,2,-0.3025108317861847
86,10,3,-0.28095118098035804
86,10,4,-0.25637129978721734
86,10,5,-0.3117428990752723
86,10,6,-0.21898825990022658
86,10,7,-0.24034579536756676
86,10,8,-0.2946440745635201
86,10,9,-0.21416522384156209
86,10,10,-0.29271185930500865
86,11,1,-0.24611522327421953
86,11,2,-0.23674242511656984
86,11,3,-0.3145437855166159
86,11,4,-0.2571819407746622
86,11,5,-0.3108630317305118
86,11,6,-0.225285360865023
86,11,7,-0.2405302121551861
86,11,8,-0.22545541866971366
86,11,9,-0.30701326548990165
86,11,10,-0.22375621235374996
86,12,1,-0.30215297414976344
86,12,2,-0.23766190417694963
86,12,3,-0.3100448962137403
86,12,4,-0.25755240928658857
86,12,5,-0.12984649911790247
86,12,6,-0.2802696612215336
86,12,7,-0.29885213912884623
86,12,8,-0.2883233678621879
86,12,9,-0.30251096492816
86,12,10,-0.292003956219972
86,13,1,-0.3206566599182819
86,13,2,-0.21243501385682323
86,13,3,-0.13315440852197255
86,13,4,-0.23180268788156183
86,13,5,-0.10463086678555203
86,13,6,-0.18672937892547234
86,13,7,-0.21624380697710108
86,13,8,-0.19467288270179928
86,13,9,-0.3210050993776487
86,13,10,-0.31061315089099384
86,14,1,-0.22570251349142145
86,14,2,-0.28919393717174574
86,14,3,-0.13864756779611054
86,14,4,-0.23536799059744906
86,14,5,-0.283687054456679
86,14,6,-0.27809567394513474
86,14,7,-0.29095697509840024
86,14,8,-0.20042261797921096
86,14,9,-0.2946246357104409
86,14,10,-0.2733939014677807
86,15,1,-0.21918921114782852
86,15,2,-0.21236425485585464
86,15,3,-0.13303611058450351
86,15,4,-0.3098288107338439
86,15,5,-0.1044533817274531
86,15,6,-0.19418721637895736
86,15,7,-0.2161249954332586
86,15,8,-0.3118567659215585
86,15,9,-0.32155783827303625
86,15,10,-0.1878518789985653
86,16,1,-0.22718398773018184
86,16,2,-0.28430528651358805
86,16,3,-0.27247159411387384
86,16,4,-0.18698565865027442
86,16,5,-0.278733805437578
86,16,6,-0.27255378085055393
86,16,7,-0.28607506375094277
86,16,8,-0.2755252555084845
86,16,9,-0.2897290687390064
86,16,10,-0.19816323106199707
86,17,1,-0.21473211917951882
86,17,2,-0.2068743866850883
86,17,3,-0.12750322004103687
86,17,4,-0.17288611348157326
86,17,5,-0.3371792035176308
86,17,6,-0.19792036758424406
86,17,7,-0.21084588527279857
86,17,8,-0.1914272501540511
86,17,9,-0.18184098821392536
86,17,10,-0.1886947404984828
86,18,1,-0.199185056999478
86,18,2,-0.209897763670019
86,18,3,-0.13053749593595657
86,18,4,-0.17301912474157694
86,18,5,-0.3221499136517507
86,18,6,-0.3150498491709608
86,18,7,-0.3295280786643819
86,18,8,-0.19320910234701932
86,18,9,-0.18483769043112347
86,18,10,-0.3208902878493543
86,19,1,-0.33488439858052327
86,19,2,-0.20919789833151542
86,19,3,-0.3194422389533149
86,19,4,-0.3226817576316978
86,19,5,-0.09994755982870888
86,19,6,-0.19372713200119732
86,19,7,-0.21126241094601333
86,19,8,-0.1918706028258008
86,19,9,-0.18412475392579
86,19,10,-0.1914679118841928
86,20,1,-0.22451818991242567
86,20,2,-0.3034264085327901
86,20,3,-0.29150306693133465
86,20,4,-0.17839773741462228
86,20,5,-0.2930760682899142
86,20,6,-0.19628100383054412
86,20,7,-0.216509987254296
86,20,8,-0.295925723235526
86,20,9,-0.18949398031780346
86,20,10,-0.2885982901145998
86,21,1,-0.07116014519765042
86,21,2,-0.19793169407902464
86,21,3,-0.11844787325432633
86,21,4,-0.16615869707733832
86,21,5,-0.08865656454392812
86,21,6,-0.1968137563424391
86,21,7,-0.19992981498191917
86,21,8,-0.18344527829466115
86,21,9,-0.3169192670075619
86,21,10,-0.1844112655583973
86,22,1,-0.07437310092834977
86,22,2,-0.3046861255829335
86,22,3,-0.2928167768389029
86,22,4,-0.29291948774564147
86,22,5,-0.29436313158751787
86,22,6,-0.2966929589166813
86,22,7,-0.2030036899487039
86,22,8,-0.29713381918953463
86,22,9,-0.17233503306070527
86,22,10,-0.29762276249193004
86,23,1,-0.3301526465708501
86,23,2,-0.19158061243672125
86,23,3,-0.11218159042164297
86,23,4,-0.16899077497927095
86,23,5,-0.08227957595480788
86,23,6,-0.18804101550328875
86,23,7,-0.1935866466106274
86,23,8,-0.17692069269624866
86,23,9,-0.16294848896669897
86,23,10,-0.19370231836207175
86,24,1,-0.17803587229158213
86,24,2,-0.3034602751284732
86,24,3,-0.2915798487177887
86,24,4,-0.18797262563950265
86,24,5,-0.2930607439760134
86,24,6,-0.1993872567064059
86,24,7,-0.20037214964756578
86,24,8,-0.1864649848061726
86,24,9,-0.1780277774354678
86,24,10,-0.19434710546299067
87,1,1,0.030026156686086856
87,1,2,0.030025742496196352
87,1,3,0.03002577609122945
87,1,4,0.03011819476362158
87,1,5,0.030026010676085915
87,1,6,0.030027852269355698
87,1,7,0.030025757824039868
87,1,8,0.030070025009427303
87,1,9,0.030025749008188763
87,1,10,0.030158125982812367
87,2,1,0.030026157501624844
87,2,2,0.030025742473078498
87,2,3,0.03002577606953514
87,2,4,0.030117121261725287
87,2,5,0.030026009493604303
87,2,6,0.030027838909246037
87,2,7,0.030025757644560905
87,2,8,0.030070473502057687
87,2,9,0.03002574935053501
87,2,10,0.03015905095580451
87,3,1,0.0300261559942354
87,3,2,0.03002574246008219
87,3,3,0.03002577598205887
87,3,4,0.030116084390864346
87,3,5,0.030026008619776876
87,3,6,0.030027833292562006
87,3,7,0.030025757737355052
87,3,8,0.03007039954572905
87,3,9,0.03002574934367657
87,3,10,0.030158079449813146
87,4,1,0.03002615883484407
87,4,2,0.03002574244950368
87,4,3,0.030025776151029665
87,4,4,0.030117235651547666
87,4,5,0.030026009567381398
87,4,6,0.030027843113943815
87,4,7,0.030025757770024326
87,4,8,0.030070546786058576
87,4,9,0.030025749362744995
87,4,10,0.030159515161274814
87,5,1,0.030026158922167024
87,5,2,0.030025742476185016
87,5,3,0.030025776142824256
87,5,4,0.030117422039250413
87,5,5,0.030026012711880247
87,5,6,0.030027843401546378
87,5,7,0.03002575776745321
87,5,8,0.030070631432736816
87,5,9,0.030025749296271057
87,5,10,0.030159128531942133
87,6,1,0.030026159088622092
87,6,2,0.03002574248591874
87,6,3,0.030025776242911636
87,6,4,0.030116792556873814
87,6,5,0.030026010020726208
87,6,6,0.030027825236617706
87,6,7,0.03002575771403201
87,6,8,0.030070546051869904
87,6,9,0.03002574932054161
87,6,10,0.03015920894384528
87,7,1,0.030026156355840595
87,7,2,0.03002574245158496
87,7,3,0.030025776173059657
87,7,4,0.030116630654622036
87,7,5,0.030026008359686447
87,7,6,0.03017171946865849
87,7,7,0.0300257577148864
87,7,8,0.030070404616718765
87,7,9,0.03002574933443588
87,7,10,0.030158973143685656
87,8,1,0.030026158195866428
87,8,2,0.030025742446595387
87,8,3,0.030025776298108126
87,8,4,0.030116834155085728
87,8,5,0.030026009525574802
87,8,6,0.030172242086161594
87,8,7,0.030025757697858396
87,8,8,0.03007056150725946
87,8,9,0.03002574936750451
87,8,10,0.03015982640534679
87,9,1,0.030026158917433512
87,9,2,0.030025742473435833
87,9,3,0.030025776304038135
87,9,4,0.030117593974052198
87,9,5,0.030026009416798154
87,9,6,0.03017240369439056
87,9,7,0.03002575768195949
87,9,8,0.030070547313082722
87,9,9,0.030025749291480042
87,9,10,0.030159366726157835
87,10,1,0.030026158777729132
87,10,2,0.030025742426181917
87,10,3,0.030025776313319978
87,10,4,0.030116884435295227
87,10,5,0.03002600939068616
87,10,6,0.03017228661814476
87,10,7,0.030025757767091932
87,10,8,0.030070534082232588
87,10,9,0.030025749362289637
87,10,10,0.03015969013867179
87,11,1,0.030026158775003742
87,11,2,0.030025742468046786
87,11,3,0.03002577627859873
87,11,4,0.03011693943259489
87,11,5,0.030026009271710594
87,11,6,0.03017252436750076
87,11,7,0.030025757758881583
87,11,8,0.03007067532322843
87,11,9,0.030025749275669
87,11,10,0.030159363208764764
87,12,1,0.030026158175795032
87,12,2,0.030025742476293485
87,12,3,0.030025776333821353
87,12,4,0.030117004724080784
87,12,5,0.0300260135328924
87,12,6,0.03017275043196806
87,12,7,0.03002575766825919
87,12,8,0.030070649749324215
87,12,9,0.030025749304878835
87,12,10,0.030159649116003398
87,13,1,0.030026154562457615
87,13,2,0.030025742416173864
87,13,3,0.03002577966845634
87,13,4,0.030116790330395358
87,13,5,0.030026012123018954
87,13,6,0.03017209200167415
87,13,7,0.03002575764471985
87,13,8,0.03007047795839674
87,13,9,0.030025749142030857
87,13,10,0.030159043832573174
87,14,1,0.030026158002475586
87,14,2,0.03002574239626294
87,14,3,0.03002577978430109
87,14,4,0.03011695665242374
87,14,5,0.030026008906385442
87,14,6,0.030172579664142135
87,14,7,0.03002575758747502
87,14,8,0.030070608445813395
87,14,9,0.030025749245328092
87,14,10,0.030159319349767226
87,15,1,0.030026157507396338
87,15,2,0.030025742417582376
87,15,3,0.03002577967884742
87,15,4,0.030116996747783127
87,15,5,0.03002601222678749
87,15,6,0.03017204935076907
87,15,7,0.030025757647265568
87,15,8,0.030070318109861698
87,15,9,0.030025749145177468
87,15,10,0.030159028853235525
87,16,1,0.030026158658128816
87,16,2,0.030025742403698763
87,16,3,0.030025779222068037
87,16,4,0.030117655047950276
87,16,5,0.030026009220267047
87,16,6,0.030172693360162574
87,16,7,0.03002575762140525
87,16,8,0.03007058247594454
87,16,9,0.030025749270261946
87,16,10,0.030159350073081636
87,17,1,0.03002615688462001
87,17,2,0.030025742396667835
87,17,3,0.030025779582880087
87,17,4,0.0301173093783936
87,17,5,0.030026006310385454
87,17,6,0.030172133919910527
87,17,7,0.03002575760574209
87,17,8,0.030070464306639646
87,17,9,0.030025749330299764
87,17,10,0.030159020734372727
87,18,1,0.030026158165930662
87,18,2,0.030025742410151234
87,18,3,0.030025779634426597
87,18,4,0.030117449941621893
87,18,5,0.03002600713309272
87,18,6,0.030171831764983337
87,18,7,0.030025757412082514
87,18,8,0.03007047658434285
87,18,9,0.030025749358938526
87,18,10,0.030158460782646817
87,19,1,0.03002615355005126
87,19,2,0.030025742409181683
87,19,3,0.030025778815189377
87,19,4,0.030116815141297527
87,19,5,0.030026011992386123
87,19,6,0.030172399908327457
87,19,7,0.03002575764250421
87,19,8,0.0300704713153607
87,19,9,0.03002574934800552
87,19,10,0.030159101825583783
87,20,1,0.03002616075117835
87,20,2,0.03002574236630472
87,20,3,0.03002577906939758
87,20,4,0.030117710049440114
87,20,5,0.030026008390958144
87,20,6,0.030172706080932615
87,20,7,0.030025757697224976
87,20,8,0.030070482098083554
87,20,9,0.03002574938844495
87,20,10,0.030159604954250626
87,21,1,0.030026541169578716
87,21,2,0.03002574239355214
87,21,3,0.030025779540001237
87,21,4,0.030117480721528592
87,21,5,0.03002601164513052
87,21,6,0.030172483137305427
87,21,7,0.030025757623950045
87,21,8,0.030070509747171
87,21,9,0.030025749094042604
87,21,10,0.03015914087357888
87,22,1,0.030026542577436515
87,22,2,0.030025742328811302
87,22,3,0.03002577890692255
87,22,4,0.030117096438430645
87,22,5,0.03002600751155373
87,22,6,0.03017228304098727
87,22,7,0.030025757652787474
87,22,8,0.030070291562510724
87,22,9,0.030025749376292193
87,22,10,0.030158951509471253
87,23,1,0.03002652082463519
87,23,2,0.03002574239391981
87,23,3,0.03002577945775893
87,23,4,0.0301175334561646
87,23,5,0.03002601108799524
87,23,6,0.030172677454249015
87,23,7,0.030025757575464995
87,23,8,0.030070486970290987
87,23,9,0.030025749333702074
87,23,10,0.030159336954316218
87,24,1,0.03002655541824543
87,24,2,0.030025742273337742
87,24,3,0.030025778782342406
87,24,4,0.030117791780736702
87,24,5,0.030026006633013975
87,24,6,0.03017285766630519
87,24,7,0.030025757636662022
87,24,8,0.03007061836160191
87,24,9,0.030025749391100906
87,24,10,0.030159722466295
88,1,1,-0.3594585587101303
88,1,2,-0.2926524717082163
88,1,3,-0.36137392815259856
88,1,4,-0.3438333258422916
88,1,5,-0.3382835289317622
88,1,6,-0.34031521258675856
88,1,7,-0.2964373105149079
88,1,8,-0.3528116456642153
88,1,9,-0.4138228552248058
88,1,10,-0.3242404749811002
88,2,1,-0.35679484443089643
88,2,2,-0.28311577815021516
88,2,3,-0.3635222239050181
88,2,4,-0.35328979508599906
88,2,5,-0.3612389067310872
88,2,6,-0.3602179132495462
88,2,7,-0.35381257528069715
88,2,8,-0.349010075364352
88,2,9,-0.2606291021433306
88,2,10,-0.3545329936011428
88,3,1,-0.34790797749680136
88,3,2,-0.2811760977139847
88,3,3,-0.35005100412310847
88,3,4,-0.3299620291005336
88,3,5,-0.37129347729402506
88,3,6,-0.3715466316930122
88,3,7,-0.2849779739298736
88,3,8,-0.26872818193206166
88,3,9,-0.258662846960331
88,3,10,-0.30182494129304865
88,4,1,-0.29414595053953935
88,4,2,-0.34321267858978793
88,4,3,-0.35471541880522056
88,4,4,-0.34826783157605073
88,4,5,-0.3530460273130602
88,4,6,-0.3557198009569622
88,4,7,-0.28875644094535813
88,4,8,-0.34646541694615285
88,4,9,-0.26247382825080334
88,4,10,-0.34690972086701016
88,5,1,-0.29385928804993877
88,5,2,-0.28468761849627733
88,5,3,-0.3563391054139652
88,5,4,-0.3479036672896006
88,5,5,-0.18070005934038577
88,5,6,-0.3572314663975909
88,5,7,-0.28846800966608743
88,5,8,-0.34201530938837965
88,5,9,-0.35011105558826033
88,5,10,-0.2656532662967132
88,6,1,-0.294768913365645
88,6,2,-0.2856088879434607
88,6,3,-0.3527340598912177
88,6,4,-0.3071785639450627
88,6,5,-0.3482499955393776
88,6,6,-0.3566064438905879
88,6,7,-0.34047524575282784
88,6,8,-0.27783921720321497
88,6,9,-0.3440193166958164
88,6,10,-0.26852676730469954
88,7,1,-0.37118091422841976
88,7,2,-0.27531392827700096
88,7,3,-0.3130328294470327
88,7,4,-0.29165749574272476
88,7,5,-0.3758402598951852
88,7,6,-0.24407443254902744
88,7,7,-0.2790483070608658
88,7,8,-0.36852500425770635
88,7,9,-0.25269639121390913
88,7,10,-0.257238304662134
88,8,1,-0.3447145976780458
88,8,2,-0.33967241790185226
88,8,3,-0.3246953672056119
88,8,4,-0.30532056280985864
88,8,5,-0.3493544266078128
88,8,6,-0.26149674887336904
88,8,7,-0.3413588858136979
88,8,8,-0.2773155146166004
88,8,9,-0.25770185081942715
88,8,10,-0.3294932381957871
88,9,1,-0.2893735882830173
88,9,2,-0.2800403156436563
88,9,3,-0.3245581733031327
88,9,4,-0.33435139427960336
88,9,5,-0.3500744407506906
88,9,6,-0.2694137097739078
88,9,7,-0.3419804918639916
88,9,8,-0.27488437242833175
88,9,9,-0.34574961076890104
88,9,10,-0.2676213983837864
88,10,1,-0.28840780014772893
88,10,2,-0.34520251659463225
88,10,3,-0.32355137065231426
88,10,4,-0.2990278634939097
88,10,5,-0.3544762182685462
88,10,6,-0.2615480179311625
88,10,7,-0.282791927507607
88,10,8,-0.3373577573151892
88,10,9,-0.2565247530671447
88,10,10,-0.33552765690361064
88,11,1,-0.28858230615854175
88,11,2,-0.2791760243957626
88,11,3,-0.3572895456749685
88,11,4,-0.29984137490301466
88,11,5,-0.3535923535170247
88,11,6,-0.26793580188064614
88,11,7,-0.2829769865734719
88,11,8,-0.26790761941294017
88,11,9,-0.3497249304370326
88,11,10,-0.26631438434776394
88,12,1,-0.3448436573900303
88,12,2,-0.2800986789296024
88,12,3,-0.3527702112079866
88,12,4,-0.30021323778484355
88,12,5,-0.1719953021733149
88,12,6,-0.3230503326780999
88,12,7,-0.3415278323365517
88,12,8,-0.331019941237679
88,12,9,-0.34520265967460567
88,12,10,-0.33486071089270303
88,13,1,-0.36343119921963346
88,13,2,-0.25478916124966494
88,13,3,-0.17530922951578368
88,13,4,-0.2743766356719792
88,13,5,-0.14673664433070643
88,13,6,-0.22926116932487736
88,13,7,-0.25860985485678506
88,13,8,-0.23703100131416405
88,13,9,-0.36378070723009515
88,13,10,-0.35350653787133846
88,14,1,-0.26809978832930975
88,14,2,-0.3318282818182123
88,14,3,-0.18081325400434636
88,14,4,-0.2779539775551812
88,14,5,-0.32629880762908847
88,14,6,-0.3209239314544688
88,14,7,-0.33359878395121717
88,14,8,-0.24279732999335518
88,14,9,-0.3372820617767915
88,14,10,-0.31613003141849494
88,15,1,-0.2615651948800892
88,15,2,-0.2547181837175911
88,15,3,-0.17519070258536923
88,15,4,-0.3526851119384852
88,15,5,-0.14655890142941222
88,15,6,-0.23674059835619354
88,15,7,-0.25849066917555474
88,15,8,-0.35464608414876975
88,15,9,-0.36433603114187524
88,15,10,-0.2303626056045152
88,16,1,-0.26958615359662763
88,16,2,-0.32691922811048557
88,16,3,-0.31503764348774327
88,16,4,-0.229420111710034
88,16,5,-0.32132528624811063
88,16,6,-0.31536265020472193
88,16,7,-0.3286963731037922
88,16,8,-0.31817275135727163
88,16,9,-0.33236567725243527
88,16,10,-0.2406441745239354
88,17,1,-0.25709394974258964
88,17,2,-0.24921156761703933
88,17,3,-0.16964732174012298
88,17,4,-0.2152791628309018
88,17,5,-0.3800326317692141
88,17,6,-0.24041736358528612
88,17,7,-0.25319515678434656
88,17,8,-0.23379259843132594
88,17,9,-0.22410736746844018
88,17,10,-0.23120779153995122
88,18,1,-0.2415000784621623
88,18,2,-0.2522441122471454
88,18,3,-0.17268729138386563
88,18,4,-0.2154127360142878
88,18,5,-0.36493123582888065
88,18,6,-0.357982897657277
88,18,7,-0.3723440458786815
88,18,8,-0.23556310282875767
88,18,9,-0.22711206590299407
88,18,10,-0.3638299358327393
88,19,1,-0.3777268058778852
88,19,2,-0.25154211247646274
88,19,3,-0.3622106047720782
88,19,4,-0.3655928956873359
88,19,5,-0.1420463763671706
88,19,6,-0.23627953065199236
88,19,7,-0.2536129657239197
88,19,8,-0.23422085841304924
88,19,9,-0.22639721554627187
88,19,10,-0.23398924224954126
88,20,1,-0.2669115684021126
88,20,2,-0.34612212962367267
88,20,3,-0.3341472219705726
88,20,4,-0.22080709705120433
88,20,5,-0.3357272313891637
88,20,6,-0.23884150982478047
88,20,7,-0.25887687711141527
88,20,8,-0.3386529584692532
88,20,9,-0.2317810396829879
88,20,10,-0.33144280687185307
88,21,1,-0.11322385069614646
88,21,2,-0.24024252969222554
88,21,3,-0.16057576733698248
88,21,4,-0.20853344202552837
88,21,5,-0.13073988267191872
88,21,6,-0.2393754323282813
88,21,7,-0.24224645884287882
88,21,8,-0.22578676157707173
88,21,9,-0.35967590708968544
88,21,10,-0.2269118315211106
88,22,1,-0.1164402104687327
88,22,2,-0.3473874223760026
88,22,3,-0.3354665175530073
88,22,4,-0.3357083189152143
88,22,5,-0.3370197945316987
88,22,6,-0.339589275375666
88,22,7,-0.24532934740301066
88,22,8,-0.3398579444544406
88,22,9,-0.21457691166710946
88,22,10,-0.3405000892388575
88,23,1,-0.37297265417627296
88,23,2,-0.2338734477872176
88,23,3,-0.1542989672644462
88,23,4,-0.21137332059265224
88,23,5,-0.1243549616166428
88,23,6,-0.2305768868196016
88,23,7,-0.23588512705455517
88,23,8,-0.2192434630175404
88,23,9,-0.2051674653564858
88,23,10,-0.23623057587229396
88,24,1,-0.2202933976185153
88,24,2,-0.3461561467325531
88,24,3,-0.3342243282814103
88,24,4,-0.23040992806118418
88,24,5,-0.3357118367834874
88,24,6,-0.24195669937390907
88,24,7,-0.2426900828555289
88,24,8,-0.22881558373149924
88,24,9,-0.22028417028254862
88,24,10,-0.2368775677760812
89,1,1,0.05281624950729043
89,1,2,0.11988259331526221
89,1,3,0.05089346053944007
89,1,4,0.06830077905440321
89,1,5,0.07407956215395295
89,1,6,0.0720360698465819
89,1,7,0.11608444678725403
89,1,8,0.059403062203423965
89,1,9,-0.0017974884607560868
89,1,10,0.08786259382805316
89,2,1,0.014274447584025875
89,2,2,0.08823511203895955
89,2,3,0.007519022624689242
89,2,4,0.0175741244659194
89,2,5,0.00981170223493587
89,2,6,0.01083368941827996
89,2,7,0.01727018015926476
89,2,8,0.02199421167093669
89,2,9,0.1107945728814188
89,2,10,0.016209004488151362
89,3,1,0.012210102501509446
89,3,2,0.0791928091372333
89,3,3,0.010058973961797644
89,3,4,0.029994037317861693
89,3,5,-0.011275223988829474
89,3,6,-0.0115329190051302
89,3,7,0.07537808268149924
89,3,8,0.09158467422130036
89,3,9,0.10177840609089824
89,3,10,0.05810457926536203
89,4,1,0.0874531087414711
89,4,2,0.03820103810668431
89,4,3,0.02665042583358855
89,4,4,0.032908880484577636
89,4,5,0.02832637069777903
89,4,6,0.025637865951139552
89,4,7,0.09286214905838325
89,4,8,0.03483848686194118
89,4,9,0.11923103438482033
89,4,10,0.03415515091195502
89,5,1,0.08601142787436433
89,5,2,0.09521555377629591
89,5,3,0.023290522894003823
89,5,4,0.03154371410975797
89,5,5,0.1994906727181315
89,5,6,0.02239046605235207
89,5,7,0.09142222760635009
89,5,8,0.03757600693824057
89,5,9,0.029544827614590773
89,5,10,0.11395315151008699
89,6,1,0.09125385886658677
89,6,2,0.10044639792665827
89,6,3,0.03306603142557138
89,6,4,0.07857408599576837
89,6,5,0.037568317764568614
89,6,6,0.029173420946092637
89,6,7,0.04537548167694216
89,6,8,0.10813194926516936
89,6,9,0.041816984922440244
89,6,10,0.11723096344991231
89,7,1,-0.03138980053025904
89,7,2,0.0648470676415647
89,7,3,0.026995961796624366
89,7,4,0.04818556915092753
89,7,5,-0.03606955654516307
89,7,6,0.09575089414520165
89,7,7,0.06110032891831372
89,7,8,-0.028833825031942373
89,7,9,0.0875356930915636
89,7,10,0.08258657070166815
89,8,1,0.024480850346130064
89,8,2,0.029544454741483747
89,8,3,0.044580674945309734
89,8,4,0.06378990102199326
89,8,5,0.01982215981177978
89,8,6,0.10759110238402271
89,8,7,0.027851115319182138
89,8,8,0.09201557891880544
89,8,9,0.11180655595535997
89,8,10,0.0394448748839197
89,9,1,0.07924730596907836
89,9,2,0.08861307676415242
89,9,3,0.04393488915593779
89,9,4,0.033871802754087826
89,9,5,0.018315646602826613
89,9,6,0.09886492270130152
89,9,7,0.026443471343972888
89,9,8,0.09369258244717911
89,9,9,0.02265893640670535
89,9,10,0.10070241933121954
89,10,1,0.07447594526030066
89,10,2,0.017467824273961974
89,10,3,0.039205103827865115
89,10,4,0.0635746618014588
89,10,5,0.008154922375788222
89,10,6,0.10107905345960946
89,10,7,0.08011173676530361
89,10,8,0.025247906237660548
89,10,9,0.10646327510211588
89,10,10,0.02686891495568252
89,11,1,0.07538192050166245
89,11,2,0.08482086126397619
89,11,3,0.006411254406413775
89,11,4,0.06384022320898086
89,11,5,0.010123608601572784
89,11,6,0.09568326665581639
89,11,7,0.08100714440835305
89,11,8,0.09603033306279617
89,11,9,0.014007769171751564
89,11,10,0.09741309559512079
89,12,1,0.024057134384646264
89,12,2,0.0890439124078509
89,12,3,0.016098469224985746
89,12,4,0.0686198198400096
89,12,5,0.1974376912092034
89,12,6,0.045600038564918344
89,12,7,0.02738736708244696
89,12,8,0.037833237572303315
89,12,9,0.023697530448896314
89,12,10,0.03373032486629106
89,13,1,-0.07969334286575434
89,13,2,0.02934939171514879
89,13,3,0.10903277050191913
89,13,4,0.009420664353252346
89,13,5,0.13765971539061997
89,13,6,0.05450403712112704
89,13,7,0.025516981457107245
89,13,8,0.047022180879492136
89,13,9,-0.08004358224085234
89,13,10,-0.07006975617367428
89,14,1,0.04679352253666714
89,14,2,-0.01716153429958506
89,14,3,0.13431434173397247
89,14,4,0.03663020383193936
89,14,5,-0.011610918671417876
89,14,6,-0.006649251350667351
89,14,7,-0.01893908827253281
89,14,8,0.07203625165758194
89,14,9,-0.022637058098610666
89,14,10,-0.0017450900908087346
89,15,1,0.02187162278660552
89,15,2,0.02874056886215727
89,15,3,0.10847152666243617
89,15,4,-0.06983785157667494
89,15,5,0.1371577325231336
89,15,6,0.046323149440219084
89,15,7,0.024956518117895343
89,15,8,-0.07167460704459676
89,15,9,-0.08128132909917465
89,15,10,0.05276114778497829
89,16,1,0.05123006531972337
89,16,2,-0.006305542551132085
89,16,3,0.005621366799113486
89,16,4,0.09124217635668673
89,16,5,-0.0006905322913343374
89,16,6,0.004860096570381435
89,16,7,-0.008089660004771992
89,16,8,0.002344179369927936
89,16,9,-0.011773387732461473
89,16,10,0.07985733514370183
89,17,1,-0.0046996289499939255
89,17,2,0.0032073688600156376
89,17,3,0.08296995335164466
89,17,4,0.03697527346011082
89,17,5,-0.12810437892695728
89,17,6,0.01159346297428734
89,17,7,-0.000788169129891174
89,17,8,0.01854807916409815
89,17,9,0.028382301934563516
89,17,10,0.02087177913840588
89,18,1,0.028214596358629284
89,18,2,0.017439809017191988
89,18,3,0.09719782730497699
89,18,4,0.0541048774090392
89,18,5,-0.09566194066411508
89,18,6,-0.08909694367686169
89,18,7,-0.10310678386043645
89,18,8,0.034054955675408324
89,18,9,0.04264356814925186
89,18,10,-0.09489277062673458
89,19,1,-0.11263178640540526
89,19,2,0.014026527410469511
89,19,3,-0.09704645934139869
89,19,4,-0.10068961003252469
89,19,5,0.1237782982606074
89,19,6,0.028890715388304882
89,19,7,0.011949409216213699
89,19,8,0.031268059155491905
89,19,9,0.03924295999524547
89,19,10,0.03122994198524394
89,20,1,0.029988414499123473
89,20,2,-0.04950963057480464
89,20,3,-0.03748633895188474
89,20,4,0.07595035680700246
89,20,5,-0.039073423217971325
89,20,6,0.05769293329846034
89,20,7,0.03804984431670636
89,20,8,-0.042140197814697515
89,20,9,0.06522486564194921
89,20,10,-0.035166328430522545
89,21,1,0.12473723136797696
89,21,2,-0.0025470732667051137
89,21,3,0.07730972824914427
89,21,4,0.028999542528390706
89,21,5,0.10719687272273014
89,21,6,-0.0021019729692325637
89,21,7,-0.004556793996324378
89,21,8,0.011835072817304648
89,21,9,-0.12240707150406875
89,21,10,0.010440862966272788
89,22,1,0.1398158638165586
89,22,2,-0.09176746636749898
89,22,3,-0.07979817803142347
89,22,4,-0.0802936506127563
89,22,5,-0.08135814831124305
89,22,6,-0.08435526949504227
89,22,7,0.010650739704903813
89,22,8,-0.08432376551496863
89,22,9,0.041487402612019136
89,22,10,-0.08522913776125597
89,23,1,-0.17172585985312105
89,23,2,-0.0321224106352978
89,23,3,0.0476359055321405
89,23,4,-0.009789826338842036
89,23,5,0.07762909060691668
89,23,6,-0.02921284725081026
89,23,7,-0.03413974496392999
89,23,8,-0.017555111747231688
89,23,9,-0.0033414015019648698
89,23,10,-0.03484258949214427
89,24,1,0.030022164673883855
89,24,2,-0.09626337217756702
89,24,3,-0.08428330122902115
89,24,4,0.01961539541107621
89,24,5,-0.08577721924394134
89,24,6,0.007863864474748652
89,24,7,0.0075654070903405585
89,24,8,0.021357300207900467
89,24,9,0.030033102261623645
89,24,10,0.013045321831937582
90,1,1,-0.44304428953699676
90,1,2,-0.4430450024966935
90,1,3,-0.4430449446521166
90,1,4,-0.4428852875091962
90,1,5,-0.4430445366425022
90,1,6,-0.44304144276396445
90,1,7,-0.44304497597671494
90,1,8,-0.44297259398015953
90,1,9,-0.44304499109709
90,1,10,-0.4428097525323834
90,2,1,-0.401827413709336
90,2,2,-0.40182813429519537
90,2,3,-0.4018280741720351
90,2,4,-0.40165033997206295
90,2,5,-0.4018276706338055
90,2,6,-0.40182479277383476
90,2,7,-0.40182810675303704
90,2,8,-0.4017470946352157
90,2,9,-0.40182812176032895
90,2,10,-0.4015581745356903
90,3,1,-0.39083891470810084
90,3,2,-0.39083963369441616
90,3,3,-0.3908395727590445
90,3,4,-0.3906556035563868
90,3,5,-0.39083916893386633
90,3,6,-0.3908362991570591
90,3,7,-0.3908396059969783
90,3,8,-0.3907543855065631
90,3,9,-0.3908396218200013
90,3,10,-0.39056142546801026
90,4,1,-0.41211435060605994
90,4,2,-0.41211507145360926
90,4,3,-0.4121150114511926
90,4,4,-0.41194403906696214
90,4,5,-0.41211460730482397
90,4,6,-0.4121116937379948
90,4,7,-0.41211504408934935
90,4,8,-0.41203698535635475
90,4,9,-0.4121150587872523
90,4,10,-0.4118536145521317
90,5,1,-0.41038500340922074
90,5,2,-0.4103857302277922
90,5,3,-0.41038566900395224
90,5,4,-0.4102134731894833
90,5,5,-0.4103852575041906
90,5,6,-0.4103823860214695
90,5,7,-0.4103857024800176
90,5,8,-0.41030711963011
90,5,9,-0.4103857173952537
90,5,10,-0.4101238266409224
90,6,1,-0.41654024911058085
90,6,2,-0.41654097194954615
90,6,3,-0.41654091214200567
90,6,4,-0.41637399577736195
90,6,5,-0.41654050706889323
90,6,6,-0.41653762951084855
90,6,7,-0.41654094506102934
90,6,8,-0.4164638563886672
90,6,9,-0.4165409598425272
90,6,10,-0.41628413021416866
90,7,1,-0.37061159227724044
90,7,2,-0.3706123002905698
90,7,3,-0.37061223764729756
90,7,4,-0.37041279869564275
90,7,5,-0.3706118445439809
90,7,6,-0.3702866058762805
90,7,7,-0.37061227131497937
90,7,8,-0.3705158132469248
90,7,9,-0.37061228735678864
90,7,10,-0.37031608211329564
90,8,1,-0.39990311135944434
90,8,2,-0.39990383326199136
90,8,3,-0.3999037728704606
90,8,4,-0.399725587988265
90,8,5,-0.39990336775186486
90,8,6,-0.3996024609132449
90,8,7,-0.3999038062632959
90,8,8,-0.3998221819360835
90,8,9,-0.39990382114992107
90,8,10,-0.39966557739058617
90,9,1,-0.39911959984537354
90,9,2,-0.3991203244585579
90,9,3,-0.39912026327208383
90,9,4,-0.39893940566919645
90,9,5,-0.39911985714940285
90,9,6,-0.3988179030435641
90,9,7,-0.39912029707884367
90,9,8,-0.39903841038278565
90,9,9,-0.39912031182583574
90,9,10,-0.3988474989210971
90,10,1,-0.39337912799307173
90,10,2,-0.3933798518801365
90,10,3,-0.39337978971055815
90,10,4,-0.39319671842002274
90,10,5,-0.3933793864183747
90,10,6,-0.39307205769307935
90,10,7,-0.39337982363597696
90,10,8,-0.3932946899155265
90,10,9,-0.3933798387041407
90,10,10,-0.3930993282757935
90,11,1,-0.39446020915598967
90,11,2,-0.3944609400872337
90,11,3,-0.39446087632265475
90,11,4,-0.39427852137181846
90,11,5,-0.3944604698784467
90,11,6,-0.39415375202405023
90,11,7,-0.39446091094616936
90,11,8,-0.3943768814084368
90,11,9,-0.39446092532463506
90,11,10,-0.3941836552152437
90,12,1,-0.3996089858046864
90,12,2,-0.3996097181507362
90,12,3,-0.39960965393852155
90,12,4,-0.39943123012399606
90,12,5,-0.3996092392656456
90,12,6,-0.39930773748419485
90,12,7,-0.3996096890505779
90,12,8,-0.39952790013188827
90,12,9,-0.3996097042384588
90,12,10,-0.3993376619283625
90,13,1,-0.3145244338567097
90,13,2,-0.31452507570178756
90,13,3,-0.31452500550191365
90,13,4,-0.31431120150407527
90,13,5,-0.3145246576056092
90,13,6,-0.3141827308810091
90,13,7,-0.3145250442449597
90,13,8,-0.31441745184555503
90,13,9,-0.3145250618159094
90,13,10,-0.3142129772584122
90,14,1,-0.34532168571722077
90,14,2,-0.34532234651295507
90,14,3,-0.34532227212144617
90,14,4,-0.3451096621197249
90,14,5,-0.3453219196628155
90,14,6,-0.34498212134637296
90,14,7,-0.3453223154484396
90,14,8,-0.3452154918263623
90,14,9,-0.3453223325971387
90,14,10,-0.34501252981140024
90,15,1,-0.31384440389269846
90,15,2,-0.3138450600936885
90,15,3,-0.31384498751796047
90,15,4,-0.3136312281681095
90,15,5,-0.3138446339904151
90,15,6,-0.3135030289299689
90,15,7,-0.31384502882919757
90,15,8,-0.313738035987478
90,15,9,-0.31384504674512537
90,15,10,-0.31353365610419276
90,16,1,-0.3512493590514316
90,16,2,-0.3512500293604338
90,16,3,-0.35124995701422373
90,16,4,-0.3510379606262539
90,16,5,-0.35124960632528657
90,16,6,-0.35091145068564433
90,16,7,-0.35125000118524
90,16,8,-0.3511453625475235
90,16,9,-0.3512500165233687
90,16,10,-0.3509419081771873
90,17,1,-0.28278800135390114
90,17,2,-0.2827887224759025
90,17,3,-0.28278865181749707
90,17,4,-0.2825888365227371
90,17,5,-0.2827882607236265
90,17,6,-0.28246078122751905
90,17,7,-0.28278869312324956
90,17,8,-0.28269498175267826
90,17,9,-0.2827887113570863
90,17,10,-0.28249178565761013
90,18,1,-0.30006207186885003
90,18,2,-0.30006276102200125
90,18,3,-0.3000626919934609
90,18,4,-0.29985246731115034
90,18,5,-0.30006232299967767
90,18,6,-0.2997256868374736
90,18,7,-0.300062734704897
90,18,8,-0.29996011867500827
90,18,9,-0.3000627484862094
90,18,10,-0.2997570048875302
90,19,1,-0.29594467992711065
90,19,2,-0.295945372786485
90,19,3,-0.29594530752177384
90,19,4,-0.295738215900502
90,19,5,-0.29594491970690706
90,19,6,-0.2956080117626234
90,19,7,-0.29594534523016464
90,19,8,-0.29584444982752045
90,19,9,-0.29594535985478626
90,19,10,-0.29563952184776726
90,20,1,-0.3273245580888166
90,20,2,-0.3273257943743029
90,20,3,-0.3273256933874603
90,20,4,-0.3271079388461528
90,20,5,-0.32732500676731746
90,20,6,-0.3269799829106965
90,20,7,-0.32732575313452805
90,20,8,-0.32721636822123706
90,20,9,-0.3273257767098287
90,20,10,-0.32701134860607967
90,21,1,-0.26803772108440593
90,21,2,-0.2680391029535739
90,21,3,-0.2680390358056399
90,21,4,-0.26784857455258543
90,21,5,-0.268038635116506
90,21,6,-0.2677205036738147
90,21,7,-0.26803907579118147
90,21,8,-0.2679522974277661
90,21,9,-0.26803909043355184
90,21,10,-0.26775225434522254
90,22,1,-0.28633711101746123
90,22,2,-0.28633847711667354
90,22,3,-0.2863384094394244
90,22,4,-0.2861352693053806
90,22,5,-0.286338021175726
90,22,6,-0.2860066550684798
90,22,7,-0.2863384481235345
90,22,8,-0.2862428542403716
90,22,9,-0.28633846332155205
90,22,10,-0.2860375830906345
90,23,1,-0.2320753383128317
90,23,2,-0.23207670617467027
90,23,3,-0.23207664484735982
90,23,4,-0.2319069533856945
90,23,5,-0.23207623441000688
90,23,6,-0.2317850239800831
90,23,7,-0.23207668476535626
90,23,8,-0.23199994750735706
90,23,9,-0.2320766956527379
90,23,10,-0.23181497670925996
90,24,1,-0.28060481118105635
90,24,2,-0.28060621110605516
90,24,3,-0.2806061434816837
90,24,4,-0.280403524631812
90,24,5,-0.28060575119557934
90,24,6,-0.28027459502989743
90,24,7,-0.2806061825987584
90,24,8,-0.28051223975779094
90,24,9,-0.2806061980334982
90,24,10,-0.2803513575567055
91,1,1,0.6000000000009836
91,1,2,0.6000000000009847
91,1,3,0.6000000000009884
91,1,4,0.6000000000009891
91,1,5,0.6000000000009972
91,1,6,0.6000000000009984
91,1,7,0.6000000000009894
91,1,8,0.6000000000009853
91,1,9,0.6000000000009952
91,1,10,0.6000000000009841
91,2,1,0.600000000000987
91,2,2,0.6000000000009945
91,2,3,0.5999999999795284
91,2,4,0.6000000000009778
91,2,5,0.6000000000009805
91,2,6,0.6000000000009867
91,2,7,0.5999999999754722
91,2,8,0.6000000000009809
91,2,9,0.6000000000009859
91,2,10,0.60000000000098
91,3,1,0.6000000000009892
91,3,2,0.6000000000009835
91,3,3,0.6000000000009872
91,3,4,0.600000000000987
91,3,5,0.6000000000009889
91,3,6,0.6000000000009801
91,3,7,0.6000000000009834
91,3,8,0.6000000000009821
91,3,9,0.6000000000009871
91,3,10,0.6000000000009843
91,4,1,0.5999999999753842
91,4,2,0.6000000000009909
91,4,3,0.600000000000981
91,4,4,0.6000000000009804
91,4,5,0.5999999999752244
91,4,6,0.6000000000009803
91,4,7,0.6000000000009889
91,4,8,0.6000000000009819
91,4,9,0.6000000000009893
91,4,10,0.6000000000009809
91,5,1,0.6000000000009867
91,5,2,0.6000000000009854
91,5,3,0.6000000000009871
91,5,4,0.6000000000009844
91,5,5,0.6000000000009844
91,5,6,0.6000000000009809
91,5,7,0.6000000000009835
91,5,8,0.6000000000009871
91,5,9,0.6000000000009857
91,5,10,0.6000000000009841
91,6,1,0.6000000000009951
91,6,2,0.6000000000009855
91,6,3,0.5999999999743778
91,6,4,0.600000000000991
91,6,5,0.6000000000009875
91,6,6,0.600000000000982
91,6,7,0.6000000000009819
91,6,8,0.6000000000009881
91,6,9,0.6000000000009805
91,6,10,0.6000000000009891
91,7,1,0.6000000000009846
91,7,2,0.6000000000009857
91,7,3,0.600000000000985
91,7,4,0.6000000000009965
91,7,5,0.6000000000009904
91,7,6,0.6000000000009993
91,7,7,0.6000000000009829
91,7,8,0.6000000000009743
91,7,9,0.6000000000009837
91,7,10,0.5999999999750472
91,8,1,0.5999999999747124
91,8,2,0.6000000000009811
91,8,3,0.6000000000009869
91,8,4,0.6000000000009993
91,8,5,0.6000000000009886
91,8,6,0.6000000000009835
91,8,7,0.6000000000009821
91,8,8,0.6000000000009831
91,8,9,0.6000000000009825
91,8,10,0.5999999999759305
91,9,1,0.6000000000009829
91,9,2,0.6000000000009816
91,9,3,0.6000000000009829
91,9,4,0.6000000000009802
91,9,5,0.6000000000009904
91,9,6,0.6000000000009826
91,9,7,0.6000000000009819
91,9,8,0.6000000000009837
91,9,9,0.6000000000009853
91,9,10,0.6000000000009824
91,10,1,0.6000000000009822
91,10,2,0.6000000000009807
91,10,3,0.6000000000009833
91,10,4,0.6000000000009821
91,10,5,0.6000000000009827
91,10,6,0.600000000000976
91,10,7,0.600000000000982
91,10,8,0.5999999999745245
91,10,9,0.6000000000009816
91,10,10,0.6000000000009844
91,11,1,0.6000000000009812
91,11,2,0.6000000000009721
91,11,3,0.6000000000009845
91,11,4,0.6000000000009813
91,11,5,0.6000000000009694
91,11,6,0.6000000000009825
91,11,7,0.6000000000009714
91,11,8,0.6000000000009837
91,11,9,0.6000000000009814
91,11,10,0.6000000000009839
91,12,1,0.6000000000009802
91,12,2,0.6000000000009821
91,12,3,0.6000000000009826
91,12,4,0.6000000000009992
91,12,5,0.6000000000009827
91,12,6,0.5999999999749038
91,12,7,0.5999999999749386
91,12,8,0.6000000000009825
91,12,9,0.6000000000009816
91,12,10,0.59999999997663
91,13,1,0.6000000000009914
91,13,2,0.6000000000009813
91,13,3,0.6000000000009861
91,13,4,0.5999999999766417
91,13,5,0.6000000000009846
91,13,6,0.600000000000982
91,13,7,0.6000000000009786
91,13,8,0.6000000000009829
91,13,9,0.6000000000009874
91,13,10,0.6000000000009853
91,14,1,0.6000000000009938
91,14,2,0.6000000000009817
91,14,3,0.6000000000009864
91,14,4,0.6000000000009854
91,14,5,0.5999999999749215
91,14,6,0.6000000000009826
91,14,7,0.6000000000009827
91,14,8,0.600000000000983
91,14,9,0.6000000000009813
91,14,10,0.5999999999803703
91,15,1,0.6000000000009912
91,15,2,0.6000000000009825
91,15,3,0.6000000000009863
91,15,4,0.6000000000009895
91,15,5,0.6000000000009831
91,15,6,0.6000000000009831
91,15,7,0.6000000000009554
91,15,8,0.6000000000009837
91,15,9,0.6000000000009827
91,15,10,0.600000000000983
91,16,1,0.6000000000009884
91,16,2,0.600000000000985
91,16,3,0.5999999999752249
91,16,4,0.6000000000009864
91,16,5,0.6000000000009845
91,16,6,0.5999999999760561
91,16,7,0.6000000000009831
91,16,8,0.6000000000009835
91,16,9,0.5999999999944665
91,16,10,0.600000000000949
91,17,1,0.6000000000009859
91,17,2,0.6000000000009834
91,17,3,0.6000000000009745
91,17,4,0.600000000000982
91,17,5,0.6000000000009845
91,17,6,0.6000000000009753
91,17,7,0.6000000000009851
91,17,8,0.6000000000009877
91,17,9,0.6000000000009827
91,17,10,0.6000000000009842
91,18,1,0.5999999999758561
91,18,2,0.6000000000009843
91,18,3,0.6000000000009846
91,18,4,0.599999999974061
91,18,5,0.600000000000985
91,18,6,0.5999999999751819
91,18,7,0.5999999999746763
91,18,8,0.5999999999810539
91,18,9,0.600000000000987
91,18,10,0.5999999999766892
91,19,1,0.5999999999769694
91,19,2,0.6000000000009694
91,19,3,0.6000000000009844
91,19,4,0.6000000000009827
91,19,5,0.6000000000009499
91,19,6,0.6000000000009751
91,19,7,0.6000000000009839
91,19,8,0.5999999999749132
91,19,9,0.6000000000009837
91,19,10,0.6000000000009851
91,20,1,0.6000000000009804
91,20,2,0.5999999999766356
91,20,3,0.6000000000009843
91,20,4,0.5999999999755264
91,20,5,0.5999999999755412
91,20,6,0.6000000000009844
91,20,7,0.6000000000009839
91,20,8,0.6000000000009746
91,20,9,0.6000000000009449
91,20,10,0.6000000000009851
91,21,1,0.6000000000009595
91,21,2,0.6000000000009492
91,21,3,0.6000000000009695
91,21,4,0.6000000000009617
91,21,5,0.6000000000009842
91,21,6,0.6000000000009728
91,21,7,0.6000000000009835
91,21,8,0.6000000000009845
91,21,9,0.6000000000009593
91,21,10,0.6000000000009645
91,22,1,0.6000000000009725
91,22,2,0.5999999999766346
91,22,3,0.5999999999746796
91,22,4,0.600000000000964
91,22,5,0.6000000000009712
91,22,6,0.5999999999774162
91,22,7,0.6000000000009857
91,22,8,0.6000000000009703
91,22,9,0.6000000000009709
91,22,10,0.5999999999744743
91,23,1,0.6000000000009391
91,23,2,0.6000000000009671
91,23,3,0.6000000000009679
91,23,4,0.5999999999790254
91,23,5,0.6000000000009671
91,23,6,0.6000000000009679
91,23,7,0.6000000000009683
91,23,8,0.6000000000009509
91,23,9,0.6000000000009678
91,23,10,0.6000000000009672
91,24,1,0.599999999974756
91,24,2,0.600000000000968
91,24,3,0.6000000000009686
91,24,4,0.5999999999777952
91,24,5,0.6000000000009548
91,24,6,0.6000000000009678
91,24,7,0.6000000000009668
91,24,8,0.5999999999747975
91,24,9,0.6000000000009672
91,24,10,0.6000000000009684
92,1,1,-1.0742131450629036
92,1,2,-1.0742137100777982
92,1,3,-1.0742136638657636
92,1,4,-1.0740877792209877
92,1,5,-1.074213339905429
92,1,6,-1.074210831676846
92,1,7,-1.0742136886931841
92,1,8,-1.0741556531523762
92,1,9,-1.0742137009469002
92,1,10,-1.0740332074778725
92,2,1,-1.0327889360270643
92,2,2,-1.0327895059864096
92,2,3,-1.0327894585830368
92,2,4,-1.032657568498212
92,2,5,-1.0327891391664257
92,2,6,-1.0327867533086244
92,2,7,-1.0327894840756966
92,2,8,-1.0327275108689913
92,2,9,-1.0327894960044535
92,2,10,-1.0325919500836647
92,3,1,-1.0217485757152516
92,3,2,-1.0217491438319817
92,3,3,-1.0217490964458706
92,3,4,-1.0216143964761635
92,3,5,-1.0217487761922146
92,3,6,-1.0217464088451604
92,3,7,-1.021749122156029
92,3,8,-1.0216852073195795
92,3,9,-1.0217491346012222
92,3,10,-1.0215475964115917
92,4,1,-1.0431257258403859
92,4,2,-1.0431262956943463
92,4,3,-1.0431262483462989
92,4,4,-1.042997374611811
92,4,5,-1.0431259288567754
92,4,6,-1.0431235181642085
92,4,7,-1.0431262738414033
92,4,8,-1.0430655538579656
92,4,9,-1.043126285641505
92,4,10,-1.042932795402517
92,5,1,-1.0413879132684942
92,5,2,-1.0413884856643114
92,5,3,-1.0413884377749705
92,5,4,-1.0412589509183798
92,5,5,-1.0413881135651324
92,5,6,-1.0413857246179088
92,5,7,-1.0413884637330582
92,5,8,-1.0413274839929287
92,5,9,-1.0413884756543708
92,5,10,-1.0411950144618374
92,6,1,-1.0475734625988287
92,6,2,-1.0475740327436183
92,6,3,-1.047573985615561
92,6,4,-1.0474474415930395
92,6,5,-1.0475736658982016
92,6,6,-1.0475712818366916
92,6,7,-1.04757401126786
92,6,8,-1.0475137124003464
92,6,9,-1.0475740231436048
92,6,10,-1.0473829277276192
92,7,1,-1.001429541665197
92,7,2,-1.0014301067975524
92,7,3,-1.0014300581730151
92,7,4,-1.001286963932741
92,7,5,-1.0014297433496995
92,7,6,-1.0011980028648833
92,7,7,-1.0014300842139727
92,7,8,-1.0013601268458359
92,7,9,-1.0014300967557734
92,7,10,-1.0012185795865807
92,8,1,-1.0308554495137978
92,8,2,-1.0308560192985008
92,8,3,-1.030855972102155
92,8,4,-1.03072395875056
92,8,5,-1.0308556515282172
92,8,6,-1.0306365871528316
92,8,7,-1.0308559979982004
92,8,8,-1.0307937262594664
92,8,9,-1.0308560098630524
92,8,10,-1.0306914012294692
92,9,1,-1.030068211487208
92,9,2,-1.0300687827349346
92,9,3,-1.0300687352195843
92,9,4,-1.0299347373703174
92,9,5,-1.0300684140552776
92,9,6,-1.0298487399537704
92,9,7,-1.0300687614048132
92,9,8,-1.0300063721866033
92,9,9,-1.0300687732644627
92,9,10,-1.0298695618171323
92,10,1,-1.0243006520080202
92,10,2,-1.0243012237325522
92,10,3,-1.024301175238958
92,10,4,-1.0241667063900748
92,10,5,-1.024300856018197
92,10,6,-1.0240782954328294
92,10,7,-1.0243012015658637
92,10,8,-1.0242369096709463
92,10,9,-1.0243012135887144
92,10,10,-1.0240970672321648
92,11,1,-1.025386807645091
92,11,2,-1.0253873835265892
92,11,3,-1.0253873338229178
92,11,4,-1.025253230731624
92,11,5,-1.0253870128021272
92,11,6,-1.0251648243742888
92,11,7,-1.025387360378816
92,11,8,-1.0253239167094605
92,11,9,-1.0253873722670823
92,11,10,-1.0251857553141002
92,12,1,-1.0305599286794696
92,12,2,-1.0305605044651043
92,12,3,-1.0305604542937339
92,12,4,-1.030428439713533
92,12,5,-1.0305601276391276
92,12,6,-1.0303409534396992
92,12,7,-1.0305604810934503
92,12,8,-1.030498235285885
92,12,9,-1.0305604935890906
92,12,10,-1.0303620243342424
92,13,1,-0.9451135517674035
92,13,2,-0.9451140854068939
92,13,3,-0.9451140290661455
92,13,4,-0.9449634529898476
92,13,5,-0.9451137332931561
92,13,6,-0.9448739035130915
92,13,7,-0.9451140608062041
92,13,8,-0.945038456842437
92,13,9,-0.9451140744442282
92,13,10,-0.9448947105618325
92,14,1,-0.976031806965249
92,14,2,-0.9760323503044528
92,14,3,-0.9760322929818847
92,14,4,-0.9758821131342255
92,14,5,-0.976032002126263
92,14,6,-0.9757928538224103
92,14,7,-0.976032326354267
92,14,8,-0.9759570648645284
92,14,9,-0.9760323393582954
92,14,10,-0.9758137842209882
92,15,1,-0.9444309835635664
92,15,2,-0.9444315250013559
92,15,3,-0.9444314684092093
92,15,4,-0.9442810205286187
92,15,5,-0.9444311715242245
92,15,6,-0.9441916235646458
92,15,7,-0.9444315009527195
92,15,8,-0.9443563466352839
92,15,9,-0.9444315144970037
92,15,10,-0.944212760526073
92,16,1,-0.9819840706494464
92,16,2,-0.981984618179867
92,16,3,-0.981984563443441
92,16,4,-0.9818344210837787
92,16,5,-0.9819842692798246
92,16,6,-0.9817456228635809
92,16,7,-0.9819845958787234
92,16,8,-0.9819105964373284
92,16,9,-0.9819846077713257
92,16,10,-0.9817666902388599
92,17,1,-0.9132642949987431
92,17,2,-0.913264864196078
92,17,3,-0.91326481029013
92,17,4,-0.9131226056690127
92,17,5,-0.9132645005456519
92,17,6,-0.9130339898224289
92,17,7,-0.9132648422960917
92,17,8,-0.9131970871702669
92,17,9,-0.91326485655393
92,17,10,-0.913055219366921
92,18,1,-0.9305982935065152
92,18,2,-0.9305988505373183
92,18,3,-0.9305987982314262
92,18,4,-0.9304502972813474
92,18,5,-0.9305984953758373
92,18,6,-0.9303621886211183
92,18,7,-0.9305988294531172
92,18,8,-0.930526056825504
92,18,9,-0.9305988406468739
92,18,10,-0.9303836828887699
92,19,1,-0.9264662958574188
92,19,2,-0.9264668512807434
92,19,3,-0.9264668004416513
92,19,4,-0.9263202215469886
92,19,5,-0.9264664876084633
92,19,6,-0.9262297230258583
92,19,7,-0.9264668295996736
92,19,8,-0.9263949764882938
92,19,9,-0.9264668414281123
92,19,10,-0.9262513548108758
92,20,1,-0.9579628978563228
92,20,2,-0.9579637245636532
92,20,3,-0.9579636560831506
92,20,4,-0.9578102494477402
92,20,5,-0.9579631981176328
92,20,6,-0.9577206797132993
92,20,7,-0.9579636963920094
92,20,8,-0.9578870064827496
92,20,9,-0.9579637124062219
92,20,10,-0.9577425224139733
92,21,1,-0.8984657833098221
92,21,2,-0.8984668721887042
92,21,3,-0.8984668203620901
92,21,4,-0.8983296586863336
92,21,5,-0.8984665041448872
92,21,6,-0.8982415045900437
92,21,7,-0.8984668509358893
92,21,8,-0.8984025936284727
92,21,9,-0.8984668628899448
92,21,10,-0.8982630416087642
92,22,1,-0.916825562905003
92,22,2,-0.9168266479141433
92,22,3,-0.916826595426814
92,22,4,-0.9166817259014278
92,22,5,-0.916826286759004
92,22,6,-0.9165926661197813
92,22,7,-0.9168266256784903
92,22,8,-0.9167577652398655
92,22,9,-0.916826637450622
92,22,10,-0.9166136283222839
92,23,1,-0.8623963175158212
92,23,2,-0.8623973902255673
92,23,3,-0.8623973414137239
92,23,4,-0.862270211812334
92,23,5,-0.8623970212444297
92,23,6,-0.862186980226643
92,23,7,-0.8623973719423594
92,23,8,-0.8623375847990302
92,23,9,-0.8623973811968283
92,23,10,-0.862206792673784
92,24,1,-0.9110739270764057
92,24,2,-0.9110750322355331
92,24,3,-0.9110749801303433
92,24,4,-0.9109290614476953
92,24,5,-0.9110746694489628
92,24,6,-0.9108392282875181
92,24,7,-0.9110750101511476
92,24,8,-0.9110065446696369
92,24,9,-0.9110750222653099
92,24,10,-0.9109062925986571
93,1,1,0.030026576024370425
93,1,2,0.03002615278786495
93,1,3,0.030026187226190704
93,1,4,0.030122510416866786
93,1,5,0.030026430863426476
93,1,6,0.030028332205222327
93,1,7,0.03002616848109106
93,1,8,0.030071262655098036
93,1,9,0.030026159464742644
93,1,10,0.030160647239333895
93,2,1,0.030026576214309514
93,2,2,0.03002615274708632
93,2,3,0.030026187166218844
93,2,4,0.03011876405834745
93,2,5,0.030026425367446628
93,2,6,0.030028289001129523
93,2,7,0.030026168292616832
93,2,8,0.030071589218435273
93,2,9,0.030026159760651188
93,2,10,0.030161281275520122
93,3,1,0.030026574491002597
93,3,2,0.030026152726146817
93,3,3,0.0300261870522654
93,3,4,0.030117797098995553
93,3,5,0.030026426268899946
93,3,6,0.03002830487794982
93,3,7,0.030026168359367125
93,3,8,0.0300715733815206
93,3,9,0.03002615973465308
93,3,10,0.03016038385189813
93,4,1,0.030026577564507308
93,4,2,0.030026152725608025
93,4,3,0.030026187249747194
93,4,4,0.030119056200658533
93,4,5,0.030026426076511518
93,4,6,0.03002829391076536
93,4,7,0.030026168422261582
93,4,8,0.03007174838953418
93,4,9,0.03002615977826526
93,4,10,0.030161896004492424
93,5,1,0.030026577496941088
93,5,2,0.03002615275138054
93,5,3,0.03002618722593212
93,5,4,0.030119149122771614
93,5,5,0.03002642846306484
93,5,6,0.030028293720746817
93,5,7,0.03002616839909763
93,5,8,0.030071799811409353
93,5,9,0.03002615971350006
93,5,10,0.030161495623566587
93,6,1,0.030026577868717274
93,6,2,0.030026152767923742
93,6,3,0.030026187350349627
93,6,4,0.030118609107334614
93,6,5,0.030026426109766607
93,6,6,0.03002827702724127
93,6,7,0.030026168364993805
93,6,8,0.030071795984636936
93,6,9,0.030026159736168567
93,6,10,0.030161760731933385
93,7,1,0.030026576413464078
93,7,2,0.030026152718201735
93,7,3,0.030026187213487786
93,7,4,0.03011839105509953
93,7,5,0.030026425260341872
93,7,6,0.030174317932258287
93,7,7,0.03002616833121492
93,7,8,0.030072254042402945
93,7,9,0.030026159732556623
93,7,10,0.030161416492385327
93,8,1,0.0300265771996273
93,8,2,0.030026152724050043
93,8,3,0.030026187387249947
93,8,4,0.030118688700817013
93,8,5,0.030026426896971856
93,8,6,0.03017498894988474
93,8,7,0.030026168336391608
93,8,8,0.030071787550745917
93,8,9,0.03002615977721247
93,8,10,0.03016249039724758
93,9,1,0.030026577516489374
93,9,2,0.030026152760694397
93,9,3,0.030026187397313234
93,9,4,0.030119537762388408
93,9,5,0.03002642693221332
93,9,6,0.030175174319801483
93,9,7,0.03002616833224268
93,9,8,0.030071798957218048
93,9,9,0.030026159726742378
93,9,10,0.030161932400063162
93,10,1,0.030026577264658436
93,10,2,0.030026152714106122
93,10,3,0.030026187397813913
93,10,4,0.030118642562770834
93,10,5,0.03002642554908122
93,10,6,0.030175089191144266
93,10,7,0.03002616839320563
93,10,8,0.030072431532303854
93,10,9,0.030026159775230644
93,10,10,0.030162576106579634
93,11,1,0.030026577262131204
93,11,2,0.030026152747827044
93,11,3,0.030026187393224536
93,11,4,0.030118692301852372
93,11,5,0.030026425565801856
93,11,6,0.030175221461228124
93,11,7,0.03002616839296924
93,11,8,0.030071884281983107
93,11,9,0.03002615977652258
93,11,10,0.030161976014279203
93,12,1,0.03002657614303766
93,12,2,0.030026152746004155
93,12,3,0.030026187392985248
93,12,4,0.03011867658125406
93,12,5,0.03002642909640477
93,12,6,0.03017510458469008
93,12,7,0.030026168296924758
93,12,8,0.030071715255034864
93,12,9,0.030026159686806025
93,12,10,0.030161694744221656
93,13,1,0.030026572190407275
93,13,2,0.030026152667409226
93,13,3,0.03002619064302619
93,13,4,0.03011837893148737
93,13,5,0.030026427150379707
93,13,6,0.030174425214856065
93,13,7,0.030026168203157566
93,13,8,0.03007157625507056
93,13,9,0.030026159508873218
93,13,10,0.030161405153032457
93,14,1,0.030026575778229352
93,14,2,0.030026152642966302
93,14,3,0.03002619079793648
93,14,4,0.03011848928421373
93,14,5,0.03002642432629962
93,14,6,0.030174483564912327
93,14,7,0.03002616815479021
93,14,8,0.030071679633710133
93,14,9,0.03002615960421836
93,14,10,0.030161408605385232
93,15,1,0.030026574860619788
93,15,2,0.030026152667687694
93,15,3,0.030026190648454524
93,15,4,0.03011841765788832
93,15,5,0.03002642713219198
93,15,6,0.03017439999026691
93,15,7,0.030026168210487984
93,15,8,0.03007137872300681
93,15,9,0.03002615951196323
93,15,10,0.030161203223882386
93,16,1,0.03002657667958486
93,16,2,0.03002615266951809
93,16,3,0.03002619030333354
93,16,4,0.030119283023957177
93,16,5,0.030026424894416835
93,16,6,0.03017503645518623
93,16,7,0.030026168208277738
93,16,8,0.03007165423898705
93,16,9,0.030026159659309187
93,16,10,0.030161789244512585
93,17,1,0.03002657409418469
93,17,2,0.030026152642536313
93,17,3,0.030026190538969544
93,17,4,0.03011884996115066
93,17,5,0.030026421544777658
93,17,6,0.03017466115166451
93,17,7,0.030026168163269286
93,17,8,0.030071583350361596
93,17,9,0.030026159667200323
93,17,10,0.03016133833412103
93,18,1,0.03002657572784335
93,18,2,0.03002615267047978
93,18,3,0.030026190635130352
93,18,4,0.030119151973596183
93,18,5,0.030026422591512385
93,18,6,0.030174482412104398
93,18,7,0.03002616799176316
93,18,8,0.03007170363186958
93,18,9,0.030026159743526192
93,18,10,0.030161050083227774
93,19,1,0.03002657162534654
93,19,2,0.030026152679391127
93,19,3,0.03002618986606729
93,19,4,0.030118600204663087
93,19,5,0.03002642716062659
93,19,6,0.0301753161370691
93,19,7,0.030026168220957775
93,19,8,0.03007174903424375
93,19,9,0.03002615974650278
93,19,10,0.030161807942090144
93,20,1,0.030026579064252712
93,20,2,0.030026152638798695
93,20,3,0.03002619014841212
93,20,4,0.03011959903460842
93,20,5,0.03002642419411096
93,20,6,0.03017568456598108
93,20,7,0.03002616829247986
93,20,8,0.030071679717772918
93,20,9,0.030026159799131886
93,20,10,0.030162102082406203
93,21,1,0.030026963672780595
93,21,2,0.030026152642387314
93,21,3,0.030026190480616798
93,21,4,0.03011922288530069
93,21,5,0.03002642645568816
93,21,6,0.030175203460924494
93,21,7,0.030026168159883827
93,21,8,0.030071687413911297
93,21,9,0.030026159465479742
93,21,10,0.030161620644618522
93,22,1,0.030026966039934905
93,22,2,0.030026152580951496
93,22,3,0.030026189938693805
93,22,4,0.030118788323533714
93,22,5,0.030026422875284803
93,22,6,0.03017491363574311
93,22,7,0.03002616822430098
93,22,8,0.030071482941653457
93,22,9,0.030026159763643888
93,22,10,0.030161279032728656
93,23,1,0.0300269462344659
93,23,2,0.030026152621960202
93,23,3,0.030026190355813304
93,23,4,0.030120025267088738
93,23,5,0.030026425739268545
93,23,6,0.030175362174783688
93,23,7,0.030026168093241302
93,23,8,0.030071647825277856
93,23,9,0.030026159670607313
93,23,10,0.030162815881136146
93,24,1,0.030026982304302046
93,24,2,0.030026152705940026
93,24,3,0.030026190086463272
93,24,4,0.030121776434526702
93,24,5,0.03002642508220888
93,24,6,0.030177856156122965
93,24,7,0.03002616828177344
93,24,8,0.030072351754863755
93,24,9,0.03002615983900545
93,24,10,0.030167035561260463
94,1,1,-0.337776428341061
94,1,2,-0.3377770337737525
94,1,3,-0.33777698645783777
94,1,4,-0.3376603911299221
94,1,5,-0.33777664266824386
94,1,6,-0.3377741745057064
94,1,7,-0.33777701224924067
94,1,8,-0.3377230912258417
94,1,9,-0.33777702449961183
94,1,10,-0.3375884783952415
94,2,1,-0.2787016025142318
94,2,2,-0.27870221624579833
94,2,3,-0.27870216539271964
94,2,4,-0.2785234665473296
94,2,5,-0.2787018271866403
94,2,6,-0.27869965031783345
94,2,7,-0.27870219413136876
94,2,8,-0.27862967563874325
94,2,9,-0.27870220709431887
94,2,10,-0.27844510515388604
94,3,1,-0.2571822413437148
94,3,2,-0.2571828275156373
94,3,3,-0.2571827859790777
94,3,4,-0.2569633810922392
94,3,5,-0.25718246459561483
94,3,6,-0.2571805716506671
94,3,7,-0.2571828087233453
94,3,8,-0.2570903398305897
94,3,9,-0.2571828213931252
94,3,10,-0.2568940934009813
94,4,1,-0.29878830371763043
94,4,2,-0.2987889202555564
94,4,3,-0.29878886939966304
94,4,4,-0.2986406221355469
94,4,5,-0.2987885309254757
94,4,6,-0.2987862990945542
94,4,7,-0.2987888988395286
94,4,8,-0.29872728592213127
94,4,9,-0.29878890880952397
94,4,10,-0.2985604959588705
94,5,1,-0.2952760075224198
94,5,2,-0.295276650591332
94,5,3,-0.2952765958737717
94,5,4,-0.29512462303118037
94,5,5,-0.2952762346218077
94,5,6,-0.29527408141450345
94,5,7,-0.29527662547989464
94,5,8,-0.2952137441088871
94,5,9,-0.2952766395991411
94,5,10,-0.2950424696522626
94,6,1,-0.30891225740917294
94,6,2,-0.3089128774924008
94,6,3,-0.30891282855974384
94,6,4,-0.30877714729674294
94,6,5,-0.30891248675355315
94,6,6,-0.3089101988056353
94,6,7,-0.30891285583254696
94,6,8,-0.3088541831041834
94,6,9,-0.30891286754969444
94,6,10,-0.3087010385641041
94,7,1,-0.24122769796254515
94,7,2,-0.2412282151749534
94,7,3,-0.24122817813043265
94,7,4,-0.2409855900532428
94,7,5,-0.24122788631785108
94,7,6,-0.24089251118933266
94,7,7,-0.24122820091436792
94,7,8,-0.24112381300234034
94,7,9,-0.2412282092240586
94,7,10,-0.24092262943478962
94,8,1,-0.30076979801285225
94,8,2,-0.3007704151142876
94,8,3,-0.3007703667047542
94,8,4,-0.3006248860768383
94,8,5,-0.30077002697533634
94,8,6,-0.30051550474021543
94,8,7,-0.30077039479105805
94,8,8,-0.3007086020410429
94,8,9,-0.30077040545248274
94,8,10,-0.3005444864778852
94,9,1,-0.29922452012862216
94,9,2,-0.29922514436963554
94,9,3,-0.29922509379380585
94,9,4,-0.2990770004821424
94,9,5,-0.29922475274151045
94,9,6,-0.2989668510722056
94,9,7,-0.299225122380108
94,9,8,-0.29916294470272287
94,9,9,-0.29922513443620224
94,9,10,-0.29899589386434283
94,10,1,-0.28804243176183086
94,10,2,-0.2880430512155966
94,10,3,-0.2880430006498547
94,10,4,-0.2878792346144801
94,10,5,-0.2880426647605543
94,10,6,-0.2877662434788476
94,10,7,-0.2880430283953202
94,10,8,-0.2879763032645945
94,10,9,-0.2880430403366888
94,10,10,-0.2877974859148504
94,11,1,-0.29012947261997957
94,11,2,-0.29013010740125716
94,11,3,-0.29013005496238314
94,11,4,-0.2899694407162054
94,11,5,-0.2901297114416294
94,11,6,-0.2898567129597153
94,11,7,-0.2901300837688327
94,11,8,-0.2900632271124628
94,11,9,-0.29013009534839573
94,11,10,-0.2898865835075883
94,12,1,-0.3003942951532794
94,12,2,-0.3003949170637769
94,12,3,-0.3003948622919005
94,12,4,-0.3002402223698865
94,12,5,-0.3003945042152627
94,12,6,-0.3001406373134427
94,12,7,-0.3003948917100314
94,12,8,-0.3003329164447298
94,12,9,-0.30039490603794927
94,12,10,-0.30016073334895016
94,13,1,-0.234378973349186
94,13,2,-0.23437954677021366
94,13,3,-0.2343794779306608
94,13,4,-0.23412621005980372
94,13,5,-0.2343792541316137
94,13,6,-0.23397842282963263
94,13,7,-0.2343795232890965
94,13,8,-0.23425143613112687
94,13,9,-0.2343795362979302
94,13,10,-0.23401631451739924
94,14,1,-0.29448989445259877
94,14,2,-0.29449055245488726
94,14,3,-0.2944904909555556
94,14,4,-0.2943366647902943
94,14,5,-0.2944901496914544
94,14,6,-0.2942262751019193
94,14,7,-0.29449052743884285
94,14,8,-0.29442574985890074
94,14,9,-0.294490539103887
94,14,10,-0.2942561702025716
94,15,1,-0.2330816533420322
94,15,2,-0.2330823192398193
94,15,3,-0.23308224157083898
94,15,4,-0.23283246732415663
94,15,5,-0.23308198212678427
94,15,6,-0.23273872062089374
94,15,7,-0.2330822861495402
94,15,8,-0.23297454512206509
94,15,9,-0.23308230760263535
94,15,10,-0.2327703712240308
94,16,1,-0.30575727326701607
94,16,2,-0.3057579169128296
94,16,3,-0.30575785872537514
94,16,4,-0.30561727642342407
94,16,5,-0.30575751667539314
94,16,6,-0.3055118884078568
94,16,7,-0.30575789240135726
94,16,8,-0.30569845858729044
94,16,9,-0.30575790545448456
94,16,10,-0.3055386023995931
94,17,1,-0.17244046226971024
94,17,2,-0.17244111139027019
94,17,3,-0.17244106201728412
94,17,4,-0.1722514259276927
94,17,5,-0.1724407185313297
94,17,6,-0.17213334786247678
94,17,7,-0.17244109340168384
94,17,8,-0.1723659105677211
94,17,9,-0.17244110504741464
94,17,10,-0.1721660967233162
94,18,1,-0.2065406258337592
94,18,2,-0.2065411632854968
94,18,3,-0.206541090285357
94,18,4,-0.20628337131662047
94,18,5,-0.20654083834063952
94,18,6,-0.20620450888028832
94,18,7,-0.20654113562863918
94,18,8,-0.2064372808979719
94,18,9,-0.20654114996240874
94,18,10,-0.20623760034693975
94,19,1,-0.1984199655044466
94,19,2,-0.1984205338137561
94,19,3,-0.19842047723765507
94,19,4,-0.1981882609014461
94,19,5,-0.19842016066041301
94,19,6,-0.19808352571849477
94,19,7,-0.19842051033513047
94,19,8,-0.19832286491009177
94,19,9,-0.1984205196469378
94,19,10,-0.1981166877691606
94,20,1,-0.26161444603419726
94,20,2,-0.26161504281332576
94,20,3,-0.2616149827939704
94,20,4,-0.26138963579666025
94,20,5,-0.261614665731182
94,20,6,-0.2612561219984481
94,20,7,-0.2616150170831027
94,20,8,-0.261520081800016
94,20,9,-0.2616150300858047
94,20,10,-0.26129386758768464
94,21,1,-0.20707557594597367
94,21,2,-0.20707671397837243
94,21,3,-0.20707665243130066
94,21,4,-0.20683181302572365
94,21,5,-0.2070763655293447
94,21,6,-0.2066810580385925
94,21,7,-0.2070766917050202
94,21,8,-0.2069564383243726
94,21,9,-0.2070767086441951
94,21,10,-0.20671842375706082
94,22,1,-0.24385369744061172
94,22,2,-0.2438547742185938
94,22,3,-0.24385471065210806
94,22,4,-0.24361307468016433
94,22,5,-0.24385445672624195
94,22,6,-0.243467928471805
94,22,7,-0.24385474809610524
94,22,8,-0.2437371956280313
94,22,9,-0.2438547619545739
94,22,10,-0.2435046336759541
94,23,1,-0.13678327229609094
94,23,2,-0.13678440054825436
94,23,3,-0.1367843562438161
94,23,4,-0.1366369973363324
94,23,5,-0.13678400613432293
94,23,6,-0.13650571001885917
94,23,7,-0.13678438533314563
94,23,8,-0.13672317999871972
94,23,9,-0.13678439426619712
94,23,10,-0.13654056780336699
94,24,1,-0.24397732013421375
94,24,2,-0.24397844429438875
94,24,3,-0.2439783808012261
94,24,4,-0.24373338846781262
94,24,5,-0.24397811364595792
94,24,6,-0.2436950688033099
94,24,7,-0.24397841898095754
94,24,8,-0.24387370222141683
94,24,9,-0.2439784326168258
94,24,10,-0.24367120645592305
95,1,1,-0.38060683823502767
95,1,2,-0.38060729462923015
95,1,3,-0.3806072592107985
95,1,4,-0.3805227453577126
95,1,5,-0.3806070009648187
95,1,6,-0.3806051027578464
95,1,7,-0.3806072783031547
95,1,8,-0.38056720460670956
95,1,9,-0.3806072875341434
95,1,10,-0.3804706478676368
95,2,1,-0.32126699521621305
95,2,2,-0.3212674594255545
95,2,3,-0.3212674223087797
95,2,4,-0.32114030702255664
95,2,5,-0.32126716710071157
95,2,6,-0.3212655015345505
95,2,7,-0.3212674432823358
95,2,8,-0.32121702642217775
95,2,9,-0.3212674529776498
95,2,10,-0.32109047333547874
95,3,1,-0.29966370905158374
95,3,2,-0.29966415475216973
95,3,3,-0.2996641237732114
95,3,4,-0.2995036059705116
95,3,5,-0.29966388053081144
95,3,6,-0.29966230537024113
95,3,7,-0.29966414108738965
95,3,8,-0.29960000087185307
95,3,9,-0.29966415025109755
95,3,10,-0.2994641772441962
95,4,1,-0.3414381139395246
95,4,2,-0.34143857639294933
95,4,3,-0.34143853878063346
95,4,4,-0.34133378614887455
95,4,5,-0.3414382859104406
95,4,6,-0.341436526827643
95,4,7,-0.3414385602783004
95,4,8,-0.3413947434224633
95,4,9,-0.3414385678271408
95,4,10,-0.34128064599291386
95,5,1,-0.3379106402391041
95,5,2,-0.33791112323605116
95,5,3,-0.33791108327065333
95,5,4,-0.3378039452114807
95,5,5,-0.3379108132037095
95,5,6,-0.3379091034410843
95,5,7,-0.33791110470956814
95,5,8,-0.337866597282848
95,5,9,-0.3379111153419075
95,5,10,-0.3377491856419755
95,6,1,-0.3516068408801126
95,6,2,-0.35160730481829244
95,6,3,-0.3516072689406641
95,6,4,-0.35151119471602965
95,6,5,-0.35160701429805646
95,6,6,-0.3516052128899326
95,6,7,-0.35160728883476583
95,6,8,-0.3515651321654962
95,6,9,-0.35160729772774985
95,6,10,-0.35146093453467936
95,7,1,-0.28365128242884147
95,7,2,-0.2836516775734904
95,7,3,-0.2836516491959792
95,7,4,-0.2834723638902017
95,7,5,-0.2836514254375967
95,7,6,-0.2834195396397225
95,7,7,-0.283651667131287
95,7,8,-0.283578923387956
95,7,9,-0.28365167303317085
95,7,10,-0.28344017323744064
95,8,1,-0.34342825535200633
95,8,2,-0.34342871768584066
95,8,3,-0.3434286819576182
95,8,4,-0.3433258548626779
95,8,5,-0.3434284286827375
95,8,6,-0.34325225962810096
95,8,7,-0.34342870249176227
95,8,8,-0.34338459138508404
95,8,9,-0.3434287104409703
95,8,10,-0.3432724529324753
95,9,1,-0.3418762317206471
95,9,2,-0.34187669975120205
95,9,3,-0.34187666233464054
95,9,4,-0.34177213674736234
95,9,5,-0.3418764080933517
95,9,6,-0.3416977310221193
95,9,7,-0.3418766832012448
95,9,8,-0.34183238003300775
95,9,9,-0.34187669227866757
95,9,10,-0.34171787339154963
95,10,1,-0.3306463535391832
95,10,2,-0.3306468193375925
95,10,3,-0.33064678194623787
95,10,4,-0.33053081389329014
95,10,5,-0.3306465306972546
95,10,6,-0.3304554508191625
95,10,7,-0.33064680200097124
95,10,8,-0.33059994382686747
95,10,9,-0.33064681121237705
95,10,10,-0.33047723583843336
95,11,1,-0.33274217970259223
95,11,2,-0.33274265662443175
95,11,3,-0.33274261810447725
95,11,4,-0.33262898615209935
95,11,5,-0.3327423612709342
95,11,6,-0.3325536265903611
95,11,7,-0.3327426389514247
95,11,8,-0.33269551331552055
95,11,9,-0.33274264794382913
95,11,10,-0.33257434211034187
95,12,1,-0.3430511114026034
95,12,2,-0.3430515757922105
95,12,3,-0.3430515349483696
95,12,4,-0.3429396451974073
95,12,5,-0.3430512679803009
95,12,6,-0.342875877889732
95,12,7,-0.343051556467117
95,12,8,-0.3430071119356366
95,12,9,-0.3430515671191182
95,12,10,-0.34288689867552896
95,13,1,-0.27677889774480197
95,13,2,-0.2767793035344757
95,13,3,-0.27677925538777876
95,13,4,-0.2765905282866892
95,13,5,-0.27677908325365197
95,13,6,-0.2764834548962646
95,13,7,-0.2767792878305857
95,13,8,-0.2766838207065766
95,13,9,-0.27677929581358407
95,13,10,-0.2765106311017438
95,14,1,-0.33712115505150225
95,14,2,-0.3371216521956437
95,14,3,-0.3371216068189676
95,14,4,-0.3370130899512925
95,14,5,-0.3371213519164124
95,14,6,-0.33693928796420897
95,14,7,-0.3371216332894622
95,14,8,-0.33707579300362606
95,14,9,-0.3371216423617758
95,14,10,-0.33695995231056675
95,15,1,-0.275477211829923
95,15,2,-0.27547766349760017
95,15,3,-0.2754776062231985
95,15,4,-0.2752922945630893
95,15,5,-0.27547742195694636
95,15,6,-0.27523971848782164
95,15,7,-0.27547764036494143
95,15,8,-0.2754022469892846
95,15,9,-0.2754776557941075
95,15,10,-0.27526147592928957
95,16,1,-0.3484377491015498
95,16,2,-0.348438231968437
95,16,3,-0.34843818912527785
95,16,4,-0.3483390838664816
95,16,5,-0.3484379344480424
95,16,6,-0.34826790282989795
95,16,7,-0.3484382136212735
95,16,8,-0.34839568508925434
95,16,9,-0.3484382238208266
95,16,10,-0.3482861120655214
95,17,1,-0.21465701350511357
95,17,2,-0.21465750514339071
95,17,3,-0.2146574693988345
95,17,4,-0.214525657144397
95,17,5,-0.2146572116912917
95,17,6,-0.21445183400150217
95,17,7,-0.21465749277914173
95,17,8,-0.21460616291244305
95,17,9,-0.21465750031627004
95,17,10,-0.2144736719351126
95,18,1,-0.24885118564193193
95,18,2,-0.2488516001695953
95,18,3,-0.24885154677335922
95,18,4,-0.24865911885868983
95,18,5,-0.24885134692983107
95,18,6,-0.2486208027442235
95,18,7,-0.24885158152733247
95,18,8,-0.2487794603424857
95,18,9,-0.24885159112843486
95,18,10,-0.24864323334226715
95,19,1,-0.2407066038143063
95,19,2,-0.24070703940064953
95,19,3,-0.24070699829548087
95,19,4,-0.2405376953380506
95,19,5,-0.24070675416448928
95,19,6,-0.2404766773907234
95,19,7,-0.24070702188701446
95,19,8,-0.24063962715373402
95,19,9,-0.240707028090406
95,19,10,-0.24049916777493147
95,20,1,-0.3041126507263136
95,20,2,-0.3041131022409443
95,20,3,-0.30411305735017247
95,20,4,-0.30395780901313274
95,20,5,-0.3041128170542717
95,20,6,-0.3038520551238801
95,20,7,-0.3041130831892279
95,20,8,-0.304045048551159
95,20,9,-0.30411309294909117
95,20,10,-0.3038795734032838
95,21,1,-0.24938790164965166
95,21,2,-0.2493887611926162
95,21,3,-0.24938871641174398
95,21,4,-0.24920915771920196
95,21,5,-0.24938849468373941
95,21,6,-0.24910000845922775
95,21,7,-0.2493887453078842
95,21,8,-0.24930040662415265
95,21,9,-0.24938875786943723
95,21,10,-0.2491268935109136
95,22,1,-0.2862866933548429
95,22,2,-0.28628750602286135
95,22,3,-0.2862874589082423
95,22,4,-0.2861110174697796
95,22,5,-0.28628726349695555
95,22,6,-0.28600306398602104
95,22,7,-0.2862874865150118
95,22,8,-0.28620079730810566
95,22,9,-0.286287496788766
95,22,10,-0.28602976182294343
95,23,1,-0.17891972393301053
95,23,2,-0.17892055694680065
95,23,3,-0.17892052580023762
95,23,4,-0.17882229110434894
95,23,5,-0.1789202676597849
95,23,6,-0.178736984320121
95,23,7,-0.17892054548704295
95,23,8,-0.1788777483043028
95,23,9,-0.17892055205379703
95,23,10,-0.17875997151113124
95,24,1,-0.28641076309528435
95,24,2,-0.2864116158224385
95,24,3,-0.28641157069795775
95,24,4,-0.28623053705468104
95,24,5,-0.2864113616084316
95,24,6,-0.2862325669149119
95,24,7,-0.2864115978066189
95,24,8,-0.286338490662021
95,24,9,-0.28641160719328534
95,24,10,-0.28619854627969366
96,1,1,-0.4247153064063035
96,1,2,-0.4247156186728474
96,1,3,-0.4247155941826
96,1,4,-0.4246572864559832
96,1,5,-0.42471541944039615
96,1,6,-0.42471413824842713
96,1,7,-0.4247156072745723
96,1,8,-0.4246877346479458
96,1,9,-0.4247156136083032
96,1,10,-0.4246186233312582
96,2,1,-0.3647693068281832
96,2,2,-0.3647696224398137
96,2,3,-0.3647695968381511
96,2,4,-0.36468318677972766
96,2,5,-0.36476942553645914
96,2,6,-0.3647682711224636
96,2,7,-0.3647696108221095
96,2,8,-0.3647361458024685
96,2,9,-0.3647696171720107
96,2,10,-0.3646579675251863
96,3,1,-0.34297079125955926
96,3,2,-0.3429710911832478
96,3,3,-0.34297107023320306
96,3,4,-0.34286264002695127
96,3,5,-0.34297090746682396
96,3,6,-0.3429698836205714
96,3,7,-0.3429710806648255
96,3,8,-0.3429309836040229
96,3,9,-0.3429710878103258
96,3,10,-0.3428501411113185
96,4,1,-0.3851349739448606
96,4,2,-0.3851352887586102
96,4,3,-0.38513526309544444
96,4,4,-0.38506293767167826
96,4,5,-0.3851350929899915
96,4,6,-0.3851339015293181
96,4,7,-0.38513527760079186
96,4,8,-0.3851055518566959
96,4,9,-0.38513528295667365
96,4,10,-0.3850304647574246
96,5,1,-0.3815726319160103
96,5,2,-0.38157295945920594
96,5,3,-0.38157293250672725
96,5,4,-0.3814990875052407
96,5,5,-0.3815727525274649
96,5,6,-0.381571592881793
96,5,7,-0.3815729466722378
96,5,8,-0.3815428639809882
96,5,9,-0.38157295387362056
96,5,10,-0.3814660313121263
96,6,1,-0.3954062705926946
96,6,2,-0.39540658607207674
96,6,3,-0.3954065618210089
96,6,4,-0.3953401999075081
96,6,5,-0.3954063903245576
96,6,6,-0.39540515483291694
96,6,7,-0.3954065750013367
96,6,8,-0.39537795598862646
96,6,9,-0.39540658120409233
96,6,10,-0.3953087234712022
96,7,1,-0.32682241184425526
96,7,2,-0.3268226779512424
96,7,3,-0.32682265783077497
96,7,4,-0.3267020576827951
96,7,5,-0.32682250414491026
96,7,6,-0.3266854530044238
96,7,7,-0.3268226705294457
96,7,8,-0.32677954704362083
96,7,9,-0.3268226746907644
96,7,10,-0.32669774277542163
96,8,1,-0.38714495321958775
96,8,2,-0.38714526830536156
96,8,3,-0.3871452438348896
96,8,4,-0.3870742914330551
96,8,5,-0.3871450738184462
96,8,6,-0.38702819042188635
96,8,7,-0.38714525765050595
96,8,8,-0.38711529172502157
96,8,9,-0.38714526311045727
96,8,10,-0.38704110923882795
96,9,1,-0.385577452212136
96,9,2,-0.38557777019440925
96,9,3,-0.38557774462868794
96,9,4,-0.3855055323298889
96,9,5,-0.38557757453749353
96,9,6,-0.3854590476451552
96,9,7,-0.3855777587482704
96,9,8,-0.38554769197731265
96,9,9,-0.38557776485289186
96,9,10,-0.38547209330666155
96,10,1,-0.3742376560938464
96,10,2,-0.3742379730739264
96,10,3,-0.37423794750344325
96,10,4,-0.37415837778205474
96,10,5,-0.3742377789382359
96,10,6,-0.37411420501627235
96,10,7,-0.374237960963087
96,10,8,-0.37420645464613544
96,10,9,-0.3742379673346253
96,10,10,-0.374128369136106
96,11,1,-0.37635372231256975
96,11,2,-0.3763540459541248
96,11,3,-0.3763540194950999
96,11,4,-0.376276026312621
96,11,5,-0.3763538483338815
96,11,6,-0.37623129323867543
96,11,7,-0.37635403336479767
96,11,8,-0.3763222841121514
96,11,9,-0.37635403961238817
96,11,10,-0.37624435191178046
96,12,1,-0.3867640433978967
96,12,2,-0.38676435709680246
96,12,3,-0.38676432901475843
96,12,4,-0.3866841929525163
96,12,5,-0.3867641507581845
96,12,6,-0.386647878185947
96,12,7,-0.3867643434433022
96,12,8,-0.3867338367550501
96,12,9,-0.3867643509085483
96,12,10,-0.38665163367549304
96,13,1,-0.3198939546349176
96,13,2,-0.3198942432256577
96,13,3,-0.3198942074626151
96,13,4,-0.3197661397524933
96,13,5,-0.319894091433465
96,13,6,-0.3196953810668365
96,13,7,-0.31989423129216693
96,13,8,-0.3198299704536594
96,13,9,-0.3198942371449221
96,13,10,-0.31971307419979367
96,14,1,-0.3807753932410649
96,14,2,-0.38077573311671925
96,14,3,-0.3807757020718101
96,14,4,-0.3807013745655749
96,14,5,-0.3807755330012871
96,14,6,-0.3806564651849692
96,14,7,-0.3807757197734585
96,14,8,-0.380744929713182
96,14,9,-0.38077572591607783
96,14,10,-0.38066963398817133
96,15,1,-0.3185818163902511
96,15,2,-0.3185821402960485
96,15,3,-0.3185821046443803
96,15,4,-0.31845737308885413
96,15,5,-0.318581954274945
96,15,6,-0.3184419727117459
96,15,7,-0.3185821237360284
96,15,8,-0.31853778001718247
96,15,9,-0.31858213532951557
96,15,10,-0.31845500289555306
96,16,1,-0.39220489643230716
96,16,2,-0.39220522494982196
96,16,3,-0.3922051959248627
96,16,4,-0.39213713512137904
96,16,5,-0.3922050262284255
96,16,6,-0.3920913876100258
96,16,7,-0.392205212316815
96,16,8,-0.3921764638832224
96,16,9,-0.3922052192926917
96,16,10,-0.3921032101679437
96,17,1,-0.25732780417745366
96,17,2,-0.25732813147564126
96,17,3,-0.25732810777540815
96,17,4,-0.257238899343783
96,17,5,-0.2573279396281602
96,17,6,-0.2572004210394606
96,17,7,-0.2573281219173153
96,17,8,-0.2572942812045345
96,17,9,-0.2573281275696599
96,17,10,-0.2572134621023163
96,18,1,-0.2917526162827282
96,18,2,-0.2917528944641881
96,18,3,-0.29175286057881794
96,18,4,-0.29161945086457264
96,18,5,-0.2917527259859647
96,18,6,-0.29161669166631515
96,18,7,-0.2917528797396263
96,18,8,-0.2917096484764652
96,18,9,-0.2917528868957193
96,18,10,-0.29162998129546464
96,19,1,-0.28355001046722944
96,19,2,-0.28355030110458945
96,19,3,-0.28355027507739194
96,19,4,-0.28343575441948143
96,19,5,-0.28355011432947275
96,19,6,-0.2834129242559479
96,19,7,-0.28355029038389723
96,19,8,-0.2835088827210958
96,19,9,-0.28355029324445613
96,19,10,-0.2834262999987738
96,20,1,-0.34745882778350573
96,20,2,-0.34745912921318056
96,20,3,-0.3474590993361075
96,20,4,-0.3473547360826011
96,20,5,-0.3474589389990519
96,20,6,-0.3472838736422266
96,20,7,-0.3474591164152045
96,20,8,-0.3474130668987538
96,20,9,-0.3474591231402825
96,20,10,-0.3473022047441344
96,21,1,-0.29229337342282213
96,21,2,-0.29229395003247255
96,21,3,-0.292293920030771
96,21,4,-0.2921735601141283
96,21,5,-0.29229377250547256
96,21,6,-0.2921005741162831
96,21,7,-0.2922939393131404
96,21,8,-0.29223465911982344
96,21,9,-0.2922939476425302
96,21,10,-0.2921185552710564
96,22,1,-0.3294798159949471
96,22,2,-0.3294803635447583
96,22,3,-0.32948033158577056
96,22,4,-0.329361840914512
96,22,5,-0.32948020089262736
96,22,6,-0.3292894835002567
96,22,7,-0.3294803504068505
96,22,8,-0.3294220885116469
96,22,9,-0.3294803575008252
96,22,10,-0.32930737429958706
96,23,1,-0.2213859145494012
96,23,2,-0.22138647391596533
96,23,3,-0.22138645262549866
96,23,4,-0.22131959332443255
96,23,5,-0.22138627973925581
96,23,6,-0.22126240996202515
96,23,7,-0.22138646603509407
96,23,8,-0.22135748466263164
96,23,9,-0.22138647079430523
96,23,10,-0.22127769570284397
96,24,1,-0.3296049330806388
96,24,2,-0.3296055103433105
96,24,3,-0.329605479942616
96,24,4,-0.32948379099488817
96,24,5,-0.32960533859124935
96,24,6,-0.3294660263318153
96,24,7,-0.32960549765792263
96,24,8,-0.32956173388062104
96,24,9,-0.3296055046341889
96,24,10,-0.32947928214770394
97,1,1,-0.46814752416445504
97,1,2,-0.4681476859060225
97,1,3,-0.46814767334705715
97,1,4,-0.4681212594906023
97,1,5,-0.4681475864765465
97,1,6,-0.4681469093495776
97,1,7,-0.46814767962480275
97,1,8,-0.46813345359911324
97,1,9,-0.4681476830657923
97,1,10,-0.46809995233845425
97,2,1,-0.4078258004327377
97,2,2,-0.4078259638302713
97,2,3,-0.407825951901625
97,2,4,-0.40778902156132607
97,2,5,-0.40782586517466235
97,2,6,-0.40782522345237965
97,2,7,-0.4078259583939051
97,2,8,-0.40781381443318365
97,2,9,-0.4078259612494865
97,2,10,-0.40779100796283235
97,3,1,-0.38590479761737473
97,3,2,-0.3859049539738158
97,3,3,-0.38590494338679177
97,3,4,-0.3858535066609983
97,3,5,-0.38590486132124263
97,3,6,-0.385904194881317
97,3,7,-0.38590494855231755
97,3,8,-0.38589249955626026
97,3,9,-0.38590495220093884
97,3,10,-0.3858692166712358
97,4,1,-0.42831271831878814
97,4,2,-0.4283128775425077
97,4,3,-0.4283128649567495
97,4,4,-0.4282820074463833
97,4,5,-0.42831278142444634
97,4,6,-0.4283120975541386
97,4,7,-0.4283128713549223
97,4,8,-0.4283003679602737
97,4,9,-0.4283128745292355
97,4,10,-0.42827490071391955
97,5,1,-0.4247286985829353
97,5,2,-0.4247288647103356
97,5,3,-0.4247288522454013
97,5,4,-0.42469740241804965
97,5,5,-0.42472876484216554
97,5,6,-0.4247280824045098
97,5,7,-0.4247288584276992
97,5,8,-0.42471640067867716
97,5,9,-0.4247288623463198
97,5,10,-0.42469044444699755
97,6,1,-0.43864766525282123
97,6,2,-0.4386478241143507
97,6,3,-0.4386478124653631
97,6,4,-0.43861905461038814
97,6,5,-0.43864772840946664
97,6,6,-0.43864701288342084
97,6,7,-0.4386478183860545
97,6,8,-0.4386352208973584
97,6,9,-0.438647821547404
97,6,10,-0.4386118086838888
97,7,1,-0.3696705322719305
97,7,2,-0.36967067360858874
97,7,3,-0.36967066530230963
97,7,4,-0.36961141285634774
97,7,5,-0.36967057704916456
97,7,6,-0.369632385731326
97,7,7,-0.3696706699926825
97,7,8,-0.36965874655755543
97,7,9,-0.36967067152474514
97,7,10,-0.36963595701759316
97,8,1,-0.43033502215781516
97,8,2,-0.43033518153739536
97,8,3,-0.43033516980333236
97,8,4,-0.4303047126364355
97,8,5,-0.43033508683633154
97,8,6,-0.43029219856567896
97,8,7,-0.43033517600503757
97,8,8,-0.4303222714234509
97,8,9,-0.4303351788494706
97,8,10,-0.4302966634618178
97,9,1,-0.4287579066102495
97,9,2,-0.42875806711474934
97,9,3,-0.42875805475174283
97,9,4,-0.42872700947277015
97,9,5,-0.42875797188984116
97,9,6,-0.4287143903962255
97,9,7,-0.4287580610973975
97,9,8,-0.4287452332377154
97,9,9,-0.4287580642968586
97,9,10,-0.42871913799631883
97,10,1,-0.41734970443851915
97,10,2,-0.41734986647948974
97,10,3,-0.41734985397300606
97,10,4,-0.41731588717029394
97,10,5,-0.41734977077973345
97,10,6,-0.4173073250308255
97,10,7,-0.41734985996840235
97,10,8,-0.41733739729652863
97,10,9,-0.4173498633887846
97,10,10,-0.4173124154777606
97,11,1,-0.4194783846398375
97,11,2,-0.41947854909674226
97,11,3,-0.41947853621680353
97,11,4,-0.4194453682818378
97,11,5,-0.41947845289438274
97,11,6,-0.41943605511250937
97,11,7,-0.4194785423082933
97,11,8,-0.4194657536598573
97,11,9,-0.4194785458144649
97,11,10,-0.41944050626472434
97,12,1,-0.4299517739685046
97,12,2,-0.4299519287229424
97,12,3,-0.4299519147302302
97,12,4,-0.4299124538205179
97,12,5,-0.42995182849587527
97,12,6,-0.4299100299068476
97,12,7,-0.42995192134539867
97,12,8,-0.4299383761977413
97,12,9,-0.42995192529528736
97,12,10,-0.42990521588895114
97,13,1,-0.36270653186568574
97,13,2,-0.3627066634073545
97,13,3,-0.3627066483196833
97,13,4,-0.3626413313931885
97,13,5,-0.362706579084874
97,13,6,-0.3626085495757857
97,13,7,-0.36270665587285883
97,13,8,-0.3626746943293123
97,13,9,-0.36270665989353734
97,13,10,-0.36261624881047727
97,14,1,-0.42392663686712717
97,14,2,-0.4239268141496045
97,14,3,-0.42392679927215426
97,14,4,-0.4238957173598464
97,14,5,-0.42392671762180145
97,14,6,-0.42388541201450575
97,14,7,-0.4239268070880536
97,14,8,-0.4239142945471838
97,14,9,-0.4239268104620183
97,14,10,-0.42388985639930005
97,15,1,-0.36138778703134244
97,15,2,-0.3613879098144175
97,15,3,-0.3613878955127464
97,15,4,-0.3613258083871546
97,15,5,-0.3613878100203453
97,15,6,-0.3613489949612549
97,15,7,-0.3613879029341329
97,15,8,-0.36137556613862243
97,15,9,-0.36138790668733295
97,15,10,-0.3613528532208142
97,16,1,-0.43542627816761204
97,16,2,-0.4354264446957855
97,16,3,-0.4354264308788159
97,16,4,-0.4353978360218283
97,16,5,-0.4354263492189829
97,16,6,-0.4353841932992119
97,16,7,-0.4354264383892592
97,16,8,-0.4354140863728306
97,16,9,-0.43542644198839686
97,16,10,-0.43538820283351476
97,17,1,-0.2998536718442662
97,17,2,-0.2998538401018862
97,17,3,-0.2998538294953013
97,17,4,-0.2998165484058851
97,17,5,-0.29985374854333197
97,17,6,-0.2998168517071401
97,17,7,-0.29985383578409003
97,17,8,-0.2998419041704865
97,17,9,-0.29985383830779894
97,17,10,-0.2998202943346864
97,18,1,-0.33442851172977617
97,18,2,-0.3344286645427256
97,18,3,-0.334428651762634
97,18,4,-0.3343576575618828
97,18,5,-0.33442856888291894
97,18,6,-0.3343917787682637
97,18,7,-0.3344286592487291
97,18,8,-0.3344164382083195
97,18,9,-0.3344286624218918
97,18,10,-0.33439547765385336
97,19,1,-0.32618845308861477
97,19,2,-0.3261886078223696
97,19,3,-0.3261885966042901
97,19,4,-0.3261334672305372
97,19,5,-0.32618851189769094
97,19,6,-0.32615056567670186
97,19,7,-0.3261886030480258
97,19,8,-0.3261764121626577
97,19,9,-0.32618860294680047
97,19,10,-0.3261543424419512
97,20,1,-0.3904174379921506
97,20,2,-0.3904175915001954
97,20,3,-0.39041757698708524
97,20,4,-0.39037034792225045
97,20,5,-0.39041749488076655
97,20,6,-0.39033635420432483
97,20,7,-0.390417585240743
97,20,8,-0.3903977530945893
97,20,9,-0.39041758880794025
97,20,10,-0.39034493201176135
97,21,1,-0.33497192922147795
97,21,2,-0.3349722286750244
97,21,3,-0.33497221515944886
97,21,4,-0.33491431434761376
97,21,5,-0.3349721328578078
97,21,6,-0.33487926974563953
97,21,7,-0.33497222415792405
97,21,8,-0.33494403492659647
97,21,9,-0.3349722283896932
97,21,10,-0.3348878062790948
97,22,1,-0.37234192276673533
97,22,2,-0.37234220414167857
97,22,3,-0.3723421887368741
97,22,4,-0.37228488530294007
97,22,5,-0.37234211579927873
97,22,6,-0.3722496075187245
97,22,7,-0.372342197283947
97,22,8,-0.3723144075832223
97,22,9,-0.37234220104381427
97,22,10,-0.3722582448156745
97,23,1,-0.26377531095573176
97,23,2,-0.2637755838537812
97,23,3,-0.263775575277227
97,23,4,-0.26374821260264275
97,23,5,-0.2637754920649633
97,23,6,-0.26372716740183433
97,23,7,-0.2637755800304547
97,23,8,-0.2637625999255501
97,23,9,-0.2637755824618737
97,23,10,-0.2637328545743051
97,24,1,-0.3724677019377796
97,24,2,-0.3724680064193221
97,24,3,-0.37246799440627104
97,24,4,-0.3724085562895606
97,24,5,-0.3724679102537343
97,24,6,-0.3724285599781924
97,24,7,-0.3724680008178243
97,24,8,-0.3724554253576478
97,24,9,-0.3724680035413001
97,24,10,-0.37243244143300186
98,1,1,0.01802092628360804
98,1,2,0.018019758669303634
98,1,3,0.0180198583266567
98,1,4,0.01830347206483142
98,1,5,0.01802050986980028
98,1,6,0.0184700156141685
98,1,7,0.01801980412449278
98,1,8,0.018165324623612707
98,1,9,0.018019775982995843
98,1,10,0.01843193165077958
98,2,1,0.018020925051024487
98,2,2,0.018019758620315525
98,2,3,0.018019858280642724
98,2,4,0.018303779386727576
98,2,5,0.018020510119887964
98,2,6,0.018469342366700215
98,2,7,0.01801980420809788
98,2,8,0.018167208730177683
98,2,9,0.01801977809490516
98,2,10,0.01843249864719629
98,3,1,0.018020926105774594
98,3,2,0.018019758608545915
98,3,3,0.018019858217575936
98,3,4,0.018305485032116327
98,3,5,0.01802051378036775
98,3,6,0.018469045117390358
98,3,7,0.01801980404300375
98,3,8,0.018168112252494973
98,3,9,0.018019778064201727
98,3,10,0.01843258127178104
98,4,1,0.018020942600191315
98,4,2,0.01801975867933584
98,4,3,0.01801985938787106
98,4,4,0.018307697472529205
98,4,5,0.01802052128554201
98,4,6,0.018469962909588158
98,4,7,0.018019804061112234
98,4,8,0.0181684108762521
98,4,9,0.01801977808617845
98,4,10,0.018436695133308603
98,5,1,0.018020942934010405
98,5,2,0.018019758619676685
98,5,3,0.018019859372998357
98,5,4,0.018307792312784687
98,5,5,0.018020522577311383
98,5,6,0.018470644197520272
98,5,7,0.01801980406070746
98,5,8,0.018168381527656038
98,5,9,0.018019778212607283
98,5,10,0.018436784554323914
98,6,1,0.018020943030361176
98,6,2,0.018019758633306845
98,6,3,0.01801985939946223
98,6,4,0.01830872463358047
98,6,5,0.018020525597007658
98,6,6,0.018471587115431523
98,6,7,0.018019804170842445
98,6,8,0.01816820901894969
98,6,9,0.01801977820253786
98,6,10,0.01843723557040459
98,7,1,0.018020944161565595
98,7,2,0.01801975860015746
98,7,3,0.01801985930376672
98,7,4,0.01830869674408035
98,7,5,0.018020525549467304
98,7,6,0.01847491636602974
98,7,7,0.018019803995062096
98,7,8,0.018168440313281436
98,7,9,0.018019778057064333
98,7,10,0.01843704847820214
98,8,1,0.018020944102719417
98,8,2,0.018019758689738374
98,8,3,0.018019859416296656
98,8,4,0.01830894913890796
98,8,5,0.018020525511924523
98,8,6,0.018475839997660053
98,8,7,0.01801980416706497
98,8,8,0.018168320949412217
98,8,9,0.018019778091226752
98,8,10,0.01843788346931988
98,9,1,0.01802094266849316
98,9,2,0.018019758628435644
98,9,3,0.01801985943530153
98,9,4,0.01830919779515348
98,9,5,0.018020525519441017
98,9,6,0.01847630046558375
98,9,7,0.018019804166717536
98,9,8,0.018168359308093792
98,9,9,0.018019778203000596
98,9,10,0.018437445923688386
98,10,1,0.018020942503154266
98,10,2,0.018019758680816678
98,10,3,0.018019859417319165
98,10,4,0.018309080991019827
98,10,5,0.018020525537360405
98,10,6,0.018476781234746314
98,10,7,0.018019804045686007
98,10,8,0.018168659851406418
98,10,9,0.01801977809084658
98,10,10,0.018438068546820716
98,11,1,0.018020942429928136
98,11,2,0.018019758629245857
98,11,3,0.01801985953261437
98,11,4,0.018309255475336506
98,11,5,0.01802052578522328
98,11,6,0.018476738066595493
98,11,7,0.01801980406927224
98,11,8,0.018169027174448998
98,11,9,0.018019778209192427
98,11,10,0.018437922402609372
98,12,1,0.018020943942396745
98,12,2,0.018019758620391575
98,12,3,0.01801986296726258
98,12,4,0.018309453724717192
98,12,5,0.018020525560104344
98,12,6,0.018477307557345484
98,12,7,0.018019804211512877
98,12,8,0.018169343605851516
98,12,9,0.018019778199305437
98,12,10,0.018438732820615367
98,13,1,0.018020943984718155
98,13,2,0.01801975859385554
98,13,3,0.018019872742069145
98,13,4,0.018309390017216563
98,13,5,0.01802052469198463
98,13,6,0.01847654449475084
98,13,7,0.018019803989624023
98,13,8,0.018168978764806634
98,13,9,0.018019778206006972
98,13,10,0.018438546649065007
98,14,1,0.018020942831634048
98,14,2,0.01801975866458781
98,14,3,0.01801987286621261
98,14,4,0.01830969631071637
98,14,5,0.01802052856235813
98,14,6,0.018477446788250734
98,14,7,0.018019804197446313
98,14,8,0.018169114445502878
98,14,9,0.018019778204495046
98,14,10,0.018438889046129434
98,15,1,0.018020943351637175
98,15,2,0.018019758579729383
98,15,3,0.018019872749123245
98,15,4,0.01831023333856035
98,15,5,0.01802052462861997
98,15,6,0.018476848565482887
98,15,7,0.01801980398915094
98,15,8,0.018169383280415185
98,15,9,0.01801977820196737
98,15,10,0.018438245293954388
98,16,1,0.018020944602811773
98,16,2,0.018019758660484757
98,16,3,0.018019873428554534
98,16,4,0.018313016561352802
98,16,5,0.018020528467108856
98,16,6,0.01847804321038747
98,16,7,0.018019804197090452
98,16,8,0.018169387148232023
98,16,9,0.018019778205626096
98,16,10,0.01843889855036108
98,17,1,0.018020942698588543
98,17,2,0.018019758564049818
98,17,3,0.018019872627880084
98,17,4,0.01831262717755386
98,17,5,0.018020528462950845
98,17,6,0.01847758793046312
98,17,7,0.018019803939085408
98,17,8,0.018168913382486523
98,17,9,0.018019778181768652
98,17,10,0.01843836558848741
98,18,1,0.018020948789168535
98,18,2,0.018019758585280786
98,18,3,0.01801987268738973
98,18,4,0.018312968841925757
98,18,5,0.018020528497449558
98,18,6,0.01847870979034391
98,18,7,0.018019804191414922
98,18,8,0.018169008936177327
98,18,9,0.018019778216547152
98,18,10,0.018439708746945
98,19,1,0.01802095227997148
98,19,2,0.018019758568759574
98,19,3,0.018019873397496694
98,19,4,0.018313732001659005
98,19,5,0.01802052455406419
98,19,6,0.018478129655058732
98,19,7,0.018019803989546473
98,19,8,0.01816900334859839
98,19,9,0.018019778210943686
98,19,10,0.018438474034686635
98,20,1,0.01802095051133515
98,20,2,0.018019758684876094
98,20,3,0.018019873384533633
98,20,4,0.018313338388836475
98,20,5,0.018020528691731565
98,20,6,0.01847870436938353
98,20,7,0.018019804053879502
98,20,8,0.018169484033894335
98,20,9,0.018019778263804645
98,20,10,0.01843974422580504
98,21,1,0.018022191998543626
98,21,2,0.01801975857810718
98,21,3,0.018019872652322293
98,21,4,0.018313104117427745
98,21,5,0.018020524497669346
98,21,6,0.018478252271426528
98,21,7,0.01801980401051744
98,21,8,0.018169049963927108
98,21,9,0.018019778385841873
98,21,10,0.018438660713193136
98,22,1,0.018022193479071465
98,22,2,0.01801975869475279
98,22,3,0.018019873393303767
98,22,4,0.018313835561518863
98,22,5,0.018020528701779587
98,22,6,0.018479451092091058
98,22,7,0.01801980404524768
98,22,8,0.01816944331746212
98,22,9,0.018019778249099866
98,22,10,0.018440178870838396
98,23,1,0.018022206092271564
98,23,2,0.018019758710178097
98,23,3,0.018019872531549495
98,23,4,0.01831311541114195
98,23,5,0.018020523921213814
98,23,6,0.018478762409389442
98,23,7,0.01801980393332102
98,23,8,0.01816902427042932
98,23,9,0.018019778220549877
98,23,10,0.018438959195692894
98,24,1,0.018022200570866925
98,24,2,0.018019758866857364
98,24,3,0.01801987340888745
98,24,4,0.018313863235043366
98,24,5,0.018020528733290905
98,24,6,0.01848003687506059
98,24,7,0.018019804067219092
98,24,8,0.01816942331827008
98,24,9,0.01801977831414928
98,24,10,0.018440703526761148
99,1,1,-0.05690728605479646
99,1,2,-0.17111429846993625
99,1,3,-0.0655657061983132
99,1,4,-0.10541599230154486
99,1,5,-0.10503246241211256
99,1,6,-0.10562687859756505
99,1,7,-0.16742644418899494
99,1,8,-0.08490331577771444
99,1,9,0.0605258582790267
99,1,10,-0.1440174592394333
99,2,1,-0.10503301871252589
99,2,2,-0.23228403659251498
99,2,3,-0.10503157330146623
99,2,4,-0.10541635359695672
99,2,5,-0.1050324593211624
99,2,6,-0.1056258696118751
99,2,7,-0.10503150131093926
99,2,8,-0.10524206658389715
99,2,9,-0.28408083103010495
99,2,10,-0.10557673405590465
99,3,1,-0.1385341447801147
99,3,2,-0.2532954164676428
99,3,3,-0.14752735827253827
99,3,4,-0.19348836229491467
99,3,5,-0.10503246481876481
99,3,6,-0.10562598515459098
99,3,7,-0.24955318631973047
99,3,8,-0.28805676290882254
99,3,9,-0.30512822128267897
99,3,10,-0.2375181178362656
99,4,1,-0.20603591455831527
99,4,2,-0.10503144188733336
99,4,3,-0.10503157736792651
99,4,4,-0.1054217819651917
99,4,5,-0.10503247614644928
99,4,6,-0.10568535205398683
99,4,7,-0.20893574090955497
99,4,8,-0.10522534633111154
99,4,9,-0.2644427011723259
99,4,10,-0.10560283103558772
99,5,1,-0.20940121015936564
99,5,2,-0.2161273009861331
99,5,3,-0.10503157621890895
99,5,4,-0.1054218805231003
99,5,5,-0.4284489920027554
99,5,6,-0.10562749485262408
99,5,7,-0.21232267962433496
99,5,8,-0.10522530315181801
99,5,9,-0.10503146784279285
99,5,10,-0.26238497628112123
99,6,1,-0.1963715199275489
99,6,2,-0.20310511827124
99,6,3,-0.10503157743947225
99,6,4,-0.19178831509359448
99,6,5,-0.10503248093239727
99,6,6,-0.10562877255660544
99,6,7,-0.10503150169275333
99,6,8,-0.23565613251013218
99,6,9,-0.10503146708672169
99,6,10,-0.2601844060777194
99,7,1,-0.105033044718004
99,7,2,-0.27265834589566484
99,7,3,-0.22006212387980476
99,7,4,-0.2633938630099291
99,7,5,-0.10503248434998314
99,7,6,-0.33966013880000945
99,7,7,-0.2688412073271207
99,7,8,-0.10522537614221891
99,7,9,-0.3245473931096226
99,7,10,-0.3337192549259574
99,8,1,-0.10503304436292646
99,8,2,-0.10503144171580331
99,8,3,-0.15662094154786715
99,8,4,-0.194973110926928
99,8,5,-0.10503248487288612
99,8,6,-0.2684876223214071
99,8,7,-0.10503150151858294
99,8,8,-0.23921832480819308
99,8,9,-0.266698727659976
99,8,10,-0.10560483613259392
99,9,1,-0.20962052391677696
99,9,2,-0.21643614251785492
99,9,3,-0.1581610866619578
99,9,4,-0.10542380183952749
99,9,5,-0.10503248100568004
99,9,6,-0.25535242542829256
99,9,7,-0.10503150258499308
99,9,8,-0.24313716778209565
99,9,9,-0.10503146820027345
99,9,10,-0.26830400073194355
99,10,1,-0.220510432023879
99,10,2,-0.10503144287551494
99,10,3,-0.16905196262148814
99,10,4,-0.20670986001885774
99,10,5,-0.10503248483377496
99,10,6,-0.2653787556862681
99,10,7,-0.22350199243704194
99,10,8,-0.10522566197955369
99,10,9,-0.27916601937053104
99,10,10,-0.10558401094314954
99,11,1,-0.21848876503881257
99,11,2,-0.225284338855877
99,11,3,-0.1050315749625517
99,11,4,-0.20175034734047984
99,11,5,-0.10503248542050275
99,11,6,-0.2565732751798161
99,11,7,-0.2214575167511627
99,11,8,-0.25344022119191856
99,11,9,-0.10503146771610242
99,11,10,-0.2768244898101746
99,12,1,-0.1050330434338166
99,12,2,-0.21525631666299797
99,12,3,-0.10503158006188987
99,12,4,-0.19282848615278106
99,12,5,-0.4069428796181163
99,12,6,-0.10569596706607157
99,12,7,-0.10503150179958089
99,12,8,-0.10522657314058377
99,12,9,-0.105031470217831
99,12,10,-0.10558490643486748
99,13,1,-0.10503304417495182
99,13,2,-0.2960497082135123
99,13,3,-0.4226518862280853
99,13,4,-0.26426731499109785
99,13,5,-0.4881682226072654
99,13,6,-0.34468277626950033
99,13,7,-0.29223818253185274
99,13,8,-0.32951217677531264
99,13,9,-0.10503146708577758
99,13,10,-0.10558465571547682
99,14,1,-0.2294625054123353
99,14,2,-0.1050314416585866
99,14,3,-0.36374650436812717
99,14,4,-0.20909956845573535
99,14,5,-0.10503248485346348
99,14,6,-0.10569603534414085
99,14,7,-0.1050315052507366
99,14,8,-0.2781717591842596
99,14,9,-0.10503147008138465
99,14,10,-0.10558506158684329
99,15,1,-0.29072273352766664
99,15,2,-0.2973092497370119
99,15,3,-0.4239274728784967
99,15,4,-0.10542519104719063
99,15,5,-0.48951921219996253
99,15,6,-0.33965668408336974
99,15,7,-0.2935302805888543
99,15,8,-0.1052303131531134
99,15,9,-0.10503146689088616
99,15,10,-0.35956163511479955
99,16,1,-0.2180749512485464
99,16,2,-0.10503144078630966
99,16,3,-0.10503159339988653
99,16,4,-0.28431404128237825
99,16,5,-0.10503248509796409
99,16,6,-0.1056371193588252
99,16,7,-0.10503150126568166
99,16,8,-0.10523031128052909
99,16,9,-0.10503146796185026
99,16,10,-0.280824034781856
99,17,1,-0.3492493515664024
99,17,2,-0.35658442725051653
99,17,3,-0.48337591109374023
99,17,4,-0.4159901170867746
99,17,5,-0.10503248465055398
99,17,6,-0.3915977221216969
99,17,7,-0.3526647709437732
99,17,8,-0.39563681333009504
99,17,9,-0.39587087591720305
99,17,10,-0.4020411038361418
99,18,1,-0.35010743810230627
99,18,2,-0.32336981766989864
99,18,3,-0.4499837932657855
99,18,4,-0.38490757932916225
99,18,5,-0.10503248443598619
99,18,6,-0.10566303422697952
99,18,7,-0.10503150112925178
99,18,8,-0.3626641982670088
99,18,9,-0.36259600884580545
99,18,10,-0.10558587919033134
99,19,1,-0.10503305482677049
99,19,2,-0.3313207364699975
99,19,3,-0.10503159506017014
99,19,4,-0.10543002188589078
99,19,5,-0.5172385105919394
99,19,6,-0.361840419747181
99,19,7,-0.31908597654096493
99,19,8,-0.3704827005232235
99,19,9,-0.3705390702371048
99,19,10,-0.36807818749892585
99,20,1,-0.24244819764742737
99,20,2,-0.10503144087527219
99,20,3,-0.10503160712546326
99,20,4,-0.32719078192639917
99,20,5,-0.10503248485592033
99,20,6,-0.29564972878104523
99,20,7,-0.2572610220173172
99,20,8,-0.10523489959905108
99,20,9,-0.30901434111064974
99,20,10,-0.1055916545623493
99,21,1,-0.5312111217206114
99,21,2,-0.3330833486271536
99,21,3,-0.45997194972598554
99,21,4,-0.38322611013897784
99,21,5,-0.519038929435656
99,21,6,-0.3294590930615087
99,21,7,-0.3205693776165219
99,21,8,-0.36811968649557725
99,21,9,-0.10503146825982243
99,21,10,-0.3637482299309417
99,22,1,-0.49521607050864774
99,22,2,-0.10503144203276844
99,22,3,-0.10503159352544418
99,22,4,-0.10543008562732002
99,22,5,-0.10503248457147628
99,22,6,-0.10566397313234277
99,22,7,-0.2846645525095755
99,22,8,-0.10523035149675318
99,22,9,-0.3187019717747817
99,22,10,-0.10558632149252219
99,23,1,-0.10503470775804791
99,23,2,-0.4017950529885958
99,23,3,-0.5287574507198015
99,23,4,-0.415939802034398
99,23,5,-0.5879760168415566
99,23,6,-0.3953078366055219
99,23,7,-0.3891640577354555
99,23,8,-0.4151003566732377
99,23,9,-0.4231876593521408
99,23,10,-0.38682914918338757
99,24,1,-0.30662189485271424
99,24,2,-0.10503144212944396
99,24,3,-0.1050315952310239
99,24,4,-0.28639084336071957
99,24,5,-0.10503248953110252
99,24,6,-0.2650142656244187
99,24,7,-0.2839784691142946
99,24,8,-0.292579615794311
99,24,9,-0.3066256250916674
99,24,10,-0.27954082862361124
100,1,1,0.012011251360308907
100,1,2,0.012010478839680547
100,1,3,0.01201054549678871
100,1,4,0.012200454383467965
100,1,5,0.012010973343910221
100,1,6,0.012311404180460133
100,1,7,0.012010509233185631
100,1,8,0.012108349968153923
100,1,9,0.012010490290983711
100,1,10,0.012286025417793795
100,2,1,0.01201125052132624
100,2,2,0.01201047881337221
100,2,3,0.012010545457596078
100,2,4,0.012200670657580173
100,2,5,0.012010973492811402
100,2,6,0.012310970846468707
100,2,7,0.012010509290012909
100,2,8,0.012109594268789036
100,2,9,0.01201049168930778
100,2,10,0.012286419748397186
100,3,1,0.012011251386321151
100,3,2,0.012010478807665972
100,3,3,0.012010545426654124
100,3,4,0.012201818005689109
100,3,5,0.012010976092380847
100,3,6,0.012310850739451859
100,3,7,0.012010509188458349
100,3,8,0.012110210723289338
100,3,9,0.012010491667011899
100,3,10,0.012286529766444154
100,4,1,0.012011262417452363
100,4,2,0.012010478851957902
100,4,3,0.012010546197119365
100,4,4,0.012203297803062878
100,4,5,0.012010979819616954
100,4,6,0.012311476606195587
100,4,7,0.012010509201727354
100,4,8,0.012110415564127303
100,4,9,0.012010491685622555
100,4,10,0.012289294825014726
100,5,1,0.012011262639692724
100,5,2,0.012010478820311142
100,5,3,0.012010546188451356
100,5,4,0.01220336975938351
100,5,5,0.012010981938581612
100,5,6,0.012311931738753099
100,5,7,0.012010509197763508
100,5,8,0.012110400194066022
100,5,9,0.012010491766513628
100,5,10,0.012289345629691969
100,6,1,0.012011262733925967
100,6,2,0.012010478821963511
100,6,3,0.012010546208497376
100,6,4,0.012203977649140716
100,6,5,0.012010983933437505
100,6,6,0.012312565405534989
100,6,7,0.012010509274977413
100,6,8,0.012110285254165153
100,6,9,0.012010491760128417
100,6,10,0.012289654210492556
100,7,1,0.012011263473785151
100,7,2,0.012010478803196483
100,7,3,0.012010546151680962
100,7,4,0.012203962631129486
100,7,5,0.012010983910955566
100,7,6,0.012314797249708478
100,7,7,0.012010509155735266
100,7,8,0.01211044699252327
100,7,9,0.012010491660405326
100,7,10,0.012289552530582799
100,8,1,0.012011263443938994
100,8,2,0.012010478860226392
100,8,3,0.012010546225254702
100,8,4,0.012204130139447496
100,8,5,0.01201098389499907
100,8,6,0.01231540554593949
100,8,7,0.012010509270077858
100,8,8,0.012110362176466058
100,8,9,0.012010491687607889
100,8,10,0.012290118453101451
100,9,1,0.012011262514625975
100,9,2,0.012010478819169113
100,9,3,0.012010546239259299
100,9,4,0.012204317248859045
100,9,5,0.01201098389898873
100,9,6,0.01231571113505221
100,9,7,0.012010509262963962
100,9,8,0.012110393904259676
100,9,9,0.012010491759435325
100,9,10,0.012289818544397802
100,10,1,0.012011262388629911
100,10,2,0.012010478860423762
100,10,3,0.012010546224275692
100,10,4,0.012204239057929937
100,10,5,0.012010983905326981
100,10,6,0.01231601920604297
100,10,7,0.012010509198235604
100,10,8,0.012110596841210679
100,10,9,0.012010491681723271
100,10,10,0.012290245414443896
100,11,1,0.012011262358469022
100,11,2,0.012010478815222091
100,11,3,0.012010546302252916
100,11,4,0.012204356503014204
100,11,5,0.012010984086158884
100,11,6,0.012315991400182887
100,11,7,0.012010509202158369
100,11,8,0.012110835907587644
100,11,9,0.012010491754424623
100,11,10,0.012290150365241326
100,12,1,0.012011263359439967
100,12,2,0.012010478811024381
100,12,3,0.012010548578976677
100,12,4,0.012204488916660981
100,12,5,0.01201098395780445
100,12,6,0.012316391034378657
100,12,7,0.012010509297014723
100,12,8,0.012111049264824987
100,12,9,0.012010491758891658
100,12,10,0.012290695360571133
100,13,1,0.012011263396087362
100,13,2,0.01201047879567641
100,13,3,0.012010555045326266
100,13,4,0.012204448848209835
100,13,5,0.01201098339740234
100,13,6,0.012315880130420068
100,13,7,0.012010509146995554
100,13,8,0.012110803747111912
100,13,9,0.012010491764447559
100,13,10,0.012290573361936402
100,14,1,0.012011262623887685
100,14,2,0.012010478840958213
100,14,3,0.012010555125583574
100,14,4,0.012204655474735253
100,14,5,0.012010985964680991
100,14,6,0.012316493844845473
100,14,7,0.0120105092868173
100,14,8,0.012110894870395048
100,14,9,0.012010491762841156
100,14,10,0.012290820735637892
100,15,1,0.012011262978656389
100,15,2,0.012010478792562191
100,15,3,0.012010555048709659
100,15,4,0.012205026306746905
100,15,5,0.012010983357491435
100,15,6,0.01231609721660725
100,15,7,0.012010509150118065
100,15,8,0.01211108254193065
100,15,9,0.012010491767407507
100,15,10,0.012290383981893015
100,16,1,0.012011263799666777
100,16,2,0.012010478850223848
100,16,3,0.012010555495565484
100,16,4,0.012206870574555983
100,16,5,0.01201098595887089
100,16,6,0.012316966996044098
100,16,7,0.012010509290968778
100,16,8,0.01211108825894734
100,16,9,0.012010491767760452
100,16,10,0.012290824622647164
100,17,1,0.012011262559993798
100,17,2,0.012010478775794727
100,17,3,0.012010554975716278
100,17,4,0.0122066150575956
100,17,5,0.012010985975239872
100,17,6,0.012316595678427442
100,17,7,0.012010509120187732
100,17,8,0.012110771243439846
100,17,9,0.012010491735182162
100,17,10,0.012290524703270808
100,18,1,0.012011266630321937
100,18,2,0.012010478788083598
100,18,3,0.012010555013555923
100,18,4,0.01220683593673584
100,18,5,0.012010985994658361
100,18,6,0.012317419054324322
100,18,7,0.012010509294946467
100,18,8,0.012110853221965092
100,18,9,0.012010491756624995
100,18,10,0.012291427364799658
100,19,1,0.012011269131727073
100,19,2,0.012010478780793987
100,19,3,0.012010555481655177
100,19,4,0.012207405027859847
100,19,5,0.012010983393533311
100,19,6,0.012317010981993781
100,19,7,0.012010509167010608
100,19,8,0.01211085173455013
100,19,9,0.012010491755968793
100,19,10,0.01229061018491819
100,20,1,0.012011267929234444
100,20,2,0.012010478853194877
100,20,3,0.01201055547954855
100,20,4,0.012207093258771588
100,20,5,0.01201098613902586
100,20,6,0.012317396569901879
100,20,7,0.012010509207066283
100,20,8,0.012111173248804839
100,20,9,0.012010491787896857
100,20,10,0.012291475504805171
100,21,1,0.012012108372615335
100,21,2,0.01201047877963143
100,21,3,0.012010554987528293
100,21,4,0.012206976251457991
100,21,5,0.012010983367882056
100,21,6,0.012317099781621835
100,21,7,0.012010509161866537
100,21,8,0.012110882178631033
100,21,9,0.012010491879716695
100,21,10,0.012290675133538232
100,22,1,0.012012109419592956
100,22,2,0.012010478860650016
100,22,3,0.012010555491326434
100,22,4,0.012207491753500896
100,22,5,0.012010986157781043
100,22,6,0.012317942883659413
100,22,7,0.012010509197179496
100,22,8,0.01211115280406313
100,22,9,0.012010491781663968
100,22,10,0.012291765333746941
100,23,1,0.012012118067770817
100,23,2,0.012010478876531267
100,23,3,0.012010554914179829
100,23,4,0.012207000781293704
100,23,5,0.012010983000500748
100,23,6,0.01231747052315656
100,23,7,0.012010509122787706
100,23,8,0.012110873972527617
100,23,9,0.012010491764321979
100,23,10,0.012290954910587485
100,24,1,0.012012114145226875
100,24,2,0.012010478991648355
100,24,3,0.012010555496402654
100,24,4,0.01220751426221862
100,24,5,0.01201098619580564
100,24,6,0.012318328596349827
100,24,7,0.01201050920498458
100,24,8,0.01211114263968286
100,24,9,0.01201049182655762
100,24,10,0.012292130134799673
101,1,1,0.006004053033059381
101,1,2,0.006003669933375324
101,1,3,0.006003703282105059
101,1,4,0.0060991241125443775
101,1,5,0.006003913161055957
101,1,6,0.00615453411119461
101,1,7,0.00600368531948436
101,1,8,0.006053102502651091
101,1,9,0.006003675627672294
101,1,10,0.006141900462827262
101,2,1,0.006004052610361787
101,2,2,0.006003669920075161
101,2,3,0.006003703271400927
101,2,4,0.006099235878506358
101,2,5,0.006003913281876337
101,2,6,0.006154373988230687
101,2,7,0.006003685337277436
101,2,8,0.006053726886142033
101,2,9,0.006003676324302558
101,2,10,0.00614210257252392
101,3,1,0.006004053068376785
101,3,2,0.006003669916698075
101,3,3,0.006003703248832564
101,3,4,0.006099826166094362
101,3,5,0.006003914643606855
101,3,6,0.006154318216351461
101,3,7,0.006003685288121775
101,3,8,0.006054033470108016
101,3,9,0.006003676316981965
101,3,10,0.006142154694350467
101,4,1,0.00600405864353667
101,4,2,0.006003669939936697
101,4,3,0.006003703624439481
101,4,4,0.006100568479102864
101,4,5,0.00600391644331615
101,4,6,0.006154632971177919
101,4,7,0.0060036852978688745
101,4,8,0.006054137328670952
101,4,9,0.006003676325726389
101,4,10,0.00614353974749145
101,5,1,0.006004058777589352
101,5,2,0.0060036699221594925
101,5,3,0.006003703618058057
101,5,4,0.00610060618079923
101,5,5,0.006003917581293298
101,5,6,0.00615486164432741
101,5,7,0.006003685295147275
101,5,8,0.006054130377227442
101,5,9,0.006003676361618304
101,5,10,0.006143563028727371
101,6,1,0.006004058813469104
101,6,2,0.006003669922679407
101,6,3,0.006003703628294488
101,6,4,0.00610090501074555
101,6,5,0.006003918570021666
101,6,6,0.0061551788512516385
101,6,7,0.00600368533775351
101,6,8,0.006054072604592352
101,6,9,0.006003676360663674
101,6,10,0.006143719230694992
101,7,1,0.00600405918389157
101,7,2,0.006003669916136527
101,7,3,0.006003703602001006
101,7,4,0.006100896609450432
101,7,5,0.0060039185532748535
101,7,6,0.006156284288919908
101,7,7,0.006003685274695629
101,7,8,0.006054155336186015
101,7,9,0.006003676306854559
101,7,10,0.006143670881760418
101,8,1,0.006004059167329601
101,8,2,0.006003669938049538
101,8,3,0.006003703637135124
101,8,4,0.006100981783727888
101,8,5,0.006003918549159847
101,8,6,0.006156585558747165
101,8,7,0.006003685334905468
101,8,8,0.0060541117627410405
101,8,9,0.006003676325155084
101,8,10,0.006143957759692163
101,9,1,0.006004058715695406
101,9,2,0.006003669925009581
101,9,3,0.006003703643951986
101,9,4,0.006101080159348559
101,9,5,0.006003918558758555
101,9,6,0.006156737361105925
101,9,7,0.0060036853344444694
101,9,8,0.006054128225442487
101,9,9,0.006003676364121831
101,9,10,0.006143807015545031
101,10,1,0.0060040586494345865
101,10,2,0.006003669943839508
101,10,3,0.006003703641514645
101,10,4,0.006101039751575486
101,10,5,0.006003918569470418
101,10,6,0.006156892452594813
101,10,7,0.006003685296111028
101,10,8,0.006054232030742545
101,10,9,0.006003676320893326
101,10,10,0.006144026183668222
101,11,1,0.00600405864824279
101,11,2,0.006003669926092776
101,11,3,0.006003703674111713
101,11,4,0.006101098636970172
101,11,5,0.006003918650912453
101,11,6,0.006156879240973028
101,11,7,0.006003685305590665
101,11,8,0.0060543476072422485
101,11,9,0.006003676364032532
101,11,10,0.006143974570355581
101,12,1,0.006004059151070086
101,12,2,0.006003669923008784
101,12,3,0.006003704777039886
101,12,4,0.006101166107742398
101,12,5,0.006003918634959031
101,12,6,0.006157083260616429
101,12,7,0.006003685353358721
101,12,8,0.006054456549237616
101,12,9,0.006003676361741845
101,12,10,0.006144252274047892
101,13,1,0.006004059177326623
101,13,2,0.006003669914262227
101,13,3,0.006003707894625
101,13,4,0.006101146603698606
101,13,5,0.006003918358677576
101,13,6,0.006156825662050624
101,13,7,0.006003685276354349
101,13,8,0.006054332707296984
101,13,9,0.0060036763654295906
101,13,10,0.006144191962400588
101,14,1,0.006004058778286051
101,14,2,0.0060036699367976235
101,14,3,0.006003707931235155
101,14,4,0.006101250440358374
101,14,5,0.006003919637055488
101,14,6,0.006157136998622665
101,14,7,0.0060036853430019835
101,14,8,0.0060543778974121954
101,14,9,0.006003676367964544
101,14,10,0.006144319429628199
101,15,1,0.0060040589764475474
101,15,2,0.006003669912842782
101,15,3,0.006003707893041301
101,15,4,0.006101438916538633
101,15,5,0.006003918334186977
101,15,6,0.006156936372043205
101,15,7,0.006003685275058126
101,15,8,0.006054474023014578
101,15,9,0.0060036763636627756
101,15,10,0.006144095531326093
101,16,1,0.006004059394466284
101,16,2,0.006003669939534264
101,16,3,0.006003708103488172
101,16,4,0.006102355320003644
101,16,5,0.006003919641245238
101,16,6,0.006157377915824507
101,16,7,0.006003685343458703
101,16,8,0.006054477478265244
101,16,9,0.006003676364554679
101,16,10,0.006144315603349603
101,17,1,0.006004058767415144
101,17,2,0.006003669901804546
101,17,3,0.006003707859412456
101,17,4,0.00610222836563437
101,17,5,0.006003919646081007
101,17,6,0.006157184135817967
101,17,7,0.0060036852602076965
101,17,8,0.006054318079742029
101,17,9,0.006003676347042899
101,17,10,0.006144165495008623
101,18,1,0.00600406083932265
101,18,2,0.0060036699124966265
101,18,3,0.006003707880274371
101,18,4,0.006102338048269007
101,18,5,0.006003919660456498
101,18,6,0.0061576011927188925
101,18,7,0.006003685351960478
101,18,8,0.006054359067456985
101,18,9,0.0060036763622164
101,18,10,0.006144625801962769
101,19,1,0.0060040620924917
101,19,2,0.006003669903584801
101,19,3,0.006003708102494119
101,19,4,0.006102627992464205
101,19,5,0.006003918371402727
101,19,6,0.00615739110672078
101,19,7,0.006003685280924177
101,19,8,0.006054358924851589
101,19,9,0.006003676357724724
101,19,10,0.00614421405118036
101,20,1,0.006004061491817564
101,20,2,0.0060036699433369005
101,20,3,0.006003708099567117
101,20,4,0.006102469158972209
101,20,5,0.006003919742202745
101,20,6,0.006157583700420195
101,20,7,0.006003685303146775
101,20,8,0.006054520750558596
101,20,9,0.006003676376765681
101,20,10,0.006144651648835506
101,21,1,0.0060044950726868725
101,21,2,0.00600366990737698
101,21,3,0.006003707862448127
101,21,4,0.006102411549328223
101,21,5,0.006003918363087298
101,21,6,0.0061574370904663835
101,21,7,0.006003685286390817
101,21,8,0.006054374764137749
101,21,9,0.006003676418738186
101,21,10,0.006144243904993685
101,22,1,0.006004495628744974
101,22,2,0.006003669944776899
101,22,3,0.006003708100396301
101,22,4,0.006102677201510086
101,22,5,0.006003919757470051
101,22,6,0.0061578665475701825
101,22,7,0.006003685298205981
101,22,8,0.006054514060375387
101,22,9,0.0060036763706517084
101,22,10,0.0061448036274791866
101,23,1,0.006004500185243838
101,23,2,0.006003669928865527
101,23,3,0.006003707831516412
101,23,4,0.006102427815630557
101,23,5,0.00600391819252452
101,23,6,0.006157628690205499
101,23,7,0.006003685264808455
101,23,8,0.0060543726633325795
101,23,9,0.006003676360900883
101,23,10,0.006144389193556656
101,24,1,0.006004498145420895
101,24,2,0.006003669980717447
101,24,3,0.006003708106206833
101,24,4,0.006102688460050121
101,24,5,0.006003919785842038
101,24,6,0.006158061602720552
101,24,7,0.006003685305604569
101,24,8,0.0060545081739746915
101,24,9,0.006003676391014583
101,24,10,0.006144980132186318
102,1,1,0.012007912706219566
102,1,2,0.012007143087059855
102,1,3,0.01200720960923095
102,1,4,0.012198689793727867
102,1,5,0.01200763124946299
102,1,6,0.01230980542031514
102,1,7,0.012007173975208025
102,1,8,0.012106250548453561
102,1,9,0.012007154442837628
102,1,10,0.012284327130510432
102,2,1,0.012007912592796535
102,2,2,0.012007143092900208
102,2,3,0.012007209617216191
102,2,4,0.012198810115793013
102,2,5,0.0120076314537575
102,2,6,0.012309156744714528
102,2,7,0.01200717397699699
102,2,8,0.012107587648078195
102,2,9,0.01200715601639859
102,2,10,0.012284534435877608
102,3,1,0.012007913611854507
102,3,2,0.012007143093338172
102,3,3,0.012007209633316659
102,3,4,0.012200103722035355
102,3,5,0.012007634328251202
102,3,6,0.012308974444308755
102,3,7,0.01200717396153805
102,3,8,0.012108370331726057
102,3,9,0.012007156015549919
102,3,10,0.012284952651297528
102,4,1,0.012007925629080903
102,4,2,0.012007143097668153
102,4,3,0.012007210327388804
102,4,4,0.012201436119831042
102,4,5,0.012007641717699944
102,4,6,0.012309692623313098
102,4,7,0.012007173966282982
102,4,8,0.012108360989014048
102,4,9,0.012007155994866469
102,4,10,0.012287437113543184
102,5,1,0.012007925857104943
102,5,2,0.012007143095617137
102,5,3,0.012007210328570836
102,5,4,0.01220150180478719
102,5,5,0.012007642187621048
102,5,6,0.01230994587871058
102,5,7,0.012007173964083458
102,5,8,0.01210835006825199
102,5,9,0.012007156011434705
102,5,10,0.012287830577263594
102,6,1,0.012007925772844385
102,6,2,0.01200714309268916
102,6,3,0.012007210332678262
102,6,4,0.012202252599626649
102,6,5,0.012007642147365476
102,6,6,0.012310407929175503
102,6,7,0.012007173957400854
102,6,8,0.012108377719165841
102,6,9,0.012007156007878703
102,6,10,0.012288043740502068
102,7,1,0.012007925643410607
102,7,2,0.012007143081355545
102,7,3,0.012007210396518633
102,7,4,0.012202360168370948
102,7,5,0.01200764231064652
102,7,6,0.012313409596422685
102,7,7,0.012007173943151822
102,7,8,0.012108377018680682
102,7,9,0.01200715601124272
102,7,10,0.012288142783261508
102,8,1,0.012007925623593053
102,8,2,0.012007143085411374
102,8,3,0.01200721039411171
102,8,4,0.012202399772307613
102,8,5,0.012007642466454638
102,8,6,0.012313867977626286
102,8,7,0.012007173951928124
102,8,8,0.012108437912624672
102,8,9,0.012007156003565797
102,8,10,0.01228817558692531
102,9,1,0.012007925635882892
102,9,2,0.012007143082575522
102,9,3,0.012007210398792201
102,9,4,0.012202401241242496
102,9,5,0.012007642443734841
102,9,6,0.012314190142294831
102,9,7,0.012007173949449501
102,9,8,0.012108473784300256
102,9,9,0.012007156010116989
102,9,10,0.012288255105502334
102,10,1,0.012007925361944545
102,10,2,0.012007143075483038
102,10,3,0.012007210405372223
102,10,4,0.012202532112956946
102,10,5,0.01200764244106431
102,10,6,0.012314461584090098
102,10,7,0.012007173978663391
102,10,8,0.012108500012466626
102,10,9,0.012007155993570096
102,10,10,0.012288324931251829
102,11,1,0.012007925280764942
102,11,2,0.012007143084565464
102,11,3,0.012007210412588298
102,11,4,0.012202620725613216
102,11,5,0.01200764258104356
102,11,6,0.012314476720639293
102,11,7,0.012007173969171427
102,11,8,0.012108962010654464
102,11,9,0.012007155993205145
102,11,10,0.01228855791964455
102,12,1,0.012007925157744069
102,12,2,0.012007143090220773
102,12,3,0.012007212575980251
102,12,4,0.012202724022614679
102,12,5,0.012007644673284343
102,12,6,0.012314454166702498
102,12,7,0.01200717397317902
102,12,8,0.01210896229522907
102,12,9,0.01200715599277551
102,12,10,0.012288549794092787
102,13,1,0.012007925136931948
102,13,2,0.012007143083413014
102,13,3,0.012007219163906997
102,13,4,0.012202784635213628
102,13,5,0.012007644579171391
102,13,6,0.012314448535253954
102,13,7,0.01200717397690328
102,13,8,0.012108995373402707
102,13,9,0.012007155992335556
102,13,10,0.012288556731351982
102,14,1,0.012007925356650722
102,14,2,0.012007143086696457
102,14,3,0.01200721916660732
102,14,4,0.012202871105765387
102,14,5,0.012007644374161606
102,14,6,0.012314401436543809
102,14,7,0.012007173958982988
102,14,8,0.012108976033845
102,14,9,0.012007155987042785
102,14,10,0.0122885087180989
102,15,1,0.012007926558865262
102,15,2,0.0120071430813549
102,15,3,0.012007219164742787
102,15,4,0.01220296351708371
102,15,5,0.012007644343460976
102,15,6,0.012314515895835763
102,15,7,0.012007173964485066
102,15,8,0.012108962433767212
102,15,9,0.012007155981936366
102,15,10,0.012288779975181744
102,16,1,0.012007926519488676
102,16,2,0.0120071430721271
102,16,3,0.012007219149654969
102,16,4,0.012205182555018533
102,16,5,0.012007644307002161
102,16,6,0.012314574862516596
102,16,7,0.012007173952359583
102,16,8,0.012108948002148493
102,16,9,0.012007155984495635
102,16,10,0.012289019768981247
102,17,1,0.012007926545868994
102,17,2,0.012007143078562097
102,17,3,0.012007219145392064
102,17,4,0.0122051947560131
102,17,5,0.012007644286987518
102,17,6,0.012315092070077735
102,17,7,0.012007173945104456
102,17,8,0.01210892842176546
102,17,9,0.012007156101687016
102,17,10,0.012288851271425998
102,18,1,0.012007930492922373
102,18,2,0.01200714307784442
102,18,3,0.01200721913773259
102,18,4,0.012205148380699771
102,18,5,0.012007644283777201
102,18,6,0.012315002026923106
102,18,7,0.012007173944456455
102,18,8,0.012108905705801382
102,18,9,0.012007156094105485
102,18,10,0.012288786876232123
102,19,1,0.012007930423679177
102,19,2,0.012007143063509846
102,19,3,0.012007219134459332
102,19,4,0.012205129080541976
102,19,5,0.012007644327415948
102,19,6,0.012315109087319613
102,19,7,0.012007173961839385
102,19,8,0.012108896641655651
102,19,9,0.012007156097178494
102,19,10,0.012288801163135238
102,20,1,0.01200793043876223
102,20,2,0.012007143063610174
102,20,3,0.012007219129789875
102,20,4,0.012205164177372224
102,20,5,0.012007644345479162
102,20,6,0.012315329475322023
102,20,7,0.012007173964511314
102,20,8,0.012108881598959936
102,20,9,0.012007156097653973
102,20,10,0.012288857263161099
102,21,1,0.012008817440963802
102,21,2,0.012007143069790525
102,21,3,0.012007219123046694
102,21,4,0.012205168415175336
102,21,5,0.01200764426179289
102,21,6,0.01231536387526064
102,21,7,0.012007173982266849
102,21,8,0.01210889091672564
102,21,9,0.012007156096906
102,21,10,0.01228895561473334
102,22,1,0.012008817774081236
102,22,2,0.012007143078040837
102,22,3,0.012007219124878874
102,22,4,0.012205260212838366
102,22,5,0.012007644222217985
102,22,6,0.01231549010955496
102,22,7,0.012007173983006414
102,22,8,0.012108897806522249
102,22,9,0.012007156108309833
102,22,10,0.01228911556461178
102,23,1,0.012008817284589223
102,23,2,0.01200714315492314
102,23,3,0.012007219121953024
102,23,4,0.012205349713458142
102,23,5,0.012007644209932233
102,23,6,0.012315770526747547
102,23,7,0.012007173982009615
102,23,8,0.012108972440614926
102,23,9,0.012007156129795492
102,23,10,0.012289385122548811
102,24,1,0.012008816607061767
102,24,2,0.01200714314464161
102,24,3,0.012007219119683192
102,24,4,0.012205414921289381
102,24,5,0.012007644122105669
102,24,6,0.012316067414472678
102,24,7,0.012007173972351782
102,24,8,0.012109032748407633
102,24,9,0.012007156130358144
102,24,10,0.012289811802915718
103,1,1,-0.03127182161853676
103,1,2,-0.9443855379012955
103,1,3,-0.0369277170991811
103,1,4,-0.08031700582706335
103,1,5,-0.03627493899288706
103,1,6,-0.07306410650332903
103,1,7,-0.9441146812889369
103,1,8,0.02655178974128556
103,1,9,0.1738917546996622
103,1,10,-0.08426676410095188
103,2,1,-0.29934980512115705
103,2,2,0.18391065561791378
103,2,3,-0.30507648463256726
103,2,4,-0.3321888351500801
103,2,5,-0.30379397987593526
103,2,6,-0.3078336652192327
103,2,7,0.13737478961924052
103,2,8,-0.13336249649992712
103,2,9,-1.4235165467112902
103,2,10,-0.36792272347932037
103,3,1,0.10725670183916064
103,3,2,-0.6942123971733
103,3,3,0.1009839375820673
103,3,4,0.07674323331153379
103,3,5,0.1020836125918781
103,3,6,0.09411774796117951
103,3,7,-0.6939878469257955
103,3,8,-0.6942088272781796
103,3,9,0.2906539140368655
103,3,10,0.03343657311585416
103,4,1,-0.40853997838550427
103,4,2,-0.16479947217006097
103,4,3,-0.45935224751822207
103,4,4,-0.5093706254974892
103,4,5,-0.40755485540282604
103,4,6,-0.5382117858914227
103,4,7,-0.36806884171555404
103,4,8,-0.3873177708307082
103,4,9,-0.3740172351584769
103,4,10,-0.529067114654647
103,5,1,-0.8565393896446507
103,5,2,-0.8567027943655128
103,5,3,0.07620694258333341
103,5,4,0.0144729356305863
103,5,5,-0.8565483396648096
103,5,6,-0.010046342740070295
103,5,7,0.16710926720968106
103,5,8,0.1463931115609866
103,5,9,0.16119635287761827
103,5,10,-0.008840175974103944
103,6,1,-0.3449935408915396
103,6,2,-0.24955275340413935
103,6,3,-0.3951008914941917
103,6,4,-0.4420001754151022
103,6,5,-0.3425134642779473
103,6,6,-0.4689405374768083
103,6,7,-0.30394783849150897
103,6,8,-0.32525398919803306
103,6,9,-0.3099066549272475
103,6,10,-0.45813003344295217
103,7,1,-0.34481467812431255
103,7,2,-0.249533615526014
103,7,3,-0.3951272237202086
103,7,4,-0.4420348844198276
103,7,5,-0.34347912991639107
103,7,6,-0.4642678715587244
103,7,7,-0.304001296903579
103,7,8,-0.32541790262514386
103,7,9,-0.30990617787570707
103,7,10,-0.46493539329485845
103,8,1,-0.34475097421027645
103,8,2,-0.24955191844835423
103,8,3,-0.3951023724032059
103,8,4,-0.4381488778295382
103,8,5,-0.3434407849117286
103,8,6,-0.47066184289292934
103,8,7,-0.3039620904654097
103,8,8,-0.3132947128893809
103,8,9,-0.30983249443711214
103,8,10,-0.4818323409183598
103,9,1,0.11005034419697665
103,9,2,-0.8866569926654473
103,9,3,0.059754820683896585
103,9,4,0.00638214188840057
103,9,5,0.11153991512299198
103,9,6,0.024632620828395093
103,9,7,0.15051874740813156
103,9,8,0.14401712289402996
103,9,9,0.14476557087319505
103,9,10,-0.0223022444960788
103,10,1,0.10901177012699895
103,10,2,0.20369258665559678
103,10,3,0.05886153061639324
103,10,4,0.00465760756265324
103,10,5,0.11026131287479483
103,10,6,-0.8870078090703155
103,10,7,-0.8882137174823362
103,10,8,0.15013983277208925
103,10,9,-0.8879438932133782
103,10,10,-0.026338937390812205
103,11,1,0.23074414680631056
103,11,2,-0.6671558242484495
103,11,3,0.18053958622206517
103,11,4,0.14453872921424454
103,11,5,0.23242900027421629
103,11,6,0.13567492993372388
103,11,7,-0.6669829186966296
103,11,8,-0.6671679020100083
103,11,9,0.2654363953197551
103,11,10,-0.6659293421167295
103,12,1,-0.27689127092072247
103,12,2,-0.2520113592093468
103,12,3,-0.12311841735245099
103,12,4,-0.36781843238798206
103,12,5,-1.5794207678269745
103,12,6,-0.37724841586194874
103,12,7,-0.23725821084117277
103,12,8,-0.2349005948886127
103,12,9,-0.24302724043214471
103,12,10,-0.3856476273418104
103,13,1,-0.07142030660723239
103,13,2,-0.04595030978061533
103,13,3,-1.2134357306271102
103,13,4,-0.162559682067974
103,13,5,-1.213600867425096
103,13,6,-0.17986657557621832
103,13,7,-0.031231904302120677
103,13,8,-1.2137846117322335
103,13,9,-0.037006351112684334
103,13,10,-0.1966567761272387
103,14,1,-0.08480294629931848
103,14,2,-0.059139119854199985
103,14,3,-1.237101315746746
103,14,4,-0.16621738147886558
103,14,5,-0.08362168257019816
103,14,6,-0.2039075945498901
103,14,7,-0.04437627215427363
103,14,8,-1.2374963759509996
103,14,9,-0.05019037312858128
103,14,10,-0.20381773701484757
103,15,1,-0.9236353379197277
103,15,2,0.1150749505968613
103,15,3,-0.9237846648475296
103,15,4,-0.011826788545449838
103,15,5,0.09081077447676277
103,15,6,-0.03487071205788844
103,15,7,-0.9239521442632059
103,15,8,0.1336595976249947
103,15,9,0.12397460754355613
103,15,10,-0.04535688345576021
103,16,1,-0.24301644519916812
103,16,2,-0.21781290949626772
103,16,3,0.42951984497341233
103,16,4,-1.5180931806883946
103,16,5,-0.2420898542583415
103,16,6,-0.3430600241470717
103,16,7,-0.20299547691435404
103,16,8,-0.2065138575274757
103,16,9,-0.20885936341064243
103,16,10,-1.5179775098419204
103,17,1,0.42489011625958606
103,17,2,-0.30978740621184525
103,17,3,-0.30944347235442626
103,17,4,0.39641945549153446
103,17,5,0.426030458042892
103,17,6,-0.30805974526094987
103,17,7,0.4652194219540147
103,17,8,0.4533001019909814
103,17,9,-0.30942105852078544
103,17,10,0.3133365037460208
103,18,1,-0.7638392813855671
103,18,2,0.2032515222383491
103,18,3,-0.764027962177063
103,18,4,-0.763346223836558
103,18,5,0.17871270279238036
103,18,6,0.0671348904051122
103,18,7,0.21795149495753874
103,18,8,-0.7641061196728738
103,18,9,-0.7640046301291027
103,18,10,0.0441083906186229
103,19,1,-0.12875796988891458
103,19,2,-0.1383663491604831
103,19,3,-0.19275338278878704
103,19,4,-0.1728579293140538
103,19,5,-1.3785222076167472
103,19,6,-0.23810624832931404
103,19,7,-0.12368413419140274
103,19,8,-0.20124808979586087
103,19,9,-0.12957536504502376
103,19,10,-0.28339122172691783
103,20,1,0.13964878407725467
103,20,2,0.13040349161930295
103,20,3,0.07601398066181526
103,20,4,-0.8958051371322518
103,20,5,0.08495986615948804
103,20,6,-0.8954457156168124
103,20,7,0.14494631275019323
103,20,8,0.043622098951388716
103,20,9,-0.896466444564108
103,20,10,-0.04301717307952493
103,21,1,-0.9646576912967049
103,21,2,0.09263861769284523
103,21,3,0.0383250972439461
103,21,4,0.0020291853612794063
103,21,5,0.046192057111698145
103,21,6,-0.06048571979062726
103,21,7,-0.9648869052297904
103,21,8,0.0018556523666978528
103,21,9,0.1013438923732889
103,21,10,-0.0867594012295735
103,22,1,-1.277620663950875
103,22,2,-0.08183613344733393
103,22,3,-0.1360153174372755
103,22,4,-0.14350577348222662
103,22,5,-0.1277901371711659
103,22,6,-0.20600906091083862
103,22,7,-0.08551053195368588
103,22,8,-0.14887760779105277
103,22,9,-0.07298305474408566
103,22,10,-0.2450731505093224
103,23,1,0.8670953319225843
103,23,2,-0.30749758563441615
103,23,3,0.3978232937220799
103,23,4,0.3721304884325257
103,23,5,0.40577859659284155
103,23,6,0.32184737579381206
103,23,7,0.44810601398543637
103,23,8,0.3741772412020994
103,23,9,-0.30709515340200266
103,23,10,0.29887783120751094
103,24,1,-0.13953951170149687
103,24,2,-0.0498075906171633
103,24,3,-0.0494991052857175
103,24,4,-0.14782949565982276
103,24,5,-0.06762496489212404
103,24,6,-0.1676843714990935
103,24,7,-0.1398650804875115
103,24,8,-0.14393069205037187
103,24,9,-0.13964264209179758
103,24,10,-0.1715457365961969
104,1,1,0.006003400562830372
104,1,2,0.00600301610011928
104,1,3,0.0060030490175418255
104,1,4,0.006098948271875841
104,1,5,0.006003258959080977
104,1,6,0.006154417962957125
104,1,7,0.006003031596582381
104,1,8,0.006052726090326507
104,1,9,0.006003021796852197
104,1,10,0.006141693550247132
104,2,1,0.00600340043038963
104,2,2,0.006003016096845779
104,2,3,0.006003049021594736
104,2,4,0.006098986290734646
104,2,5,0.006003259067795256
104,2,6,0.0061541199387012005
104,2,7,0.006003031591053097
104,2,8,0.006053399926784075
104,2,9,0.0060030225831270625
104,2,10,0.006141814237600131
104,3,1,0.006003400968550302
104,3,2,0.006003016102243796
104,3,3,0.006003049024410251
104,3,4,0.006099634894148903
104,3,5,0.006003260545884651
104,3,6,0.006154042832419602
104,3,7,0.0060030315926997615
104,3,8,0.006053796275596773
104,3,9,0.00600302258315119
104,3,10,0.006142028453482701
104,4,1,0.006003407084777019
104,4,2,0.006003016095852222
104,4,3,0.006003049362034058
104,4,4,0.0061003109106543656
104,4,5,0.006003264251540019
104,4,6,0.00615442336384141
104,4,7,0.006003031592231034
104,4,8,0.0060537933736229035
104,4,9,0.00600302257744215
104,4,10,0.00614329808295301
104,5,1,0.006003407218626959
104,5,2,0.006003016103351851
104,5,3,0.0060030493658235675
104,5,4,0.006100343424225399
104,5,5,0.006003264496582967
104,5,6,0.006154557779052748
104,5,7,0.006003031588947218
104,5,8,0.006053790855396294
104,5,9,0.006003022582168899
104,5,10,0.00614348620912368
104,6,1,0.006003407176006771
104,6,2,0.006003016102463187
104,6,3,0.00600304937025528
104,6,4,0.006100710186120613
104,6,5,0.006003264483485417
104,6,6,0.00615478263535236
104,6,7,0.006003031587541954
104,6,8,0.006053804375810909
104,6,9,0.006003022582425901
104,6,10,0.006143598806302966
104,7,1,0.006003407112150775
104,7,2,0.006003016096608875
104,7,3,0.006003049395017897
104,7,4,0.0061007654651609785
104,7,5,0.006003264649868213
104,7,6,0.006156271464483105
104,7,7,0.006003031580541584
104,7,8,0.0060538044886673
104,7,9,0.006003022582458657
104,7,10,0.006143638275368285
104,8,1,0.006003407094368837
104,8,2,0.006003016094655783
104,8,3,0.006003049393289869
104,8,4,0.006100786103567513
104,8,5,0.0060032646339705535
104,8,6,0.006156494063013473
104,8,7,0.006003031588519367
104,8,8,0.006053833250140778
104,8,9,0.006003022582599286
104,8,10,0.006143658733717972
104,9,1,0.006003407094693405
104,9,2,0.006003016095531724
104,9,3,0.0060030493987803905
104,9,4,0.0061007856447517165
104,9,5,0.006003264631873586
104,9,6,0.006156648117736461
104,9,7,0.006003031589935218
104,9,8,0.006053849642908272
104,9,9,0.006003022583128456
104,9,10,0.00614369564817188
104,10,1,0.006003406956512849
104,10,2,0.006003016094014123
104,10,3,0.006003049398503504
104,10,4,0.006100850725435717
104,10,5,0.006003264634090565
104,10,6,0.006156794905539062
104,10,7,0.00600303159653799
104,10,8,0.006053863593474766
104,10,9,0.006003022579706882
104,10,10,0.006143725880911247
104,11,1,0.0060034069200862565
104,11,2,0.006003016098765134
104,11,3,0.006003049406877331
104,11,4,0.006100900308985025
104,11,5,0.006003264705842464
104,11,6,0.006156797946252259
104,11,7,0.00600303159647574
104,11,8,0.006054089317092683
104,11,9,0.00600302257973223
104,11,10,0.006143845779136307
104,12,1,0.0060034068737883535
104,12,2,0.006003016098179868
104,12,3,0.006003050452789657
104,12,4,0.006100951376011354
104,12,5,0.006003265781026651
104,12,6,0.006156786558715409
104,12,7,0.006003031594531515
104,12,8,0.006054093398586466
104,12,9,0.006003022580773638
104,12,10,0.006143846190427939
104,13,1,0.00600340687256275
104,13,2,0.006003016097676741
104,13,3,0.0060030536167372155
104,13,4,0.0061009851103657215
104,13,5,0.006003265773713178
104,13,6,0.006156790771444854
104,13,7,0.00600303159263251
104,13,8,0.006054112088765627
104,13,9,0.006003022577019234
104,13,10,0.006143850464797049
104,14,1,0.006003407115144093
104,14,2,0.006003016099039832
104,14,3,0.006003053619045056
104,14,4,0.006101033169228952
104,14,5,0.006003265677943996
104,14,6,0.0061568128837955005
104,14,7,0.006003031593220324
104,14,8,0.006054114536176743
104,14,9,0.006003022575486355
104,14,10,0.006143877510265159
104,15,1,0.006003407744289068
104,15,2,0.0060030160916224535
104,15,3,0.00600305361871704
104,15,4,0.006101123172672624
104,15,5,0.006003265664391407
104,15,6,0.006156864678437893
104,15,7,0.006003031599670465
104,15,8,0.006054118980201491
104,15,9,0.00600302257508752
104,15,10,0.006144004927774999
104,16,1,0.006003407738410989
104,16,2,0.006003016095403106
104,16,3,0.006003053612323861
104,16,4,0.006102235144838022
104,16,5,0.006003265647599073
104,16,6,0.006156912175502252
104,16,7,0.006003031599744332
104,16,8,0.0060541119034803175
104,16,9,0.006003022577072765
104,16,10,0.006144155309846946
104,17,1,0.006003407755405062
104,17,2,0.00600301609325945
104,17,3,0.006003053612849671
104,17,4,0.00610224093914447
104,17,5,0.0060032657293933355
104,17,6,0.0061572294793897425
104,17,7,0.00600303160042741
104,17,8,0.006054114660638053
104,17,9,0.006003022634974689
104,17,10,0.0061441580137789635
104,18,1,0.006003409859206216
104,18,2,0.0060030160922915745
104,18,3,0.00600305361424855
104,18,4,0.006102280811738499
104,18,5,0.006003265734343203
104,18,6,0.006157244754810337
104,18,7,0.006003031592065322
104,18,8,0.00605411974019986
104,18,9,0.006003022638741338
104,18,10,0.0061441118538467215
104,19,1,0.006003409827159088
104,19,2,0.006003016089787299
104,19,3,0.006003053610420874
104,19,4,0.006102273902780247
104,19,5,0.006003265727808
104,19,6,0.006157304732380777
104,19,7,0.006003031597034804
104,19,8,0.006054116074713962
104,19,9,0.006003022636876709
104,19,10,0.00614414299857957
104,20,1,0.00600340984473129
104,20,2,0.006003016089289475
104,20,3,0.006003053612304624
104,20,4,0.006102293674013844
104,20,5,0.006003265803460221
104,20,6,0.006157421104442187
104,20,7,0.006003031599567981
104,20,8,0.006054110696431182
104,20,9,0.00600302263837625
104,20,10,0.006144168407836302
104,21,1,0.006003865213434465
104,21,2,0.00600301609307086
104,21,3,0.006003053606728279
104,21,4,0.006102295573689681
104,21,5,0.006003265712572336
104,21,6,0.006157437686523436
104,21,7,0.006003031612579074
104,21,8,0.006054115038798278
104,21,9,0.006003022635695497
104,21,10,0.006144221405576311
104,22,1,0.006003865143752585
104,22,2,0.006003016092898752
104,22,3,0.00600305360694503
104,22,4,0.006102287973396227
104,22,5,0.00600326569332807
104,22,6,0.00615745127697274
104,22,7,0.006003031602173437
104,22,8,0.006054118870282609
104,22,9,0.006003022635962813
104,22,10,0.006144261789822373
104,23,1,0.006003864884306965
104,23,2,0.006003016126398979
104,23,3,0.006003053597675712
104,23,4,0.006102329391396263
104,23,5,0.006003265608129187
104,23,6,0.006157551818421605
104,23,7,0.006003031605735044
104,23,8,0.0060541215527573
104,23,9,0.006003022647118278
104,23,10,0.006144310564068674
104,24,1,0.006003864326726045
104,24,2,0.006003016123956128
104,24,3,0.0060030535956771235
104,24,4,0.006102331568655156
104,24,5,0.006003265560795646
104,24,6,0.006157647594192656
104,24,7,0.006003031601547662
104,24,8,0.006054146954365439
104,24,9,0.006003022644685192
104,24,10,0.006144530619479276
105,1,1,0.035844794059293666
105,1,2,0.03556792638160011
105,1,3,0.035904930837144085
105,1,4,0.03647136434369235
105,1,5,0.03586212816671062
105,1,6,0.03678002294819047
105,1,7,0.03584312049831721
105,1,8,0.03541275430658893
105,1,9,0.035924955171622794
105,1,10,0.03661095357218655
105,2,1,0.03584354085797446
105,2,2,0.03559166975034044
105,2,3,0.035907247702464146
105,2,4,0.03647645700325131
105,2,5,0.03586856616831799
105,2,6,0.036793987904747825
105,2,7,0.03584994188679971
105,2,8,0.03541720959723924
105,2,9,0.03592708576873829
105,2,10,0.036603690339954496
105,3,1,0.03585790859657607
105,3,2,0.03562545840041153
105,3,3,0.035919047723014956
105,3,4,0.03648738160047664
105,3,5,0.03587110934648822
105,3,6,0.03679218107022598
105,3,7,0.03585265301952988
105,3,8,0.035546709301036074
105,3,9,0.03593789707938425
105,3,10,0.03659713317614939
105,4,1,0.03586554709616523
105,4,2,0.03564594729176876
105,4,3,0.03591905214730365
105,4,4,0.03649690126781222
105,4,5,0.035866039481590235
105,4,6,0.036802826786251415
105,4,7,0.03584723561218627
105,4,8,0.03552578664339496
105,4,9,0.035937898283987496
105,4,10,0.036622874408328364
105,5,1,0.035860518612533095
105,5,2,0.03569561224749643
105,5,3,0.03591199069302623
105,5,4,0.03648612576524937
105,5,5,0.03585177526487585
105,5,6,0.03678794102400148
105,5,7,0.03583206663233636
105,5,8,0.03549831146379576
105,5,9,0.0359314280612599
105,5,10,0.036612898822791846
105,6,1,0.03586807151478281
105,6,2,0.03573835624112947
105,6,3,0.03592710333329924
105,6,4,0.03650582792445559
105,6,5,0.03584512525200935
105,6,6,0.03679942659473384
105,6,7,0.03582502611490196
105,6,8,0.03548683385991041
105,6,9,0.035945275682775515
105,6,10,0.036584060297792105
105,7,1,0.03592083386259019
105,7,2,0.03576997511191531
105,7,3,0.03593736050122085
105,7,4,0.03651553886355198
105,7,5,0.03582450918578133
105,7,6,0.036832227027002694
105,7,7,0.035803142395948624
105,7,8,0.0354206749683486
105,7,9,0.035954674984191914
105,7,10,0.03657112089345039
105,8,1,0.03593375847450217
105,8,2,0.035680006497721635
105,8,3,0.03592489698005564
105,8,4,0.036504513253188126
105,8,5,0.03576695035648669
105,8,6,0.03679647561963222
105,8,7,0.0357420428618422
105,8,8,0.035421095897021235
105,8,9,0.03594325398944628
105,8,10,0.03655732468726708
105,9,1,0.03598281173618084
105,9,2,0.03560022037287289
105,9,3,0.03593625542606427
105,9,4,0.036510909368273246
105,9,5,0.03573070879770068
105,9,6,0.03676703047934873
105,9,7,0.03570358501394516
105,9,8,0.035418771756281844
105,9,9,0.0359536638724134
105,9,10,0.036574154299381635
105,10,1,0.03602955312136567
105,10,2,0.035539294098975056
105,10,3,0.03593393970180382
105,10,4,0.03650918136642933
105,10,5,0.035706216905366045
105,10,6,0.036760174914415536
105,10,7,0.03567758900209054
105,10,8,0.03541891216131876
105,10,9,0.0359515432601335
105,10,10,0.036588753283498095
105,11,1,0.03605432886885454
105,11,2,0.035492213101065505
105,11,3,0.03592368220293245
105,11,4,0.03649904598383696
105,11,5,0.03569631527669613
105,11,6,0.03673139351644007
105,11,7,0.0356670811937526
105,11,8,0.035424684345551176
105,11,9,0.035942141621287574
105,11,10,0.036599222265635965
105,12,1,0.03606435841680493
105,12,2,0.035467111100071995
105,12,3,0.03590846938635174
105,12,4,0.036489485176975804
105,12,5,0.03570790302415707
105,12,6,0.03674283267380508
105,12,7,0.03567932044994041
105,12,8,0.03542202230471716
105,12,9,0.035928194723750084
105,12,10,0.0365780343050275
105,13,1,0.0360629897811896
105,13,2,0.03546019064703521
105,13,3,0.03589889914626465
105,13,4,0.03647979987060913
105,13,5,0.03572911943283185
105,13,6,0.036766326330632
105,13,7,0.03570185187082646
105,13,8,0.035427620454955545
105,13,9,0.0359194013793012
105,13,10,0.03655700526400308
105,14,1,0.036058812685343895
105,14,2,0.03548081502912238
105,14,3,0.03590011288216918
105,14,4,0.03648113746563808
105,14,5,0.035745109643770936
105,14,6,0.0367952409618287
105,14,7,0.035718860168931194
105,14,8,0.03542763109569367
105,14,9,0.035920512768314164
105,14,10,0.03655215077097877
105,15,1,0.03605836803153199
105,15,2,0.03550577993985263
105,15,3,0.03590727962657024
105,15,4,0.03648666821035733
105,15,5,0.03576235248595333
105,15,6,0.036828273418818426
105,15,7,0.03573717028162986
105,15,8,0.035452453163435524
105,15,9,0.03592708272585952
105,15,10,0.03656048509807018
105,16,1,0.03605979360205442
105,16,2,0.03551256438160152
105,16,3,0.03589889137051387
105,16,4,0.03650126989230855
105,16,5,0.035777669512905876
105,16,6,0.03686617584733996
105,16,7,0.03575341795009576
105,16,8,0.03553602180221364
105,16,9,0.03591940170566526
105,16,10,0.03658418633088143
105,17,1,0.0360578236743227
105,17,2,0.03552816924934355
105,17,3,0.03587386054483509
105,17,4,0.03645838601446958
105,17,5,0.03578377547360509
105,17,6,0.0368812741761814
105,17,7,0.035759916330029964
105,17,8,0.03562470694365242
105,17,9,0.035896459909090954
105,17,10,0.03654634522811992
105,18,1,0.036051279214019204
105,18,2,0.035582986321160914
105,18,3,0.03586084751798051
105,18,4,0.036458606186385425
105,18,5,0.03579868230288488
105,18,6,0.036863496978860356
105,18,7,0.03577573244426345
105,18,8,0.035728718886488695
105,18,9,0.03588453474471384
105,18,10,0.0365636866362574
105,19,1,0.03603453636866317
105,19,2,0.03565408849670995
105,19,3,0.03588654201559183
105,19,4,0.03647588809239492
105,19,5,0.03582321947410754
105,19,6,0.03682398129700139
105,19,7,0.03580173370881073
105,19,8,0.03576367234118956
105,19,9,0.0359080821513583
105,19,10,0.03660759138249929
105,20,1,0.03601878281342944
105,20,2,0.035672135439279544
105,20,3,0.035884115141929664
105,20,4,0.03648148792682685
105,20,5,0.035820320531582114
105,20,6,0.03679472048254853
105,20,7,0.03579870020583189
105,20,8,0.03568855427600608
105,20,9,0.03590585994479907
105,20,10,0.036613760068657
105,21,1,0.035999422249937296
105,21,2,0.03563984034142134
105,21,3,0.035876504531707105
105,21,4,0.03646534765444388
105,21,5,0.03579123567653152
105,21,6,0.03674662495144707
105,21,7,0.03576782848836705
105,21,8,0.035606475199566986
105,21,9,0.03589888473387592
105,21,10,0.036591598257352115
105,22,1,0.03598934396887604
105,22,2,0.03555910551535432
105,22,3,0.03589029202863931
105,22,4,0.03647931798402267
105,22,5,0.03575919482344031
105,22,6,0.03670940067010597
105,22,7,0.035733809894182095
105,22,8,0.03554962409986366
105,22,9,0.03591151817442715
105,22,10,0.036566941983243444
105,23,1,0.03599099691695907
105,23,2,0.03550808826346898
105,23,3,0.035891502147053875
105,23,4,0.036475503386167854
105,23,5,0.0357403016709174
105,23,6,0.03666095987141433
105,23,7,0.03571376755630762
105,23,8,0.035480905926898926
105,23,9,0.03591263131747284
105,23,10,0.03654504879997843
105,24,1,0.03600371639195558
105,24,2,0.03551473623489613
105,24,3,0.03587385889860065
105,24,4,0.03646500848284886
105,24,5,0.0357029626678051
105,24,6,0.03668088179583559
105,24,7,0.03567412079928134
105,24,8,0.03549283570108231
105,24,9,0.035896459504676695
105,24,10,0.03651876822677597
106,1,1,-0.11212517746647481
106,1,2,-1.0326226352594146
106,1,3,-0.11784439144895735
106,1,4,-0.16188476854350253
106,1,5,-0.11714848516951576
106,1,6,-0.15496220571485858
106,1,7,-1.0326225827463085
106,1,8,-0.05389493461712796
106,1,9,0.0927067738786769
106,1,10,-0.16599480979165598
106,2,1,-0.38096402236378984
106,2,2,0.10302813778680134
106,2,3,-0.38678406890497347
106,2,4,-0.414665435991254
106,2,5,-0.38545624850415
106,2,6,-0.39047762124303603
106,2,7,0.05636256154309527
106,2,8,-0.21394524031709908
106,2,9,-1.5218686642548405
106,2,10,-0.45072173665528875
106,3,1,0.026299713312289905
106,3,2,-0.7789820068099326
106,3,3,0.019977183678532105
106,3,4,-0.004833508005081494
106,3,5,0.021122789069304412
106,3,6,0.012190695874643732
106,3,7,-0.7789819794462406
106,3,8,-0.7789187001712274
106,3,9,0.20898954884772794
106,3,10,-0.04824785057900495
106,4,1,-0.4908409041887614
106,4,2,-0.2456789783173313
106,4,3,-0.5420857444147625
106,4,4,-0.5931222676068956
106,4,5,-0.48984930320388165
106,4,6,-0.6225428036521572
106,4,7,-0.4500810343695011
106,4,8,-0.46914841618675546
106,4,9,-0.4561580474830096
106,4,10,-0.6131316560229798
106,5,1,-0.9437088502251232
106,5,2,-0.9437096230882503
106,5,3,-0.004755027218771872
106,5,4,-0.06707943298808172
106,5,5,-0.943709143052039
106,5,6,-0.09192810657074235
106,5,7,0.0860370404513633
106,5,8,0.06569683248868086
106,5,9,0.08004144904704684
106,5,10,-0.09054630137837003
106,6,1,-0.4268852387876458
106,6,2,-0.33082663458578204
106,6,3,-0.4773703589289933
106,6,4,-0.525211606517028
106,6,5,-0.4243674909622502
106,6,6,-0.5526728923928889
106,6,7,-0.3855672910304021
106,6,8,-0.40667549252978363
106,6,9,-0.39167781427761184
106,6,10,-0.5415499084752113
106,7,1,-0.42675808225748724
106,7,2,-0.33083903444502394
106,7,3,-0.47740712812838915
106,7,4,-0.5252564957697277
106,7,5,-0.4253182411227991
106,7,6,-0.5479941589388307
106,7,7,-0.3855991558544505
106,7,8,-0.40677436533690037
106,7,9,-0.3916867403196223
106,7,10,-0.5484030835774087
106,8,1,-0.42670693347024363
106,8,2,-0.33076744491754123
106,8,3,-0.4773696454186294
106,8,4,-0.5213308256351427
106,8,5,-0.42522211517250846
106,8,6,-0.5544042787779139
106,8,7,-0.3854986361055178
106,8,8,-0.39457332217388297
106,8,9,-0.39160123858071044
106,8,10,-0.565422661503929
106,9,1,0.028963121996862524
106,9,2,-0.9740174977963744
106,9,3,-0.02121216242001031
106,9,4,-0.07519460883306162
106,9,5,0.03070202988124215
106,9,6,-0.05723389925403955
106,9,7,0.06962032843416627
106,9,8,0.06340046252314216
106,9,9,0.06363169013542228
106,9,10,-0.10397831403997326
106,10,1,0.02787984165062739
106,10,2,0.12279650989290844
106,10,3,-0.022102216401817157
106,10,4,-0.07691422700897331
106,10,5,0.029450426549515456
106,10,6,-0.9755675220754984
106,10,7,-0.9756752968400553
106,10,8,0.06951433493652841
106,10,9,-0.9756753074043831
106,10,10,-0.10802230824335318
106,11,1,0.14923182676458752
106,11,2,-0.7514754467375705
106,11,3,0.09933560829123307
106,11,4,0.06283322883006626
106,11,5,0.1512680365686864
106,11,6,0.05373865260682017
106,11,7,-0.7514754306684689
106,11,8,-0.7514327562743153
106,11,9,0.18388839209838828
106,11,10,-0.75137363380976
106,12,1,-0.3586151448926534
106,12,2,-0.3330246313609338
106,12,3,-0.20415724753969292
106,12,4,-0.4505086649491165
106,12,5,-1.6815797196860685
106,12,6,-0.4602787951703787
106,12,7,-0.3184216182412465
106,12,8,-0.31582018757188973
106,12,9,-0.3244633465796141
106,12,10,-0.46853527615549573
106,13,1,-0.1525274074454337
106,13,2,-0.12642868472774338
106,13,3,-1.3069961044270317
106,13,4,-0.24430260442813295
106,13,5,-1.3069952002623366
106,13,6,-0.2619846088819796
106,13,7,-0.11194220255345058
106,13,8,-1.3069080639789816
106,13,9,-0.11793755222707196
106,13,10,-0.27861475231085975
106,14,1,-0.16592379545338823
106,14,2,-0.13965001898926216
106,14,3,-1.3311615415003102
106,14,4,-0.2479710852633716
106,14,5,-0.16442704530797822
106,14,6,-0.28610022363200405
106,14,7,-0.1251120790321123
106,14,8,-1.331108352690465
106,14,9,-0.13113255803036022
106,14,10,-0.28579740588089503
106,15,1,-1.012029695927808
106,15,2,0.03445529418587349
106,15,3,-1.0120301605205577
106,15,4,-0.09337788281174644
106,15,5,0.00997739713092834
106,15,6,-0.11680738523202192
106,15,7,-1.0120301839835852
106,15,8,0.05304037671696904
106,15,9,0.04291535429606593
106,15,10,-0.12701975391692036
106,16,1,-0.32458429805129446
106,16,2,-0.2987334480960378
106,16,3,0.3470344737579076
106,16,4,-1.619447041531338
106,16,5,-0.3233716318561472
106,16,6,-0.4259752566445382
106,16,7,-0.2841032555801128
106,16,8,-0.28743074592248996
106,16,9,-0.29015389063327734
106,16,10,-1.6194183284904553
106,17,1,0.34227956116474895
106,17,2,-0.3911409021108271
106,17,3,-0.3911408478420441
106,17,4,0.31358439359265033
106,17,5,0.3436856996010188
106,17,6,-0.3908771361913292
106,17,7,0.3825984035174978
106,17,8,0.3708912024323457
106,17,9,-0.39114089351322756
106,17,10,0.23091387993173154
106,18,1,-0.849907844170355
106,18,2,0.12231329139746415
106,18,3,-0.8499083982095039
106,18,4,-0.8498378216351552
106,18,5,0.09763928360904839
106,18,6,-0.014844124465704597
106,18,7,0.13676727563585622
106,18,8,-0.8498677168150903
106,18,9,-0.8499084364778393
106,18,10,-0.03754747373979259
106,19,1,-0.20993524896031512
106,19,2,-0.2191850931163654
106,19,3,-0.2739594548218378
106,19,4,-0.25462644006109764
106,19,5,-1.4756864856792256
106,19,6,-0.3205101514419317
106,19,7,-0.20461744297823456
106,19,8,-0.2823773025865507
106,19,9,-0.21062785506765364
106,19,10,-0.36572107230455825
106,20,1,0.05846215798596375
106,20,2,0.04958512650185869
106,20,3,-0.004919841218583996
106,20,4,-0.9842110054461116
106,20,5,0.004077348849694966
106,20,6,-0.9841721297696792
106,20,7,0.06396694615569175
106,20,8,-0.03710667630733132
106,20,9,-0.9842829238405503
106,20,10,-0.12472612619569297
106,21,1,-1.0536593923974555
106,21,2,0.011924966203229458
106,21,3,-0.04256405591033261
106,21,4,-0.07950044255023019
106,21,5,-0.034617632535488566
106,21,6,-0.14235192675750397
106,21,7,-1.0536604873385793
106,21,8,-0.07878363657613856
106,21,9,0.02035667741049875
106,21,10,-0.16848293019977179
106,22,1,-1.3726471128688336
106,22,2,-0.1624528545094639
106,22,3,-0.21706471071115155
106,22,4,-0.2251961503271854
106,22,5,-0.20868983742426364
106,22,6,-0.2881630891343737
106,22,7,-0.16630723444306172
106,22,8,-0.2296306738639877
106,22,9,-0.15394037511588357
106,22,10,-0.3272420849821508
106,23,1,0.77963602173792
106,23,2,-0.38881883855112437
106,23,3,0.315570836483056
106,23,4,0.2894331271010757
106,23,5,0.32362212576617966
106,23,6,0.239252770575995
106,23,7,0.3656655337192217
106,23,8,0.2924717157956978
106,23,9,-0.3888188232870108
106,23,10,0.21652468672026873
106,24,1,-0.220711011325533
106,24,2,-0.1303436688904995
106,24,3,-0.13039405171817992
106,24,4,-0.2295161523509958
106,24,5,-0.14836735525760197
106,24,6,-0.24967458104757748
106,24,7,-0.22070742989560121
106,24,8,-0.2246162445985332
106,24,9,-0.2207067947267891
106,24,10,-0.2533769146466769
107,1,1,0.029760553982209725
107,1,2,0.029485382228435636
107,1,3,0.029820784007785466
107,1,4,0.03030795528406707
107,1,5,0.029777945105297136
107,1,6,0.03056394213525372
107,1,7,0.02975927958904788
107,1,8,0.02929380622192366
107,1,9,0.02984074061818328
107,1,10,0.030407560610878584
107,2,1,0.02975930484613583
107,2,2,0.029509015619558952
107,2,3,0.029823089815526376
107,2,4,0.03031258425573605
107,2,5,0.029784351525939768
107,2,6,0.030577619222837017
107,2,7,0.029766069626155616
107,2,8,0.029297612664489887
107,2,9,0.029842859939869067
107,2,10,0.030399613332086586
107,3,1,0.029773607562314706
107,3,2,0.02954264707076591
107,3,3,0.02983483483042533
107,3,4,0.030323423367557056
107,3,5,0.02978688403871055
107,3,6,0.030576815632768838
107,3,7,0.02976876764341186
107,3,8,0.02942566087223904
107,3,9,0.029853621120228546
107,3,10,0.030393624221154276
107,4,1,0.029781200449299366
107,4,2,0.029563040848631462
107,4,3,0.02983483848108052
107,4,4,0.030331457407803245
107,4,5,0.029781832375376512
107,4,6,0.030585407961540443
107,4,7,0.029763375778734585
107,4,8,0.02940519053191681
107,4,9,0.0298536221113396
107,4,10,0.03041688136813204
107,5,1,0.029776191163833895
107,5,2,0.02961247446446806
107,5,3,0.02982781050501862
107,5,4,0.030321407250745697
107,5,5,0.029767630777148717
107,5,6,0.03057174635732514
107,5,7,0.029748277977726258
107,5,8,0.029378180541348803
107,5,9,0.029847182390441648
107,5,10,0.03040779786215067
107,6,1,0.029783713206386717
107,6,2,0.02965501943972217
107,6,3,0.029842851967236628
107,6,4,0.030340104037561846
107,6,5,0.02976101484830247
107,6,6,0.03058186706004716
107,6,7,0.0297412701621871
107,6,8,0.02936644100562312
107,6,9,0.029860964941181213
107,6,10,0.030378048706037823
107,7,1,0.029836228690194595
107,7,2,0.029686490785402066
107,7,3,0.02985306099289789
107,7,4,0.03034972429974443
107,7,5,0.029740495197433034
107,7,6,0.030613175244567446
107,7,7,0.029719488721118365
107,7,8,0.029300568483359817
107,7,9,0.02987032015654184
107,7,10,0.03036515709099572
107,8,1,0.029849092609208514
107,8,2,0.029596941543211457
107,8,3,0.029840655881888757
107,8,4,0.030338703646439587
107,8,5,0.029683205134982557
107,8,6,0.03057725341980432
107,8,7,0.029658674355189058
107,8,8,0.029300929565324915
107,8,9,0.0298589527284724
107,8,10,0.03035125864854807
107,9,1,0.029897918878367742
107,9,2,0.029517526273186736
107,9,3,0.029851961406435035
107,9,4,0.03034567039013688
107,9,5,0.029647134765673027
107,9,6,0.030548891575923973
107,9,7,0.029620395940971857
107,9,8,0.0292989469054566
107,9,9,0.029869313895839453
107,9,10,0.030368987323467878
107,10,1,0.029944440670934214
107,10,2,0.02945688301990036
107,10,3,0.029849656530232374
107,10,4,0.030343899768612397
107,10,5,0.029622756971912058
107,10,6,0.030539384811438884
107,10,7,0.029594520469489908
107,10,8,0.029299071644089354
107,10,9,0.029867202887321854
107,10,10,0.03038348926898847
107,11,1,0.02996910070187516
107,11,2,0.02941002000283808
107,11,3,0.02983944719931933
107,11,4,0.030333923271804914
107,11,5,0.029612901856954834
107,11,6,0.03051346765084114
107,11,7,0.029584061667655412
107,11,8,0.029303990554428894
107,11,9,0.029857845747817722
107,11,10,0.030392022936914877
107,12,1,0.02997907971478064
107,12,2,0.02938503431102094
107,12,3,0.029824304321497224
107,12,4,0.03032375275334249
107,12,5,0.02962442542898931
107,12,6,0.030523907607780718
107,12,7,0.02959624420780031
107,12,8,0.029301706686911927
107,12,9,0.029843964079692475
107,12,10,0.030372028415759342
107,13,1,0.029977718870370717
107,13,2,0.029378145925316936
107,13,3,0.029814774678285083
107,13,4,0.030314253422326774
107,13,5,0.02964554489338117
107,13,6,0.03054755206014818
107,13,7,0.02961867079825403
107,13,8,0.029306502524643754
107,13,9,0.029835212018629605
107,13,10,0.03035126886883608
107,14,1,0.029973561125603593
107,14,2,0.029398674858915518
107,14,3,0.02981598267571395
107,14,4,0.030315555008993533
107,14,5,0.029661466249863152
107,14,6,0.030576395294994035
107,14,7,0.029635599838216682
107,14,8,0.029306511593858633
107,14,9,0.029836318204958374
107,14,10,0.030346428414156388
107,15,1,0.02997311139922252
107,15,2,0.0294235241732958
107,15,3,0.029823116120663018
107,15,4,0.03032121902951553
107,15,5,0.029678629354897332
107,15,6,0.030609514592408776
107,15,7,0.029653824153255966
107,15,8,0.02933228943611741
107,15,9,0.02984285740987795
107,15,10,0.03035497200447641
107,16,1,0.02997453574920905
107,16,2,0.029430277119608692
107,16,3,0.029814768289063744
107,16,4,0.03033235107627649
107,16,5,0.029693873460940254
107,16,6,0.030646626737409557
107,16,7,0.02966999643057608
107,16,8,0.029415273029475157
107,16,9,0.029835212293808495
107,16,10,0.030374869270808402
107,17,1,0.029972579562160657
107,17,2,0.029445809617696037
107,17,3,0.02978985398975693
107,17,4,0.030292716789741377
107,17,5,0.029699953925288874
107,17,6,0.030661426999214335
107,17,7,0.029676464753731625
107,17,8,0.029504018223038157
107,17,9,0.029812377846824167
107,17,10,0.030341604428146138
107,18,1,0.029966055193663167
107,18,2,0.029500372516341168
107,18,3,0.029776901563778133
107,18,4,0.030291074642824562
107,18,5,0.029714790030240208
107,18,6,0.030644520999212693
107,18,7,0.0296922069617964
107,18,8,0.029606687265559217
107,18,9,0.029800508417558522
107,18,10,0.030358238883564072
107,19,1,0.029949395870176712
107,19,2,0.029571144186140326
107,19,3,0.029802476285980508
107,19,4,0.03030924868916001
107,19,5,0.029739204735959274
107,19,6,0.030604470618424258
107,19,7,0.029718086662009466
107,19,8,0.029641892096590912
107,19,9,0.029823945730770407
107,19,10,0.030401312190358094
107,20,1,0.029933718207488316
107,20,2,0.029589107198758378
107,20,3,0.029800060959646248
107,20,4,0.030313643314066073
107,20,5,0.02973632659389561
107,20,6,0.030573444974633445
107,20,7,0.02971506743002017
107,20,8,0.029567260393067882
107,20,9,0.02982173368855813
107,20,10,0.030407935518485196
107,21,1,0.029914037870389907
107,21,2,0.029556962347281016
107,21,3,0.029792485957082473
107,21,4,0.0302989907239866
107,21,5,0.02970737747176309
107,21,6,0.030527753148832656
107,21,7,0.029684339334434182
107,21,8,0.029485545221206198
107,21,9,0.0298147914715861
107,21,10,0.03038572446314201
107,22,1,0.029904002913165494
107,22,2,0.029476602494119195
107,22,3,0.029806208792679083
107,22,4,0.03031269674739254
107,22,5,0.029675485405535648
107,22,6,0.03049027663924475
107,22,7,0.029650479832683173
107,22,8,0.02942886678106013
107,22,9,0.029827365683227594
107,22,10,0.030360742473026895
107,23,1,0.029905677328904947
107,23,2,0.02942582140991429
107,23,3,0.029807413632542735
107,23,4,0.030309658805516032
107,23,5,0.029656682744121202
107,23,6,0.03044314987272142
107,23,7,0.02963053113638727
107,23,8,0.029360778208359407
107,23,9,0.02982847346611875
107,23,10,0.03034002856847044
107,24,1,0.02991832407905608
107,24,2,0.02943243890896965
107,24,3,0.029789852665923
107,24,4,0.030298379354790333
107,24,5,0.029619515721163184
107,24,6,0.030461789023941258
107,24,7,0.029591068767911566
107,24,8,0.029372286269877645
107,24,9,0.02981237751091756
107,24,10,0.030312678129392482
108,1,1,0.006003398180143027
108,1,2,0.006003016243192838
108,1,3,0.006003048785546741
108,1,4,0.006098889417309124
108,1,5,0.006003258014535532
108,1,6,0.006154441136386141
108,1,7,0.00600303190174266
108,1,8,0.006052626403221142
108,1,9,0.006003021646899901
108,1,10,0.006141754457549414
108,2,1,0.006003399854781497
108,2,2,0.006003015991376377
108,2,3,0.006003048976521264
108,2,4,0.00609939485599433
108,2,5,0.006003259372067426
108,2,6,0.006154766828201139
108,2,7,0.006003031369400685
108,2,8,0.006053398118759302
108,2,9,0.006003022946287685
108,2,10,0.006142556428444935
108,3,1,0.006003397673733156
108,3,2,0.006003016181754567
108,3,3,0.0060030487049175275
108,3,4,0.00609942052639488
108,3,5,0.006003258781795521
108,3,6,0.006153733995177925
108,3,7,0.006003031791644345
108,3,8,0.006054460017774918
108,3,9,0.006003022389198935
108,3,10,0.006141953869258074
108,4,1,0.006003407247322617
108,4,2,0.006003016060075995
108,4,3,0.00600304941904421
108,4,4,0.00610103367879481
108,4,5,0.00600326311125451
108,4,6,0.006155878562127071
108,4,7,0.006003031593038256
108,4,8,0.006054025220701202
108,4,9,0.00600302258798318
108,4,10,0.0061445232248423425
108,5,1,0.0060034112369466
108,5,2,0.00600301622296194
108,5,3,0.006003049058121016
108,5,4,0.006100305118408874
108,5,5,0.006003267285252359
108,5,6,0.006154667411410026
108,5,7,0.0060030313511603
108,5,8,0.006053611268927459
108,5,9,0.006003022427368045
108,5,10,0.006143609338104123
108,6,1,0.00600340703203686
108,6,2,0.0060030160713564675
108,6,3,0.006003049381397199
108,6,4,0.0061013058871819004
108,6,5,0.006003264735529642
108,6,6,0.006156043545888862
108,6,7,0.0060030315606629464
108,6,8,0.0060539991664432845
108,6,9,0.00600302256209192
108,6,10,0.006144741813460236
108,7,1,0.006003406901948385
108,7,2,0.006003016073482807
108,7,3,0.006003049402924446
108,7,4,0.006101367438528785
108,7,5,0.006003264728328615
108,7,6,0.0061574786787776965
108,7,7,0.0060030315607576745
108,7,8,0.0060540027816747
108,7,9,0.006003022561346138
108,7,10,0.006144729164400569
108,8,1,0.006003407001689031
108,8,2,0.006003016075495198
108,8,3,0.006003049407732716
108,8,4,0.006101429192031275
108,8,5,0.006003264776293047
108,8,6,0.006157780163175193
108,8,7,0.006003031564060414
108,8,8,0.006054076499125882
108,8,9,0.006003022567908593
108,8,10,0.006144909889110773
108,9,1,0.006003403934437269
108,9,2,0.0060030162377552295
108,9,3,0.006003049113314124
108,9,4,0.006100756029529809
108,9,5,0.006003262874885523
108,9,6,0.0061567414618941725
108,9,7,0.006003031370256852
108,9,8,0.006053674060908998
108,9,9,0.006003022434574535
108,9,10,0.006143893382438481
108,10,1,0.006003403931444362
108,10,2,0.006003015983599108
108,10,3,0.006003049107802034
108,10,4,0.0061008238091014785
108,10,5,0.006003262884557473
108,10,6,0.006159519114941762
108,10,7,0.006003031883097875
108,10,8,0.006053699413600647
108,10,9,0.0060030227858883295
108,10,10,0.00614394243076083
108,11,1,0.006003403190244998
108,11,2,0.006003016175531252
108,11,3,0.006003049028012451
108,11,4,0.006100693607217524
108,11,5,0.0060032624966486195
108,11,6,0.006156636138232674
108,11,7,0.006003031772550976
108,11,8,0.006054700596222205
108,11,9,0.006003022402099594
108,11,10,0.006145963251872277
108,12,1,0.0060034064808130415
108,12,2,0.0060030160672407025
108,12,3,0.006003050285724162
108,12,4,0.006101428643400497
108,12,5,0.006003271220115701
108,12,6,0.006157688163341075
108,12,7,0.006003031528330681
108,12,8,0.006054238839519889
108,12,9,0.006003022550287047
108,12,10,0.006144805557465253
108,13,1,0.006003405149811272
108,13,2,0.006003016027887338
108,13,3,0.006003054239702617
108,13,4,0.006101272964642456
108,13,5,0.006003269604094521
108,13,6,0.006157436867296336
108,13,7,0.0060030314372237084
108,13,8,0.006055207371227777
108,13,9,0.006003022484076837
108,13,10,0.0061445840170986565
108,14,1,0.0060034053986589096
108,14,2,0.006003016031191422
108,14,3,0.00600305428177303
108,14,4,0.00610131309719135
108,14,5,0.006003264568866924
108,14,6,0.00615738600376265
108,14,7,0.006003031454074163
108,14,8,0.006055209546181252
108,14,9,0.006003022489318476
108,14,10,0.006144597851083436
108,15,1,0.006003411995986957
108,15,2,0.006003015993752424
108,15,3,0.006003054046148557
108,15,4,0.006101138190583456
108,15,5,0.006003263918623871
108,15,6,0.006157162630344627
108,15,7,0.006003031878017587
108,15,8,0.006053932868862294
108,15,9,0.006003022442926865
108,15,10,0.006144337043248695
108,16,1,0.006003406833858095
108,16,2,0.006003016063462121
108,16,3,0.006003053020443355
108,16,4,0.0061049107080759024
108,16,5,0.006003265280763888
108,16,6,0.006157919904475227
108,16,7,0.006003031514548202
108,16,8,0.0060542022034944555
108,16,9,0.0060030225438105775
108,16,10,0.006148327725802576
108,17,1,0.006003402578208094
108,17,2,0.0060030161109164955
108,17,3,0.006003053624384181
108,17,4,0.00610152082438669
108,17,5,0.00600326256417392
108,17,6,0.006158117746896649
108,17,7,0.006003031242318476
108,17,8,0.006053661723104304
108,17,9,0.00600302264901005
108,17,10,0.006143639197933543
108,18,1,0.006003412867386944
108,18,2,0.006003015976427773
108,18,3,0.006003053910679401
108,18,4,0.006103567908443277
108,18,5,0.006003263582936349
108,18,6,0.006157320849908644
108,18,7,0.006003031334223405
108,18,8,0.006054756018865086
108,18,9,0.006003022763677655
108,18,10,0.006144334911514191
108,19,1,0.006003408365855337
108,19,2,0.006003016053074586
108,19,3,0.006003053474772725
108,19,4,0.006102527379901195
108,19,5,0.006003270440845441
108,19,6,0.006158036753715681
108,19,7,0.006003031492712652
108,19,8,0.006054251083713769
108,19,9,0.006003022560653345
108,19,10,0.006145038186678943
108,20,1,0.006003406578716641
108,20,2,0.006003016000532136
108,20,3,0.006003053295652334
108,20,4,0.006103851758830588
108,20,5,0.006003264066417214
108,20,6,0.006160020866251379
108,20,7,0.0060030313806814775
108,20,8,0.006054067969131457
108,20,9,0.0060030228125281925
108,20,10,0.0061445441698564475
108,21,1,0.006003875900255966
108,21,2,0.006003016001528961
108,21,3,0.006003053317060984
108,21,4,0.006102296652437239
108,21,5,0.006003264221579436
108,21,6,0.006157709636506001
108,21,7,0.0060030318951257615
108,21,8,0.006054081296043941
108,21,9,0.00600302249189306
108,21,10,0.006144706797216422
108,22,1,0.006003880834772658
108,22,2,0.006003016038560909
108,22,3,0.0060030534254499395
108,22,4,0.006102533194935045
108,22,5,0.006003264948529609
108,22,6,0.006158155595521314
108,22,7,0.006003031482666366
108,22,8,0.006054187310012363
108,22,9,0.006003022542039508
108,22,10,0.006145170359905446
108,23,1,0.006003846492673774
108,23,2,0.0060030161475153575
108,23,3,0.0060030530652099255
108,23,4,0.006101702194525306
108,23,5,0.006003262789500153
108,23,6,0.0061569353391696495
108,23,7,0.0060030312679948405
108,23,8,0.006053777079792132
108,23,9,0.006003022664787713
108,23,10,0.0061439897888427636
108,24,1,0.006003862081802023
108,24,2,0.006003016067395788
108,24,3,0.006003053381590276
108,24,4,0.006102655474177037
108,24,5,0.0060032647341745765
108,24,6,0.006158345484748652
108,24,7,0.006003031514886304
108,24,8,0.0060542644866750355
108,24,9,0.006003022583112076
108,24,10,0.0061453197359693955
109,1,1,0.017718220232121336
109,1,2,0.0174445458950762
109,1,3,0.017779017849465225
109,1,4,0.018084370937154252
109,1,5,0.017735844869057615
109,1,6,0.01822992015773409
109,1,7,0.017717706727139994
109,1,8,0.01716254347660655
109,1,9,0.017798976381933056
109,1,10,0.01809902569233733
109,2,1,0.017716970850565974
109,2,2,0.017468119170800312
109,2,3,0.017781317270211233
109,2,4,0.018087996565001298
109,2,5,0.01774223191944483
109,2,6,0.018242942898547124
109,2,7,0.017724480295869757
109,2,8,0.017164858501140898
109,2,9,0.01780108748506972
109,2,10,0.018089510260327606
109,3,1,0.017731241003314715
109,3,2,0.017501663857762004
109,3,3,0.017793032373905587
109,3,4,0.018098750540717835
109,3,5,0.01774475964545672
109,3,6,0.018244199509919443
109,3,7,0.017727170442583845
109,3,8,0.017290579377847472
109,3,9,0.017811821878633862
109,3,10,0.01808472214118592
109,4,1,0.017738794915088233
109,4,2,0.017522005468064445
109,4,3,0.017793034534358713
109,4,4,0.018103592645747686
109,4,5,0.01773971127285243
109,4,6,0.01824851327317227
109,4,7,0.017721792950030506
109,4,8,0.017270993395967143
109,4,9,0.017811822477489702
109,4,10,0.018102840041272605
109,5,1,0.017733790448330924
109,5,2,0.01757131153974138
109,5,3,0.01778602554014733
109,5,4,0.018095000490711718
109,5,5,0.01772553834631836
109,5,6,0.01823728624256352
109,5,7,0.017706734704810722
109,5,8,0.01724483967499239
109,5,9,0.017805399827770896
109,5,10,0.01809558428431853
109,6,1,0.017741301585766096
109,6,2,0.01761374717756445
109,6,3,0.01780102727772988
109,6,4,0.018111682400360155
109,6,5,0.017718944989314193
109,6,6,0.018244647837182548
109,6,7,0.017699744614457044
109,6,8,0.01723238080899994
109,6,9,0.01781914629609395
109,6,10,0.018063651894728104
109,7,1,0.017793681145813093
109,7,2,0.017645137308775746
109,7,3,0.017811209745860077
109,7,4,0.018121165603453396
109,7,5,0.017698478448196338
109,7,6,0.018273021762324957
109,7,7,0.017678019482748757
109,7,8,0.01716664495840588
109,7,9,0.017828477192076916
109,7,10,0.018050808450718617
109,8,1,0.01780651146673304
109,8,2,0.017555818903281308
109,8,3,0.017798836820436734
109,8,4,0.018110048590391843
109,8,5,0.01764133635966835
109,8,6,0.018236564756943862
109,8,7,0.017617362110130274
109,8,8,0.017166864070437764
109,8,9,0.01781713929340632
109,8,10,0.018036579822291707
109,9,1,0.01785521702278057
109,9,2,0.017476607449883892
109,9,3,0.017810113605878745
109,9,4,0.018118325189373095
109,9,5,0.017605363034467584
109,9,6,0.018210317000141432
109,9,7,0.017579182787624395
109,9,8,0.017165660886919974
109,9,9,0.01782747381526608
109,9,10,0.018056292878421202
109,10,1,0.017901617753046467
109,10,2,0.01741612027443086
109,10,3,0.0178078147185496
109,10,4,0.018116426060542968
109,10,5,0.017581048020572344
109,10,6,0.01819529719905692
109,10,7,0.017553372910356108
109,10,8,0.01716573786569359
109,10,9,0.017825367557504045
109,10,10,0.01807067242017793
109,11,1,0.017926215018916718
109,11,2,0.017369376802579953
109,11,3,0.017797632061543275
109,11,4,0.018106726151436214
109,11,5,0.01757121912048427
109,11,6,0.01817516462904681
109,11,7,0.01754294121682292
109,11,8,0.017168715688585457
109,11,9,0.017816035513077578
109,11,10,0.018075168268133143
109,12,1,0.017936161384371214
109,12,2,0.017344455239113793
109,12,3,0.017782525856733414
109,12,4,0.018095132509336594
109,12,5,0.017582694506126092
109,12,6,0.018183502661539504
109,12,7,0.01755509292878692
109,12,8,0.017167325531958193
109,12,9,0.017802189600513125
109,12,10,0.018057520532444516
109,13,1,0.01793480675679863
109,13,2,0.01733758452545051
109,13,3,0.017773012653128546
109,13,4,0.01808595861991488
109,13,5,0.0176037630061611
109,13,6,0.018207603426883077
109,13,7,0.017577461959886957
109,13,8,0.017170245636623067
109,13,9,0.017793460370415536
109,13,10,0.018037240351743346
109,14,1,0.01793065939007696
109,14,2,0.017358060993630114
109,14,3,0.017774217395205093
109,14,4,0.01808718257728813
109,14,5,0.017619653910924262
109,14,6,0.018236486157158244
109,14,7,0.01759434733994376
109,14,8,0.0171702509943382
109,14,9,0.01779456368720503
109,14,10,0.018032376756017304
109,15,1,0.01793019732018036
109,15,2,0.017382846822410782
109,15,3,0.017781332852432375
109,15,4,0.018093174334689238
109,15,5,0.01763677406761919
109,15,6,0.0182699841895268
109,15,7,0.017612523794561196
109,15,8,0.017198432222846914
109,15,9,0.017801086021926444
109,15,10,0.01804142023321235
109,16,1,0.017931628487871696
109,16,2,0.017389582346796745
109,16,3,0.017773008850954584
109,16,4,0.018096838354107372
109,16,5,0.01765197594861993
109,16,6,0.018305520437354356
109,16,7,0.017628655084674597
109,16,8,0.017280718819389775
109,16,9,0.01779346055460736
109,16,10,0.018053360899732356
109,17,1,0.017929685929396373
109,17,2,0.017405074953572446
109,17,3,0.01774815783337376
109,17,4,0.01806396847778943
109,17,5,0.017658046389145834
109,17,6,0.018319890645452943
109,17,7,0.017635107264699496
109,17,8,0.017370310533719784
109,17,9,0.01777068505529771
109,17,10,0.018029460830328786
109,18,1,0.01792315778393742
109,18,2,0.01745949825787917
109,18,3,0.017735238366210243
109,18,4,0.018058302079057398
109,18,5,0.017672842075133356
109,18,6,0.01830460778649025
109,18,7,0.017650808670191073
109,18,8,0.017470655917540514
109,18,9,0.017758846166354415
109,18,10,0.018044695946145658
109,19,1,0.01790655105827868
109,19,2,0.01753008795960425
109,19,3,0.017760747761929638
109,19,4,0.01807849437849009
109,19,5,0.017697179100566725
109,19,6,0.018263223292755277
109,19,7,0.01767662116676046
109,19,8,0.01750675395173174
109,19,9,0.017782223129310895
109,19,10,0.01808629485391712
109,20,1,0.017890917769936177
109,20,2,0.017548004913671474
109,20,3,0.017758339064745565
109,20,4,0.01808027262771451
109,20,5,0.017694321874043045
109,20,6,0.018228315931571072
109,20,7,0.017673609949277233
109,20,8,0.01743263902995541
109,20,9,0.01778001630112662
109,20,10,0.018093886658248296
109,21,1,0.017870407508551105
109,21,2,0.017515942724322064
109,21,3,0.017750783665031855
109,21,4,0.018068710281994447
109,21,5,0.01766544728787823
109,21,6,0.01818730905367303
109,21,7,0.017642960173505234
109,21,8,0.017351080074172902
109,21,9,0.01777309275279132
109,21,10,0.01807140044178378
109,22,1,0.01786038958783716
109,22,2,0.017435789064533573
109,22,3,0.01776447069370831
109,22,4,0.01808193217945318
109,22,5,0.017633636070902705
109,22,6,0.01814902370540943
109,22,7,0.017609188900236796
109,22,8,0.01729432397546759
109,22,9,0.01778563425505759
109,22,10,0.018045548759351392
109,23,1,0.01786212303114498
109,23,2,0.017385137847147614
109,23,3,0.017765673159024806
109,23,4,0.018080542510724353
109,23,5,0.017614886437270546
109,23,6,0.01810441841511668
109,23,7,0.01758929204691572
109,23,8,0.017227173934497027
109,23,9,0.017786738897712928
109,23,10,0.01802722540899756
109,24,1,0.01787470829789319
109,24,2,0.017391738552940763
109,24,3,0.017748157062293036
109,24,4,0.018067422698927287
109,24,5,0.0175778111670378
109,24,6,0.018120233338410566
109,24,7,0.017549930829896056
109,24,8,0.01723772275513203
109,24,9,0.017770684859319714
109,24,10,0.017997293161512867
110,1,1,0.011712134049284588
110,1,2,0.011439018815198548
110,1,3,0.011773244200620802
110,1,4,0.011983490599396213
110,1,5,0.011729884634750826
110,1,6,0.0120733264103292
110,1,7,0.011711990329074889
110,1,8,0.011108340794480854
110,1,9,0.01179321759109332
110,1,10,0.011955186228031494
110,2,1,0.011710883841797953
110,2,2,0.011462577431568881
110,2,3,0.011775541935048473
110,2,4,0.011986606900769787
110,2,5,0.011736266226800476
110,2,6,0.01208602118182791
110,2,7,0.01171876009466144
110,2,8,0.011109883432395648
110,2,9,0.011795326054401383
110,2,10,0.011944872824428097
110,3,1,0.011725146964455683
110,3,2,0.011496100654976636
110,3,3,0.011787249784969521
110,3,4,0.011997326543830952
110,3,5,0.011738793035127716
110,3,6,0.01208831494546562
110,3,7,0.011721448088095521
110,3,8,0.011234494352146822
110,3,9,0.011806054073528933
110,3,10,0.011940692177839322
110,4,1,0.011732686828966828
110,4,2,0.011516429487767807
110,4,3,0.011787251161572592
110,4,4,0.01200055069906537
110,4,5,0.011733743435114375
110,4,6,0.012090473456188374
110,4,7,0.011716074253111325
110,4,8,0.011215350606391783
110,4,9,0.01180605446369725
110,4,10,0.011956227292557017
110,5,1,0.011727681812618726
110,5,2,0.011565704032275607
110,5,3,0.01178024708398151
110,5,4,0.011992692095994233
110,5,5,0.011719575719699237
110,5,6,0.012080466853008318
110,5,7,0.011701025925230955
110,5,8,0.011189621986428585
110,5,9,0.011799636129105014
110,5,10,0.011949892465877564
110,6,1,0.01173519210338525
110,6,2,0.0116081127684479
110,6,3,0.011795238791517797
110,6,4,0.01200836596615129
110,6,5,0.011712989117795761
110,6,6,0.012086444922384079
110,6,7,0.011694040111652487
110,6,8,0.011176779939472177
110,6,9,0.011813373578780989
110,6,10,0.0119168367629709
110,7,1,0.011787537973854003
110,7,2,0.011639482837364977
110,7,3,0.011805414663659978
110,7,4,0.0120177844033006
110,7,5,0.011692535757073064
110,7,6,0.012113356635086886
110,7,7,0.011672328908168952
110,7,8,0.01111106716094969
110,7,9,0.011822698455524075
110,7,10,0.011904012145302081
110,8,1,0.011800359936961524
110,8,2,0.011550221412819854
110,8,3,0.011793049703013047
110,8,4,0.01200661012823908
110,8,5,0.011635430285046608
110,8,6,0.012076617469946213
110,8,7,0.011611710312741115
110,8,8,0.011111212518788145
110,8,9,0.011811367884470724
110,8,10,0.011889607823168136
110,9,1,0.011849036853795868
110,9,2,0.011471060086728848
110,9,3,0.01180431954286231
110,9,4,0.012015558498284031
110,9,5,0.011599481893782914
110,9,6,0.012051426175408164
110,9,7,0.011573555535506716
110,9,8,0.011110411618296423
110,9,9,0.011821695842964174
110,9,10,0.011910329285434127
110,10,1,0.01189540748587177
110,10,2,0.011410611407345452
110,10,3,0.011802022146053153
110,10,4,0.012013591976516873
110,10,5,0.011575182403800718
110,10,6,0.012033640521862074
110,10,7,0.0115477615676543
110,10,8,0.011110462758252634
110,10,9,0.011819590596540797
110,10,10,0.011924652567027669
110,11,1,0.01191998947265075
110,11,2,0.011363897217151303
110,11,3,0.011791846148731928
110,11,4,0.012004027447868196
110,11,5,0.01156536018251171
110,11,6,0.012016392526207498
110,11,7,0.011537336624278811
110,11,8,0.011112439592901719
110,11,9,0.011810264970172676
110,11,10,0.011927123240260783
110,12,1,0.011929926203373083
110,12,2,0.011338991444048525
110,12,3,0.011776748278701862
110,12,4,0.011991703173487118
110,12,5,0.011576819676571355
110,12,6,0.012023673553515454
110,12,7,0.011549480861058456
110,12,8,0.011111514223360864
110,12,9,0.011796427852312068
110,12,10,0.011910637639503547
110,13,1,0.011928573727360173
110,13,2,0.011332125080656568
110,13,3,0.011767236747711456
110,13,4,0.011982688685305927
110,13,5,0.011597876319541815
110,13,6,0.012048015223503666
110,13,7,0.01157183572874766
110,13,8,0.011113459061174231
110,13,9,0.011787704319632513
110,13,10,0.011890593104906954
110,14,1,0.011924428849016186
110,14,2,0.011352588666792167
110,14,3,0.011768440659224172
110,14,4,0.01198387172804638
110,14,5,0.011613762051665448
110,14,6,0.012076930417798365
110,14,7,0.011588710352817217
110,14,8,0.011113462810204987
110,14,9,0.011788806920640639
110,14,10,0.011885711841214138
110,15,1,0.01192396080191791
110,15,2,0.011377358938462987
110,15,3,0.011775551801392769
110,15,4,0.011990030372215065
110,15,5,0.011630871908601927
110,15,6,0.012110640360651159
110,15,7,0.011606874771488727
110,15,8,0.011142910636301458
110,15,9,0.011795325083400053
110,15,10,0.011895015365493566
110,16,1,0.011925395956493707
110,16,2,0.01138409013350466
110,16,3,0.011767234340655134
110,16,4,0.01198992138464948
110,16,5,0.011646062672448845
110,16,6,0.012145400820954146
110,16,7,0.011622996128419938
110,16,8,0.011224894934601909
110,16,9,0.011787704442982506
110,16,10,0.011902956945816166
110,17,1,0.01192345878671859
110,17,2,0.01139957292038848
110,17,3,0.011742398619766403
110,17,4,0.011960458308914403
110,17,5,0.01165213193497673
110,17,6,0.012159579443715358
110,17,7,0.011629444461633246
110,17,8,0.011314990239873328
110,17,9,0.01176494351584305
110,17,10,0.011883758564562594
110,18,1,0.011916925004776703
110,18,2,0.011453961974753615
110,18,3,0.011729487137236538
110,18,4,0.011952747034574553
110,18,5,0.011666917114777617
110,18,6,0.012145093215446696
110,18,7,0.011645135751688344
110,18,8,0.011414197643335759
110,18,9,0.011753112143634248
110,18,10,0.011898288856310286
110,19,1,0.011900333396679813
110,19,2,0.011524506838356126
110,19,3,0.0117549806335662
110,19,4,0.011973971428071694
110,19,5,0.011691231693698055
110,19,6,0.01210301284789191
110,19,7,0.011670931552086811
110,19,8,0.011450789363697964
110,19,9,0.011776474247051793
110,19,10,0.011939169810651148
110,20,1,0.011884711994541624
110,20,2,0.011542412475207703
110,20,3,0.011752573679921448
110,20,4,0.011974421337059046
110,20,5,0.01168838265383717
110,20,6,0.012066135448434974
110,20,7,0.011667922380308855
110,20,8,0.011376887411411206
110,20,9,0.011774268589488905
110,20,10,0.011947254808789717
110,21,1,0.011863786402362101
110,21,2,0.011510370644073493
110,21,3,0.011745023120518021
110,21,4,0.011964419979894694
110,21,5,0.011659526441646539
110,21,6,0.012027457977461551
110,21,7,0.01163729170571329
110,21,8,0.0112953467279001
110,21,9,0.011767349815889741
110,21,10,0.011924614700271102
110,22,1,0.011853770582456954
110,22,2,0.011430267725452584
110,22,3,0.011758701223562757
110,22,4,0.01197739879702009
110,22,5,0.011627734902288099
110,22,6,0.011988740004909163
110,22,7,0.011603542405247502
110,22,8,0.011238505276915159
110,22,9,0.011779883180664402
110,22,10,0.011898308969139963
110,23,1,0.011855533218121817
110,23,2,0.01137964835744172
110,23,3,0.011759903312685699
110,23,4,0.01197684236519333
110,23,5,0.011608999439628022
110,23,6,0.011945377490328906
110,23,7,0.011583658455113657
110,23,8,0.011171794830110613
110,23,9,0.011780987002475634
110,23,10,0.011881177259086924
110,24,1,0.011868096622747425
110,24,2,0.011386244971056515
110,24,3,0.011742398141276988
110,24,4,0.011962771721392514
110,24,5,0.011571945902432058
110,24,6,0.011959770058471517
110,24,7,0.011544322057524741
110,24,8,0.011181851313897423
110,24,9,0.011764943391904113
110,24,10,0.011849927349649807
111,1,1,0.005701289173914612
111,1,2,0.005429047938887115
111,1,3,0.005762650542509502
111,1,4,0.005879560691630093
111,1,5,0.005719144434147336
111,1,6,0.005913821983002008
111,1,7,0.005701523312422101
111,1,8,0.005051512350384721
111,1,9,0.005782614935946247
111,1,10,0.005808499527293666
111,2,1,0.005700039517027931
111,2,2,0.0054525657603417075
111,2,3,0.005764943950406309
111,2,4,0.005882166329795515
111,2,5,0.005725513295256886
111,2,6,0.005926159379779293
111,2,7,0.005708281514373465
111,2,8,0.005052286097578456
111,2,9,0.005784718282696656
111,2,10,0.005797394914704398
111,3,1,0.005714279351757565
111,3,2,0.00548603020335935
111,3,3,0.005776631106521163
111,3,4,0.005892861032656511
111,3,5,0.005728037931235322
111,3,6,0.0059294719861650745
111,3,7,0.005710964305848317
111,3,8,0.0051757126783469245
111,3,9,0.005795427616029709
111,3,10,0.005793830420136082
111,4,1,0.005721796517931171
111,4,2,0.005506323573072669
111,4,3,0.005776631706545981
111,4,4,0.00589447402694329
111,4,5,0.005722991046517637
111,4,6,0.0059294909966802
111,4,7,0.005705600259506699
111,4,8,0.005157018674975391
111,4,9,0.0057954277983828855
111,4,10,0.005806781310580875
111,5,1,0.005716796675678648
111,5,2,0.005555511378595983
111,5,3,0.005769640585546234
111,5,4,0.0058873525019200335
111,5,5,0.005708844961486023
111,5,6,0.0059207092385683245
111,5,7,0.005690578968224402
111,5,8,0.005131731504104592
111,5,9,0.005789021146761043
111,5,10,0.005801375791607486
111,6,1,0.0057242975683125565
111,6,2,0.005597845489775089
111,6,3,0.005784605036021078
111,6,4,0.005902020693912203
111,6,5,0.005702272679156243
111,6,6,0.005925310257934888
111,6,7,0.005683605392672447
111,6,8,0.005118519160855874
111,6,9,0.0058027337755193085
111,6,10,0.00576722423443634
111,7,1,0.005776549681793289
111,7,2,0.005629160057161517
111,7,3,0.005794762607687427
111,7,4,0.005911367900850739
111,7,5,0.005681855822485028
111,7,6,0.005950787809834341
111,7,7,0.005661932788385194
111,7,8,0.005052878575525562
111,7,9,0.005812041872142793
111,7,10,0.0057544281871325775
111,8,1,0.005789348517763516
111,8,2,0.005540056160114384
111,8,3,0.005782419848247471
111,8,4,0.005900145251061076
111,8,5,0.005624851834131905
111,8,6,0.005913803256652313
111,8,7,0.0056014216077302365
111,8,8,0.005052951422941238
111,8,9,0.005800731680350864
111,8,10,0.005739859655248235
111,9,1,0.005837940631431589
111,9,2,0.005461033344160258
111,9,3,0.005793669769178204
111,9,4,0.0059097559184353166
111,9,5,0.005588969012358954
111,9,6,0.005889688675870691
111,9,7,0.005563334356390881
111,9,8,0.005052549976174061
111,9,9,0.005811041203981087
111,9,10,0.005761569518699565
111,10,1,0.005884227354382885
111,10,2,0.005400690211167742
111,10,3,0.005791376505436861
111,10,4,0.00590772505092987
111,10,5,0.005564712435671984
111,10,6,0.005869180141964066
111,10,7,0.005537585270741227
111,10,8,0.005052575657308905
111,10,9,0.005808939375716988
111,10,10,0.005775825017010552
111,11,1,0.005908765500712821
111,11,2,0.005354056767712462
111,11,3,0.005781218873246282
111,11,4,0.00589830441900446
111,11,5,0.005554907955142618
111,11,6,0.0058548017948714635
111,11,7,0.005527178748013794
111,11,8,0.005053565513984127
111,11,9,0.005799630926471586
111,11,10,0.005776292322012568
111,12,1,0.005918680945726219
111,12,2,0.005329194138490343
111,12,3,0.005766146698006197
111,12,4,0.0058852607479712386
111,12,5,0.005566338516904291
111,12,6,0.005861021952879703
111,12,7,0.005539301883620505
111,12,8,0.0050531016442287476
111,12,9,0.005785818515735383
111,12,10,0.00576095929271931
111,13,1,0.0059173322141798275
111,13,2,0.005322339659779222
111,13,3,0.005756647837722963
111,13,4,0.005876414405750033
111,13,5,0.005587359641884359
111,13,6,0.005885586445868119
111,13,7,0.005561617512497917
111,13,8,0.005054076781566138
111,13,9,0.00577711070575545
111,13,10,0.005741170302518256
111,14,1,0.0059131946573713024
111,14,2,0.005342767932994002
111,14,3,0.005757849531065413
111,14,4,0.005877554638343703
111,14,5,0.005603222352873149
111,14,6,0.0059145111999670975
111,14,7,0.005578462380619352
111,14,8,0.005054078678652128
111,14,9,0.0057782113134008505
111,14,10,0.0057362742546434205
111,15,1,0.005912721125105313
111,15,2,0.0053674953830819185
111,15,3,0.005764948201919359
111,15,4,0.0058838755342578925
111,15,5,0.005620302577236388
111,15,6,0.005948411996660094
111,15,7,0.005596594313240626
111,15,8,0.005084762886329794
111,15,9,0.005784717816386324
111,15,10,0.0057458355749424855
111,16,1,0.005914158665840713
111,16,2,0.005374214852418438
111,16,3,0.0057566468040448245
111,16,4,0.005880030845250521
111,16,5,0.0056354650079695435
111,16,6,0.005982380064252943
111,16,7,0.005612687527046606
111,16,8,0.005166384770286586
111,16,9,0.00577711075984704
111,16,10,0.0057498048779298025
111,17,1,0.005912229127715254
111,17,2,0.005389670733778244
111,17,3,0.005731854826613327
111,17,4,0.005853977989950499
111,17,5,0.005641526252555548
111,17,6,0.005996376350945618
111,17,7,0.005619124710923229
111,17,8,0.005256911566047977
111,17,9,0.005754390502242336
111,17,10,0.005735298138700891
111,18,1,0.005905697282532296
111,18,2,0.005443965334063394
111,18,3,0.005718966094432438
111,18,4,0.0058442381943767585
111,18,5,0.005656284143259753
111,18,6,0.005982685488420753
111,18,7,0.005634788117642208
111,18,8,0.005354910602972341
111,18,9,0.005742580206073301
111,18,10,0.00574911113412622
111,19,1,0.005889140159409435
111,19,2,0.0055143867700522655
111,19,3,0.005744414533590694
111,19,4,0.0058664705477221865
111,19,5,0.005680548429401261
111,19,6,0.005939944685221911
111,19,7,0.005660537985047261
111,19,8,0.005391965548251251
111,19,9,0.005765900678004912
111,19,10,0.005789248031082472
111,20,1,0.0058735487862795425
111,20,2,0.005532261011855613
111,20,3,0.0057420120697034595
111,20,4,0.005865598362904893
111,20,5,0.005677710984724717
111,20,6,0.005901139478966843
111,20,7,0.005657534277985003
111,20,8,0.005318332331188427
111,20,9,0.005763698709266623
111,20,10,0.005797819324743769
111,21,1,0.005852246991042703
111,21,2,0.005500275398622913
111,21,3,0.0057344749932657655
111,21,4,0.005857156560291102
111,21,5,0.005648905948757149
111,21,6,0.005864802653095071
111,21,7,0.005626957413821378
111,21,8,0.005236869886943853
111,21,9,0.00575679266151252
111,21,10,0.005775041465143923
111,22,1,0.005842245033463148
111,22,2,0.005420312279514813
111,22,3,0.005748128513651547
111,22,4,0.005869880594256249
111,22,5,0.0056171700929146745
111,22,6,0.005825679057402085
111,22,7,0.0055932682177133545
111,22,8,0.0051799843108143
111,22,9,0.005769303507622274
111,22,10,0.005748302383481911
111,23,1,0.005844033475511001
111,23,2,0.005369780678899946
111,23,3,0.005749328856141679
111,23,4,0.005870151188127727
111,23,5,0.005598469976305992
111,23,6,0.005783588258065768
111,23,7,0.0055734195682123665
111,23,8,0.005113762374804989
111,23,9,0.0057704052240759585
111,23,10,0.005732370499024225
111,24,1,0.005856561046086554
111,24,2,0.005376365942106188
111,24,3,0.0057318546265415805
111,24,4,0.005855138034479016
111,24,5,0.005561479918816845
111,24,6,0.005796544482825038
111,24,7,0.005534152169408707
111,24,8,0.005123321010190725
111,24,9,0.005754390442014116
111,24,10,0.00569983106052166
112,1,1,-0.042000251618456844
112,1,2,0.7864087573998746
112,1,3,-0.04200002471567519
112,1,4,0.3384575488184882
112,1,5,0.3002219794405768
112,1,6,0.3007960334938085
112,1,7,0.7864087381517021
112,1,8,-0.04201906648812067
112,1,9,-0.04200000943949923
112,1,10,-0.042053133594488826
112,2,1,0.20120239885657312
112,2,2,-0.042000006315997665
112,2,3,0.18545866694310234
112,2,4,0.1264961037351227
112,2,5,0.10333051098032398
112,2,6,0.08575089401473883
112,2,7,0.15778008004894292
112,2,8,0.21075881645210492
112,2,9,0.6415923952635406
112,2,10,0.1577988982330447
112,3,1,-0.042000251796371825
112,3,2,0.3098298766754163
112,3,3,-0.04200002463942299
112,3,4,-0.04203708691947423
112,3,5,0.09501075820630216
112,3,6,0.08454872479641515
112,3,7,0.14970600027756903
112,3,8,0.1976673541029087
112,3,9,-0.04200000992267195
112,3,10,-0.04205359065725608
112,4,1,-0.04200025183739357
112,4,2,0.09436538887545382
112,4,3,0.1459884031802631
112,4,4,0.11109509856460528
112,4,5,0.0633650434994183
112,4,6,0.06913514280401828
112,4,7,-0.04200001468216857
112,4,8,0.09819434643021639
112,4,9,-0.042000009969341466
112,4,10,0.12800065556175277
112,5,1,0.1660478235532659
112,5,2,0.09888604373625659
112,5,3,0.15051795673164253
112,5,4,0.11177788478955762
112,5,5,0.06808047658695196
112,5,6,0.060230930711817746
112,5,7,-0.042000014924101214
112,5,8,0.10109259606194868
112,5,9,0.0687609287351544
112,5,10,-0.04205353740056731
112,6,1,-0.04200025223206017
112,6,2,-0.04200000671869691
112,6,3,0.11867409984124938
112,6,4,-0.04203712865055464
112,6,5,0.03783900349573066
112,6,6,0.05785761308445881
112,6,7,0.01240995146432519
112,6,8,-0.04201924158214004
112,6,9,0.0369352899000697
112,6,10,-0.04205354432794138
112,7,1,0.12757646441775422
112,7,2,-0.04200000693732654
112,7,3,-0.04200002476107351
112,7,4,-0.04203718136433686
112,7,5,0.03182236828116112
112,7,6,-0.042058255315972744
112,7,7,-0.04200001467753298
112,7,8,0.07388806590897869
112,7,9,-0.04200000999403956
112,7,10,-0.04205348506770417
112,8,1,0.1331312946306394
112,8,2,0.03478681266463606
112,8,3,-0.04200002483110268
112,8,4,-0.042037208405650034
112,8,5,0.03751338880373054
112,8,6,-0.042058332806033695
112,8,7,0.012077132953191787
112,8,8,-0.04201921894853782
112,8,9,-0.04200000992943174
112,8,10,0.10479748822325302
112,9,1,-0.04200025182711416
112,9,2,0.037803455460371456
112,9,3,-0.042000024781591136
112,9,4,0.09892055683587621
112,9,5,0.04065534294742321
112,9,6,-0.04205834954259134
112,9,7,0.014914651081488525
112,9,8,-0.042019297903400615
112,9,9,0.03967123385019672
112,9,10,-0.042053685616398176
112,10,1,-0.042000251079012944
112,10,2,0.037852456134437086
112,10,3,-0.04200002481991864
112,10,4,-0.04203722449012584
112,10,5,0.04066312941857819
112,10,6,0.059975433353728874
112,10,7,0.014939073256505541
112,10,8,0.07744364519905145
112,10,9,0.03972308156630865
112,10,10,0.11163249620804445
112,11,1,-0.04200025272564134
112,11,2,0.040160553393740216
112,11,3,0.12383284655406229
112,11,4,-0.042037192533409005
112,11,5,0.04316854498145611
112,11,6,-0.042058409102419085
112,11,7,0.017247847239753075
112,11,8,0.07681273743555316
112,11,9,0.04207116573941592
112,11,10,0.10195577097541741
112,12,1,0.1261197085816587
112,12,2,-0.04200000688524887
112,12,3,0.11134210152195896
112,12,4,-0.042037204418496704
112,12,5,0.02951683468545458
112,12,6,0.05757307388999341
112,12,7,0.0050555715139276175
112,12,8,0.060715422167747425
112,12,9,0.029612736849515448
112,12,10,0.09385084876702318
112,13,1,0.12501297166055658
112,13,2,-0.04200000685484682
112,13,3,0.11024281418414533
112,13,4,-0.04203719056148027
112,13,5,0.028273274096686615
112,13,6,-0.04205842792730258
112,13,7,-0.04200001518446252
112,13,8,0.06823663566244187
112,13,9,0.028516014201278576
112,13,10,0.09897418437542599
112,14,1,-0.04200025147010016
112,14,2,-0.013773713998259142
112,14,3,0.11280357226775053
112,14,4,-0.042037203241342073
112,14,5,0.03172389321077328
112,14,6,0.06613775885914111
112,14,7,0.006559063957028107
112,14,8,0.07341483859037817
112,14,9,0.031075840750800825
112,14,10,0.08770370429469168
112,15,1,0.1259665741878791
112,15,2,-0.04200000660087956
112,15,3,0.11117790931502379
112,15,4,0.09525749393643197
112,15,5,-0.04200017010644509
112,15,6,-0.04205843097372473
112,15,7,0.004819964202696912
112,15,8,0.07679229684801626
112,15,9,0.029454491206288496
112,15,10,-0.04205372465679292
112,16,1,-0.04200025238826245
112,16,2,-0.013866361310984763
112,16,3,0.11272046815636874
112,16,4,0.09590622465708509
112,16,5,0.03155008304577637
112,16,6,0.0557219129167203
112,16,7,0.0064066844071176575
112,16,8,0.07107309210001726
112,16,9,0.030996576858745743
112,16,10,0.0774022239344413
112,17,1,-0.04200025235331115
112,17,2,-0.01513262426730021
112,17,3,0.11145889518146213
112,17,4,-0.04203720850695684
112,17,5,0.030292660417945285
112,17,6,0.04518697299446779
112,17,7,-0.04200001502515824
112,17,8,-0.04201926690131063
112,17,9,0.029741873873314204
112,17,10,-0.04205358369941901
112,18,1,0.12593587449069726
112,18,2,-0.042000006903762495
112,18,3,0.11112895492500355
112,18,4,0.09682120002534178
112,18,5,0.030000742557609948
112,18,6,0.06488010657273684
112,18,7,0.004832737610864584
112,18,8,0.06698621018942838
112,18,9,0.029415819438956776
112,18,10,0.07886857098287921
112,19,1,0.09717469206723688
112,19,2,-0.04200000688372963
112,19,3,-0.10129042184930138
112,19,4,0.0692601921473725
112,19,5,0.0012085654177633805
112,19,6,-0.04205844500233226
112,19,7,-0.042000014946575494
112,19,8,-0.042019454812138896
112,19,9,-0.042000009880726226
112,19,10,-0.04205367108769118
112,20,1,-0.04200025234420258
112,20,2,-0.04272598483262904
112,20,3,-0.09987744947627787
112,20,4,0.07138657123151053
112,20,5,-0.028445456695334864
112,20,6,0.04635903168672916
112,20,7,-0.04200001493521497
112,20,8,-0.07764099979601877
112,20,9,0.0022572173685140658
112,20,10,0.07073047079344424
112,21,1,0.09996237576879469
112,21,2,-0.0420000063936071
112,21,3,-0.042000027383913126
112,21,4,-0.04203733672712948
112,21,5,-0.0420001706451262
112,21,6,-0.04205834526388596
112,21,7,-0.02114460883776735
112,21,8,-0.04201945439035214
112,21,9,0.003565285840322273
112,21,10,-0.04205368337703896
112,22,1,0.09703358855602445
112,22,2,-0.04428915279396435
112,22,3,-0.10141051594835722
112,22,4,0.03102318795158658
112,22,5,-0.03001968531201904
112,22,6,0.03462415268888915
112,22,7,-0.04200001464833404
112,22,8,-0.07743413907856687
112,22,9,-0.04200001019769777
112,22,10,0.0614593096719511
112,23,1,-0.18268669608529867
112,23,2,-0.0544442147588042
112,23,3,-0.042000027182080374
112,23,4,-0.042037389777246977
112,23,5,-0.04200017060368032
112,23,6,-0.04205841615440675
112,23,7,-0.04200001529085017
112,23,8,-0.0420194532081941
112,23,9,-0.009751350057638754
112,23,10,-0.0420536688188707
112,24,1,-0.04200049619334355
112,24,2,-0.1259351121817983
112,24,3,-0.12591068895556326
112,24,4,-0.04203773756854275
112,24,5,-0.10936153363273325
112,24,6,-0.04205875981581845
112,24,7,-0.042000015429118354
112,24,8,-0.04201965131366275
112,24,9,-0.0420000101389527
112,24,10,-0.04205400817183636
113,1,1,-0.04199999990528754
113,1,2,-0.041999999905285496
113,1,3,-0.04199999990529944
113,1,4,-0.04199999990529375
113,1,5,-0.04199999990528838
113,1,6,-0.04199999990528966
113,1,7,-0.04199999990529392
113,1,8,-0.041999999905299526
113,1,9,-0.04199999990528961
113,1,10,-0.04199999990529944
113,2,1,-0.04199999990529376
113,2,2,-0.041999999905289145
113,2,3,-0.041999999905276746
113,2,4,-0.041999999905295106
113,2,5,-0.04199999990529907
113,2,6,-0.041999999905286516
113,2,7,-0.04199999990528583
113,2,8,-0.041999999905298895
113,2,9,-0.04199999990528556
113,2,10,-0.041999999905299026
113,3,1,-0.04199999990529949
113,3,2,-0.04199999990527572
113,3,3,-0.04199999990527561
113,3,4,-0.041999999905285634
113,3,5,-0.04199999990528679
113,3,6,-0.041999999905299665
113,3,7,-0.04199999990527543
113,3,8,-0.04199999990527537
113,3,9,-0.04199999990527571
113,3,10,-0.04199999990527573
113,4,1,-0.04199999990527639
113,4,2,-0.04199999990528927
113,4,3,-0.04199999990527446
113,4,4,-0.04199999990529324
113,4,5,-0.04199999990528566
113,4,6,-0.04199999990527457
113,4,7,-0.041999999905286974
113,4,8,-0.04199999990527543
113,4,9,-0.04199999990529316
113,4,10,-0.041999999905298895
113,5,1,-0.04199999990527468
113,5,2,-0.04199999990528662
113,5,3,-0.04199999990529413
113,5,4,-0.04199999990528536
113,5,5,-0.041999999905275184
113,5,6,-0.04199999990527457
113,5,7,-0.04199999990527524
113,5,8,-0.04199999990528657
113,5,9,-0.0419999999052865
113,5,10,-0.04199999990527546
113,6,1,-0.04199999990529182
113,6,2,-0.04199999990529067
113,6,3,-0.04199999990528833
113,6,4,-0.04199999990529595
113,6,5,-0.04199999990529044
113,6,6,-0.04199999990527677
113,6,7,-0.04199999990527937
113,6,8,-0.041999999905290346
113,6,9,-0.04199999990527698
113,6,10,-0.04199999990529983
113,7,1,-0.04199999990539126
113,7,2,-0.04199999990542769
113,7,3,-0.041999999905366237
113,7,4,-0.041999999905379344
113,7,5,-0.041999999905409334
113,7,6,-0.04199999990537577
113,7,7,-0.04199999990540484
113,7,8,-0.04199999990540007
113,7,9,-0.041999999905362524
113,7,10,-0.04199999990543426
113,8,1,-0.04199999990554971
113,8,2,-0.04199999990561402
113,8,3,-0.04199999990553937
113,8,4,-0.041999999905540784
113,8,5,-0.041999999905597364
113,8,6,-0.04199999990550241
113,8,7,-0.04199999990559778
113,8,8,-0.04199999990559962
113,8,9,-0.04199999990551983
113,8,10,-0.04199999990563948
113,9,1,-0.04199999990571161
113,9,2,-0.04199999990578376
113,9,3,-0.04199999990568977
113,9,4,-0.04199999990570347
113,9,5,-0.04199999990570238
113,9,6,-0.041999999905635584
113,9,7,-0.041999999905727683
113,9,8,-0.04199999990576661
113,9,9,-0.04199999990568888
113,9,10,-0.04199999990579285
113,10,1,-0.04199999990583789
113,10,2,-0.04199999990589626
113,10,3,-0.04199999990583582
113,10,4,-0.04199999990583418
113,10,5,-0.041999999905815
113,10,6,-0.0419999999057411
113,10,7,-0.041999999905836076
113,10,8,-0.041999999905882136
113,10,9,-0.041999999905813525
113,10,10,-0.041999999905917074
113,11,1,-0.04199999990592405
113,11,2,-0.04199999990596661
113,11,3,-0.04199999990591973
113,11,4,-0.041999999905917365
113,11,5,-0.041999999905884614
113,11,6,-0.04199999990581518
113,11,7,-0.041999999905911564
113,11,8,-0.041999999905956355
113,11,9,-0.04199999990589296
113,11,10,-0.041999999905991764
113,12,1,-0.04199999990594113
113,12,2,-0.04199999990598795
113,12,3,-0.041999999905960976
113,12,4,-0.04199999990596731
113,12,5,-0.041999999905881845
113,12,6,-0.041999999905850446
113,12,7,-0.04199999990591418
113,12,8,-0.04199999990598573
113,12,9,-0.04199999990593356
113,12,10,-0.041999999906026646
113,13,1,-0.041999999905949215
113,13,2,-0.04199999990597441
113,13,3,-0.04199999990594419
113,13,4,-0.041999999905952934
113,13,5,-0.041999999905850904
113,13,6,-0.04199999990582315
113,13,7,-0.041999999905877806
113,13,8,-0.041999999905969414
113,13,9,-0.04199999990593829
113,13,10,-0.041999999905997405
113,14,1,-0.041999999905905465
113,14,2,-0.04199999990590249
113,14,3,-0.04199999990590007
113,14,4,-0.04199999990592121
113,14,5,-0.041999999905774556
113,14,6,-0.041999999905765494
113,14,7,-0.04199999990578946
113,14,8,-0.04199999990591011
113,14,9,-0.041999999905885946
113,14,10,-0.0419999999059418
113,15,1,-0.041999999905808286
113,15,2,-0.04199999990579313
113,15,3,-0.04199999990580427
113,15,4,-0.041999999905822025
113,15,5,-0.04199999990566619
113,15,6,-0.04199999990567876
113,15,7,-0.04199999990566873
113,15,8,-0.0419999999058022
113,15,9,-0.04199999990579325
113,15,10,-0.041999999905822163
113,16,1,-0.041999999905652736
113,16,2,-0.041999999905630754
113,16,3,-0.041999999905671034
113,16,4,-0.04199999990567469
113,16,5,-0.04199999990554047
113,16,6,-0.04199999990556017
113,16,7,-0.041999999905551866
113,16,8,-0.04199999990564294
113,16,9,-0.04199999990564348
113,16,10,-0.041999999905646526
113,17,1,-0.04199999990546157
113,17,2,-0.041999999905439914
113,17,3,-0.04199999990546135
113,17,4,-0.04199999990547203
113,17,5,-0.04199999990539165
113,17,6,-0.0419999999053912
113,17,7,-0.04199999990539599
113,17,8,-0.041999999905446665
113,17,9,-0.04199999990546404
113,17,10,-0.04199999990546584
113,18,1,-0.04199999990529389
113,18,2,-0.04199999990529239
113,18,3,-0.04199999990529606
113,18,4,-0.04199999990530258
113,18,5,-0.041999999905288264
113,18,6,-0.0419999999052922
113,18,7,-0.04199999990529526
113,18,8,-0.04199999990529259
113,18,9,-0.04199999990528546
113,18,10,-0.041999999905300886
113,19,1,-0.041999999905276794
113,19,2,-0.04199999990527835
113,19,3,-0.04199999990527854
113,19,4,-0.041999999905276746
113,19,5,-0.041999999905252716
113,19,6,-0.041999999905268495
113,19,7,-0.041999999905278765
113,19,8,-0.04199999990527699
113,19,9,-0.041999999905278765
113,19,10,-0.04199999990527874
113,20,1,-0.04199999990527961
113,20,2,-0.041999999905285024
113,20,3,-0.04199999990527919
113,20,4,-0.04199999990527682
113,20,5,-0.04199999990527701
113,20,6,-0.04199999990527872
113,20,7,-0.041999999905278716
113,20,8,-0.041999999905267725
113,20,9,-0.04199999990525144
113,20,10,-0.041999999905279146
113,21,1,-0.04199999990526693
113,21,2,-0.04199999990528968
113,21,3,-0.04199999990524668
113,21,4,-0.04199999990526736
113,21,5,-0.04199999990527852
113,21,6,-0.041999999905269404
113,21,7,-0.041999999905278626
113,21,8,-0.04199999990527862
113,21,9,-0.04199999990526798
113,21,10,-0.04199999990527801
113,22,1,-0.0419999999052683
113,22,2,-0.041999999905284996
113,22,3,-0.04199999990527699
113,22,4,-0.041999999905270965
113,22,5,-0.04199999990526835
113,22,6,-0.04199999990528505
113,22,7,-0.04199999990524241
113,22,8,-0.04199999990527879
113,22,9,-0.041999999905268925
113,22,10,-0.04199999990527692
113,23,1,-0.041999999905263485
113,23,2,-0.04199999990527079
113,23,3,-0.04199999990527806
113,23,4,-0.04199999990527691
113,23,5,-0.041999999905278335
113,23,6,-0.04199999990527841
113,23,7,-0.041999999905278175
113,23,8,-0.04199999990528947
113,23,9,-0.04199999990527812
113,23,10,-0.04199999990527836
113,24,1,-0.041999999905276884
113,24,2,-0.0419999999052693
113,24,3,-0.041999999905278515
113,24,4,-0.041999999905276884
113,24,5,-0.04199999990528972
113,24,6,-0.04199999990527079
113,24,7,-0.041999999905278314
113,24,8,-0.041999999905276864
113,24,9,-0.041999999905270737
113,24,10,-0.04199999990527073
114,1,1,0.006114167348289101
114,1,2,-0.10801734253304007
114,1,3,-0.0025457868490214174
114,1,4,-0.04203865862408691
114,1,5,-0.042000179279454035
114,1,6,-0.04206082501267183
114,1,7,-0.1043346106119507
114,1,8,-0.021703317082200413
114,1,9,0.12364678938100146
114,1,10,-0.08048090536458381
114,2,1,-0.042000267261314526
114,2,2,-0.1690751462254726
114,2,3,-0.0420000264120381
114,2,4,-0.04203865887779765
114,2,5,-0.042000179244815326
114,2,6,-0.04206070163305737
114,2,7,-0.04200001610327462
114,2,8,-0.042020522384485864
114,2,9,-0.22073867451219023
114,2,10,-0.04205577017039792
114,3,1,-0.07547536544544266
114,3,2,-0.19003672192041005
114,3,3,-0.0844602878817558
114,3,4,-0.13001522591080095
114,3,5,-0.04200017943467977
114,3,6,-0.0420606435573731
114,3,7,-0.1863037372845262
114,3,8,-0.2245432735012877
114,3,9,-0.24172186730776454
114,3,10,-0.1738469608049064
114,4,1,-0.1428797399010549
114,4,2,-0.042000007435311223
114,4,3,-0.04200002662283558
114,4,4,-0.0420392033126982
114,4,5,-0.04200018204855339
114,4,6,-0.04206070574754904
114,4,7,-0.14577533446074223
114,4,8,-0.04202068045469492
114,4,9,-0.20115520888128804
114,4,10,-0.04205621740550893
114,5,1,-0.1462386088549933
114,5,2,-0.15295275961540652
114,5,3,-0.04200002668324428
114,5,4,-0.04203920233639367
114,5,5,-0.36454913014147455
114,5,6,-0.04206083922379602
114,5,7,-0.1491556787618073
114,5,8,-0.042020684053168555
114,5,9,-0.04200001080369527
114,5,10,-0.19865044999711162
114,6,1,-0.13323296568905896
114,6,2,-0.13995576488999176
114,6,3,-0.04200002662272695
114,6,4,-0.12827935423559955
114,6,5,-0.04200018235199596
114,6,6,-0.042060926608558064
114,6,7,-0.042000016164939646
114,6,8,-0.1722792187633344
114,6,9,-0.04200001090134979
114,6,10,-0.19645488568747516
114,7,1,-0.04200027212735296
114,7,2,-0.2093486180130235
114,7,3,-0.15687941839331948
114,7,4,-0.19975299615565967
114,7,5,-0.042000182201926195
114,7,6,-0.27559497423886276
114,7,7,-0.20554188415209476
114,7,8,-0.04202069016425921
114,7,9,-0.26107665511611194
114,7,10,-0.26971978424118737
114,8,1,-0.04200027182154451
114,8,2,-0.04200000717625208
114,8,3,-0.09354317092234152
114,8,4,-0.13145719056327068
114,8,5,-0.04200018237080507
114,8,6,-0.20462330589389463
114,8,7,-0.042000016158152534
114,8,8,-0.17583321902697133
114,8,9,-0.2034052122542631
114,8,10,-0.04205638187843006
114,9,1,-0.14645750138884903
114,9,2,-0.15326097793819157
114,9,3,-0.09508139992868847
114,9,4,-0.042039362614824834
114,9,5,-0.04200018252846578
114,9,6,-0.1915213163148286
114,9,7,-0.042000016260775326
114,9,8,-0.17972390399334617
114,9,9,-0.042000011192362956
114,9,10,-0.20455335352309884
114,10,1,-0.15732557004508446
114,10,2,-0.04200000713608828
114,10,3,-0.10595780509628382
114,10,4,-0.14320643636434696
114,10,5,-0.04200018228925027
114,10,6,-0.20159241277316448
114,10,7,-0.16031214692973533
114,10,8,-0.04202071785835922
114,10,9,-0.21583801792741678
114,10,10,-0.042056432111673404
114,11,1,-0.15530807550692002
114,11,2,-0.1620907509120281
114,11,3,-0.04200002654212927
114,11,4,-0.13825696503041518
114,11,5,-0.04200018262416684
114,11,6,-0.1928091055608904
114,11,7,-0.15827197408467475
114,11,8,-0.1899992818849484
114,11,9,-0.0420000105134752
114,11,10,-0.21305005379498593
114,12,1,-0.04200027097310385
114,12,2,-0.15208352968336364
114,12,3,-0.04200002777741322
114,12,4,-0.12935229220154187
114,12,5,-0.3431432354292721
114,12,6,-0.04206167758883826
114,12,7,-0.04200001631267718
114,12,8,-0.04202080882618036
114,12,9,-0.04200001078172109
114,12,10,-0.042056575138170516
114,13,1,-0.04200027159337084
114,13,2,-0.23267178219335294
114,13,3,-0.358780364782101
114,13,4,-0.20062390404566288
114,13,5,-0.42395842952461055
114,13,6,-0.28060039262007536
114,13,7,-0.2288718098681606
114,13,8,-0.26586395382474837
114,13,9,-0.04200001088982164
114,13,10,-0.04205654867326241
114,14,1,-0.16625852272311148
114,14,2,-0.0420000070717726
114,14,3,-0.3001306552450372
114,14,4,-0.14559045281668348
114,14,5,-0.04200018306389922
114,14,6,-0.04206168453158496
114,14,7,-0.04200001593484867
114,14,8,-0.2146640692164299
114,14,9,-0.04200001072544115
114,14,10,-0.0420565606773728
114,15,1,-0.22735965497235075
114,15,2,-0.23392744727935727
114,15,3,-0.3600499130892148
114,15,4,-0.04203952776311011
114,15,5,-0.4253018762443547
114,15,6,-0.27558994913351814
114,15,7,-0.2301599925794799
114,15,8,-0.04202080526864535
114,15,9,-0.04200001073979903
114,15,10,-0.2954781941676139
114,16,1,-0.1548951094558904
114,16,2,-0.042000007435516254
114,16,3,-0.04200002940741333
114,16,4,-0.2206119123980342
114,16,5,-0.042000183541144626
114,16,6,-0.04206175442147966
114,16,7,-0.042000015821792476
114,16,8,-0.0420208025563588
114,16,9,-0.042000010854223946
114,16,10,-0.21697433949737263
114,17,1,-0.2856882261591065
114,17,2,-0.29299669960675023
114,17,3,-0.41919343817460236
114,17,4,-0.3518290079065673
114,17,5,-0.04200018329319322
114,17,6,-0.32734942860318955
114,17,7,-0.28909202971242637
114,17,8,-0.33172537155498755
114,17,9,-0.332121315311814
114,17,10,-0.33779747128146254
114,18,1,-0.2865430735328119
114,18,2,-0.25990314581144935
114,18,3,-0.3859782571137406
114,18,4,-0.32087850469401746
114,18,5,-0.04200018296001258
114,18,6,-0.042061788056601025
114,18,7,-0.04200001576937128
114,18,8,-0.29888714900410407
114,18,9,-0.2989848077002737
114,18,10,-0.04205653016632509
114,19,1,-0.04200027353733266
114,19,2,-0.2678264027616301
114,19,3,-0.042000029527239836
114,19,4,-0.04203995854270441
114,19,5,-0.4528610547907861
114,19,6,-0.2977000099381425
114,19,7,-0.25563381472391467
114,19,8,-0.3066752858562585
114,19,9,-0.30689615656200453
114,19,10,-0.30399551089010446
114,20,1,-0.1792146090204956
114,20,2,-0.04200000743364639
114,20,3,-0.04200002957842299
114,20,4,-0.26336410098695634
114,20,5,-0.04200018319146364
114,20,6,-0.2317096888997781
114,20,7,-0.1939922270913429
114,20,8,-0.04202080882944753
114,20,9,-0.24559549682680784
114,20,10,-0.042056604812855274
114,21,1,-0.46674731233661454
114,21,2,-0.26958276879021453
114,21,3,-0.39591501013231173
114,21,4,-0.31920370394987807
114,21,5,-0.45465072901137793
114,21,6,-0.26545655961139963
114,21,7,-0.2571122024588297
114,21,8,-0.3043219173071241
114,21,9,-0.042000010780990714
114,21,10,-0.29962040617530067
114,22,1,-0.4309647922397127
114,22,2,-0.04200000756162694
114,22,3,-0.04200002957575018
114,22,4,-0.042039957389594554
114,22,5,-0.04200018288929135
114,22,6,-0.042061858204843094
114,22,7,-0.22132066615056434
114,22,8,-0.04202079947582663
114,22,9,-0.2552511337437894
114,22,10,-0.04205659515393745
114,23,1,-0.04200052708343922
114,23,2,-0.3380193646947698
114,23,3,-0.46431125238358206
114,23,4,-0.3517787042703143
114,23,5,-0.5231447195202433
114,23,6,-0.33104425743773397
114,23,7,-0.3254435178666929
114,23,8,-0.351102271736726
114,23,9,-0.3593137067822781
114,23,10,-0.3226338740263488
114,24,1,-0.24320806569889142
114,24,2,-0.04200000743239848
114,24,3,-0.04200002955299433
114,24,4,-0.22268222105436056
114,24,5,-0.04200018340820106
114,24,6,-0.20115462755587524
114,24,7,-0.2206365837793531
114,24,8,-0.22903158985982267
114,24,9,-0.2432144813884959
114,24,10,-0.21569288659024646
115,1,1,0.04206512558120085
115,1,2,0.042064150604554665
115,1,3,0.04206422662948315
115,1,4,0.042228288501346425
115,1,5,0.042064792056103195
115,1,6,0.04232698870225359
115,1,7,0.04206417115360043
115,1,8,0.04214572518048184
115,1,9,0.04206416648346825
115,1,10,0.04230716494555456
115,2,1,0.042065125347711556
115,2,2,0.04206415196577789
115,2,3,0.04206422661846221
115,2,4,0.04222846446729237
115,2,5,0.04206479215876433
115,2,6,0.042327091664802335
115,2,7,0.04206418313427904
115,2,8,0.04214569406304751
115,2,9,0.04206416648269955
115,2,10,0.04230684090712018
115,3,1,0.04206512538902817
115,3,2,0.042064151964801136
115,3,3,0.04206422661262872
115,3,4,0.04222858075301278
115,3,5,0.042064792178513874
115,3,6,0.04232725412905573
115,3,7,0.042064183162981196
115,3,8,0.04214568819049676
115,3,9,0.0420641664702546
115,3,10,0.042306892676678635
115,4,1,0.04206512544179273
115,4,2,0.04206415197772993
115,4,3,0.04206422661339233
115,4,4,0.04222864155655357
115,4,5,0.042064792221350705
115,4,6,0.042327223636433785
115,4,7,0.04206418510315743
115,4,8,0.04214570275789271
115,4,9,0.04206416647890216
115,4,10,0.04230691203396984
115,5,1,0.04206512538630644
115,5,2,0.0420641519843533
115,5,3,0.042064226617812256
115,5,4,0.04222867986250781
115,5,5,0.04206479231536571
115,5,6,0.04232739393655088
115,5,7,0.04206418510362168
115,5,8,0.04214571212363535
115,5,9,0.04206416647485312
115,5,10,0.042306948346899756
115,6,1,0.04206512546547862
115,6,2,0.042064152443628385
115,6,3,0.04206422661718378
115,6,4,0.04222860476948083
115,6,5,0.042064792384897194
115,6,6,0.04232756944510245
115,6,7,0.042064185117639326
115,6,8,0.042145717087690784
115,6,9,0.04206416646512033
115,6,10,0.04230697160942818
115,7,1,0.042065125467516964
115,7,2,0.04206415245684792
115,7,3,0.04206422662668321
115,7,4,0.042228655101679065
115,7,5,0.042064792582696284
115,7,6,0.04232771567664957
115,7,7,0.04206418513940778
115,7,8,0.04214572214725279
115,7,9,0.04206416647966718
115,7,10,0.04230698583064115
115,8,1,0.04206512550139873
115,8,2,0.04206415246445371
115,8,3,0.04206422662747641
115,8,4,0.042228686961344415
115,8,5,0.042064792698026494
115,8,6,0.042327853962345355
115,8,7,0.042064185127932856
115,8,8,0.04214572747920733
115,8,9,0.04206416647727135
115,8,10,0.04230695369630167
115,9,1,0.04206512552657573
115,9,2,0.0420641524702194
115,9,3,0.04206422662452039
115,9,4,0.04222871882717795
115,9,5,0.04206479277930354
115,9,6,0.04232798005407396
115,9,7,0.042064185134371705
115,9,8,0.04214573150534479
115,9,9,0.0420641664755787
115,9,10,0.04230697785608579
115,10,1,0.04206512556531743
115,10,2,0.042064152483192195
115,10,3,0.04206422662739735
115,10,4,0.04222874615009866
115,10,5,0.04206479284798539
115,10,6,0.042328076622419566
115,10,7,0.04206418513125657
115,10,8,0.04214573510467922
115,10,9,0.04206416648081212
115,10,10,0.042306968820070755
115,11,1,0.04206512559831993
115,11,2,0.042064152687348505
115,11,3,0.042064226635059515
115,11,4,0.042228771316540126
115,11,5,0.042064792895522146
115,11,6,0.04232819036080454
115,11,7,0.04206418513511874
115,11,8,0.042145739449438675
115,11,9,0.0420641664736112
115,11,10,0.04230699615865615
115,12,1,0.04206512563827275
115,12,2,0.04206415261768636
115,12,3,0.042064226631787285
115,12,4,0.04222880192600586
115,12,5,0.04206479299156202
115,12,6,0.04232829410490633
115,12,7,0.04206418514244512
115,12,8,0.042145746696333176
115,12,9,0.042064166486884436
115,12,10,0.042307036690537515
115,13,1,0.04206512563832503
115,13,2,0.04206415281183036
115,13,3,0.04206422663156821
115,13,4,0.04222881703115473
115,13,5,0.0420647930985328
115,13,6,0.042328378931022044
115,13,7,0.0420641851677711
115,13,8,0.04214575147227183
115,13,9,0.042064166488978864
115,13,10,0.04230708222461749
115,14,1,0.0420651256959047
115,14,2,0.042064152818971745
115,14,3,0.04206422664098848
115,14,4,0.04222882469098095
115,14,5,0.04206479334271392
115,14,6,0.04232845647381797
115,14,7,0.0420641851538821
115,14,8,0.04214576247547918
115,14,9,0.04206416648669109
115,14,10,0.04230713822191479
115,15,1,0.04206512569539415
115,15,2,0.04206415282851431
115,15,3,0.04206422664022418
115,15,4,0.04222882681573628
115,15,5,0.0420647934559533
115,15,6,0.04232852825296902
115,15,7,0.04206418516073775
115,15,8,0.04214576668299584
115,15,9,0.042064166489433806
115,15,10,0.042307191094850934
115,16,1,0.04206512575460016
115,16,2,0.042064152837847105
115,16,3,0.042064226652290454
115,16,4,0.042228833964166546
115,16,5,0.04206479356576493
115,16,6,0.04232857925646378
115,16,7,0.042064185149188825
115,16,8,0.04214577607818082
115,16,9,0.042064166488847074
115,16,10,0.042307221441377725
115,17,1,0.042065125779271004
115,17,2,0.04206415282986895
115,17,3,0.042064226639509546
115,17,4,0.042228863749066654
115,17,5,0.04206479337307278
115,17,6,0.04232846364204854
115,17,7,0.04206418515537346
115,17,8,0.042145737872364586
115,17,9,0.04206416648288553
115,17,10,0.042307099199835094
115,18,1,0.042065125381972684
115,18,2,0.042064152823236556
115,18,3,0.0420642266499076
115,18,4,0.04222877161246923
115,18,5,0.04206479339946118
115,18,6,0.04232851361051126
115,18,7,0.04206418515908905
115,18,8,0.042145740055343
115,18,9,0.042064166478829434
115,18,10,0.04230709977983663
115,19,1,0.042065125392358516
115,19,2,0.042064152839377186
115,19,3,0.0420642344675996
115,19,4,0.04222878279281326
115,19,5,0.04206479342829091
115,19,6,0.04232858360927658
115,19,7,0.04206418515702068
115,19,8,0.0421457433312263
115,19,9,0.042064166470178674
115,19,10,0.0423071314033514
115,20,1,0.042065125797531105
115,20,2,0.04206415285193768
115,20,3,0.04206423453146815
115,20,4,0.04222889785743012
115,20,5,0.04206479372092475
115,20,6,0.042328808716752375
115,20,7,0.042064185173036235
115,20,8,0.04214579431655666
115,20,9,0.04206416650338243
115,20,10,0.042307294357167034
115,21,1,0.04206512584613007
115,21,2,0.04206415285960901
115,21,3,0.0420642345631831
115,21,4,0.04222893748218745
115,21,5,0.04206479378971456
115,21,6,0.04232892440329203
115,21,7,0.04206418518389692
115,21,8,0.04214581101326054
115,21,9,0.042064166498827084
115,21,10,0.042307372833166206
115,22,1,0.042065125878121834
115,22,2,0.04206415286039243
115,22,3,0.04206423460735388
115,22,4,0.04222898318265451
115,22,5,0.04206479382799301
115,22,6,0.042329052709187256
115,22,7,0.04206418519529873
115,22,8,0.042145794444587915
115,22,9,0.042064166496281835
115,22,10,0.04230734358208005
115,23,1,0.04206590344837696
115,23,2,0.0420641528662963
115,23,3,0.042064234640592384
115,23,4,0.0422290660266496
115,23,5,0.04206479388882015
115,23,6,0.04232921512784834
115,23,7,0.04206418518952148
115,23,8,0.04214582896138101
115,23,9,0.04206416650826635
115,23,10,0.04230754988969347
115,24,1,0.042065904014576
115,24,2,0.04206415301516358
115,24,3,0.04206423484181402
115,24,4,0.04222923818844761
115,24,5,0.04206479388028848
115,24,6,0.04232968196865792
115,24,7,0.04206418520847905
115,24,8,0.0421458892488093
115,24,9,0.04206416651063768
115,24,10,0.042307882233852824
116,1,1,0.13229647873488062
116,1,2,0.13229448950705214
116,1,3,0.13229465102504284
116,1,4,0.1326686701986503
116,1,5,0.132295778886381
116,1,6,0.13290604888623625
116,1,7,0.13229453031779684
116,1,8,0.13247772740153704
116,1,9,0.13229452573749853
116,1,10,0.13286816880143423
116,2,1,0.13229637915477058
116,2,2,0.1322944919605414
116,2,3,0.13229464045465514
116,2,4,0.13265664659155602
116,2,5,0.13229573759904256
116,2,6,0.1328858708927509
116,2,7,0.13229455355909392
116,2,8,0.13244363555513478
116,2,9,0.13229451981280588
116,2,10,0.1328376435520373
116,3,1,0.13229639490563247
116,3,2,0.13229449115276234
116,3,3,0.13229464190769066
116,3,4,0.1326588541994381
116,3,5,0.13229573602062222
116,3,6,0.13288526243841298
116,3,7,0.13229455343172777
116,3,8,0.13246776040054983
116,3,9,0.13229452196205135
116,3,10,0.1328419795043386
116,4,1,0.13229638407183478
116,4,2,0.13229449125336232
116,4,3,0.13229463933856608
116,4,4,0.13265456836331427
116,4,5,0.1322957303454909
116,4,6,0.1328828527759084
116,4,7,0.13229455756388941
116,4,8,0.13246734108960806
116,4,9,0.13229452147637297
116,4,10,0.13283461190557141
116,5,1,0.1322963695329376
116,5,2,0.1322944913335126
116,5,3,0.13229463947151357
116,5,4,0.13265494457917484
116,5,5,0.13229573131441075
116,5,6,0.13288389082783605
116,5,7,0.13229455770425486
116,5,8,0.13246744669860455
116,5,9,0.13229452121594204
116,5,10,0.1328387001132438
116,6,1,0.13229637435160838
116,6,2,0.1322944922687862
116,6,3,0.13229463857242146
116,6,4,0.13265452508639325
116,6,5,0.13229572557652172
116,6,6,0.13288142939752257
116,6,7,0.13229455670738477
116,6,8,0.13246717454362653
116,6,9,0.13229452089262625
116,6,10,0.13283482634318783
116,7,1,0.13229635940149345
116,7,2,0.13229449223264314
116,7,3,0.13229463961514265
116,7,4,0.13265431393184945
116,7,5,0.13229572492765787
116,7,6,0.13288259536025032
116,7,7,0.13229455690243166
116,7,8,0.1324664346400068
116,7,9,0.13229452107208112
116,7,10,0.13283432114074858
116,8,1,0.13229636107010137
116,8,2,0.13229449212629177
116,8,3,0.13229463978728984
116,8,4,0.13265480931094686
116,8,5,0.13229572599480227
116,8,6,0.13288357753425842
116,8,7,0.13229455681228625
116,8,8,0.1324672031454408
116,8,9,0.13229452108741727
116,8,10,0.13283283663241263
116,9,1,0.13229637545759007
116,9,2,0.1322944921760371
116,9,3,0.13229463981389197
116,9,4,0.13265380747719327
116,9,5,0.1322957267596803
116,9,6,0.1328842374510252
116,9,7,0.13229455681092323
116,9,8,0.13246733135258004
116,9,9,0.1322945209010654
116,9,10,0.13283533455928112
116,10,1,0.13229637558159266
116,10,2,0.13229449225568843
116,10,3,0.13229463986753034
116,10,4,0.13265522233094448
116,10,5,0.13229572689342733
116,10,6,0.1328831086210145
116,10,7,0.13229455685227257
116,10,8,0.13246679429523575
116,10,9,0.13229452091811122
116,10,10,0.13283323236601066
116,11,1,0.13229637635634664
116,11,2,0.13229449219475936
116,11,3,0.13229463868032648
116,11,4,0.13265547944889375
116,11,5,0.13229572728972874
116,11,6,0.1328850863763599
116,11,7,0.13229455688374284
116,11,8,0.13246689555193528
116,11,9,0.1322945209417226
116,11,10,0.13283382360927157
116,12,1,0.13229635926161554
116,12,2,0.13229449251306555
116,12,3,0.13229463836624142
116,12,4,0.1326546864939341
116,12,5,0.13229572528721315
116,12,6,0.13288277696323395
116,12,7,0.13229455674545051
116,12,8,0.13246643794922072
116,12,9,0.13229452078725343
116,12,10,0.13283282355677473
116,13,1,0.1322963589579245
116,13,2,0.1322944925299669
116,13,3,0.13229463834723884
116,13,4,0.13265467619443913
116,13,5,0.13229572517023996
116,13,6,0.13288408800295431
116,13,7,0.13229455687759423
116,13,8,0.1324665016845378
116,13,9,0.132294520845027
116,13,10,0.13283231115304506
116,14,1,0.13229637312876516
116,14,2,0.13229449255404302
116,14,3,0.13229463841547698
116,14,4,0.13265490802340893
116,14,5,0.1322957262609841
116,14,6,0.1328832243452228
116,14,7,0.13229455677621862
116,14,8,0.1324665806131011
116,14,9,0.13229452085551807
116,14,10,0.1328324116829034
116,15,1,0.13229635937787063
116,15,2,0.13229449260430745
116,15,3,0.13229463836959338
116,15,4,0.13265346636302774
116,15,5,0.1322957299384106
116,15,6,0.13288462503526335
116,15,7,0.13229455667142628
116,15,8,0.13246652531264708
116,15,9,0.13229452080293386
116,15,10,0.13283518969780242
116,16,1,0.13229637323527252
116,16,2,0.1322944924905518
116,16,3,0.13229463842341152
116,16,4,0.1326536061788807
116,16,5,0.13229572653930297
116,16,6,0.13288330168487528
116,16,7,0.13229455675026283
116,16,8,0.13246651371907212
116,16,9,0.13229452085122928
116,16,10,0.13283271366555588
116,17,1,0.13229637273029218
116,17,2,0.13229449252094333
116,17,3,0.13229463834408484
116,17,4,0.13265499307268894
116,17,5,0.13229572634566597
116,17,6,0.13288291048237086
116,17,7,0.1322945569628629
116,17,8,0.1324672700416875
116,17,9,0.1322945208223793
116,17,10,0.13283550279579084
116,18,1,0.1322963598149435
116,18,2,0.13229449262742127
116,18,3,0.1322946384057166
116,18,4,0.1326535503664358
116,18,5,0.13229572648415464
116,18,6,0.1328839332498405
116,18,7,0.1322945568050372
116,18,8,0.1324665706161704
116,18,9,0.13229452087113044
116,18,10,0.13283306286471314
116,19,1,0.13229635170650456
116,19,2,0.13229449234715604
116,19,3,0.13229465456251296
116,19,4,0.13265167073742856
116,19,5,0.13229572138297674
116,19,6,0.1328830011251896
116,19,7,0.13229455637163137
116,19,8,0.13246633235638952
116,19,9,0.13229452063634908
116,19,10,0.13283272670209714
116,20,1,0.1322963630004248
116,20,2,0.13229449235956417
116,20,3,0.13229465480186903
116,20,4,0.13265182955555432
116,20,5,0.1322957234313956
116,20,6,0.13288159614262413
116,20,7,0.13229455644964713
116,20,8,0.13246666734112797
116,20,9,0.13229452050930562
116,20,10,0.13283120264656728
116,21,1,0.13229635248954838
116,21,2,0.13229449237640759
116,21,3,0.13229465430345888
116,21,4,0.1326535795618065
116,21,5,0.13229572471354376
116,21,6,0.13288383546401136
116,21,7,0.13229455631240386
116,21,8,0.1324665470574876
116,21,9,0.13229452056875857
116,21,10,0.13283370423868826
116,22,1,0.13229635170690401
116,22,2,0.13229449235689977
116,22,3,0.13229465481071476
116,22,4,0.13265277060570957
116,22,5,0.13229572348120455
116,22,6,0.13288176782933175
116,22,7,0.1322945564309417
116,22,8,0.13246664919069248
116,22,9,0.13229452063583694
116,22,10,0.13283137709875664
116,23,1,0.13229787477336608
116,23,2,0.13229449221693185
116,23,3,0.13229465401818477
116,23,4,0.13265342994667675
116,23,5,0.13229572205061976
116,23,6,0.1328835436167297
116,23,7,0.1322945562477694
116,23,8,0.13246634233855617
116,23,9,0.13229452040604592
116,23,10,0.13283360874676367
116,24,1,0.13229784883590645
116,24,2,0.13229449306973468
116,24,3,0.13229465465399592
116,24,4,0.13265352197231994
116,24,5,0.1322957226002518
116,24,6,0.132884302346127
116,24,7,0.13229455594160763
116,24,8,0.13246616294071126
116,24,9,0.1322945203315966
116,24,10,0.1328339028527194
117,1,1,-3.6962075220382463e-7
117,1,2,-8.860246047833448e-9
117,1,3,-3.640862565842278e-8
117,1,4,-5.439612248664063e-5
117,1,5,-2.462319161409835e-7
117,1,6,-8.488515295800677e-5
117,1,7,-1.6440418267732064e-8
117,1,8,-2.813551452053527e-5
117,1,9,-1.4561183501825476e-8
117,1,10,-7.89075885819976e-5
117,2,1,-3.695885949150997e-7
117,2,2,-9.335998386268277e-9
117,2,3,-3.640646813363768e-8
117,2,4,-5.447319201142465e-5
117,2,5,-2.4629930267430767e-7
117,2,6,-8.494847922143523e-5
117,2,7,-2.0713170178410536e-8
117,2,8,-2.8135120805144453e-5
117,2,9,-1.4562444584218532e-8
117,2,10,-7.884007413320456e-5
117,3,1,-3.696795002389264e-7
117,3,2,-9.339457491589051e-9
117,3,3,-3.640724391920959e-8
117,3,4,-5.4522088350835116e-5
117,3,5,-2.463386751856019e-7
117,3,6,-8.502286009420902e-5
117,3,7,-2.0723761141840528e-8
117,3,8,-2.8139773384720058e-5
117,3,9,-1.4560468836986799e-8
117,3,10,-7.8877641006978e-5
117,4,1,-3.6973096240852067e-7
117,4,2,-9.340184001896183e-9
117,4,3,-3.6412540603365605e-8
117,4,4,-5.455247923670835e-5
117,4,5,-2.4637126916421147e-7
117,4,6,-8.50874167754103e-5
117,4,7,-2.1417467207002186e-8
117,4,8,-2.8149891449886363e-5
117,4,9,-1.456297801285339e-8
117,4,10,-7.889568687189651e-5
117,5,1,-3.6974677234459474e-7
117,5,2,-9.343627954995678e-9
117,5,3,-3.6413893171873e-8
117,5,4,-5.457903802769373e-5
117,5,5,-2.464426630123689e-7
117,5,6,-8.516103669108999e-5
117,5,7,-2.1421333294053305e-8
117,5,8,-2.815912487084636e-5
117,5,9,-1.456278704786273e-8
117,5,10,-7.892477793067412e-5
117,6,1,-3.698103946135439e-7
117,6,2,-9.51433234571103e-9
117,6,3,-3.6414414711772344e-8
117,6,4,-5.460116195445258e-5
117,6,5,-2.464873897786209e-7
117,6,6,-8.523182423240528e-5
117,6,7,-2.1425396900105066e-8
117,6,8,-2.8164834600493144e-5
117,6,9,-1.456443440048284e-8
117,6,10,-7.894307237014545e-5
117,7,1,-3.698239627398586e-7
117,7,2,-9.521263925891952e-9
117,7,3,-3.641765285063172e-8
117,7,4,-5.462842980507162e-5
117,7,5,-2.4657829199608075e-7
117,7,6,-8.529213277220684e-5
117,7,7,-2.142759775884673e-8
117,7,8,-2.8170413567070482e-5
117,7,9,-1.456657227543382e-8
117,7,10,-7.895656107841349e-5
117,8,1,-3.698674940239838e-7
117,8,2,-9.51972554529068e-9
117,8,3,-3.6417598912791046e-8
117,8,4,-5.464489351509129e-5
117,8,5,-2.4662103609766493e-7
117,8,6,-8.534784048766113e-5
117,8,7,-2.1429219704877042e-8
117,8,8,-2.8172697035960222e-5
117,8,9,-1.456520833654496e-8
117,8,10,-7.89457917706025e-5
117,9,1,-3.6988316415058003e-7
117,9,2,-9.51980730287974e-9
117,9,3,-3.642011806468019e-8
117,9,4,-5.4655781069360297e-5
117,9,5,-2.4667117856331917e-7
117,9,6,-8.538981328759477e-5
117,9,7,-2.1430614666933035e-8
117,9,8,-2.8179375482890835e-5
117,9,9,-1.4566979244372814e-8
117,9,10,-7.89628913496461e-5
117,10,1,-3.6991731907826074e-7
117,10,2,-9.528330395848879e-9
117,10,3,-3.642080250107443e-8
117,10,4,-5.467061415758581e-5
117,10,5,-2.467095409386096e-7
117,10,6,-8.543105200541465e-5
117,10,7,-2.1431523605528743e-8
117,10,8,-2.818117194669797e-5
117,10,9,-1.4568383207611142e-8
117,10,10,-7.896775759039626e-5
117,11,1,-3.699420610472752e-7
117,11,2,-9.527576808322559e-9
117,11,3,-3.6424602465177275e-8
117,11,4,-5.468357647933805e-5
117,11,5,-2.467427193874947e-7
117,11,6,-8.547683758861166e-5
117,11,7,-2.1435048716397767e-8
117,11,8,-2.818501504076004e-5
117,11,9,-1.4568742205487523e-8
117,11,10,-7.898338539212933e-5
117,12,1,-3.6996502594013704e-7
117,12,2,-9.5778996136651e-9
117,12,3,-3.642567970439651e-8
117,12,4,-5.4696060115895815e-5
117,12,5,-2.467882110983218e-7
117,12,6,-8.551547065322162e-5
117,12,7,-2.143752942900306e-8
117,12,8,-2.8188841992872643e-5
117,12,9,-1.4570579092334127e-8
117,12,10,-7.900057518754121e-5
117,13,1,-3.6999308243979486e-7
117,13,2,-9.576933179538588e-9
117,13,3,-3.64245855811831e-8
117,13,4,-5.470536459801664e-5
117,13,5,-2.468411383722026e-7
117,13,6,-8.555083617141585e-5
117,13,7,-2.1439655898842996e-8
117,13,8,-2.8192964815104668e-5
117,13,9,-1.4570450767337269e-8
117,13,10,-7.902139293538149e-5
117,14,1,-3.7002256898074596e-7
117,14,2,-9.580142175236952e-9
117,14,3,-3.6426041446217024e-8
117,14,4,-5.471269421670307e-5
117,14,5,-2.4694892814781657e-7
117,14,6,-8.558033993161324e-5
117,14,7,-2.1443588921956854e-8
117,14,8,-2.8198429092012298e-5
117,14,9,-1.4570990519386475e-8
117,14,10,-7.904352137260014e-5
117,15,1,-3.7005010630359267e-7
117,15,2,-9.581386967955083e-9
117,15,3,-3.64300931104266e-8
117,15,4,-5.471824608986296e-5
117,15,5,-2.4700676414941614e-7
117,15,6,-8.561201436728058e-5
117,15,7,-2.144357995738798e-8
117,15,8,-2.820251404882022e-5
117,15,9,-1.4573116836581621e-8
117,15,10,-7.906788830344922e-5
117,16,1,-3.70074764078482e-7
117,16,2,-9.582351708148127e-9
117,16,3,-3.643099628612313e-8
117,16,4,-5.4724686247862755e-5
117,16,5,-2.4705463128769516e-7
117,16,6,-8.563591160173316e-5
117,16,7,-2.1444281116509412e-8
117,16,8,-2.8208537053793613e-5
117,16,9,-1.457293910581713e-8
117,16,10,-7.908416147194686e-5
117,17,1,-3.701052388757264e-7
117,17,2,-9.583264492798718e-9
117,17,3,-3.643568184844944e-8
117,17,4,-5.473752220534985e-5
117,17,5,-2.4708829585973493e-7
117,17,6,-8.566555031595082e-5
117,17,7,-2.1447755249599383e-8
117,17,8,-2.821566808623052e-5
117,17,9,-1.4574054702631435e-8
117,17,10,-7.910462454643053e-5
117,18,1,-3.701215712805032e-7
117,18,2,-9.585539439625137e-9
117,18,3,-3.6443010707524716e-8
117,18,4,-5.474845799798318e-5
117,18,5,-2.4710933873819967e-7
117,18,6,-8.56932794640847e-5
117,18,7,-2.1448919203393584e-8
117,18,8,-2.821953912780006e-5
117,18,9,-1.4574684542817861e-8
117,18,10,-7.911535250067255e-5
117,19,1,-3.7013596199082787e-7
117,19,2,-9.58696523964519e-9
117,19,3,-3.926025017488593e-8
117,19,4,-5.4756670625693075e-5
117,19,5,-2.4712974027147e-7
117,19,6,-8.572431179531154e-5
117,19,7,-2.145293434388319e-8
117,19,8,-2.822257400100215e-5
117,19,9,-1.4577157607022984e-8
117,19,10,-7.913282268789006e-5
117,20,1,-3.7017836384533834e-7
117,20,2,-9.591491376041771e-9
117,20,3,-3.927731099991395e-8
117,20,4,-5.476769139109793e-5
117,20,5,-2.471605443155073e-7
117,20,6,-8.5750406137866e-5
117,20,7,-2.14497074903088e-8
117,20,8,-2.8225073667121558e-5
117,20,9,-1.4578001006930943e-8
117,20,10,-7.914349363779382e-5
117,21,1,-3.7020757015121566e-7
117,21,2,-9.592996941114836e-9
117,21,3,-3.9288549949904014e-8
117,21,4,-5.478693696881796e-5
117,21,5,-2.471983478234911e-7
117,21,6,-8.579708246565601e-5
117,21,7,-2.1453445663056137e-8
117,21,8,-2.8233036017067342e-5
117,21,9,-1.457950439352295e-8
117,21,10,-7.917576268436097e-5
117,22,1,-3.702377517254522e-7
117,22,2,-9.594936811111394e-9
117,22,3,-3.93038818132253e-8
117,22,4,-5.480960447025607e-5
117,22,5,-2.472252967644985e-7
117,22,6,-8.58517740545648e-5
117,22,7,-2.1458765619448394e-8
117,22,8,-2.823880433937529e-5
117,22,9,-1.4582643307311184e-8
117,22,10,-7.920459943033876e-5
117,23,1,-6.581648032280549e-7
117,23,2,-9.596575952223044e-9
117,23,3,-3.931739784126014e-8
117,23,4,-5.48628647602238e-5
117,23,5,-2.473012986246757e-7
117,23,6,-8.594431809454786e-5
117,23,7,-2.146321844686285e-8
117,23,8,-2.8252879429419105e-5
117,23,9,-1.4584810768692874e-8
117,23,10,-7.9275812266547e-5
117,24,1,-6.584657126219086e-7
117,24,2,-9.647027541785362e-9
117,24,3,-3.9387011976233186e-8
117,24,4,-5.49315869430334e-5
117,24,5,-2.4726709066973127e-7
117,24,6,-8.610873884897505e-5
117,24,7,-2.1469822239574798e-8
117,24,8,-2.827838859585303e-5
117,24,9,-1.4590866162016177e-8
117,24,10,-7.939354503352924e-5
118,1,1,-0.11999999999764832
118,1,2,-0.1199999999828655
118,1,3,-0.11999999999771613
118,1,4,-0.11999999999772172
118,1,5,-0.11999999998354123
118,1,6,-0.11999999998285157
118,1,7,-0.11999999999772065
118,1,8,-0.11999999999771788
118,1,9,-0.11999999998332156
118,1,10,-0.11999999999771835
118,2,1,-0.11999999999772064
118,2,2,-0.11999999998535936
118,2,3,-0.11999999998415253
118,2,4,-0.11999999999771609
118,2,5,-0.11999999999771888
118,2,6,-0.11999999998378269
118,2,7,-0.11999999999772754
118,2,8,-0.11999999999771747
118,2,9,-0.11999999998332417
118,2,10,-0.119999999997719
118,3,1,-0.11999999999771455
118,3,2,-0.11999999999771678
118,3,3,-0.11999999999771618
118,3,4,-0.11999999998332084
118,3,5,-0.1199999999829462
118,3,6,-0.11999999999771907
118,3,7,-0.11999999999771885
118,3,8,-0.11999999999772307
118,3,9,-0.11999999999771509
118,3,10,-0.11999999999771797
118,4,1,-0.11999999998297514
118,4,2,-0.1199999999844691
118,4,3,-0.11999999999771932
118,4,4,-0.11999999999772068
118,4,5,-0.11999999999771511
118,4,6,-0.11999999999771907
118,4,7,-0.11999999998292595
118,4,8,-0.11999999999771994
118,4,9,-0.11999999999772093
118,4,10,-0.1199999999977176
118,5,1,-0.11999999999771463
118,5,2,-0.11999999998312169
118,5,3,-0.11999999999772396
118,5,4,-0.11999999998329929
118,5,5,-0.11999999999771864
118,5,6,-0.11999999999771926
118,5,7,-0.11999999999771857
118,5,8,-0.11999999998251262
118,5,9,-0.11999999998228737
118,5,10,-0.11999999999771829
118,6,1,-0.11999999998320182
118,6,2,-0.11999999998379093
118,6,3,-0.11999999999772548
118,6,4,-0.11999999999771913
118,6,5,-0.11999999998291247
118,6,6,-0.11999999999771917
118,6,7,-0.11999999999771968
118,6,8,-0.11999999998293258
118,6,9,-0.11999999999771871
118,6,10,-0.11999999999772126
118,7,1,-0.11999999998269084
118,7,2,-0.11999999998321118
118,7,3,-0.11999999999771611
118,7,4,-0.11999999998282239
118,7,5,-0.11999999998343767
118,7,6,-0.11999999998330871
118,7,7,-0.11999999999771854
118,7,8,-0.11999999999772352
118,7,9,-0.11999999999771667
118,7,10,-0.11999999999772344
118,8,1,-0.11999999999772237
118,8,2,-0.11999999999771754
118,8,3,-0.11999999998461726
118,8,4,-0.11999999998282215
118,8,5,-0.11999999998369475
118,8,6,-0.11999999999771649
118,8,7,-0.11999999999771829
118,8,8,-0.11999999999771588
118,8,9,-0.1199999999977163
118,8,10,-0.11999999999772508
118,9,1,-0.11999999999771577
118,9,2,-0.11999999999771543
118,9,3,-0.11999999999771854
118,9,4,-0.11999999999772078
118,9,5,-0.11999999998230304
118,9,6,-0.11999999999771786
118,9,7,-0.11999999999771906
118,9,8,-0.11999999999771725
118,9,9,-0.1199999999977227
118,9,10,-0.11999999999771722
118,10,1,-0.11999999999771559
118,10,2,-0.11999999999771827
118,10,3,-0.11999999999771369
118,10,4,-0.11999999999771596
118,10,5,-0.11999999999771867
118,10,6,-0.11999999999772085
118,10,7,-0.1199999999977201
118,10,8,-0.11999999998294746
118,10,9,-0.11999999999771672
118,10,10,-0.11999999999771986
118,11,1,-0.11999999999771563
118,11,2,-0.11999999998253982
118,11,3,-0.11999999999771897
118,11,4,-0.11999999999771589
118,11,5,-0.11999999999771163
118,11,6,-0.11999999999771871
118,11,7,-0.11999999999770875
118,11,8,-0.11999999999771818
118,11,9,-0.11999999999771885
118,11,10,-0.11999999999771804
118,12,1,-0.11999999999771688
118,12,2,-0.11999999999770677
118,12,3,-0.11999999999771933
118,12,4,-0.11999999998362397
118,12,5,-0.11999999999771731
118,12,6,-0.11999999999771321
118,12,7,-0.11999999999771327
118,12,8,-0.11999999999771867
118,12,9,-0.11999999999771807
118,12,10,-0.11999999999771482
118,13,1,-0.11999999998279012
118,13,2,-0.11999999999771785
118,13,3,-0.11999999998272914
118,13,4,-0.1199999999825765
118,13,5,-0.11999999999770902
118,13,6,-0.11999999999771718
118,13,7,-0.11999999999770669
118,13,8,-0.11999999999771915
118,13,9,-0.11999999998262566
118,13,10,-0.11999999999771822
118,14,1,-0.11999999998211147
118,14,2,-0.11999999999771756
118,14,3,-0.11999999998462754
118,14,4,-0.11999999998229886
118,14,5,-0.11999999999771371
118,14,6,-0.11999999999771808
118,14,7,-0.11999999999771808
118,14,8,-0.11999999999771725
118,14,9,-0.11999999999771752
118,14,10,-0.11999999999771296
118,15,1,-0.11999999998302897
118,15,2,-0.11999999999770813
118,15,3,-0.11999999998316158
118,15,4,-0.11999999998321824
118,15,5,-0.11999999999770793
118,15,6,-0.11999999999771777
118,15,7,-0.11999999998431633
118,15,8,-0.11999999999771846
118,15,9,-0.11999999999771797
118,15,10,-0.11999999999771774
118,16,1,-0.11999999999770854
118,16,2,-0.1199999999977195
118,16,3,-0.11999999999771353
118,16,4,-0.11999999998330213
118,16,5,-0.11999999999772086
118,16,6,-0.11999999999771346
118,16,7,-0.11999999999771924
118,16,8,-0.11999999999771822
118,16,9,-0.11999999999772137
118,16,10,-0.11999999998430091
118,17,1,-0.1199999999977083
118,17,2,-0.11999999999770714
118,17,3,-0.11999999998121817
118,17,4,-0.11999999999771664
118,17,5,-0.11999999999772025
118,17,6,-0.11999999998316305
118,17,7,-0.11999999999770683
118,17,8,-0.11999999998244908
118,17,9,-0.11999999999771714
118,17,10,-0.11999999999770762
118,18,1,-0.11999999998358706
118,18,2,-0.11999999999770646
118,18,3,-0.11999999999770718
118,18,4,-0.11999999999771091
118,18,5,-0.11999999999772037
118,18,6,-0.11999999999771294
118,18,7,-0.11999999999771287
118,18,8,-0.1199999999831564
118,18,9,-0.11999999998371405
118,18,10,-0.11999999999771267
118,19,1,-0.11999999998308436
118,19,2,-0.11999999999770647
118,19,3,-0.1199999999977184
118,19,4,-0.11999999999772022
118,19,5,-0.11999999998327764
118,19,6,-0.11999999998291629
118,19,7,-0.11999999999770733
118,19,8,-0.11999999998348784
118,19,9,-0.11999999999770726
118,19,10,-0.11999999999770776
118,20,1,-0.11999999999770708
118,20,2,-0.11999999999771135
118,20,3,-0.11999999999771989
118,20,4,-0.11999999998463597
118,20,5,-0.11999999998416366
118,20,6,-0.11999999999770727
118,20,7,-0.11999999999770725
118,20,8,-0.11999999998250903
118,20,9,-0.11999999998363899
118,20,10,-0.1199999999977196
118,21,1,-0.11999999998318117
118,21,2,-0.11999999998242264
118,21,3,-0.11999999998472889
118,21,4,-0.11999999998240206
118,21,5,-0.11999999999770602
118,21,6,-0.11999999998290789
118,21,7,-0.11999999999770626
118,21,8,-0.11999999999770614
118,21,9,-0.11999999998293717
118,21,10,-0.11999999999641503
118,22,1,-0.11999999998332102
118,22,2,-0.11999999999771156
118,22,3,-0.11999999998411785
118,22,4,-0.11999999998346132
118,22,5,-0.11999999998267348
118,22,6,-0.11999999999771234
118,22,7,-0.11999999998356425
118,22,8,-0.11999999999771895
118,22,9,-0.11999999998245474
118,22,10,-0.11999999998311746
118,23,1,-0.11999999998338057
118,23,2,-0.1199999999829579
118,23,3,-0.11999999999770371
118,23,4,-0.11999999998301858
118,23,5,-0.11999999999770485
118,23,6,-0.11999999999770528
118,23,7,-0.11999999999770468
118,23,8,-0.1199999999837548
118,23,9,-0.11999999999770418
118,23,10,-0.11999999999770479
118,24,1,-0.11999999998428837
118,24,2,-0.11999999998374795
118,24,3,-0.11999999999771788
118,24,4,-0.11999999998340355
118,24,5,-0.11999999998252259
118,24,6,-0.11999999998336894
118,24,7,-0.11999999999770393
118,24,8,-0.1199999999834929
118,24,9,-0.11999999998354005
118,24,10,-0.11999999998330337
119,1,1,6.955256856566727e-11
119,1,2,0.8284087634856143
119,1,3,6.671769386956683e-11
119,1,4,0.38049531397483705
119,1,5,0.3422221521242772
119,1,6,0.3428550494894162
119,1,7,0.8284087494274744
119,1,8,5.268713243467005e-11
119,1,9,1.1951324652148543e-10
119,1,10,4.040446449637969e-11
119,2,1,0.2432026536568816
119,2,2,-8.654204089464379e-12
119,2,3,0.22745869204997202
119,2,4,0.1685335620417637
119,2,5,0.1453306817835339
119,2,6,0.12780932042120338
119,2,7,0.19978009430301627
119,2,8,0.2527781581056191
119,2,9,0.6835924052963085
119,2,10,0.19985300608310894
119,3,1,-6.646991984604611e-11
119,3,2,0.3518298831862292
119,3,3,1.5325505448027243e-10
119,3,4,4.590265147152994e-11
119,3,5,0.13701092897016523
119,3,6,0.1266071261839403
119,3,7,0.1917060148817088
119,3,8,0.23968669537038734
119,3,9,5.837942976261168e-11
119,3,10,2.8196125989587983e-12
119,4,1,-6.359579009240779e-11
119,4,2,0.13636539561955419
119,4,3,0.18798842838732094
119,4,4,0.15313254664017464
119,4,5,0.10536521396052462
119,4,6,0.11119353023307017
119,4,7,-6.967367655041912e-11
119,4,8,0.1402136988248273
119,4,9,5.240967902719884e-11
119,4,10,0.17005467653395423
119,5,1,0.20804807824529234
119,5,2,0.14088605037131752
119,5,3,0.19251798177771323
119,5,4,0.1538153668824753
119,5,5,0.11008064719828846
119,5,6,0.10228937935626131
119,5,7,-1.081920646822665e-10
119,5,8,0.14311195440895527
119,5,9,0.11076093881952154
119,5,10,-1.3287721617460946e-12
119,6,1,-3.2389832309298594e-10
119,6,2,2.763406586892003e-10
119,6,3,0.16067412499400457
119,6,4,2.056850870180149e-11
119,6,5,0.07983917353184058
119,6,6,0.09991603363448096
119,6,7,0.05440996599528813
119,6,8,-9.752877325186482e-12
119,6,9,0.07893530005262739
119,6,10,-2.6336779979097003e-12
119,7,1,0.1695767181654729
119,7,2,8.41464901230049e-11
119,7,3,3.291501619873127e-11
119,7,4,9.269089835950428e-11
119,7,5,0.07382253847791045
119,7,6,-7.277241309555649e-12
119,7,7,-5.7475564238518295e-11
119,7,8,0.11590739502090196
119,7,9,1.1999239796223193e-10
119,7,10,1.592292443730603e-11
119,8,1,0.1751315485129603
119,8,2,0.07678681935453477
119,8,3,3.946047134884001e-11
119,8,4,9.59157753221973e-12
119,8,5,0.07951355901906715
119,8,6,-3.3405344462833497e-12
119,8,7,0.05407714773828114
119,8,8,-7.901075627092524e-12
119,8,9,-6.311981666506927e-11
119,8,10,0.14685151830790874
119,9,1,5.457083916693417e-11
119,9,2,0.07980346243032084
119,9,3,1.2878947908134819e-11
119,9,4,0.14095802859274442
119,9,5,0.08265551346280771
119,9,6,2.620622469029499e-12
119,9,7,0.0569146658571062
119,9,8,-4.581564988503928e-11
119,9,9,0.08167124380629327
119,9,10,-2.433627951936579e-12
119,10,1,3.6036174044795644e-12
119,10,2,0.07985246298507231
119,10,3,2.086197881112639e-11
119,10,4,4.9556523815108555e-11
119,10,5,0.08266329958593022
119,10,6,0.1020340069969471
119,10,7,0.056939088070134945
119,10,8,0.11946299362376472
119,10,9,0.08172309147178038
119,10,10,0.15368655509315993
119,11,1,-4.0494264191837104e-11
119,11,2,0.082160560259973
119,11,3,0.16583287159419738
119,11,4,4.116358816308452e-11
119,11,5,0.08516871528524132
119,11,6,2.6097353444942684e-13
119,11,7,0.05924786213686965
119,11,8,0.11883209184947156
119,11,9,0.08407117562787247
119,11,10,0.14400985146700776
119,12,1,0.16811996287601533
119,12,2,6.480745627646112e-11
119,12,3,0.15334212648623363
119,12,4,5.297622930611201e-11
119,12,5,0.07151700500346043
119,12,6,0.09963167956497705
119,12,7,0.04705558614534244
119,12,8,0.10273475257354298
119,12,9,0.07161274673469063
119,12,10,0.1359048567595597
119,13,1,0.16701322589773723
119,13,2,-2.7287347728610634e-11
119,13,3,0.15224283940377317
119,13,4,7.413918264032038e-11
119,13,5,0.07027344447366757
119,13,6,-4.5357762684661296e-12
119,13,7,-1.1644221697970636e-10
119,13,8,0.11025597555870514
119,13,9,0.0705160243065153
119,13,10,0.14102820316191877
119,14,1,-4.99204826781563e-11
119,14,2,0.028226292864188277
119,14,3,0.15480359729031862
119,14,4,2.5571161507698115e-11
119,14,5,0.07372406393698432
119,14,6,0.10819638616663432
119,14,7,0.0485590790129448
119,14,8,0.1154341795122487
119,14,9,0.07307585092517471
119,14,10,0.12975772158761817
119,15,1,0.16796682780408237
119,15,2,-2.497988742938828e-10
119,15,3,0.15317793438387203
119,15,4,0.13729497565920362
119,15,5,-4.362591884965461e-11
119,15,6,1.1499520086166726e-11
119,15,7,0.046819979016950765
119,15,8,0.11881163845237523
119,15,9,0.07145450116518641
119,15,10,2.7320392476104516e-11
119,16,1,-2.5148544358089e-10
119,16,2,0.0281336454877126
119,16,3,0.1547204931228267
119,16,4,0.13794371992458523
119,16,5,0.0735502531458135
119,16,6,0.09778054333650742
119,16,7,0.04840669938192651
119,16,8,0.11309243252286667
119,16,9,0.07299658689392925
119,16,10,0.11945621628147093
119,17,1,-1.4417660641752317e-10
119,17,2,0.02686738221389437
119,17,3,0.15345892011543555
119,17,4,2.1217146095597883e-11
119,17,5,0.0722928306177512
119,17,6,0.08724557336033807
119,17,7,-6.391974796682298e-11
119,17,8,-4.886265003722912e-13
119,17,9,0.07174188426449851
119,17,10,6.125012649849104e-11
119,18,1,0.16793612809610273
119,18,2,3.937529469144607e-11
119,18,3,0.15312897998526637
119,18,4,0.13885863898346487
119,18,5,0.07200091324398578
119,18,6,0.10693877911556579
119,18,7,0.046832752586681944
119,18,8,0.10900554661175602
119,18,9,0.07141582951750934
119,18,10,0.12092261454342328
119,19,1,0.13917494505618194
119,19,2,6.54433850860725e-11
119,19,3,-0.05929039469067857
119,19,4,0.1112975682075866
119,19,5,0.04320873541139217
119,19,6,-9.74064578995737e-13
119,19,7,-7.285227976439046e-12
119,19,8,3.521330969868952e-11
119,19,9,-8.209227568556354e-11
119,19,10,1.2724630377158874e-11
119,20,1,-5.034499345191179e-10
119,20,2,-0.0007259780325528445
119,20,3,-0.0578774222080225
119,20,4,0.11342397056360745
119,20,5,0.013554713430220121
119,20,6,0.08841764502379693
119,20,7,-9.494710399848838e-11
119,20,8,-0.035621597146997475
119,20,9,0.04425722733523969
119,20,10,0.11278449231520701
119,21,1,0.14196262905220522
119,21,2,-6.017991313611581e-11
119,21,3,-3.693936649618035e-11
119,21,4,8.834943887592317e-11
119,21,5,6.718099861136029e-11
119,21,6,1.948177036359411e-11
119,21,7,0.02085540602233898
119,21,8,3.1180466195102063e-11
119,21,9,0.04556529563905247
119,21,10,2.6273120831699082e-11
119,22,1,0.13903384298725288
119,22,2,-0.002289146042515712
119,22,3,-0.0594104887260562
119,22,4,0.07306071730971105
119,22,5,0.011980485408498283
119,22,6,0.07668277313405544
119,22,7,-1.3954989941389329e-11
119,22,8,-0.035414739650546236
119,22,9,5.7575869419346226e-11
119,22,10,0.10351338717288462
119,23,1,-0.14068623969017066
119,23,2,-0.012444208029129405
119,23,3,9.243851691043137e-11
119,23,4,1.0056830021532015e-10
119,23,5,-7.33471634123406e-11
119,23,6,5.81849152192504e-12
119,23,7,-1.7703724597417647e-10
119,23,8,3.798013292755087e-11
119,23,9,0.032248659832865206
119,23,10,1.0067043726413871e-10
119,24,1,-4.876640063988802e-11
119,24,2,-0.08393510546174662
119,24,3,-0.08391066144112506
119,24,4,1.757305759242378e-11
119,24,5,-0.06736136276426252
119,24,6,-1.3249921992919411e-12
119,24,7,-1.3636270758399238e-10
119,24,8,5.675690820106105e-12
119,24,9,-5.032285352313259e-12
119,24,10,6.324320234174508e-11
120,1,1,-0.5556482400476
120,1,2,-0.5556482398009069
120,1,3,-0.555648239985767
120,1,4,-0.5556482401234765
120,1,5,-0.5556482401600701
120,1,6,-0.5556482399892183
120,1,7,-0.5556482399835367
120,1,8,-0.5556482401771883
120,1,9,-0.5556482401705665
120,1,10,-0.5556482401097601
120,2,1,-0.5556482399955572
120,2,2,-0.5556482400599284
120,2,3,-0.5556482401130028
120,2,4,-0.5556482398677012
120,2,5,-0.5556482400499121
120,2,6,-0.5556482401181703
120,2,7,-0.5556482401162154
120,2,8,-0.555648240049059
120,2,9,-0.5556482402593497
120,2,10,-0.5556482399679193
120,3,1,-0.5556482400337301
120,3,2,-0.5556482398882673
120,3,3,-0.5556482401008203
120,3,4,-0.5556482400314576
120,3,5,-0.5556482399666159
120,3,6,-0.5556482400773438
120,3,7,-0.555648240105142
120,3,8,-0.5556482400483842
120,3,9,-0.5556482400390651
120,3,10,-0.5556482399786108
120,4,1,-0.5556482401304212
120,4,2,-0.5556482401837369
120,4,3,-0.5556482399754278
120,4,4,-0.5556482400046516
120,4,5,-0.5556482401634847
120,4,6,-0.5556482401347987
120,4,7,-0.5556482400752448
120,4,8,-0.5556482400250057
120,4,9,-0.5556482400269356
120,4,10,-0.5556482402333645
120,5,1,-0.5556482399341023
120,5,2,-0.5556482399399998
120,5,3,-0.5556482401308863
120,5,4,-0.555648240085683
120,5,5,-0.5556482401610957
120,5,6,-0.5556482400585716
120,5,7,-0.5556482401281908
120,5,8,-0.5556482401482026
120,5,9,-0.5556482401357322
120,5,10,-0.5556482400412447
120,6,1,-0.555648239948982
120,6,2,-0.5556482399843562
120,6,3,-0.555648240027443
120,6,4,-0.5556482401278164
120,6,5,-0.5556482401251273
120,6,6,-0.5556482402004289
120,6,7,-0.5556482401241895
120,6,8,-0.5556482399814823
120,6,9,-0.5556482399486214
120,6,10,-0.5556482401224259
120,7,1,-0.5556482399820363
120,7,2,-0.5556482399987792
120,7,3,-0.5556482399112934
120,7,4,-0.5556482399385873
120,7,5,-0.555648240043624
120,7,6,-0.555648240121301
120,7,7,-0.5556482401686869
120,7,8,-0.5556482400218207
120,7,9,-0.5556482399206067
120,7,10,-0.5556482400146255
120,8,1,-0.555648240192563
120,8,2,-0.5556482401528497
120,8,3,-0.5556482401124921
120,8,4,-0.5556482399984755
120,8,5,-0.5556482401489807
120,8,6,-0.5556482400681063
120,8,7,-0.5556482399019931
120,8,8,-0.5556482401738654
120,8,9,-0.555648240095392
120,8,10,-0.5556482399429634
120,9,1,-0.5556482400044145
120,9,2,-0.555648239959068
120,9,3,-0.5556482399185704
120,9,4,-0.5556482400660634
120,9,5,-0.5556482400696755
120,9,6,-0.5556482401053542
120,9,7,-0.5556482400099834
120,9,8,-0.5556482400971774
120,9,9,-0.5556482400864653
120,9,10,-0.555648240042191
120,10,1,-0.5556482400081761
120,10,2,-0.555648239992821
120,10,3,-0.5556482398923857
120,10,4,-0.5556482400469641
120,10,5,-0.5556482400538223
120,10,6,-0.5556482399372898
120,10,7,-0.5556482401506202
120,10,8,-0.5556482399975456
120,10,9,-0.5556482401532157
120,10,10,-0.555648240051118
120,11,1,-0.5556482400935233
120,11,2,-0.5556482399828518
120,11,3,-0.5556482400010737
120,11,4,-0.5556482401253235
120,11,5,-0.5556482401036074
120,11,6,-0.5556482399910493
120,11,7,-0.5556482400345758
120,11,8,-0.5556482400886388
120,11,9,-0.5556482401049417
120,11,10,-0.5556482402379936
120,12,1,-0.5556482399853966
120,12,2,-0.5556482400050259
120,12,3,-0.5556482401572527
120,12,4,-0.5556482400557359
120,12,5,-0.5556482401181624
120,12,6,-0.555648240106681
120,12,7,-0.5556482401279771
120,12,8,-0.5556482400669843
120,12,9,-0.5556482400043562
120,12,10,-0.5556482400716389
120,13,1,-0.5556482400267543
120,13,2,-0.5556482400073551
120,13,3,-0.5556482401521066
120,13,4,-0.555648240128315
120,13,5,-0.555648240020858
120,13,6,-0.555648240006559
120,13,7,-0.5556482400992256
120,13,8,-0.5556482399862557
120,13,9,-0.5556482400103712
120,13,10,-0.5556482400796953
120,14,1,-0.555648239951651
120,14,2,-0.5556482401574987
120,14,3,-0.555648240046579
120,14,4,-0.5556482401247322
120,14,5,-0.5556482400253522
120,14,6,-0.5556482401407741
120,14,7,-0.5556482401290169
120,14,8,-0.5556482400537107
120,14,9,-0.5556482399627591
120,14,10,-0.5556482400654914
120,15,1,-0.5556482399219816
120,15,2,-0.5556482400371833
120,15,3,-0.5556482400653889
120,15,4,-0.5556482398842851
120,15,5,-0.555648240220863
120,15,6,-0.5556482399813504
120,15,7,-0.5556482400590331
120,15,8,-0.5556482401639786
120,15,9,-0.5556482402063267
120,15,10,-0.5556482401462941
120,16,1,-0.5556482399690744
120,16,2,-0.5556482399677131
120,16,3,-0.5556482400658694
120,16,4,-0.5556482401237073
120,16,5,-0.5556482400134396
120,16,6,-0.5556482400067667
120,16,7,-0.5556482399399982
120,16,8,-0.5556482401005295
120,16,9,-0.5556482402035577
120,16,10,-0.5556482400151408
120,17,1,-0.5556482401020147
120,17,2,-0.5556482400504591
120,17,3,-0.555648239903413
120,17,4,-0.5556482400397912
120,17,5,-0.555648240097956
120,17,6,-0.555648240071395
120,17,7,-0.555648240090248
120,17,8,-0.5556482400624049
120,17,9,-0.5556482400098819
120,17,10,-0.5556482399783905
120,18,1,-0.5556482400052648
120,18,2,-0.555648239874234
120,18,3,-0.5556482400664037
120,18,4,-0.5556482400000481
120,18,5,-0.5556482401992228
120,18,6,-0.5556482399643821
120,18,7,-0.5556482399974438
120,18,8,-0.5556482401453905
120,18,9,-0.5556482400544932
120,18,10,-0.5556482400262409
120,19,1,-0.5556482400550582
120,19,2,-0.5556482401673983
120,19,3,-0.5556482400452135
120,19,4,-0.5556482400545996
120,19,5,-0.5556482399053578
120,19,6,-0.5556482400459809
120,19,7,-0.5556482400394488
120,19,8,-0.5556482400867605
120,19,9,-0.555648239989446
120,19,10,-0.5556482401906243
120,20,1,-0.5556482399822528
120,20,2,-0.5556482401168099
120,20,3,-0.5556482401884849
120,20,4,-0.5556482400021526
120,20,5,-0.5556482399378605
120,20,6,-0.5556482400640252
120,20,7,-0.5556482401259543
120,20,8,-0.5556482399405892
120,20,9,-0.5556482400590411
120,20,10,-0.555648239892401
120,21,1,-0.5556482399830601
120,21,2,-0.555648240046527
120,21,3,-0.5556482400984625
120,21,4,-0.5556482400105577
120,21,5,-0.5556482399620418
120,21,6,-0.5556482400999196
120,21,7,-0.5556482400900644
120,21,8,-0.5556482399738417
120,21,9,-0.5556482399926848
120,21,10,-0.5556482401482274
120,22,1,-0.5556482399923641
120,22,2,-0.5556482399502939
120,22,3,-0.5556482400356162
120,22,4,-0.5556482400509888
120,22,5,-0.5556482400402469
120,22,6,-0.5556482401178091
120,22,7,-0.5556482400119344
120,22,8,-0.5556482400331567
120,22,9,-0.5556482401207862
120,22,10,-0.5556482401301825
120,23,1,-0.5556482400169762
120,23,2,-0.5556482400853102
120,23,3,-0.5556482400614202
120,23,4,-0.5556482399843142
120,23,5,-0.5556482400374793
120,23,6,-0.5556482399183471
120,23,7,-0.5556482399018189
120,23,8,-0.5556482400329188
120,23,9,-0.5556482400802504
120,23,10,-0.5556482400798645
120,24,1,-0.5556482402394997
120,24,2,-0.5556482401180007
120,24,3,-0.5556482400274886
120,24,4,-0.5556482399913357
120,24,5,-0.555648240082657
120,24,6,-0.5556482400696119
120,24,7,-0.555648240160153
120,24,8,-0.5556482401580571
120,24,9,-0.5556482400661382
120,24,10,-0.5556482401706105
121,1,1,-0.07800000006875095
121,1,2,-0.07799999990929675
121,1,3,-0.07800000003175256
121,1,4,-0.07800000015028616
121,1,5,-0.07800000011986659
121,1,6,-0.07800000007180552
121,1,7,-0.07799999997179974
121,1,8,-0.07800000000040856
121,1,9,-0.07800000019544832
121,1,10,-0.07800000001356713
121,2,1,-0.07799999998974674
121,2,2,-0.07800000004624091
121,2,3,-0.07800000008984266
121,2,4,-0.07800000006979965
121,2,5,-0.07799999993424978
121,2,6,-0.07800000021748409
121,2,7,-0.07800000001733864
121,2,8,-0.0779999999816763
121,2,9,-0.07800000013909486
121,2,10,-0.07800000020207971
121,3,1,-0.07800000009009936
121,3,2,-0.0780000001118234
121,3,3,-0.07800000003244716
121,3,4,-0.07800000004094165
121,3,5,-0.0780000001052128
121,3,6,-0.07800000001537637
121,3,7,-0.07800000012147142
121,3,8,-0.07800000008431476
121,3,9,-0.07800000000744589
121,3,10,-0.0780000000897127
121,4,1,-0.07799999996660559
121,4,2,-0.07800000015603441
121,4,3,-0.078000000092792
121,4,4,-0.07800000012594915
121,4,5,-0.07799999999531594
121,4,6,-0.07800000009923493
121,4,7,-0.07800000014897834
121,4,8,-0.07800000007847425
121,4,9,-0.07800000006535945
121,4,10,-0.0779999999807243
121,5,1,-0.07800000006445629
121,5,2,-0.07800000015484074
121,5,3,-0.0780000000669114
121,5,4,-0.07800000007565144
121,5,5,-0.0780000000844136
121,5,6,-0.0780000001022455
121,5,7,-0.07800000014613745
121,5,8,-0.07799999995588397
121,5,9,-0.07800000010528238
121,5,10,-0.07800000006875568
121,6,1,-0.07799999999393392
121,6,2,-0.07800000008395201
121,6,3,-0.07799999997255003
121,6,4,-0.07800000004723745
121,6,5,-0.0780000001505934
121,6,6,-0.07800000010650232
121,6,7,-0.07800000006397122
121,6,8,-0.07800000003857113
121,6,9,-0.07800000006078962
121,6,10,-0.07800000013254264
121,7,1,-0.07800000001998945
121,7,2,-0.07800000005459275
121,7,3,-0.07800000003303867
121,7,4,-0.0780000000793092
121,7,5,-0.0780000000368345
121,7,6,-0.07800000004528015
121,7,7,-0.07800000006467112
121,7,8,-0.078000000135996
121,7,9,-0.07800000005159959
121,7,10,-0.07800000004241754
121,8,1,-0.07800000012305787
121,8,2,-0.07800000008379061
121,8,3,-0.07800000007498324
121,8,4,-0.07800000009645769
121,8,5,-0.07800000005296227
121,8,6,-0.07800000000025589
121,8,7,-0.07800000004797908
121,8,8,-0.07800000002296299
121,8,9,-0.07800000009510179
121,8,10,-0.07800000006897338
121,9,1,-0.07800000005492322
121,9,2,-0.07800000007342638
121,9,3,-0.07799999997956557
121,9,4,-0.0780000000926354
121,9,5,-0.0780000001333168
121,9,6,-0.07800000010382488
121,9,7,-0.07799999994859891
121,9,8,-0.07800000002652281
121,9,9,-0.07800000015128765
121,9,10,-0.07800000015890443
121,10,1,-0.07800000001390457
121,10,2,-0.07800000011088126
121,10,3,-0.07800000007987774
121,10,4,-0.07800000006361874
121,10,5,-0.07799999997734973
121,10,6,-0.07800000007975727
121,10,7,-0.07800000006861782
121,10,8,-0.0780000000341639
121,10,9,-0.07799999996785521
121,10,10,-0.07800000001571125
121,11,1,-0.07799999992712592
121,11,2,-0.07800000012228077
121,11,3,-0.07800000022992136
121,11,4,-0.07799999993191034
121,11,5,-0.07800000010783492
121,11,6,-0.0780000000110523
121,11,7,-0.07800000006499282
121,11,8,-0.07800000005069314
121,11,9,-0.07800000016469333
121,11,10,-0.07800000008618771
121,12,1,-0.07800000016476263
121,12,2,-0.0779999999888508
121,12,3,-0.07800000006534409
121,12,4,-0.07800000002364231
121,12,5,-0.07800000005850555
121,12,6,-0.07800000009606224
121,12,7,-0.07800000008193754
121,12,8,-0.0780000001348736
121,12,9,-0.07800000011992564
121,12,10,-0.07800000009336847
121,13,1,-0.07800000002144589
121,13,2,-0.0780000001169453
121,13,3,-0.07800000013567349
121,13,4,-0.07800000009385326
121,13,5,-0.07800000008368779
121,13,6,-0.07800000010545585
121,13,7,-0.07799999998582002
121,13,8,-0.07800000003260431
121,13,9,-0.07800000004467304
121,13,10,-0.07800000005993078
121,14,1,-0.07800000007592006
121,14,2,-0.07800000007886176
121,14,3,-0.07800000015635124
121,14,4,-0.0780000001195051
121,14,5,-0.07800000003680643
121,14,6,-0.07800000013103606
121,14,7,-0.07800000008587185
121,14,8,-0.07800000003445451
121,14,9,-0.07800000015738337
121,14,10,-0.07800000012320031
121,15,1,-0.07800000006975805
121,15,2,-0.07800000006273432
121,15,3,-0.07800000002351293
121,15,4,-0.07799999999105767
121,15,5,-0.07800000002867429
121,15,6,-0.07800000005838101
121,15,7,-0.07800000002806322
121,15,8,-0.07800000000615198
121,15,9,-0.07800000005052596
121,15,10,-0.07800000003287871
121,16,1,-0.07800000012432179
121,16,2,-0.07800000001168471
121,16,3,-0.07800000003293031
121,16,4,-0.07799999999368075
121,16,5,-0.07800000014999672
121,16,6,-0.07800000008672414
121,16,7,-0.07800000009783471
121,16,8,-0.07800000002929472
121,16,9,-0.07800000004939878
121,16,10,-0.07800000007762632
121,17,1,-0.07800000008275315
121,17,2,-0.07800000009944949
121,17,3,-0.07800000004861157
121,17,4,-0.07800000009684072
121,17,5,-0.07800000007343097
121,17,6,-0.0780000001089148
121,17,7,-0.07800000000222237
121,17,8,-0.07800000014365249
121,17,9,-0.0780000000607631
121,17,10,-0.07800000011562823
121,18,1,-0.07800000009163771
121,18,2,-0.07800000012080949
121,18,3,-0.078000000111878
121,18,4,-0.07800000010023384
121,18,5,-0.0779999999875347
121,18,6,-0.07800000019746135
121,18,7,-0.0780000000502902
121,18,8,-0.07800000006068862
121,18,9,-0.07800000005643196
121,18,10,-0.07800000006650434
121,19,1,-0.07800000010971109
121,19,2,-0.07800000000972686
121,19,3,-0.07800000004229392
121,19,4,-0.07800000010435502
121,19,5,-0.07800000004605147
121,19,6,-0.07800000002189092
121,19,7,-0.07800000010303564
121,19,8,-0.07800000012036852
121,19,9,-0.07800000008631447
121,19,10,-0.07800000002189467
121,20,1,-0.07800000008876565
121,20,2,-0.07800000006049185
121,20,3,-0.07800000022094952
121,20,4,-0.07800000005565823
121,20,5,-0.07800000014661236
121,20,6,-0.07800000011730018
121,20,7,-0.07800000017708468
121,20,8,-0.07800000001867313
121,20,9,-0.07800000000688313
121,20,10,-0.07800000017228716
121,21,1,-0.0780000000105928
121,21,2,-0.07799999998365213
121,21,3,-0.07800000000268788
121,21,4,-0.07800000011506704
121,21,5,-0.07800000006633817
121,21,6,-0.07800000013932282
121,21,7,-0.07800000000848531
121,21,8,-0.0780000000597599
121,21,9,-0.07800000004037712
121,21,10,-0.07800000006234195
121,22,1,-0.07800000020504813
121,22,2,-0.07800000014258318
121,22,3,-0.07800000009836944
121,22,4,-0.07800000005075909
121,22,5,-0.07800000001405394
121,22,6,-0.07800000019739266
121,22,7,-0.07800000009857937
121,22,8,-0.0780000001175245
121,22,9,-0.0780000000663335
121,22,10,-0.07800000005655951
121,23,1,-0.07800000010279949
121,23,2,-0.07800000006852947
121,23,3,-0.07800000006667047
121,23,4,-0.07800000000018174
121,23,5,-0.078000000038052
121,23,6,-0.07800000003884888
121,23,7,-0.07800000014430844
121,23,8,-0.07800000005765033
121,23,9,-0.07799999999318304
121,23,10,-0.07799999997286873
121,24,1,-0.07800000009634028
121,24,2,-0.07800000006044519
121,24,3,-0.0780000000797143
121,24,4,-0.07800000005737696
121,24,5,-0.07800000008887795
121,24,6,-0.07799999996222615
121,24,7,-0.07800000007577396
121,24,8,-0.0780000001004938
121,24,9,-0.0779999999794847
121,24,10,-0.07800000006425421
122,1,1,0.04811443395989412
122,1,2,-0.06601733542520212
122,1,3,0.039454239637300915
122,1,4,4.650106135654225e-11
122,1,5,1.877234072399439e-10
122,1,6,1.642928187158693e-11
122,1,7,-0.06233459465945823
122,1,8,0.02031695212850328
122,1,9,0.16564679964639215
122,1,10,-0.038425260970441126
122,2,1,4.007142951874612e-11
122,2,2,-0.12707513894478348
122,2,3,3.856706929728296e-11
122,2,4,4.6568604875063535e-11
122,2,5,5.054910006199731e-11
122,2,6,2.6493812677573503e-11
122,2,7,7.820645731492978e-11
122,2,8,1.1825702391074153e-10
122,2,9,-0.17873866339786043
122,2,10,-9.267286699317367e-12
122,3,1,-0.033475098363384796
122,3,2,-0.14803671467327395
122,3,3,-0.04246026123627278
122,3,4,-0.08797635716630361
122,3,5,4.968045197234136e-11
122,3,6,1.153719996057831e-11
122,3,7,-0.14430372077420275
122,3,8,-0.18252267947863365
122,3,9,-0.19972185656071478
122,3,10,-0.1317912996378225
122,4,1,-0.10087946883524605
122,4,2,1.0410630040327828e-11
122,4,3,1.5853521148851205e-10
122,4,4,6.54218770628455e-11
122,4,5,1.2914415392119294e-10
122,4,6,6.067616531825817e-11
122,4,7,-0.10377531839450464
122,4,8,1.9917184383971137e-11
122,4,9,-0.15915519805182735
122,4,10,4.410206509881942e-11
122,5,1,-0.10423833804924562
122,5,2,-0.11095275229844284
122,5,3,8.468926612510003e-11
122,5,4,1.7118546760241243e-11
122,5,5,-0.3225489491913808
122,5,6,3.665300344051631e-11
122,5,7,-0.1071556625248395
122,5,8,-1.2405710952869548e-11
122,5,9,5.027780410971419e-11
122,5,10,-0.15659425762411713
122,6,1,-0.09123269481615036
122,6,2,-0.09795575732813194
122,6,3,1.2824859647571699e-10
122,6,4,-0.08624006600986961
122,6,5,-2.270024249411036e-10
122,6,6,6.870089366102158e-11
122,6,7,-1.3065747604939365e-10
122,6,8,-0.1302585966011917
122,6,9,-5.1641873557387724e-11
122,6,10,-0.15439862563263185
122,7,1,-4.8310367099964335e-11
122,7,2,-0.1673486106681833
122,7,3,-0.1148793915521954
122,7,4,-0.15771377583387017
122,7,5,1.8366536172790757e-10
122,7,6,-0.23353377271747922
122,7,7,-0.16354186793812955
122,7,8,-3.883531354571118e-12
122,7,9,-0.2190766443386893
122,7,10,-0.227663579968688
122,8,1,-1.0094289981795943e-10
122,8,2,1.4065961752556672e-10
122,8,3,-0.05154314403864016
122,8,4,-0.08941788290723024
122,8,5,6.556835971524219e-11
122,8,6,-0.16256193760309118
122,8,7,1.8121208309948567e-11
122,8,8,-0.1338125796272582
122,8,9,-0.1614052015408027
122,8,10,4.193067204213974e-11
122,9,1,-0.10445723034489056
122,9,2,-0.11126097059004551
122,9,3,-0.05308137298795031
122,9,4,2.1236058321983525e-11
122,9,5,1.603869597354389e-10
122,9,6,-0.14945990757080516
122,9,7,-4.56500240711942e-11
122,9,8,-0.13770326787454643
122,9,9,-3.0775112059427956e-11
122,9,10,-0.16249707001015698
122,10,1,-0.1153252993542659
122,10,2,-4.5551683735753357e-11
122,10,3,-0.06395777838615874
122,10,4,-0.10116711981240512
122,10,5,-4.6658145934092704e-11
122,10,6,-0.15953094134701992
122,10,7,-0.11831213101158584
122,10,8,5.78327549695043e-12
122,10,9,-0.17383800706654068
122,10,10,4.790558314621274e-11
122,11,1,-0.11330780503824199
122,11,2,-0.12009074390133109
122,11,3,6.617998309739123e-11
122,11,4,-0.0962176273116626
122,11,5,-8.575476526800907e-11
122,11,6,-0.15074762432938535
122,11,7,-0.11627195770034916
122,11,8,-0.14797856862208725
122,11,9,3.686615384712946e-11
122,11,10,-0.17099375803749767
122,12,1,1.4466492760656369e-10
122,12,2,-0.1100835221676648
122,12,3,-2.593972237528719e-12
122,12,4,-0.08731293861233544
122,12,5,-0.3011430537665016
122,12,6,6.153991140463166e-11
122,12,7,-8.208926886767859e-11
122,12,8,5.922915857856786e-11
122,12,9,1.5703543727960817e-10
122,12,10,6.751192161737196e-12
122,13,1,1.2201274566430234e-10
122,13,2,-0.1906717746866414
122,13,3,-0.3167803356931202
122,13,4,-0.15858458788562402
122,13,5,-0.3819582479576686
122,13,6,-0.2385389809068613
122,13,7,-0.18687179386395134
122,13,8,-0.22384325360899562
122,13,9,-1.5266156280736506e-10
122,13,10,1.173160212638441e-11
122,14,1,-0.12425825290814244
122,14,2,2.5224382706277165e-10
122,14,3,-0.25813062597698766
122,14,4,-0.10355108055915556
122,14,5,2.7269413138165943e-10
122,14,6,6.932071886997515e-11
122,14,7,-1.6286683877627176e-10
122,14,8,-0.1726433433356799
122,14,9,1.6653042329449128e-10
122,14,10,4.0844795102558396e-11
122,15,1,-0.1853593841711739
122,15,2,-0.1919274399462472
122,15,3,-0.3180498838219093
122,15,4,4.84708806295156e-12
122,15,5,-0.38330169467165026
122,15,6,-0.2335285025253698
122,15,7,-0.1881599766462543
122,15,8,4.324109657578151e-11
122,15,9,7.004191749705214e-11
122,15,10,-0.25342195033549964
122,16,1,-0.11289483840786581
122,16,2,-3.6222619576118525e-11
122,16,3,-2.658341445192433e-11
122,16,4,-0.17857212556919022
122,16,5,-1.4790461704775743e-10
122,16,6,4.595675001575067e-11
122,16,7,6.640815935349265e-12
122,16,8,1.6156556886630369e-12
122,16,9,1.0574067917925797e-10
122,16,10,-0.17491798739624698
122,17,1,-0.2436879559208512
122,17,2,-0.25099669209695397
122,17,3,-0.3771934092070142
122,17,4,-0.30978931726435527
122,17,5,3.017920383540339e-11
122,17,6,-0.28528801239954327
122,17,7,-0.24709201355914392
122,17,8,-0.28970472586699286
122,17,9,-0.29012130449795653
122,17,10,-0.2957412451948554
122,18,1,-0.2445428018197144
122,18,2,-0.2179031388692768
122,18,3,-0.34397822772544384
122,18,4,-0.27883875369757555
122,18,5,-4.783904012945622e-12
122,18,6,4.881675410585949e-11
122,18,7,-1.2670304893160414e-10
122,18,8,-0.256866477823606
122,18,9,-0.2569847969087174
122,18,10,7.897633380062573e-11
122,19,1,-9.663363270922924e-11
122,19,2,-0.2258263953098776
122,19,3,7.455173506526816e-11
122,19,4,1.1236582495087293e-10
122,19,5,-0.4108608730544285
122,19,6,-0.2556385023832935
122,19,7,-0.2136337985069184
122,19,8,-0.26465461742267876
122,19,9,-0.26489614582810567
122,19,10,-0.26193937623779023
122,20,1,-0.13721433649403292
122,20,2,-8.340013093110707e-11
122,20,3,-3.5282667412706026e-11
122,20,4,-0.2213242833477476
122,20,5,2.7660859692156536e-10
122,20,6,-0.189648076293157
122,20,7,-0.15199221091391035
122,20,8,-1.2940470580941749e-11
122,20,9,-0.20359548589423862
122,20,10,6.868440359649938e-11
122,21,1,-0.4247467913405806
122,21,2,-0.22758276157686072
122,21,3,-0.35391498100388963
122,21,4,-0.27716394804420874
122,21,5,-0.4126505476788275
122,21,6,-0.22339508134691108
122,21,7,-0.21511218655605885
122,21,8,-0.26230124047402525
122,21,9,1.220592895962054e-10
122,21,10,-0.25756423843134985
122,22,1,-0.38896427132767036
122,22,2,-5.908291515538053e-11
122,22,3,5.0308894311741625e-11
122,22,4,4.54556564914374e-11
122,22,5,1.6693492058518847e-10
122,22,6,2.3223567871284018e-11
122,22,7,-0.17932064984038626
122,22,8,7.864377551958235e-12
122,22,9,-0.21325112298111007
122,22,10,4.246050342923691e-12
122,23,1,-4.6174619835158415e-10
122,23,2,-0.29601935757588577
122,23,3,-0.42231122307920216
122,23,4,-0.3097390142303613
122,23,5,-0.48114453871560026
122,23,6,-0.2889827811950093
122,23,7,-0.28344350200393603
122,23,8,-0.3090816394707437
122,23,9,-0.31731369587832864
122,23,10,-0.28057771307634544
122,24,1,-0.20120754204320265
122,24,2,-4.1307048005614216e-11
122,24,3,7.844773322693982e-11
122,24,4,-0.18064255354066103
122,24,5,-4.323898113471267e-11
122,24,6,-0.15909311863104575
122,24,7,-0.17863656757524773
122,24,8,-0.18701093239493807
122,24,9,-0.20121447034412823
122,24,10,-0.17363657993652543
123,1,1,-0.948381094171372
123,1,2,-6.358518694413846e-11
123,1,3,-0.9426275013020085
123,1,4,-0.8981899813084973
123,1,5,-0.9433274861259274
123,1,6,-0.9051294033555765
123,1,7,-4.448485608265292e-11
123,1,8,-1.006827103404265
123,1,9,-1.1533187474830084
123,1,10,-0.8940143958589793
123,2,1,-1.198352015640996
123,2,2,-1.6859042029603217
123,2,3,-1.1924140828939565
123,2,4,-1.1638559734130833
123,2,5,-1.1937688040589178
123,2,6,-1.1885432697937002
123,2,7,-1.6394354366219104
123,2,8,-1.3679652693539788
123,2,9,-3.236303120361162e-11
123,2,10,-1.1269665621873326
123,3,1,-0.8213205539595108
123,3,2,-2.251057063394255e-11
123,3,3,-0.8150061583395255
123,3,4,-0.7900998519799944
123,3,5,-0.8161502837464845
123,3,6,-0.8070643706837162
123,3,7,-9.607729121359769e-11
123,3,8,2.579830188316262e-11
123,3,9,-1.002873271432864
123,3,10,-0.7466061369166225
123,4,1,-1.5181833776564562
123,4,2,-1.7681238491758857
123,4,3,-1.4655382456994415
123,4,4,-1.4129008689454536
123,4,5,-1.5192008633312832
123,4,6,-1.3824975145623082
123,4,7,-1.5599585302637127
123,4,8,-1.54039198616713
123,4,9,-1.5537357932273324
123,4,10,-1.392226582972974
123,5,1,1.0113045645660933e-10
123,5,2,-1.6721343749334693e-10
123,5,3,-0.962520863087489
123,5,4,-0.8999980812833057
123,5,5,6.427563051302019e-12
123,5,6,-0.8750036061313257
123,5,7,-1.0531176598369822
123,5,8,-1.0328207807053185
123,5,9,-1.047148428905027
123,5,10,-0.8764023587138706
123,6,1,-1.4565029231936526
123,6,2,-1.5544879914206864
123,6,3,-1.4048101777808664
123,6,4,-1.3556322814918034
123,6,5,-1.4590775561398497
123,6,6,-1.3273533837560414
123,6,7,-1.498709592125838
123,6,8,-1.477118533038463
123,6,9,-1.492473394644338
123,6,10,-1.3388059076381902
123,7,1,-1.4566670413042733
123,7,2,-1.5545094600403704
123,7,3,-1.404806571871622
123,7,4,-1.355622328301475
123,7,5,-1.4581395129488723
123,7,6,-1.3322011700602139
123,7,7,-1.498711158777413
123,7,8,-1.477051601361124
123,7,9,-1.4924983735959803
123,7,10,-1.3317893670446732
123,8,1,-1.4566207485177505
123,8,2,-1.5544837442902377
123,8,3,-1.4047464336261437
123,8,4,-1.3595559465534512
123,8,5,-1.4581392230298602
123,8,6,-1.325500506041811
123,8,7,-1.4987151799101717
123,8,8,-1.4894176222921007
123,8,9,-1.4924870837605941
123,8,10,-1.3141640591611425
123,9,1,-1.0280627773712057
123,9,2,-3.006529291342151e-11
123,9,3,-0.9778983822467404
123,9,4,-0.9236845375063255
123,9,5,-1.029799081110449
123,9,6,-0.9416491970094875
123,9,7,-1.068614532444979
123,9,8,-1.062361639686381
123,9,9,-1.0626470399890635
123,9,10,-0.8947331876430831
123,10,1,-1.0287244519944034
123,10,2,-1.1232631911721065
123,10,3,-0.9787505081482823
123,10,4,-0.9237247093865099
123,10,5,-1.03029276543399
123,10,6,7.193793548051011e-12
123,10,7,-4.472440346469189e-11
123,10,8,-1.0702169320756094
123,10,9,-5.90921086138208e-12
123,10,10,-0.8924421391177954
123,11,1,-0.9150610588264815
123,11,2,-8.563451017767247e-12
123,11,3,-0.8654934572762277
123,11,4,-0.8290767727609913
123,11,5,-0.9170812475555997
123,11,6,-0.8199553379075095
123,11,7,-7.093728575263713e-11
123,11,8,1.9144098693725953e-11
123,11,9,-0.9494125748294556
123,11,10,2.502676139785366e-12
123,12,1,-1.3943884217809153
123,12,2,-1.4204478627216555
123,12,3,-1.5511471713239622
123,12,4,-1.3004555095264523
123,12,5,1.5430487799100246e-10
123,12,6,-1.290410105461679
123,12,7,-1.4353026202264267
123,12,8,-1.437906772941719
123,12,9,-1.4291581056226084
123,12,10,-1.281962668566249
123,13,1,-1.1990560726929596
123,13,2,-1.2253480149940243
123,13,3,-1.1224624296035006e-10
123,13,4,-1.1062447937248674
123,13,5,1.2335367518829642e-10
123,13,6,-1.0882821900064903
123,13,7,-1.2399258769439714
123,13,8,3.645668534716989e-11
123,13,9,-1.2338940594456431
123,13,10,-1.071423832042672
123,14,1,-1.2113992173403465
123,14,2,-1.2378859671666202
123,14,3,-4.7034504932583644e-11
123,14,4,-1.1283863697401098
123,14,5,-1.2129092427313457
123,14,6,-1.0896347720197994
123,14,7,-1.2525257518500892
123,14,8,5.083181779956449e-12
123,14,9,-1.2464644615656915
123,14,10,-1.0899875355961617
123,15,1,7.32261947780611e-11
123,15,2,-1.0735565935534968
123,15,3,-8.639552890780207e-11
123,15,4,-0.9454564851289945
123,15,5,-1.0491072266452992
123,15,6,-0.9218561409688848
123,15,7,-1.3399241954967656e-10
123,15,8,-1.0920610422217274
123,15,9,-1.081999332735977
123,15,10,-0.9115898383550672
123,16,1,-1.3615993595442295
123,16,2,-1.3878773539737792
123,16,3,-2.0328197284747502
123,16,4,1.0425043342693688e-11
123,16,5,-1.3628331578756576
123,16,6,-1.2580539825029715
123,16,7,-1.4027331753307042
123,16,8,-1.3993114952103103
123,16,9,-1.3965906142762472
123,16,10,8.783552674800944e-12
123,17,1,-0.7343680069200826
123,17,2,1.2074110178198535e-11
123,17,3,-2.575136529050213e-11
123,17,4,-0.7060871181582672
123,17,5,-0.7357489177922469
123,17,6,-2.0021412099838903e-12
123,17,7,-0.7739144351790674
123,17,8,-0.7623835772678462
123,17,9,-3.026123733987731e-11
123,17,10,-0.6245885721172414
123,18,1,9.446607367603454e-11
123,18,2,-0.990940516351245
123,18,3,-1.0567627635387302e-10
123,18,4,3.728921536241998e-12
123,18,5,-0.9664098650599771
123,18,6,-0.8540219383655532
123,18,7,-1.005295406596466
123,18,8,8.553892552501212e-12
123,18,9,-5.2041590573601373e-11
123,18,10,-0.8313122210248887
123,19,1,-1.3222100513838961
123,19,2,-1.3128556003761231
123,19,3,-1.2573664359297019
123,19,4,-1.2769046501038535
123,19,5,4.83132156344965e-11
123,19,6,-1.2099566274766846
123,19,7,-1.3275866270456547
123,19,8,-1.248788841403488
123,19,9,-1.3215101690736955
123,19,10,-1.163906048413685
123,20,1,-1.0682910350850932
123,20,2,-1.0594397563099505
123,20,3,-1.0049991676486054
123,20,4,9.741991772744402e-12
123,20,5,-1.0139963225507918
123,20,6,3.795400788358244e-12
123,20,7,-1.0737783499153426
123,20,8,-0.9727366482363766
123,20,9,-7.59888146262505e-11
123,20,10,-0.8846874835086561
123,21,1,5.302819780641588e-11
123,21,2,-1.0949598531073916
123,21,3,-1.040426647866195
123,21,4,-1.0033028783417532
123,21,5,-1.048389064154887
123,21,6,-0.9400500253560876
123,21,7,-1.720015400792055e-10
123,21,8,-1.0040567136241565
123,21,9,-1.103384367862997
123,21,10,-0.9137156366834313
123,22,1,4.066574461271031e-11
123,22,2,-1.2593572293456377
123,22,3,-1.204196947849038
123,22,4,-1.1959057902127133
123,22,5,-1.212665899362194
123,22,6,-1.1320381296869986
123,22,7,-1.2554693474407226
123,22,8,-1.1914484545168589
123,22,9,-1.2679409733473541
123,22,10,-1.0923107317280998
123,23,1,-1.1563617915948892
123,23,2,-7.762238674226133e-11
123,23,3,-0.7057551032798154
123,23,4,-0.6799393861364049
123,23,5,-0.713669453044742
123,23,6,-0.6304290222867763
123,23,7,-0.7549467647328493
123,23,8,-0.6829637319847068
123,23,9,3.616233571949014e-11
123,23,10,-0.6079779545025383
123,24,1,-1.0028589675915922
123,24,2,-1.0940667545896672
123,24,3,-1.0940160026812178
123,24,4,-0.9938854235453704
123,24,5,-1.0759098848885837
123,24,6,-0.9734301211294651
123,24,7,-1.002863533829964
123,24,8,-0.9988743681885718
123,24,9,-1.0028641849616176
123,24,10,-0.9696879733937454
124,1,1,2.3817483214275187e-12
124,1,2,2.4119506358131893e-12
124,1,3,2.3797397428716107e-12
124,1,4,2.3711333638918075e-12
124,1,5,2.3598944485044378e-12
124,1,6,2.362478815456364e-12
124,1,7,2.4226623789017244e-12
124,1,8,2.3844515751530927e-12
124,1,9,2.389187775485522e-12
124,1,10,2.378472158856453e-12
124,2,1,2.3833328672953584e-12
124,2,2,2.4002298945593598e-12
124,2,3,2.3810171358633798e-12
124,2,4,2.361974860772871e-12
124,2,5,2.3788819649222473e-12
124,2,6,2.3608620410202885e-12
124,2,7,2.395209964972903e-12
124,2,8,2.385602090431815e-12
124,2,9,2.3928991078158466e-12
124,2,10,2.3793867263202107e-12
124,3,1,2.384834555001533e-12
124,3,2,2.3985535572463875e-12
124,3,3,2.382568108089292e-12
124,3,4,2.37920541052508e-12
124,3,5,2.3809698546454395e-12
124,3,6,2.3742139267890867e-12
124,3,7,2.3926941190558098e-12
124,3,8,2.3854252035904993e-12
124,3,9,2.3905590577652425e-12
124,3,10,2.380824719163777e-12
124,4,1,2.385070457240847e-12
124,4,2,2.3969591110577704e-12
124,4,3,2.3828062115406973e-12
124,4,4,2.3800210198972177e-12
124,4,5,2.382118541574552e-12
124,4,6,2.379489985722313e-12
124,4,7,2.3911832819340307e-12
124,4,8,2.3852991363717425e-12
124,4,9,2.389451280353374e-12
124,4,10,2.3813089088994285e-12
124,5,1,2.3853603957922615e-12
124,5,2,2.3948603186622826e-12
124,5,3,2.3837374591431608e-12
124,5,4,2.381796648023368e-12
124,5,5,2.3830204487296565e-12
124,5,6,2.3810799651356694e-12
124,5,7,2.390540558006154e-12
124,5,8,2.3880118778847006e-12
124,5,9,2.3893657834206578e-12
124,5,10,2.382255025382407e-12
124,6,1,2.387638765424125e-12
124,6,2,2.3936405121541175e-12
124,6,3,2.386697725206429e-12
124,6,4,2.38290749751899e-12
124,6,5,2.383206723018403e-12
124,6,6,2.3819900179916113e-12
124,6,7,2.390072553450061e-12
124,6,8,2.388248969901209e-12
124,6,9,2.389025275306865e-12
124,6,10,2.382597961157836e-12
124,7,1,2.3877111356430304e-12
124,7,2,2.392760679498975e-12
124,7,3,2.387601737956873e-12
124,7,4,2.3834275840458435e-12
124,7,5,2.383308947825488e-12
124,7,6,2.382779052047385e-12
124,7,7,2.3897346641389813e-12
124,7,8,2.388418810806685e-12
124,7,9,2.3889650148014548e-12
124,7,10,2.385123437095473e-12
124,8,1,2.3879937032030702e-12
124,8,2,2.3922755954281864e-12
124,8,3,2.3882582727490166e-12
124,8,4,2.3864074991721096e-12
124,8,5,2.3854676698438603e-12
124,8,6,2.385679908086022e-12
124,8,7,2.3895977625543174e-12
124,8,8,2.388244121232097e-12
124,8,9,2.388922677405306e-12
124,8,10,2.384787094299515e-12
124,9,1,2.38792327035203e-12
124,9,2,2.391329076184467e-12
124,9,3,2.3883060846540226e-12
124,9,4,2.3863137598522065e-12
124,9,5,2.385972465683517e-12
124,9,6,2.385741140426034e-12
124,9,7,2.3890679073099292e-12
124,9,8,2.3888063888600818e-12
124,9,9,2.3883648424228274e-12
124,9,10,2.385128730975046e-12
124,10,1,2.3882923796833034e-12
124,10,2,2.390877292294746e-12
124,10,3,2.3887756272162844e-12
124,10,4,2.3869120513986396e-12
124,10,5,2.3864390577947018e-12
124,10,6,2.386133385495953e-12
124,10,7,2.3891098544076012e-12
124,10,8,2.38866130966627e-12
124,10,9,2.3884834681686052e-12
124,10,10,2.3852693663350323e-12
124,11,1,2.388538164591379e-12
124,11,2,2.3905675375503403e-12
124,11,3,2.3891659107312743e-12
124,11,4,2.3874429285436836e-12
124,11,5,2.3868492808863926e-12
124,11,6,2.386549506951379e-12
124,11,7,2.3891186010332962e-12
124,11,8,2.388815345037697e-12
124,11,9,2.388636876781181e-12
124,11,10,2.385478264918984e-12
124,12,1,2.3886072119838004e-12
124,12,2,2.3902745307810056e-12
124,12,3,2.3893739461533438e-12
124,12,4,2.3877414258006685e-12
124,12,5,2.3869816554423372e-12
124,12,6,2.3867139847493348e-12
124,12,7,2.3890333497953438e-12
124,12,8,2.3888446090438088e-12
124,12,9,2.388730072172541e-12
124,12,10,2.3856364407495276e-12
124,13,1,2.388817798452667e-12
124,13,2,2.390015137578632e-12
124,13,3,2.389639602225782e-12
124,13,4,2.3880044372694328e-12
124,13,5,2.38714638410884e-12
124,13,6,2.387012207454069e-12
124,13,7,2.389042482048044e-12
124,13,8,2.3889034124252092e-12
124,13,9,2.3889363997450774e-12
124,13,10,2.3858444203458465e-12
124,14,1,2.389121429183407e-12
124,14,2,2.3897576762734393e-12
124,14,3,2.3897845468894408e-12
124,14,4,2.388109391687174e-12
124,14,5,2.3871606286498263e-12
124,14,6,2.387141681045416e-12
124,14,7,2.3889324974511506e-12
124,14,8,2.3888413037268906e-12
124,14,9,2.389139063970181e-12
124,14,10,2.386077853005659e-12
124,15,1,2.389264107801421e-12
124,15,2,2.389585126181447e-12
124,15,3,2.389824073145687e-12
124,15,4,2.3881922341442513e-12
124,15,5,2.3871741025467944e-12
124,15,6,2.3873072051199195e-12
124,15,7,2.38883727730517e-12
124,15,8,2.38866224109554e-12
124,15,9,2.3893335706284275e-12
124,15,10,2.3863268165224466e-12
124,16,1,2.3894771669935206e-12
124,16,2,2.3894034102755003e-12
124,16,3,2.3897843284117586e-12
124,16,4,2.3882952263540635e-12
124,16,5,2.3871372130885255e-12
124,16,6,2.3873699582012366e-12
124,16,7,2.3887613617516253e-12
124,16,8,2.388503533293359e-12
124,16,9,2.389564124590263e-12
124,16,10,2.3864663273913835e-12
124,17,1,2.3894245717198463e-12
124,17,2,2.3891301446412914e-12
124,17,3,2.3894704028534837e-12
124,17,4,2.388227596428748e-12
124,17,5,2.3869404797736135e-12
124,17,6,2.387316155954783e-12
124,17,7,2.3885684890327957e-12
124,17,8,2.3882046060348736e-12
124,17,9,2.389626323548214e-12
124,17,10,2.386441453677713e-12
124,18,1,2.3893636844792886e-12
124,18,2,2.388958610199307e-12
124,18,3,2.389074067749737e-12
124,18,4,2.3881133961698464e-12
124,18,5,2.3868728180060723e-12
124,18,6,2.387304875968512e-12
124,18,7,2.3884381956942127e-12
124,18,8,2.3879716489996015e-12
124,18,9,2.3896384692083146e-12
124,18,10,2.3863736743302234e-12
124,19,1,2.3893040563671297e-12
124,19,2,2.3887529632123923e-12
124,19,3,2.388686955409459e-12
124,19,4,2.3879701294905172e-12
124,19,5,2.3867954360394334e-12
124,19,6,2.387350315285899e-12
124,19,7,2.3884529780821316e-12
124,19,8,2.387753061287428e-12
124,19,9,2.3896323641526256e-12
124,19,10,2.3864385453147206e-12
124,20,1,2.3892530168013673e-12
124,20,2,2.3885116143872215e-12
124,20,3,2.3883080407538103e-12
124,20,4,2.38786507642121e-12
124,20,5,2.386698218328697e-12
124,20,6,2.3873222329022867e-12
124,20,7,2.388402259564031e-12
124,20,8,2.3875111566704003e-12
124,20,9,2.3896244935733328e-12
124,20,10,2.386397616437384e-12
124,21,1,2.3892378781381597e-12
124,21,2,2.3885110112035625e-12
124,21,3,2.3880164567637433e-12
124,21,4,2.3879180148023157e-12
124,21,5,2.3868011539384284e-12
124,21,6,2.387391767549541e-12
124,21,7,2.388369587293591e-12
124,21,8,2.387481968249468e-12
124,21,9,2.3895669955734417e-12
124,21,10,2.386612657668092e-12
124,22,1,2.3890609030175327e-12
124,22,2,2.3883495604782916e-12
124,22,3,2.3875117381311897e-12
124,22,4,2.387655484182934e-12
124,22,5,2.386694562914757e-12
124,22,6,2.387320049008712e-12
124,22,7,2.3885179977564904e-12
124,22,8,2.387356689794406e-12
124,22,9,2.3895625641165598e-12
124,22,10,2.386645019029242e-12
124,23,1,2.388687807265373e-12
124,23,2,2.388383653256325e-12
124,23,3,2.38759011926666e-12
124,23,4,2.3882716031667568e-12
124,23,5,2.3869806090676734e-12
124,23,6,2.387873210236649e-12
124,23,7,2.3887112921483953e-12
124,23,8,2.387832971576573e-12
124,23,9,2.389617190670357e-12
124,23,10,2.3873538406702227e-12
124,24,1,2.3883936137856856e-12
124,24,2,2.387759830549726e-12
124,24,3,2.386644014215988e-12
124,24,4,2.388318034014221e-12
124,24,5,2.386362596721377e-12
124,24,6,2.38791900259749e-12
124,24,7,2.3884975593291513e-12
124,24,8,2.3878635996668687e-12
124,24,9,2.389101771726271e-12
124,24,10,2.3875805522658268e-12
