circuit_code,hour,scen,losses
1,1,1,0.00011126176905692481
1,1,2,0.00011088846860939052
1,1,3,0.00011091787826534714
1,1,4,0.00017940374954244747
1,1,5,0.00011113388588275506
1,1,6,0.00022470403568473652
1,1,7,0.00011089621855716008
1,1,8,0.00014357571868378385
1,1,9,0.00011089461116792886
1,1,10,0.000215291964271953
1,2,1,0.00011126165984482471
1,2,2,0.00011088900633400507
1,2,3,0.00011091786931298619
1,2,4,0.00017946771142617065
1,2,5,0.00011113389849561273
1,2,6,0.00022457843565907275
1,2,7,0.00011090095124439384
1,2,8,0.00014356195061263356
1,2,9,0.00011089461037050812
1,2,10,0.0002151407194294135
1,3,1,0.00011126165365741837
1,3,2,0.00011088900591021366
1,3,3,0.0001109178694204076
1,3,4,0.00017949706229414974
1,3,5,0.00011113389606053222
1,3,6,0.00022464560548192075
1,3,7,0.00011090096145441515
1,3,8,0.0001435562036596389
1,3,9,0.00011089460818952888
1,3,10,0.00021514958198476635
1,4,1,0.00011126164468983132
1,4,2,0.00011088900865969304
1,4,3,0.00011091786840719942
1,4,4,0.00017951921501705104
1,4,5,0.00011113389661347445
1,4,6,0.00022469895069546336
1,4,7,0.00011090172368175788
1,4,8,0.0001435587093476456
1,4,9,0.00011089460735558828
1,4,10,0.00021514232282562242
1,5,1,0.00011126159626627604
1,5,2,0.0001108890121759953
1,5,3,0.00011091786756910379
1,5,4,0.00017951947813093713
1,5,5,0.00011113392435498514
1,5,6,0.00022476466911451127
1,5,7,0.00011090172786634786
1,5,8,0.0001435588809708243
1,5,9,0.00011089460615340309
1,5,10,0.00021514943985596256
1,6,1,0.00011126141360955653
1,6,2,0.00011088918622749053
1,6,3,0.00011091785699403235
1,6,4,0.0001794278762725591
1,6,5,0.00011113382588004982
1,6,6,0.00022472529959692003
1,6,7,0.000110901723720492
1,6,8,0.00014352718988677211
1,6,9,0.00011089459961690094
1,6,10,0.00021504984143720356
1,7,1,0.00011126139898421642
1,7,2,0.00011088919234759005
1,7,3,0.00011091785707477333
1,7,4,0.00017937822988546586
1,7,5,0.00011113388763966101
1,7,6,0.00022478348273192252
1,7,7,0.00011090172460584645
1,7,8,0.0001435269394452885
1,7,9,0.00011089459982228308
1,7,10,0.0002150482075658076
1,8,1,0.00011126140137847485
1,8,2,0.00011088919576733019
1,8,3,0.00011091785733546077
1,8,4,0.00017938766446019166
1,8,5,0.00011113392342128656
1,8,6,0.0002248383154021794
1,8,7,0.00011090172536441579
1,8,8,0.0001435284742734139
1,8,9,0.00011089459987482425
1,8,10,0.00021503347797922835
1,9,1,0.00011126141593708544
1,9,2,0.00011088919797060164
1,9,3,0.00011091785818149171
1,9,4,0.00017940127176255702
1,9,5,0.00011113395392057008
1,9,6,0.00022489591532342173
1,9,7,0.00011090172695968078
1,9,8,0.00014352562712064473
1,9,9,0.00011089460019438407
1,9,10,0.0002150383779204989
1,10,1,0.00011126141862184282
1,10,2,0.00011088920056084704
1,10,3,0.00011091785865993827
1,10,4,0.00017940895035819832
1,10,5,0.00011113397530078869
1,10,6,0.00022493463356545808
1,10,7,0.00011090172827104391
1,10,8,0.00014352824171263724
1,10,9,0.00011089460040742458
1,10,10,0.00021502864216444662
1,11,1,0.00011126141892400839
1,11,2,0.00011088920305716084
1,11,3,0.0001109178582732988
1,11,4,0.00017941623484146014
1,11,5,0.0001111339921930447
1,11,6,0.0002249806088439876
1,11,7,0.00011090173003694787
1,11,8,0.00014352835947109633
1,11,9,0.00011089460084990692
1,11,10,0.00021503438164284226
1,12,1,0.00011126141740385064
1,12,2,0.00011088925171111315
1,12,3,0.00011091785852306425
1,12,4,0.00017942336973922993
1,12,5,0.0001111340173184215
1,12,6,0.00022501934539449496
1,12,7,0.00011090173158929557
1,12,8,0.0001435290235789158
1,12,9,0.00011089460134598173
1,12,10,0.00021504468740550086
1,13,1,0.00011126141865042768
1,13,2,0.00011088925475889967
1,13,3,0.00011091785889237151
1,13,4,0.00017942736003981625
1,13,5,0.00011113405389446122
1,13,6,0.00022505339921385654
1,13,7,0.00011090173355401136
1,13,8,0.00014352980994838488
1,13,9,0.00011089460186525314
1,13,10,0.0002150595261339044
1,14,1,0.00011126142647281864
1,14,2,0.00011088925807101455
1,14,3,0.0001109178595763842
1,14,4,0.00017942807567619757
1,14,5,0.00011113414281006097
1,14,6,0.00022507936711179037
1,14,7,0.00011090173485894891
1,14,8,0.00014353201456890634
1,14,9,0.00011089460238633318
1,14,10,0.0002150763373371097
1,15,1,0.00011126142480425433
1,15,2,0.00011088926011756234
1,15,3,0.0001109178605671243
1,15,4,0.00017942784618247122
1,15,5,0.00011113418472374754
1,15,6,0.0002251082541153975
1,15,7,0.00011090173615897689
1,15,8,0.00014353369167379078
1,15,9,0.00011089460288795379
1,15,10,0.00021509648035610417
1,16,1,0.00011126142880150597
1,16,2,0.00011088926171162911
1,16,3,0.0001109178624342744
1,16,4,0.0001794285056052375
1,16,5,0.00011113422460130419
1,16,6,0.00022512615529649685
1,16,7,0.00011090173731845945
1,16,8,0.00014353647558628513
1,16,9,0.00011089460331017031
1,16,10,0.00021510546900946735
1,17,1,0.00011126144024414479
1,17,2,0.00011088926344899934
1,17,3,0.00011091786607322165
1,17,4,0.00017943721221815254
1,17,5,0.00011113424561109355
1,17,6,0.00022515441372208869
1,17,7,0.00011090173970636325
1,17,8,0.00014354144783916014
1,17,9,0.00011089460385046498
1,17,10,0.00021512329377755974
1,18,1,0.00011126143534851362
1,18,2,0.0001108892653378502
1,18,3,0.00011091787293866612
1,18,4,0.00017944403870078304
1,18,5,0.00011113425519686989
1,18,6,0.0002251785984104053
1,18,7,0.00011090174085561995
1,18,8,0.00014354236863218766
1,18,9,0.00011089460455574726
1,18,10,0.0002151268156420212
1,19,1,0.00011126143430436214
1,19,2,0.00011088926681634193
1,19,3,0.00011092092901469413
1,19,4,0.00017944617940634285
1,19,5,0.00011113426194381653
1,19,6,0.0002252062056384812
1,19,7,0.00011090174269442816
1,19,8,0.0001435434448983759
1,19,9,0.00011089460541243295
1,19,10,0.00021513781203737006
1,20,1,0.00011126144346010242
1,20,2,0.00011088926843364935
1,20,3,0.00011092094972071227
1,20,4,0.00017945073151766133
1,20,5,0.00011113428734251821
1,20,6,0.0002252262139083613
1,20,7,0.00011090174437370546
1,20,8,0.00014354733850834898
1,20,9,0.00011089460616783728
1,20,10,0.00021514080569514163
1,21,1,0.00011126144833067875
1,21,2,0.0001108892702625436
1,21,3,0.00011092096287967763
1,21,4,0.00017946378121599374
1,21,5,0.00011113431473164387
1,21,6,0.00022527430863472994
1,21,7,0.00011090174570661756
1,21,8,0.00014355290361654443
1,21,9,0.00011089460699867154
1,21,10,0.00021517101074035823
1,22,1,0.00011126145102439867
1,22,2,0.00011088927209714434
1,22,3,0.00011092098127357362
1,22,4,0.0001794820789312747
1,22,5,0.0001111343397521995
1,22,6,0.00022533420865857934
1,22,7,0.00011090174861037742
1,22,8,0.0001435570453409516
1,22,9,0.00011089460823860105
1,22,10,0.00021519295368359025
1,23,1,0.0001115595196986354
1,23,2,0.00011088927435835112
1,23,3,0.000110920998094483
1,23,4,0.0001795328920751481
1,23,5,0.00011113439165402795
1,23,6,0.0002254325342527229
1,23,7,0.00011090175132723448
1,23,8,0.000143566443432877
1,23,9,0.00011089460979248418
1,23,10,0.00021526735262438894
1,24,1,0.00011155973913704526
1,24,2,0.00011088933761128287
1,24,3,0.00011092107891704501
1,24,4,0.00017960569593972108
1,24,5,0.00011113440506509786
1,24,6,0.00022564181024553183
1,24,7,0.00011090175738614115
1,24,8,0.00014359092874838094
1,24,9,0.00011089461441307828
1,24,10,0.00021541631464249694
2,1,1,0.0002791519653565511
2,1,2,0.0002787761825767536
2,1,3,0.000278805159200954
2,1,4,0.00034135164397872293
2,1,5,0.00027902327546555563
2,1,6,0.0003810921575650759
2,1,7,0.0002787839480506729
2,1,8,0.0003096902922778
2,1,9,0.0002787822119964154
2,1,10,0.00037269338196818706
2,2,1,0.00027915184580766923
2,2,2,0.00027877672158905094
2,2,3,0.000278805150772129
2,2,4,0.00034140144303254237
2,2,5,0.00027902328240705796
2,2,6,0.00038095962946706305
2,2,7,0.00027878855427981256
2,2,8,0.0003096750407200194
2,2,9,0.00027878221087994067
2,2,10,0.00037256063173946285
2,3,1,0.0002791518539185525
2,3,2,0.00027877672147606276
2,3,3,0.0002788051514017429
2,3,4,0.0003414256232541183
2,3,5,0.00027902329195748465
2,3,6,0.0003810237925587046
2,3,7,0.00027878856497049354
2,3,8,0.00030967202697533737
2,3,9,0.00027878220987508496
2,3,10,0.000372575169587349
2,4,1,0.00027915186221149865
2,4,2,0.00027877672405733113
2,4,3,0.0002788051514753888
2,4,4,0.00034144580445174107
2,4,5,0.00027902329904805687
2,4,6,0.00038107291856738555
2,4,7,0.00027878930828765234
2,4,8,0.0003096770420162102
2,4,9,0.00027878220989871716
2,4,10,0.0003725681953819042
2,5,1,0.0002791516273017404
2,5,2,0.0002787767234828707
2,5,3,0.0002788051403167671
2,5,4,0.00034135922955041894
2,5,5,0.00027902321889824446
2,5,6,0.0003810283419487838
2,5,7,0.0002787893050957818
2,5,8,0.0003096486637632616
2,5,9,0.0002787822021897655
2,5,10,0.0003724793154247281
2,6,1,0.00027915164075543986
2,6,2,0.0002787769021492783
2,6,3,0.00027880514056849605
2,6,4,0.0003413074643352567
2,6,5,0.00027902323450555727
2,6,6,0.0003810821782015305
2,6,7,0.0002787893093206377
2,6,8,0.0003096489722000783
2,6,9,0.0002787822033246061
2,6,10,0.00037248392555413155
2,7,1,0.00027915161799540653
2,7,2,0.0002787769084560015
2,7,3,0.0002788051410046771
2,7,4,0.00034131560334173494
2,7,5,0.00027902330101407704
2,7,6,0.0003811335460559388
2,7,7,0.0002787893106624277
2,7,8,0.0003096501729171347
2,7,9,0.00027878220387500134
2,7,10,0.00037248649142241
2,8,1,0.00027915162687060355
2,8,2,0.0002787769121474961
2,8,3,0.00027880514159113495
2,8,4,0.0003413200270649468
2,8,5,0.0002790233406026373
2,8,6,0.0003811831701037277
2,8,7,0.00027878931178121634
2,8,8,0.00030965272375936754
2,8,9,0.00027878220417429264
2,8,10,0.0003724774009413449
2,9,1,0.0002791516465848198
2,9,2,0.00027877691449980314
2,9,3,0.00027880514244575216
2,9,4,0.00034133305546753446
2,9,5,0.00027902337392272806
2,9,6,0.00038123354901288233
2,9,7,0.00027878931335454326
2,9,8,0.00028991993484726343
2,9,9,0.0002787822046846396
2,9,10,0.0003724841731217767
2,10,1,0.00027915165352809985
2,10,2,0.00027877691728400326
2,10,3,0.00027880514311531357
2,10,4,0.0003413406691915125
2,10,5,0.00027902339794278705
2,10,6,0.00038126813987712365
2,10,7,0.0002787893149764936
2,10,8,0.0003096541532647696
2,10,9,0.0002787822051499004
2,10,10,0.00037247849610925934
2,11,1,0.000279151658065658
2,11,2,0.000278776921102315
2,11,3,0.00027880514298942995
2,11,4,0.00034134806212957975
2,11,5,0.0002790234172471267
2,11,6,0.0003813090263202826
2,11,7,0.0002787893168406459
2,11,8,0.0003096550334887059
2,11,9,0.00027878220565188066
2,11,10,0.00037248612127269994
2,12,1,0.00027915166062357364
2,12,2,0.0002787769686233823
2,12,3,0.00027880514354233066
2,12,4,0.0003413552234334985
2,12,5,0.00027902344507372656
2,12,6,0.00038134331987648833
2,12,7,0.000278789318567101
2,12,8,0.000309656375048141
2,12,9,0.0002787822063037515
2,12,10,0.00037249728224960163
2,13,1,0.0002791516661146652
2,13,2,0.00027877697308200403
2,13,3,0.0002788051439583119
2,13,4,0.0003413598850297003
2,13,5,0.0002790234840142091
2,13,6,0.0003813746469308754
2,13,7,0.00027878932077954354
2,13,8,0.000309657867995219
2,13,9,0.00027878220696852233
2,13,10,0.000372512549893434
2,14,1,0.0002791516784526497
2,14,2,0.00027877697663967517
2,14,3,0.00027880514495585957
2,14,4,0.0003413616349559695
2,14,5,0.0002790235737045421
2,14,6,0.0003813991325703347
2,14,7,0.0002787893222135883
2,14,8,0.00030966074090902257
2,14,9,0.0002787822076212638
2,14,10,0.0003725294914798238
2,15,1,0.0002791516824384079
2,15,2,0.0002787769790117515
2,15,3,0.000278805146037152
2,15,4,0.0003413630812775898
2,15,5,0.0002790236179802301
2,15,6,0.00038142702152499445
2,15,7,0.0002787893236693667
2,15,8,0.0003096632595529477
2,15,9,0.00027878220818425357
2,15,10,0.0003725496574092563
2,16,1,0.00027915169186815315
2,16,2,0.0002787769807283448
2,16,3,0.0002788051480302734
2,16,4,0.0003413655606094522
2,16,5,0.00027902366107028205
2,16,6,0.0003814459051654518
2,16,7,0.00027878932519998987
2,16,8,0.00030966697541003025
2,16,9,0.00027878220886489043
2,16,10,0.0003725608046331712
2,17,1,0.00027915171007847686
2,17,2,0.00027877698218687133
2,17,3,0.00027880515050273156
2,17,4,0.0003413752052956788
2,17,5,0.00027902367494089635
2,17,6,0.0003814629947879225
2,17,7,0.00027878932698951824
2,17,8,0.00030966999087459585
2,17,9,0.00027878220964693684
2,17,10,0.00037256890738522185
2,18,1,0.0002791517139076158
2,18,2,0.0002787769842803387
2,18,3,0.0002788051570199508
2,18,4,0.00034137774196117037
2,18,5,0.0002790236899271618
2,18,6,0.0003814892007949808
2,18,7,0.00027878932847929573
2,18,8,0.00030967256009026316
2,18,9,0.00027878220986603735
2,18,10,0.00037257653596070014
2,19,1,0.00027915172220132836
2,19,2,0.0002787769859196065
2,19,3,0.00027880815279663214
2,19,4,0.0003413826824637156
2,19,5,0.0002790237026123982
2,19,6,0.0003815189914561339
2,19,7,0.0002787893303985541
2,19,8,0.0003096754056211199
2,19,9,0.00027878221101236344
2,19,10,0.0003725912914171987
2,20,1,0.0002791517408116637
2,20,2,0.0002787769878623193
2,20,3,0.0002788081717328494
2,20,4,0.0003413896548285742
2,20,5,0.0002790237322438122
2,20,6,0.0003815424570568315
2,20,7,0.0002787893325602245
2,20,8,0.0003096807105319187
2,20,9,0.0002787822121937882
2,20,10,0.00037259953372854355
2,21,1,0.00027915175651054767
2,21,2,0.0002787769902494643
2,21,3,0.00027880818429924217
2,21,4,0.00034140425941228615
2,21,5,0.00027902376280867754
2,21,6,0.00038159033754011105
2,21,7,0.0002787893342029668
2,21,8,0.000309687133061036
2,21,9,0.00027878221330292777
2,21,10,0.0003726300315859947
2,22,1,0.0002791515959210226
2,22,2,0.00027877698852971306
2,22,3,0.00027880819208259166
2,22,4,0.0003414222965510942
2,22,5,0.0002790236923952999
2,22,6,0.000381554596743801
2,22,7,0.0002787893310193742
2,22,8,0.000309670061872899
2,22,9,0.0002787822091027413
2,22,10,0.0003725746425211487
2,23,1,0.0002794514514384381
2,23,2,0.00027877699148663265
2,23,3,0.00027880820922892934
2,23,4,0.0003414238322704375
2,23,5,0.00027902376269230475
2,23,6,0.00038165769764963607
2,23,7,0.0002787893348292813
2,23,8,0.00030968284788262737
2,23,9,0.0002787822118710078
2,23,10,0.00037265495542930754
2,24,1,0.00027945173695923626
2,24,2,0.00027877705483813145
2,24,3,0.00027880829278294195
2,24,4,0.00034150532434462725
2,24,5,0.0002790238009970349
2,24,6,0.0003818596515703544
2,24,7,0.0002787893418145143
2,24,8,0.0003097095909555658
2,24,9,0.0002787821505423195
2,24,10,0.00037280165149117565
3,1,1,0.00024300131825811603
3,1,2,0.0002426244409760392
3,1,3,0.00024265356848064402
3,1,4,0.00030600133609349746
3,1,5,0.00024287222727975498
3,1,6,0.00034646089264978177
3,1,7,0.00024263222798889602
3,1,8,0.0002738071567447784
3,1,9,0.00024263049342452823
3,1,10,0.00033806325686294144
3,2,1,0.0002430012086746201
3,2,2,0.00024262498274441304
3,2,3,0.00024265356014263847
3,2,4,0.0003059665455585036
3,2,5,0.000242872250496811
3,2,6,0.0003464935048075777
3,2,7,0.00024263686128836668
3,2,8,0.0002737934973708834
3,2,9,0.00024263049215900563
3,2,10,0.00033793440906761503
3,3,1,0.00024300115752859644
3,3,2,0.00024262497497432888
3,3,3,0.00024265355798500177
3,3,4,0.0003059871467634085
3,3,5,0.0002428722285977685
3,3,6,0.0003464056763683897
3,3,7,0.00024263686108232866
3,3,8,0.0002737486920467714
3,3,9,0.00024263048918736875
3,3,10,0.0003378039430601938
3,4,1,0.00024300090694072518
3,4,2,0.00024262497775173996
3,4,3,0.00024265354300735486
3,4,4,0.00030592873271474865
3,4,5,0.00024287208511116292
3,4,6,0.00034643848380343586
3,4,7,0.0002426376084662248
3,4,8,0.00027375043420177
3,4,9,0.0002426304810981123
3,4,10,0.00033778244494762954
3,5,1,0.00024300089303708343
3,5,2,0.00024262498116522176
3,5,3,0.00024265354382687742
3,5,4,0.0003059463806043996
3,5,5,0.00024287213237333805
3,5,6,0.0003465115859948751
3,5,7,0.00024263761439969575
3,5,8,0.00027375455476007265
3,5,9,0.00024263048191480561
3,5,10,0.00033779964279543375
3,6,1,0.00024300089806248877
3,6,2,0.00024262516142210472
3,6,3,0.00024265354334996987
3,6,4,0.00030594808064476594
3,6,5,0.00024287214730691413
3,6,6,0.000346564291835485
3,6,7,0.0002426376184465917
3,6,8,0.00027375201177451213
3,6,9,0.00024263048175224113
3,6,10,0.00033779409718106944
3,7,1,0.00024300088661169422
3,7,2,0.00024262516750737657
3,7,3,0.0002426535436227292
3,7,4,0.00030596291990532505
3,7,5,0.00024287220960294398
3,7,6,0.000346613840146048
3,7,7,0.00024263761953394194
3,7,8,0.00027375199649427965
3,7,9,0.00024263048178975105
3,7,10,0.0003377938641263178
3,8,1,0.00024300090238869745
3,8,2,0.00024262517138171332
3,8,3,0.00024265354450956443
3,8,4,0.0003059747037714345
3,8,5,0.00024287225246369656
3,8,6,0.00034666933688690316
3,8,7,0.00024263762073550212
3,8,8,0.00027375498237896265
3,8,9,0.00024263048264969083
3,8,10,0.0003377879947686156
3,9,1,0.0002430009342458783
3,9,2,0.00024262517416825987
3,9,3,0.0002426535461515188
3,9,4,0.0003059917503343568
3,9,5,0.00024287229503661037
3,9,6,0.00034673092615878916
3,9,7,0.0002426376227488734
3,9,8,0.0002737025230965869
3,9,9,0.00024263048352049632
3,9,10,0.0003378037963888007
3,10,1,0.00024300095556340837
3,10,2,0.00024262517714270247
3,10,3,0.000242653547625009
3,10,4,0.0003060038307935212
3,10,5,0.00024287232557784527
3,10,6,0.0003467734958272919
3,10,7,0.0002426376249014531
3,10,8,0.00027375983068094226
3,10,9,0.00024263048457526617
3,10,10,0.00033780303821955905
3,11,1,0.00024300096891717262
3,11,2,0.00024262518120223315
3,11,3,0.0002426535479249479
3,11,4,0.00030601441320696383
3,11,5,0.00024287234961834818
3,11,6,0.0003468203800987848
3,11,7,0.00024263762744835678
3,11,8,0.00027376130111962427
3,11,9,0.00024263048530787638
3,11,10,0.00033781314051165777
3,12,1,0.00024300096987062405
3,12,2,0.00024262522949861453
3,12,3,0.00024265354821979414
3,12,4,0.0003060231243052026
3,12,5,0.00024287237526810098
3,12,6,0.00034685499528430637
3,12,7,0.00024263762867599847
3,12,8,0.0002737619470536999
3,12,9,0.00024263048598282042
3,12,10,0.00033782312851484884
3,13,1,0.00024300096925465128
3,13,2,0.0002426252335621397
3,13,3,0.00024265354873845662
3,13,4,0.00030602628144745344
3,13,5,0.00024287241301150617
3,13,6,0.000346884135483129
3,13,7,0.00024263763045102345
3,13,8,0.0002737623309783947
3,13,9,0.00024263048615723722
3,13,10,0.0003378337013131444
3,14,1,0.00024300096857754434
3,14,2,0.00024262523683385749
3,14,3,0.00024265354868387683
3,14,4,0.00030602462193996026
3,14,5,0.00024287249983307168
3,14,6,0.00034690192294126366
3,14,7,0.0002426376312601649
3,14,8,0.00027376302789499496
3,14,9,0.00024263048662563372
3,14,10,0.0003378449163064627
3,15,1,0.00024300078417133987
3,15,2,0.00024262523512246298
3,15,3,0.0002426535397279642
3,15,4,0.00030596936336998467
3,15,5,0.00024287243408280045
3,15,6,0.0003468293462155623
3,15,7,0.00024263762615023081
3,15,8,0.00027374041581039904
3,15,9,0.00024263048085386513
3,15,10,0.0003377751833375368
3,16,1,0.00024300077462657856
3,16,2,0.00024262523614276873
3,16,3,0.00024265354088359663
3,16,4,0.0003059656731538296
3,16,5,0.00024287246745522821
3,16,6,0.00034683632962784547
3,16,7,0.0002426376269162563
3,16,8,0.00027374171105543175
3,16,9,0.00024263048076160183
3,16,10,0.00033777520792177524
3,17,1,0.00024300074009478217
3,17,2,0.00024262523695320755
3,17,3,0.00024265354144504536
3,17,4,0.000305958919824621
3,17,5,0.00024287246223196555
3,17,6,0.00034683331088421226
3,17,7,0.00024263762753297765
3,17,8,0.00027374038116948765
3,17,9,0.0002426304798356063
3,17,10,0.00033776644745217636
3,18,1,0.00024300069873974995
3,18,2,0.00024262523768736187
3,18,3,0.0002426535455940147
3,18,4,0.0003059514825756056
3,18,5,0.00024287244858573338
3,18,6,0.0003468302411648558
3,18,7,0.00024263762712018984
3,18,8,0.00027373607756905855
3,18,9,0.00024263047898599393
3,18,10,0.00033774968706309504
3,19,1,0.00024300065885962725
3,19,2,0.00024262523856405282
3,19,3,0.00024265655848279867
3,19,4,0.0003059391519120398
3,19,5,0.00024287243197840665
3,19,6,0.0003468297657989782
3,19,7,0.00024263762763547511
3,19,8,0.0002737324452460614
3,19,9,0.0002426304788119678
3,19,10,0.000337738841640523
3,20,1,0.0002430006450226501
3,20,2,0.00024262523987231152
3,20,3,0.00024265657611022973
3,20,4,0.00030593658424189616
3,20,5,0.00024287244701629363
3,20,6,0.0003468338273839801
3,20,7,0.00024263762814041566
3,20,8,0.00027373506644095093
3,20,9,0.00024263047870805158
3,20,10,0.00033773181448181855
3,21,1,0.0002430006590886797
3,21,2,0.00024262524228148402
3,21,3,0.00024265658839811352
3,21,4,0.0003059544697227191
3,21,5,0.00024287247840200845
3,21,6,0.0003468825205462771
3,21,7,0.00024263762996324146
3,21,8,0.0002737413016191968
3,21,9,0.0002426304799609067
3,21,10,0.00033776026142984554
3,22,1,0.00024300066009211706
3,22,2,0.0002426252441318023
3,22,3,0.00024265660560233862
3,22,4,0.00030597320161815394
3,22,5,0.00024287251161929436
3,22,6,0.00034694396579538415
3,22,7,0.00024263763274059234
3,22,8,0.0002737467795292447
3,22,9,0.00024263048121229196
3,22,10,0.00033778288181816256
3,23,1,0.00024330115561845486
3,23,2,0.00024262524725743935
3,23,3,0.00024265662334624116
3,23,4,0.000306033089419642
3,23,5,0.000242872580867873
3,23,6,0.0003470569571174991
3,23,7,0.0002426376320477486
3,23,8,0.00027376133826066923
3,23,9,0.00024263047959048915
3,23,10,0.00033787303883576407
3,24,1,0.00024330112801887558
3,24,2,0.00024262531090299774
3,24,3,0.00024265670453420965
3,24,4,0.0003061043112737844
3,24,5,0.00024287261912683385
3,24,6,0.00034718781484484513
3,24,7,0.00024263764019117988
3,24,8,0.00027376869759344213
3,24,9,0.0002426304592445233
3,24,10,0.00033795424049661493
4,1,1,3.679261601635785e-7
4,1,2,8.855123732445108e-9
4,1,3,3.6232318924100636e-8
4,1,4,5.424715064769346e-5
4,1,5,2.450694695108474e-7
4,1,6,8.47087335507472e-5
4,1,7,1.6390383151258905e-8
4,1,8,2.8054386083379777e-5
4,1,9,1.4516116633907988e-8
4,1,10,7.873907078578176e-5
4,2,1,3.678239343147068e-7
4,2,2,9.32536790744022e-9
4,2,3,3.6226261078264485e-8
4,2,4,5.431752353735675e-5
4,2,5,2.450985550757872e-7
4,2,6,8.475528109889194e-5
4,2,7,2.0628305066868565e-8
4,2,8,2.8044220261105766e-5
4,2,9,1.451598413767184e-8
4,2,10,7.863616908557864e-5
4,3,1,3.678651349235674e-7
4,3,2,9.325058606334387e-9
4,3,3,3.62277600390811e-8
4,3,4,5.435933982807061e-5
4,3,5,2.451196013328676e-7
4,3,6,8.481635327844406e-5
4,3,7,2.063749629169586e-8
4,3,8,2.804385638936382e-5
4,3,9,1.4513004435676206e-8
4,3,10,7.865912328352521e-5
4,4,1,3.6788777959614103e-7
4,4,2,9.325481649962676e-9
4,4,3,3.6228523296912275e-8
4,4,4,5.438544503859572e-5
4,4,5,2.451370547667296e-7
4,4,6,8.486490749260077e-5
4,4,7,2.13261736539118e-8
4,4,8,2.8048444003237137e-5
4,4,9,1.4512319688178463e-8
4,4,10,7.866464624246136e-5
4,5,1,3.6787282706152006e-7
4,5,2,9.328079695757379e-9
4,5,3,3.622935074701693e-8
4,5,4,5.4403568569074316e-5
4,5,5,2.4518548597302547e-7
4,5,6,8.492373304472427e-5
4,5,7,2.132915510149117e-8
4,5,8,2.805243463519255e-5
4,5,9,1.4511000971286214e-8
4,5,10,7.867987983851722e-5
4,6,1,3.6790360737858277e-7
4,6,2,9.494396202517257e-9
4,6,3,3.6230372882934505e-8
4,6,4,5.442057797714826e-5
4,6,5,2.4520999724668797e-7
4,6,6,8.497983193718533e-5
4,6,7,2.13318122103757e-8
4,6,8,2.805481526882324e-5
4,6,9,1.4511729708712433e-8
4,6,10,7.868841328955048e-5
4,7,1,3.6789173749865713e-7
4,7,2,9.498169195570639e-9
4,7,3,3.62311287466741e-8
4,7,4,5.4435174671544945e-5
4,7,5,2.4528285646730863e-7
4,7,6,8.502584172557748e-5
4,7,7,2.1332622240015347e-8
4,7,8,2.8056191254078147e-5
4,7,9,1.4512080689201361e-8
4,7,10,7.86906693397747e-5
4,8,1,3.679067921097307e-7
4,8,2,9.500233625565597e-9
4,8,3,3.623196396753495e-8
4,8,4,5.444419253659655e-5
4,8,5,2.453243742669587e-7
4,8,6,8.507078959688878e-5
4,8,7,2.1333400884060968e-8
4,8,8,2.8058470020219463e-5
4,8,9,1.4512436297532745e-8
4,8,10,7.868062100000889e-5
4,9,1,3.679231381589482e-7
4,9,2,9.501646332950964e-9
4,9,3,3.623266115260795e-8
4,9,4,5.445564515134848e-5
4,9,5,2.4536135591287336e-7
4,9,6,8.511266758551146e-5
4,9,7,2.1334567470374197e-8
4,9,8,2.806621626877777e-5
4,9,9,1.4512747444481976e-8
4,9,10,7.86879781440863e-5
4,10,1,3.679329509517997e-7
4,10,2,9.503558683020121e-9
4,10,3,3.623346888668313e-8
4,10,4,5.4464523701142814e-5
4,10,5,2.4538687774795667e-7
4,10,6,8.514329560124655e-5
4,10,7,2.133574664738098e-8
4,10,8,2.8060682857897698e-5
4,10,9,1.4513102132323795e-8
4,10,10,7.868397711021464e-5
4,11,1,3.679408934645604e-7
4,11,2,9.505551948765892e-9
4,11,3,3.623330927415297e-8
4,11,4,5.447188934173341e-5
4,11,5,2.454073543800868e-7
4,11,6,8.51788988816254e-5
4,11,7,2.133730708935498e-8
4,11,8,2.806175736863853e-5
4,11,9,1.4513648852935462e-8
4,11,10,7.869165269529136e-5
4,12,1,3.6794572415737375e-7
4,12,2,9.551005455238523e-9
4,12,3,3.623370365693954e-8
4,12,4,5.447907039697458e-5
4,12,5,2.4543676948541614e-7
4,12,6,8.520875826948088e-5
4,12,7,2.1338471046232544e-8
4,12,8,2.8063260805699664e-5
4,12,9,1.4514201368580448e-8
4,12,10,7.870209869810921e-5
4,13,1,3.679533272844982e-7
4,13,2,9.552988053615224e-9
4,13,3,3.623418785509446e-8
4,13,4,5.4483843396564555e-5
4,13,5,2.454785947483451e-7
4,13,6,8.523588870307691e-5
4,13,7,2.134023352533016e-8
4,13,8,2.8064938824506398e-5
4,13,9,1.451476135504471e-8
4,13,10,7.871612253799269e-5
4,14,1,3.679678609826037e-7
4,14,2,9.554927886685334e-9
4,14,3,3.623495704654934e-8
4,14,4,5.448596685899878e-5
4,14,5,2.455698103435668e-7
4,14,6,8.52573437203431e-5
4,14,7,2.1341376528885036e-8
4,14,8,2.8068108476550713e-5
4,14,9,1.4515331705841494e-8
4,14,10,7.873134377589553e-5
4,15,1,3.67973298766971e-7
4,15,2,9.556546834879444e-9
4,15,3,3.623602450778506e-8
4,15,4,5.448673937324746e-5
4,15,5,2.45616481395301e-7
4,15,6,8.52817166942111e-5
4,15,7,2.1342579654765064e-8
4,15,8,2.8069244105612526e-5
4,15,9,1.4515919304112002e-8
4,15,10,7.874929178257372e-5
4,16,1,3.679857638356797e-7
4,16,2,9.5577952410796e-9
4,16,3,3.623783871892635e-8
4,16,4,5.44897117837494e-5
4,16,5,2.4565839140622824e-7
4,16,6,8.529888950946368e-5
4,16,7,2.1343495712578435e-8
4,16,8,2.8072971182527615e-5
4,16,9,1.4516486879379346e-8
4,16,10,7.875988130765977e-5
4,17,1,3.680114653712539e-7
4,17,2,9.559306701237848e-9
4,17,3,3.6241221345758e-8
4,17,4,5.4500021560338255e-5
4,17,5,2.456850939815721e-7
4,17,6,8.532513286194095e-5
4,17,7,2.1345844791060525e-8
4,17,8,2.8078915426425314e-5
4,17,9,1.4517261049576713e-8
4,17,10,7.877704471318535e-5
4,18,1,3.6801932815549337e-7
4,18,2,9.560900440081576e-9
4,18,3,3.624716021835471e-8
4,18,4,5.450905050241918e-5
4,18,5,2.457007862028296e-7
4,18,6,8.534929389962549e-5
4,18,7,2.1347058455221868e-8
4,18,8,2.808141975498897e-5
4,18,9,1.4518224802271395e-8
4,18,10,7.87828927992671e-5
4,19,1,3.6803176864561423e-7
4,19,2,9.562099773624802e-9
4,19,3,3.904849519657351e-8
4,19,4,5.451523428823019e-5
4,19,5,2.457140228460634e-7
4,19,6,8.537632921794085e-5
4,19,7,2.1348932668284917e-8
4,19,8,2.808282303686301e-5
4,19,9,1.4519352015169707e-8
4,19,10,7.879674725990812e-5
4,20,1,3.6805232827557665e-7
4,20,2,9.563096807079568e-9
4,20,3,3.906339751530638e-8
4,20,4,5.452272161068452e-5
4,20,5,2.4573573994046447e-7
4,20,6,8.539695856284652e-5
4,20,7,2.1350687283161764e-8
4,20,8,2.8082632022677852e-5
4,20,9,1.4520380284401054e-8
4,20,10,7.880234636150265e-5
4,21,1,3.680652908574533e-7
4,21,2,9.564618096264564e-9
4,21,3,3.9073751875281774e-8
4,21,4,5.4535514701452024e-5
4,21,5,2.457617528687561e-7
4,21,6,8.543479383815382e-5
4,21,7,2.1351952416721062e-8
4,21,8,2.8088492570196412e-5
4,21,9,1.4521350499060896e-8
4,21,10,7.882860561018225e-5
4,22,1,3.6808674911451395e-7
4,22,2,9.566050699237123e-9
4,22,3,3.9087071627293944e-8
4,22,4,5.4550001599572164e-5
4,22,5,2.4577518596587217e-7
4,22,6,8.547830350251141e-5
4,22,7,2.1354811881703373e-8
4,22,8,2.809253192603771e-5
4,22,9,1.4522906233901819e-8
4,22,10,7.885227670488743e-5
4,23,1,6.543086426489113e-7
4,23,2,9.568199395375113e-9
4,23,3,3.910080442629281e-8
4,23,4,5.459405918413741e-5
4,23,5,2.458328173366247e-7
4,23,6,8.55560130359247e-5
4,23,7,2.1357598849144666e-8
4,23,8,2.8102719141275954e-5
4,23,9,1.4524911641514302e-8
4,23,10,7.891143559777981e-5
4,24,1,6.545885945281853e-7
4,24,2,9.622392919488815e-9
4,24,3,3.91727215440656e-8
4,24,4,5.4661425075978774e-5
4,24,5,2.458103219417587e-7
4,24,6,8.571679197115404e-5
4,24,7,2.136326538828681e-8
4,24,8,2.812717906986539e-5
4,24,9,1.4527094125936343e-8
4,24,10,7.902816309042619e-5
5,1,1,0.00036047725182219184
5,1,2,0.00036010894118055465
5,1,3,0.0003601372573046991
5,1,4,0.00042035666792370217
5,1,5,0.0003603511787777584
5,1,6,0.0004580115758442514
5,1,7,0.00036011655371756817
5,1,8,0.000390100835517771
5,1,9,0.0003601148303468103
5,1,10,0.0004500197933801515
5,2,1,0.0003604771699156281
5,2,2,0.00036010946310620454
5,2,3,0.0003601372512023599
5,2,4,0.0004204084979080435
5,2,5,0.0003603511976281839
5,2,6,0.0004580388830008111
5,2,7,0.0003601210514036193
5,2,8,0.00039009043351688846
5,2,9,0.0003601148301614614
5,2,10,0.00044991544175141985
5,3,1,0.00036047718591500404
5,3,2,0.0003601094634237957
5,3,3,0.00036013725233179035
5,3,4,0.0004204347815200942
5,3,5,0.0003603512157907827
5,3,6,0.0004580974845393378
5,3,7,0.00036012106221729927
5,3,8,0.0003900894316511543
5,3,9,0.0003601148298974995
5,3,10,0.0004499327343580247
5,4,1,0.00036047720380826735
5,4,2,0.00036010946625439355
5,4,3,0.0003601372530118735
5,4,4,0.00042045648840239013
5,4,5,0.0003603512279260747
5,4,6,0.0004579991154800162
5,4,7,0.00036012178787451333
5,4,8,0.0003900961020499424
5,4,9,0.0003601148304656958
5,4,10,0.0004499342479049514
5,5,1,0.0003604771900506144
5,5,2,0.00036010947062766
5,5,3,0.00036013725340112556
5,5,4,0.00042046469261120895
5,5,5,0.0003603512659609605
5,5,6,0.0004580580914557374
5,5,7,0.00036012179259083447
5,5,8,0.00039009757724812625
5,5,9,0.0003601148299300191
5,5,10,0.0004499448712251227
5,6,1,0.0003604772052962747
5,6,2,0.00036010964596506405
5,6,3,0.0003601372536961114
5,6,4,0.00042038074457600836
5,6,5,0.0003603512848061968
5,6,6,0.0004581103815292902
5,6,7,0.0003601217969096302
5,6,8,0.000390099103192917
5,6,9,0.0003601148311445794
5,6,10,0.00044995125258835955
5,7,1,0.000360477188400153
5,7,2,0.0003601096522818818
5,7,3,0.0003601372543742033
5,7,4,0.00042038844004683887
5,7,5,0.0003603513519274343
5,7,6,0.0004581586893737289
5,7,7,0.0003601217985530385
5,7,8,0.0003901010664347528
5,7,9,0.00036011483185544697
5,7,10,0.00044995590380421743
5,8,1,0.00036047720124864936
5,8,2,0.0003601096558412341
5,8,3,0.000360137255012763
5,8,4,0.0004203938373461423
5,8,5,0.0003603513873961024
5,8,6,0.0004582036023484062
5,8,7,0.0003601217996930407
5,8,8,0.00039010289567262924
5,8,9,0.00036011483237054844
5,8,10,0.0004499447830061373
5,9,1,0.0003604772146159687
5,9,2,0.00036010965778130794
5,9,3,0.00036013725562011704
5,9,4,0.0004204041997027907
5,9,5,0.0003603514217972298
5,9,6,0.000458250278330162
5,9,7,0.00036012180136852105
5,9,8,0.0003901025755365155
5,9,9,0.0003601148327216717
5,9,10,0.0004499532236061105
5,10,1,0.0003604772236376708
5,10,2,0.0003601096606416316
5,10,3,0.0003601372564157291
5,10,4,0.00042041220942394514
5,10,5,0.00036035144699197725
5,10,6,0.0004582838865336556
5,10,7,0.0003601218029754467
5,10,8,0.00039010541311189546
5,10,9,0.00036011483320868524
5,10,10,0.0004499499244070846
5,11,1,0.0003604772317745873
5,11,2,0.00036010966478775247
5,11,3,0.0003601372565309614
5,11,4,0.000420420091602861
5,11,5,0.00036035146760034437
5,11,6,0.0004583235639080683
5,11,7,0.00036012180499218443
5,11,8,0.0003901068569314277
5,11,9,0.0003601148338250309
5,11,10,0.00044995935080500803
5,12,1,0.00036047723709514804
5,12,2,0.0003601097109744875
5,12,3,0.000360137257141917
5,12,4,0.00042042770849794333
5,12,5,0.00036035149666861565
5,12,6,0.0004583565397300783
5,12,7,0.00036012180670227657
5,12,8,0.000390108704364224
5,12,9,0.000360114834486729
5,12,10,0.00044997163009277696
5,13,1,0.0003604772461966943
5,13,2,0.00036010971575044075
5,13,3,0.00036013725779889975
5,13,4,0.0004204332137525507
5,13,5,0.0003603515365736647
5,13,6,0.0004583878159370716
5,13,7,0.0003601218090040343
5,13,8,0.00039011078825912436
5,13,9,0.00036011483527507987
5,13,10,0.0004499880904855375
5,14,1,0.0003604772626367425
5,14,2,0.00036010971914612433
5,14,3,0.0003601372588841245
5,14,4,0.0004204360228275459
5,14,5,0.00036035162328440756
5,14,6,0.000458412856532212
5,14,7,0.0003601218105781651
5,14,8,0.0003901143199694884
5,14,9,0.000360114836015078
5,14,10,0.0004500062685346164
5,15,1,0.0003604772707419436
5,15,2,0.00036010972137101517
5,15,3,0.0003601372602529873
5,15,4,0.00042043883835014405
5,15,5,0.00036035166860854073
5,15,6,0.0004584418561991164
5,15,7,0.00036012181217548255
5,15,8,0.0003901173628761543
5,15,9,0.00036011483678039907
5,15,10,0.0004500278977300693
5,16,1,0.0003604772864856219
5,16,2,0.0003601097232976791
5,16,3,0.0003601372625230024
5,16,4,0.00042044318177103144
5,16,5,0.00036035171339495966
5,16,6,0.0004584632583061868
5,16,7,0.0003601218138983481
5,16,8,0.00039012197266071055
5,16,9,0.0003601148375685161
5,16,10,0.0004500417918297738
5,17,1,0.00036047732755934824
5,17,2,0.00036010972528704245
5,17,3,0.0003601372661686882
5,17,4,0.0004204548946917027
5,17,5,0.00036035174143505476
5,17,6,0.00045849342336731373
5,17,7,0.0003601218164693494
5,17,8,0.0003901283647026804
5,17,9,0.0003601148385586624
5,17,10,0.0004500614663366457
5,18,1,0.0003604773392739875
5,18,2,0.00036010972746762363
5,18,3,0.0003601372728384043
5,18,4,0.0004204652448685775
5,18,5,0.0003603517612185273
5,18,6,0.0004585229420579382
5,18,7,0.0003601218183003107
5,18,8,0.0003901321702515902
5,18,9,0.0003601148396124749
5,18,10,0.0004500721614396199
5,19,1,0.00036047735630430534
5,19,2,0.00036010972935940783
5,19,3,0.00036014019610467374
5,19,4,0.0004204730213557668
5,19,5,0.0003603517791368536
5,19,6,0.0004585564543569967
5,19,7,0.00036012182061605756
5,19,8,0.00039013623152492225
5,19,9,0.00036011484103679536
5,19,10,0.0004500907413470179
5,20,1,0.0003604773832953584
5,20,2,0.0003601097313845134
5,20,3,0.00036014021464718436
5,20,4,0.000420482454331399
5,20,5,0.0003603518112999515
5,20,6,0.00045858369284369467
5,20,7,0.00036012182294233345
5,20,8,0.00039014211265510856
5,20,9,0.00036011484244244434
5,20,10,0.0004501026126269941
5,21,1,0.0003604774068060791
5,21,2,0.0003601097337469026
5,21,3,0.00036014022735002667
5,21,4,0.0004204988642999322
5,21,5,0.0003603518469820298
5,21,6,0.00045863302016627963
5,21,7,0.00036012182499729637
5,21,8,0.0003901498629321598
5,21,9,0.0003601148438545041
5,21,10,0.0004501371815503083
5,22,1,0.00036047743879417216
5,22,2,0.00036010973614634045
5,22,3,0.0003601402450620319
5,22,4,0.0004205188414948149
5,22,5,0.00036035188337182184
5,22,6,0.00045869359062762865
5,22,7,0.0003601218285958114
5,22,8,0.00039015802338063086
5,22,9,0.0003601148458218292
5,22,10,0.0004501696794966093
5,23,1,0.00036077179046010624
5,23,2,0.0003601097394877159
5,23,3,0.00036014026225749714
5,23,4,0.00042057433078270386
5,23,5,0.0003603519603404087
5,23,6,0.0004587971705151312
5,23,7,0.0003601218326830625
5,23,8,0.0003901716477738766
5,23,9,0.0003601148489175191
5,23,10,0.0004502504841520514
5,24,1,0.0003607721110429722
5,24,2,0.00036010980154900946
5,24,3,0.0003601403453225978
5,24,4,0.00042065806168308493
5,24,5,0.0003603520057721958
5,24,6,0.00045899884612889775
5,24,7,0.00036012184025219554
5,24,8,0.00039019862600264194
5,24,9,0.0003601147602830823
5,24,10,0.00045039386660195317
6,1,1,6.45056447748519e-5
6,1,2,6.413576054147299e-5
6,1,3,6.416551364309636e-5
6,1,4,0.00013693190623553474
6,1,5,6.437899270821352e-5
6,1,6,0.00018443519723116745
6,1,7,6.414356299575113e-5
6,1,8,9.847683990846474e-5
6,1,9,6.414205965518518e-5
6,1,10,0.00017465395335162232
6,2,1,6.450555271617565e-5
6,2,2,6.413629362862465e-5
6,2,3,6.416550573615961e-5
6,2,4,0.0001370029592108648
6,2,5,6.437900451020149e-5
6,2,6,0.00018447178168848872
6,2,7,6.414840025737067e-5
6,2,8,9.846179798600841e-5
6,2,9,6.414205903567657e-5
6,2,10,0.0001746661616109675
6,3,1,6.450555691799838e-5
6,3,2,6.413629370637587e-5
6,3,3,6.416550683767883e-5
6,3,4,0.0001370407657752655
6,3,5,6.437901835443103e-5
6,3,6,0.00018454475477807912
6,3,7,6.414841217432325e-5
6,3,8,9.845879263694204e-5
6,3,9,6.414205703854255e-5
6,3,10,0.00017452681117898522
6,4,1,6.450556764508818e-5
6,4,2,6.413629614823461e-5
6,4,3,6.416550726678776e-5
6,4,4,0.00013706862755269943
6,4,5,6.437902737527396e-5
6,4,6,0.000184605242480407
6,4,7,6.414918775046662e-5
6,4,8,9.846482070806169e-5
6,4,9,6.41420567215174e-5
6,4,10,0.00017452986846702698
6,5,1,6.450554536467777e-5
6,5,2,6.413630007258188e-5
6,5,3,6.416550743424808e-5
6,5,4,0.00013708191662669132
6,5,5,6.437905706438e-5
6,5,6,0.00018450366928556198
6,5,7,6.414919196963523e-5
6,5,8,9.846533437803846e-5
6,5,9,6.414205533987451e-5
6,5,10,0.00017454190020061865
6,6,1,6.450555435920193e-5
6,6,2,6.413648337763728e-5
6,6,3,6.41655077613979e-5
6,6,4,0.0001370831687184341
6,6,5,6.437907119876715e-5
6,6,6,0.00018457694231638062
6,6,7,6.414919632835223e-5
6,6,8,9.84664474602332e-5
6,6,9,6.414205630906513e-5
6,6,10,0.00017454857542579865
6,7,1,6.450553190580311e-5
6,7,2,6.413648920718622e-5
6,7,3,6.416550853213981e-5
6,7,4,0.00013699057413430125
6,7,5,6.437913332798799e-5
6,7,6,0.00018464040302995633
6,7,7,6.414919767101007e-5
6,7,8,9.846802293391032e-5
6,7,9,6.414205686471545e-5
6,7,10,0.00017455350039391
6,8,1,6.450554061238112e-5
6,8,2,6.41364924538517e-5
6,8,3,6.416550929506206e-5
6,8,4,0.00013699903151335877
6,8,5,6.437916721023326e-5
6,8,6,0.00018470152415516071
6,8,7,6.414919877215454e-5
6,8,8,9.84698355836537e-5
6,8,9,6.414205720577097e-5
6,8,10,0.00017453823409365848
6,9,1,6.45055534808913e-5
6,9,2,6.413649451039044e-5
6,9,3,6.416551007732149e-5
6,9,4,0.00013701319214640218
6,9,5,6.437919853711724e-5
6,9,6,0.0001847598814107757
6,9,7,6.414920036045704e-5
6,9,8,9.846310555156081e-5
6,9,9,6.414205751382337e-5
6,9,10,0.00017454753896221413
6,10,1,6.450555891812376e-5
6,10,2,6.413649712814798e-5
6,10,3,6.416551091376806e-5
6,10,4,0.0001370234626689826
6,10,5,6.437922125364671e-5
6,10,6,0.00018480212777519054
6,10,7,6.414920192043176e-5
6,10,8,9.847144973431732e-5
6,10,9,6.414205787666853e-5
6,10,10,0.00017454109421718693
6,11,1,6.450556346948664e-5
6,11,2,6.413669754960113e-5
6,11,3,6.416551080658017e-5
6,11,4,0.00013703296577224734
6,11,5,6.437923963414739e-5
6,11,6,0.00018485213823568212
6,11,7,6.414920399485786e-5
6,11,8,9.847252920462079e-5
6,11,9,6.414205850784107e-5
6,11,10,0.00017455167368394826
6,12,1,6.450556513976783e-5
6,12,2,6.413654843327759e-5
6,12,3,6.416551131895294e-5
6,12,4,0.00013704204280418257
6,12,5,6.437926563895337e-5
6,12,6,0.00018489315736507032
6,12,7,6.414920574435813e-5
6,12,8,9.847406106037155e-5
6,12,9,6.414205910287213e-5
6,12,10,0.0001745659542854023
6,13,1,6.45055711498464e-5
6,13,2,6.41367497289697e-5
6,13,3,6.416551201386916e-5
6,13,4,0.00013704856237423837
6,13,5,6.437930256542682e-5
6,13,6,0.00018493198597404427
6,13,7,6.41492080895255e-5
6,13,8,9.847598002524418e-5
6,13,9,6.414205981038109e-5
6,13,10,0.00017458553938235976
6,14,1,6.450558456727723e-5
6,14,2,6.413675350912128e-5
6,14,3,6.416551310493765e-5
6,14,4,0.0001370511397328325
6,14,5,6.437938317349638e-5
6,14,6,0.00018496255920638426
6,14,7,6.4149209704599e-5
6,14,8,9.847977417116487e-5
6,14,9,6.414206054264429e-5
6,14,10,0.00017460736547889836
6,15,1,6.450558988570069e-5
6,15,2,6.413675608889453e-5
6,15,3,6.416551458808576e-5
6,15,4,0.00013705309471278093
6,15,5,6.43794253747767e-5
6,15,6,0.00018499806297239568
6,15,7,6.414921141831313e-5
6,15,8,9.848210804935555e-5
6,15,9,6.414206131183455e-5
6,15,10,0.00017463381677245812
6,16,1,6.450560387470544e-5
6,16,2,6.41367582728798e-5
6,16,3,6.41655171307944e-5
6,16,4,0.00013705804210755235
6,16,5,6.437946662166645e-5
6,16,6,0.00018502364921665784
6,16,7,6.414921296661317e-5
6,16,8,9.848687592618966e-5
6,16,9,6.414206212909127e-5
6,16,10,0.00017465003404442295
6,17,1,6.450564648713353e-5
6,17,2,6.413676058372947e-5
6,17,3,6.416552157730295e-5
6,17,4,0.00013707216593611575
6,17,5,6.437949488951412e-5
6,17,6,0.00018506228765549767
6,17,7,6.414921604793713e-5
6,17,8,9.849441217098114e-5
6,17,9,6.41420631464242e-5
6,17,10,0.00017467508252390124
6,18,1,6.450565620216465e-5
6,18,2,6.413676307776833e-5
6,18,3,6.416552955712007e-5
6,18,4,0.00013708565008439528
6,18,5,6.437951333239835e-5
6,18,6,0.0001850983837012089
6,18,7,6.414921779189254e-5
6,18,8,9.849815673782447e-5
6,18,9,6.414206445237678e-5
6,18,10,0.0001746857054744299
6,19,1,6.450567153589477e-5
6,19,2,6.413676503435182e-5
6,19,3,6.416861197134141e-5
6,19,4,0.00013709497526929115
6,19,5,6.437953014186617e-5
6,19,6,0.00018513968196707574
6,19,7,6.414922038613966e-5
6,19,8,9.850180961119565e-5
6,19,9,6.414206597054558e-5
6,19,10,0.000174708352390118
6,20,1,6.450569687421183e-5
6,20,2,6.413676696370907e-5
6,20,3,6.416863502408205e-5
6,20,4,0.00013710610226968568
6,20,5,6.4379560333099e-5
6,20,6,0.00018517215703605508
6,20,7,6.414922288803603e-5
6,20,8,9.850631696292781e-5
6,20,9,6.414206739620318e-5
6,20,10,0.00017472053669067796
6,21,1,6.450571771596479e-5
6,21,2,6.413676946708625e-5
6,21,3,6.416865033643932e-5
6,21,4,0.00013712642617640125
6,21,5,6.437959605434794e-5
6,21,6,0.0001852322676115213
6,21,7,6.41492248389489e-5
6,21,8,9.851504131078238e-5
6,21,9,6.414206878391983e-5
6,21,10,0.0001747633941382988
6,22,1,6.450574494526641e-5
6,22,2,6.413677190925879e-5
6,22,3,6.41686714598862e-5
6,22,4,0.00013714896548257504
6,22,5,6.437962815669165e-5
6,22,6,0.00018530080423222802
6,22,7,6.414922877187622e-5
6,22,8,9.852269809145032e-5
6,22,9,6.414207081108959e-5
6,22,10,0.00017479925782885967
6,23,1,6.480178544959357e-5
6,23,2,6.41367758583471e-5
6,23,3,6.416869199750701e-5
6,23,4,0.00013721637484867143
6,23,5,6.437970789988076e-5
6,23,6,0.000185428870353547
6,23,7,6.414923331777382e-5
6,23,8,9.853863425033317e-5
6,23,9,6.414207414965683e-5
6,23,10,0.00017490006056490714
6,24,1,6.480209076962235e-5
6,24,2,6.4136850501488e-5
6,24,3,6.416878081318364e-5
6,24,4,0.0001373171890624744
6,24,5,6.437974732666708e-5
6,24,6,0.00018567574223324554
6,24,7,6.414924133709916e-5
6,24,8,9.857029798698041e-5
6,24,9,6.413194691953166e-5
6,24,10,0.00017507824770928362
7,1,1,0.00016259034904383225
7,1,2,0.00016221234241264802
7,1,3,0.0001622417984499285
7,1,4,0.00022837250840917995
7,1,5,0.00016246082337441006
7,1,6,0.00027153745424534926
7,1,7,0.0001622201582073579
7,1,8,0.0001942656303688068
7,1,9,0.00016221846568013117
7,1,10,0.0002626408487120036
7,2,1,0.00016259023315860153
7,2,2,0.00016221288937994725
7,2,3,0.00016224178948367877
7,2,4,0.0002283327557547777
7,2,5,0.000162460863681224
7,2,6,0.0002715752382533744
7,2,7,0.0001622248643100443
7,2,8,0.00019425286226637637
7,2,9,0.00016221846453310317
7,2,10,0.00026251422966530136
7,3,1,0.0001625902699855568
7,3,2,0.0001622128889632058
7,3,3,0.00016224179438387816
7,3,4,0.000228407584222733
7,3,5,0.00016246091364634273
7,3,6,0.0002716923777407606
7,3,7,0.00016222487676355383
7,3,8,0.0001942493276904876
7,3,9,0.00016221846458587053
7,3,10,0.00026255716222294305
7,4,1,0.0001625903071079884
7,4,2,0.00016221289393130836
7,4,3,0.00016224179412137736
7,4,4,0.00022843545373340683
7,4,5,0.00016246092429989556
7,4,6,0.0002717512566898538
7,4,7,0.00016222563904509386
7,4,8,0.0001942610418000038
7,4,9,0.0001622184661032723
7,4,10,0.0002625750567306396
7,5,1,0.0001625902786830755
7,5,2,0.0001622128995784666
7,5,3,0.000162241794004856
7,5,4,0.00022844474627323183
7,5,5,0.0001624609618530534
7,5,6,0.000271816601665897
7,5,7,0.00016222564361398852
7,5,8,0.00019426208013304278
7,5,9,0.00016221846593763157
7,5,10,0.00026255753618536186
7,6,1,0.00016259031719274963
7,6,2,0.00016221307843698312
7,6,3,0.00016224179509255387
7,6,4,0.00022845820462717896
7,6,5,0.00016246100017824102
7,6,6,0.0002719058699990576
7,6,7,0.00016222564957872794
7,6,8,0.00019426645589430198
7,6,9,0.00016221846709204551
7,6,10,0.00026256940224416326
7,7,1,0.00016259038177145424
7,7,2,0.00016221308609463012
7,7,3,0.00016224180051118081
7,7,4,0.00022850806058902437
7,7,5,0.00016246111237986393
7,7,6,0.0002720088153415958
7,7,7,0.0001622256538165409
7,7,8,0.00019427890244370233
7,7,9,0.00016221847018983813
7,7,10,0.00026261390321559355
7,8,1,0.00016259048987660526
7,8,2,0.00016221309197745235
7,8,3,0.0001622418068395128
7,8,4,0.00022855391304955994
7,8,5,0.00016246120545431456
7,8,6,0.0002721294942341181
7,8,7,0.00016222565923630053
7,8,8,0.00019429576595978552
7,8,9,0.00016221847428711747
7,8,10,0.00026265725962752647
7,9,1,0.0001625902184849499
7,9,2,0.00016221308706564031
7,9,3,0.0001622417890170496
7,9,4,0.00022845776571737256
7,9,5,0.00016246107644502026
7,9,6,0.00027199460001659594
7,9,7,0.00016222564892228494
7,9,8,0.0001942156916508466
7,9,9,0.00016221846422490645
7,9,10,0.0002624932753597081
7,10,1,0.00016259030784089015
7,10,2,0.0001622130915972024
7,10,3,0.00016224179652308963
7,10,4,0.00022849365910004415
7,10,5,0.00016246114933977923
7,10,6,0.00027208422628400804
7,10,7,0.00016222565351562692
7,10,8,0.0001942628319940095
7,10,9,0.00016221846762963995
7,10,10,0.00026252895181601694
7,11,1,0.00016259071360180783
7,11,2,0.00016221310414501135
7,11,3,0.0001622418195961557
7,11,4,0.00022863634095970394
7,11,5,0.00016246141256848654
7,11,6,0.00027236748908760275
7,11,7,0.000162225671068327
7,11,8,0.00019432057288955266
7,11,9,0.00016221848238883992
7,11,10,0.00026274799220539957
7,12,1,0.0001625908057159056
7,12,2,0.0001622131558112508
7,12,3,0.00016224182564410965
7,12,4,0.00022869177002489443
7,12,5,0.00016246149772875028
7,12,6,0.0002724713092719386
7,12,7,0.00016222567624273962
7,12,8,0.00019433611048640735
7,12,9,0.0001622184868331064
7,12,10,0.0002628280023279307
7,13,1,0.00016259085503149523
7,13,2,0.0001622131603636842
7,13,3,0.00016224182973032742
7,13,4,0.00022871538359623667
7,13,5,0.00016246158819554154
7,13,6,0.00027254966792552855
7,13,7,0.00016222568030202793
7,13,8,0.00019434669491864078
7,13,9,0.00016221848952327963
7,13,10,0.000262871350916185
7,14,1,0.00016259089335681127
7,14,2,0.00016221316332411123
7,14,3,0.0001622418308376151
7,14,4,0.00022872429710759956
7,14,5,0.00016246169084988097
7,14,6,0.0002725893533118276
7,14,7,0.0001622256814670447
7,14,8,0.00019435284890457997
7,14,9,0.00016221849032325598
7,14,10,0.00026291828409669263
7,15,1,0.000162590583125443
7,15,2,0.00016221315923724603
7,15,3,0.00016224181541526407
7,15,4,0.00022862986813926628
7,15,5,0.00016246154375848174
7,15,6,0.00027245701565363197
7,15,7,0.00016222567136785817
7,15,8,0.00019431585826978093
7,15,9,0.00016221848034493006
7,15,10,0.0002627971268329378
7,16,1,0.0001625905217634445
7,16,2,0.0001622131587810782
7,16,3,0.00016224181395811153
7,16,4,0.0002286073551730897
7,16,5,0.00016246154298398642
7,16,6,0.00027242436182554333
7,16,7,0.00016222567027324663
7,16,8,0.00019431085955522742
7,16,9,0.00016221847826706454
7,16,10,0.0002627628319961074
7,17,1,0.0001625904065974945
7,17,2,0.00016221315770256227
7,17,3,0.00016224180918594574
7,17,4,0.00022857126997300294
7,17,5,0.0001624614881933742
7,17,6,0.000272378922094533
7,17,7,0.00016222566712216396
7,17,8,0.0001942867177649021
7,17,9,0.0001622184735362662
7,17,10,0.00026263228451989587
7,18,1,0.00016259017959130559
7,18,2,0.00016221314658697512
7,18,3,0.00016224178380529035
7,18,4,0.0002283866075380641
7,18,5,0.0001624613578817136
7,18,6,0.0002722128597273509
7,18,7,0.00016222565868155548
7,18,8,0.00019422310778607587
7,18,9,0.00016221846547874753
7,18,10,0.0002623873707879618
7,19,1,0.00016259010128050734
7,19,2,0.0001622131544247059
7,19,3,0.00016224485588541853
7,19,4,0.00022845605462650748
7,19,5,0.00016246130832699127
7,19,6,0.0002722172621993824
7,19,7,0.0001622256594756055
7,19,8,0.00019424013542089792
7,19,9,0.00016221846468128626
7,19,10,0.00026253754309326494
7,20,1,0.00016259011232737627
7,20,2,0.00016221315534577842
7,20,3,0.0001622448772374826
7,20,4,0.00022845929040895017
7,20,5,0.00016246131422572164
7,20,6,0.0002722302284117216
7,20,7,0.00016222565934551834
7,20,8,0.0001942522819397095
7,20,9,0.00016221846565312473
7,20,10,0.00026253855875522756
7,21,1,0.00016259064221612024
7,21,2,0.00016221316924313928
7,21,3,0.00016224492089975904
7,21,4,0.00022867586025020025
7,21,5,0.00016246165318233797
7,21,6,0.0002725881329816935
7,21,7,0.00016222568037472867
7,21,8,0.00019432799533126714
7,21,9,0.0001622184843351321
7,21,10,0.0002628367195584679
7,22,1,0.00016259100909978428
7,22,2,0.00016221318045371425
7,22,3,0.0001622449672801725
7,22,4,0.0002288378100512829
7,22,5,0.00016246195302227988
7,22,6,0.0002729002541518348
7,22,7,0.00016222570127540073
7,22,8,0.00019438350705076657
7,22,9,0.00016221850079777312
7,22,10,0.0002630566614234888
7,23,1,0.00016289545097550976
7,23,2,0.00016221320638591847
7,23,3,0.0001622450368297664
7,23,4,0.00022921648956413342
7,23,5,0.000162462469212081
7,23,6,0.00027360995790214076
7,23,7,0.0001622257419299636
7,23,8,0.00019452985628847554
7,23,9,0.00016221853863164728
7,23,10,0.00026367741675275473
7,24,1,0.0001629006625586901
7,24,2,0.00016221347742552742
7,24,3,0.000162245261080527
7,24,4,0.00023021328793019585
7,24,5,0.00016246384090368268
7,24,6,0.0002754299253488438
7,24,7,0.0001622258485226555
7,24,8,0.00019491589928213228
7,24,9,0.00016221861900745524
7,24,10,0.00026522071402522527
8,1,1,0.00026521564013564747
8,1,2,0.00026483974041420017
8,1,3,0.0002648687551911087
8,1,4,0.0003276957363145892
8,1,5,0.00026508705778949753
8,1,6,0.00036750178773305696
8,1,7,0.0002648475088273168
8,1,8,0.00029581964885544383
8,1,9,0.00026484577681222017
8,1,10,0.00035920669108500193
8,2,1,0.00026521557382242313
8,2,2,0.0002648402827082574
8,2,3,0.0002648687497089156
8,2,4,0.000327706491706822
8,2,5,0.0002650869621858385
8,2,6,0.00036755944764492866
8,2,7,0.00026485212627483644
8,2,8,0.00029580571000880013
8,2,9,0.0002648457774591614
8,2,10,0.0003590741083555122
8,3,1,0.00026521553702636594
8,3,2,0.0002648402825417442
8,3,3,0.00026486874818905826
8,3,4,0.0003277226684714605
8,3,5,0.00026508694070753725
8,3,6,0.00036758882956843637
8,3,7,0.00026485213491906213
8,3,8,0.0002958020982944777
8,3,9,0.0002648457747417547
8,3,10,0.0003590904223585404
8,4,1,0.000265215495647341
8,4,2,0.0002648402844765759
8,4,3,0.0002648687448037989
8,4,4,0.00032772312894601004
8,4,5,0.000265086917314938
8,4,6,0.0003676088152201613
8,4,7,0.00026485287818998204
8,4,8,0.0002958007129109892
8,4,9,0.0002648457732415197
8,4,10,0.00035906264227775366
8,5,1,0.0002652154290290713
8,5,2,0.0002648402875001956
8,5,3,0.0002648687425829953
8,5,4,0.0003276286619629261
8,5,5,0.00026508692799700074
8,5,6,0.0003676432856010536
8,5,7,0.00026485288113574503
8,5,8,0.00029579581361665594
8,5,9,0.0002648457715872031
8,5,10,0.00035904229388343664
8,6,1,0.0002652154171484887
8,6,2,0.0002648404650921728
8,6,3,0.00026486874117496827
8,6,4,0.00032762425565665
8,6,5,0.00026508693448918573
8,6,6,0.0003676894951328436
8,6,7,0.0002648528842436126
8,6,8,0.00029579212657068326
8,6,9,0.00026484577098605195
8,6,10,0.0003590313395387921
8,7,1,0.00026521539927609153
8,7,2,0.0002648404713228715
8,7,3,0.00026486874115148217
8,7,4,0.0003276358162619244
8,7,5,0.0002650869937686019
8,7,6,0.0003677347751146503
8,7,7,0.00026485288524407037
8,7,8,0.00029579152316098556
8,7,9,0.0002648457711964165
8,7,10,0.00035902883752895955
8,8,1,0.00026521541115925005
8,8,2,0.0002648404751248577
8,8,3,0.0002648687418408953
8,8,4,0.00032764602410990316
8,8,5,0.0002650870306078538
8,8,6,0.00036778737766622426
8,8,7,0.00026485288648629224
8,8,8,0.0002957932097730698
8,8,9,0.000264845771574348
8,8,10,0.0003590171402809883
8,9,1,0.00026521543203617833
8,9,2,0.0002648404776360866
8,9,3,0.00026486874297898565
8,9,4,0.000327659162207186
8,9,5,0.00026508707081319245
8,9,6,0.00036784214218795976
8,9,7,0.00026485288848939224
8,9,8,0.00029579577305778994
8,9,9,0.0002648457722225021
8,9,10,0.00035903121341777694
8,10,1,0.00026521545283504384
8,10,2,0.0002648404808120816
8,10,3,0.0002648687444294688
8,10,4,0.00032767107806833253
8,10,5,0.0002650871015162209
8,10,6,0.00036788382240772905
8,10,7,0.0002648528903700224
8,10,8,0.0002957978710705775
8,10,9,0.0002648457731192509
8,10,10,0.0003590306236429691
8,11,1,0.0002652154680938942
8,11,2,0.0002648404847478413
8,11,3,0.000264868744940896
8,11,4,0.0003276818102365209
8,11,5,0.00026508712709295373
8,11,6,0.0003679305797628645
8,11,7,0.00026485289254370674
8,11,8,0.00029579971213856423
8,11,9,0.0002648457740241104
8,11,10,0.0003590420220812782
8,12,1,0.0002652154497753156
8,12,2,0.00026484053205559334
8,12,3,0.0002648687441207721
8,12,4,0.00032768382370297096
8,12,5,0.00026508714200188264
8,12,6,0.0003679521521554571
8,12,7,0.00026485289329765497
8,12,8,0.00029579751767331273
8,12,9,0.00026484577393386317
8,12,10,0.00035904052956055917
8,13,1,0.00026521545255751974
8,13,2,0.00026484053612192194
8,13,3,0.00026486874464098464
8,13,4,0.00032768793113776055
8,13,5,0.0002650871814067057
8,13,6,0.0003679830505805069
8,13,7,0.0002648528953262544
8,13,8,0.0002957988424967929
8,13,9,0.0002648457745706986
8,13,10,0.0003590549896183973
8,14,1,0.0002652152768872005
8,14,2,0.000264840535733256
8,14,3,0.0002648687362050847
8,14,4,0.0003276326092362761
8,14,5,0.00026508717262113245
8,14,6,0.0003679169026003308
8,14,7,0.000264852890267974
8,14,8,0.00029577753639639415
8,14,9,0.000264845769514506
8,14,10,0.000358992429709021
8,15,1,0.0002652152677683692
8,15,2,0.0002648405376063311
8,15,3,0.0002648687367088466
8,15,4,0.0003276306612339067
8,15,5,0.0002650872095888706
8,15,6,0.0003679382735370659
8,15,7,0.00026485289125560826
8,15,8,0.0002957788967338083
8,15,9,0.00026484576974682817
8,15,10,0.00035900699260574926
8,16,1,0.00026521526963752646
8,16,2,0.00026484053878892604
8,16,3,0.00026486873735510934
8,16,4,0.00032762470706542774
8,16,5,0.0002650872367477466
8,16,6,0.0003679411358002153
8,16,7,0.00026485289161844937
8,16,8,0.00029577903137712835
8,16,9,0.0002648457694463098
8,16,10,0.0003590033082658156
8,17,1,0.0002652152394353439
8,17,2,0.0002648405394434716
8,17,3,0.0002648687384659537
8,17,4,0.0003276257742791936
8,17,5,0.0002650872363098469
8,17,6,0.00036794563663534427
8,17,7,0.0002648528925904055
8,17,8,0.00029577924896017726
8,17,9,0.0002648457685543839
8,17,10,0.00035899955223284494
8,18,1,0.0002652152078491956
8,18,2,0.00026484054071153985
8,18,3,0.00026486874249499845
8,18,4,0.0003276208720833058
8,18,5,0.0002650872246325582
8,18,6,0.0003679444415349697
8,18,7,0.0002648528925088124
8,18,8,0.0002957731461363194
8,18,9,0.00026484576822188974
8,18,10,0.00035895857393736464
8,19,1,0.00026521516176358046
8,19,2,0.00026484053994505494
8,19,3,0.00026487173814693633
8,19,4,0.0003275973802084061
8,19,5,0.0002650870856354632
8,19,6,0.00036791509388081986
8,19,7,0.0002648528844357644
8,19,8,0.0002957416052582819
8,19,9,0.0002648457665595777
8,19,10,0.0003588484781233084
8,20,1,0.0002652149479564302
8,20,2,0.00026484053642795167
8,20,3,0.00026487175503950945
8,20,4,0.0003275922343616395
8,20,5,0.0002650870978682119
8,20,6,0.0003678081364752395
8,20,7,0.00026485288512245384
8,20,8,0.00029574277492619997
8,20,9,0.00026484576639947653
8,20,10,0.0003588408454900379
8,21,1,0.000265215168009264
8,21,2,0.0002648405433929503
8,21,3,0.00026487176810443094
8,21,4,0.0003276134630747665
8,21,5,0.0002650872473297468
8,21,6,0.0003679674690408119
8,21,7,0.00026485289427637804
8,21,8,0.00029577636405005235
8,21,9,0.00026484576790347994
8,21,10,0.00035896962657247397
8,22,1,0.00026521518310884467
8,22,2,0.0002648405467315166
8,22,3,0.00026487178731181765
8,22,4,0.0003276404329233754
8,22,5,0.00026508727948873565
8,22,6,0.00036805431453862674
8,22,7,0.0002648528982621619
8,22,8,0.00029578397344141925
8,22,9,0.0002648457703496184
8,22,10,0.0003590158636776722
8,23,1,0.0002655150434265807
8,23,2,0.00026484055027581506
8,23,3,0.00026487180489409595
8,23,4,0.0003276973552731759
8,23,5,0.0002650873500458171
8,23,6,0.0003681624757898006
8,23,7,0.0002648529024200095
8,23,8,0.0002957981801503583
8,23,9,0.0002648457733282815
8,23,10,0.0003591038441005299
8,24,1,0.00026551536306761386
8,24,2,0.00026484061411859096
8,24,3,0.00026487188912568765
8,24,4,0.0003277789152494533
8,24,5,0.0002650874033947443
8,24,6,0.0003683804558349569
8,24,7,0.0002648529103700367
8,24,8,0.00029582834088488525
8,24,9,0.00026484577969016236
8,24,10,0.0003592650870660403
9,1,1,5.0853066974513245e-5
9,1,2,5.047540985568059e-5
9,1,3,5.0506080974872993e-5
9,1,4,0.00012717089656869517
9,1,5,5.0723505126306595e-5
9,1,6,0.00017613255018586091
9,1,7,5.048345227870838e-5
9,1,8,8.670736349992261e-5
9,1,9,5.04821734825123e-5
9,1,10,0.0001662226653703932
9,2,1,5.085276223606154e-5
9,2,2,5.047594120483353e-5
9,2,3,5.050606130092648e-5
9,2,4,0.00012717249765017416
9,2,5,5.072353022227448e-5
9,2,6,0.00017607709507640792
9,2,7,5.0488450941559066e-5
9,2,8,8.669340232235725e-5
9,2,9,5.0482163644686285e-5
9,2,10,0.00016607067164186
9,3,1,5.085269981160926e-5
9,3,2,5.0475938440737446e-5
9,3,3,5.050605860781633e-5
9,3,4,0.00012719469738620503
9,3,5,5.072350545358017e-5
9,3,6,0.0001761124876000561
9,3,7,5.048845936335178e-5
9,3,8,8.667378658125127e-5
9,3,9,5.0482158192353425e-5
9,3,10,0.00016604323305510475
9,4,1,5.0852644860539845e-5
9,4,2,5.0475939197173735e-5
9,4,3,5.0506054107544014e-5
9,4,4,0.00012719812200483993
9,4,5,5.0723472053893806e-5
9,4,6,0.0001761351942903153
9,4,7,5.048926167594212e-5
9,4,8,8.66821382257229e-5
9,4,9,5.048215497479669e-5
9,4,10,0.0001660009698023232
9,5,1,5.08526290443692e-5
9,5,2,5.047594320342791e-5
9,5,3,5.0506054989988346e-5
9,5,4,0.00012711819553852023
9,5,5,5.07235087892967e-5
9,5,6,0.0001762218248558993
9,5,7,5.04892638323037e-5
9,5,8,8.66737062538726e-5
9,5,9,5.0482154697580235e-5
9,5,10,0.00016601807214028797
9,6,1,5.085260084832791e-5
9,6,2,5.047613329698707e-5
9,6,3,5.05060532571916e-5
9,6,4,0.00012711136452421592
9,6,5,5.072354278701383e-5
9,6,6,0.00017633146514596258
9,6,7,5.048926995263175e-5
9,6,8,8.66800310310639e-5
9,6,9,5.0482156726400204e-5
9,6,10,0.00016604851398918983
9,7,1,5.085264694948863e-5
9,7,2,5.047614060154396e-5
9,7,3,5.050605741742211e-5
9,7,4,0.0001271564844080614
9,7,5,5.07235962516179e-5
9,7,6,0.0001763931364703143
9,7,7,5.0489270728475286e-5
9,7,8,8.667820853180051e-5
9,7,9,5.0482156644144835e-5
9,7,10,0.0001660440647125337
9,8,1,5.0852655055524174e-5
9,8,2,5.047614417551092e-5
9,8,3,5.050605849172032e-5
9,8,4,0.0001271695866652501
9,8,5,5.0723628486263326e-5
9,8,6,0.00017646061200355322
9,8,7,5.048927191161362e-5
9,8,8,8.668021724350779e-5
9,8,9,5.048215698552638e-5
9,8,10,0.00016603129723254505
9,9,1,5.0852672702270915e-5
9,9,2,5.0476146524526855e-5
9,9,3,5.050605979602228e-5
9,9,4,0.00012718726853939912
9,9,5,5.072366456525726e-5
9,9,6,0.000176530318428156
9,9,7,5.0489273983752675e-5
9,9,8,8.668284530481449e-5
9,9,9,5.0482157660157575e-5
9,9,10,0.0001660484437941103
9,10,1,5.085268896146667e-5
9,10,2,5.0476345024897225e-5
9,10,3,5.0506061342932e-5
9,10,4,0.0001272026890614484
9,10,5,5.0723690993104934e-5
9,10,6,0.00017658178803586726
9,10,7,5.0489275907365826e-5
9,10,8,8.668443210704581e-5
9,10,9,5.04821585919158e-5
9,10,10,0.0001660448438769203
9,11,1,5.085267351908926e-5
9,11,2,5.0476347524196977e-5
9,11,3,5.0506059991228755e-5
9,11,4,0.00012720325785474672
9,11,5,5.072369802900246e-5
9,11,6,0.00017661966974389932
9,11,7,5.048927675001709e-5
9,11,8,8.668040353016812e-5
9,11,9,5.048215827647871e-5
9,11,10,0.00016603675835391032
9,12,1,5.0852667926752203e-5
9,12,2,5.04762016506079e-5
9,12,3,5.0506060126229286e-5
9,12,4,0.0001272132847470342
9,12,5,5.072371867983651e-5
9,12,6,0.00017665921193560407
9,12,7,5.048927834080802e-5
9,12,8,8.668058692354003e-5
9,12,9,5.048215871830907e-5
9,12,10,0.00016604865943794194
9,13,1,5.085266008412785e-5
9,13,2,5.0476204550818716e-5
9,13,3,5.050606014883431e-5
9,13,4,0.00012721601632976725
9,13,5,5.072374953874329e-5
9,13,6,0.00017669151645137145
9,13,7,5.048928003701237e-5
9,13,8,8.667967616286555e-5
9,13,9,5.048215895802309e-5
9,13,10,0.00016605767835909093
9,14,1,5.0852637665396045e-5
9,14,2,5.0476403768759864e-5
9,14,3,5.0506059030341495e-5
9,14,4,0.00012720323960609437
9,14,5,5.0723814920249454e-5
9,14,6,0.00017669778772104344
9,14,7,5.0489279791617376e-5
9,14,8,8.667633694275506e-5
9,14,9,5.048215803686636e-5
9,14,10,0.00016605776188427447
9,15,1,5.0852438249875206e-5
9,15,2,5.047640138134507e-5
9,15,3,5.050604921223658e-5
9,15,4,0.00012713293881775334
9,15,5,5.072373843216e-5
9,15,6,0.00017661271211506105
9,15,7,5.048927286637e-5
9,15,8,8.664601315630875e-5
9,15,9,5.0482150332240257e-5
9,15,10,0.0001659754157987774
9,16,1,5.085241223582193e-5
9,16,2,5.047640222936145e-5
9,16,3,5.0506049389571846e-5
9,16,4,0.000127120403087828
9,16,5,5.072375802999707e-5
9,16,6,0.00017660811252426343
9,16,7,5.048927265485102e-5
9,16,8,8.664364665780555e-5
9,16,9,5.0482149233154035e-5
9,16,10,0.00016596333787957586
9,17,1,5.0852371085341024e-5
9,17,2,5.0476402621553165e-5
9,17,3,5.050604969039483e-5
9,17,4,0.0001271083233313626
9,17,5,5.072374586150613e-5
9,17,6,0.0001765984955940685
9,17,7,5.048927262637874e-5
9,17,8,8.663960903861055e-5
9,17,9,5.048214726764587e-5
9,17,10,0.0001659456714051432
9,18,1,5.0852313808246146e-5
9,18,2,5.047620390693144e-5
9,18,3,5.050604901080935e-5
9,18,4,0.00012704976410215303
9,18,5,5.0723725578160545e-5
9,18,6,0.00017650524195735457
9,18,7,5.048926834720825e-5
9,18,8,8.661788700369814e-5
9,18,9,5.048214505950025e-5
9,18,10,0.00016584413272562414
9,19,1,5.08520675119893e-5
9,19,2,5.047619911638524e-5
9,19,3,5.0509199854484043e-5
9,19,4,0.00012695714695662506
9,19,5,5.0723587172189785e-5
9,19,6,0.00017637675615147263
9,19,7,5.0489259792927355e-5
9,19,8,8.65778823586598e-5
9,19,9,5.048213132823316e-5
9,19,10,0.00016571681384040614
9,20,1,5.085204742923239e-5
9,20,2,5.047619999366995e-5
9,20,3,5.0509221438375334e-5
9,20,4,0.00012695148826507227
9,20,5,5.072359724773725e-5
9,20,6,0.0001763786626498611
9,20,7,5.048926022953615e-5
9,20,8,8.657697137152623e-5
9,20,9,5.0482131008539346e-5
9,20,10,0.0001657038290001274
9,21,1,5.0852249858782156e-5
9,21,2,5.047620681083948e-5
9,21,3,5.050924705527714e-5
9,21,4,0.0001270439308205753
9,21,5,5.072362618418022e-5
9,21,6,0.00017655139682212247
9,21,7,5.048926993510871e-5
9,21,8,8.658389574124263e-5
9,21,9,5.048214024517694e-5
9,21,10,0.00016573873888714195
9,22,1,5.085223460345919e-5
9,22,2,5.047640780911924e-5
9,22,3,5.050927098573788e-5
9,22,4,0.0001270957860803046
9,22,5,5.072376161220605e-5
9,22,6,0.00017668564645539916
9,22,7,5.048927283090776e-5
9,22,8,8.661813396252658e-5
9,22,9,5.0482145070547374e-5
9,22,10,0.00016586360917153283
9,23,1,5.115396337858562e-5
9,23,2,5.047621116083732e-5
9,23,3,5.050928646859868e-5
9,23,4,0.00012712608679771333
9,23,5,5.072381607937486e-5
9,23,6,0.00017673752806769835
9,23,7,5.0489276662247627e-5
9,23,8,8.663184880956183e-5
9,23,9,5.048214423560914e-5
9,23,10,0.00016595950795472245
9,24,1,5.115377573264559e-5
9,24,2,5.0476479404167605e-5
9,24,3,5.050936010499136e-5
9,24,4,0.0001271343400752909
9,24,5,5.0723722821037645e-5
9,24,6,0.00017684053736283535
9,24,7,5.0489274767993735e-5
9,24,8,8.662756799351882e-5
9,24,9,5.04821418441297e-5
9,24,10,0.00016601405775746418
10,1,1,0.005611107651127444
10,1,2,0.00046570596595745293
10,1,3,0.005609620432348054
10,1,4,0.0025272786049649956
10,1,5,0.0028507805548435134
10,1,6,0.002751632168716564
10,1,7,0.00046570860307199556
10,1,8,0.005538562876022139
10,1,9,0.005611971490185727
10,1,10,0.005482493432789005
10,2,1,0.0009514583925003341
10,2,2,0.0021436496467756687
10,2,3,0.0010117422553791622
10,2,4,0.0012759436244537128
10,2,5,0.0013711755708130811
10,2,6,0.0014444283036712038
10,2,7,0.0011307034057664058
10,2,8,0.0009330382732430704
10,2,9,6.991647013436677e-6
10,2,10,0.0010750730127805758
10,3,1,0.0020270311044078937
10,3,2,0.0005163032541058456
10,3,3,0.0020266053250982915
10,3,4,0.0019696706259469173
10,3,5,0.0013201502482102332
10,3,6,0.0013271781396461653
10,3,7,0.0010857328395335443
10,3,8,0.0008885088300097921
10,3,9,0.002027893658099464
10,3,10,0.0019128812914434433
10,4,1,0.0016380723119973478
10,4,2,0.0010161367963473643
10,4,3,0.0008136118489734902
10,4,4,0.0009582593470026843
10,4,5,0.00113866666601105
10,4,6,0.001140597446967892
10,4,7,0.0016438815417107924
10,4,8,0.0009703656225288698
10,4,9,0.0016391347544429528
10,4,10,0.0008713478369120704
10,5,1,0.0007804437588389015
10,5,2,0.0010402898460579624
10,5,3,0.000835242955299609
10,5,4,0.0010320631598873286
10,5,5,0.0011639735488967354
10,5,6,0.0012315497543336404
10,5,7,0.0016980185563257655
10,5,8,0.0010088517161556195
10,5,9,0.0011640332920833676
10,5,10,0.0016323948818538299
10,6,1,0.0013297431410272027
10,6,2,0.0013358963042163067
10,6,3,0.0006891004578211136
10,6,4,0.0013383569435678438
10,6,5,0.0009884053492595429
10,6,6,0.0009595673721544664
10,6,7,0.0010966239428807853
10,6,8,0.001308483490330595
10,6,9,0.000990434764195838
10,6,10,0.0013389293707529
10,7,1,0.0006172492377841222
10,7,2,0.0012741771704076876
10,7,3,0.0012684399106845557
10,7,4,0.0012872520016502845
10,7,5,0.0009585072294170232
10,7,6,0.0013102645326833623
10,7,7,0.0012739856877157633
10,7,8,0.0008164149484218342
10,7,9,0.001269633346239623
10,7,10,0.001283995350552387
10,8,1,0.0006404062360686647
10,8,2,0.0010003506700718401
10,8,3,0.0013269979847509445
10,8,4,0.0013436668217934767
10,8,5,0.0009871235945876364
10,8,6,0.0013687749384384282
10,8,7,0.0010953270843818467
10,8,8,0.0013094247931123575
10,8,9,0.0013281624650422325
10,8,10,0.0007916860445524045
10,9,1,0.0013595309354411248
10,9,2,0.001016623199064628
10,9,3,0.0013597276035451236
10,9,4,0.0008323391639311825
10,9,5,0.0010028464946340674
10,9,6,0.0014021899885464952
10,9,7,0.0011102599206717584
10,9,8,0.0013409648773311713
10,9,9,0.0010047491314087316
10,9,10,0.0013757408865305843
10,10,1,0.0013600405645498384
10,10,2,0.0010167828768617316
10,10,3,0.001360310632569721
10,10,4,0.0013857827250307003
10,10,5,0.0010031728505087553
10,10,6,0.0010114181067514727
10,10,7,0.0011104544954560493
10,10,8,0.0008760126709889469
10,10,9,0.001005019378458943
10,10,10,0.0007969782278983179
10,11,1,0.001385650126194382
10,11,2,0.001029333167092514
10,11,3,0.0007116369397835754
10,11,4,0.0014099658749903911
10,11,5,0.0010149396978200434
10,11,6,0.0014430481865887134
10,11,7,0.001123325314533362
10,11,8,0.0008973443896613518
10,11,9,0.0010173842862773628
10,11,10,0.000847341711622014
10,12,1,0.0006111140125085535
10,12,2,0.0012587438358498805
10,12,3,0.0006574433157724546
10,12,4,0.0013042407386614962
10,12,5,0.0009548758267183976
10,12,6,0.0009293313164381057
10,12,7,0.0010550763310716229
10,12,8,0.0008871156308174167
10,12,9,0.0009523358764553706
10,12,10,0.0007734711172801016
10,13,1,0.0006066173817134389
10,13,2,0.0012472831961182602
10,13,3,0.0006527425222397347
10,13,4,0.0012980495780856454
10,13,5,0.0009488168378706614
10,13,6,0.0013175524919284986
10,13,7,0.0012467186293775479
10,13,8,0.0008226819661930568
10,13,9,0.0009466756126979852
10,13,10,0.0007407626542969002
10,14,1,0.001267485939199486
10,14,2,0.0011488933776856523
10,14,3,0.0006637016869665517
10,14,4,0.0013243823597004294
10,14,5,0.0009583826374789229
10,14,6,0.0009177166886374612
10,14,7,0.0010623628065480845
10,14,8,0.000826616924914323
10,14,9,0.0009598600742027007
10,14,10,0.0008832738961234875
10,15,1,0.0006104496579808508
10,15,2,0.0012568227392842739
10,15,3,0.0006567407273831351
10,15,4,0.0007793152774256613
10,15,5,0.001250266221167999
10,15,6,0.001336419700974725
10,15,7,0.0010542187110260284
10,15,8,0.0008026115894440869
10,15,9,0.0009514972329827092
10,15,10,0.001284191141890633
10,16,1,0.0012665485442304393
10,16,2,0.0011483675290807132
10,16,3,0.0006633417762135361
10,16,4,0.0007795534194585384
10,16,5,0.0009589191479329847
10,16,6,0.00086621142658153
10,16,7,0.0010625090735677581
10,16,8,0.0008519364271187762
10,16,9,0.0009594500495439115
10,16,10,0.0008492286993953039
10,17,1,0.0012532681779733178
10,17,2,0.0011412074356840385
10,17,3,0.0006579195251185475
10,17,4,0.0013019162771080559
10,17,5,0.0009525947833373177
10,17,6,0.001008531178446643
10,17,7,0.0012592798425380138
10,17,8,0.0012194672614487007
10,17,9,0.0009529410787961517
10,17,10,0.0012446936704165234
10,18,1,0.0006102327484411368
10,18,2,0.0012563602215756506
10,18,3,0.0006565235899970649
10,18,4,0.0007669370173737041
10,18,5,0.0009510738002845731
10,18,6,0.0009223604620391862
10,18,7,0.0010543175397854127
10,18,8,0.0008581361798513481
10,18,9,0.000951276324524965
10,18,10,0.0008664421827524801
10,19,1,0.0004977950902134788
10,19,2,0.0009754886286120801
10,19,3,0.0012251494025567011
10,19,4,0.000636382419692336
10,19,5,0.0008087361960131946
10,19,6,0.001088255344078405
10,19,7,0.000975476067939891
10,19,8,0.0010162935078468513
10,19,9,0.0009716535578402004
10,19,10,0.0010780103348903534
10,20,1,0.0009868305881827045
10,20,2,0.0009912418757017536
10,20,3,0.0012332349082162836
10,20,4,0.0006421090331607176
10,20,5,0.0009330664547246519
10,20,6,0.0007670499913107711
10,20,7,0.000988282833369271
10,20,8,0.0011365301694731195
10,20,9,0.0008156830386983536
10,20,10,0.0006644772373571563
10,21,1,0.0005080745235201477
10,21,2,0.0010009800533662097
10,21,3,0.00100104686010103
10,21,4,0.0011131161410803487
10,21,5,0.0009996975267225559
10,21,6,0.0011269399413716104
10,21,7,0.0009187381298023495
10,21,8,0.0010451306751518312
10,21,9,0.0008224235147571166
10,21,10,0.0010806990223354354
10,22,1,0.0004970670287176804
10,22,2,0.00098293052393509
10,22,3,0.0012238284162866073
10,22,4,0.000770565264469536
10,22,5,0.0009248755985369544
10,22,6,0.0008667405601182248
10,22,7,0.0009737977036985599
10,22,8,0.001151319723417167
10,22,9,0.0009700067440355598
10,22,10,0.0006757186992135958
10,23,1,0.0014912577762247253
10,23,2,0.0009298096648593254
10,23,3,0.0008821605094195733
10,23,4,0.0009601374412785223
10,23,5,0.0008802652922337352
10,23,6,0.0010390954797362968
10,23,7,0.0008820094748301637
10,23,8,0.0009297522095488682
10,23,9,0.0007610079278576131
10,23,10,0.0009566656463803193
10,24,1,0.0007822496014599153
10,24,2,0.0011080877055237757
10,24,3,0.0011080152043873655
10,24,4,0.0008760340538716703
10,24,5,0.0010390491033484721
10,24,6,0.000918790528417282
10,24,7,0.0007808980216162017
10,24,8,0.0008318940040188058
10,24,9,0.0007776893228079402
10,24,10,0.0009048852383502088
11,1,1,0.030270376563250618
11,1,2,0.006785045794239368
11,1,3,0.03026469173115425
11,1,4,0.01723874678062345
11,1,5,0.018746796156853283
11,1,6,0.01820085413600484
11,1,7,0.006785049129528447
11,1,8,0.029955505265950644
11,1,9,0.030274134232816816
11,1,10,0.029689176974700186
11,2,1,0.009648100687199394
11,2,2,0.015557747404107885
11,2,3,0.009974967673838023
11,2,4,0.01110445250537286
11,2,5,0.011842206469082999
11,2,6,0.011896168483539058
11,2,7,0.010606890539424946
11,2,8,0.009520638497681148
11,2,9,0.002504571603353324
11,2,10,0.010205231892756156
11,3,1,0.015015075712293192
11,3,2,0.007110603622509023
11,3,3,0.015013505346549126
11,3,4,0.014657423184098425
11,3,5,0.011584104431341129
11,3,6,0.011552704623449967
11,3,7,0.010369827664035264
11,3,8,0.009191026696925845
11,3,9,0.015019557008145262
11,3,10,0.014393489159873506
11,4,1,0.013162403067479062
11,4,2,0.00999866656770265
11,4,3,0.008883262375494246
11,4,4,0.009450376276578378
11,4,5,0.010648417965691213
11,4,6,0.01028413265443177
11,4,7,0.013191132345445854
11,4,8,0.009632983869362708
11,4,9,0.013168065822141093
11,4,10,0.00911970547593644
11,5,1,0.008694144297211302
11,5,2,0.010128117272769065
11,5,3,0.009005245153694988
11,5,4,0.009797846396244278
11,5,5,0.010780705673417393
11,5,6,0.010766880057476225
11,5,7,0.013453405873379119
11,5,8,0.009838597899818695
11,5,9,0.010781272948349633
11,5,10,0.012902676667992776
11,6,1,0.011632639473399846
11,6,2,0.011664313065160095
11,6,3,0.008164979495064104
11,6,4,0.011469436700839924
11,6,5,0.009848915114412195
11,6,6,0.009310191108548829
11,6,7,0.010427429446079446
11,6,8,0.01142833788791965
11,6,9,0.009860154884244302
11,6,10,0.011365930251429408
11,7,1,0.00773530184215491
11,7,2,0.011350120130017216
11,7,3,0.011320709321533272
11,7,4,0.011199813422653927
11,7,5,0.009686695010758669
11,7,6,0.011184477503789654
11,7,7,0.011349118989936497
11,7,8,0.008806890463520576
11,7,9,0.01132685440117271
11,7,10,0.011075161085687851
11,8,1,0.007874908060651723
11,8,2,0.00991368368900728
11,8,3,0.011619152404689767
11,8,4,0.011497014621177554
11,8,5,0.009841983679992169
11,8,6,0.01149270317919658
11,8,7,0.010420586692506405
11,8,8,0.011431636351768311
11,8,9,0.011625098145476383
11,8,10,0.008434264452702811
11,9,1,0.011783331352384916
11,9,2,0.010001278454161247
11,9,3,0.011784767024121873
11,9,4,0.008773694931930483
11,9,5,0.00992688421907544
11,9,6,0.011668116777866114
11,9,7,0.010499370620263895
11,9,8,0.011597141084435734
11,9,9,0.009937390422522546
11,9,10,0.011557922276292395
11,10,1,0.011785903139392706
11,10,2,0.01000213233626124
11,10,3,0.011787709730051832
11,10,4,0.01171872531878554
11,10,5,0.009928636290433383
11,10,6,0.009589738400300404
11,10,7,0.0105003970428915
11,10,8,0.00913071039460117
11,10,9,0.009938846273265342
11,10,10,0.008465302021331276
11,11,1,0.011914904264386007
11,11,2,0.01006947268024648
11,11,3,0.008297202456958724
11,11,4,0.011846064422517828
11,11,5,0.009992004813594375
11,11,6,0.011882430999949385
11,11,7,0.010568125977246393
11,11,8,0.00924521007250286
11,11,9,0.010005361110864593
11,11,10,0.008738363476630453
11,12,1,0.007698094488891521
11,12,2,0.011271061584310496
11,12,3,0.007977408528145144
11,12,4,0.01128871987857089
11,12,5,0.009666872494329558
11,12,6,0.009146737920343524
11,12,7,0.010206992328525177
11,12,8,0.009187261465963874
11,12,9,0.009653337416290948
11,12,10,0.008329327275676854
11,13,1,0.0076707632464100475
11,13,2,0.011212221592165348
11,13,3,0.00794936568590685
11,13,4,0.011256049326003504
11,13,5,0.009633854360886589
11,13,6,0.011219844333507716
11,13,7,0.011209302539316096
11,13,8,0.008843298843124854
11,13,9,0.009622451645468794
11,13,10,0.008348880864397458
11,14,1,0.011315397848752988
11,14,2,0.010702209266669692
11,14,3,0.00801466730499438
11,14,4,0.011394695048119125
11,14,5,0.00968600546594263
11,14,6,0.009084000851980663
11,14,7,0.010245805363387993
11,14,8,0.00886469737440394
11,14,9,0.00969432930620911
11,14,10,0.00892939596937552
11,15,1,0.0076940653625927405
11,15,2,0.011261204595172018
11,15,3,0.007973221639073026
11,15,4,0.008486095697554593
11,15,5,0.011227261625744205
11,15,6,0.011319118005666932
11,15,7,0.010202443356481704
11,15,8,0.008733842378894815
11,15,9,0.009648764070218377
11,15,10,0.011271445370802578
11,16,1,0.011310597790478105
11,16,2,0.010699457812929561
11,16,3,0.008012527338788147
11,16,4,0.00848722943684952
11,16,5,0.009688900226861566
11,16,6,0.009076282882340764
11,16,7,0.010246591017632737
11,16,8,0.009056897630543109
11,16,9,0.009692097472210606
11,16,10,0.00896300711392209
11,17,1,0.01124250284938593
11,17,2,0.010661981262905991
11,17,3,0.007980249309043109
11,17,4,0.011276002726728455
11,17,5,0.009654421287837068
11,17,6,0.009780274953080917
11,17,7,0.011273801863143296
11,17,8,0.011032157479310318
11,17,9,0.009656637784586081
11,17,10,0.011138777128781741
11,18,1,0.007692748023869064
11,18,2,0.01125883291692463
11,18,3,0.007971927848149974
11,18,4,0.008418122987927736
11,18,5,0.009646126711723997
11,18,6,0.009109974747859597
11,18,7,0.010202966797110209
11,18,8,0.009091104971799178
11,18,9,0.009647558873896797
11,18,10,0.009060856111571997
11,19,1,0.006991847618538941
11,19,2,0.00977925116793048
11,19,3,0.011098183140953378
11,19,4,0.007684269386774938
11,19,5,0.00885532629661975
11,19,6,0.01000202839629245
11,19,7,0.009779167968312852
11,19,8,0.009959519533491801
11,19,9,0.009758440163378622
11,19,10,0.010179779502662214
11,20,1,0.009840256728456662
11,20,2,0.00986452502716132
11,20,3,0.011139856102429516
11,20,4,0.00771748728297814
11,20,5,0.009547707843983134
11,20,6,0.008270868516567078
11,20,7,0.009848519390042774
11,20,8,0.010598967737115272
11,20,9,0.00889501806166641
11,20,10,0.007738026379983577
11,21,1,0.007057560071145812
11,21,2,0.009917092025530979
11,21,3,0.009917354325813114
11,21,4,0.010185288992327068
11,21,5,0.00990987491784216
11,21,6,0.01020811244861295
11,21,7,0.009469384378130444
11,21,8,0.010114041891696771
11,21,9,0.00893308938215927
11,21,10,0.010244941328774045
11,22,1,0.006987187624214221
11,22,2,0.009819577533416203
11,22,3,0.0110913180802617
11,22,4,0.008438359518123256
11,22,5,0.009502773426340531
11,22,6,0.008651839304408077
11,22,7,0.009770064146701382
11,22,8,0.010671822590372394
11,22,9,0.009749476416285393
11,22,10,0.007956869528482052
11,23,1,0.012441472983403555
11,23,2,0.009530185604449876
11,23,3,0.00926728412640952
11,23,4,0.009458195892690733
11,23,5,0.009256489295205119
11,23,6,0.0097459060426189
11,23,7,0.009266503740498727
11,23,8,0.009418700063272098
11,23,9,0.008583376418534211
11,23,10,0.009597954872437454
11,24,1,0.008703985303811078
11,24,2,0.010487956407975702
11,24,3,0.010487583660767005
11,24,4,0.009006265072179161
11,24,5,0.010121289526449969
11,24,6,0.009089327674268562
11,24,7,0.008697351121291672
11,24,8,0.008893456061449636
11,24,9,0.008679018996571619
11,24,10,0.009048138063160613
12,1,1,0.0006443485501806287
12,1,2,0.0006439670516679282
12,1,3,0.0006439963736488485
12,1,4,0.0007042650255495615
12,1,5,0.000644216984749395
12,1,6,0.0007406158404175389
12,1,7,0.0006439749550733241
12,1,8,0.0006745451201186732
12,1,9,0.000643973283333679
12,1,10,0.0007333583530734584
12,2,1,0.0006443455163520548
12,2,2,0.0006439676809090476
12,2,3,0.0006439960755863093
12,2,4,0.0007041406218930827
12,2,5,0.0006442162947984236
12,2,6,0.0007402381934685734
12,2,7,0.0006439795649992788
12,2,8,0.0006743064041985587
12,2,9,0.0006439730903941983
12,2,10,0.0007326078123984202
12,3,1,0.0006443463895391654
12,3,2,0.0006439676415260579
12,3,3,0.0006439961553642433
12,3,4,0.0007042691845191922
12,3,5,0.0006442162411241906
12,3,6,0.0007403393601608085
12,3,7,0.0006439795717336477
12,3,8,0.000674302421274528
12,3,9,0.0006439731976770778
12,3,10,0.000732803195593812
12,4,1,0.000644346102835474
12,4,2,0.0006439676596919212
12,4,3,0.0006439960586500199
12,4,4,0.0007041732336463343
12,4,5,0.0006442161516403563
12,4,6,0.0007403018341364457
12,4,7,0.0006439803341798155
12,4,8,0.0006743130762743298
12,4,9,0.0006439731864779411
12,4,10,0.0007325462385812862
12,5,1,0.0006443450950450667
12,5,2,0.0006439676639917836
12,5,3,0.0006439960504832117
12,5,4,0.0007041728694769315
12,5,5,0.0006442160865054207
12,5,6,0.0007402625348854245
12,5,7,0.0006439803333952021
12,5,8,0.0006742884521787351
12,5,9,0.0006439731668599603
12,5,10,0.0007325826207846161
12,6,1,0.0006443456580993627
12,6,2,0.0006439678446459795
12,6,3,0.0006439960363980861
12,6,4,0.0007040666472805955
12,6,5,0.0006442159957772546
12,6,6,0.0007402843878204041
12,6,7,0.0006439803120753656
12,6,8,0.0006742962799774542
12,6,9,0.0006439731612385764
12,6,10,0.0007325449435892661
12,7,1,0.0006443449271938547
12,7,2,0.0006439678489589365
12,7,3,0.0006439960907311459
12,7,4,0.000704077032984883
12,7,5,0.0006442160449084745
12,7,6,0.000740376868355925
12,7,7,0.0006439803204096791
12,7,8,0.0006742801829098198
12,7,9,0.0006439731702259945
12,7,10,0.000732543130256615
12,8,1,0.0006443449630044053
12,8,2,0.000643967846536154
12,8,3,0.000643996095414197
12,8,4,0.0007040887926163587
12,8,5,0.0006442161024207394
12,8,6,0.0007404294887941307
12,8,7,0.0006439803137598294
12,8,8,0.0006742998134343642
12,8,9,0.0006439731720175467
12,8,10,0.0007324706191740281
12,9,1,0.0006443456978962045
12,9,2,0.0006439678485732895
12,9,3,0.0006439960982068419
12,9,4,0.0007040621205806373
12,9,5,0.0006442161308474709
12,9,6,0.0007404675450914798
12,9,7,0.0006439803162618029
12,9,8,0.0006743002202513613
12,9,9,0.0006439731618675525
12,9,10,0.0007325455212265499
12,10,1,0.0006443456925314388
12,10,2,0.0006439678516489832
12,10,3,0.0006439960982127135
12,10,4,0.0007041062892082302
12,10,5,0.0006442161672237253
12,10,6,0.0007404494725027454
12,10,7,0.0006439803169841372
12,10,8,0.0006742846967300191
12,10,9,0.0006439731623121175
12,10,10,0.0007324691384364454
12,11,1,0.0006443457270558482
12,11,2,0.0006439678538023398
12,11,3,0.000643996038788594
12,11,4,0.0007041166295761123
12,11,5,0.0006442161949212134
12,11,6,0.0007405484577059601
12,11,7,0.0006439803207522373
12,11,8,0.0006742879535233409
12,11,9,0.0006439731634377442
12,11,10,0.0007324884022734585
12,12,1,0.0006443449489704694
12,12,2,0.0006439679078111702
12,12,3,0.0006439960346818911
12,12,4,0.0007041154680366301
12,12,5,0.0006442161906069316
12,12,6,0.000740520052778683
12,12,7,0.0006439803176402526
12,12,8,0.0006742895088676256
12,12,9,0.0006439731621382548
12,12,10,0.0007325259332219516
12,13,1,0.0006443449494368033
12,13,2,0.0006439679107641073
12,13,3,0.0006439960342576641
12,13,4,0.0007041208847248722
12,13,5,0.0006442162076615428
12,13,6,0.0007405908691201348
12,13,7,0.0006439803296784246
12,13,8,0.0006742863917330797
12,13,9,0.0006439731626498879
12,13,10,0.0007324522756472663
12,14,1,0.0006443456716680653
12,14,2,0.0006439679124609057
12,14,3,0.0006439960363511985
12,14,4,0.0007041252811673053
12,14,5,0.0006442163106865071
12,14,6,0.0007405695449591772
12,14,7,0.0006439803220069995
12,14,8,0.0006742895219613444
12,14,9,0.0006439731634432674
12,14,10,0.0007325407553591724
12,15,1,0.000644344969397163
12,15,2,0.0006439679184639937
12,15,3,0.0006439960366948967
12,15,4,0.0007040833491261708
12,15,5,0.0006442165584128116
12,15,6,0.0007406451546677005
12,15,7,0.0006439803202008037
12,15,8,0.0006742915476544396
12,15,9,0.0006439731641030464
12,15,10,0.000732615204842282
12,16,1,0.0006443457111404308
12,16,2,0.0006439679158098883
12,16,3,0.0006439960384882655
12,16,4,0.000704085303603482
12,16,5,0.0006442164063407804
12,16,6,0.0007405673368018537
12,16,7,0.0006439803216023811
12,16,8,0.0006742894138309049
12,16,9,0.0006439731641845526
12,16,10,0.0007325310648404274
12,17,1,0.0006443456822870562
12,17,2,0.0006439679163921066
12,17,3,0.0006439960410280986
12,17,4,0.0007041396069429248
12,17,5,0.0006442164070860734
12,17,6,0.0007405564049237594
12,17,7,0.0006439803352885109
12,17,8,0.0006743208890209884
12,17,9,0.0006439731650094792
12,17,10,0.0007326401971201468
12,18,1,0.0006443449771319305
12,18,2,0.0006439679213348142
12,18,3,0.0006439960462744012
12,18,4,0.0007041002566975881
12,18,5,0.0006442164144335447
12,18,6,0.0007406528388747598
12,18,7,0.00064398032417096
12,18,8,0.000674291613111923
12,18,9,0.0006439731669412328
12,18,10,0.0007325307240829045
12,19,1,0.000644344828046203
12,19,2,0.000643967916527977
12,19,3,0.0006439990789683478
12,19,4,0.0007040770548825343
12,19,5,0.0006442163267947235
12,19,6,0.0007406970361698948
12,19,7,0.0006439803237978023
12,19,8,0.0006742838098518451
12,19,9,0.0006439731658934069
12,19,10,0.0007325723498367802
12,20,1,0.0006443453981547889
12,20,2,0.0006439679188989505
12,20,3,0.0006439991017001693
12,20,4,0.0007040832785149888
12,20,5,0.0006442163144388286
12,20,6,0.0007406599452778293
12,20,7,0.0006439803201976641
12,20,8,0.0006742983760811807
12,20,9,0.0006439731633290685
12,20,10,0.0007325496191962518
12,21,1,0.0006443448611487288
12,21,2,0.0006439679190124879
12,21,3,0.0006439990836950116
12,21,4,0.0007041679996305308
12,21,5,0.000644216522756317
12,21,6,0.0007407670033574564
12,21,7,0.0006439803155494934
12,21,8,0.000674298718122983
12,21,9,0.000643973163728288
12,21,10,0.0007326114973459263
12,22,1,0.0006443448693604666
12,22,2,0.0006439679199624694
12,22,3,0.0006439991146278043
12,22,4,0.0007041433310343028
12,22,5,0.0006442165055683919
12,22,6,0.0007407316708746639
12,22,7,0.0006439803305820662
12,22,8,0.0006743366019301124
12,22,9,0.0006439731698068934
12,22,10,0.0007324601023534263
12,23,1,0.0006446480830971956
12,23,2,0.0006439679194767642
12,23,3,0.0006439991063120227
12,23,4,0.0007042165944878066
12,23,5,0.0006442164217383606
12,23,6,0.0007409217801086391
12,23,7,0.0006439803247110804
12,23,8,0.0006743256334348187
12,23,9,0.0006439731585871993
12,23,10,0.0007326340698366917
12,24,1,0.0006446471319105959
12,24,2,0.0006439679876541571
12,24,3,0.000643999206403043
12,24,4,0.0007042275644911338
12,24,5,0.0006442166102835544
12,24,6,0.0007409891148588519
12,24,7,0.0006439803257219811
12,24,8,0.0006743420538705833
12,24,9,0.0006439731655462022
12,24,10,0.0007327985130414408
13,1,1,3.6982893558181547e-7
13,1,2,8.90393215169679e-9
13,1,3,3.6421146210041955e-8
13,1,4,5.448096538084762e-5
13,1,5,2.4632395048318167e-7
13,1,6,8.50568782685219e-5
13,1,7,1.6480952783985345e-8
13,1,8,2.8186953846891013e-5
13,1,9,1.4591035873308734e-8
13,1,10,7.907380946900385e-5
13,2,1,3.697151906206741e-7
13,2,2,9.374048184158948e-9
13,2,3,3.641423462024534e-8
13,2,4,5.454759968692864e-5
13,2,5,2.4637129151348363e-7
13,2,6,8.509831876495797e-5
13,2,7,2.0735825390384927e-8
13,2,8,2.8178349385133336e-5
13,2,9,1.4590415410025527e-8
13,2,10,7.896940099089244e-5
13,3,1,3.6975397914170773e-7
13,3,2,9.373283399403962e-9
13,3,3,3.64157377203577e-8
13,3,4,5.459410760821915e-5
13,3,5,2.4638822516420193e-7
13,3,6,8.515713694165121e-5
13,3,7,2.074575034835927e-8
13,3,8,2.8175128725243474e-5
13,3,9,1.4587431304162322e-8
13,3,10,7.898315855601426e-5
13,4,1,3.6978076762862264e-7
13,4,2,9.373622011509565e-9
13,4,3,3.641672607419741e-8
13,4,4,5.461924041211935e-5
13,4,5,2.4640684513519507e-7
13,4,6,8.520706269655216e-5
13,4,7,2.1437501885929616e-8
13,4,8,2.817973512784137e-5
13,4,9,1.4586680865645703e-8
13,4,10,7.899204612913041e-5
13,5,1,3.6976934083452724e-7
13,5,2,9.376199526142282e-9
13,5,3,3.641784043400792e-8
13,5,4,5.463876462534453e-5
13,5,5,2.464574081618145e-7
13,5,6,8.526595684958395e-5
13,5,7,2.1440374363452612e-8
13,5,8,2.8184306702739547e-5
13,5,9,1.4585482992721542e-8
13,5,10,7.900727012751351e-5
13,6,1,3.6980326323232686e-7
13,6,2,9.543413276596512e-9
13,6,3,3.6418991586637824e-8
13,6,4,5.4653477740989774e-5
13,6,5,2.464852212696759e-7
13,6,6,8.532606108309411e-5
13,6,7,2.1442929741170322e-8
13,6,8,2.8187067909780883e-5
13,6,9,1.4586126282103045e-8
13,6,10,7.901671954161714e-5
13,7,1,3.6979859683372593e-7
13,7,2,9.547248269197317e-9
13,7,3,3.6420095713190987e-8
13,7,4,5.467153598053372e-5
13,7,5,2.4656181372096614e-7
13,7,6,8.537545212789917e-5
13,7,7,2.144397401742958e-8
13,7,8,2.818928361871657e-5
13,7,9,1.4586701778218503e-8
13,7,10,7.902150229212097e-5
13,8,1,3.698139903582733e-7
13,8,2,9.549273162193559e-9
13,8,3,3.642095748597934e-8
13,8,4,5.468244825650477e-5
13,8,5,2.466029998319201e-7
13,8,6,8.542117603696609e-5
13,8,7,2.1444732848152435e-8
13,8,8,2.8191403175730653e-5
13,8,9,1.4587069619120261e-8
13,8,10,7.900961118941249e-5
13,9,1,3.6982632526159764e-7
13,9,2,9.550595532676793e-9
13,9,3,3.642147191959194e-8
13,9,4,5.4692694016439286e-5
13,9,5,2.4664014051134307e-7
13,9,6,8.546153231290879e-5
13,9,7,2.1445821063298155e-8
13,9,8,2.819268504559899e-5
13,9,9,1.4587232708534016e-8
13,9,10,7.90166280777927e-5
13,10,1,3.698379491418706e-7
13,10,2,9.552507881771237e-9
13,10,3,3.642231873737142e-8
13,10,4,5.470202322102044e-5
13,10,5,2.466667652809321e-7
13,10,6,8.549271121547763e-5
13,10,7,2.144707345154611e-8
13,10,8,2.8193919788575842e-5
13,10,9,1.4587630487864575e-8
13,10,10,7.901280795374631e-5
13,11,1,3.698495843981437e-7
13,11,2,9.554565658000916e-9
13,11,3,3.6422382509645546e-8
13,11,4,5.471047491213008e-5
13,11,5,2.466899359747511e-7
13,11,6,8.552996589807643e-5
13,11,7,2.144875841712017e-8
13,11,8,2.819549430671959e-5
13,11,9,1.4588293594369976e-8
13,11,10,7.902167965693444e-5
13,12,1,3.698719107377628e-7
13,12,2,9.600530066205166e-9
13,12,3,3.6423608488148916e-8
13,12,4,5.4722864771786314e-5
13,12,5,2.467296121002704e-7
13,12,6,8.556745348713478e-5
13,12,7,2.1450458233999936e-8
13,12,8,2.8199100623466474e-5
13,12,9,1.4589395210668235e-8
13,12,10,7.903835914185693e-5
13,13,1,3.698798436683325e-7
13,13,2,9.602467366348551e-9
13,13,3,3.642412555697985e-8
13,13,4,5.4727715501953936e-5
13,13,5,2.467712528113193e-7
13,13,6,8.559492082308808e-5
13,13,7,2.1452172363078593e-8
13,13,8,2.820065150624362e-5
13,13,9,1.4589979984013109e-8
13,13,10,7.905250798778981e-5
13,14,1,3.699100601014e-7
13,14,2,9.604639698134053e-9
13,14,3,3.6425726638589306e-8
13,14,4,5.4733972518742985e-5
13,14,5,2.468727312169688e-7
13,14,6,8.56252954748853e-5
13,14,7,2.1453818494888402e-8
13,14,8,2.8205671948052117e-5
13,14,9,1.4591076245976633e-8
13,14,10,7.907531802100996e-5
13,15,1,3.6991210378872305e-7
13,15,2,9.606152172893881e-9
13,15,3,3.642664020635109e-8
13,15,4,5.4733564591561206e-5
13,15,5,2.469173670386549e-7
13,15,6,8.564822100177658e-5
13,15,7,2.14549019336317e-8
13,15,8,2.8206243561425352e-5
13,15,9,1.459156571665567e-8
13,15,10,7.909199785877042e-5
13,16,1,3.6992556132171266e-7
13,16,2,9.607327324544798e-9
13,16,3,3.642836359059165e-8
13,16,4,5.4735847697262405e-5
13,16,5,2.469568508018782e-7
13,16,6,8.56644464388742e-5
13,16,7,2.1455648294337842e-8
13,16,8,2.8209267646175998e-5
13,16,9,1.4592072882032017e-8
13,16,10,7.910121792191947e-5
13,17,1,3.6993317913898627e-7
13,17,2,9.608517403772597e-9
13,17,3,3.643236784886545e-8
13,17,4,5.4744786546183676e-5
13,17,5,2.469907186000975e-7
13,17,6,8.569708511108414e-5
13,17,7,2.1458439232519488e-8
13,17,8,2.8216882969435932e-5
13,17,9,1.4592534398429507e-8
13,17,10,7.912402179359923e-5
13,18,1,3.699623272760175e-7
13,18,2,9.610524599314211e-9
13,18,3,3.643781657375395e-8
13,18,4,5.4758078346101904e-5
13,18,5,2.469999842608821e-7
13,18,6,8.57163968682914e-5
13,18,7,2.1459236893130783e-8
13,18,8,2.821802364083902e-5
13,18,9,1.4593960326057277e-8
13,18,10,7.912444386101252e-5
13,19,1,3.699647200104748e-7
13,19,2,9.611477888612265e-9
13,19,3,3.925296826708011e-8
13,19,4,5.476122627869662e-5
13,19,5,2.470059054502568e-7
13,19,6,8.573786151360184e-5
13,19,7,2.1460740620631452e-8
13,19,8,2.8217286778803325e-5
13,19,9,1.4594731343419268e-8
13,19,10,7.913192708313847e-5
13,20,1,3.6994369838662894e-7
13,20,2,9.611607462498127e-9
13,20,3,3.92656372610851e-8
13,20,4,5.475720069503116e-5
13,20,5,2.4700631961419696e-7
13,20,6,8.573886312354094e-5
13,20,7,2.146136769943654e-8
13,20,8,2.8212075836674902e-5
13,20,9,1.4594537450601716e-8
13,20,10,7.91223066594587e-5
13,21,1,3.6995996141770003e-7
13,21,2,9.613110780172379e-9
13,21,3,3.927605151421732e-8
13,21,4,5.4769499840444395e-5
13,21,5,2.4702710133463463e-7
13,21,6,8.577575514455023e-5
13,21,7,2.1462521882690468e-8
13,21,8,2.8217014934752797e-5
13,21,9,1.4595552285791386e-8
13,21,10,7.914587356444138e-5
13,22,1,3.699663324322112e-7
13,22,2,9.614309963566127e-9
13,22,3,3.928843443708254e-8
13,22,4,5.478193839031619e-5
13,22,5,2.4702969113260396e-7
13,22,6,8.581114942905577e-5
13,22,7,2.146483857295363e-8
13,22,8,2.8218324629884162e-5
13,22,9,1.4596641771186192e-8
13,22,10,7.916046872551159e-5
13,23,1,6.576020046612388e-7
13,23,2,9.616251886020377e-9
13,23,3,3.9301896268757304e-8
13,23,4,5.4823038945767144e-5
13,23,5,2.47083232039132e-7
13,23,6,8.588588943041142e-5
13,23,7,2.1467321798117667e-8
13,23,8,2.8228177733957107e-5
13,23,9,1.459847968050955e-8
13,23,10,7.921894130116841e-5
13,24,1,6.578233483699366e-7
13,24,2,9.670000105040769e-9
13,24,3,3.9372357696509615e-8
13,24,4,5.487987233369066e-5
13,24,5,2.470414289513999e-7
13,24,6,8.603326205504465e-5
13,24,7,2.14720143465203e-8
13,24,8,2.824878925249382e-5
13,24,9,1.460205298161502e-8
13,24,10,7.932348364255572e-5
14,1,1,6.451067020457904e-5
14,1,2,6.41358923781427e-5
14,1,3,6.41660535170941e-5
14,1,4,0.0001378981343963527
14,1,5,6.438232444031433e-5
14,1,6,0.00018592585262164023
14,1,7,6.414380720288795e-5
14,1,8,9.895952896880485e-5
14,1,9,6.414227637382381e-5
14,1,10,0.00017606693124420927
14,2,1,6.451055330533162e-5
14,2,2,6.413642838049739e-5
14,2,3,6.416604389717604e-5
14,2,4,0.0001379636893853694
14,2,5,6.438234904823e-5
14,2,6,0.00018594823924143018
14,2,7,6.414870446370094e-5
14,2,8,9.894232463768569e-5
14,2,9,6.414227426421928e-5
14,2,10,0.0001759019778236578
14,3,1,6.451055062341368e-5
14,3,2,6.413642804693375e-5
14,3,3,6.416604475977378e-5
14,3,4,0.00013800664689573937
14,3,5,6.438235175380242e-5
14,3,6,0.00018601767864427271
14,3,7,6.414871695917134e-5
14,3,8,9.89371296876308e-5
14,3,9,6.41422723866492e-5
14,3,10,0.00017591852830013924
14,4,1,6.451056345605139e-5
14,4,2,6.413643067073867e-5
14,4,3,6.416604522476166e-5
14,4,4,0.0001380302503538652
14,4,5,6.438235377288658e-5
14,4,6,0.00018591033776282404
14,4,7,6.414950311004181e-5
14,4,8,9.894336641943724e-5
14,4,9,6.414227211285036e-5
14,4,10,0.0001759252099205049
14,5,1,6.451054734195205e-5
14,5,2,6.413643431711829e-5
14,5,3,6.416604602643953e-5
14,5,4,0.0001380398266849754
14,5,5,6.438239062454571e-5
14,5,6,0.00018598935651243268
14,5,7,6.414950783733429e-5
14,5,8,9.894620255381793e-5
14,5,9,6.414227159660286e-5
14,5,10,0.00017593990533681695
14,6,1,6.451056794821178e-5
14,6,2,6.41366203936997e-5
14,6,3,6.416604681768022e-5
14,6,4,0.00013794234383016492
14,6,5,6.438241204787211e-5
14,6,6,0.00018607001890393496
14,6,7,6.414951213758727e-5
14,6,8,9.894724633707712e-5
14,6,9,6.414227212882879e-5
14,6,10,0.00017594872568535698
14,7,1,6.451055779111919e-5
14,7,2,6.413662619869394e-5
14,7,3,6.416604754025215e-5
14,7,4,0.00013796213311239805
14,7,5,6.438247306875388e-5
14,7,6,0.00018613560297699438
14,7,7,6.414951334333587e-5
14,7,8,9.894816395804877e-5
14,7,9,6.414227260339992e-5
14,7,10,0.00017595238904903837
14,8,1,6.451056442477901e-5
14,8,2,6.413662942645746e-5
14,8,3,6.416604818550086e-5
14,8,4,0.00013797478300212577
14,8,5,6.438250565534994e-5
14,8,6,0.00018619774712503993
14,8,7,6.414951429185922e-5
14,8,8,9.894926656872948e-5
14,8,9,6.414227282356721e-5
14,8,10,0.0001759338656555136
14,9,1,6.451057108520884e-5
14,9,2,6.413663131874996e-5
14,9,3,6.416604867552713e-5
14,9,4,0.00013798703241615925
14,9,5,6.438253606324686e-5
14,9,6,0.00018625409191186973
14,9,7,6.414951566214582e-5
14,9,8,9.894980345279392e-5
14,9,9,6.414227286616495e-5
14,9,10,0.00017594156495499456
14,10,1,6.451057642164328e-5
14,10,2,6.413663388691675e-5
14,10,3,6.416604939979694e-5
14,10,4,0.00013799718489224317
14,10,5,6.438255838039885e-5
14,10,6,0.00018629666384699736
14,10,7,6.414951720707808e-5
14,10,8,9.895038594153335e-5
14,10,9,6.414227318944541e-5
14,10,10,0.0001759340331077037
14,11,1,6.451058153733496e-5
14,11,2,6.413683646766192e-5
14,11,3,6.416604942494528e-5
14,11,4,0.00013800713661856807
14,11,5,6.438257762922626e-5
14,11,6,0.0001863480380066867
14,11,7,6.414951928325137e-5
14,11,8,9.895149757481723e-5
14,11,9,6.414227384143185e-5
14,11,10,0.00017594432379781498
14,12,1,6.451059460727797e-5
14,12,2,6.413668614574273e-5
14,12,3,6.416605049431611e-5
14,12,4,0.00013802049430303498
14,12,5,6.438260973535301e-5
14,12,6,0.00018639636014254778
14,12,7,6.414952144719454e-5
14,12,8,9.895445258362731e-5
14,12,9,6.414227490137332e-5
14,12,10,0.0001759630793325722
14,13,1,6.451059956709052e-5
14,13,2,6.413688961348308e-5
14,13,3,6.416605117549709e-5
14,13,4,0.00013802647981358087
14,13,5,6.438264608679158e-5
14,13,6,0.00018643518508373869
14,13,7,6.414952366646632e-5
14,13,8,9.895591499901815e-5
14,13,9,6.414227556866352e-5
14,13,10,0.00017598205360322506
14,14,1,6.451062243481235e-5
14,14,2,6.413689388732345e-5
14,14,3,6.416605341440393e-5
14,14,4,0.00013803230932901353
14,14,5,6.438274602476981e-5
14,14,6,0.00018647815814393898
14,14,7,6.414952612780587e-5
14,14,8,9.896279523946871e-5
14,14,9,6.414227713341586e-5
14,14,10,0.00017601470890439352
14,15,1,6.451062396743907e-5
14,15,2,6.413689638370179e-5
14,15,3,6.416605467157453e-5
14,15,4,0.00013803260382276296
14,15,5,6.438278685071778e-5
14,15,6,0.00018651126529443517
14,15,7,6.414952751254521e-5
14,15,8,9.896403302276784e-5
14,15,9,6.414227775170667e-5
14,15,10,0.00017603646788530295
14,16,1,6.451064975155167e-5
14,16,2,6.413689831224102e-5
14,16,3,6.416605680810317e-5
14,16,4,0.00013803435122749518
14,16,5,6.438282446639748e-5
14,16,6,0.00018653198484985437
14,16,7,6.414952885671959e-5
14,16,8,9.896770969833253e-5
14,16,9,6.414227827611791e-5
14,16,10,0.00017605005241354865
14,17,1,6.451065900354431e-5
14,17,2,6.413690020981686e-5
14,17,3,6.416606142746317e-5
14,17,4,0.00013804983658531947
14,17,5,6.438285287656598e-5
14,17,6,0.0001865729908214421
14,17,7,6.414953208638015e-5
14,17,8,9.897569343884894e-5
14,17,9,6.414227891612579e-5
14,17,10,0.00017607813580181912
14,18,1,6.45106784662974e-5
14,18,2,6.413690299205245e-5
14,18,3,6.416606890902105e-5
14,18,4,0.0001380646499883561
14,18,5,6.438286575111061e-5
14,18,6,0.0001866017439782107
14,18,7,6.414953333959986e-5
14,18,8,9.897757407282763e-5
14,18,9,6.414228038173974e-5
14,18,10,0.00017608199049174003
14,19,1,6.451068333374184e-5
14,19,2,6.413690464933356e-5
14,19,3,6.416919293137087e-5
14,19,4,0.00013806930662731089
14,19,5,6.438287531312773e-5
14,19,6,0.00018663450256271245
14,19,7,6.414953543114106e-5
14,19,8,9.897880988304107e-5
14,19,9,6.414228139078301e-5
14,19,10,0.00017609562405029316
14,20,1,6.451067781949425e-5
14,20,2,6.413690573724121e-5
14,20,3,6.416921420983051e-5
14,20,4,0.0001380684091471792
14,20,5,6.438287938661379e-5
14,20,6,0.00018664566018855393
14,20,7,6.414953573783516e-5
14,20,8,9.897523004026174e-5
14,20,9,6.414228158080839e-5
14,20,10,0.00017607590095138038
14,21,1,6.451067309516789e-5
14,21,2,6.413690730256408e-5
14,21,3,6.416922766670541e-5
14,21,4,0.00013807654869632012
14,21,5,6.438290830438184e-5
14,21,6,0.0001866846607788138
14,21,7,6.414953799565024e-5
14,21,8,9.898232380420016e-5
14,21,9,6.414228184815896e-5
14,21,10,0.00017611285033926149
14,22,1,6.45106855023223e-5
14,22,2,6.41369098425855e-5
14,22,3,6.416924807677471e-5
14,22,4,0.00013809669758965194
14,22,5,6.438293447137274e-5
14,22,6,0.0001867478200283333
14,22,7,6.414954136441358e-5
14,22,8,9.896099353771677e-5
14,22,9,6.414228336477969e-5
14,22,10,0.00017605160528890492
14,23,1,6.48101779000845e-5
14,23,2,6.413690915631517e-5
14,23,3,6.416925828034504e-5
14,23,4,0.00013810319424722035
14,23,5,6.438290413507298e-5
14,23,6,0.00018677116899257364
14,23,7,6.414953774895783e-5
14,23,8,9.897545743829633e-5
14,23,9,6.414227977074861e-5
14,23,10,0.00017614835810604901
14,24,1,6.48104170123872e-5
14,24,2,6.413698407718995e-5
14,24,3,6.416934564402054e-5
14,24,4,0.00013818635513622272
14,24,5,6.438292885847306e-5
14,24,6,0.00018700152480325612
14,24,7,6.414954529576428e-5
14,24,8,9.900342988209929e-5
14,24,9,6.41422854223198e-5
14,24,10,0.00017631451330501403
15,1,1,0.00011101202128597401
15,1,2,0.00011063645076026154
15,1,3,0.00011066615136618335
15,1,4,0.00017924157174617028
15,1,5,0.00011088250051408126
15,1,6,0.00022467827195257823
15,1,7,0.00011064417228234665
15,1,8,0.0001435141387621389
15,1,9,0.00011064273030880871
15,1,10,0.0002156533674862556
15,2,1,0.00011100896243439793
15,2,2,0.00011063703659180586
15,2,3,0.0001106658388418422
15,2,4,0.0001790815763185283
15,2,5,0.00011088177481082986
15,2,6,0.00022436845045743236
15,2,7,0.00011064895017775251
15,2,8,0.00014322735187600322
15,2,9,0.00011064252939057396
15,2,10,0.00021481746686035199
15,3,1,0.00011100981921451866
15,3,2,0.00011063699805848958
15,3,3,0.00011066592023916632
15,3,4,0.00017925426181638338
15,3,5,0.00011088175273018475
15,3,6,0.0002244592778034198
15,3,7,0.00011064895786291198
15,3,8,0.00014322836538339476
15,3,9,0.00011064263803353215
15,3,10,0.00021491393431341305
15,4,1,0.0001110095510594386
15,4,2,0.00011063701689519079
15,4,3,0.00011066582283960907
15,4,4,0.00017913425654781688
15,4,5,0.00011088166645543821
15,4,6,0.00022444139388789658
15,4,7,0.00011064974375999877
15,4,8,0.0001432378411297107
15,4,9,0.00011064262598354874
15,4,10,0.00021459996343445585
15,5,1,0.00011100877836669421
15,5,2,0.00011063702108511422
15,5,3,0.00011066582552066102
15,5,4,0.00017913040766385631
15,5,5,0.00011088172059230116
15,5,6,0.0002243470993451415
15,5,7,0.00011064975067094162
15,5,8,0.0001432428396506798
15,5,9,0.00011064261261136355
15,5,10,0.0002147904154258312
15,6,1,0.00011100934310319392
15,6,2,0.00011063720661599321
15,6,3,0.00011066581201709019
15,6,4,0.00017918509183855485
15,6,5,0.00011088163404634127
15,6,6,0.0002243890017751567
15,6,7,0.00011064972937968225
15,6,8,0.00014325387105302515
15,6,9,0.00011064260720240206
15,6,10,0.00021475495215928853
15,7,1,0.00011100862998648825
15,7,2,0.00011063721137558062
15,7,3,0.00011066586790456409
15,7,4,0.00017909376062046187
15,7,5,0.0001108816842428783
15,7,6,0.000224513237311882
15,7,7,0.00011064973809457091
15,7,8,0.0001432358460754609
15,7,9,0.00011064261606935633
15,7,10,0.00021475541026840216
15,8,1,0.00011100866015304428
15,8,2,0.00011063720905282863
15,8,3,0.00011066587219967232
15,8,4,0.00017911140312977918
15,8,5,0.00011088173976981974
15,8,6,0.0002245808311759321
15,8,7,0.00011064973128690342
15,8,8,0.00014325748608329177
15,8,9,0.00011064261802710421
15,8,10,0.00021466059958711223
15,9,1,0.00011100936488002112
15,9,2,0.00011063721170354782
15,9,3,0.00011066587491435884
15,9,4,0.00017907730211978598
15,9,5,0.00011088178176571518
15,9,6,0.00022464457358936622
15,9,7,0.00011064973458555629
15,9,8,0.00014326131301024188
15,9,9,0.00011064260903568483
15,9,10,0.00021476808814350674
15,10,1,0.00011100938391315771
15,10,2,0.00011063721480035139
15,10,3,0.0001106658761269253
15,10,4,0.0001791407909777459
15,10,5,0.00011088181397108095
15,10,6,0.00022461584263474115
15,10,7,0.0001106497351852511
15,10,8,0.00014324183767080065
15,10,9,0.00011064260926398006
15,10,10,0.00021466845896223527
15,11,1,0.00011100940172726015
15,11,2,0.0001106372167879497
15,11,3,0.00011066581567588912
15,11,4,0.00017915003856683545
15,11,5,0.00011088183447742254
15,11,6,0.00022473643849937284
15,11,7,0.00011064973868531935
15,11,8,0.00014324469309163972
15,11,9,0.0001106426097604867
15,11,10,0.00021469069090835762
15,12,1,0.00011100864270800558
15,12,2,0.00011063727059330155
15,12,3,0.00011066581140230667
15,12,4,0.00017914540039345612
15,12,5,0.0001108818233340514
15,12,6,0.00022470019510585282
15,12,7,0.00011064973554339047
15,12,8,0.00014324566962646882
15,12,9,0.00011064260832186996
15,12,10,0.0002147084893406324
15,13,1,0.0001110086431474181
15,13,2,0.00011063727320458556
15,13,3,0.00011066581095930403
15,13,4,0.00017915151941957276
15,13,5,0.00011088183966914437
15,13,6,0.0002247846771417524
15,13,7,0.00011064974760147575
15,13,8,0.0001432416111802646
15,13,9,0.0001106426088280548
15,13,10,0.000214631805629258
15,14,1,0.0001110093454153003
15,14,2,0.0001106372747978879
15,14,3,0.0001106658133048736
15,14,4,0.0001791567263932502
15,14,5,0.00011088193355927895
15,14,6,0.00022475809600472067
15,14,7,0.00011064973983278823
15,14,8,0.00014324523571301528
15,14,9,0.00011064260981561638
15,14,10,0.00021475267360695856
15,15,1,0.00011100866290773496
15,15,2,0.00011063728007680821
15,15,3,0.00011066581374207821
15,15,4,0.00017910435098415366
15,15,5,0.00011088216728137963
15,15,6,0.00022485327961694614
15,15,7,0.00011064973777900489
15,15,8,0.00014324587556915167
15,15,9,0.00011064261033226474
15,15,10,0.00021481688542602015
15,16,1,0.00011100935531206813
15,16,2,0.00011063727771906026
15,16,3,0.00011066581727903085
15,16,4,0.0001791091457853164
15,16,5,0.00011088201800779266
15,16,6,0.00022474971383630745
15,16,7,0.00011064973979375255
15,16,8,0.0001432414078546731
15,16,9,0.00011064261127393215
15,16,10,0.0002147347114287344
15,17,1,0.00011100936427379163
15,17,2,0.00011063727992274634
15,17,3,0.00011066581888955232
15,17,4,0.00017917445684042225
15,17,5,0.00011088202129033335
15,17,6,0.0002247698417339396
15,17,7,0.00011064975333900595
15,17,8,0.00014328273450034962
15,17,9,0.00011064261128716576
15,17,10,0.0002148923464299157
15,18,1,0.00011100869465159211
15,18,2,0.00011063728457637075
15,18,3,0.00011066582648505388
15,18,4,0.00017913128548432947
15,18,5,0.0001108820400874286
15,18,6,0.00022488112095944642
15,18,7,0.00011064974410387932
15,18,8,0.00014325242907750081
15,18,9,0.00011064261405566847
15,18,10,0.00021476774287955186
15,19,1,0.00011100856498257816
15,19,2,0.00011063728003274828
15,19,3,0.00011066893728099982
15,19,4,0.00017911034354596
15,19,5,0.0001108819713082232
15,19,6,0.0002249497899513417
15,19,7,0.00011064974304811287
15,19,8,0.00014327112312089002
15,19,9,0.00011064261346612065
15,19,10,0.00021481259092165917
15,20,1,0.00011100914032799699
15,20,2,0.00011063728277813278
15,20,3,0.00011066896444319786
15,20,4,0.00017912220804480354
15,20,5,0.00011088207656130927
15,20,6,0.00022491189072121825
15,20,7,0.00011064974764202695
15,20,8,0.0001432866145216942
15,20,9,0.0001106426115406021
15,20,10,0.0002147897918910703
15,21,1,0.00011100861627843194
15,21,2,0.00011063728253434396
15,21,3,0.00011066894680256143
15,21,4,0.00017920104600789132
15,21,5,0.00011088217030584586
15,21,6,0.00022504637365853745
15,21,7,0.0001106497425393524
15,21,8,0.00014328599900073228
15,21,9,0.00011064261191361082
15,21,10,0.00021486973907516665
15,22,1,0.0001110086313664262
15,22,2,0.00011063728346087263
15,22,3,0.00011066899167087876
15,22,4,0.00017919566580218822
15,22,5,0.00011088215039434979
15,22,6,0.0002249864989233054
15,22,7,0.00011064975084690926
15,22,8,0.00014329934354446018
15,22,9,0.000110642617663708
15,22,10,0.00021479672025589473
15,23,1,0.00011130801808946946
15,23,2,0.00011063728801145058
15,23,3,0.00011066897603617211
15,23,4,0.0001792904130540916
15,23,5,0.00011088219764427177
15,23,6,0.00022522633281776884
15,23,7,0.00011064975134877851
15,23,8,0.00014330967813457878
15,23,9,0.00011064261384929682
15,23,10,0.00021501057851809982
15,24,1,0.00011130707281816575
15,24,2,0.00011063735816898181
15,24,3,0.00011066909188057547
15,24,4,0.00017936638797740002
15,24,5,0.00011088236012973342
15,24,6,0.00022544141174689396
15,24,7,0.00011064975383219712
15,24,8,0.00014333161401761663
15,24,9,0.00011064262028285587
15,24,10,0.0002152121238073093
16,1,1,9.027321952833321e-5
16,1,2,8.989661665162135e-5
16,1,3,8.992661821638078e-5
16,1,4,0.00016054573668424532
16,1,5,9.014333892834678e-5
16,1,6,0.0002072133291122627
16,1,7,8.990439943844995e-5
16,1,8,0.00012356117162626938
16,1,9,8.990298939729924e-5
16,1,10,0.00019800173023679093
16,2,1,9.027015436640035e-5
16,2,2,8.989720033947897e-5
16,2,3,8.992630205059391e-5
16,2,4,0.00016038122727583592
16,2,5,9.01426099630281e-5
16,2,6,0.00020689635983179037
16,2,7,8.99092417886097e-5
16,2,8,0.00012326413813329727
16,2,9,8.990278568240697e-5
16,2,10,0.00019714105406758338
16,3,1,9.027100984124348e-5
16,3,2,8.989716143620838e-5
16,3,3,8.992638414494598e-5
16,3,4,0.00016056015787336338
16,3,5,9.014258733696592e-5
16,3,6,0.00020698982561158814
16,3,7,8.990924963050717e-5
16,3,8,0.00012326412783509702
16,3,9,8.990289552229768e-5
16,3,10,0.0001972388015958633
16,4,1,9.027074105435989e-5
16,4,2,8.989718016418732e-5
16,4,3,8.99262856056973e-5
16,4,4,0.00016043643623635064
16,4,5,9.014250101866698e-5
16,4,6,0.0002069683198421689
16,4,7,8.99100450288827e-5
16,4,8,0.0001232747114318388
16,4,9,8.990288299992251e-5
16,4,10,0.0001969162019372749
16,5,1,9.026996828588317e-5
16,5,2,8.989718421866496e-5
16,5,3,8.992628828404496e-5
16,5,4,0.0001604327951367726
16,5,5,9.014255469402486e-5
16,5,6,0.00020704779364955552
16,5,7,8.99100521844387e-5
16,5,8,0.00012327879321469626
16,5,9,8.99028693758018e-5
16,5,10,0.00019711185918457248
16,6,1,9.027053801677585e-5
16,6,2,8.989737240749854e-5
16,6,3,8.992627468568475e-5
16,6,4,0.0001604899055015274
16,6,5,9.014246723891189e-5
16,6,6,0.00020691348365398207
16,6,7,8.991003039213684e-5
16,6,8,0.00012329024135269325
16,6,9,8.990286391315006e-5
16,6,10,0.0001970785209051643
16,7,1,9.026981862287539e-5
16,7,2,8.989737700140747e-5
16,7,3,8.992633099629891e-5
16,7,4,0.00016039502814455507
16,7,5,9.014251641238472e-5
16,7,6,0.0002070450708868214
16,7,7,8.991003919952187e-5
16,7,8,0.00012327131884959315
16,7,9,8.990287284609275e-5
16,7,10,0.00019707883263410435
16,8,1,9.026984810750697e-5
16,8,2,8.98973745793216e-5
16,8,3,8.992633530997781e-5
16,8,4,0.000160413007911663
16,8,5,9.014257135533199e-5
16,8,6,0.0002071145323693608
16,8,7,8.991003229121553e-5
16,8,8,0.00012329376160528943
16,8,9,8.990287477951744e-5
16,8,10,0.0001969811152004349
16,9,1,9.027055252107463e-5
16,9,2,8.98973771651892e-5
16,9,3,8.992633802613011e-5
16,9,4,0.0001603774438918192
16,9,5,9.014261288197917e-5
16,9,6,0.00020717968863508438
16,9,7,8.991003587137371e-5
16,9,8,0.00012329759146119374
16,9,9,8.990286566754018e-5
16,9,10,0.0001970914294872822
16,10,1,9.027057088942628e-5
16,10,2,8.989738020136903e-5
16,10,3,8.992633924182923e-5
16,10,4,0.0001604432718269129
16,10,5,9.014264470939067e-5
16,10,6,0.00020715464134644533
16,10,7,8.991003643296423e-5
16,10,8,0.00012327837075718908
16,10,9,8.990286590131661e-5
16,10,10,0.000196993085428743
16,11,1,9.02705942475105e-5
16,11,2,8.98973823680584e-5
16,11,3,8.992627878607782e-5
16,11,4,0.00016045417768155513
16,11,5,9.014266852956084e-5
16,11,6,0.00020727834226281987
16,11,7,8.991003998971911e-5
16,11,8,0.00012328124417997855
16,11,9,8.990286666446111e-5
16,11,10,0.0001970158904549046
16,12,1,9.026983508888795e-5
16,12,2,8.989743646018643e-5
16,12,3,8.992627447226128e-5
16,12,4,0.00016045060428040788
16,12,5,9.014265731933464e-5
16,12,6,0.00020724115270555525
16,12,7,8.991003681480298e-5
16,12,8,0.00012328217730104426
16,12,9,8.990286517972995e-5
16,12,10,0.00019703436891708456
16,13,1,9.026983514197021e-5
16,13,2,8.989743904119032e-5
16,13,3,8.992627402230335e-5
16,13,4,0.0001604568940359425
16,13,5,9.014267290567226e-5
16,13,6,0.00020732831496350043
16,13,7,8.991004898357376e-5
16,13,8,0.0001232779129054999
16,13,9,8.990286568256885e-5
16,13,10,0.00019695532450160965
16,14,1,9.027053688878113e-5
16,14,2,8.98974406489328e-5
16,14,3,8.99262763998333e-5
16,14,4,0.00016046224885631213
16,14,5,9.014276574304316e-5
16,14,6,0.00020730079090631787
16,14,7,8.991004115950159e-5
16,14,8,0.00012328160679711897
16,14,9,8.990286667559823e-5
16,14,10,0.00019707950576467974
16,15,1,9.026985400686868e-5
16,15,2,8.989744587360134e-5
16,15,3,8.992627683529612e-5
16,15,4,0.00016040778302773922
16,15,5,9.014299967447954e-5
16,15,6,0.00020739838078149915
16,15,7,8.991003907197055e-5
16,15,8,0.0001232821452856033
16,15,9,8.990286719799243e-5
16,15,10,0.0001971455685010757
16,16,1,9.02705461769379e-5
16,16,2,8.989744351157291e-5
16,16,3,8.992628040522169e-5
16,16,4,0.00016041268714539098
16,16,5,9.01428494554234e-5
16,16,6,0.00020729208918209528
16,16,7,8.991004103193875e-5
16,16,8,0.00012327743052211346
16,16,9,8.990286815245473e-5
16,16,10,0.00019706099676573575
16,17,1,9.027055466841783e-5
16,17,2,8.989744568680464e-5
16,17,3,8.992628208344232e-5
16,17,4,0.00016048022514215455
16,17,5,9.014285199936948e-5
16,17,6,0.00020731258857835478
16,17,7,8.991005477456688e-5
16,17,8,0.00012332010855531256
16,17,9,8.990286815367693e-5
16,17,10,0.00019722251899792042
16,18,1,9.026988468284589e-5
16,18,2,8.989745031017108e-5
16,18,3,8.992628991349038e-5
16,18,4,0.00016043532472618122
16,18,5,9.014287062421352e-5
16,18,6,0.00020742674193221738
16,18,7,8.991004545551487e-5
16,18,8,0.00012328868333367292
16,18,9,8.990287096591958e-5
16,18,10,0.00019709485779331612
16,19,1,9.026975434965995e-5
16,19,2,8.989744573743374e-5
16,19,3,8.992942988348738e-5
16,19,4,0.00016041356727715023
16,19,5,9.014280180287388e-5
16,19,6,0.0002074970393502506
16,19,7,8.991004442193012e-5
16,19,8,0.00012330686445696657
16,19,9,8.99028703670437e-5
16,19,10,0.00019714098115229504
16,20,1,9.027032893223537e-5
16,20,2,8.989744825224879e-5
16,20,3,8.99294578250388e-5
16,20,4,0.0001604257327142276
16,20,5,9.014290309629106e-5
16,20,6,0.00020745344273375132
16,20,7,8.991004880984379e-5
16,20,8,0.00012332258994044424
16,20,9,8.990286842344938e-5
16,20,10,0.00019711298419333587
16,21,1,9.026979868863803e-5
16,21,2,8.989744803776213e-5
16,21,3,8.992944011460336e-5
16,21,4,0.00016050715289765873
16,21,5,9.014299683629487e-5
16,21,6,0.0002075911138972177
16,21,7,8.991004359416258e-5
16,21,8,0.00012332188843795642
16,21,9,8.990286855765678e-5
16,21,10,0.0001971950314882618
16,22,1,9.026981329882248e-5
16,22,2,8.989744896893191e-5
16,22,3,8.99294853686351e-5
16,22,4,0.00016049897691144081
16,22,5,9.014297690635932e-5
16,22,6,0.00020753420560086554
16,22,7,8.991005208432311e-5
16,22,8,0.00012333547727230425
16,22,9,8.990287456350848e-5
16,22,10,0.00019711971064028267
16,23,1,9.057008993911114e-5
16,23,2,8.989745346066616e-5
16,23,3,8.99294699191544e-5
16,23,4,0.00016059912173639013
16,23,5,9.014302464272848e-5
16,23,6,0.00020777471499835995
16,23,7,8.991005266417835e-5
16,23,8,0.00012334602981472768
16,23,9,8.990287053684978e-5
16,23,10,0.00019733898706429713
16,24,1,9.056914160534105e-5
16,24,2,8.989752491223835e-5
16,24,3,8.992958697587983e-5
16,24,4,0.0001606746114823106
16,24,5,9.014318613819472e-5
16,24,6,0.00020799421775413357
16,24,7,8.991005519814845e-5
16,24,8,0.0001233684869299006
16,24,9,8.990287701026384e-5
16,24,10,0.00019754514092316691
17,1,1,0.001042173971936541
17,1,2,3.645953167549863e-5
17,1,3,0.0010434556411267155
17,1,4,0.00027386225442395514
17,1,5,0.0002503052468403142
17,1,6,0.00037019517399854623
17,1,7,3.646266730055325e-5
17,1,8,0.0011296858535977117
17,1,9,0.0010411345445031992
17,1,10,0.0012150215629611902
17,2,1,3.3476272943804144e-6
17,2,2,0.00010266236798765708
17,2,3,8.777174214416704e-7
17,2,4,6.101918513533825e-5
17,2,5,9.867914208550192e-6
17,2,6,0.00010621609430540604
17,2,7,1.0627133129983386e-7
17,2,8,4.777834836347759e-5
17,2,9,0.0005682008115214075
17,2,10,8.488949283690046e-5
17,3,1,8.715262510252494e-5
17,3,2,6.747712555932118e-5
17,3,3,8.717957545037793e-5
17,3,4,0.00015171460475666104
17,3,5,6.821564255020981e-6
17,3,6,9.865940308021358e-5
17,3,7,1.0616774818708726e-7
17,3,8,3.0370896863007867e-5
17,3,9,8.657171599877102e-5
17,3,10,0.00019822924127016242
17,4,1,3.387333053599746e-5
17,4,2,1.1453297618238498e-6
17,4,3,1.213137816298978e-5
17,4,4,5.689968490755631e-5
17,4,5,5.779395023176483e-7
17,4,6,9.039133925667212e-5
17,4,7,3.187705231262833e-5
17,4,8,2.9509250255244355e-5
17,4,9,3.3363982683352055e-5
17,4,10,8.274485522139571e-5
17,5,1,1.622500037498727e-5
17,5,2,6.04251359195859e-7
17,5,3,1.017342630197373e-5
17,5,4,5.711198920254036e-5
17,5,5,9.979445980174398e-7
17,5,6,9.15949245156121e-5
17,5,7,3.793226534588892e-5
17,5,8,2.9543192293073156e-5
17,5,9,6.934847035202114e-7
17,5,10,0.00013298013696114882
17,6,1,7.575818784787181e-6
17,6,2,6.443290430714973e-6
17,6,3,2.764057646352458e-5
17,6,4,6.277254351917438e-5
17,6,5,1.839793698622005e-6
17,6,6,8.937913612681659e-5
17,6,7,4.809862718528365e-8
17,6,8,3.698197892384447e-5
17,6,9,1.518551047882407e-6
17,6,10,9.046384732543732e-5
17,7,1,4.129643202047328e-5
17,7,2,3.5089329419795546e-6
17,7,3,4.184087896905558e-6
17,7,4,6.013902650029204e-5
17,7,5,2.9319676735576204e-6
17,7,6,9.244062949722254e-5
17,7,7,3.5262343511099144e-6
17,7,8,3.5876678978516647e-5
17,7,9,4.0198023349472355e-6
17,7,10,8.774794095958043e-5
17,8,1,3.6821766131430796e-5
17,8,2,1.6656724159450262e-6
17,8,3,7.1530898635845285e-6
17,8,4,6.178145575067205e-5
17,8,5,1.8918759158250764e-6
17,8,6,9.390182940700906e-5
17,8,7,5.470945862061821e-8
17,8,8,3.6349046916792066e-5
17,8,9,6.943091547479648e-6
17,8,10,9.028854407887733e-5
17,9,1,9.33222375031942e-6
17,9,2,1.1928224701164516e-6
17,9,3,9.126211612925196e-6
17,9,4,6.542934215781964e-5
17,9,5,1.4311668970307168e-6
17,9,6,9.473845094595161e-5
17,9,7,2.461832945713074e-8
17,9,8,3.8021342966604485e-5
17,9,9,1.1164424535953176e-6
17,9,10,9.068964809447157e-5
17,10,1,9.35739250344044e-6
17,10,2,1.188327891552477e-6
17,10,3,9.162756395749832e-6
17,10,4,6.178953506742991e-5
17,10,5,1.425919844583699e-6
17,10,6,9.093077612019727e-5
17,10,7,2.480420349039149e-8
17,10,8,3.266852936016269e-5
17,10,9,1.1096854245136035e-6
17,10,10,9.105391485751954e-5
17,11,1,1.10158905817544e-5
17,11,2,8.796311382234462e-7
17,11,3,2.4256107810218526e-5
17,11,4,6.264665666798081e-5
17,11,5,1.1198616060945567e-6
17,11,6,9.394454004258572e-5
17,11,7,6.49962027003361e-8
17,11,8,3.173314773171227e-5
17,11,9,8.154539346267289e-7
17,11,10,8.739307742841535e-5
17,12,1,4.2613088199883086e-5
17,12,2,2.902988876633763e-6
17,12,3,3.288113397592031e-5
17,12,4,5.803102060775863e-5
17,12,5,3.276046464365318e-6
17,12,6,9.342426688520666e-5
17,12,7,4.035396783646147e-7
17,12,8,3.980144240993027e-5
17,12,9,2.91786134382675e-6
17,12,10,9.159529664551927e-5
17,13,1,4.355575661741162e-5
17,13,2,2.490895726420778e-6
17,13,3,3.3709760035413076e-5
17,13,4,5.771455100326181e-5
17,13,5,3.3987022278238546e-6
17,13,6,9.017746733182054e-5
17,13,7,2.492480572095307e-6
17,13,8,3.7402922551081175e-5
17,13,9,3.1670359227740043e-6
17,13,10,0.00010118263342283732
17,14,1,4.405723473953809e-6
17,14,2,2.318518605616509e-7
17,14,3,3.17994888205279e-5
17,14,4,5.802863581826335e-5
17,14,5,2.980809357456038e-6
17,14,6,9.514817241590683e-5
17,14,7,2.9481800769457804e-7
17,14,8,3.7415621440089275e-5
17,14,9,2.6043691165193695e-6
17,14,10,0.00010721750750102383
17,15,1,4.2769943171238155e-5
17,15,2,2.831128747332031e-6
17,15,3,3.300471879794288e-5
17,15,4,7.728042157885464e-5
17,15,5,3.5564200489269063e-6
17,15,6,8.985930101714221e-5
17,15,7,4.202387942251818e-7
17,15,8,4.002172995141356e-5
17,15,9,2.95507769196525e-6
17,15,10,8.403357664036217e-5
17,16,1,4.3738842636772e-6
17,16,2,2.2580088534844599e-7
17,16,3,3.185929414087455e-5
17,16,4,7.285528311508764e-5
17,16,5,3.04544399898795e-6
17,16,6,9.6821941404944e-5
17,16,7,3.0595525431910845e-7
17,16,8,4.319262913376221e-5
17,16,9,2.620121475971466e-6
17,16,10,9.949565985128265e-5
17,17,1,3.815895506795903e-6
17,17,2,1.5779384375288262e-7
17,17,3,3.2798108185304546e-5
17,17,4,5.8125468061710264e-5
17,17,5,3.3322151230712486e-6
17,17,6,0.00010138197703239055
17,17,7,2.9550461931674663e-6
17,17,8,3.375868028097858e-5
17,17,9,2.892236437218782e-6
17,17,10,8.500318298270963e-5
17,18,1,4.283411717653827e-5
17,18,2,2.817215694197133e-6
17,18,3,3.304294134397186e-5
17,18,4,7.589902571026629e-5
17,18,5,3.4062981881067813e-6
17,18,6,9.764332495620272e-5
17,18,7,4.255305360838753e-7
17,18,8,4.435303501187761e-5
17,18,9,2.9643838220008745e-6
17,18,10,0.00010784304058843893
17,19,1,7.073865929041466e-5
17,19,2,2.5524182829675144e-6
17,19,3,1.8137246988414583e-6
17,19,4,9.941762901614717e-5
17,19,5,1.3350214284954531e-5
17,19,6,9.163259383863932e-5
17,19,7,2.556295941590096e-6
17,19,8,3.237489210882323e-5
17,19,9,2.138685984024377e-6
17,19,10,8.893006019024004e-5
17,20,1,2.031834195296146e-6
17,20,2,1.9702526444489933e-6
17,20,3,2.054278639527645e-6
17,20,4,9.988624008970066e-5
17,20,5,4.2610480896759685e-6
17,20,6,0.00011660323335475033
17,20,7,2.07307040889658e-6
17,20,8,2.945706941379901e-5
17,20,9,1.2261161429587744e-5
17,20,10,0.00011988908669021859
17,21,1,6.778002519889308e-5
17,21,2,1.6443877068663474e-6
17,21,3,1.6636400765789955e-6
17,21,4,5.975871244319064e-5
17,21,5,1.5980236420671915e-6
17,21,6,9.184807044562669e-5
17,21,7,5.36235561274868e-6
17,21,8,3.184591519515264e-5
17,21,9,1.1625132466935044e-5
17,21,10,8.55714066420812e-5
17,22,1,7.10413706573348e-5
17,22,2,2.267249727626232e-6
17,22,3,1.7749560438604132e-6
17,22,4,7.869534496956923e-5
17,22,5,4.661075845071185e-6
17,22,6,0.00012799223237635856
17,22,7,2.624549377964869e-6
17,22,8,2.950887918376488e-5
17,22,9,2.203384085769331e-6
17,22,10,0.00012659291107849335
17,23,1,1.8086009814011768e-5
17,23,2,4.7585118153417605e-6
17,23,3,7.848387956522293e-6
17,23,4,6.30916397586975e-5
17,23,5,7.521996265005093e-6
17,23,6,0.0001026863704601283
17,23,7,7.811094970169587e-6
17,23,8,3.575178058883837e-5
17,23,9,1.820755943298652e-5
17,23,10,9.125625866212951e-5
17,24,1,1.7933456301783585e-5
17,24,2,1.0078513947660568e-8
17,24,3,4.1496732459455306e-8
17,24,4,7.681481247008386e-5
17,24,5,7.510774698319544e-7
17,24,6,0.00011014291315703121
17,24,7,1.7309500035787533e-5
17,24,8,4.718474442399597e-5
17,24,9,1.6266556079117262e-5
17,24,10,0.00010152420516021064
18,1,1,0.016262450044847537
18,1,2,0.016262391002282932
18,1,3,0.016262395119225233
18,1,4,0.01627265436266751
18,1,5,0.016262428690780494
18,1,6,0.016273762834699786
18,1,7,0.016262391996386596
18,1,8,0.016266651320329936
18,1,9,0.016262392018100324
18,1,10,0.01627320844538022
18,2,1,0.007557019549197314
18,2,2,0.007556931088589939
18,2,3,0.007556937110807267
18,2,4,0.007567955251387123
18,2,5,0.00755698814147732
18,2,6,0.007574638422696018
18,2,7,0.007556933395908237
18,2,8,0.00756351073334722
18,2,9,0.007556931097286131
18,2,10,0.0075733159135289215
18,3,1,0.007262091278995141
18,3,2,0.007262003249798933
18,3,3,0.00726200942729123
18,3,4,0.007273460747988044
18,3,5,0.007262060019448932
18,3,6,0.0072800389813321795
18,3,7,0.007262005545394306
18,3,8,0.007268095901421501
18,3,9,0.007262003290632598
18,3,10,0.007278651033579101
18,4,1,0.006212738980436729
18,4,2,0.006212653807235542
18,4,3,0.006212660140801762
18,4,4,0.006226423372159252
18,4,5,0.006212709333416724
18,4,6,0.00623399454083637
18,4,7,0.006212656733119928
18,4,8,0.006219246439140515
18,4,9,0.006212655055807187
18,4,10,0.0062319755792817014
18,5,1,0.006360293266144775
18,5,2,0.006360207422382165
18,5,3,0.006360213560959742
18,5,4,0.006374989166821927
18,5,5,0.006360263541146299
18,5,6,0.006381171957231878
18,5,7,0.006360210210378539
18,5,8,0.006366824323736592
18,5,9,0.006360208600616793
18,5,10,0.006379288471194107
18,6,1,0.005359378359012311
18,6,2,0.005359289478055922
18,6,3,0.00535929614457646
18,6,4,0.005374479835842883
18,6,5,0.005359347722271592
18,6,6,0.005385783269572784
18,6,7,0.005359292475626544
18,6,8,0.0053666101225170754
18,6,9,0.005359290697734631
18,6,10,0.005383042202529301
18,7,1,0.00518347674890063
18,7,2,0.0051833879148929065
18,7,3,0.005183394605971063
18,7,4,0.005199671879928361
18,7,5,0.005183446447579134
18,7,6,0.005211798540635184
18,7,7,0.00518339091090863
18,7,8,0.005190919146736329
18,7,9,0.005183389227985546
18,7,10,0.0052087920740962025
18,8,1,0.005346737380434842
18,8,2,0.005346649149490639
18,8,3,0.005346655785242396
18,8,4,0.005361929103415953
18,8,5,0.005346707230865553
18,8,6,0.005373336005314203
18,8,7,0.0053466521127047304
18,8,8,0.005354009220817796
18,8,9,0.0053466504545079474
18,8,10,0.0053704567035709645
18,9,1,0.005436676021973739
18,9,2,0.005436586128891639
18,9,3,0.005436593150131386
18,9,4,0.005451460655428591
18,9,5,0.005436644949265207
18,9,6,0.005462429988992018
18,9,7,0.005436589316941572
18,9,8,0.005443865057640193
18,9,9,0.005436587374420164
18,9,10,0.005459780551089335
18,10,1,0.00543635804896413
18,10,2,0.005436267922116867
18,10,3,0.005436274957758477
18,10,4,0.005451235795299999
18,10,5,0.005436326921348913
18,10,6,0.00546210672768576
18,10,7,0.005436271120528646
18,10,8,0.0054435506824743
18,10,9,0.005436269173857476
18,10,10,0.005459395183141588
18,11,1,0.005506494372586135
18,11,2,0.0055064034871470545
18,11,3,0.0055064105998103244
18,11,4,0.005521140443997594
18,11,5,0.0055064629730864284
18,11,6,0.00553175748032572
18,11,7,0.005506406723531767
18,11,8,0.005513637261995181
18,11,9,0.005506404636208877
18,11,10,0.005529072838910353
18,12,1,0.005132445343448017
18,12,2,0.005132355614467411
18,12,3,0.0051323622566847625
18,12,4,0.005148693308578216
18,12,5,0.005132414641019706
18,12,6,0.005161493555034267
18,12,7,0.005132358580846578
18,12,8,0.005140024817300807
18,12,9,0.005132356909920549
18,12,10,0.005158323872161303
18,13,1,0.00510014054803337
18,13,2,0.005100050844103337
18,13,3,0.005100057233409402
18,13,4,0.00511658254986779
18,13,5,0.00510010974533969
18,13,6,0.005129721979286745
18,13,7,0.005100053557551508
18,13,8,0.0051077841321050315
18,13,9,0.005100051889316918
18,13,10,0.005126364353221211
18,14,1,0.005176213098690586
18,14,2,0.005176122184548782
18,14,3,0.005176128934961319
18,14,4,0.005192277163408354
18,14,5,0.005176181648674606
18,14,6,0.005204770300514453
18,14,7,0.005176125179205588
18,14,8,0.0051837675730448335
18,14,9,0.005176123388565252
18,14,10,0.005201600901851966
18,15,1,0.00512948007929638
18,15,2,0.0051293899471638
18,15,3,0.005129396439445896
18,15,4,0.005145743963600626
18,15,5,0.00512944944553231
18,15,6,0.005158760783815851
18,15,7,0.005129392712283143
18,15,8,0.0051371216891457246
18,15,9,0.0051293910109728065
18,15,10,0.00515557909195004
18,16,1,0.005176929808696315
18,16,2,0.00517683896705923
18,16,3,0.005176845681487621
18,16,4,0.005192937044841479
18,16,5,0.0051768983718741175
18,16,6,0.005205513776122615
18,16,7,0.005176841940729988
18,16,8,0.005184485398803858
18,16,9,0.005176840166557663
18,16,10,0.005202356570850136
18,17,1,0.0051420602184444174
18,17,2,0.005141968462659125
18,17,3,0.0051419752442131775
18,17,4,0.005158357394422056
18,17,5,0.005142028387320631
18,17,6,0.005171101195567974
18,17,7,0.005141971473187676
18,17,8,0.005149764518306329
18,17,9,0.005141969687519474
18,17,10,0.0051680569381503914
18,18,1,0.005134620883013879
18,18,2,0.005134530489623966
18,18,3,0.005134536998926135
18,18,4,0.00515271402564733
18,18,5,0.005134589904339207
18,18,6,0.005163902391169534
18,18,7,0.005134533290352584
18,18,8,0.00514229464586099
18,18,9,0.005134531612078846
18,18,10,0.005160620407758299
18,19,1,0.0043239097377954705
18,19,2,0.0043238115951254345
18,19,3,0.004323820649033386
18,19,4,0.004355174552021341
18,19,5,0.004323872197530499
18,19,6,0.004373200930109095
18,19,7,0.004323815295416248
18,19,8,0.004334453384474125
18,19,9,0.004323813242581539
18,19,10,0.0043678899787414445
18,20,1,0.0043616404397897835
18,20,2,0.004361542128365326
18,20,3,0.00436155085127853
18,20,4,0.0043899251944405585
18,20,5,0.004361606602130445
18,20,6,0.004409489733439724
18,20,7,0.004361545512588947
18,20,8,0.004368637936357574
18,20,9,0.004361543567148738
18,20,10,0.004404220444617484
18,21,1,0.00439888682109962
18,21,2,0.0043987892818389985
18,21,3,0.004398797830858904
18,21,4,0.004429091763372243
18,21,5,0.004398853642822576
18,21,6,0.004445687328188714
18,21,7,0.004398792562782458
18,21,8,0.004408980227964783
18,21,9,0.004398790661893738
18,21,10,0.004440505752474867
18,22,1,0.0043189405474804154
18,22,2,0.00431884127156846
18,22,3,0.0043188503029163465
18,22,4,0.004348679082486772
18,22,5,0.004318906723466675
18,22,6,0.004368831758714865
18,22,7,0.004318844827936766
18,22,8,0.004329706877883789
18,22,9,0.004318842844965715
18,22,10,0.004363370934529873
18,23,1,0.004046057437660867
18,23,2,0.004045873765757323
18,23,3,0.004045879206825599
18,23,4,0.004090961138900734
18,23,5,0.004045935680401367
18,23,6,0.00410756516042667
18,23,7,0.004045875436772608
18,23,8,0.00406046258645728
18,23,9,0.004045874105758293
18,23,10,0.004101671889969311
18,24,1,0.003740007583821843
18,24,2,0.0037398117294946114
18,24,3,0.003739817051717396
18,24,4,0.0037900152729909184
18,24,5,0.0037398800013015584
18,24,6,0.0038134256360129854
18,24,7,0.00373981362946757
18,24,8,0.0037473743518695725
18,24,9,0.003739812271019466
18,24,10,0.0038071327471126877
19,1,1,0.001338194029101851
19,1,2,4.7505596817137865e-5
19,1,3,0.001339867314181786
19,1,4,0.000346168039156779
19,1,5,0.00032341637600567287
19,1,6,0.00046521363474390036
19,1,7,4.750869588510258e-5
19,1,8,0.0014465162730141316
19,1,9,0.001336907699208052
19,1,10,0.0015488390929207733
19,2,1,4.318670936936396e-6
19,2,2,0.00013294668506535232
19,2,3,1.137162320703331e-6
19,2,4,6.232173086939495e-5
19,2,5,1.2785336127838305e-5
19,2,6,0.0001125822526497682
19,2,7,1.3545032155896992e-7
19,2,8,4.791009831431439e-5
19,2,9,0.0007453860123823791
19,2,10,8.537208259259447e-5
19,3,1,0.00011285218940336933
19,3,2,8.799461869761962e-5
19,3,3,0.00011292711585394227
19,3,4,0.00018745504358997687
19,3,5,8.832007524150403e-6
19,3,6,0.00010181510610692381
19,3,7,1.353432289750542e-7
19,3,8,3.062610281094647e-5
19,3,9,0.00011214401389226566
19,3,10,0.0002419570084021211
19,4,1,4.389310924648914e-5
19,4,2,1.4880760046528328e-6
19,4,3,1.5786181510924964e-5
19,4,4,5.676395196727656e-5
19,4,5,7.132724333560526e-7
19,4,6,9.063821992008457e-5
19,4,7,4.134859019744861e-5
19,4,8,2.9514410859838233e-5
19,4,9,4.327604854805488e-5
19,4,10,8.277578743330429e-5
19,5,1,2.1082381918061635e-5
19,5,2,7.844232759620358e-7
19,5,3,1.3236105944879773e-5
19,5,4,5.703159728783021e-5
19,5,5,1.2688843734877237e-6
19,5,6,9.219354181964377e-5
19,5,7,4.919390496480687e-5
19,5,8,2.9558235096172582e-5
19,5,9,8.99455084891964e-7
19,5,10,0.00015362351099455955
19,6,1,9.79875900302274e-6
19,6,2,8.36679173745462e-6
19,6,3,3.599946321033239e-5
19,6,4,6.457962873411183e-5
19,6,5,2.369488859547545e-6
19,6,6,8.9385150623958e-5
19,6,7,5.9418135820430015e-8
19,6,8,4.002707299263162e-5
19,6,9,1.9729776871114357e-6
19,6,10,9.309727798490996e-5
19,7,1,5.377128105312904e-5
19,7,2,4.55700406623152e-6
19,7,3,5.4297633785671606e-6
19,7,4,6.092687870368614e-5
19,7,5,3.7941369006236736e-6
19,7,6,9.333913413781776e-5
19,7,7,4.577803801396548e-6
19,7,8,3.8606566661912946e-5
19,7,9,5.2196121073065064e-6
19,7,10,8.938427902214169e-5
19,8,1,4.793359691164665e-5
19,8,2,2.165262018287511e-6
19,8,3,9.284330005254509e-6
19,8,4,6.317908752982672e-5
19,8,5,2.4378015868950942e-6
19,8,6,9.516454129144981e-5
19,8,7,7.06649897237343e-8
19,8,8,3.911189432808033e-5
19,8,9,9.014921248559646e-6
19,8,10,9.341183221198677e-5
19,9,1,1.2077578899513627e-5
19,9,2,1.5499603874818099e-6
19,9,3,1.1845146155093087e-5
19,9,4,6.864841218216082e-5
19,9,5,1.836003429012184e-6
19,9,6,9.626505798713011e-5
19,9,7,2.5349422722990785e-8
19,9,8,4.1543587113309716e-5
19,9,9,1.4498016101685365e-6
19,9,10,9.34845918870412e-5
19,10,1,1.2110238358160496e-5
19,10,2,1.5440971896329844e-6
19,10,3,1.1892590394763423e-5
19,10,4,6.362140959167703e-5
19,10,5,1.8283285156228955e-6
19,10,6,9.522154402835758e-5
19,10,7,2.559533880557285e-8
19,10,8,3.3906444922829404e-5
19,10,9,1.441033898126438e-6
19,10,10,9.427702110064148e-5
19,11,1,1.4262791764545359e-5
19,11,2,1.1425605898897121e-6
19,11,3,3.158700981869508e-5
19,11,4,6.472152917042694e-5
19,11,5,1.433715146478891e-6
19,11,6,9.579035478741352e-5
19,11,7,8.449243419260863e-8
19,11,8,3.254505741886043e-5
19,11,9,1.0583253252383351e-6
19,11,10,8.902316816415451e-5
19,12,1,5.549027960799867e-5
19,12,2,3.7700369044605597e-6
19,12,3,4.283391586299749e-5
19,12,4,5.8416289513369696e-5
19,12,5,4.239171418806078e-6
19,12,6,9.475195962073184e-5
19,12,7,5.209972827261016e-7
19,12,8,4.430379727543285e-5
19,12,9,3.79368989004435e-6
19,12,10,9.50689352064739e-5
19,13,1,5.672040219852916e-5
19,13,2,3.234828866967688e-6
19,13,3,4.391466331993252e-5
19,13,4,5.794442240278176e-5
19,13,5,4.400141346139244e-6
19,13,6,9.010562207750533e-5
19,13,7,3.2351914890355647e-6
19,13,8,4.079400188714019e-5
19,13,9,4.11793076885776e-6
19,13,10,0.00010907535890845983
19,14,1,5.686921980238457e-6
19,14,2,2.9876542202189145e-7
19,14,3,4.142324549339572e-5
19,14,4,5.822400129177506e-5
19,14,5,3.856572966121321e-6
19,14,6,9.724505310063272e-5
19,14,7,3.792834161187814e-7
19,14,8,4.081644188360645e-5
19,14,9,3.3857410850130294e-6
19,14,10,0.00011800715428521631
19,15,1,5.569470057964636e-5
19,15,2,3.676763850137159e-6
19,15,3,4.2995151254760437e-5
19,15,4,8.67436551188219e-5
19,15,5,4.5954821698530286e-6
19,15,6,8.981157708449519e-5
19,15,7,5.404693970903464e-7
19,15,8,4.4673547566216237e-5
19,15,9,3.842099620486307e-6
19,15,10,8.388386165837339e-5
19,16,1,5.644889087302045e-6
19,16,2,2.9100147874586753e-7
19,16,3,4.150146696367948e-5
19,16,4,8.009991236282538e-5
19,16,5,3.939805291708244e-6
19,16,6,9.613997164732497e-5
19,16,7,3.9389995358276607e-7
19,16,8,4.9244043000980914e-5
19,16,9,3.4062386752967282e-6
19,16,10,0.00010410971459449195
19,17,1,4.9211972075023e-6
19,17,2,2.0232939711719995e-7
19,17,3,4.272602302920193e-5
19,17,4,6.0431647008686636e-5
19,17,5,4.312764936298231e-6
19,17,6,0.00011131060419548969
19,17,7,3.835881031567351e-6
19,17,8,3.535518264585466e-5
19,17,9,3.7603148380244963e-6
19,17,10,8.554929564162214e-5
19,18,1,5.5780634225281123e-5
19,18,2,3.6586796324057e-6
19,18,3,4.304541265874827e-5
19,18,4,8.427654974838484e-5
19,18,5,4.4089942108689554e-6
19,18,6,0.00010069777781792662
19,18,7,5.496821892509907e-7
19,18,8,5.087906634981288e-5
19,18,9,3.854231820602709e-6
19,18,10,0.00011896817317879719
19,19,1,9.221203989270698e-5
19,19,2,3.3190315875340892e-6
19,19,3,2.351002487784258e-6
19,19,4,0.00011789432066874871
19,19,5,1.735203918577069e-5
19,19,6,9.223750778391728e-5
19,19,7,3.3220871674072328e-6
19,19,8,3.3462394072623206e-5
19,19,9,2.7800814511229384e-6
19,19,10,9.124433523173989e-5
19,20,1,2.6076827858801496e-6
19,20,2,2.5613529135650132e-6
19,20,3,2.663183308686773e-6
19,20,4,0.00011856738625113018
19,20,5,5.519961311483095e-6
19,20,6,0.00012852666070262432
19,20,7,2.693297469133786e-6
19,20,8,2.9411287823566904e-5
19,20,9,1.5958583452120912e-5
19,20,10,0.0001365635438215829
19,21,1,8.83512383383697e-5
19,21,2,2.137485709335072e-6
19,21,3,2.157622860864712e-6
19,21,4,6.295862593928562e-5
19,21,5,2.0536360760909693e-6
19,21,6,9.259907895411064e-5
19,21,7,6.974357037381754e-6
19,21,8,3.272915799686991e-5
19,21,9,1.5130165487865303e-5
19,21,10,8.659653419753092e-5
19,22,1,9.261222386657266e-5
19,22,2,2.9478760524959e-6
19,22,3,2.300464065573472e-6
19,22,4,9.052674709766794e-5
19,22,5,6.040465080777932e-6
19,22,6,0.00014507998982065954
19,22,7,3.410902490096318e-6
19,22,8,2.9522115285234846e-5
19,22,9,2.8642260816326973e-6
19,22,10,0.0001462434673680924
19,23,1,2.33984415616212e-5
19,23,2,6.190005238941817e-6
19,23,3,1.0208807003967598e-5
19,23,4,6.921794498044102e-5
19,23,5,9.762670370582859e-6
19,23,6,0.00010823225942833151
19,23,7,1.0162462267656676e-5
19,23,8,3.8455887145924685e-5
19,23,9,2.370814966254938e-5
19,23,10,9.489975625243054e-5
19,24,1,2.3276971129082154e-5
19,24,2,1.0104375780223235e-8
19,24,3,4.172191656419498e-8
19,24,4,8.560641979238573e-5
19,24,5,9.528424105774284e-7
19,24,6,0.0001195406498982193
19,24,7,2.2535421323472543e-5
19,24,8,5.5054915669571476e-5
19,24,9,2.1178762074094435e-5
19,24,10,0.00011019802869500211
20,1,1,0.0001191123851182058
20,1,2,0.00011870375479650022
20,1,3,0.00011873634554774575
20,1,4,0.00019209698308950853
20,1,5,0.00011896850658126639
20,1,6,0.00024057867385693702
20,1,7,0.00011871193451028716
20,1,8,0.00015442220368675494
20,1,9,0.00011871085074317544
20,1,10,0.00023267777255208888
20,2,1,0.0001190970114633799
20,2,2,0.0001187044083071816
20,2,3,0.00011873475753381575
20,2,4,0.0001906933757697331
20,2,5,0.00011896341745330237
20,2,6,0.00023812961757654582
20,2,7,0.00011871694490205694
20,2,8,0.00015301630365378637
20,2,9,0.00011870989803467969
20,2,10,0.00022797166261023297
20,3,1,0.00011910042136766194
20,3,2,0.0001187042501662928
20,3,3,0.0001187350781337364
20,3,4,0.00019114590984784893
20,3,5,0.00011896322498160514
20,3,6,0.00023807638714336187
20,3,7,0.00011871693403414475
20,3,8,0.0001529919261513124
20,3,9,0.00011871034313157802
20,3,10,0.00022894764574930078
20,4,1,0.00011909884258213261
20,4,2,0.00011870430401493952
20,4,3,0.00011873462648265967
20,4,4,0.00019044591049137785
20,4,5,0.00011896251310942939
20,4,6,0.00023783678250965446
20,4,7,0.00011871782294514066
20,4,8,0.0001529886283843304
20,4,9,0.00011871027889198245
20,4,10,0.00022767245552135677
20,5,1,0.00011909571272292874
20,5,2,0.00011870431044520007
20,5,3,0.00011873464081244403
20,5,4,0.00019051019669193424
20,5,5,0.00011896264088007506
20,5,6,0.00023799916418905699
20,5,7,0.00011871784042994865
20,5,8,0.00015299446353644994
20,5,9,0.00011871021899845256
20,5,10,0.00022844878303753915
20,6,1,0.00011909747445394154
20,6,2,0.00011870451627385724
20,6,3,0.00011873453007000385
20,6,4,0.0001905618904427616
20,6,5,0.00011896196292754708
20,6,6,0.0002377636907472095
20,6,7,0.00011871770498149241
20,6,8,0.00015301112573256354
20,6,9,0.00011871017966741104
20,6,10,0.00022791285149471348
20,7,1,0.00011909447432320769
20,7,2,0.00011870451596720381
20,7,3,0.00011873475301671617
20,7,4,0.00019053442970945846
20,7,5,0.00011896190561833709
20,7,6,0.00023804951466260263
20,7,7,0.00011871773708757368
20,7,8,0.00015288394265421332
20,7,9,0.00011871021455325161
20,7,10,0.00022784923207667425
20,8,1,0.00011909465922986585
20,8,2,0.00011870449653387681
20,8,3,0.00011873477669521757
20,8,4,0.00019059995767760403
20,8,5,0.00011896205356207986
20,8,6,0.00023818991312415054
20,8,7,0.00011871770678924595
20,8,8,0.0001530131754605783
20,8,9,0.00011871022446468974
20,8,10,0.00022748074992301131
20,9,1,0.00011909760428596179
20,9,2,0.00011870450067474996
20,9,3,0.00011873478805812993
20,9,4,0.00019038232596949844
20,9,5,0.00011896214649506507
20,9,6,0.00023828741168605935
20,9,7,0.00011871771566772969
20,9,8,0.00015302884715957436
20,9,9,0.00011871018336126255
20,9,10,0.00022795961698554413
20,10,1,0.00011909761981914599
20,10,2,0.00011870450511447731
20,10,3,0.00011873478877716253
20,10,4,0.00019065741035599444
20,10,5,0.00011896219279418564
20,10,6,0.00023805458489470878
20,10,7,0.00011871771363332067
20,10,8,0.00015292554437984146
20,10,9,0.00011871018250089823
20,10,10,0.00022751473707969023
20,11,1,0.00011909773191184171
20,11,2,0.00011870450669423446
20,11,3,0.00011873454101314655
20,11,4,0.00019069057229241667
20,11,5,0.00011896223879894517
20,11,6,0.00023843371450538875
20,11,7,0.00011871772195528701
20,11,8,0.00015293807021472363
20,11,9,0.0001187101864644063
20,11,10,0.00022760744672636692
20,12,1,0.000119094443222598
20,12,2,0.00011870457605556002
20,12,3,0.00011873450917667141
20,12,4,0.00019059945548615678
20,12,5,0.00011896199177022672
20,12,6,0.00023807454802125545
20,12,7,0.00011871769764987539
20,12,8,0.00015287523622118182
20,12,9,0.00011871017273880078
20,12,10,0.00022750669153496556
20,13,1,0.00011909439640194334
20,13,2,0.00011870457773108531
20,13,3,0.0001187345024813142
20,13,4,0.00019059948701368964
20,13,5,0.0001189619803184303
20,13,6,0.0002383444893266017
20,13,7,0.00011871773884515591
20,13,8,0.00015288911976802855
20,13,9,0.00011871017188480338
20,13,10,0.00022740208798045964
20,14,1,0.00011909726278769097
20,14,2,0.00011870457567548773
20,14,3,0.00011873451110673692
20,14,4,0.00019062454481833823
20,14,5,0.000118962184869858
20,14,6,0.00023814020149076306
20,14,7,0.00011871770548757015
20,14,8,0.00015289583756679785
20,14,9,0.00011871017495448579
20,14,10,0.00022738655130031152
20,15,1,0.00011909442128096608
20,15,2,0.00011870458879131449
20,15,3,0.0001187345064265023
20,15,4,0.00019034413889115664
20,15,5,0.00011896299170887111
20,15,6,0.00023843226258041153
20,15,7,0.00011871769986302651
20,15,8,0.00015288768782839755
20,15,9,0.00011871017347827553
20,15,10,0.00022798419091401399
20,16,1,0.0001190972753558144
20,16,2,0.0001187045774644856
20,16,3,0.00011873451565501529
20,16,4,0.00019035432434109134
20,16,5,0.00011896225082354102
20,16,6,0.00023813539881861393
20,16,7,0.00011871770504352264
20,16,8,0.00015287958810376891
20,16,9,0.00011871017651974609
20,16,10,0.00022743369313148754
20,17,1,0.00011909721126358531
20,17,2,0.00011870457815849757
20,17,3,0.0001187345087747675
20,17,4,0.00019063176274477722
20,17,5,0.00011896222241220263
20,17,6,0.0002380496479027457
20,17,7,0.00011871774569933336
20,17,8,0.00015302705001410754
20,17,9,0.00011871017329347106
20,17,10,0.00022801722622935812
20,18,1,0.00011909444969275068
20,18,2,0.00011870459120864501
20,18,3,0.00011873451829565515
20,18,4,0.00019034741398238207
20,18,5,0.00011896224034203599
20,18,6,0.0002382582722867849
20,18,7,0.0001187177042503593
20,18,8,0.0001528884072674788
20,18,9,0.00011871017799594622
20,18,10,0.0002274721042679835
20,19,1,0.0001190934614685698
20,19,2,0.00011870455940341169
20,19,3,0.00011873793967713276
20,19,4,0.0001901300234664517
20,19,5,0.00011896161279474816
20,19,6,0.00023829495476992754
20,19,7,0.00011871766979598918
20,19,8,0.00015291328499727932
20,19,9,0.00011871016036061614
20,19,10,0.00022763291578010352
20,20,1,0.00011909578447795694
20,20,2,0.0001187045639702178
20,20,3,0.00011873797292783268
20,20,4,0.00019014644567962323
20,20,5,0.0001189620053770088
20,20,6,0.00023797362303798345
20,20,7,0.00011871767431704604
20,20,8,0.00015297182775409195
20,20,9,0.00011871014050346809
20,20,10,0.00022729448398155756
20,21,1,0.00011909353100040943
20,21,2,0.00011870455973342063
20,21,3,0.00011873787883079897
20,21,4,0.00019048749000960877
20,21,5,0.00011896225269747764
20,21,6,0.00023841437359587716
20,21,7,0.00011871765214136957
20,21,8,0.00015294099523296316
20,21,9,0.0001187101425243995
20,21,10,0.00022780169370971158
20,22,1,0.00011909343353627306
20,22,2,0.00011870456051934849
20,22,3,0.00011873798375346768
20,22,4,0.00019032067359484948
20,22,5,0.00011896205682356158
20,22,6,0.00023799915474326277
20,22,7,0.00011871767416659345
20,22,8,0.00015297290358812487
20,22,9,0.0001187101620794328
20,22,10,0.00022733047918619277
20,23,1,0.00011941214450018145
20,23,2,0.00011870455118724077
20,23,3,0.0001187378451989117
20,23,4,0.0001905667616659768
20,23,5,0.00011896189067456545
20,23,6,0.00023842401858465375
20,23,7,0.00011871764595623206
20,23,8,0.00015293432353606358
20,23,9,0.00011871011777887557
20,23,10,0.00022783771973820964
20,24,1,0.0001194069236858725
20,24,2,0.00011870463648487737
20,24,3,0.00011873801103516028
20,24,4,0.0001905374344939249
20,24,5,0.00011896222594619619
20,24,6,0.0002385447830466933
20,24,7,0.00011871761392748445
20,24,8,0.00015289821880036484
20,24,9,0.00011871012082516343
20,24,10,0.00022787666837048142
21,1,1,0.016403780546183744
21,1,2,0.016403702279552727
21,1,3,0.01640370791637897
21,1,4,0.01641456906861509
21,1,5,0.01640375244502269
21,1,6,0.016420432703701016
21,1,7,0.01640370366136856
21,1,8,0.01640958455795713
21,1,9,0.016403703634887225
21,1,10,0.016419464068814667
21,2,1,0.008156314266592048
21,2,2,0.00815621717550154
21,2,3,0.008156224693231134
21,2,4,0.008169422466977177
21,2,5,0.008156281676612387
21,2,6,0.008177301637427388
21,2,7,0.008156220509050119
21,2,8,0.008163753057376594
21,2,9,0.008156218088758358
21,2,10,0.008175710240161843
21,3,1,0.007872014743396402
21,3,2,0.00787191643637426
21,3,3,0.007871923516350696
21,3,4,0.007885544684707075
21,3,5,0.007871980029782491
21,3,6,0.007893650618706137
21,3,7,0.007871919144852572
21,3,8,0.007879002808245503
21,3,9,0.007871916770396344
21,3,10,0.00789194047820655
21,4,1,0.006855730507117854
21,4,2,0.0068556349812416
21,4,3,0.006855642117789021
21,4,4,0.006870658783843781
21,4,5,0.006855697289082109
21,4,6,0.006880705361355806
21,4,7,0.00685563826002945
21,4,8,0.0068631745623695456
21,4,9,0.0068556364029271405
21,4,10,0.006878306382004728
21,5,1,0.006999128067567716
21,5,2,0.0069990320045730265
21,5,3,0.006999039036965907
21,5,4,0.0070139255371659374
21,5,5,0.0069990949480992085
21,5,6,0.007023687775511497
21,5,7,0.006999035230567479
21,5,8,0.007006590091492642
21,5,9,0.006999033425361305
21,5,10,0.007021505531123607
21,6,1,0.006022656232577567
21,6,2,0.006022557689055843
21,6,3,0.006022565101126375
21,6,4,0.006040058138995641
21,6,5,0.006022622176728301
21,6,6,0.006053383445710019
21,6,7,0.006022560990712011
21,6,8,0.006030844763321417
21,6,9,0.00602255904068987
21,6,10,0.006050236692997905
21,7,1,0.005850045625375775
21,7,2,0.0058499475108753935
21,7,3,0.0058499548290149375
21,7,4,0.005868375398440841
21,7,5,0.005850012107697883
21,7,6,0.005883044840303876
21,7,7,0.0058499506840107
21,7,8,0.005858461642419611
21,7,9,0.00584994882467364
21,7,10,0.005879524663760321
21,8,1,0.00601026276842239
21,8,2,0.0060101650272838475
21,8,3,0.006010172307514275
21,8,4,0.006027769427198789
21,8,5,0.00601022932613841
21,8,6,0.006041292379790161
21,8,7,0.006010168177449189
21,8,8,0.006018494523558319
21,8,9,0.006010166342378207
21,8,10,0.006037901200145173
21,9,1,0.006098403907806351
21,9,2,0.006098304223056164
21,9,3,0.006098312038235571
21,9,4,0.006115451586997618
21,9,5,0.006098369459141969
21,9,6,0.006128479789030917
21,9,7,0.006098307762962577
21,9,8,0.006106547741725978
21,9,9,0.006098305664890378
21,9,10,0.006125348898876941
21,10,1,0.006098092424091382
21,10,2,0.0060979925224499635
21,10,3,0.0060980003519815525
21,10,4,0.0061152422452583136
21,10,5,0.006098057929550927
21,10,6,0.006128151718156485
21,10,7,0.006097996069651967
21,10,8,0.006106235166646402
21,10,9,0.006097993967621354
21,10,10,0.006124950111612916
21,11,1,0.006166769471441047
21,11,2,0.006166668723094271
21,11,3,0.006166676707957732
21,11,4,0.006183661492632926
21,11,5,0.006166734707128445
21,11,6,0.0061962808778302176
21,11,7,0.006166672403173565
21,11,8,0.0061748594066887985
21,11,9,0.00616667015959845
21,11,10,0.006193104908478312
21,12,1,0.005799905690767874
21,12,2,0.005799806855334969
21,12,3,0.005799813990392136
21,12,4,0.005818605714370172
21,12,5,0.005799871802853662
21,12,6,0.005833714828614838
21,12,7,0.0057998098652877455
21,12,8,0.005808459611411496
21,12,9,0.005799808014880448
21,12,10,0.0058300005769645205
21,13,1,0.005768150088687409
21,13,2,0.005768051050497244
21,13,3,0.005768058174048087
21,13,4,0.005787074877213134
21,13,5,0.005768116099201267
21,13,6,0.005802568061212172
21,13,7,0.005768054047289721
21,13,8,0.005776775089226907
21,13,9,0.0057680521953298695
21,13,10,0.005798647892278995
21,14,1,0.005842910808287706
21,14,2,0.005842810459260064
21,14,3,0.005842817882767832
21,14,4,0.005861395049824625
21,14,5,0.005842876076225759
21,14,6,0.005876158978166666
21,14,7,0.005842813681172349
21,14,8,0.005851433967192349
21,14,9,0.00584281172345391
21,14,10,0.005872446231376583
21,15,1,0.005796991375631491
21,15,2,0.005796891870980576
21,15,3,0.005796899090691441
21,15,4,0.005815702545644348
21,15,5,0.005796957566481132
21,15,6,0.005831064266045848
21,15,7,0.005796894913402037
21,15,8,0.0058056083069295585
21,15,9,0.00579689303236659
21,15,10,0.0058273443645767455
21,16,1,0.005843614837826459
21,16,2,0.005843514578844762
21,16,3,0.0058435219604042864
21,16,4,0.005862030597954728
21,16,5,0.00584358012456343
21,16,6,0.0058768891901225554
21,16,7,0.0058435177696365866
21,16,8,0.005852138840636047
21,16,9,0.005843515827913477
21,16,10,0.0058731913502995696
21,17,1,0.005809354979060494
21,17,2,0.005809253814137141
21,17,3,0.0058092612804891575
21,17,4,0.005828104061155938
21,17,5,0.005809319887874753
21,17,6,0.0058431524654406816
21,17,7,0.005809257054156498
21,17,8,0.005818038659874096
21,17,9,0.005809255097710419
21,17,10,0.005839598325077525
21,18,1,0.005802043840350924
21,18,2,0.005801944180850681
21,18,3,0.0058019513428535065
21,18,4,0.005820787890393678
21,18,5,0.0058020096815668675
21,18,6,0.005836106177711832
21,18,7,0.005801947180491693
21,18,8,0.005810685052518794
21,18,9,0.005801945319390489
21,18,10,0.005832276732129447
21,19,1,0.0050012264585913
21,19,2,0.005001120064842677
21,19,3,0.005001129882541544
21,19,4,0.00503095487922836
21,19,5,0.005001190229949902
21,19,6,0.005056285392481572
21,19,7,0.00500112394625979
21,19,8,0.0050132109121811454
21,19,9,0.005001121731969159
21,19,10,0.005050585163193414
21,20,1,0.005038693638239663
21,20,2,0.0050385866396065035
21,20,3,0.005038596292788595
21,20,4,0.005067580813111665
21,20,5,0.005038656854057575
21,20,6,0.005092337058636608
21,20,7,0.0050385903548578175
21,20,8,0.005050413081588171
21,20,9,0.005038588232721329
21,20,10,0.005086669471577066
21,21,1,0.00507565908309004
21,21,2,0.005075552801897149
21,21,3,0.005075562296063707
21,21,4,0.00510391013342522
21,21,5,0.005075622986622434
21,21,6,0.005128298793624325
21,21,7,0.00507555642513244
21,21,8,0.005087100635762296
21,21,9,0.0050755543471251215
21,21,10,0.005122702046030967
21,22,1,0.004996290510820615
21,22,2,0.004996182817103529
21,22,3,0.004996192768121052
21,22,4,0.005026516315085428
21,22,5,0.004996253874498384
21,22,6,0.0050518457659254465
21,22,7,0.004996186698258222
21,22,8,0.0050084932299896655
21,22,9,0.004996184558290258
21,22,10,0.005046022576388186
21,23,1,0.004724649867566579
21,23,2,0.004724451265052519
21,23,3,0.004724458110020043
21,23,4,0.004763043793375754
21,23,5,0.004724519262948945
21,23,6,0.004790791903990853
21,23,7,0.004724452519005018
21,23,8,0.004740788407951768
21,23,9,0.004724451880887925
21,23,10,0.004784673486326489
21,24,1,0.0044185030403497355
21,24,2,0.004418298440490817
21,24,3,0.004418305602508478
21,24,4,0.004465891192386229
21,24,5,0.004418367073731203
21,24,6,0.004494961973314317
21,24,7,0.004418300990223696
21,24,8,0.004441500234866646
21,24,9,0.004418298672510864
21,24,10,0.004488525737036104
22,1,1,0.00014202511168194242
22,1,2,0.00014160915430015653
22,1,3,0.00014164216973735444
22,1,4,0.00021482309997538948
22,1,5,0.00014187867516514857
22,1,6,0.00026314617971936435
22,1,7,0.00014161746255504214
22,1,8,0.00017744468406167668
22,1,9,0.0001416163191684188
22,1,10,0.0002552327797889922
22,2,1,0.00014200689778901
22,2,2,0.00014160975010636442
22,2,3,0.00014164029684340262
22,2,4,0.000212950463769377
22,2,5,0.0001418718177474425
22,2,6,0.00025987884981707897
22,2,7,0.00014162237029308598
22,2,8,0.00017581776735796614
22,2,9,0.00014161525012482004
22,2,10,0.0002498208677395275
22,3,1,0.00014201030670960019
22,3,2,0.00014160958688266048
22,3,3,0.0001416406074480649
22,3,4,0.0002133829843548028
22,3,5,0.00014187154885242261
22,3,6,0.0002597876219751414
22,3,7,0.00014162235248339162
22,3,8,0.00017578756959521548
22,3,9,0.0001416156942930894
22,3,10,0.00025072223642332177
22,4,1,0.00014200835244763263
22,4,2,0.0001416096325870625
22,4,3,0.00014164011716785835
22,4,4,0.00021261819307503754
22,4,5,0.00014187059096363414
22,4,6,0.00025942324673387015
22,4,7,0.0001416232256906083
22,4,8,0.00017574839836633665
22,4,9,0.0001416156158415139
22,4,10,0.00024934749761461946
22,5,1,0.00014200523761118068
22,5,2,0.0001416096401112971
22,5,3,0.00014164013672021653
22,5,4,0.00021268554331328764
22,5,5,0.000141870762105344
22,5,6,0.00025960936494853016
22,5,7,0.0001416232460307618
22,5,8,0.0001757618087736563
22,5,9,0.0001416155576304809
22,5,10,0.0002501352835159123
22,6,1,0.00014200665089472668
22,6,2,0.00014160983829534607
22,6,3,0.00014163998708655699
22,6,4,0.00021266408447791243
22,6,5,0.0001418698253327317
22,6,6,0.00025923601611241504
22,6,7,0.00014162308805652676
22,6,8,0.0001757417987467368
22,6,9,0.0001416155038098475
22,6,10,0.0002494721689960408
22,7,1,0.00014200355732457001
22,7,2,0.0001416098366495074
22,7,3,0.0001416402055262093
22,7,4,0.0002126286272471834
22,7,5,0.00014186973188141678
22,7,6,0.0002594881766000159
22,7,7,0.00014162311726228984
22,7,8,0.0001756114042445467
22,7,9,0.00014161553641178236
22,7,10,0.0002493898617415422
22,8,1,0.00014200381571477085
22,8,2,0.0001416098186310653
22,8,3,0.00014164023534366793
22,8,4,0.00021270715539618683
22,8,5,0.0001418699243177623
22,8,6,0.000259656984982708
22,8,7,0.0001416230901617042
22,8,8,0.00017574589185675462
22,8,9,0.00014161554877015358
22,8,10,0.00024905976423394126
22,9,1,0.00014200683056925603
22,9,2,0.00014160982351162877
22,9,3,0.00014164024960644037
22,9,4,0.00021250632608334842
22,9,5,0.00014187003863769316
22,9,6,0.00025977353346093025
22,9,7,0.00014162310039843082
22,9,8,0.00017576607855955906
22,9,9,0.00014161550851902576
22,9,10,0.0002495448928651081
22,10,1,0.00014200685435142941
22,10,2,0.00014160982790591551
22,10,3,0.00014164025006631618
22,10,4,0.0002127741953030768
22,10,5,0.00014187008667829396
22,10,6,0.00025954423169648574
22,10,7,0.0001416230982373267
22,10,8,0.00017566398450465976
22,10,9,0.00014161550770220113
22,10,10,0.00024910823495076105
22,11,1,0.00014200698687600558
22,11,2,0.0001416098300459332
22,11,3,0.00014164000309398154
22,11,4,0.00021281671373689226
22,11,5,0.0001418701512815038
22,11,6,0.0002599306689762627
22,11,7,0.00014162310796527253
22,11,8,0.00017567951246716003
22,11,9,0.00014161551247591136
22,11,10,0.00024921111445074575
22,12,1,0.00014200352664643024
22,12,2,0.00014160989690175955
22,12,3,0.0001416399583748673
22,12,4,0.0002126941981941264
22,12,5,0.00014186981178249299
22,12,6,0.00025951962537182214
22,12,7,0.00014162307649755713
22,12,8,0.00017560301673933565
22,12,9,0.00014161549406972143
22,12,10,0.00024906155941464185
22,13,1,0.00014200346268306217
22,13,2,0.00014160989820315373
22,13,3,0.00014163995036495613
22,13,4,0.00021269182684454868
22,13,5,0.00014186979320850523
22,13,6,0.0002597781171922272
22,13,7,0.00014162311682880494
22,13,8,0.00017561582002903993
22,13,9,0.00014161549245620596
22,13,10,0.0002489546836418056
22,14,1,0.00014200640071727316
22,14,2,0.00014160989702654729
22,14,3,0.000141639961187229
22,14,4,0.00021272241121313363
22,14,5,0.00014187001781318677
22,14,6,0.00025959349940562863
22,14,7,0.0001416230846547917
22,14,8,0.00017562610224637257
22,14,9,0.00014161549641160374
22,14,10,0.00024895147718274316
22,15,1,0.00014200351226072578
22,15,2,0.0001416099095620758
22,15,3,0.00014163995488219468
22,15,4,0.00021244340768597521
22,15,5,0.00014187081985417142
22,15,6,0.00025987374202526657
22,15,7,0.00014162307823301472
22,15,8,0.00017561678326670374
22,15,9,0.0001416154942229471
22,15,10,0.0002495325214613704
22,16,1,0.00014200641407336752
22,16,2,0.00014160989910065624
22,16,3,0.00014163996663118568
22,16,4,0.00021246128625131556
22,16,5,0.00014187009116161238
22,16,6,0.0002595950847162737
22,16,7,0.0001416230850951657
22,16,8,0.00017561214707528846
22,16,9,0.00014161549846516993
22,16,10,0.00024900209578590824
22,17,1,0.0001420063325525243
22,17,2,0.00014160989948665425
22,17,3,0.0001416399573428279
22,17,4,0.0002127306254965925
22,17,5,0.0001418700506041659
22,17,6,0.0002595076505955363
22,17,7,0.00014162312440678856
22,17,8,0.00017575628563955005
22,17,9,0.00014161549421866967
22,17,10,0.0002495753714016009
22,18,1,0.00014200354516228625
22,18,2,0.0001416099127317246
22,18,3,0.00014163996804347146
22,18,4,0.00021245113804795312
22,18,5,0.0001418700721539816
22,18,6,0.00025971570461062835
22,18,7,0.0001416230835181779
22,18,8,0.0001756205615241461
22,18,9,0.00014161549927049004
22,18,10,0.00024904275404298337
22,19,1,0.00014200220884506737
22,19,2,0.00014160987210292542
22,19,3,0.00014164336744181848
22,19,4,0.00021215824743460622
22,19,5,0.00014186921236993306
22,19,6,0.00025963530841841513
22,19,7,0.00014162302881060937
22,19,8,0.0001756098709668392
22,19,9,0.00014161546775944887
22,19,10,0.00024909039522878307
22,20,1,0.00014200457201436273
22,20,2,0.00014160987693774278
22,20,3,0.00014164340044832896
22,20,4,0.0002121785722368607
22,20,5,0.00014186962262625799
22,20,6,0.00025932515026047103
22,20,7,0.00014162303356783873
22,20,8,0.00017567057950986534
22,20,9,0.00014161544824533553
22,20,10,0.0002487650397012366
22,21,1,0.0001420023096625247
22,21,2,0.00014160987280811984
22,21,3,0.00014164330695876334
22,21,4,0.00021251853634688056
22,21,5,0.0001418698799985322
22,21,6,0.00025976428760382775
22,21,7,0.00014162301263293805
22,21,8,0.0001756417310507483
22,21,9,0.000141615450811668
22,21,10,0.00024926737026322786
22,22,1,0.00014200217823387998
22,22,2,0.00014160987278068014
22,22,3,0.00014164340970501313
22,22,4,0.00021235102852090442
22,22,5,0.00014186966201568834
22,22,6,0.00025934372837435886
22,22,7,0.00014162302696513172
22,22,8,0.0001756695836065437
22,22,9,0.0001416154641500807
22,22,10,0.000248796614671185
22,23,1,0.00014232340623300023
22,23,2,0.00014160985682399506
22,23,3,0.0001416432544079834
22,23,4,0.00021252203991007206
22,23,5,0.0001418694024388521
22,23,6,0.00025973110306900306
22,23,7,0.0001416229969178487
22,23,8,0.00017559798069480043
22,23,9,0.00014161541993263504
22,23,10,0.00024926650638159323
22,24,1,0.00014231800303679925
22,24,2,0.00014160993748105313
22,24,3,0.00014164340513989085
22,24,4,0.000212496884901762
22,24,5,0.00014186965085739137
22,24,6,0.0002598566929383051
22,24,7,0.00014162295600126895
22,24,8,0.00017558179192559467
22,24,9,0.00014161541727244502
22,24,10,0.00024930357711202915
23,1,1,0.01940928618064729
23,1,2,0.019409202887126224
23,1,3,0.019409208925861402
23,1,4,0.019420669147034855
23,1,5,0.019409256345564157
23,1,6,0.01942694587151571
23,1,7,0.019409204373852375
23,1,8,0.019415439429601968
23,1,9,0.019409204314703887
23,1,10,0.01942602311256175
23,2,1,0.009802400271573765
23,2,2,0.009802298461217421
23,2,3,0.00980230635780173
23,2,4,0.009815887840599348
23,2,5,0.00980236509156336
23,2,6,0.009823892425609331
23,2,7,0.00980230195911653
23,2,8,0.009809886123609193
23,2,9,0.009802299377388428
23,2,10,0.00982207401136803
23,3,1,0.009470684022655771
23,3,2,0.009470581152892751
23,3,3,0.009470588504927956
23,3,4,0.009484561218390565
23,3,5,0.009470647653764422
23,3,6,0.009492763463303558
23,3,7,0.009470583942233725
23,3,8,0.009477885502534244
23,3,9,0.009470581419925617
23,3,10,0.00949104013311221
23,4,1,0.008284050548445556
23,4,2,0.008283951920757699
23,4,3,0.008283959282888382
23,4,4,0.00829920569026449
23,4,5,0.00828401629522949
23,4,6,0.008309194809258314
23,4,7,0.00828395530385476
23,4,8,0.008291653781358044
23,4,9,0.008283953375118596
23,4,10,0.008306816291654933
23,5,1,0.008451576501977752
23,5,2,0.008451477143064877
23,5,3,0.008451484327956582
23,5,4,0.00846663149479118
23,5,5,0.008451542228868725
23,5,6,0.008476369897853052
23,5,7,0.00845148040129338
23,5,8,0.00845921446177996
23,5,9,0.008451478529694533
23,5,10,0.008474201171289185
23,6,1,0.007310053508118236
23,6,2,0.00730995227564019
23,6,3,0.007309959882186739
23,6,4,0.00732744185145316
23,6,5,0.007310018570846771
23,6,6,0.007340375452439107
23,6,7,0.007309955677866671
23,6,8,0.0073183344896785
23,6,9,0.007309953664217211
23,6,10,0.007337320602929619
23,7,1,0.007108060520778128
23,7,2,0.007107959820094888
23,7,3,0.007107967314493953
23,7,4,0.007126271275414101
23,7,5,0.0071080261575120545
23,7,6,0.007140428257414091
23,7,7,0.0071079630813391794
23,7,8,0.007116541135202682
23,7,9,0.007107961169912965
23,7,10,0.007137032649228578
23,8,1,0.0072955527048481576
23,8,2,0.007295452259424187
23,8,3,0.007295459851681523
23,8,4,0.0073130256282106275
23,8,5,0.007295518426181166
23,8,6,0.0073261299913767244
23,8,7,0.007295455633413842
23,8,8,0.007303868209187127
23,8,9,0.007295453745411767
23,8,10,0.007322855976952081
23,9,1,0.00739867323677158
23,9,2,0.007398570897502615
23,9,3,0.007398578888468295
23,9,4,0.007415724748694263
23,9,5,0.0073986378995031694
23,9,6,0.007428376880013143
23,9,7,0.007398574508030964
23,9,8,0.007406909226668377
23,9,9,0.0073985723320382805
23,9,10,0.007425352427322741
23,10,1,0.007398308798069549
23,10,2,0.007398206213805982
23,10,3,0.007398214255958539
23,10,4,0.007415455446266296
23,10,5,0.007398273417713849
23,10,6,0.007427991084015937
23,10,7,0.0073982098678319124
23,10,8,0.00740654231718658
23,10,9,0.00739820769111685
23,10,10,0.007424898772317048
23,11,1,0.007478645526113159
23,11,2,0.007478541989884664
23,11,3,0.007478550174831367
23,11,4,0.007495561224503012
23,11,5,0.0074786098259591585
23,11,6,0.007507836936810925
23,11,7,0.007478545757839086
23,11,8,0.007486834533784511
23,11,9,0.007478543431123518
23,11,10,0.007504768903953003
23,12,1,0.0070493718738111845
23,12,2,0.007049270572622708
23,12,3,0.007049277877103714
23,12,4,0.007067910252002085
23,12,5,0.007049337183921472
23,12,6,0.007082459307886065
23,12,7,0.0070492736727974445
23,12,8,0.00705797611453238
23,12,9,0.007049271774913641
23,12,10,0.007078893776418576
23,13,1,0.007012198903851289
23,13,2,0.007012097441562462
23,13,3,0.007012104727979009
23,13,4,0.0070309383335294936
23,13,5,0.0070121641236228485
23,13,6,0.007045844002565927
23,13,7,0.0070121005277377696
23,13,8,0.0070208674354382316
23,13,9,0.007012098627803368
23,13,10,0.007042084062648632
23,14,1,0.007099709144754413
23,14,2,0.007099606312085907
23,14,3,0.007099613924397929
23,14,4,0.007118058260771341
23,14,5,0.007099673606856276
23,14,6,0.007132285179785599
23,14,7,0.00709960963863105
23,14,8,0.007108289190570126
23,14,9,0.007099607625047453
23,14,10,0.007128720228433684
23,15,1,0.0070459603410436234
23,15,2,0.007045858409801146
23,15,3,0.007045865796764881
23,15,4,0.007064508378709584
23,15,5,0.007045925751382324
23,15,6,0.007079293525759071
23,15,7,0.007045861545243884
23,15,8,0.007054627219761573
23,15,9,0.007045859615936815
23,15,10,0.007075722970411507
23,16,1,0.007100533210346612
23,16,2,0.007100430446026668
23,16,3,0.007100438013303549
23,16,4,0.007118821139335779
23,16,5,0.007100497677407223
23,16,6,0.0071331431350705275
23,16,7,0.007100433739643118
23,16,8,0.007109117244865953
23,16,9,0.007100431741492525
23,16,10,0.007129591112245499
23,17,1,0.0070604322953935735
23,17,2,0.007060328645711496
23,17,3,0.007060336287139213
23,17,4,0.007079026740038921
23,17,5,0.007060396381805964
23,17,6,0.007093517043483444
23,17,7,0.007060331982737387
23,17,8,0.007069174113882284
23,17,9,0.00706032997297719
23,17,10,0.007090105748907554
23,18,1,0.007051874522761446
23,18,2,0.007051772399127974
23,18,3,0.0070517797336956956
23,18,4,0.007070456945101773
23,18,5,0.0070518395648622315
23,18,6,0.007085211455783259
23,18,7,0.007051775496403135
23,18,8,0.007060575034458478
23,18,9,0.00705177358530163
23,18,10,0.007081535815612115
23,19,1,0.006113590227221955
23,19,2,0.006113481565907785
23,19,3,0.006113491467098644
23,19,4,0.0061424348859031004
23,19,5,0.0061135532348362215
23,19,6,0.006167395734221341
23,19,7,0.006113485494818392
23,19,8,0.006125316134659113
23,19,9,0.006113483232470222
23,19,10,0.006161749848319643
23,20,1,0.006157532374350573
23,20,2,0.006157423258048598
23,20,3,0.006157432984798556
23,20,4,0.006185550406133593
23,20,5,0.0061574948851789105
23,20,6,0.006209871799575583
23,20,7,0.006157427017120316
23,20,8,0.006169017418045935
23,20,9,0.006157424857350636
23,20,10,0.006204268447688527
23,21,1,0.006200881851806946
23,21,2,0.006200773466920927
23,21,3,0.006200783024576003
23,21,4,0.006228280714556317
23,21,5,0.0062008450369037404
23,21,6,0.00625217812102842
23,21,7,0.006200777126963826
23,21,8,0.006212119655160811
23,21,9,0.00620077501288116
23,21,10,0.006246653530701901
23,22,1,0.00610780053543531
23,22,2,0.006107690640334546
23,22,3,0.006107700674799351
23,22,4,0.006137151078843229
23,22,5,0.006107763170658571
23,22,6,0.006162102152984709
23,22,7,0.0061076945724690985
23,22,8,0.006119746211279664
23,22,9,0.0061076923851332504
23,22,10,0.006156324464074946
23,23,1,0.0057890462720327504
23,23,2,0.005788843949490303
23,23,3,0.005788850498725201
23,23,4,0.005826806996004446
23,23,5,0.005788912905685397
23,23,6,0.0058546781977324115
23,23,7,0.005788846015037818
23,23,8,0.005804776560328299
23,23,9,0.005788844489505632
23,23,10,0.005848533284509394
23,24,1,0.005429477325272585
23,24,2,0.005429265743921677
23,24,3,0.005429272278439595
23,24,4,0.005477049199143748
23,24,5,0.0054293370220709165
23,24,6,0.005506418238950281
23,24,7,0.0054292680709211345
23,24,8,0.005452471089581647
23,24,9,0.005429266417109438
23,24,10,0.00549992565777718
24,1,1,0.017318693028724776
24,1,2,0.017318555233677282
24,1,3,0.01731856566653849
24,1,4,0.01734000956964207
24,1,5,0.017318644069546203
24,1,6,0.017352586302804788
24,1,7,0.01731855783920503
24,1,8,0.0173296993639535
24,1,9,0.017318557650954483
24,1,10,0.01735053211620251
24,2,1,0.009316670914436012
24,2,2,0.009316534123408557
24,2,3,0.009316544746850397
24,2,4,0.009337432924363448
24,2,5,0.009316624877882911
24,2,6,0.00935037423832963
24,2,7,0.009316538754438063
24,2,8,0.009327146187743463
24,2,9,0.009316535743245131
24,2,10,0.009347472707998128
24,3,1,0.009035978511173789
24,3,2,0.0090358400732257
24,3,3,0.00903585096372696
24,3,4,0.00905712282234293
24,3,5,0.00903593021131353
24,3,6,0.009070209731062108
24,3,7,0.009035844760035393
24,3,8,0.00904652794047609
24,3,9,0.009035841838562491
24,3,10,0.009067500586262366
24,4,1,0.008027780353082803
24,4,2,0.008027647108726214
24,4,3,0.008027657187772728
24,4,4,0.008049982350200584
24,4,5,0.008027734136146806
24,4,6,0.008065101804429434
24,4,7,0.008027651697010878
24,4,8,0.008038617636944837
24,4,9,0.008027649139345783
24,4,10,0.008061580064267826
24,5,1,0.008170536678921167
24,5,2,0.008170403076264328
24,5,3,0.008170413083554956
24,5,4,0.0081926223508567
24,5,5,0.008170490860844773
24,5,6,0.008207447585453718
24,5,7,0.008170407628354432
24,5,8,0.008181405196887623
24,5,9,0.00817040510063895
24,5,10,0.008204216706915627
24,6,1,0.007194611180957492
24,6,2,0.0071944770399692565
24,6,3,0.0071944872245344495
24,6,4,0.007219415769844933
24,6,5,0.007194564849040703
24,6,6,0.007238243614233422
24,6,7,0.007194481529822631
24,6,8,0.007206132466602074
24,6,9,0.007194478918850316
24,6,10,0.007233918625790834
24,7,1,0.007021075084963042
24,7,2,0.00702094209663355
24,7,3,0.007020952202707128
24,7,4,0.007046929883697923
24,7,5,0.007021029714538968
24,7,6,0.00706728674343119
24,7,7,0.007020946458908354
24,7,8,0.007032822983395268
24,7,9,0.0070209439338922335
24,7,10,0.007062528740877477
24,8,1,0.0071821622177802216
24,8,2,0.007182029173413401
24,8,3,0.0071820392634810324
24,8,4,0.007207082219301771
24,8,5,0.007182116795940657
24,8,6,0.0072261642733463275
24,8,7,0.007182033520412624
24,8,8,0.0071937260894979005
24,8,9,0.007182031014663173
24,8,10,0.007221486963526783
24,9,1,0.007270659572385093
24,9,2,0.00727052413960701
24,9,3,0.007270534745193242
24,9,4,0.007295050465712574
24,9,5,0.0072706128102699484
24,9,6,0.007313592467949584
24,9,7,0.007270528864213672
24,9,8,0.007282134106270596
24,9,9,0.007270526107602724
24,9,10,0.007309228988300362
24,10,1,0.007270346963930798
24,10,2,0.007270211325130609
24,10,3,0.007270221946050531
24,10,4,0.007294861888959394
24,10,5,0.007270300148945179
24,10,6,0.007313224485350754
24,10,7,0.0072702160570081035
24,10,8,0.007281804506555586
24,10,9,0.007270213301152515
24,10,10,0.007308782698403314
24,11,1,0.007339243060387856
24,11,2,0.007339106407971419
24,11,3,0.007339117207643014
24,11,4,0.007363474621833656
24,11,5,0.007339195935056295
24,11,6,0.007381531101931385
24,11,7,0.007339111322961898
24,11,8,0.007350649186065414
24,11,9,0.007339108425611576
24,11,10,0.007377093229600984
24,12,1,0.0069706020172157655
24,12,2,0.006970468518105068
24,12,3,0.006970478394604266
24,12,4,0.006996862354272742
24,12,5,0.006970556361028566
24,12,6,0.007017682183619116
24,12,7,0.006970472689010641
24,12,8,0.006982478105688281
24,12,9,0.006970470170330231
24,12,10,0.007012693847613271
24,13,1,0.00693862009790312
24,13,2,0.00693848646582511
24,13,3,0.006938496341608826
24,13,4,0.006965137995662934
24,13,5,0.006938574376606094
24,13,6,0.006986400567622301
24,13,7,0.0069384906349546915
24,13,8,0.006950574775350788
24,13,9,0.006938488110128325
24,13,10,0.0069811617086605465
24,14,1,0.007013894907265783
24,14,2,0.007013759504008269
24,14,3,0.0070137696631784605
24,14,4,0.007039896420783383
24,14,5,0.0070138481122382695
24,14,6,0.007060342091754118
24,14,7,0.007013763877130775
24,14,8,0.007025735176071043
24,14,9,0.007013761262326349
24,14,10,0.007055339395628741
24,15,1,0.006967667454897492
24,15,2,0.006967533253863419
24,15,3,0.006967543231058512
24,15,4,0.006993906032088631
24,15,5,0.006967621957030685
24,15,6,0.007015057739112264
24,15,7,0.0069675374661703395
24,15,8,0.006979607671098228
24,15,9,0.006967534918289734
24,15,10,0.007010080569559069
24,16,1,0.0070146034095696945
24,16,2,0.007014468146455881
24,16,3,0.007014478265054421
24,16,4,0.007040498659725091
24,16,5,0.007014556675719713
24,16,6,0.007061062271655409
24,16,7,0.007014472492445229
24,16,8,0.007026442297847081
24,16,9,0.007014469890245774
24,16,10,0.0070560811451954916
24,17,1,0.006980116586547725
24,17,2,0.006979980459082972
24,17,3,0.0069799906846024235
24,17,4,0.007006411421697822
24,17,5,0.006980069507636259
24,17,6,0.007027152029878212
24,17,7,0.006979984870539325
24,17,8,0.006992138390803067
24,17,9,0.006979982247385017
24,17,10,0.007022398262087418
24,18,1,0.0069727549044828335
24,18,2,0.006972620611013018
24,18,3,0.006972630548262187
24,18,4,0.006999010161984077
24,18,5,0.006972709037593873
24,18,6,0.007020087902741732
24,18,7,0.006972624795785751
24,18,8,0.006984714491440187
24,18,9,0.006972622262003406
24,18,10,0.00701497478751279
24,19,1,0.006162275025283793
24,19,2,0.006162136421784962
24,19,3,0.006162149299503988
24,19,4,0.006200603481695525
24,19,5,0.006162227908505036
24,19,6,0.006231021397054563
24,19,7,0.00616214147120284
24,19,8,0.006178147345868622
24,19,9,0.00616213862059397
24,19,10,0.0062243149015269745
24,20,1,0.006200394169567666
24,20,2,0.006200254466314727
24,20,3,0.006200267231850646
24,20,4,0.006237862711783495
24,20,5,0.0062003462460326
24,20,6,0.0062677744503720255
24,20,7,0.006200259377603948
24,20,8,0.0062159541574758745
24,20,9,0.0062002566065075156
24,20,10,0.006261093902706269
24,21,1,0.006237981621579544
24,21,2,0.0062378426336875716
24,21,3,0.0062378552536179665
24,21,4,0.0062748213294898025
24,21,5,0.006237934539999101
24,21,6,0.006304478507669054
24,21,7,0.0062378474697442395
24,21,8,0.006253205060250349
24,21,9,0.006237844742575634
24,21,10,0.006297850567921421
24,22,1,0.006157251650423414
24,22,2,0.0061571117433976055
24,22,3,0.006157124785180927
24,22,4,0.0061960905755219856
24,22,5,0.006157204165315762
24,22,6,0.006226418533998823
24,22,7,0.006157116813942935
24,22,8,0.006173351924740299
24,22,9,0.006157113957029521
24,22,10,0.0062196015769430315
24,23,1,0.005880229564269381
24,23,2,0.005879973991591892
24,23,3,0.005879984356450373
24,23,4,0.0059267471431477285
24,23,5,0.005880063308495227
24,23,6,0.005958826593219711
24,23,7,0.005879976693414328
24,23,8,0.005900509512874951
24,23,9,0.005879974720211126
24,23,10,0.005951837770287551
24,24,1,0.00556648967809782
24,24,2,0.005566235753070358
24,24,3,0.0055662468459252296
24,24,4,0.005620828956560084
24,24,5,0.005566321762344302
24,24,6,0.005653857098433968
24,24,7,0.005566240015478023
24,24,8,0.005593121567324539
24,24,9,0.005566236682338599
24,24,10,0.0056466189224528745
25,1,1,3.858925172594054e-5
25,1,2,3.815987777265978e-5
25,1,3,3.819574645267488e-5
25,1,4,0.00012751659119731652
25,1,5,3.8438044285618026e-5
25,1,6,0.00018329639787230897
25,1,7,3.8168885260075204e-5
25,1,8,8.16875210560223e-5
25,1,9,3.8168206339805666e-5
25,1,10,0.000174499408232177
25,2,1,3.8567917344884664e-5
25,2,2,3.816039701711958e-5
25,2,3,3.8193409461566275e-5
25,2,4,0.0001246612088321736
25,2,5,3.842919110762214e-5
25,2,6,0.00017858487449879328
25,2,7,3.8174138812823375e-5
25,2,8,7.929612841454871e-5
25,2,9,3.816686959333323e-5
25,2,10,0.00016735321413589786
25,3,1,3.857130166962216e-5
25,3,2,3.816021652311746e-5
25,3,3,3.8193724551233144e-5
25,3,4,0.00012518838351434025
25,3,5,3.8428860838946484e-5
25,3,6,0.00017844370833886204
25,3,7,3.817411226207602e-5
25,3,8,7.927338915342103e-5
25,3,9,3.8167355838024366e-5
25,3,10,0.0001683690721590608
25,4,1,3.856895736459854e-5
25,4,2,3.816025239595807e-5
25,4,3,3.819316306701874e-5
25,4,4,0.0001241619212300786
25,4,5,3.8427643387256005e-5
25,4,6,0.00017787974423877885
25,4,7,3.8175038945037685e-5
25,4,8,7.91714712264696e-5
25,4,9,3.816725190850623e-5
25,4,10,0.00016663975197712315
25,5,1,3.856587592253234e-5
25,5,2,3.816026079941022e-5
25,5,3,3.81931893487592e-5
25,5,4,0.00012425150013017046
25,5,5,3.842784936438368e-5
25,5,6,0.0001781238698035933
25,5,7,3.817506312999041e-5
25,5,8,7.919682543657397e-5
25,5,9,3.8167187759246114e-5
25,5,10,0.00016759825372408477
25,6,1,3.856689848596042e-5
25,6,2,3.8160472297110527e-5
25,6,3,3.81929844207004e-5
25,6,4,0.00012415873040813824
25,6,5,3.84266101957634e-5
25,6,6,0.0001775492243545365
25,6,7,3.817486482894847e-5
25,6,8,7.912992255226674e-5
25,6,9,3.816711277616321e-5
25,6,10,0.0001666899979218872
25,7,1,3.856370513403174e-5
25,7,2,3.8160467513540834e-5
25,7,3,3.8193210125320916e-5
25,7,4,0.0001241014205918967
25,7,5,3.8426462894498835e-5
25,7,6,0.0001778230550869797
25,7,7,3.817489405260139e-5
25,7,8,7.895035817869032e-5
25,7,9,3.816714657974296e-5
25,7,10,0.0001665705310245443
25,8,1,3.85640329661915e-5
25,8,2,3.816044834347445e-5
25,8,3,3.819324729148441e-5
25,8,4,0.00012422542636626968
25,8,5,3.8426697433894654e-5
25,8,6,0.00017805254287290247
25,8,7,3.8174867154091674e-5
25,8,8,7.913603954971445e-5
25,8,9,3.8167161829089004e-5
25,8,10,0.0001662203844234898
25,9,1,3.856711911724893e-5
25,9,2,3.816045408913104e-5
25,9,3,3.81932645623495e-5
25,9,4,0.00012398579047621951
25,9,5,3.84268359856868e-5
25,9,6,0.00017820620791461376
25,9,7,3.8174880279851484e-5
25,9,8,7.916671466562402e-5
25,9,9,3.8167119083274724e-5
25,9,10,0.00016680518964770473
25,10,1,3.856714498582036e-5
25,10,2,3.816045858921588e-5
25,10,3,3.8193265160177396e-5
25,10,4,0.00012432230452945182
25,10,5,3.842687888018017e-5
25,10,6,0.00017794126895637107
25,10,7,3.817487781319294e-5
25,10,8,7.903615872302457e-5
25,10,9,3.8167117723574936e-5
25,10,10,0.00016631039204040003
25,11,1,3.856730590911226e-5
25,11,2,3.8160461841337005e-5
25,11,3,3.819300721778566e-5
25,11,4,0.000124382838402725
25,11,5,3.842696179736412e-5
25,11,6,0.00017840401633584973
25,11,7,3.817488990220312e-5
25,11,8,7.90603948443935e-5
25,11,9,3.816712444155994e-5
25,11,10,0.00016644742628834866
25,12,1,3.85636725587047e-5
25,12,2,3.816052934163967e-5
25,12,3,3.8192947381556007e-5
25,12,4,0.0001241941583773792
25,12,5,3.842652869186357e-5
25,12,6,0.00017786473232761586
25,12,7,3.8174848351611126e-5
25,12,8,7.89487901021393e-5
25,12,9,3.816710021451921e-5
25,12,10,0.00016621228738086848
25,13,1,3.856360643161349e-5
25,13,2,3.816053040046865e-5
25,13,3,3.8192937186239193e-5
25,13,4,0.0001241909955182934
25,13,5,3.8426494421752076e-5
25,13,6,0.0001781704553084183
25,13,7,3.817489137936265e-5
25,13,8,7.896393135411205e-5
25,13,9,3.816709817523098e-5
25,13,10,0.00016609247277581503
25,14,1,3.856659418367783e-5
25,14,2,3.8160529060319284e-5
25,14,3,3.8192950985009534e-5
25,14,4,0.00012424524154393905
25,14,5,3.8426720433517924e-5
25,14,6,0.00017796832966585318
25,14,7,3.8174858639767324e-5
25,14,8,7.898282044360907e-5
25,14,9,3.8167103379459374e-5
25,14,10,0.00016611433744075367
25,15,1,3.856366893810913e-5
25,15,2,3.8160542275293206e-5
25,15,3,3.819294258286229e-5
25,15,4,0.00012390121753781024
25,15,5,3.8427512508876514e-5
25,15,6,0.000178294737261653
25,15,7,3.8174850726143954e-5
25,15,8,7.896906225702296e-5
25,15,9,3.816710033863348e-5
25,15,10,0.00016676613356122563
25,16,1,3.856663820430289e-5
25,16,2,3.816053226876104e-5
25,16,3,3.8192959137381466e-5
25,16,4,0.00012393441526109357
25,16,5,3.842678496798329e-5
25,16,6,0.00017798537223587762
25,16,7,3.8174860246891574e-5
25,16,8,7.89664660786373e-5
25,16,9,3.8167107612232224e-5
25,16,10,0.00016618453510290827
25,17,1,3.8566535280627084e-5
25,17,2,3.816053190286036e-5
25,17,3,3.819294587344772e-5
25,17,4,0.00012426352301329077
25,17,5,3.842673195049016e-5
25,17,6,0.00017789234259816037
25,17,7,3.8174901607404937e-5
25,17,8,7.914937433063299e-5
25,17,9,3.8167101176097416e-5
25,17,10,0.00016683878166109543
25,18,1,3.8563729604782694e-5
25,18,2,3.8160546550507896e-5
25,18,3,3.819296012850017e-5
25,18,4,0.00012391318613193253
25,18,5,3.8426760930462575e-5
25,18,6,0.00017813033130912603
25,18,7,3.817485816935435e-5
25,18,8,7.89794137338303e-5
25,18,9,3.816710817920201e-5
25,18,10,0.00016626009561068142
25,19,1,3.8562057812304593e-5
25,19,2,3.816049246305975e-5
25,19,3,3.819652281444281e-5
25,19,4,0.00012346559862245262
25,19,5,3.8425691401418674e-5
25,19,6,0.00017791177937825743
25,19,7,3.817477751201398e-5
25,19,8,7.892132573563309e-5
25,19,9,3.8167057892582786e-5
25,19,10,0.00016618324856572698
25,20,1,3.8564460530442623e-5
25,20,2,3.8160498551939356e-5
25,20,3,3.8196562457537846e-5
25,20,4,0.00012350206913226247
25,20,5,3.842609201607349e-5
25,20,6,0.0001775809399955151
25,20,7,3.817478270517219e-5
25,20,8,7.900072499134845e-5
25,20,9,3.816703616546396e-5
25,20,10,0.00016582054382114267
25,21,1,3.8562205267419755e-5
25,21,2,3.8160495218209e-5
25,21,3,3.8196469082227364e-5
25,21,4,0.0001239188712097851
25,21,5,3.842636195066729e-5
25,21,6,0.00017810140911109356
25,21,7,3.817476124251994e-5
25,21,8,7.897163343556343e-5
25,21,9,3.816704017407573e-5
25,21,10,0.00016640782826564865
25,22,1,3.8562052325705456e-5
25,22,2,3.816049321309519e-5
25,22,3,3.8196572603445296e-5
25,22,4,0.0001237199128103622
25,22,5,3.842612914105988e-5
25,22,6,0.00017761311777209155
25,22,7,3.817478205360261e-5
25,22,8,7.899387461263399e-5
25,22,9,3.816705800121899e-5
25,22,10,0.00016585267315201132
25,23,1,3.8892206014935695e-5
25,23,2,3.816047472525889e-5
25,23,3,3.8196399825730316e-5
25,23,4,0.0001238887652575107
25,23,5,3.842580933242355e-5
25,23,6,0.00017802960597464575
25,23,7,3.8174739610981533e-5
25,23,8,7.89200127386196e-5
25,23,9,3.8167000854374164e-5
25,23,10,0.00016637875708364866
25,24,1,3.888663567985632e-5
25,24,2,3.8160559049208436e-5
25,24,3,3.819654033520655e-5
25,24,4,0.00012389968371332512
25,24,5,3.842592308098882e-5
25,24,6,0.00017820383765419084
25,24,7,3.8174681115970046e-5
25,24,8,7.887636708635588e-5
25,24,9,3.816698824455557e-5
25,24,10,0.00016644644090010722
26,1,1,5.1092717984745007e-5
26,1,2,5.066185773438198e-5
26,1,3,5.069744197503758e-5
26,1,4,0.00013739539040147935
26,1,5,5.0941036974268576e-5
26,1,6,0.00019262754042387984
26,1,7,5.06707665195431e-5
26,1,8,9.2615988014303e-5
26,1,9,5.0670045250591286e-5
26,1,10,0.0001838765734751429
26,2,1,5.107113126922849e-5
26,2,2,5.066237883039912e-5
26,2,3,5.06951057671647e-5
26,2,4,0.00013458134005491691
26,2,5,5.093208067752625e-5
26,2,6,0.00018794352249069097
26,2,7,5.067595721730205e-5
26,2,8,6.605683172140057e-5
26,2,9,5.0668717705825695e-5
26,2,10,0.0001767723839761701
26,3,1,5.107455454533572e-5
26,3,2,5.066220033186924e-5
26,3,3,5.0695420958660604e-5
26,3,4,0.00013508770931109902
26,3,5,5.093174895530855e-5
26,3,6,0.0001878011064768334
26,3,7,5.067593054144769e-5
26,3,8,9.027985255540462e-5
26,3,9,5.0669200192967135e-5
26,3,10,0.00017778288091890897
26,4,1,5.1072191920041845e-5
26,4,2,5.066223604725613e-5
26,4,3,5.069485974962512e-5
26,4,4,0.00013407677777665553
26,4,5,5.09305209229584e-5
26,4,6,0.0001872418940460431
26,4,7,5.067684852795776e-5
26,4,8,9.018041224472121e-5
26,4,9,5.0669096796587515e-5
26,4,10,0.0001760651143820368
26,5,1,5.106907757090908e-5
26,5,2,5.0662244475716015e-5
26,5,3,5.069488613350276e-5
26,5,4,0.0001341642806500882
26,5,5,5.0930732376451025e-5
26,5,6,0.0001874836795551008
26,5,7,5.067687239914493e-5
26,5,8,9.020470441671838e-5
26,5,9,5.0669032619604967e-5
26,5,10,0.00017701821994017415
26,6,1,5.107011830424776e-5
26,6,2,5.066245191726747e-5
26,6,3,5.0694682024995134e-5
26,6,4,0.0001340741403475509
26,6,5,5.09294854398832e-5
26,6,6,0.0001869129507276198
26,6,7,5.06766752180014e-5
26,6,8,9.014105647630354e-5
26,6,9,5.0668958096468966e-5
26,6,10,0.00017611776495842494
26,7,1,5.106689156529715e-5
26,7,2,5.0662447247237865e-5
26,7,3,5.069490806705207e-5
26,7,4,0.00013401863003050432
26,7,5,5.092934123629788e-5
26,7,6,0.00018718673328043165
26,7,7,5.067670454636653e-5
26,7,8,8.996715823547887e-5
26,7,9,5.066899193048035e-5
26,7,10,0.00017599967836400162
26,8,1,5.106722410952691e-5
26,8,2,5.0662428211079866e-5
26,8,3,5.069494538827781e-5
26,8,4,0.00013414027497755045
26,8,5,5.092958056839465e-5
26,8,6,0.00018741488722462597
26,8,7,5.067667760887893e-5
26,8,8,9.014723216460297e-5
26,8,9,5.066900724283184e-5
26,8,10,0.0001756513445889757
26,9,1,5.1070343486518786e-5
26,9,2,5.066243392847246e-5
26,9,3,5.06949628562541e-5
26,9,4,0.00013390365198272014
26,9,5,5.092972296886784e-5
26,9,6,0.000187568035834422
26,9,7,5.0676690784033206e-5
26,9,8,9.017704455617039e-5
26,9,9,5.066896465960607e-5
26,9,10,0.00017623358864674832
26,10,1,5.107036566880676e-5
26,10,2,5.0662438419621066e-5
26,10,3,5.0694963465047956e-5
26,10,4,0.00013423632748240988
26,10,5,5.092976939463415e-5
26,10,6,0.00018730351577051857
26,10,7,5.067668835359538e-5
26,10,8,9.005101208118869e-5
26,10,9,5.0668963273483775e-5
26,10,10,0.0001757424754750443
26,11,1,5.107053291748425e-5
26,11,2,5.0662441668447614e-5
26,11,3,5.069470536083686e-5
26,11,4,0.00013429620012269544
26,11,5,5.09298526212681e-5
26,11,6,0.00018776436026948188
26,11,7,5.0676700442711184e-5
26,11,8,9.007459639634917e-5
26,11,9,5.0668969998706937e-5
26,11,10,0.00017587972325034678
26,12,1,5.106686439461902e-5
26,12,2,5.066250848766606e-5
26,12,3,5.0694645706438486e-5
26,12,4,0.00013411012637114765
26,12,5,5.092941708150133e-5
26,12,6,0.00018722688226615545
26,12,7,5.0676658902823125e-5
26,12,8,8.996743394059125e-5
26,12,9,5.066894589744643e-5
26,12,10,0.00017564626047268588
26,13,1,5.106680202013535e-5
26,13,2,5.06625094817079e-5
26,13,3,5.069463544461057e-5
26,13,4,0.00013410755507655163
26,13,5,5.092938538218423e-5
26,13,6,0.00018753274711900422
26,13,7,5.067670197905473e-5
26,13,8,8.998216336429337e-5
26,13,9,5.06689440274641e-5
26,13,10,0.00017552708582769348
26,14,1,5.106982028648637e-5
26,14,2,5.066250801898585e-5
26,14,3,5.069464948906348e-5
26,14,4,0.0001341617127762084
26,14,5,5.092961950344117e-5
26,14,6,0.00018733027091826187
26,14,7,5.067666939679602e-5
26,14,8,9.000052412186046e-5
26,14,9,5.066894922544285e-5
26,14,10,0.0001755505541922814
26,15,1,5.106686520718928e-5
26,15,2,5.066252131049654e-5
26,15,3,5.069464106152309e-5
26,15,4,0.00013382287818252173
26,15,5,5.093042000140923e-5
26,15,6,0.00018765675447942956
26,15,7,5.0676661435072336e-5
26,15,8,8.998699831837495e-5
26,15,9,5.066894622742465e-5
26,15,10,0.00017619679643548429
26,16,1,5.106986827700623e-5
26,16,2,5.0662510986627696e-5
26,16,3,5.069465781629666e-5
26,16,4,0.00013385566273072295
26,16,5,5.092968597498794e-5
26,16,6,0.00018734776241003393
26,16,7,5.0676670983699586e-5
26,16,8,8.998394925034262e-5
26,16,9,5.0668953542448977e-5
26,16,10,0.0001756200668550291
26,17,1,5.106976512495713e-5
26,17,2,5.066251091138231e-5
26,17,3,5.0694644615921195e-5
26,17,4,0.00013418081021066233
26,17,5,5.092963390668129e-5
26,17,6,0.00018725714019547342
26,17,7,5.067671214406818e-5
26,17,8,9.016094489136016e-5
26,17,9,5.066894719024441e-5
26,17,10,0.00017626858296741811
26,18,1,5.10669344338564e-5
26,18,2,5.066252547655171e-5
26,18,3,5.0694658841190574e-5
26,18,4,0.00013383653120242823
26,18,5,5.092966497145891e-5
26,18,6,0.00018749422334656495
26,18,7,5.067666894060758e-5
26,18,8,8.999672895890909e-5
26,18,9,5.0668954144599474e-5
26,18,10,0.000175701217968272
26,19,1,5.106524601139042e-5
26,19,2,5.066247202929464e-5
26,19,3,5.069821342278829e-5
26,19,4,0.00013339646055717352
26,19,5,5.0928585006285064e-5
26,19,6,0.00018727894626679992
26,19,7,5.0676588794200056e-5
26,19,8,8.994057345329179e-5
26,19,9,5.066890434753639e-5
26,19,10,0.0001756243198790211
26,20,1,5.10676770642997e-5
26,20,2,5.066247754647717e-5
26,20,3,5.069825366927753e-5
26,20,4,0.00013343351375473433
26,20,5,5.092899558958736e-5
26,20,6,0.00018695072121318763
26,20,7,5.0676593987824815e-5
26,20,8,9.001875536362047e-5
26,20,9,5.066888260659217e-5
26,20,10,0.0001752674596824372
26,21,1,5.106539805416699e-5
26,21,2,5.066247408741657e-5
26,21,3,5.069816010661921e-5
26,21,4,0.00013384233773069642
26,21,5,5.092927381140603e-5
26,21,6,0.00018747315778261395
26,21,7,5.067657308493971e-5
26,21,8,8.999073404341227e-5
26,21,9,5.066888663591581e-5
26,21,10,0.00017585086361144616
26,22,1,5.106524146362871e-5
26,22,2,5.066247313547789e-5
26,22,3,5.0698264675124606e-5
26,22,4,0.00013365329254225945
26,22,5,5.092903810303099e-5
26,22,6,0.00018699082492566093
26,22,7,5.067659354491007e-5
26,22,8,9.001400216751519e-5
26,22,9,5.066890440226213e-5
26,22,10,0.00017530868386158747
26,23,1,5.1395735881973425e-5
26,23,2,5.0662455146770307e-5
26,23,3,5.0698091445802e-5
26,23,4,0.00013381329518470495
26,23,5,5.0928719942753075e-5
26,23,6,0.00018740366473714371
26,23,7,5.0676551530631834e-5
26,23,8,8.994238043245865e-5
26,23,9,5.066884790882968e-5
26,23,10,0.00017582832510447974
26,24,1,5.139013795301931e-5
26,24,2,5.066275444047638e-5
26,24,3,5.0698234182034314e-5
26,24,4,0.00013382898736703452
26,24,5,5.0928839090649316e-5
26,24,6,0.00018758010314696356
26,24,7,5.067649364024856e-5
26,24,8,8.99004171777286e-5
26,24,9,5.066883539674307e-5
26,24,10,0.00017589672325054665
27,1,1,0.0001290826637818936
27,1,2,0.0001286566986707016
27,1,3,0.00012869064204315295
27,1,4,0.0002047159085705222
27,1,5,0.0001289327452185676
27,1,6,0.0002550270609389742
27,1,7,0.0001286652295053709
27,1,8,0.00016575235832273
27,1,9,0.0001286640766312557
27,1,10,0.00024681541480308457
27,2,1,0.0001290610655978271
27,2,2,0.00012865722535833923
27,2,3,0.00012868840793788067
27,2,4,0.00020221295992404263
27,2,5,0.00012892380192294507
27,2,6,0.0002506946750513399
27,2,7,0.00012867010689617415
27,2,8,0.00016377646598763408
27,2,9,0.00012866285256757988
27,2,10,0.00024030307500583548
27,3,1,0.00012906451724031015
27,3,2,0.00012865705528914315
27,3,3,0.00012868871288392326
27,3,4,0.00020264937812769236
27,3,5,0.0001289234752067574
27,3,6,0.00025056381410429
27,3,7,0.00012867008122104893
27,3,8,0.00016375162482008888
27,3,9,0.00012866330310071228
27,3,10,0.00024122194889463573
27,4,1,0.00012906215294917892
27,4,2,0.00012865709118549582
27,4,3,0.00012868817111803346
27,4,4,0.0002017575182273906
27,4,5,0.0001289222405065769
27,4,6,0.00025004650983102757
27,4,7,0.00012867095056845986
27,4,8,0.0001636688595140426
27,4,9,0.00012866320667536104
27,4,10,0.00023965721081059698
27,5,1,0.00012905902255749352
27,5,2,0.0001286570999450699
27,5,3,0.00012868819694068052
27,5,4,0.0002018353661242925
27,5,5,0.00012892246047409205
27,5,6,0.00025026730546823614
27,5,7,0.0001286709739324307
27,5,8,0.00016369004063412386
27,5,9,0.00012866314743911728
27,5,10,0.00024052471328876992
27,6,1,0.00012906008291605048
27,6,2,0.0001286572925883774
27,6,3,0.0001286880014799253
27,6,4,0.00020174993138904684
27,6,5,0.00012892122303471518
27,6,6,0.00024973965365978316
27,6,7,0.0001286707859248457
27,6,8,0.00016363533614181843
27,6,9,0.00012866307658777773
27,6,10,0.00023969909975512827
27,7,1,0.00012905684288179892
27,7,2,0.00012865728872197394
27,7,3,0.0001286882198935482
27,7,4,0.00020169972112904912
27,7,5,0.00012892108438447252
27,7,6,0.00024998468621506223
27,7,7,0.0001286708138512986
27,7,8,0.00016348800841817823
27,7,9,0.00012866310873431867
27,7,10,0.00023959171993121622
27,8,1,0.00012905718278785776
27,8,2,0.00012865727091245012
27,8,3,0.00012868825673777322
27,8,4,0.00020180962285854486
27,8,5,0.00012892133011182838
27,8,6,0.0002501950117928456
27,8,7,0.00012867078833528648
27,8,8,0.00016364164396958346
27,8,9,0.00012866312390508473
27,8,10,0.00023927923185187771
27,9,1,0.00012906031954377847
27,9,2,0.00012865727674901114
27,9,3,0.00012868827428474068
27,9,4,0.00020160556695327737
27,9,5,0.00012892147751408572
27,9,6,0.00025033669867232603
27,9,7,0.00012867080105606718
27,9,8,0.00016366759206723968
27,9,9,0.0001286630832467253
27,9,10,0.0002398095810401663
27,10,1,0.00012906034211781266
27,10,2,0.00012865728131330944
27,10,3,0.00012868827486327484
27,10,4,0.00020189581537672673
27,10,5,0.00012892152788416712
27,10,6,0.00025009746208523657
27,10,7,0.00012867079885593428
27,10,8,0.00016356056468758043
27,10,9,0.00012866308213773834
27,10,10,0.0002393641783822007
27,11,1,0.00012906051620727922
27,11,2,0.0001286572844427932
27,11,3,0.00012868802510005218
27,11,4,0.00020194967567196192
27,11,5,0.00012892161239066538
27,11,6,0.00025051884422422897
27,11,7,0.0001286708105206406
27,11,8,0.00016358099004610473
27,11,9,0.00012866308848545326
27,11,10,0.00023949052803461457
27,12,1,0.00012905682986538264
27,12,2,0.0001286573489926329
27,12,3,0.00012868796633676058
27,12,4,0.00020178569999152019
27,12,5,0.00012892117277165836
27,12,6,0.0002500254661650826
27,12,7,0.0001286707704656475
27,12,8,0.00016349057104010276
27,12,9,0.00012866306425701583
27,12,10,0.00023927772608351352
27,13,1,0.00012905676997635823
27,13,2,0.00012865735002373586
27,13,3,0.00012868795661361641
27,13,4,0.00020178379458075165
27,13,5,0.00012892114690363367
27,13,6,0.00025030413187479865
27,13,7,0.00012867081185557048
27,13,8,0.00016350350986978863
27,13,9,0.00012866306251234008
27,13,10,0.00023916832759931651
27,14,1,0.00012905980074509585
27,14,2,0.00012865734896625003
27,14,3,0.00012868797058317188
27,14,4,0.0002018317402905458
27,14,5,0.00012892139631631394
27,14,6,0.00025012131963817944
27,14,7,0.00012867078090408383
27,14,8,0.0001635193576603812
27,14,9,0.0001286630677451484
27,14,10,0.00023919029752863033
27,15,1,0.0001290568383320989
27,15,2,0.0001286573619847023
27,15,3,0.0001286879623654693
27,15,4,0.0002015350812891263
27,15,5,0.00012892219983169664
27,15,6,0.0002504198344857122
27,15,7,0.00012867077347029402
27,15,8,0.00016350892566989589
27,15,9,0.00012866306477037052
27,15,10,0.00023978092292157847
27,16,1,0.00012905985361184714
27,16,2,0.00012865735193271513
27,16,3,0.00012868797891082748
27,16,4,0.00020156400086418052
27,16,5,0.0001289214719852704
27,16,6,0.00025013787225324353
27,16,7,0.00012867078281097641
27,16,8,0.00016350669086393502
27,16,9,0.00012866307179763712
27,16,10,0.00023925450991300795
27,17,1,0.00012905975377266738
27,17,2,0.00012865735190965334
27,17,3,0.00012868796662210546
27,17,4,0.00020185026308501308
27,17,5,0.00012892142402521205
27,17,6,0.0002500539632962191
27,17,7,0.00012867082207437773
27,17,8,0.0001636581108763574
27,17,9,0.00012866306623013728
27,17,10,0.00023984813752395002
27,18,1,0.00012905691325366627
27,18,2,0.00012865736595529077
27,18,3,0.00012868797958918876
27,18,4,0.00020154561421797612
27,18,5,0.00012892145519673775
27,18,6,0.000250273828877264
27,18,7,0.00012867078094565545
27,18,8,0.00016351896480210618
27,18,9,0.00012866307205693084
27,18,10,0.00023933077227799877
27,19,1,0.00012905522122980766
27,19,2,0.00012865731506898602
27,19,3,0.00012869139910562692
27,19,4,0.00020115616956122554
27,19,5,0.00012892036583997602
27,19,6,0.00025007258482025364
27,19,7,0.00012867070343926707
27,19,8,0.0001634713645921186
27,19,9,0.0001286630258220979
27,19,10,0.00023925630896786873
27,20,1,0.0001290576658270582
27,20,2,0.00012865732082638993
27,20,3,0.0001286914365084542
27,20,4,0.00020118931450935896
27,20,5,0.00012892078817382434
27,20,6,0.0002497772860694745
27,20,7,0.00012867070867501196
27,20,8,0.0001635398331235693
27,20,9,0.00012866300533794954
27,20,10,0.00023893560007762655
27,21,1,0.00012905537806738205
27,21,2,0.00012865731712024379
27,21,3,0.00012869134509453612
27,21,4,0.00020155156752213257
27,21,5,0.00012892107284335743
27,21,6,0.0002502514916967279
27,21,7,0.0001286706897915094
27,21,8,0.00016351510454646275
27,21,9,0.0001286630091324562
27,21,10,0.0002394660166026944
27,22,1,0.00012905522413840875
27,22,2,0.0001286573165938931
27,22,3,0.00012869144563279507
27,22,4,0.0002013866654126904
27,22,5,0.00012892083426971107
27,22,6,0.00024981178574119033
27,22,7,0.00012867070803864052
27,22,8,0.00016353616897879758
27,22,9,0.00012866302663227914
27,22,10,0.0002389725999165739
27,23,1,0.00012938099998998634
27,23,2,0.00012865729968212516
27,23,3,0.00012869127533365093
27,23,4,0.00020152848329875342
27,23,5,0.00012892051177165205
27,23,6,0.00025019381683994465
27,23,7,0.00012867066738602302
27,23,8,0.00016347527520894513
27,23,9,0.00012866297362266305
27,23,10,0.00023944889505107678
27,24,1,0.00012937540339992085
27,24,2,0.00012865737612982402
27,24,3,0.00012869141262628032
27,24,4,0.0002015430899040003
27,24,5,0.00012892063366897957
27,24,6,0.0002503574379096376
27,24,7,0.0001286706128869125
27,24,8,0.00016343910745025868
27,24,9,0.00012866296273780653
27,24,10,0.00023951272626725705
28,1,1,0.027707954002100237
28,1,2,0.027707822727945204
28,1,3,0.027707832809029657
28,1,4,0.027727243323199622
28,1,5,0.02770790800736204
28,1,6,0.027738311130998516
28,1,7,0.027707825277163214
28,1,8,0.027717980600245256
28,1,9,0.027707824823179943
28,1,10,0.02773642633788363
28,2,1,0.015075979709692539
28,2,2,0.015075835842279554
28,2,3,0.015075846119573888
28,2,4,0.015097420371021625
28,2,5,0.01507592957917841
28,2,6,0.015110387806452817
28,2,7,0.01507583986201873
28,2,8,0.015086889781676866
28,2,9,0.01507583647192234
28,2,10,0.015107510359854975
28,3,1,0.014632505771921671
28,3,2,0.014632360942591918
28,3,3,0.014632371287970946
28,3,4,0.014654198284620211
28,3,5,0.014632454487041311
28,3,6,0.014665391044514602
28,3,7,0.014632364894509375
28,3,8,0.01464342719460448
28,3,9,0.01463236162724506
28,3,10,0.014662874602604287
28,4,1,0.01303896156416927
28,4,2,0.013038828061997503
28,4,3,0.013038838093915296
28,4,4,0.01306030919584344
28,4,5,0.01303891536143533
28,4,6,0.013074012192795852
28,4,7,0.013038832736972837
28,4,8,0.013049574910646495
28,4,9,0.013038830013270865
28,4,10,0.013070837541676386
28,5,1,0.013264672686342436
28,5,2,0.013264538073663595
28,5,3,0.01326454797252414
28,5,4,0.01328600890368212
28,5,5,0.013264626456498244
28,5,6,0.01329953424200603
28,5,7,0.013264542544089177
28,5,8,0.0132753628601508
28,5,9,0.013264539989320579
28,5,10,0.013296588630962686
28,6,1,0.011721050218120399
28,6,2,0.011720916413806477
28,6,3,0.011720926543044798
28,6,4,0.011744097189175599
28,6,5,0.011721004146808609
28,6,6,0.011760225852529591
28,6,7,0.011720920941393929
28,6,8,0.011732127187966493
28,6,9,0.011720918293788758
28,6,10,0.011756505591021857
28,7,1,0.011446404148415395
28,7,2,0.011446271458119016
28,7,3,0.011446281568001303
28,7,4,0.011470098198898201
28,7,5,0.01144635902249357
28,7,6,0.011487286538762933
28,7,7,0.01144627594838279
28,7,8,0.011457606933475332
28,7,9,0.011446273423022384
28,7,10,0.011483254728773868
28,8,1,0.011701349965603512
28,8,2,0.011701217457117361
28,8,3,0.011701227552834707
28,8,4,0.011724428686681615
28,8,5,0.011701304877374022
28,8,6,0.011740702058714773
28,8,7,0.011701221932079738
28,8,8,0.01171243461064196
28,8,9,0.011701219425941928
28,8,10,0.011736727111336925
28,9,1,0.011841389861436081
28,9,2,0.011841255010958835
28,9,3,0.01184126554917357
28,9,4,0.011864082621116259
28,9,5,0.011841343409046193
28,9,6,0.011879964040133861
28,9,7,0.011841259741476729
28,9,8,0.011852407654203867
28,9,9,0.01184125691327668
28,9,10,0.011876259300588582
28,10,1,0.011840895079672701
28,10,2,0.011840760030714034
28,10,3,0.011840770573290353
28,10,4,0.011863667506292724
28,10,5,0.011840848523982882
28,10,6,0.011879384303015997
28,10,7,0.011840764759674013
28,10,8,0.011851887434656035
28,10,9,0.011840761933531313
28,10,10,0.011875615920381546
28,11,1,0.011949908721986476
28,11,2,0.011949772497570055
28,11,3,0.011949783126974695
28,11,4,0.011972488693787763
28,11,5,0.011949861729058882
28,11,6,0.011988000436777247
28,11,7,0.011949777290214824
28,11,8,0.011960871172118602
28,11,9,0.011949774297188935
28,11,10,0.011984246950200598
28,12,1,0.011366511328335873
28,12,2,0.011366378503185445
28,12,3,0.011366388480820855
28,12,4,0.011390429996401882
28,12,5,0.011366466099204522
28,12,6,0.011407864343755033
28,12,7,0.011366382925691977
28,12,8,0.01137777545194777
28,12,9,0.011366380422233051
28,12,10,0.011403697876143157
28,13,1,0.011315885613711446
28,13,2,0.011315752754310059
28,13,3,0.011315762724228623
28,13,4,0.011339965081375747
28,13,5,0.011315840345187648
28,13,6,0.011357731229778324
28,13,7,0.011315757181565217
28,13,8,0.011327198473687601
28,13,9,0.01131575467845383
28,13,10,0.011353358649754577
28,14,1,0.011435037150237144
28,14,2,0.011434902571011752
28,14,3,0.01143491277818601
28,14,4,0.011458756930323031
28,14,5,0.011434990743524059
28,14,6,0.011475910848241443
28,14,7,0.011434907135538967
28,14,8,0.01144627633954688
28,14,9,0.011434904502169926
28,14,10,0.011471734743328325
28,15,1,0.011361865560065115
28,15,2,0.011361732210746513
28,15,3,0.011361742278087476
28,15,4,0.011385709872814353
28,15,5,0.011361820486037462
28,15,6,0.011403408805922935
28,15,7,0.011361736681242495
28,15,8,0.011373174017055556
28,15,9,0.011361734142010211
28,15,10,0.01139925421375343
28,16,1,0.01143615857654379
28,16,2,0.011436024194384322
28,16,3,0.011436034382210726
28,16,4,0.011459789311514193
28,16,5,0.01143611232270183
28,16,6,0.011477041327188684
28,16,7,0.011436028752697181
28,16,8,0.011447400533020291
28,16,9,0.01143602613571084
28,16,10,0.011472881331254627
28,17,1,0.01138157019563358
28,17,2,0.011381435200580995
28,17,3,0.011381445338861913
28,17,4,0.011405474481592973
28,17,5,0.011381523611988738
28,17,6,0.011422823667138574
28,17,7,0.011381439693070898
28,17,8,0.011392976807500342
28,17,9,0.011381437066919235
28,17,10,0.011418859346839899
28,18,1,0.011369918399807456
28,18,2,0.01136978499469785
28,18,3,0.011369795044649243
28,18,4,0.011393773360455996
28,18,5,0.01136987302532107
28,18,6,0.011411398969875924
28,18,7,0.011369789462630366
28,18,8,0.011381246830245186
28,18,9,0.011369786942855014
28,18,10,0.011407138031987766
28,19,1,0.010086291634724479
28,19,2,0.010086153770340618
28,19,3,0.010086166185034728
28,19,4,0.010119382215499668
28,19,5,0.01008624478789183
28,19,6,0.010147107004681978
28,19,7,0.010086158728596249
28,19,8,0.01010024114282124
28,19,9,0.010086155889302338
28,19,10,0.010140855366432944
28,20,1,0.01014669762772486
28,20,2,0.01014655942791648
28,20,3,0.01014657162570097
28,20,4,0.010178987850626613
28,20,5,0.01014665026912103
28,20,6,0.01020598477803177
28,20,7,0.010146564183778958
28,20,8,0.010160436150361008
28,20,9,0.01014656145750858
28,20,10,0.01019979699928215
28,21,1,0.010206259067642304
28,21,2,0.010206121806213329
28,21,3,0.0102061338188127
28,21,4,0.010238002831525237
28,21,5,0.010206212609995597
28,21,6,0.010264528800136096
28,21,7,0.010206126450090626
28,21,8,0.010219773318464936
28,21,9,0.010206123774138912
28,21,10,0.010258425146286899
28,22,1,0.010078329556961653
28,22,2,0.01007819078086966
28,22,3,0.010078203287649285
28,22,4,0.010111979730457374
28,22,5,0.010078282540203497
28,22,6,0.010139751698183446
28,22,7,0.010078195708251667
28,22,8,0.010092507481115882
28,22,9,0.01007819294514525
28,22,10,0.01013334326978663
28,23,1,0.009639141891365258
28,23,2,0.009638888290653968
28,23,3,0.009638896797195224
28,23,4,0.00968141515169549
28,23,5,0.00963897551262631
28,23,6,0.009712634787984665
28,23,7,0.009638891123460861
28,23,8,0.009656909507456748
28,23,9,0.009638889125398774
28,23,10,0.009705786818778872
28,24,1,0.009141558779881351
28,24,2,0.009141294180285952
28,24,3,0.009141302140705057
28,24,4,0.00919459922161633
28,24,5,0.009141384678787575
28,24,6,0.009227540367946692
28,24,7,0.009141297126460895
28,24,8,0.00916713007711873
28,24,9,0.009141295188235372
28,24,10,0.009220291445241753
29,1,1,0.03478267296506581
29,1,2,0.03478253479045901
29,1,3,0.03478254540655971
29,1,4,0.03480293728087998
29,1,5,0.03478262458050663
29,1,6,0.03481453611966855
29,1,7,0.03478253760290429
29,1,8,0.034793193310424596
29,1,9,0.03478253698180633
29,1,10,0.03481255863037447
29,2,1,0.019075433463433
29,2,2,0.019075281123467132
29,2,3,0.019075291838605367
29,2,4,0.0190977193805663
29,2,5,0.019075380220268983
29,2,6,0.01911103464705947
29,2,7,0.019075285245572587
29,2,8,0.019086837607300438
29,2,9,0.019075281594238935
29,2,10,0.019108013647859
29,3,1,0.01852484751246493
29,3,2,0.018524694376664586
29,3,3,0.018524705127495576
29,3,4,0.01854736694997941
29,3,5,0.0185247931113412
29,3,6,0.0185606494984701
29,3,7,0.018524698404296422
29,3,8,0.018536242874204294
29,3,9,0.018524696074481217
29,3,10,0.018557879905966346
29,4,1,0.016546484125340894
29,4,2,0.016546341760669027
29,4,3,0.01654635233796458
29,4,4,0.016569440900342177
29,4,5,0.01654643458886097
29,4,6,0.01658400636801291
29,4,7,0.016546346616055703
29,4,8,0.016557912000290383
29,4,9,0.016546343868056767
29,4,10,0.016580603048695283
29,5,1,0.016826704355209145
29,5,2,0.016826560841138965
29,5,3,0.016826571193979394
29,5,4,0.016848594100795675
29,5,5,0.0168266526689027
29,5,6,0.01686222228797853
29,5,7,0.016826565531091766
29,5,8,0.016838209989140512
29,5,9,0.01682656285429917
29,5,10,0.016859248756537902
29,6,1,0.014910162002358842
29,6,2,0.014910023817046425
29,6,3,0.014910034203480778
29,6,4,0.014933466610162717
29,6,5,0.01491011446385002
29,6,6,0.014949295666863014
29,6,7,0.014910028439657221
29,6,8,0.014921485264954624
29,6,9,0.014910025684178294
29,6,10,0.014945640589851315
29,7,1,0.014569115698954747
29,7,2,0.014568978736122144
29,7,3,0.014568989122298853
29,7,4,0.014592945075078436
29,7,5,0.01456906915484841
29,7,6,0.014609671580330077
29,7,7,0.014568983354670195
29,7,8,0.014580530833004582
29,7,9,0.014568980747391335
29,7,10,0.014605750307453534
29,8,1,0.014885699676802797
29,8,2,0.014885562934536366
29,8,3,0.014885573310366659
29,8,4,0.014909004963214014
29,8,5,0.014885653185127556
29,8,6,0.014924937518959954
29,8,7,0.014885567540455584
29,8,8,0.0148970136005102
29,8,9,0.014885564953778442
29,8,10,0.01492104383558877
29,9,1,0.01505958904816417
29,9,2,0.015059449880478413
29,9,3,0.015059460746507984
29,9,4,0.015082531257633222
29,9,5,0.01505954116096086
29,9,6,0.015098105758630017
29,9,7,0.015059454760105683
29,9,8,0.015070833137335198
29,9,9,0.01505945180396733
29,9,10,0.015094480058878295
29,10,1,0.01505897951138777
29,10,2,0.015058835264947118
29,10,3,0.015058846125503343
29,10,4,0.015081963626677313
29,10,5,0.015058926562914498
29,10,6,0.015097365231837214
29,10,7,0.015058840136050503
29,10,8,0.015070180312552615
29,10,9,0.015058837158660245
29,10,10,0.015093667617848474
29,11,1,0.015194338824741853
29,11,2,0.01519419455996277
29,11,3,0.015194205499389397
29,11,4,0.015217138770829015
29,11,5,0.015194286650611247
29,11,6,0.015232352337257952
29,11,7,0.01519419947366693
29,11,8,0.01520550871943367
29,11,9,0.01519419633854658
29,11,10,0.015228691123800958
29,12,1,0.014469904432910215
29,12,2,0.014469766091851717
29,12,3,0.014469776319032807
29,12,4,0.014495506065015843
29,12,5,0.014469856341990085
29,12,6,0.014510742338415655
29,12,7,0.014469770632639456
29,12,8,0.014481340596249972
29,12,9,0.014469767950178089
29,12,10,0.014506716819374548
29,13,1,0.014407033751197888
29,13,2,0.014406896999777437
29,13,3,0.0144069072059952
29,13,4,0.014432667493568386
29,13,5,0.014406987168172252
29,13,6,0.01444829036499084
29,13,7,0.014406901538108655
29,13,8,0.014418504160565932
29,13,9,0.014406898836136129
29,13,10,0.014444072106526781
29,14,1,0.014555004094775897
29,14,2,0.014554860731923346
29,14,3,0.014554871212990388
29,14,4,0.014578753583537444
29,14,5,0.01455495144121468
29,14,6,0.01459532954264053
29,14,7,0.01455486542910085
29,14,8,0.014566394373067322
29,14,9,0.014554862596275767
29,14,10,0.014591305059669702
29,15,1,0.014464141696295882
29,15,2,0.014463996153664664
29,15,3,0.014464006471416024
29,15,4,0.014487967002589742
29,15,5,0.014464086915210832
29,15,6,0.014505039074422943
29,15,7,0.014464000745706872
29,15,8,0.014475585776774292
29,15,9,0.014463998027248527
29,15,10,0.014501042265659075
29,16,1,0.014556391823200435
29,16,2,0.01455625357431482
29,16,3,0.014556264039550468
29,16,4,0.014580083066340736
29,16,5,0.014556344283622024
29,16,6,0.01459677362953393
29,16,7,0.0145562582677305
29,16,8,0.01456780054998751
29,16,9,0.014556255556067528
29,16,10,0.014592761916285805
29,17,1,0.014488602667610154
29,17,2,0.014488463800651441
29,17,3,0.014488474318395988
29,17,4,0.01451251405318483
29,17,5,0.01448855482258682
29,17,6,0.01452925401484727
29,17,7,0.014488468535769938
29,17,8,0.014500184911852817
29,17,9,0.014488465819415581
29,17,10,0.014525441311432553
29,18,1,0.014474133403016584
29,18,2,0.014473996352958738
29,18,3,0.014474006655949041
29,18,4,0.014497974068582097
29,18,5,0.014474086837460294
29,18,6,0.014514968137735236
29,18,7,0.014474000942104185
29,18,8,0.014485603213419435
29,18,9,0.014473998348226581
29,18,10,0.014510876248934284
29,19,1,0.012879755342141388
29,19,2,0.012879613586697109
29,19,3,0.01287962622972881
29,19,4,0.01291179315103823
29,19,5,0.01287970715262136
29,19,6,0.0129388115605884
29,19,7,0.01287961867653088
29,19,8,0.012893489979419415
29,19,9,0.01287961574623959
29,19,10,0.012932653100840937
29,20,1,0.012954802250590997
29,20,2,0.012954660525924973
29,20,3,0.0129546729164643
29,20,4,0.012986088719291024
29,20,5,0.012954753702066106
29,20,6,0.01301229398919791
29,20,7,0.012954665404865576
29,20,8,0.012968356804251485
29,20,9,0.012954662607119348
29,20,10,0.013006233626282277
29,21,1,0.013028798504187915
29,21,2,0.01302865781016463
29,21,3,0.01302866999811425
29,21,4,0.01305958453249206
29,21,5,0.013028750906165228
29,21,6,0.01308527008031821
29,21,7,0.013028662563347702
29,21,8,0.013042165372794567
29,21,9,0.013028659822327341
29,21,10,0.013079302905006402
29,22,1,0.01286986272835477
29,22,2,0.012869720294093345
29,22,3,0.012869733011998657
29,22,4,0.012902487952138041
29,22,5,0.012869814509913244
29,22,6,0.01292966208509562
29,22,7,0.012869725437777486
29,22,8,0.012883833967636859
29,22,9,0.012869722491132144
29,22,10,0.012923334677177283
29,23,1,0.01232412815858569
29,23,2,0.012323868569408224
29,23,3,0.012323876456837298
29,23,4,0.012365560650100043
29,23,5,0.012323957079661475
29,23,6,0.012397135363497581
29,23,7,0.012323871736517356
29,23,8,0.012341396429179845
29,23,9,0.012323869216390467
29,23,10,0.01239021678438533
29,24,1,0.011705697747068868
29,24,2,0.011705421768557902
29,24,3,0.011705432717851698
29,24,4,0.011759546426086133
29,24,5,0.011705515403288659
29,24,6,0.011793394417603575
29,24,7,0.011705424385522372
29,24,8,0.011731470907377473
29,24,9,0.011705422782341312
29,24,10,0.011785944123306044
30,1,1,0.021483878638249722
30,1,2,0.021483702648657597
30,1,3,0.021483715318025405
30,1,4,0.021514263849137853
30,1,5,0.02148381544547505
30,1,6,0.021531527250107946
30,1,7,0.021483705671222694
30,1,8,0.021498433256361443
30,1,9,0.02148370580931294
30,1,10,0.02152664634527274
30,2,1,0.01184879824983279
30,2,2,0.011848643642844155
30,2,3,0.011848655472977084
30,2,4,0.011872363470243757
30,2,5,0.0118487440508778
30,2,6,0.011887282346810168
30,2,7,0.011848648769715286
30,2,8,0.01186070796874688
30,2,9,0.011848645356239378
30,2,10,0.011883850185812084
30,3,1,0.011512066128690974
30,3,2,0.01151191097035368
30,3,3,0.011511922989227225
30,3,4,0.011535977371022185
30,3,5,0.01151201204273008
30,3,6,0.01155098886483728
30,3,7,0.011511916092064584
30,3,8,0.011524004687857544
30,3,9,0.011511912780163577
30,3,10,0.011547997957529853
30,4,1,0.010302491883451783
30,4,2,0.010302343552354317
30,4,3,0.010302354726543587
30,4,4,0.010327541171336501
30,4,5,0.010302439470673493
30,4,6,0.010344094393484946
30,4,7,0.010302348644631055
30,4,8,0.010314654960709118
30,4,9,0.010302345822097863
30,4,10,0.010340568395482534
30,5,1,0.010473787839471995
30,5,2,0.010473639086721033
30,5,3,0.010473650180242464
30,5,4,0.010498816424206707
30,5,5,0.01047373686754491
30,5,6,0.010514933479810569
30,5,7,0.01047364413920578
30,5,8,0.01048597952184647
30,5,9,0.010473641347389179
30,5,10,0.010511210626891204
30,6,1,0.009302372836541981
30,6,2,0.0093022246458322
30,6,3,0.009302235861601338
30,6,4,0.00932973984127705
30,6,5,0.009302321826030436
30,6,6,0.009350357055423064
30,6,7,0.009302229605025063
30,6,8,0.009315149073473727
30,6,9,0.009302226737650809
30,6,10,0.009345673128145916
30,7,1,0.00909394732571163
30,7,2,0.009093800732351227
30,7,3,0.009093811831141356
30,7,4,0.009122377276033843
30,7,5,0.009093897551783994
30,7,6,0.009144582311350197
30,7,7,0.009093805536118186
30,7,8,0.009106935008084257
30,7,9,0.009093802770944487
30,7,10,0.00913946302127407
30,8,1,0.00928742251056648
30,8,2,0.009287275795418406
30,8,3,0.009287286883235098
30,8,4,0.009314869999909211
30,8,5,0.009287372684708797
30,8,6,0.009335731749763218
30,8,7,0.009287280586181092
30,8,8,0.009300219132722633
30,8,9,0.009287277841150703
30,8,10,0.009331349990133677
30,9,1,0.009393694926660597
30,9,2,0.009393545573220445
30,9,3,0.009393557252545965
30,9,4,0.009420586506816214
30,9,5,0.009393643546009259
30,9,6,0.009440819914026134
30,9,7,0.00939355079634382
30,9,8,0.009406378295156016
30,9,9,0.009393547765503624
30,9,10,0.009436062509545508
30,10,1,0.009393319697071675
30,10,2,0.009393169948339454
30,10,3,0.009393181631931648
30,10,4,0.009420323130264835
30,10,5,0.009393267994717161
30,10,6,0.009440402120903477
30,10,7,0.009393175169675454
30,10,8,0.009405968335639663
30,10,9,0.00939317213963206
30,10,10,0.009436579781211802
30,11,1,0.009476045752111285
30,11,2,0.009475895089077263
30,11,3,0.009475906913772677
30,11,4,0.009502727918335615
30,11,5,0.009475993748618839
30,11,6,0.009522446493082617
30,11,7,0.00947590045542654
30,11,8,0.009488617353015271
30,11,9,0.009475897269249613
30,11,10,0.009517712408358149
30,12,1,0.009033316912965796
30,12,2,0.009033169589291656
30,12,3,0.009033180482686483
30,12,4,0.009062119076352052
30,12,5,0.009033266415406601
30,12,6,0.009084895493208373
30,12,7,0.00903317425167248
30,12,8,0.009046366157297597
30,12,9,0.009033171501104383
30,12,10,0.009079574395652937
30,13,1,0.008994895960534054
30,13,2,0.00899474893716471
30,13,3,0.008994759815456735
30,13,4,0.009023948620774724
30,13,5,0.008994845731374967
30,13,6,0.00904714133746095
30,13,7,0.008994753591801876
30,13,8,0.009008003039475224
30,13,9,0.008994750835962063
30,13,10,0.009041657325747845
30,14,1,0.009085321501362445
30,14,2,0.009085172882535124
30,14,3,0.009085184032069015
30,14,4,0.009113787815760981
30,14,5,0.009085270317073397
30,14,6,0.009136011381826925
30,14,7,0.009085177732617794
30,14,8,0.009098257129208044
30,14,9,0.009085174866302162
30,14,10,0.009130767675431759
30,15,1,0.00902979065039735
30,15,2,0.009029643467677264
30,15,3,0.009029654416979007
30,15,4,0.0090584661480794
30,15,5,0.00902974091830858
30,15,6,0.00908136950885607
30,15,7,0.009029648151796245
30,15,8,0.009042838916203319
30,15,9,0.009029645364685172
30,15,10,0.009076194584850504
30,16,1,0.009086172469748303
30,16,2,0.009086024100664362
30,16,3,0.009086035191818742
30,16,4,0.009114444305778192
30,16,5,0.009086121344176551
30,16,6,0.009136680243559082
30,16,7,0.0090860289287682
30,16,8,0.009099099177997099
30,16,9,0.009086026065973364
30,16,10,0.009131515064202183
30,17,1,0.009044745123609227
30,17,2,0.009044596109403273
30,17,3,0.009044607290172006
30,17,4,0.009073365321744185
30,17,5,0.009044693568076523
30,17,6,0.009095819077411875
30,17,7,0.009044600984817162
30,17,8,0.009055618840171436
30,17,9,0.009044598106811522
30,17,10,0.009090939716587828
30,18,1,0.009035901837697686
30,18,2,0.009035754855269338
30,18,3,0.009035765742460957
30,18,4,0.009064448201853577
30,18,5,0.00903585163122385
30,18,6,0.00908731867920831
30,18,7,0.00903575950552934
30,18,8,0.009048923295099322
30,18,9,0.0090357567221462
30,18,10,0.009082289184798014
30,19,1,0.008061550423857998
30,19,2,0.008061399353594336
30,19,3,0.008061413364516825
30,19,4,0.008103246817321948
30,19,5,0.00806149897740931
30,19,6,0.008136780104481867
30,19,7,0.008061404851052952
30,19,8,0.00807871193249665
30,19,9,0.00806140173912591
30,19,10,0.00813006765627595
30,20,1,0.008107414823684798
30,20,2,0.008107263129608683
30,20,3,0.008107276990950204
30,20,4,0.00814768890746517
30,20,5,0.008107362957833191
30,20,6,0.008180690909780573
30,20,7,0.008107268444237785
30,20,8,0.008124277897939087
30,20,9,0.008107265419295821
30,20,10,0.008174528694096636
30,21,1,0.008152635551147891
30,21,2,0.008152485027216862
30,21,3,0.008152498714240177
30,21,4,0.008192076648966474
30,21,5,0.0081525848507112
30,21,6,0.008224719076576145
30,21,7,0.008152490261585788
30,21,8,0.00816902734806142
30,21,9,0.008152487281002445
30,21,10,0.008218222235471183
30,22,1,0.00805550423545131
30,22,2,0.008055353283531881
30,22,3,0.008055367422257905
30,22,4,0.008096907552182649
30,22,5,0.00805545341285596
30,22,6,0.00812938816200005
30,22,7,0.008055358753790343
30,22,8,0.008072712282457428
30,22,9,0.008055355646600659
30,22,10,0.008122955823961067
30,23,1,0.007722030401040886
30,23,2,0.007721753293364011
30,23,3,0.007721764348013819
30,23,4,0.007771835470244543
30,23,5,0.007721850228401433
30,23,6,0.007806647334196419
30,23,7,0.0077217561295318685
30,23,8,0.007743687556316967
30,23,9,0.00772175402961537
30,23,10,0.00779947794777955
30,24,1,0.007344025715439995
30,24,2,0.007343754111560534
30,24,3,0.0073437661001177325
30,24,4,0.007402413562609296
30,24,5,0.00734384680352696
30,24,6,0.007437942597958903
30,24,7,0.007343758721535648
30,24,8,0.007355314732863825
30,24,9,0.007343755306332204
30,24,10,0.00743030780407428
31,1,1,7.743311115737447e-5
31,1,2,7.700494329230815e-5
31,1,3,7.703971155008663e-5
31,1,4,0.0001587622806600754
31,1,5,7.728241697284821e-5
31,1,6,0.00021220230668551657
31,1,7,7.70136408336462e-5
31,1,8,0.00011644318321934688
31,1,9,7.701259214697452e-5
31,1,10,0.00020363266352421526
31,2,1,7.741146402696958e-5
31,2,2,7.70054642501817e-5
31,2,3,7.703741756156738e-5
31,2,4,0.0001560660712725585
31,2,5,7.727344269641931e-5
31,2,6,0.0002076389758199118
31,2,7,7.701867973866782e-5
31,2,8,0.00011429014557354884
31,2,9,7.70113269499605e-5
31,2,10,0.00019673161304437233
31,3,1,7.741490678095096e-5
31,3,2,7.700529033418593e-5
31,3,3,7.703772829058663e-5
31,3,4,0.00015654139889787727
31,3,5,7.727311338869259e-5
31,3,6,0.00020749951916109897
31,3,7,7.701865357227352e-5
31,3,8,0.00011426271990019283
31,3,9,7.701179021982465e-5
31,3,10,0.00019771145103034566
31,4,1,7.741254332269595e-5
31,4,2,7.700532604439144e-5
31,4,3,7.703717579615404e-5
31,4,4,0.0001555749775577415
31,4,5,7.727188316086864e-5
31,4,6,0.0002069555386989542
31,4,7,7.701954807513737e-5
31,4,8,0.0001141705930759035
31,4,9,7.701169071689725e-5
31,4,10,0.00019604744825703325
31,5,1,7.740941896990978e-5
31,5,2,7.700533453480249e-5
31,5,3,7.70372019649939e-5
31,5,4,0.0001556588596005025
31,5,5,7.72720997421593e-5
31,5,6,0.0002071891357895277
31,5,7,7.701957155291175e-5
31,5,8,0.00011419332092267435
31,5,9,7.701162910019065e-5
31,5,10,0.00019697111495384703
31,6,1,7.741047256254012e-5
31,6,2,7.700553407326056e-5
31,6,3,7.703700187626453e-5
31,6,4,0.00015557229047637958
31,6,5,7.727085658235437e-5
31,6,6,0.00020663286603947117
31,6,7,7.701937867886228e-5
31,6,8,0.00011413456400632946
31,6,9,7.701155651967958e-5
31,6,10,0.000196097346828882
31,7,1,7.740723703056718e-5
31,7,2,7.700552967121405e-5
31,7,3,7.703722474755869e-5
31,7,4,0.00015551809605249877
31,7,5,7.727071668993278e-5
31,7,6,0.00020689710030361879
31,7,7,7.701940755697487e-5
31,7,8,0.00011397282324803376
31,7,9,7.701158967807508e-5
31,7,10,0.0001959835813722698
31,8,1,7.74075735162171e-5
31,8,2,7.700551117062617e-5
31,8,3,7.703726188446793e-5
31,8,4,0.00015563603767431515
31,8,5,7.727095954315009e-5
31,8,6,0.00020711887387394538
31,8,7,7.701938114519336e-5
31,8,8,0.00011414095946432213
31,8,9,7.701160509969748e-5
31,8,10,0.00019564804099801936
31,9,1,7.741070385065176e-5
31,9,2,7.700551694527679e-5
31,9,3,7.703727940464694e-5
31,9,4,0.00015541173038815585
31,9,5,7.727110498222358e-5
31,9,6,0.00020726810436975964
31,9,7,7.701939418021309e-5
31,9,8,0.00011416903442820085
31,9,9,7.701156323834934e-5
31,9,10,0.00019621286474920066
31,10,1,7.741072554377383e-5
31,10,2,7.700552144109333e-5
31,10,3,7.703728004838668e-5
31,10,4,0.00015572876581963419
31,10,5,7.727115469506936e-5
31,10,6,0.00020701181260913065
31,10,7,7.701939185665386e-5
31,10,8,0.00011405185518632113
31,10,9,7.701156205906781e-5
31,10,10,0.00019573826297425458
31,11,1,7.741089778516201e-5
31,11,2,7.700552459645799e-5
31,11,3,7.70370256162588e-5
31,11,4,0.00015578643576670488
31,11,5,7.727123822095475e-5
31,11,6,0.0002074591595758532
31,11,7,7.70194037733052e-5
31,11,8,0.00011407405590267377
31,11,9,7.701156857236086e-5
31,11,10,0.00019587236572737526
31,12,1,7.740722096230481e-5
31,12,2,7.700559010200358e-5
31,12,3,7.703696659154377e-5
31,12,4,0.00015560918851878635
31,12,5,7.727080188604321e-5
31,12,6,0.00020693571515034869
31,12,7,7.701936299294652e-5
31,12,8,0.00011397492774854885
31,12,9,7.70115440397162e-5
31,12,10,0.0001956464451182179
31,13,1,7.740716097000984e-5
31,13,2,7.700559100596842e-5
31,13,3,7.703695650835192e-5
31,13,4,0.0001556071222287893
31,13,5,7.727077383615651e-5
31,13,6,0.00020723321498900967
31,13,7,7.701940534911261e-5
31,13,8,0.00011398887540714394
31,13,9,7.701154227069974e-5
31,13,10,0.0001955303770185097
31,14,1,7.741018614222482e-5
31,14,2,7.700558961967157e-5
31,14,3,7.703697058523275e-5
31,14,4,0.0001556589790372286
31,14,5,7.727101506807412e-5
31,14,6,0.00020703683386671682
31,14,7,7.701937350833932e-5
31,14,8,0.00011400612431489196
31,14,9,7.70115475493361e-5
31,14,10,0.00019555425270326022
31,15,1,7.740722720305436e-5
31,15,2,7.700560264456458e-5
31,15,3,7.703696227997993e-5
31,15,4,0.00015533671807225187
31,15,5,7.727181754643983e-5
31,15,6,0.0002073544136915536
31,15,7,7.701936575254923e-5
31,15,8,0.00011399390754433212
31,15,9,7.701154453583614e-5
31,15,10,0.00019618076045927585
31,16,1,7.74102381949523e-5
31,16,2,7.700559246235099e-5
31,16,3,7.703697897005424e-5
31,16,4,0.00015536796839648063
31,16,5,7.727108494854322e-5
31,16,6,0.00020705411044032098
31,16,7,7.701937517225763e-5
31,16,8,0.0001139909635965106
31,16,9,7.701155167205455e-5
31,16,10,0.00019562178990315584
31,17,1,7.741013639390609e-5
31,17,2,7.700559230254087e-5
31,17,3,7.703696613627463e-5
31,17,4,0.0001556784717980541
31,17,5,7.727103504429806e-5
31,17,6,0.0002069668055014376
31,17,7,7.701941543704727e-5
31,17,8,0.00011415602735900159
31,17,9,7.701154585508724e-5
31,17,10,0.00019625021507796528
31,18,1,7.74073019193509e-5
31,18,2,7.70056064725448e-5
31,18,3,7.703697993205485e-5
31,18,4,0.00015534910922545354
31,18,5,7.727106742902523e-5
31,18,6,0.00020719821016600923
31,18,7,7.701937322380901e-5
31,18,8,0.00011400356000307775
31,18,9,7.701155203975183e-5
31,18,10,0.00019570530006799046
31,19,1,7.740561015977173e-5
31,19,2,7.70055545505415e-5
31,19,3,7.704047228963337e-5
31,19,4,0.00015492918193586537
31,19,5,7.726998331078028e-5
31,19,6,0.00020698866568222697
31,19,7,7.70192945332063e-5
31,19,8,0.0001139515441817109
31,19,9,7.701150456025568e-5
31,19,10,0.00019562863628303477
31,20,1,7.740805061200175e-5
31,20,2,7.700556036036758e-5
31,20,3,7.704051193713494e-5
31,20,4,0.00015496533604444657
31,20,5,7.727040259123694e-5
31,20,6,0.00020667203267624057
31,20,7,7.701929973278002e-5
31,20,8,0.00011402603719266772
31,20,9,7.701148326140534e-5
31,20,10,0.00019528748833778274
31,21,1,7.740576558755117e-5
31,21,2,7.700555678705978e-5
31,21,3,7.704041938540446e-5
31,21,4,0.00015535603326343912
31,21,5,7.727068612494744e-5
31,21,6,0.00020718141107240132
31,21,7,7.701927992905803e-5
31,21,8,0.00011399950711267597
31,21,9,7.701148716201285e-5
31,21,10,0.00019585166739996906
31,22,1,7.740560901461968e-5
31,22,2,7.700555616717945e-5
31,22,3,7.704052302947602e-5
31,22,4,0.00015518000198661415
31,22,5,7.727045077756093e-5
31,22,6,0.0002067169567193494
31,22,7,7.701929940673801e-5
31,22,8,0.00011402320620058597
31,22,9,7.701150503369196e-5
31,22,10,0.00019533225105149374
31,23,1,7.773338995032891e-5
31,23,2,7.700553888894715e-5
31,23,3,7.704035118344163e-5
31,23,4,0.00015533167647509012
31,23,5,7.727013222083393e-5
31,23,6,0.00020711639338146483
31,23,7,7.70192582474466e-5
31,23,8,0.00011395577721178622
31,23,9,7.701145051867049e-5
31,23,10,0.00019583331096507532
31,24,1,7.772779363706675e-5
31,24,2,7.70058425609286e-5
31,24,3,7.704049370999626e-5
31,24,4,0.00015534581867451846
31,24,5,7.727026000666967e-5
31,24,6,0.0002072894322107551
31,24,7,7.701920191589826e-5
31,24,8,0.00011391616881913369
31,24,9,7.70114392853381e-5
31,24,10,0.0001959009866467191
32,1,1,0.00024327481624738593
32,1,2,0.00024289847628847873
32,1,3,0.00024292762866537823
32,1,4,0.0003060926739083627
32,1,5,0.00024314498899235257
32,1,6,0.0003467153065327473
32,1,7,0.00024290615988394816
32,1,8,0.0002740833223493632
32,1,9,0.00024290460554959517
32,1,10,0.0003385352162540955
32,2,1,0.00024327176447942237
32,2,2,0.00024289906353897612
32,2,3,0.0002429273253177435
32,2,4,0.00030594815199926274
32,2,5,0.0002431442686614758
32,2,6,0.0003464324527478133
32,2,7,0.00024291080173970063
32,2,8,0.000273822915390218
32,2,9,0.00024290441062196284
32,2,10,0.0003377896350356817
32,3,1,0.00024327261390113107
32,3,2,0.00024289902463236262
32,3,3,0.000242927404788503
32,3,4,0.0003060969886133917
32,3,5,0.0002431442389621654
32,3,6,0.00034651284117796457
32,3,7,0.00024291080865758858
32,3,8,0.000273822242651357
32,3,9,0.00024290451639299749
32,3,10,0.00033786720058047513
32,4,1,0.0002432723409128975
32,4,2,0.00024289904322076454
32,4,3,0.00024292730864032644
32,4,4,0.00030598803175398777
32,4,5,0.0002431441469267035
32,4,6,0.0003464909242948716
32,4,7,0.00024291157377456972
32,4,8,0.00027383075233635513
32,4,9,0.000242904504888837
32,4,10,0.0003375827341231745
32,5,1,0.00024327155911296308
32,5,2,0.00024289904737702763
32,5,3,0.00024292731105953334
32,5,4,0.0003059837045285272
32,5,5,0.0002431442016912613
32,5,6,0.0003463989070892692
32,5,7,0.00024291158037577257
32,5,8,0.0002738350470102543
32,5,9,0.00024290449171590574
32,5,10,0.0003377476446261566
32,6,1,0.0002432719054148989
32,6,2,0.00024289922684731768
32,6,3,0.00024292728593102553
32,6,4,0.0003060262569184143
32,6,5,0.00024314411312021915
32,6,6,0.0003463194167286785
32,6,7,0.00024291155122548532
32,6,8,0.00027381413706040094
32,6,9,0.00024290447927761166
32,6,10,0.00033760966530162255
32,7,1,0.00024327118867632406
32,7,2,0.00024289923187299637
32,7,3,0.00024292734060425385
32,7,4,0.0003058760906375695
32,7,5,0.000243144040032642
32,7,6,0.00034642730350285464
32,7,7,0.00024291155977341748
32,7,8,0.00027379755772879316
32,7,9,0.00024290448803398118
32,7,10,0.00033760839579042684
32,8,1,0.00024327121766648798
32,8,2,0.0002428992296936781
32,8,3,0.00024292734487607216
32,8,4,0.00030589112534219076
32,8,5,0.0002431440954610043
32,8,6,0.00034648541560393137
32,8,7,0.00024291155298635826
32,8,8,0.0002738171251635492
32,8,9,0.0002429044898796681
32,8,10,0.0003375231243411929
32,9,1,0.0002432719298257979
32,9,2,0.00024289923233930834
32,9,3,0.00024292734747105916
32,9,4,0.00030586106728664435
32,9,5,0.00024314413452283343
32,9,6,0.00034653936003648195
32,9,7,0.00024291155638227262
32,9,8,0.0002738200767520893
32,9,9,0.0002429044807176579
32,9,10,0.00033761561746771974
32,10,1,0.00024327194412793873
32,10,2,0.00024289923551864824
32,10,3,0.0002429273483522319
32,10,4,0.0003059147560704007
32,10,5,0.00024314416696411483
32,10,6,0.00034651838377464496
32,10,7,0.0002429115568947526
32,10,8,0.0002738036463076017
32,10,9,0.0002429044809554703
32,10,10,0.0003375313011614188
32,11,1,0.00024327197137796023
32,11,2,0.00024289923771417853
32,11,3,0.00024292728919967827
32,11,4,0.0003059252851940678
32,11,5,0.0002431441928200403
32,11,6,0.00034662569129217437
32,11,7,0.00024291156034596882
32,11,8,0.0002738062633517884
32,11,9,0.00024290448184517956
32,11,10,0.0003375496056441687
32,12,1,0.00024327120462674918
32,12,2,0.00024289929138702695
32,12,3,0.00024292728479213845
32,12,4,0.0003059215344051383
32,12,5,0.00024314417906464976
32,12,6,0.00034659239946473983
32,12,7,0.00024291155719800766
32,12,8,0.0002738071637529781
32,12,9,0.00024290448037102332
32,12,10,0.0003375684922990981
32,13,1,0.0002432712042036692
32,13,2,0.000242899294168496
32,13,3,0.000242927284311212
32,13,4,0.0003059265563424744
32,13,5,0.00024314419854654058
32,13,6,0.00034666721454034046
32,13,7,0.0002429115690400104
32,13,8,0.0002738034376541045
32,13,9,0.00024290448084352068
32,13,10,0.00033749581099182084
32,14,1,0.00024327191078132745
32,14,2,0.00024289929593159505
32,14,3,0.00024292728647004602
32,14,4,0.0003059305365154564
32,14,5,0.00024314429440661168
32,14,6,0.00034664278998115935
32,14,7,0.00024291156127987946
32,14,8,0.0002738065757530888
32,14,9,0.00024290448168635232
32,14,10,0.0003376026102285907
32,15,1,0.00024327122159346952
32,15,2,0.0002428993014744221
32,15,3,0.00024292728675956015
32,15,4,0.0003058840142341972
32,15,5,0.0002431445280082367
32,15,6,0.0003467268342497694
32,15,7,0.00024291155924120606
32,15,8,0.00027380728288026125
32,15,9,0.00024290448221852802
32,15,10,0.00033766199875731514
32,16,1,0.00024327192106816364
32,16,2,0.00024289929891152426
32,16,3,0.00024292728981845465
32,16,4,0.000305887394917223
32,16,5,0.00024314437852741331
32,16,6,0.00034663253395795027
32,16,7,0.00024291156116325243
32,16,8,0.00027380295751108303
32,16,9,0.00024290448298785344
32,16,10,0.00033758405183661284
32,17,1,0.0002432719234190864
32,17,2,0.0002428993009049741
32,17,3,0.00024292729125646842
32,17,4,0.0003059443980706182
32,17,5,0.0002431443826295986
32,17,6,0.0003466463965489063
32,17,7,0.00024291157429672037
32,17,8,0.0002738397865646085
32,17,9,0.00024290448301809222
32,17,10,0.000337721637422043
32,18,1,0.00024327124393214245
32,18,2,0.00024289930566039763
32,18,3,0.00024292729792412752
32,18,4,0.00030590550458655167
32,18,5,0.00024314439802855298
32,18,6,0.00034674736996243277
32,18,7,0.00024291156493169616
32,18,8,0.0002738119711463628
32,18,9,0.00024290448557987967
32,18,10,0.0003376084593146858
32,19,1,0.00024327111116247144
32,19,2,0.00024289930116500288
32,19,3,0.00024293034069770017
32,19,4,0.0003058851418072021
32,19,5,0.00024314432242349794
32,19,6,0.0003468045416087667
32,19,7,0.0002429115637140513
32,19,8,0.00027382923741893847
32,19,9,0.00024290448491825676
32,19,10,0.0003376475751662435
32,20,1,0.0002432716834600049
32,20,2,0.0002428993038510452
32,20,3,0.00024293036475205856
32,20,4,0.00030589499286229837
32,20,5,0.00024314442649179372
32,20,6,0.0003467690566587046
32,20,7,0.00024291156792846256
32,20,8,0.000273843150379303
32,20,9,0.0002429044827124057
32,20,10,0.00033762582382568186
32,21,1,0.0002432711551519704
32,21,2,0.00024289930361765178
32,21,3,0.00024293034680869117
32,21,4,0.0003059686683827774
32,21,5,0.000243144517371122
32,21,6,0.0003468876471281588
32,21,7,0.00024291156284621457
32,21,8,0.00027384203882070213
32,21,9,0.00024290448306528735
32,21,10,0.0003376955334857034
32,22,1,0.000243271164921088
32,22,2,0.00024289930441179336
32,22,3,0.00024293038887895303
32,22,4,0.0003059573787402843
32,22,5,0.00024314449327964984
32,22,6,0.00034683332126682364
32,22,7,0.00024291157081100893
32,22,8,0.00027385407480845714
32,22,9,0.00024290448869160715
32,22,10,0.00033762531747033277
32,23,1,0.0002435708386348912
32,23,2,0.00024289930900132407
32,23,3,0.0002429303717592758
32,23,4,0.0003060404371530385
32,23,5,0.00024314453079686183
32,23,6,0.0003470464365909706
32,23,7,0.00024291157101110562
32,23,8,0.00027386408190035886
32,23,9,0.00024290448448962694
32,23,10,0.0003378142503157806
32,24,1,0.00024356987364721684
32,24,2,0.00024289937776426096
32,24,3,0.00024293048322311173
32,24,4,0.00030610731021819305
32,24,5,0.0002431446919392752
32,24,6,0.0003472356924041555
32,24,7,0.00024291157286552428
32,24,8,0.0002738834287304544
32,24,9,0.00024290449064538224
32,24,10,0.0003379953814343255
33,1,1,0.0005154055149455694
33,1,2,0.0005150218822698324
33,1,3,0.0005150515071709495
33,1,4,0.0005775445951831384
33,1,5,0.0005152798656751414
33,1,6,0.0006160138937923136
33,1,7,0.0005150298313606337
33,1,8,0.000545882686502927
33,1,9,0.0005150275305593192
33,1,10,0.00060555345479169
33,2,1,0.0005154088595371321
33,2,2,0.0005150224913964046
33,2,3,0.0005150518266745391
33,2,4,0.000577203297294908
33,2,5,0.0005152779572634199
33,2,6,0.0006153153556101345
33,2,7,0.0005150349161808068
33,2,8,0.0005461841087738517
33,2,9,0.0005150278924538435
33,2,10,0.0006069729236053468
33,3,1,0.000515405470540685
33,3,2,0.0005150226092358853
33,3,3,0.0005150515068533777
33,3,4,0.0005767850593911397
33,3,5,0.0005152779045660224
33,3,6,0.0006153565826244516
33,3,7,0.000515034911263846
33,3,8,0.00054618304376791
33,3,9,0.000515028246342894
33,3,10,0.0006061079394135506
33,4,1,0.0005154054548799813
33,4,2,0.000515022707856596
33,4,3,0.00051505178096378
33,4,4,0.0005772222951592647
33,4,5,0.0005152776358441619
33,4,6,0.0006153273923760351
33,4,7,0.0005150356998612709
33,4,8,0.0005462862343827342
33,4,9,0.0005150283281070582
33,4,10,0.0006069846077281008
33,5,1,0.0005154083514338309
33,5,2,0.0005150227122621798
33,5,3,0.0005150517870082771
33,5,4,0.0005772469306782701
33,5,5,0.0005152776733769668
33,5,6,0.0006154271634595282
33,5,7,0.0005150356996515862
33,5,8,0.0005462855571249083
33,5,9,0.0005150283895521092
33,5,10,0.0006062364559786015
33,6,1,0.0005154054843972408
33,6,2,0.0005150228916443732
33,6,3,0.0005150517460643757
33,6,4,0.0005768177655000469
33,6,5,0.0005152775143957286
33,6,6,0.0006154038174039152
33,6,7,0.0005150357439832026
33,6,8,0.0005461126356881389
33,6,9,0.0005150283757369683
33,6,10,0.0006062533610136968
33,7,1,0.0005154079048792189
33,7,2,0.0005150228902536602
33,7,3,0.0005150515111262328
33,7,4,0.000576834933751682
33,7,5,0.0005152774927002055
33,7,6,0.0006150219800718002
33,7,7,0.0005150356960714283
33,7,8,0.0005462522824396174
33,7,9,0.0005150283318412826
33,7,10,0.0006062060555453382
33,8,1,0.0005154079829759228
33,8,2,0.0005150229177227319
33,8,3,0.0005150515108295559
33,8,4,0.0005768290086411999
33,8,5,0.0005152775669183407
33,8,6,0.0006151296041798718
33,8,7,0.0005150357453822489
33,8,8,0.0005461052506309142
33,8,9,0.0005150283299767957
33,8,10,0.0006069616362473374
33,9,1,0.0005154055000979923
33,9,2,0.0005150229189964125
33,9,3,0.0005150515095359874
33,9,4,0.0005772385797762208
33,9,5,0.000515277611481528
33,9,6,0.0006150463013421296
33,9,7,0.0005150357494095509
33,9,8,0.0005461329363086744
33,9,9,0.000515028376766735
33,9,10,0.0006062581900451639
33,10,1,0.0005154055035289864
33,10,2,0.0005150229233412733
33,10,3,0.0005150515092124924
33,10,4,0.0005768437277531027
33,10,5,0.0005152775146787606
33,10,6,0.0006155702506840619
33,10,7,0.0005150357467694226
33,10,8,0.0005462356068356633
33,10,9,0.0005150283766705132
33,10,10,0.0006069402523216584
33,11,1,0.0005154055766157247
33,11,2,0.0005150229181835471
33,11,3,0.0005150517459500128
33,11,4,0.0005767969440345486
33,11,5,0.0005152776547562106
33,11,6,0.0006150359734035114
33,11,7,0.0005150357440436467
33,11,8,0.000546243888171247
33,11,9,0.0005150283782479505
33,11,10,0.0006069110881141587
33,12,1,0.0005154077188782245
33,12,2,0.0005150229901068971
33,12,3,0.0005150517362532364
33,12,4,0.0005767860799262651
33,12,5,0.0005152774420002944
33,12,6,0.0006156393281863329
33,12,7,0.0005150357416052493
33,12,8,0.0005462155237177494
33,12,9,0.0005150283671262028
33,12,10,0.0006069025203535137
33,13,1,0.0005154076609372506
33,13,2,0.0005150229904315524
33,13,3,0.0005150517237454992
33,13,4,0.0005767921200000814
33,13,5,0.0005152774390111619
33,13,6,0.0006150788266474808
33,13,7,0.0005150356940814024
33,13,8,0.0005462231931757005
33,13,9,0.0005150283659429886
33,13,10,0.0006068210129482516
33,14,1,0.00051540528930989
33,14,2,0.0005150229991334375
33,14,3,0.0005150517251159316
33,14,4,0.000576784108791448
33,14,5,0.0005152776220569784
33,14,6,0.0006156012649159982
33,14,7,0.0005150357402091039
33,14,8,0.000546203605551169
33,14,9,0.0005150283672020859
33,14,10,0.0006068165502134891
33,15,1,0.0005154076694974807
33,15,2,0.0005150229900344812
33,15,3,0.0005150517240619547
33,15,4,0.000577182840018801
33,15,5,0.0005152769476203194
33,15,6,0.0006150924766737122
33,15,7,0.0005150357371584825
33,15,8,0.0005462008126517319
33,15,9,0.0005150283669729545
33,15,10,0.0006062897007237663
33,16,1,0.0005154052949547978
33,16,2,0.0005150230006932872
33,16,3,0.0005150517279072431
33,16,4,0.0005771734152774796
33,16,5,0.0005152777077793268
33,16,6,0.0006155601398613489
33,16,7,0.0005150357395683848
33,16,8,0.0005462032176136413
33,16,9,0.0005150283677192693
33,16,10,0.0006068571346274676
33,17,1,0.0005154051966138274
33,17,2,0.0005150230013773602
33,17,3,0.0005150517217676365
33,17,4,0.0005768159028387805
33,17,5,0.0005152777064542955
33,17,6,0.0006155099142724831
33,17,7,0.0005150356923477701
33,17,8,0.0005460841702479468
33,17,9,0.000515028367676157
33,17,10,0.0006062056275887314
33,18,1,0.0005154076839501491
33,18,2,0.0005150229940243068
33,18,3,0.000515051724831651
33,18,4,0.0005771920468741325
33,18,5,0.000515277634918604
33,18,6,0.0006156510058903297
33,18,7,0.0005150357360871421
33,18,8,0.0005462104371279582
33,18,9,0.000515028365550172
33,18,10,0.0006068946770204861
33,19,1,0.0005154072357307642
33,19,2,0.0005150229943629815
33,19,3,0.0005150552030624241
33,19,4,0.0005771335405787784
33,19,5,0.0005152773938901038
33,19,6,0.0006150757738567106
33,19,7,0.0005150356959380306
33,19,8,0.0005464250954863535
33,19,9,0.0005150283225999999
33,19,10,0.0006063121457801594
33,20,1,0.000515405214679214
33,20,2,0.0005150229994100344
33,20,3,0.0005150552196752152
33,20,4,0.000577140601695407
33,20,5,0.0005152779622114033
33,20,6,0.0006154947837960362
33,20,7,0.0005150356983806013
33,20,8,0.0005463913031064597
33,20,9,0.0005150283534995298
33,20,10,0.0006068643826153319
33,21,1,0.0005154072213776934
33,21,2,0.0005150229973042738
33,21,3,0.0005150553083565299
33,21,4,0.0005770016163131791
33,21,5,0.0005152778110228322
33,21,6,0.0006151246331165604
33,21,7,0.0005150357220701693
33,21,8,0.0005464362118946791
33,21,9,0.0005150283559932382
33,21,10,0.0006063535876921542
33,22,1,0.0005154072029674855
33,22,2,0.0005150229992986475
33,22,3,0.0005150552301407374
33,22,4,0.0005772732195173666
33,22,5,0.0005152780444642403
33,22,6,0.0006155938723521318
33,22,7,0.0005150357965617808
33,22,8,0.0005464047588944421
33,22,9,0.0005150283299435629
33,22,10,0.0006068820330339471
33,23,1,0.0005157259544189228
33,23,2,0.0005150229967523927
33,23,3,0.0005150553133812053
33,23,4,0.000577116965583316
33,23,5,0.0005152779092908324
33,23,6,0.0006153059814402457
33,23,7,0.0005150358039703814
33,23,8,0.0005464726180532404
33,23,9,0.0005150283515641857
33,23,10,0.0006064282418977481
33,24,1,0.0005157872125226891
33,24,2,0.0005150231024703473
33,24,3,0.0005150553105836727
33,24,4,0.0005777567887921347
33,24,5,0.000515278841656699
33,24,6,0.0006159733350851791
33,24,7,0.0005150362858817977
33,24,8,0.0005468177575586687
33,24,9,0.0005150287374200585
33,24,10,0.0006069419208033507
34,1,1,0.00046458800509380146
34,1,2,0.0020551076158644107
34,1,3,0.00046445180833285676
34,1,4,0.00011657892377894542
34,1,5,3.871180554047509e-5
34,1,6,0.00011102778863871201
34,1,7,0.0020551098538216443
34,1,8,0.0004789133791390136
34,1,9,0.0004644424182747544
34,1,10,0.0005222674021732771
34,2,1,3.362994678657484e-6
34,2,2,0.00046444032173574877
34,2,3,9.479564672947547e-6
34,2,4,9.79652869594943e-5
34,2,5,9.490749051132865e-5
34,2,6,0.0001823352329838731
34,2,7,2.830816541292973e-5
34,2,8,3.068044723951514e-5
34,2,9,0.001137123504459711
34,2,10,0.00010087743979870771
34,3,1,0.00046458803606158296
34,3,2,4.887871224696171e-5
34,3,3,0.0004644518124194928
34,3,4,0.0004991323750008027
34,3,5,0.0001085138950171413
34,3,6,0.00018435113178530624
34,3,7,3.570067458946683e-5
34,3,8,3.0874942395654395e-5
34,3,9,0.00046444273209421654
34,3,10,0.0005227031802141732
34,4,1,0.00046458804634577264
34,4,2,0.00010951445580356245
34,4,3,3.940164980167464e-5
34,4,4,0.00011621333482360589
34,4,5,0.00016862807373089854
34,4,6,0.0002119943550123415
34,4,7,0.0004644452760557105
34,4,8,0.00011671747130114418
34,4,9,0.00046444297393808363
34,4,10,0.00012142918568439556
34,5,1,2.176315541152377e-5
34,5,2,0.00010196829814263079
34,5,3,3.492625792374629e-5
34,5,4,0.00011536175509366813
34,5,5,0.0001588303903078433
34,5,6,0.00022035720965769734
34,5,7,0.00046444527393529027
34,5,8,0.00011209286240809348
34,5,9,0.0001573591426305231
34,5,10,0.0005230034765879732
34,6,1,0.00046458808403207887
34,6,2,0.00046443975163873604
34,6,3,7.212361236261821e-5
34,6,4,0.0004991551743046825
34,6,5,0.00022679685669847833
34,6,6,0.00023485365941403714
34,6,7,0.0002932349788351797
34,6,8,0.0004790756876150131
34,6,9,0.00022892147612327138
34,6,10,0.0005230300998342059
34,7,1,6.050939351082016e-5
34,7,2,0.0004644404939813825
34,7,3,0.0004644518235409362
34,7,4,0.0004991741017229282
34,7,5,0.000241761987247881
34,7,6,0.0005309632582838013
34,7,7,0.00046444555772143904
34,7,8,0.00016022578779729951
34,7,9,0.00046444277498776566
34,7,10,0.0005270755960826003
34,8,1,5.3710412169538326e-5
34,8,2,0.00023423398825480872
34,8,3,0.0004644518261838595
34,8,4,0.0004991860473584896
34,8,5,0.00022759324396186826
34,8,6,0.0005047882593778491
34,8,7,0.00029416260760986286
34,8,8,0.00047907641805941347
34,8,9,0.00046444277443000463
34,8,10,0.00014137262676856602
34,9,1,0.0004645881346256491
34,9,2,0.00022678849655036136
34,9,3,0.00046445181822552325
34,9,4,0.00013350081686858852
34,9,5,0.00021995516654460946
34,9,6,0.0005309049292643444
34,9,7,0.00028630020152461846
34,9,8,0.00047570454270778434
34,9,9,0.00022224282496796584
34,9,10,0.000522874439671336
34,10,1,0.00046458814093528345
34,10,2,0.00022667029885355795
34,10,3,0.00046445180761379653
34,10,4,0.0004992228974610174
34,10,5,0.00021993349874347023
34,10,6,0.00028711041059443945
34,10,7,0.0002862333787237573
34,10,8,0.00015216456448410113
34,10,9,0.00022211710485931833
34,10,10,0.00013858589440443706
34,11,1,0.00046458797481038305
34,11,2,0.00022105477684524025
34,11,3,6.519408063402189e-5
34,11,4,0.0004991686204831979
34,11,5,0.00021393889595155573
34,11,6,0.0005309039600186539
34,11,7,0.0002799151102555501
34,11,8,0.00015338357185597516
34,11,9,0.00021646542553188964
34,11,10,0.0001424658287994723
34,12,1,6.235987035329023e-5
34,12,2,0.0004644396336282045
34,12,3,8.258289488053593e-5
34,12,4,0.0004991664104583476
34,12,5,0.0002476223712984902
34,12,6,0.00023553057341768352
34,12,7,0.0003140780662289997
34,12,8,0.00018593782042680817
34,12,9,0.00024728747140614075
34,12,10,0.00015409194739790763
34,13,1,6.37844050130616e-5
34,13,2,0.0004644396341606327
34,13,3,8.421227674366031e-5
34,13,4,0.0004991688410101638
34,13,5,0.000250787546109928
34,13,6,0.0005309712943742769
34,13,7,0.00046444415324664893
34,13,8,0.0001702895039364647
34,13,9,0.0002500993708696809
34,13,10,0.00015516842607825828
34,14,1,0.0004645879868681833
34,14,2,0.00037070602065611484
34,14,3,8.044138231466467e-5
34,14,4,0.0004991635002241577
34,14,5,0.0002420058834571986
34,14,6,0.00021809309138116225
34,14,7,0.00030975511887123533
34,14,8,0.00015997274335283174
34,14,9,0.00024356111138158077
34,14,10,0.0002194203621692598
34,15,1,6.255611211065862e-5
34,15,2,0.0004644405333779816
34,15,3,8.28252586363723e-5
34,15,4,0.0001391785732453377
34,15,5,0.00046453800279554604
34,15,6,0.0005309661785336446
34,15,7,0.0003147575252128113
34,15,8,0.0001687517791726533
34,15,9,0.00024769224007916
34,15,10,0.0005344530114511113
34,16,1,0.0004645879911649041
34,16,2,0.0003709964115108915
34,16,3,8.056238705141101e-5
34,16,4,0.00013817110246653277
34,16,5,0.0002424507258769598
34,16,6,0.00023956836368504194
34,16,7,0.00031019239857724644
34,16,8,0.00016577502592187102
34,16,9,0.00024376224765106026
34,16,10,0.00018094090253285624
34,17,1,0.0004645879769316125
34,17,2,0.00037497580571123915
34,17,3,8.241073383300987e-5
34,17,4,0.000499148374597562
34,17,5,0.0002456437549946267
34,17,6,0.0002631611206625811
34,17,7,0.0004644452716961424
34,17,8,0.000488652719012666
34,17,9,0.00024695745166783433
34,17,10,0.0005229669851908221
34,18,1,6.259560483760052e-5
34,18,2,0.0004644405360641314
34,18,3,8.289761636386262e-5
34,18,4,0.0001367594114429402
34,18,5,0.00024638803611774936
34,18,6,0.0002758482885618424
34,18,7,0.00031471827331777983
34,18,8,0.00017281015232995878
34,18,9,0.0002477911739882392
34,18,10,0.0001781587896388478
34,19,1,0.00010493532202516563
34,19,2,0.00046444053553976883
34,19,3,0.0006959364847700088
34,19,4,0.00018564529407644117
34,19,5,0.00032534984481406
34,19,6,0.0005309205054805394
34,19,7,0.0004644452634498504
34,19,8,0.00047919331711309673
34,19,9,0.0004644427628344092
34,19,10,0.000523054620827376
34,20,1,0.0004645879796111302
34,20,2,0.0004669905549808809
34,20,3,0.0006898693862139499
34,20,4,0.0001814592487992363
34,20,5,0.00041820035731662293
34,20,6,0.0002604786569124576
34,20,7,0.00046444416003166636
34,20,8,0.0006160404933733968
34,20,9,0.0003221919395276571
34,20,10,0.0002022510300888954
34,21,1,0.00010035344248147311
34,21,2,0.0004644396368465481
34,21,3,0.0004644534342008443
34,21,4,0.0004992995709519638
34,21,5,0.00046453827346783693
34,21,6,0.0005310622386060402
34,21,7,0.00039416574017889054
34,21,8,0.00047918405088949787
34,21,9,0.0003183837628248901
34,21,10,0.0005230290850126513
34,22,1,0.00010517033129540911
34,22,2,0.0004725073136672839
34,22,3,0.0006964518652139128
34,22,4,0.00027257174795321183
34,22,5,0.00042345605370539203
34,22,6,0.00028868414466239213
34,22,7,0.000464445323077237
34,22,8,0.0006152350657187742
34,22,9,0.00046444277343213455
34,22,10,0.00022055860050049635
34,23,1,0.0010905869127685501
34,23,2,0.0005091371107987058
34,23,3,0.00046445345961930603
34,23,4,0.0004993103146575801
34,23,5,0.0004645384177112684
34,23,6,0.0005310446717014851
34,23,7,0.00046444532296162014
34,23,8,0.00047638377689937305
34,23,9,0.0003582116089002775
34,23,10,0.0005228713936546884
34,24,1,0.00046473591949696406
34,24,2,0.0008059606688251652
34,24,3,0.0008058581281617622
34,24,4,0.0004997109735116746
34,24,5,0.0007311574347623079
34,24,6,0.0005315277643917506
34,24,7,0.0004644455137543915
34,24,8,0.00047938927005990325
34,24,9,0.00046444295743542475
34,24,10,0.0005003927269756746
35,1,1,7.738680402698978e-5
35,1,2,7.700404650808972e-5
35,1,3,7.703479697961656e-5
35,1,4,0.00015223276511709626
35,1,5,7.726152216392067e-5
35,1,6,0.00020167019672905035
35,1,7,7.701199637119022e-5
35,1,8,0.00011180675672478119
35,1,9,7.700990447580069e-5
35,1,10,0.00018844545375273417
35,2,1,7.739031686674374e-5
35,2,2,7.700459133891988e-5
35,2,3,7.703513532701798e-5
35,2,4,0.00015170746070463447
35,2,5,7.725944602236405e-5
35,2,6,0.00020061561515293178
35,2,7,7.701740848678298e-5
35,2,8,0.00011217352785762183
35,2,9,7.701028760319503e-5
35,2,10,0.00019007847903507055
35,3,1,7.738672744577206e-5
35,3,2,7.700471163881745e-5
35,3,3,7.703479550326582e-5
35,3,4,0.00015122131576909934
35,3,5,7.72593889774125e-5
35,3,6,0.0002006825513297079
35,3,7,7.701740691306036e-5
35,3,8,0.00011216825318651791
35,3,9,7.7010662382862e-5
35,3,10,0.00018896832065214367
35,4,1,7.738671137075198e-5
35,4,2,7.700481228569512e-5
35,4,3,7.703508842183235e-5
35,4,4,0.00015172319583460936
35,4,5,7.725911572429275e-5
35,4,6,0.0002006473415720017
35,4,7,7.701823910461932e-5
35,4,8,0.000112292843789127
35,4,9,7.701074590332763e-5
35,4,10,0.00019011272374053044
35,5,1,7.738959821843547e-5
35,5,2,7.700481680934408e-5
35,5,3,7.703509432311823e-5
35,5,4,0.00015174539272284172
35,5,5,7.725916545673146e-5
35,5,6,0.00020078055940465483
35,5,7,7.701823750926784e-5
35,5,8,0.00011229120375865769
35,5,9,7.70108114566403e-5
35,5,10,0.00018914124731360401
35,6,1,7.738671852690016e-5
35,6,2,7.7005001793014e-5
35,6,3,7.703505192790436e-5
35,6,4,0.0001511957833730724
35,6,5,7.725897476144522e-5
35,6,6,0.00020075183346402877
35,6,7,7.701828440068508e-5
35,6,8,0.00011207591685800694
35,6,9,7.701079746115611e-5
35,6,10,0.00018916468536434676
35,7,1,7.738914047199157e-5
35,7,2,7.70050004235173e-5
35,7,3,7.70348002893998e-5
35,7,4,0.0001512133383233109
35,7,5,7.725897400543087e-5
35,7,6,0.00020026195006227793
35,7,7,7.70182325260282e-5
35,7,8,0.00011225107546893883
35,7,9,7.701074981416784e-5
35,7,10,0.00018909373301019016
35,8,1,7.738921385735073e-5
35,8,2,7.700502840414522e-5
35,8,3,7.70348003951694e-5
35,8,4,0.0001510992212728404
35,8,5,7.725904570895579e-5
35,8,6,0.0002004051807569724
35,8,7,7.701828549109572e-5
35,8,8,0.00011206975808906216
35,8,9,7.701074763067966e-5
35,8,10,0.00019009190177517264
35,9,1,7.738672014757035e-5
35,9,2,7.700502914964479e-5
35,9,3,7.703479869294072e-5
35,9,4,0.00015164368384656824
35,9,5,7.725907269615064e-5
35,9,6,0.0002002956382594021
35,9,7,7.701828966214053e-5
35,9,8,0.0001121480769155827
35,9,9,7.701079718487749e-5
35,9,10,0.00018917505912396959
35,10,1,7.738672439401415e-5
35,10,2,7.700503367619955e-5
35,10,3,7.703479844044502e-5
35,10,4,0.00015112989238861543
35,10,5,7.725911576827692e-5
35,10,6,0.0002009646229579789
35,10,7,7.701828613080964e-5
35,10,8,0.00011226883444999223
35,10,9,7.701079822911212e-5
35,10,10,0.00019005276908339174
35,11,1,7.738675723197895e-5
35,11,2,7.700503375888096e-5
35,11,3,7.703504898460829e-5
35,11,4,0.00015114673793699784
35,11,5,7.72591148974805e-5
35,11,6,0.00020043777108294772
35,11,7,7.70182928638729e-5
35,11,8,0.00011227796654978343
35,11,9,7.701079879328103e-5
35,11,10,0.00019016216055639407
35,12,1,7.738914422892873e-5
35,12,2,7.700510732104528e-5
35,12,3,7.70350411302365e-5
35,12,4,0.00015113933723739998
35,12,5,7.725904038520062e-5
35,12,6,0.00020106070403580982
35,12,7,7.701828061914203e-5
35,12,8,0.00011224295880327935
35,12,9,7.701079561242025e-5
35,12,10,0.0001901430296143086
35,13,1,7.738910367494939e-5
35,13,2,7.700510724952045e-5
35,13,3,7.703504162562506e-5
35,13,4,0.00015114518949349467
35,13,5,7.725902700731448e-5
35,13,6,0.00020049406307824443
35,13,7,7.701824027914542e-5
35,13,8,0.0001122517665843897
35,13,9,7.701079382330875e-5
35,13,10,0.0001900329431487742
35,14,1,7.738671998123974e-5
35,14,2,7.700511502358721e-5
35,14,3,7.703504189958445e-5
35,14,4,0.00015113777993359267
35,14,5,7.725921108848195e-5
35,14,6,0.0002011668632459445
35,14,7,7.701828834945208e-5
35,14,8,0.00011224930834487906
35,14,9,7.701079509787603e-5
35,14,10,0.00019002841662572957
35,15,1,7.73891103807368e-5
35,15,2,7.700510560262337e-5
35,15,3,7.703504203968401e-5
35,15,4,0.00015164583966055463
35,15,5,7.725852165563377e-5
35,15,6,0.00020051269888820517
35,15,7,7.701828383113187e-5
35,15,8,0.00011224004927140088
35,15,9,7.701079525095109e-5
35,15,10,0.00018936621422433264
35,16,1,7.738671767986083e-5
35,16,2,7.70051160595575e-5
35,16,3,7.703504532984602e-5
35,16,4,0.00015164291148244959
35,16,5,7.725928683315843e-5
35,16,6,0.00020110549194758383
35,16,7,7.701828571478657e-5
35,16,8,0.00011224358146037624
35,16,9,7.701079572941774e-5
35,16,10,0.0001900809624055705
35,17,1,7.738674475062832e-5
35,17,2,7.700511729128394e-5
35,17,3,7.703504608198222e-5
35,17,4,0.00015116566984719364
35,17,5,7.725928104357955e-5
35,17,6,0.00020104401141761937
35,17,7,7.701823868634476e-5
35,17,8,0.0001120904103440154
35,17,9,7.70107962854927e-5
35,17,10,0.00018922338013508636
35,18,1,7.738912028348916e-5
35,18,2,7.700510872141734e-5
35,18,3,7.703504855065273e-5
35,18,4,0.0001516617239856944
35,18,5,7.725929279360016e-5
35,18,6,0.0002012228003021493
35,18,7,7.701828628650798e-5
35,18,8,0.00011224667989925057
35,18,9,7.701079725806969e-5
35,18,10,0.00019011950245002341
35,19,1,7.738877131142604e-5
35,19,2,7.70051116848829e-5
35,19,3,7.703869175738617e-5
35,19,4,0.00015158310548886615
35,19,5,7.725904702849308e-5
35,19,6,0.00020056104665655975
35,19,7,7.701824136783864e-5
35,19,8,0.00011250574189632684
35,19,9,7.70107508297035e-5
35,19,10,0.00018942374893555946
35,20,1,7.738674340750951e-5
35,20,2,7.70051175972837e-5
35,20,3,7.703870972771177e-5
35,20,4,0.00015159495356957257
35,20,5,7.725961682867666e-5
35,20,6,0.00020110195368399495
35,20,7,7.701824548002232e-5
35,20,8,0.00011246591640586141
35,20,9,7.701078483807173e-5
35,20,10,0.0001901484497419477
35,21,1,7.738876777830258e-5
35,21,2,7.700511550418369e-5
35,21,3,7.703880125897981e-5
35,21,4,0.00015139423846053128
35,21,5,7.725943920102113e-5
35,21,6,0.00020059990759819488
35,21,7,7.701827111035124e-5
35,21,8,0.00011251015304304547
35,21,9,7.701078657396222e-5
35,21,10,0.00018945648240346216
35,22,1,7.73887311757809e-5
35,22,2,7.700511664040606e-5
35,22,3,7.703873206690482e-5
35,22,4,0.0001518055484897124
35,22,5,7.725969054475682e-5
35,22,6,0.00020120451364172368
35,22,7,7.701834629429879e-5
35,22,8,0.00011247367258801997
35,22,9,7.70107569074047e-5
35,22,10,0.000190144429707535
35,23,1,7.770734909734612e-5
35,23,2,7.700511373417801e-5
35,23,3,7.703881424730726e-5
35,23,4,0.00015150261202607698
35,23,5,7.725952926258837e-5
35,23,6,0.00020068747595049124
35,23,7,7.701835293612038e-5
35,23,8,0.00011252300730017107
35,23,9,7.701078055154176e-5
35,23,10,0.000189445216437061
35,24,1,7.776718368624211e-5
35,24,2,7.700543898267385e-5
35,24,3,7.703882020470189e-5
35,24,4,0.00015231443722344147
35,24,5,7.726045579407402e-5
35,24,6,0.00020151041026974305
35,24,7,7.701885183620574e-5
35,24,8,0.00011293861045618843
35,24,9,7.701118582310611e-5
35,24,10,0.00019008938247755253
36,1,1,0.0002581944372457232
36,1,2,0.0002578149513181129
36,1,3,0.0002578443979748441
36,1,4,0.00032274052685220484
36,1,5,0.00025807011488297347
36,1,6,0.00036445685379478675
36,1,7,0.00025782269726712566
36,1,8,0.00028912994291851747
36,1,9,0.0002578204868406113
36,1,10,0.0003531875427772108
36,2,1,0.00025819772263900316
36,2,2,0.0002578154988758716
36,2,3,0.00025784471835366347
36,2,4,0.00032236345202738296
36,2,5,0.0002580681988592853
36,2,6,0.00036366093682205724
36,2,7,0.00025782780673878826
36,2,8,0.00028944152313122734
36,2,9,0.00025782084969806844
36,2,10,0.0003545473817627247
36,3,1,0.0002581941529828783
36,3,2,0.0002578156219155808
36,3,3,0.0002578443848272715
36,3,4,0.0003219000106197003
36,3,5,0.0002580681434015596
36,3,6,0.00036371632124090956
36,3,7,0.0002578278050207445
36,3,8,0.0002894052493500887
36,3,9,0.00025782119576122427
36,3,10,0.0003535063716990454
36,4,1,0.00025819414148791015
36,4,2,0.00025781572053344036
36,4,3,0.00025784467266485304
36,4,4,0.0003223722887175176
36,4,5,0.0002580678642400204
36,4,6,0.000363572757850236
36,4,7,0.00025782858349874654
36,4,8,0.00028951271751758307
36,4,9,0.00025782128399116564
36,4,10,0.0003544681586201515
36,5,1,0.0002581970082944023
36,5,2,0.00025781572026282394
36,5,3,0.00025784466663433293
36,5,4,0.0003223925632649504
36,5,5,0.0002580677923072479
36,5,6,0.00036368147113321716
36,5,7,0.0002578285828583905
36,5,8,0.00028951180869815965
36,5,9,0.0002578213384366246
36,5,10,0.0003536506488819211
36,6,1,0.0002581941642026855
36,6,2,0.0002578158988945655
36,6,3,0.0002578446259013041
36,6,4,0.0003218741801397909
36,6,5,0.00025806773144089684
36,6,6,0.0003636559509668898
36,6,7,0.0002578286270471162
36,6,8,0.0002893312405483855
36,6,9,0.0002578213249725501
36,6,10,0.0003536713809243521
36,7,1,0.0002581965615148299
36,7,2,0.0002578158976609036
36,7,3,0.00025784438951348507
36,7,4,0.00032188934451497146
36,7,5,0.00025806760922910933
36,7,6,0.0003632394616216144
36,7,7,0.0002578285785025818
36,7,8,0.0002894783199913754
36,7,9,0.00025782128073363185
36,7,10,0.00035360976889181806
36,8,1,0.0002581966365333172
36,8,2,0.00025781592462186377
36,8,3,0.0002578443895123964
36,8,4,0.0003217833384850138
36,8,5,0.00025806768346907925
36,8,6,0.00036336022506152694
36,8,7,0.0002578286283501202
36,8,8,0.000289326868551488
36,8,9,0.0002578212788336902
36,8,10,0.00035444747439667416
36,9,1,0.0002581941855226784
36,9,2,0.000257815925534491
36,9,3,0.00025784438793995335
36,9,4,0.00032222858809473635
36,9,5,0.0002580677143351984
36,9,6,0.0003632667484106978
36,9,7,0.00025782863239596045
36,9,8,0.00028939389616854333
36,9,9,0.00025782132518524547
36,9,10,0.00035367873801144944
36,10,1,0.00025819419324726444
36,10,2,0.0002578159303813919
36,10,3,0.00025784438762358126
36,10,4,0.0003218075625268913
36,10,5,0.00025806775815135757
36,10,6,0.0003638304137805689
36,10,7,0.00025782862929512224
36,10,8,0.00028949451035782214
36,10,9,0.0002578213261479257
36,10,10,0.0003544152403394819
36,11,1,0.000258194220844433
36,11,2,0.00025781593039952267
36,11,3,0.000257844624467335
36,11,4,0.0003218206211372071
36,11,5,0.00025806775867054203
36,11,6,0.00036338075525149536
36,11,7,0.0002578286355783528
36,11,8,0.00028950255021911796
36,11,9,0.00025782132688555957
36,11,10,0.0003545088042704979
36,12,1,0.0002581965705605186
36,12,2,0.0002578160035764546
36,12,3,0.0002578446157874433
36,12,4,0.0003218144041411137
36,12,5,0.00025806768234137005
36,12,6,0.0003639090449169537
36,12,7,0.00025782862413380463
36,12,8,0.00028947326466115936
36,12,9,0.0002578213235184269
36,12,10,0.0003544937134664591
36,13,1,0.00025819653615288503
36,13,2,0.0002578160035571603
36,13,3,0.00025784461600118406
36,13,4,0.00032181840988321106
36,13,5,0.00025806767280459265
36,13,6,0.000363429668715889
36,13,7,0.00025782858660840994
36,13,8,0.0002894809115740312
36,13,9,0.00025782132203444515
36,13,10,0.00035439981693902075
36,14,1,0.00025819418930581706
36,14,2,0.0002578160106417478
36,14,3,0.0002578446167384291
36,14,4,0.0003218113677718147
36,14,5,0.00025806786139097803
36,14,6,0.00036399943861334133
36,14,7,0.00025782863145668093
36,14,8,0.0002894791679361507
36,14,9,0.0002578213233461561
36,14,10,0.0003543980678867302
36,15,1,0.00025819654736387507
36,15,2,0.0002578160017994464
36,15,3,0.0002578446166771913
36,15,4,0.00032222836976426
36,15,5,0.0002580671877106111
36,15,6,0.0003634458232739179
36,15,7,0.0002578286273385046
36,15,8,0.0002894724810566486
36,15,9,0.0002578213235373409
36,15,10,0.000353844992612937
36,16,1,0.0002581941904308047
36,16,2,0.000257816011918254
36,16,3,0.0002578446198306147
36,16,4,0.0003222266257314672
36,16,5,0.00025806793951090354
36,16,6,0.00036394865490975724
36,16,7,0.00025782862969377703
36,16,8,0.00028947560495611637
36,16,9,0.0002578213240530983
36,16,10,0.0003544468341431244
36,17,1,0.0002581942172724277
36,17,2,0.00025781601325047105
36,17,3,0.0002578446204054053
36,17,4,0.00032183315077785455
36,17,5,0.00025806793795995597
36,17,6,0.0003638971071052333
36,17,7,0.00025782858662116276
36,17,8,0.00028934766315544963
36,17,9,0.0002578213244888894
36,17,10,0.00035372486644855063
36,18,1,0.00025819656514109053
36,18,2,0.00025781600559287627
36,18,3,0.0002578446225230569
36,18,4,0.0003222422418341686
36,18,5,0.0002580679507117516
36,18,6,0.0003640522650105482
36,18,7,0.0002578286306193249
36,18,8,0.000289480805687906
36,18,9,0.0002578213256388776
36,18,10,0.0003544873774682306
36,19,1,0.00025819621815889295
36,19,2,0.000257816008878342
36,19,3,0.0002578481027196909
36,19,4,0.00032217836505332487
36,19,5,0.0002580677083609011
36,19,6,0.0003634945876482585
36,19,7,0.0002578285894913574
36,19,8,0.0002897030605041283
36,19,9,0.00025782128264390035
36,19,10,0.0003539019510783998
36,20,1,0.000258194227512629
36,20,2,0.0002578160145318158
36,20,3,0.0002578481190568801
36,20,4,0.00032218844307340533
36,20,5,0.00025806827217999623
36,20,6,0.00036395225930364454
36,20,7,0.00025782859326670013
36,20,8,0.00028966816704848993
36,20,9,0.0002578213138635726
36,20,10,0.00035451288524591533
36,21,1,0.00025819622704816595
36,21,2,0.00025781601278127486
36,21,3,0.00025784820803559654
36,21,4,0.0003220326442848637
36,21,5,0.0002580681100087813
36,21,6,0.0003635324847182178
36,21,7,0.00025782861616835027
36,21,8,0.0002897112470685705
36,21,9,0.0002578213156824573
36,21,10,0.0003539387502774889
36,22,1,0.0002581961973073981
36,22,2,0.000257816013812772
36,22,3,0.00025784813879560465
36,22,4,0.0003223733431593958
36,22,5,0.00025806834722856054
36,22,6,0.00036405014067464726
36,22,7,0.0002578286861366523
36,22,8,0.00028967841057373606
36,22,9,0.00025782128837351353
36,22,10,0.00035452207946762743
36,23,1,0.0002585117935480534
36,23,2,0.00025781601124944816
36,23,3,0.00025784822140920334
36,23,4,0.00032214355235697645
36,23,5,0.0002580681997919487
36,23,6,0.00036363271502634566
36,23,7,0.00025782869359672946
36,23,8,0.0002897283136014684
36,23,9,0.0002578213104280357
36,23,10,0.00035394998818549073
36,24,1,0.000258571881481247
36,24,2,0.0002578161172305806
36,24,3,0.00025784822227396093
36,24,4,0.0003229267373749851
36,24,5,0.0002580691316279193
36,24,6,0.00036434726029893963
36,24,7,0.00025782917320626086
36,24,8,0.0002900821870667867
36,24,9,0.0002578216951417465
36,24,10,0.00035450206713056676
37,1,1,8.383121433749464e-5
37,1,2,8.345102651952456e-5
37,1,3,8.348147834321323e-5
37,1,4,0.00015734115250389563
37,1,5,8.370668932842664e-5
37,1,6,0.00020609555751333956
37,1,7,8.345889583950078e-5
37,1,8,0.0001176941643204665
37,1,9,8.345682042013902e-5
37,1,10,0.00019313344373257676
37,2,1,8.3834498408006e-5
37,2,2,8.345157729146577e-5
37,2,3,8.348181383587026e-5
37,2,4,0.00015689675809802778
37,2,5,8.370475287253699e-5
37,2,6,0.00020517830408999513
37,2,7,8.346426024574608e-5
37,2,8,0.00011805752479882449
37,2,9,8.345720083807416e-5
37,2,10,0.00019489638354493928
37,3,1,8.383115354582322e-5
37,3,2,8.345169697968065e-5
37,3,3,8.348147773080295e-5
37,3,4,0.00015633846977289564
37,3,5,8.370469707494213e-5
37,3,6,0.00020524277552069775
37,3,7,8.346425828819301e-5
37,3,8,0.00011805342509731475
37,3,9,8.345757124088361e-5
37,3,10,0.00019380850209053921
37,4,1,8.383114103073576e-5
37,4,2,8.345179689277235e-5
37,4,3,8.348176776186878e-5
37,4,4,0.00015691183525593826
37,4,5,8.370442016266202e-5
37,4,6,0.00020521324765918872
37,4,7,8.346508188934857e-5
37,4,8,0.00011817597576086974
37,4,9,8.345765378157214e-5
37,4,10,0.00019477607717150933
37,5,1,8.383402066332309e-5
37,5,2,8.345180167538807e-5
37,5,3,8.348177397895479e-5
37,5,4,0.00015693598899971462
37,5,5,8.370447665726269e-5
37,5,6,0.00020534273013323177
37,5,7,8.346508065512619e-5
37,5,8,0.00011817478273655256
37,5,9,8.345771947536471e-5
37,5,10,0.0001938195221186881
37,6,1,8.383115893951916e-5
37,6,2,8.345198416240767e-5
37,6,3,8.348173176925092e-5
37,6,4,0.00015639843326457317
37,6,5,8.370427641451097e-5
37,6,6,0.00020531472172569316
37,6,7,8.346512713693614e-5
37,6,8,0.00011796267002916263
37,6,9,8.345770572830602e-5
37,6,10,0.00019384431505854385
37,7,1,8.3833572629616e-5
37,7,2,8.34519830157994e-5
37,7,3,8.348148306757578e-5
37,7,4,0.00015641715951870142
37,7,5,8.370428612715329e-5
37,7,6,0.00020483086605535935
37,7,7,8.346507580235312e-5
37,7,8,0.00011813519512473667
37,7,9,8.345765871557325e-5
37,7,10,0.00019377088628109746
37,8,1,8.383364140917594e-5
37,8,2,8.345201068874279e-5
37,8,3,8.34814831415803e-5
37,8,4,0.00015640102774348388
37,8,5,8.370435808940909e-5
37,8,6,0.00020497237348210051
37,8,7,8.346512837284382e-5
37,8,8,0.00011795889893732144
37,8,9,8.345765664689629e-5
37,8,10,0.00019475662769801016
37,9,1,8.383117734824006e-5
37,9,2,8.345201151471881e-5
37,9,3,8.348148156229716e-5
37,9,4,0.0001568297731208246
37,9,5,8.370438667081059e-5
37,9,6,0.00020486793167069937
37,9,7,8.346513281251256e-5
37,9,8,0.00011803725851749506
37,9,9,8.345770557954902e-5
37,9,10,0.00019386112048588842
37,10,1,8.383118460807529e-5
37,10,2,8.345201606888964e-5
37,10,3,8.348148131770712e-5
37,10,4,0.00015632591786364245
37,10,5,8.370442896059045e-5
37,10,6,0.00020552255453517025
37,10,7,8.346512921461394e-5
37,10,8,0.00011815354967446487
37,10,9,8.345770655444443e-5
37,10,10,0.0001947207985619435
37,11,1,8.383119550511384e-5
37,11,2,8.345201617822586e-5
37,11,3,8.348172909202529e-5
37,11,4,0.00015633652064560364
37,11,5,8.37044292393668e-5
37,11,6,0.00020500046316202332
37,11,7,8.346513590786304e-5
37,11,8,0.00011816278701561069
37,11,9,8.345770726276159e-5
37,11,10,0.00019483099302691585
37,12,1,8.383355654622602e-5
37,12,2,8.345208942583787e-5
37,12,3,8.348172146094953e-5
37,12,4,0.0001563344484225387
37,12,5,8.370435277863157e-5
37,12,6,0.00020561679416262056
37,12,7,8.346512379387249e-5
37,12,8,0.00011812884764196667
37,12,9,8.345770386073076e-5
37,12,10,0.0001948130828219038
37,13,1,8.383353182633931e-5
37,13,2,8.345208942075646e-5
37,13,3,8.348172152331338e-5
37,13,4,0.00015633801648055505
37,13,5,8.370434118628528e-5
37,13,6,0.0002050601493639582
37,13,7,8.346508477079814e-5
37,13,8,0.00011813782024943958
37,13,9,8.34577022411973e-5
37,13,10,0.00019470178951691967
37,14,1,8.383116862907745e-5
37,14,2,8.345209658069263e-5
37,14,3,8.348172212525258e-5
37,14,4,0.00015633224766002887
37,14,5,8.370452675277082e-5
37,14,6,0.0002057190996363498
37,14,7,8.346513173965265e-5
37,14,8,0.00011813597096046396
37,14,9,8.345770360758902e-5
37,14,10,0.00019470112928710875
37,15,1,8.383354246529967e-5
37,15,2,8.345208749826281e-5
37,15,3,8.34817222257688e-5
37,15,4,0.00015682648501286748
37,15,5,8.370384376082202e-5
37,15,6,0.0002050819018029618
37,15,7,8.34651270666018e-5
37,15,8,0.00011812666905903556
37,15,9,8.345770377276585e-5
37,15,10,0.0001940628651757107
37,16,1,8.383116715030682e-5
37,16,2,8.345209773370335e-5
37,16,3,8.348172579760868e-5
37,16,4,0.00015682745473338737
37,16,5,8.370459719851515e-5
37,16,6,0.00020566373189224893
37,16,7,8.346512921276264e-5
37,16,8,0.00011812949828155364
37,16,9,8.345770440396124e-5
37,16,10,0.0001947629593604418
37,17,1,8.383118559376542e-5
37,17,2,8.345209908076834e-5
37,17,3,8.348172641336609e-5
37,17,4,0.00015635481552039166
37,17,5,8.370459398171319e-5
37,17,6,0.0002056064037136699
37,17,7,8.346508345200387e-5
37,17,8,0.00011798075474512122
37,17,9,8.345770490381709e-5
37,17,10,0.00019391015482587306
37,18,1,8.383356126038539e-5
37,18,2,8.34520910437006e-5
37,18,3,8.348172937961946e-5
37,18,4,0.0001568426267431787
37,18,5,8.370460813094969e-5
37,18,6,0.00020578563217861325
37,18,7,8.346513007031505e-5
37,18,8,0.00011813667709503356
37,18,9,8.345770606948822e-5
37,18,10,0.00019480739785840588
37,19,1,8.383320201771745e-5
37,19,2,8.34520942162167e-5
37,19,3,8.348533839666284e-5
37,19,4,0.00015676622627117614
37,19,5,8.370437505795428e-5
37,19,6,0.0002051396640246736
37,19,7,8.346508635009446e-5
37,19,8,0.00011839138049509164
37,19,9,8.345766052937314e-5
37,19,10,0.0001941139627681343
37,20,1,8.383120060772477e-5
37,20,2,8.345209983944289e-5
37,20,3,8.348535724338942e-5
37,20,4,0.00015678330433277254
37,20,5,8.37049339485314e-5
37,20,6,0.0002056716955417762
37,20,7,8.346509100363544e-5
37,20,8,0.00011835035558446976
37,20,9,8.345769390675664e-5
37,20,10,0.00019483025567106267
37,21,1,8.383322402239172e-5
37,21,2,8.345209833801998e-5
37,21,3,8.348544950949304e-5
37,21,4,0.00015659199296168142
37,21,5,8.370477077972509e-5
37,21,6,0.00020517438611397225
37,21,7,8.346511541514504e-5
37,21,8,0.00011839853311198612
37,21,9,8.345769592518522e-5
37,21,10,0.00019415464572416518
37,22,1,8.38331971048094e-5
37,22,2,8.345209901471888e-5
37,22,3,8.348538019418057e-5
37,22,4,0.00015700186851653566
37,22,5,8.370501472421464e-5
37,22,6,0.00020578108435745967
37,22,7,8.346518978474662e-5
37,22,8,0.0001183614329298924
37,22,9,8.345766670624978e-5
37,22,10,0.00019484485561284005
37,23,1,8.414975529354159e-5
37,23,2,8.345209654076385e-5
37,23,3,8.348546446212733e-5
37,23,4,0.00015680752711426897
37,23,5,8.370486156873886e-5
37,23,6,0.00020526435106308578
37,23,7,8.346520971922104e-5
37,23,8,0.00011841432565912396
37,23,9,8.345769075080577e-5
37,23,10,0.00019415400622897617
37,24,1,8.420928808664852e-5
37,24,2,8.345220662953863e-5
37,24,3,8.348547206627167e-5
37,24,4,0.00015762244012807548
37,24,5,8.370579628751393e-5
37,24,6,0.00020608262046526425
37,24,7,8.346570496124841e-5
37,24,8,0.00011882079691285101
37,24,9,8.345809380446603e-5
37,24,10,0.00019479258294483623
38,1,1,8.383743024235366e-5
38,1,2,8.345107657429771e-5
38,1,3,8.348212847061937e-5
38,1,4,0.00015819505066086252
38,1,5,8.370966008082288e-5
38,1,6,0.00020753676707851757
38,1,7,8.345898723414141e-5
38,1,8,0.00011829470453648273
38,1,9,8.345707330450992e-5
38,1,10,0.000194934026345818
38,2,1,8.383955628100364e-5
38,2,2,8.345173930778216e-5
38,2,3,8.348234635537709e-5
38,2,4,0.00015790983785875354
38,2,5,8.370839107853785e-5
38,2,6,0.00020685361230718874
38,2,7,8.346457486192611e-5
38,2,8,0.00011853187936114019
38,2,9,8.345732100997138e-5
38,2,10,0.000196198591400741
38,3,1,8.38373510201041e-5
38,3,2,8.34518172170987e-5
38,3,3,8.348212654939558e-5
38,3,4,0.00015757847742312666
38,3,5,8.370836288491986e-5
38,3,6,0.0002069212062732705
38,3,7,8.346457562277653e-5
38,3,8,0.00011853413853577018
38,3,9,8.345783489622047e-5
38,3,10,0.00019534893770884108
38,4,1,8.383710952089821e-5
38,4,2,8.345194370427197e-5
38,4,3,8.348231576780382e-5
38,4,4,0.00015784199922391342
38,4,5,8.370821357748548e-5
38,4,6,0.00020691561827666455
38,4,7,8.346545754795439e-5
38,4,8,0.00011869797421632754
38,4,9,8.345792300346035e-5
38,4,10,0.0001961541871773063
38,5,1,8.383897316868918e-5
38,5,2,8.345194172905792e-5
38,5,3,8.348230741544543e-5
38,5,4,0.0001578668942170565
38,5,5,8.370807837851778e-5
38,5,6,0.00020691713601414394
38,5,7,8.34654558714054e-5
38,5,8,0.00011866053195663158
38,5,9,8.345796219271656e-5
38,5,10,0.00019552787790118263
38,6,1,8.383711055832258e-5
38,6,2,8.345214637802958e-5
38,6,3,8.348228038656203e-5
38,6,4,0.0001574495497295119
38,6,5,8.370806422068345e-5
38,6,6,0.0002069342266743056
38,6,7,8.3465486883708e-5
38,6,8,0.00011852652096021744
38,6,9,8.345794508248427e-5
38,6,10,0.00019554645761593302
38,7,1,8.383868830775745e-5
38,7,2,8.345214538604665e-5
38,7,3,8.348211892272959e-5
38,7,4,0.00015747013760724441
38,7,5,8.3708035816308e-5
38,7,6,0.0002066725461453628
38,7,7,8.346545584878965e-5
38,7,8,0.00011863695867626962
38,7,9,8.345791448920628e-5
38,7,10,0.0001955561631882627
38,8,1,8.383874267418302e-5
38,8,2,8.345216350477936e-5
38,8,3,8.348211890544036e-5
38,8,4,0.00015746908225474878
38,8,5,8.370809126885053e-5
38,8,6,0.00020677540386653933
38,8,7,8.346548695157619e-5
38,8,8,0.00011852015003683701
38,8,9,8.345791296403935e-5
38,8,10,0.0001961564792022745
38,9,1,8.383711538887791e-5
38,9,2,8.345216365475739e-5
38,9,3,8.348211732531816e-5
38,9,4,0.0001578192441074095
38,9,5,8.37081099260391e-5
38,9,6,0.00020670422406619652
38,9,7,8.346549068039742e-5
38,9,8,0.0001185889473939497
38,9,9,8.34579445661502e-5
38,9,10,0.00019556385685522355
38,10,1,8.38371234056205e-5
38,10,2,8.345216705989738e-5
38,10,3,8.348211772143445e-5
38,10,4,0.00015749296266714063
38,10,5,8.370814263142661e-5
38,10,6,0.0002071118108909935
38,10,7,8.346548696796884e-5
38,10,8,0.00011864397473243918
38,10,9,8.345794570497063e-5
38,10,10,0.00019613042201295288
38,11,1,8.383716399958177e-5
38,11,2,8.345216627698055e-5
38,11,3,8.348228160885776e-5
38,11,4,0.0001575127380016753
38,11,5,8.370814877055796e-5
38,11,6,0.00020685031357464253
38,11,7,8.346549128680212e-5
38,11,8,0.00011865779964645425
38,11,9,8.345794629160342e-5
38,11,10,0.00019619745802142881
38,12,1,8.383870775154306e-5
38,12,2,8.345225127773878e-5
38,12,3,8.348227373440878e-5
38,12,4,0.00015750386544094737
38,12,5,8.3708081616838e-5
38,12,6,0.00020726647664177328
38,12,7,8.346548423178562e-5
38,12,8,0.00011862881698963
38,12,9,8.345794460023279e-5
38,12,10,0.00019619867697911165
38,13,1,8.383867387732989e-5
38,13,2,8.345225115357411e-5
38,13,3,8.348227400523961e-5
38,13,4,0.00015750865335945662
38,13,5,8.370807827969176e-5
38,13,6,0.00020690916300443826
38,13,7,8.346545600456381e-5
38,13,8,0.00011863504690914018
38,13,9,8.345794312144956e-5
38,13,10,0.00019613240628766322
38,14,1,8.383711885537006e-5
38,14,2,8.345225705745396e-5
38,14,3,8.348227367071421e-5
38,14,4,0.000157499666509121
38,14,5,8.370826135884408e-5
38,14,6,0.000207347495424914
38,14,7,8.346548989614407e-5
38,14,8,0.00011862838670345148
38,14,9,8.345794387980981e-5
38,14,10,0.00019614352519705636
38,15,1,8.383866671021216e-5
38,15,2,8.345225120469847e-5
38,15,3,8.34822737485375e-5
38,15,4,0.00015782529681247648
38,15,5,8.370784110452116e-5
38,15,6,0.00020692467498203566
38,15,7,8.346548893915673e-5
38,15,8,0.00011862719905695789
38,15,9,8.345794392116333e-5
38,15,10,0.00019562041687749552
38,16,1,8.383711752029652e-5
38,16,2,8.34522581168879e-5
38,16,3,8.348227650324921e-5
38,16,4,0.00015781921237074817
38,16,5,8.370834593443617e-5
38,16,6,0.00020730309047411186
38,16,7,8.346548776755328e-5
38,16,8,0.00011862836433793725
38,16,9,8.345794410019392e-5
38,16,10,0.00019615823138850857
38,17,1,8.3837132327655e-5
38,17,2,8.345225869218668e-5
38,17,3,8.348227631011412e-5
38,17,4,0.00015752295612720803
38,17,5,8.370834386587411e-5
38,17,6,0.0002072620146182844
38,17,7,8.346545708685653e-5
38,17,8,0.00011853023937559754
38,17,9,8.345794446209962e-5
38,17,10,0.0001955982645968098
38,18,1,8.383866382757575e-5
38,18,2,8.345225399480338e-5
38,18,3,8.348227768033821e-5
38,18,4,0.000157832322397136
38,18,5,8.370834996510176e-5
38,18,6,0.00020736370470387998
38,18,7,8.346548808406351e-5
38,18,8,0.00011862397764854755
38,18,9,8.345794486668596e-5
38,18,10,0.00019617112632846635
38,19,1,8.383843856947744e-5
38,19,2,8.345225690668099e-5
38,19,3,8.348606967026261e-5
38,19,4,0.00015778719242643633
38,19,5,8.370816363267419e-5
38,19,6,0.00020695840897887516
38,19,7,8.346545931056429e-5
38,19,8,0.00011895355380166278
38,19,9,8.345791491098132e-5
38,19,10,0.00019579231042666235
38,20,1,8.383711636026293e-5
38,20,2,8.345226097893569e-5
38,20,3,8.348607780757845e-5
38,20,4,0.00015779795288609516
38,20,5,8.370886249022969e-5
38,20,6,0.00020729786547223812
38,20,7,8.346545886802588e-5
38,20,8,0.00011893096917601417
38,20,9,8.345793721465714e-5
38,20,10,0.00019626656154499934
38,21,1,8.383841670667656e-5
38,21,2,8.345225845573467e-5
38,21,3,8.348614348479999e-5
38,21,4,0.000157742114702575
38,21,5,8.370875076557966e-5
38,21,6,0.00020698816380849633
38,21,7,8.346547866486328e-5
38,21,8,0.00011895250632574753
38,21,9,8.345793913653207e-5
38,21,10,0.00019581694552020138
38,22,1,8.383838643935683e-5
38,22,2,8.345226074952859e-5
38,22,3,8.348610237097599e-5
38,22,4,0.0001580428057717022
38,22,5,8.370893855387591e-5
38,22,6,0.0002074037837984318
38,22,7,8.346556360650951e-5
38,22,8,0.00011893417805727668
38,22,9,8.345792001691432e-5
38,22,10,0.00019626061673570834
38,23,1,8.416159051701416e-5
38,23,2,8.345225868677927e-5
38,23,3,8.34861539999199e-5
38,23,4,0.00015784494775211258
38,23,5,8.370882730520994e-5
38,23,6,0.00020707219597988432
38,23,7,8.346556999445134e-5
38,23,8,0.00011895735744470082
38,23,9,8.345793481262334e-5
38,23,10,0.0001957986296477495
38,24,1,8.422071554191007e-5
38,24,2,8.345238113533605e-5
38,24,3,8.348620038142568e-5
38,24,4,0.00015865352368638245
38,24,5,8.370995953535787e-5
38,24,6,0.00020789000336036224
38,24,7,8.346607139907693e-5
38,24,8,0.00011937767266928203
38,24,9,8.345834945826991e-5
38,24,10,0.00019638588807569242
39,1,1,0.0007011164240736054
39,1,2,0.0016223997296842365
39,1,3,0.0007009771110692032
39,1,4,6.689672280921995e-5
39,1,5,1.8318903473144574e-6
39,1,6,9.450210040859058e-5
39,1,7,0.001622401929927112
39,1,8,0.000715589316624301
39,1,9,0.0007009675175430207
39,1,10,0.0007577743389727098
39,2,1,4.48813806658514e-5
39,2,2,0.0007009653844213192
39,2,3,6.343960447227513e-5
39,2,4,0.00019060205464911702
39,2,5,0.0002141900166421617
39,2,6,0.000306358022921324
39,2,7,0.00010423434282758383
39,2,8,5.221279988999937e-5
39,2,9,0.0008260854038771985
39,2,10,0.0001545197840869597
39,3,1,0.0007011164366415288
39,3,2,4.419965582025683e-6
39,3,3,0.0007009771139252661
39,3,4,0.0007354672080107912
39,3,5,0.00023444203986942296
39,3,6,0.0003094812126765895
39,3,7,0.00011804168258979465
39,3,8,6.40350750388148e-5
39,3,9,0.0007009678368548207
39,3,10,0.000758157432029867
39,4,1,0.0007011164513947197
39,4,2,0.00023595675292218974
39,4,3,0.00012469743761033705
39,4,4,0.00022344691723230067
39,4,5,0.0003198933273001828
39,4,6,0.00035150697417188153
39,4,7,0.0007009695847874274
39,4,8,0.00023917880184052014
39,4,9,0.0007009680702160005
39,4,10,0.0002050663494831126
39,5,1,9.112652746972348e-5
39,5,2,0.00022479834013768013
39,5,3,0.00011662124619242457
39,5,4,0.00022196073770623965
39,5,5,0.0003063156909603476
39,5,6,0.0003698980276434344
39,5,7,0.0007009704717281783
39,5,8,0.0002326779895831812
39,5,9,0.00030429753938527384
39,5,10,0.0007583402648309284
39,6,1,0.0007011162876944908
39,6,2,0.0007009648831143879
39,6,3,0.00017916370781823047
39,6,4,0.000735494717489584
39,6,5,0.0003985837527107804
39,6,6,0.0003844334198418291
39,6,7,0.00048554107919458105
39,6,8,0.0007157180725721992
39,6,9,0.00040143485656650077
39,6,10,0.0007583687166342717
39,7,1,0.0001604560681671396
39,7,2,0.0007009657281946924
39,7,3,0.0007009771105317215
39,7,4,0.0007354398869992214
39,7,5,0.00041839669260149083
39,7,6,0.0007659480237916833
39,7,7,0.0007009707537951768
39,7,8,0.0003025643957477659
39,7,9,0.0007009678703193714
39,7,10,0.0007624001869259245
39,8,1,0.000149234469179712
39,8,2,0.0004084781852929758
39,8,3,0.000700977114047983
39,8,4,0.000737492608512505
39,8,5,0.00039964223713227667
39,8,6,0.0007413667611806718
39,8,7,0.0004867385188014127
39,8,8,0.000715722467242014
39,8,9,0.0007009681598691976
39,8,10,0.0002499334684912034
39,9,1,0.0007011163604742347
39,9,2,0.000398602627202121
39,9,3,0.0007009771064919203
39,9,4,0.00025174929301685975
39,9,5,0.0003894742131979442
39,9,6,0.0007658912285299511
39,9,7,0.0004765833940928647
39,9,8,0.0007155354972341545
39,9,9,0.000392552783734979
39,9,10,0.00075834238278303
39,10,1,0.0007011163754915026
39,10,2,0.0003984447030754007
39,10,3,0.0007009771100673471
39,10,4,0.000735503513450687
39,10,5,0.00038944677742119334
39,10,6,0.00037839525678169965
39,10,7,0.00047649511244696175
39,10,8,0.00029167951806104554
39,10,9,0.0003923852606862388
39,10,10,0.00023891485063965277
39,11,1,0.0007011164030679619
39,11,2,0.0003909709312784821
39,11,3,0.00016812257197197894
39,11,4,0.0007355177458280575
39,11,5,0.0003814351124875424
39,11,6,0.0007660282658414705
39,11,7,0.00046831123136501125
39,11,8,0.000310074338793909
39,11,9,0.00038484343220100144
39,11,10,0.0002544395541898384
39,12,1,0.0001634668272551322
39,12,2,0.0007009647438154235
39,12,3,0.00019546956720185122
39,12,4,0.0007355168929051565
39,12,5,0.00042611365759179356
39,12,6,0.00038545762036630175
39,12,7,0.000512336084106846
39,12,8,0.0003390600984681674
39,12,9,0.0004257022261212871
39,12,10,0.0002738644560912617
39,13,1,0.00016577303238310095
39,13,2,0.0007009647441402045
39,13,3,0.0001979758793422514
39,13,4,0.000735510022362364
39,13,5,0.000430284299127119
39,13,6,0.000766054936608801
39,13,7,0.0007009704668070271
39,13,8,0.00033768908868401213
39,13,9,0.00042939865218913223
39,13,10,0.00026799532512312876
39,14,1,0.0007011163823765516
39,14,2,0.000584235900813971
39,14,3,0.00019216233542212544
39,14,4,0.0007355029020753472
39,14,5,0.00041872516162282504
39,14,6,0.00036026242122492986
39,14,7,0.0005067966078138825
39,14,8,0.0003229984733722631
39,14,9,0.00042079616771954623
39,14,10,0.00028948405546501415
39,15,1,0.0001637850583202693
39,15,2,0.0007009655920968831
39,15,3,0.00019584290730438036
39,15,4,0.00026071739228353843
39,15,5,0.0007010651768856031
39,15,6,0.0007659201304145203
39,15,7,0.0005132063368408783
39,15,8,0.0003079299065413165
39,15,9,0.0004262346177973436
39,15,10,0.0007583323407865258
39,16,1,0.000701116171170413
39,16,2,0.0005846015401036556
39,16,3,0.00019234959396743635
39,16,4,0.0002591138358391904
39,16,5,0.00041930481278777947
39,16,6,0.0003910083407968833
39,16,7,0.0005073563696254996
39,16,8,0.0003104062666481822
39,16,9,0.0004210611782948332
39,16,10,0.0003158887327799506
39,17,1,0.0007011161787789426
39,17,2,0.0005896097746429227
39,17,3,0.00019520419356773173
39,17,4,0.000735404638761826
39,17,5,0.00042351170277085573
39,17,6,0.00042393392016256955
39,17,7,0.0007009704610745078
39,17,8,0.0007250590234510389
39,17,9,0.0004252678012283439
39,17,10,0.0007583204589328356
39,18,1,0.000163848781819854
39,18,2,0.0007009655944649047
39,18,3,0.00019595417393006062
39,18,4,0.0002568874139958736
39,18,5,0.00042449130802020926
39,18,6,0.00036395512784195583
39,18,7,0.0005131564963379268
39,18,8,0.0003207928821838573
39,18,9,0.0004263644709210401
39,18,10,0.00031175037459440667
39,19,1,0.00022913280598874653
39,19,2,0.0007009655980454965
39,19,3,0.0009812103850365276
39,19,4,0.0003297384461465718
39,19,5,0.0005267305686183573
39,19,6,0.0007658448948724151
39,19,7,0.0007009704589955409
39,19,8,0.0007158582683469641
39,19,9,0.0007009678555761348
39,19,10,0.0007583581324151352
39,20,1,0.0007011161333377381
39,20,2,0.0007041088751418337
39,20,3,0.0009739778518043696
39,20,4,0.000323727815335044
39,20,5,0.000643668915741749
39,20,6,0.0004202622171318239
39,20,7,0.0007009704562999084
39,20,8,0.000881949958119985
39,20,9,0.0005227160468577432
39,20,10,0.0003414396895935319
39,21,1,0.00022232391142388083
39,21,2,0.0007009655925453139
39,21,3,0.0007009787467881101
39,21,4,0.0007355481742872404
39,21,5,0.0007010655382373094
39,21,6,0.0007659961718333383
39,21,7,0.0006136882781602086
39,21,8,0.0007158473565528632
39,21,9,0.0005178483349090157
39,21,10,0.0007583311438983096
39,22,1,0.00022948033576395403
39,22,2,0.00071090301802476
39,22,3,0.0009818252493161382
39,22,4,0.0004487012833722624
39,22,5,0.0006502075105399259
39,22,6,0.00045873657067825444
39,22,7,0.0007009705114439254
39,22,8,0.0008809817510042777
39,22,9,0.0007009678654709451
39,22,10,0.00036817771435464095
39,23,1,0.0014439541166982935
39,23,2,0.0007558415262839575
39,23,3,0.0007009787611825198
39,23,4,0.0007355735378328587
39,23,5,0.0007010655791331133
39,23,6,0.0007659963828002354
39,23,7,0.0007009705128708146
39,23,8,0.0007132915327494655
39,23,9,0.0005684748817089399
39,23,10,0.0007581915069239353
39,24,1,0.0007012746310216726
39,24,2,0.001111695804208106
39,24,3,0.0011115733275885345
39,24,4,0.0007360232915583377
39,24,5,0.00102312140571064
39,24,6,0.0007415011635317207
39,24,7,0.0007009707157597463
39,24,8,0.0007160585729467035
39,24,9,0.0007009680609641973
39,24,10,0.0007372616486030208
40,1,1,0.00012904169708128838
40,1,2,0.0001286557341190624
40,1,3,0.00012868639133212264
40,1,4,0.00019886219386964048
40,1,5,0.0001289128696076344
40,1,6,0.0002456747780964415
40,1,7,0.00012866346592850284
40,1,8,0.00016200509473343868
40,1,9,0.00012866168225681828
40,1,10,0.00023400330781630274
40,2,1,0.00012904259738326498
40,2,2,0.00012865650697126705
40,2,3,0.00012868648480805019
40,2,4,0.00019875905002021078
40,2,5,0.00012891232918202348
40,2,6,0.0002453467226492854
40,2,7,0.00012866906512508388
40,2,8,0.00016209429002687935
40,2,9,0.00012866179004152427
40,2,10,0.0002349904969747793
40,3,1,0.000129041607756651
40,3,2,0.00012865654015330487
40,3,3,0.00012868638887051249
40,3,4,0.00019864819641258325
40,3,5,0.0001289123239400367
40,3,6,0.00024539316604555377
40,3,7,0.00012866906458655508
40,3,8,0.00016206158865325908
40,3,9,0.0001286624290262706
40,3,10,0.00023467909246680223
40,4,1,0.00012904157764043295
40,4,2,0.00012865669267032151
40,4,3,0.0001286864577349128
40,4,4,0.00019881682589850197
40,4,5,0.00012891222652574523
40,4,6,0.0002454209738471834
40,4,7,0.0001286699839484446
40,4,8,0.00016227319233513826
40,4,9,0.0001286625157569746
40,4,10,0.00023497755872932006
40,5,1,0.00012904214872081252
40,5,2,0.00012865668638310557
40,5,3,0.00012868645968429267
40,5,4,0.00019883372315844582
40,5,5,0.0001289120957725655
40,5,6,0.00024539163761128676
40,5,7,0.00012866998384950478
40,5,8,0.00016228033097514667
40,5,9,0.000128662525175639
40,5,10,0.0002347135061209711
40,6,1,0.00012904133497137414
40,6,2,0.0001286569071161273
40,6,3,0.00012868644774360167
40,6,4,0.00019863112506652455
40,6,5,0.00012891221592166503
40,6,6,0.00024544664719364614
40,6,7,0.00012866999686968102
40,6,8,0.00016221464658822078
40,6,9,0.00012866251909400181
40,6,10,0.00023470916167585065
40,7,1,0.00012904203553186703
40,7,2,0.00012865690799721165
40,7,3,0.00012868637851319893
40,7,4,0.00019864906175896688
40,7,5,0.0001289122035707587
40,7,6,0.00024538906391176124
40,7,7,0.00012866998441692982
40,7,8,0.0001622537182053806
40,7,9,0.00012866250609035415
40,7,10,0.0002347553353706803
40,8,1,0.0001290420356292288
40,8,2,0.0001286569136178255
40,8,3,0.0001286863768996635
40,8,4,0.00019865970558022658
40,8,5,0.00012891224386603955
40,8,6,0.0002454568705012106
40,8,7,0.00012866999496945246
40,8,8,0.0001622064433805384
40,8,9,0.00012866250778493298
40,8,10,0.00023497402670602985
40,9,1,0.0001290413230825467
40,9,2,0.00012865691386907516
40,9,3,0.00012868637649781988
40,9,4,0.0001987892709488502
40,9,5,0.00012891225083850436
40,9,6,0.00024543732740377
40,9,7,0.00012866999328184757
40,9,8,0.0001622243865504684
40,9,9,0.0001286625178263235
40,9,10,0.00023473209802898456
40,10,1,0.00012904134011863127
40,10,2,0.00012865691570546574
40,10,3,0.00012868637689910013
40,10,4,0.00019866352029873977
40,10,5,0.00012891227181933173
40,10,6,0.00024560970773915947
40,10,7,0.0001286699955129027
40,10,8,0.0001622569154261704
40,10,9,0.00012866251817942416
40,10,10,0.00023497268206530136
40,11,1,0.00012904136369177357
40,11,2,0.00012865691521236485
40,11,3,0.00012868645313189847
40,11,4,0.0001986741981379212
40,11,5,0.00012891227367463912
40,11,6,0.00024557798987938183
40,11,7,0.0001286699976002181
40,11,8,0.00016225738735076202
40,11,9,0.00012866251938796198
40,11,10,0.00023500857997801202
40,12,1,0.00012904208582254815
40,12,2,0.00012865701011318463
40,12,3,0.00012868644354116542
40,12,4,0.00019867326526234547
40,12,5,0.00012891223013261548
40,12,6,0.0002457659879880386
40,12,7,0.00012866999668967124
40,12,8,0.0001622495945564045
40,12,9,0.00012866251883663125
40,12,10,0.00023502184413049516
40,13,1,0.0001290420677892422
40,13,2,0.0001286570100952327
40,13,3,0.00012868644641969983
40,13,4,0.00019869229622313683
40,13,5,0.00012891225989425422
40,13,6,0.00024561948676924224
40,13,7,0.0001286699823331847
40,13,8,0.00016224689026636907
40,13,9,0.00012866251781417235
40,13,10,0.00023499659518258143
40,14,1,0.00012904136551593378
40,14,2,0.00012865701327637044
40,14,3,0.00012868644496111107
40,14,4,0.00019868169979789523
40,14,5,0.00012891241377587987
40,14,6,0.0002458394146368596
40,14,7,0.00012866999410116715
40,14,8,0.00016223843773253825
40,14,9,0.000128662519424417
40,14,10,0.00023497136724009917
40,15,1,0.0001290420355624926
40,15,2,0.00012865701190265075
40,15,3,0.00012868644493150275
40,15,4,0.0001988113532164827
40,15,5,0.0001289122861422255
40,15,6,0.0002456617549426593
40,15,7,0.0001286699966673323
40,15,8,0.0001622529217841589
40,15,9,0.00012866251948797532
40,15,10,0.0002347764282976398
40,16,1,0.00012904133010119715
40,16,2,0.00012865701448001862
40,16,3,0.00012868644532683038
40,16,4,0.00019880093012996893
40,16,5,0.00012891251282800035
40,16,6,0.00024580797059156313
40,16,7,0.00012866999826074776
40,16,8,0.00016225169637617846
40,16,9,0.00012866251855018026
40,16,10,0.00023497911453388508
40,17,1,0.00012904130442400785
40,17,2,0.00012865701393141905
40,17,3,0.0001286864430547535
40,17,4,0.00019867269669160718
40,17,5,0.00012891249567004336
40,17,6,0.0002457662266974192
40,17,7,0.00012866998340843773
40,17,8,0.00016220110794733166
40,17,9,0.00012866251693385828
40,17,10,0.00023475046070653397
40,18,1,0.00012904194708015788
40,18,2,0.00012865701308700935
40,18,3,0.00012868644255656592
40,18,4,0.00019878251349188708
40,18,5,0.00012891248180102493
40,18,6,0.00024580543314342416
40,18,7,0.00012866999659363353
40,18,8,0.00016222813864743326
40,18,9,0.00012866251627623228
40,18,10,0.00023495477602543356
40,19,1,0.0001290418401212824
40,19,2,0.00012865701557742792
40,19,3,0.00012869029782105115
40,19,4,0.00019876571463375826
40,19,5,0.00012891238095057313
40,19,6,0.00024562941121742684
40,19,7,0.00012866998377158176
40,19,8,0.00016260595613792152
40,19,9,0.0001286625035496774
40,19,10,0.00023490042705567407
40,20,1,0.00012904123922808947
40,20,2,0.00012865701626035248
40,20,3,0.00012869030340931128
40,20,4,0.0001987668350597437
40,20,5,0.0001289131689837951
40,20,6,0.00024576092368659507
40,20,7,0.00012866998298579542
40,20,8,0.00016259816197170077
40,20,9,0.00012866251257866642
40,20,10,0.00023510475247821473
40,21,1,0.00012904180025309907
40,21,2,0.000128657016889384
40,21,3,0.0001286903356520923
40,21,4,0.00019886029968755649
40,21,5,0.0001289131315405128
40,21,6,0.0002456435037787997
40,21,7,0.00012866999186585682
40,21,8,0.00016260779798700872
40,21,9,0.00012866251503058465
40,21,10,0.00023491682366705787
40,22,1,0.0001290417846210436
40,22,2,0.00012865701842508504
40,22,3,0.00012869032189402661
40,22,4,0.00019904482917984133
40,22,5,0.0001289132474074979
40,22,6,0.0002458589534448772
40,22,7,0.00012867008452018737
40,22,8,0.0001626000260527814
40,22,9,0.000128662507432233
40,22,10,0.0002351279170757565
40,23,1,0.00012936629101925113
40,23,2,0.00012865701737767125
40,23,3,0.00012869034466261246
40,23,4,0.00019896874189473
40,23,5,0.00012891320151503654
40,23,6,0.00024573502493583765
40,23,7,0.00012867009121904897
40,23,8,0.00016260990060157544
40,23,9,0.00012866250886917112
40,23,10,0.00023490712109536336
40,24,1,0.0001294244267760087
40,24,2,0.00012865714476930414
40,24,3,0.00012869042520269482
40,24,4,0.00019971211540112374
40,24,5,0.00012891450924190615
40,24,6,0.0002464487264641396
40,24,7,0.0001286705832257632
40,24,8,0.0001629955338205018
40,24,9,0.00012866292615566088
40,24,10,0.00023533685426583353
41,1,1,0.0008913381164367346
41,1,2,0.0008873669653248402
41,1,3,0.0008911952927337278
41,1,4,6.100617903886383e-5
41,1,5,2.4472435226955447e-5
41,1,6,0.0001048372587247262
41,1,7,0.0008873692544830126
41,1,8,0.0009066612141967151
41,1,9,0.0008911850644236965
41,1,10,0.0009520220032707853
41,2,1,0.00014670183434059849
41,2,2,0.0008911829879474799
41,2,3,0.00017553676461676664
41,2,4,0.0003338731127372441
41,2,5,0.0003696447056025413
41,2,6,0.0004675043978993762
41,2,7,0.00023286470965839398
41,2,8,0.00014330344748185407
41,2,9,0.000381313252783587
41,2,10,0.00027485924091045014
41,3,1,0.0008913381950078381
41,3,2,1.8013278778618735e-5
41,3,3,0.0008911953048775198
41,3,4,0.0009283090128725896
41,3,5,0.0003933313295998346
41,3,6,0.0004711805592284501
41,3,7,0.0002511271570828426
41,3,8,0.0001649198180248557
41,3,9,0.0008911854017228603
41,3,10,0.0009524803475018219
41,4,1,0.0008913382055269357
41,4,2,0.0003951037762210447
41,4,3,0.00025977773585668227
41,4,4,0.00037450579051146116
41,4,5,0.0004902439740154594
41,4,6,0.0005195973735124891
41,4,7,0.0008911883568965712
41,4,8,0.0003967459910677655
41,4,9,0.000891185674185178
41,4,10,0.0003451558711351647
41,5,1,0.0002150241821142433
41,5,2,0.0003821086210348082
41,5,3,0.00024926592733271727
41,5,4,0.0003726886663577109
41,5,5,0.0004751172813671326
41,5,6,0.0005406544238023092
41,5,7,0.0008911883592054795
41,5,8,0.0003885050803348231
41,5,9,0.00047286781547463115
41,5,10,0.0009528040757051098
41,6,1,0.0008913382849980429
41,6,2,0.0008911825237951651
41,6,3,0.00032782296283312266
41,6,4,0.0009283845750831752
41,6,5,0.0005763185549220097
41,6,6,0.000556872290338774
41,6,7,0.0006689983900689878
41,6,8,0.0009068592626729887
41,6,9,0.0005794008702271603
41,6,10,0.0009528263093163562
41,7,1,0.0003049002515180593
41,7,2,0.0008911831704965
41,7,3,0.0008911953196297893
41,7,4,0.0009284223666324183
41,7,5,0.0005976349375573599
41,7,6,0.0009607400470952596
41,7,7,0.0008911886963729062
41,7,8,0.0004695141429079759
41,7,9,0.0008911854527441728
41,7,10,0.0009577631507810753
41,8,1,0.00029094498642711996
41,8,2,0.0005869861422655543
41,8,3,0.0008911953246134096
41,8,4,0.0009284691106836429
41,8,5,0.0005774625152796491
41,8,6,0.0009325048162691676
41,8,7,0.0006702599352118216
41,8,8,0.0009068805361274423
41,8,9,0.0008911854559884747
41,8,10,0.00040248226581726107
41,9,1,0.0008913386330407722
41,9,2,0.0005763464949803676
41,9,3,0.0008911953197390019
41,9,4,0.0004085384356826618
41,9,5,0.0005664764616675353
41,9,6,0.0009608865239388916
41,9,7,0.0006595489356521498
41,9,8,0.0009067876100277787
41,9,9,0.0005698119074516518
41,9,10,0.0009529300011369037
41,10,1,0.0008913382832740267
41,10,2,0.000576174666310957
41,10,3,0.0008911953095775758
41,10,4,0.0009284295336493717
41,10,5,0.0005664459211504479
41,10,6,0.0005500396954868364
41,10,7,0.0006594566151071649
41,10,8,0.00047703469809723707
41,10,9,0.0005696308076631638
41,10,10,0.0003881518068787096
41,11,1,0.000891338297812442
41,11,2,0.0005681017680155795
41,11,3,0.0003143588996842347
41,11,4,0.0009284442064162173
41,11,5,0.0005577652522130752
41,11,6,0.0009607275337997377
41,11,7,0.0006508058657234969
41,11,8,0.00045930960944466463
41,11,9,0.0005614668505550292
41,11,10,0.00040881497811257186
41,12,1,0.00030861490166866293
41,12,2,0.0008911823462930924
41,12,3,0.00034745045754948627
41,12,4,0.000928541717585713
41,12,5,0.000605907858970306
41,12,6,0.0005580580836940411
41,12,7,0.0006971413384216837
41,12,8,0.0005102305004044697
41,12,9,0.0006054670973059294
41,12,10,0.0004311758634055351
41,13,1,0.0003114522488166941
41,13,2,0.0008911832163481994
41,13,3,0.00035044298539766414
41,13,4,0.0009285470049538205
41,13,5,0.0006103935871679406
41,13,6,0.0009609468298587846
41,13,7,0.0008911883800940228
41,13,8,0.0005063352973725888
41,13,9,0.000609421259973904
41,13,10,0.0004237524417283912
41,14,1,0.0008913383410804274
41,14,2,0.0007718783630217702
41,14,3,0.0003434920555353475
41,14,4,0.0009284672176115448
41,14,5,0.0005979871895036556
41,14,6,0.0005296017570313538
41,14,7,0.0006913395479850777
41,14,8,0.0004926251119927583
41,14,9,0.0006002124584703744
41,14,10,0.0004568893557188377
41,15,1,0.00030900676130850394
41,15,2,0.000891183213633201
41,15,3,0.00034789661460064354
41,15,4,0.00041910135878509393
41,15,5,0.000891285796376972
41,15,6,0.000960802454500061
41,15,7,0.0006980522405109376
41,15,8,0.00046055786554654443
41,15,9,0.0006060368661124903
41,15,10,0.0009530510147638678
41,16,1,0.0008913382293386118
41,16,2,0.0007722557366091223
41,16,3,0.00034371648664764285
41,16,4,0.0004171763874567007
41,16,5,0.0005986088007926231
41,16,6,0.0005641005063662124
41,16,7,0.0006919263685777306
41,16,8,0.00047833536769772387
41,16,9,0.0006004964896932316
41,16,10,0.00047998899907426525
41,17,1,0.0008913381996487047
41,17,2,0.0007774222574535401
41,17,3,0.00034713323736936045
41,17,4,0.0009283398496640551
41,17,5,0.0006031171315385933
41,17,6,0.0006006612906187879
41,17,7,0.000891188358824114
41,17,8,0.0009068897401845998
41,17,9,0.0006050021018812206
41,17,10,0.000952858856108476
41,18,1,0.0003090850993282441
41,18,2,0.0008911832084181393
41,18,3,0.0003480295764757587
41,18,4,0.0004145368754590773
41,18,5,0.0006041660881779643
41,18,6,0.0005338021541635904
41,18,7,0.0006980030339088024
41,18,8,0.0004913533897228411
41,18,9,0.0006061758091345866
41,18,10,0.0004833743559776461
41,19,1,0.0003871467455906053
41,19,2,0.0008911832104157844
41,19,3,0.0011703124590890183
41,19,4,0.0004983169111304677
41,19,5,0.0007121918514712959
41,19,6,0.000960552751464395
41,19,7,0.0008911883518813979
41,19,8,0.0009070037385392738
41,19,9,0.0008911854335673016
41,19,10,0.0009527109859502657
41,20,1,0.0008913381738942388
41,20,2,0.0008943663507061939
41,20,3,0.0011632092011556272
41,20,4,0.0004915640038106578
41,20,5,0.000832902685552457
41,20,6,0.0005966795746807792
41,20,7,0.000891188356414071
41,20,8,0.0010741160781851731
41,20,9,0.0007080016092564466
41,20,10,0.000509244088164074
41,21,1,0.0003791918608861468
41,21,2,0.0008911832164814879
41,21,3,0.0008911970468446457
41,21,4,0.0009286432853871546
41,21,5,0.0008912862586735721
41,21,6,0.000960984902139136
41,21,7,0.0008021969215854931
41,21,8,0.0009070558512714483
41,21,9,0.0007029130083487452
41,21,10,0.0009529494246118139
41,22,1,0.0003875524299380132
41,22,2,0.0009012414318076885
41,22,3,0.0011709159342744404
41,22,4,0.0006291159043842672
41,22,5,0.0008395801177877558
41,22,6,0.000639033412765418
41,22,7,0.0008911884377565131
41,22,8,0.0010732308260887446
41,22,9,0.0008911854713307967
41,22,10,0.0005396475975561638
41,23,1,0.001617140102122179
41,23,2,0.0009465565165810519
41,23,3,0.000891197107908735
41,23,4,0.000928936167773108
41,23,5,0.0008912866279861014
41,23,6,0.0009615117753958977
41,23,7,0.0008911884540251211
41,23,8,0.0009038876527573018
41,23,9,0.0007555871314958877
41,23,10,0.000953217863336309
41,24,1,0.000891496932119585
41,24,2,0.0012977379190065323
41,24,3,0.0012976209938437247
41,24,4,0.0009298666843277848
41,24,5,0.0012113906451151372
41,24,6,0.0009628166568123398
41,24,7,0.000891188717176124
41,24,8,0.0009075164985161188
41,24,9,0.0008911857283458421
41,24,10,0.0009287228750408788
42,1,1,0.00018765536655253952
42,1,2,7.641794923100669e-8
42,1,3,0.00018340357092593785
42,1,4,0.00038144523325613734
42,1,5,0.00018939225066748975
42,1,6,0.00034790579564985164
42,1,7,7.715202463141332e-8
42,1,8,0.00013001581861749945
42,1,9,5.313052570470241e-5
42,1,10,0.00016409419564797478
42,2,1,0.00018836820312672538
42,2,2,0.00020657070246382265
42,2,3,0.0001834248709039526
42,2,4,0.0003685434919679411
42,2,5,0.00018887349835395754
42,2,6,0.00045157018260112523
42,2,7,0.0002069923799971878
42,2,8,0.00012816526764808804
42,2,9,5.312716502810675e-5
42,2,10,0.0003338036234897707
42,3,1,0.0001880080532426641
42,3,2,0.00020536684277441052
42,3,3,0.00018612087478116478
42,3,4,0.0003548696130932832
42,3,5,0.00018864574392863978
42,3,6,0.00043171518161245906
42,3,7,0.00020496459157291787
42,3,8,0.00011833265530776765
42,3,9,0.00020599409887928338
42,3,10,0.0003821955885589764
42,4,1,0.00018769241083878302
42,4,2,0.00020662376492518
42,4,3,0.00018611344784277516
42,4,4,0.00034408297027773354
42,4,5,0.00018851985473451524
42,4,6,0.0004163094251387321
42,4,7,0.00020895483192666505
42,4,8,0.00028980930699154766
42,4,9,0.00020855060374349967
42,4,10,0.00043847151373460164
42,5,1,0.00018730909798151651
42,5,2,0.00020530811283603974
42,5,3,0.0001851402220110246
42,5,4,0.00033184671344522115
42,5,5,0.00018697265289796595
42,5,6,0.00039950773974751564
42,5,7,0.00020805510792722818
42,5,8,0.00033140913377287793
42,5,9,0.00020763875991833456
42,5,10,0.0003835347673858064
42,6,1,0.00019355995150005656
42,6,2,0.00020747737831152302
42,6,3,0.00018346260022829481
42,6,4,0.0003203827066459773
42,6,5,0.00018811081307093652
42,6,6,0.0003842373147202689
42,6,7,0.00020782564566492972
42,6,8,0.00031245907013755
42,6,9,0.00020740263611957835
42,6,10,0.0003717754637447167
42,7,1,0.00019321446051752202
42,7,2,0.000206577044628472
42,7,3,0.00018347316920077936
42,7,4,0.00030864608879978164
42,7,5,0.0001858942537854219
42,7,6,0.00036905506623094973
42,7,7,0.0002074616768537517
42,7,8,0.000296242062675494
42,7,9,0.00020710776516747104
42,7,10,0.0003597559992994154
42,8,1,0.00019280273300791234
42,8,2,0.00020613430078475538
42,8,3,0.00018347947589670348
42,8,4,0.00029689405712544567
42,8,5,0.00018539411848042197
42,8,6,0.00035331961687131943
42,8,7,0.0002071645270310387
42,8,8,0.00028109146463517926
42,8,9,0.0002068724174056718
42,8,10,0.00035438895114619335
42,9,1,0.0001923393671518376
42,9,2,0.00020566063398674129
42,9,3,0.0001834822453488653
42,9,4,0.0002851376813493802
42,9,5,0.00018750516464371118
42,9,6,0.0003376221138514751
42,9,7,0.0002066588829233878
42,9,8,0.00022764912087091358
42,9,9,0.00020667170194733198
42,9,10,0.0003337470221772599
42,10,1,0.00019184630055073043
42,10,2,0.0002053520152517278
42,10,3,0.00018348106915166862
42,10,4,0.00027347897424202073
42,10,5,0.0001873027380953881
42,10,6,0.00032243097866279736
42,10,7,0.000206205791709597
42,10,8,0.0002523337072924924
42,10,9,0.0002064329546508096
42,10,10,0.00032570277910846354
42,11,1,0.0001913134633806572
42,11,2,0.0002046164488487358
42,11,3,0.0001834772830759153
42,11,4,0.0002621132785419819
42,11,5,0.00018426069508839917
42,11,6,0.00031073073298052144
42,11,7,0.0002062142840446482
42,11,8,0.00023807230792466784
42,11,9,0.00020633257647295638
42,11,10,0.00031492193753913234
42,12,1,0.00019073589485010703
42,12,2,0.00020785764038007152
42,12,3,0.00018347053276364657
42,12,4,0.0002509531240364163
42,12,5,0.00018393240204089066
42,12,6,0.0002993525871477554
42,12,7,0.00020621143272995225
42,12,8,0.00022436711115668707
42,12,9,0.000206181496059022
42,12,10,0.00028207237475438477
42,13,1,0.00019010308356668946
42,13,2,0.0002071954022610209
42,13,3,0.00018345939704413582
42,13,4,0.00023960659296802902
42,13,5,0.00018359766105202572
42,13,6,0.0002861310371408817
42,13,7,0.0002059940387578987
42,13,8,0.00021048689043053298
42,13,9,0.00020603566210015934
42,13,10,0.00029664371626497867
42,14,1,0.00018939710001395085
42,14,2,0.0002066824311527691
42,14,3,0.0001834516377155879
42,14,4,0.00022808383049045526
42,14,5,0.00018325341941540806
42,14,6,0.0002725037234684734
42,14,7,0.00020577730214328715
42,14,8,0.00019682789990732854
42,14,9,0.00020589122213054306
42,14,10,0.0002852397642021433
42,15,1,0.00018862682089380574
42,15,2,0.0002064211809917917
42,15,3,0.00018344626315814347
42,15,4,0.00021634195876935308
42,15,5,0.00018286562049802744
42,15,6,0.0002964471008574448
42,15,7,0.00020498445769988506
42,15,8,0.00018406732365909906
42,15,9,0.00020565608821446763
42,15,10,0.00023117544248801993
42,16,1,0.00018778174400598918
42,16,2,0.00020621594594362973
42,16,3,0.00018497426619493734
42,16,4,0.00020409119886223684
42,16,5,0.00018235575319564082
42,16,6,0.00024434764883565465
42,16,7,0.00020529567487123518
42,16,8,0.0001683359308249714
42,16,9,0.0002055936502746334
42,16,10,0.00020951666052682692
42,17,1,0.0001868543453336606
42,17,2,0.00020602377634598072
42,17,3,0.0001834394904525752
42,17,4,0.00019183048702198856
42,17,5,0.00018166247549285388
42,17,6,0.00022939015857490006
42,17,7,0.00020502694249956377
42,17,8,0.00014788964294624185
42,17,9,0.00020546578976701424
42,17,10,0.0002455244808078061
42,18,1,0.0001858788357916731
42,18,2,0.00020582097452044807
42,18,3,0.00018498075474804367
42,18,4,0.00017868736174874594
42,18,5,0.00018081025107591277
42,18,6,0.00026338853471448014
42,18,7,0.00020472085008153439
42,18,8,0.00014134636189120693
42,18,9,0.00020531993845978477
42,18,10,0.0002546952901723538
42,19,1,0.00018470395313657632
42,19,2,0.00020553134741417187
42,19,3,0.0002089436894710935
42,19,4,0.00016592394680932016
42,19,5,0.00018292324919562663
42,19,6,0.0002488199159740475
42,19,7,0.00020435040024828396
42,19,8,0.00032602432549027504
42,19,9,0.00020513475195019795
42,19,10,0.0002268915775587963
42,20,1,0.00018337881274500706
42,20,2,0.0002054492642219071
42,20,3,0.00020719776623583504
42,20,4,0.0001469510590678091
42,20,5,0.0002130088745812965
42,20,6,0.00023083304545969274
42,20,7,0.00020382372384966942
42,20,8,0.00027427537500374235
42,20,9,0.00020491721918406954
42,20,10,0.00026959866734263554
42,21,1,0.00018173514267641545
42,21,2,0.000205244870036429
42,21,3,0.0002059945109371569
42,21,4,0.0002304852054837418
42,21,5,0.0002089570619689751
42,21,6,0.00023326872841235584
42,21,7,0.00020291521678976
42,21,8,0.00023331436184244436
42,21,9,0.00020463464459123033
42,21,10,0.0002564757558944666
42,22,1,0.0001792614913138109
42,22,2,0.00020496459306559584
42,22,3,0.00020486842438691697
42,22,4,0.00024119494539929872
42,22,5,0.00020209120844208767
42,22,6,0.00018586600248962564
42,22,7,0.00020711250238817633
42,22,8,0.00019376306896548492
42,22,9,0.00020422241761321126
42,22,10,0.00019792996198517753
42,23,1,0.00020651818523311706
42,23,2,0.00020421176220134827
42,23,3,0.00020300127516566
42,23,4,0.00016980489471192043
42,23,5,0.00020022499839054243
42,23,6,0.00015697950269407846
42,23,7,0.00020482308510234108
42,23,8,0.0001503630968685145
42,23,9,0.00020339293041288757
42,23,10,0.00016385936730179098
42,24,1,0.00020650882142249886
42,24,2,0.00020596438541551235
42,24,3,0.00020592671033031065
42,24,4,0.00025121907963991864
42,24,5,0.00020591643161540208
42,24,6,0.000244883231687426
42,24,7,0.0002059735826065829
42,24,8,0.00022885292370819512
42,24,9,0.0002059703478049853
42,24,10,0.0002295225002925923
43,1,1,0.0015648517232054713
43,1,2,0.0012808046230786498
43,1,3,0.0015299944699921852
43,1,4,0.0012982162611738875
43,1,5,0.0015343124411073372
43,1,6,0.0013522300412004361
43,1,7,0.0012808073625022313
43,1,8,0.0019523939594100327
43,1,9,0.0030394856453931757
43,1,10,0.0012863427141152853
43,2,1,0.003425058788923348
43,2,2,0.008935007905855115
43,2,3,0.0033728294146305278
43,2,4,0.0032242251648141886
43,2,5,0.0033848074209168093
43,2,6,0.003369588718364053
43,2,7,0.008308047506988188
43,2,8,0.005078122461475655
43,2,9,0.0012808068014986713
43,2,10,0.0029014989395438314
43,3,1,0.0008869084602285305
43,3,2,0.001280804803387567
43,3,3,0.0008578821257619731
43,3,4,0.0007704353269632055
43,3,5,0.0008631999609434173
43,3,6,0.0008582441907219457
43,3,7,0.0012808090715612517
43,3,8,0.0012916688080953924
43,3,9,0.0019114846977365434
43,3,10,0.0006077972289973159
43,4,1,0.006770776073955517
43,4,2,0.010094656959524885
43,4,3,0.006148271602593226
43,4,4,0.005573326586951386
43,4,5,0.0067830342919332565
43,4,6,0.0052577297606110265
43,4,7,0.007284087561728048
43,4,8,0.007051046440289701
43,4,9,0.007206516698687492
43,4,10,0.0053574317857040515
43,5,1,0.001280941005606199
43,5,2,0.0012808048686839815
43,5,3,0.001651451237207194
43,5,4,0.0013085029148770314
43,5,5,0.001280894871093971
43,5,6,0.0011934568624587657
43,5,7,0.0022605987118493867
43,5,8,0.0021334302537568276
43,5,9,0.0022176552976796026
43,5,10,0.001193075307163189
43,6,1,0.006044353847376959
43,6,2,0.007215869161009663
43,6,3,0.0054648558359905305
43,6,4,0.004959463640746336
43,6,5,0.006073845435072043
43,6,6,0.004707066311198325
43,6,7,0.006537211698839511
43,6,8,0.006292505519613672
43,6,9,0.006463250142211715
43,6,10,0.0047964396182624495
43,7,1,0.006046233299408866
43,7,2,0.007216136276604842
43,7,3,0.00546481620920549
43,7,4,0.004959150403991847
43,7,5,0.006063096013695846
43,7,6,0.004732374636950324
43,7,7,0.006537232209222683
43,7,8,0.006291752776374307
43,7,9,0.006463548612947628
43,7,10,0.004724805055711979
43,8,1,0.006045703250614762
43,8,2,0.007215816690271232
43,8,3,0.005464157460729469
43,8,4,0.005000138655251701
43,8,5,0.006063093869858252
43,8,6,0.0046600132236183376
43,8,7,0.006537279055399013
43,8,8,0.0064367040004183204
43,8,9,0.006463411923015618
43,8,10,0.0045429829860990575
43,9,1,0.0020832403211105935
43,9,2,0.0012808050778653722
43,9,3,0.0017484241155621605
43,9,4,0.0014648701329754638
43,9,5,0.002095225684825674
43,9,6,0.0015706495577726912
43,9,7,0.0023739105452102835
43,9,8,0.0023407823924308986
43,9,9,0.0023299728703500555
43,9,10,0.0012918001907538889
43,10,1,0.0020877636109448245
43,10,2,0.002794397551817917
43,10,3,0.0017538500732234578
43,10,4,0.0014418286876300087
43,10,5,0.0020986316681589285
43,10,6,0.0013169146069508893
43,10,7,0.001280809655649861
43,10,8,0.0023966902329482054
43,10,9,0.0012808069380484278
43,10,10,0.001277505479909656
43,11,1,0.0013691708807512697
43,11,2,0.001280804913697797
43,11,3,0.0011014270502045064
43,11,4,0.0009443660144924364
43,11,5,0.0013806150176337495
43,11,6,0.0009724653382414302
43,11,7,0.00128080940473304
43,11,8,0.0012921586958871583
43,11,9,0.0015709060460401614
43,11,10,0.0013131202004781012
43,12,1,0.005351452482135603
43,12,2,0.0056372716851831005
43,12,3,0.007174415077562815
43,12,4,0.0044001011860181054
43,12,5,0.0012808950610860056
43,12,6,0.004318831822974488
43,12,7,0.005803358206572409
43,12,8,0.005842098627530742
43,12,9,0.0057343867378712035
43,12,10,0.004233135230213548
43,13,1,0.0034312587931049437
43,13,2,0.003666256111351949
43,13,3,0.0012808149533085193
43,13,4,0.002715106324381845
43,13,5,0.0012808950664370366
43,13,6,0.0026062725327154765
43,13,7,0.0037998281459637245
43,13,8,0.0012924716879782003
43,13,9,0.003744288589733341
43,13,10,0.002468744761595713
43,14,1,0.0035406969340495338
43,14,2,0.0037809997312463306
43,14,3,0.00128081495268857
43,14,4,0.0028905467796318985
43,14,5,0.0035541585375403954
43,14,6,0.0026177085878881204
43,14,7,0.003917075396719356
43,14,8,0.0012924770495546072
43,14,9,0.0038604611956311154
43,14,10,0.0026135105777960357
43,15,1,0.0012809411872901858
43,15,2,0.0024105748251948118
43,15,3,0.001280814953514908
43,15,4,0.0015715897943314207
43,15,5,0.0022317867207789317
43,15,6,0.0014487646360255675
43,15,7,0.0012808096886783931
43,15,8,0.0025612719022104456
43,15,9,0.0024738678751129338
43,15,10,0.0013854598948031475
43,16,1,0.005001506959988557
43,16,2,0.005280953046960312
43,16,3,0.014252367009429381
43,16,4,0.001302833169361851
43,16,5,0.00501442597626672
43,16,6,0.004015046983124199
43,16,7,0.0054421407826951715
43,16,8,0.005416095845916059
43,16,9,0.005375219626400265
43,16,10,0.0013124089470491836
43,17,1,0.0005307099903590221
43,17,2,0.0012808049973188896
43,17,3,0.0012808149510062268
43,17,4,0.0004569937514916211
43,17,5,0.0005355685720067752
43,17,6,0.0013162964816256124
43,17,7,0.0006815069845203527
43,17,8,0.000648780625062268
43,17,9,0.0012808069350003996
43,17,10,0.0002466505595470057
43,18,1,0.0012809411060486062
43,18,2,0.0018326868419495075
43,18,3,0.0012808149531441646
43,18,4,0.0013028412110130136
43,18,5,0.0016757971632193702
43,18,6,0.00108107970084155
43,18,7,0.00192767108454799
43,18,8,0.001291761130998915
43,18,9,0.0012808069345583567
43,18,10,0.0009666986548258446
43,19,1,0.004595680024496714
43,19,2,0.004501533331542354
43,19,3,0.0039625661631649475
43,19,4,0.004171976374250045
43,19,5,0.0012808952424045357
43,19,6,0.003587458127553107
43,19,7,0.004650005069223688
43,19,8,0.0038940966865096765
43,19,9,0.004588487597236436
43,19,10,0.0031992928552152643
43,20,1,0.002371632431332524
43,20,2,0.002306495652982018
43,20,3,0.0019256934308702878
43,20,4,0.0013028628982626467
43,20,5,0.00198644105104938
43,20,6,0.0013163352063343824
43,20,7,0.0024122331414494994
43,20,8,0.0017276865292027738
43,20,9,0.0012808069369224684
43,20,10,0.0012362269396618728
43,21,1,0.0012809411686889986
43,21,2,0.0025725397893998168
43,21,3,0.0021697835664583136
43,21,4,0.0019454796159137247
43,21,5,0.0022266383258924293
43,21,6,0.0015580024549274698
43,21,7,0.0012808094969545168
43,21,8,0.0019328552727600073
43,21,9,0.0026376658480044782
43,21,10,0.0013979552549251782
43,22,1,0.001280941214155847
43,22,2,0.003981343090846598
43,22,3,0.0034764856896428832
43,22,4,0.0034400952036434413
43,22,5,0.003552010069207806
43,22,6,0.002950377380227213
43,22,7,0.003944718421211188
43,22,8,0.0033808313751837044
43,22,9,0.004062807511540504
43,22,10,0.0026306052570212336
43,23,1,0.003065092016138465
43,23,2,0.0012808050041185595
43,23,3,0.0004327490017644521
43,23,4,0.00037688116979448476
43,23,5,0.0004589196829114948
43,23,6,0.00026473949795395135
43,23,7,0.0006067608611730924
43,23,8,0.0003761886872289168
43,23,9,0.001280806943668688
43,23,10,0.00021313769170530422
43,24,1,0.0019116538738101155
43,24,2,0.0025656837677892866
43,24,3,0.0025653040627307763
43,24,4,0.001883028442113576
43,24,5,0.002428219896532615
43,24,6,0.001771233470241832
43,24,7,0.001911419270613088
43,24,8,0.0018986409238968404
43,24,9,0.0019114210319895557
43,24,10,0.0017279288887983141
44,1,1,6.37803972105256e-5
44,1,2,7.10842747735997e-5
44,1,3,6.0666436867987456e-5
44,1,4,0.00023286871588275372
44,1,5,6.49782766735812e-5
44,1,6,0.00020543113769490344
44,1,7,7.108744226287254e-5
44,1,8,3.5258925432190895e-5
44,1,9,2.8177192187305825e-8
44,1,10,0.00011914844820408263
44,2,1,6.42877585476781e-5
44,2,2,7.744901291443747e-5
44,2,3,6.068137398534642e-5
44,2,4,0.00022263633007055537
44,2,5,6.443843715044598e-5
44,2,6,0.0002990762923061684
44,2,7,7.77621930127505e-5
44,2,8,3.908812667051459e-5
44,2,9,2.817391641521704e-8
44,2,10,0.0001919946404734711
44,3,1,6.403066482283752e-5
44,3,2,7.655182828401949e-5
44,3,3,6.258432534393237e-5
44,3,4,0.00021213973023474322
44,3,5,6.439893518311616e-5
44,3,6,0.00028314392297596933
44,3,7,7.625758863690141e-5
44,3,8,3.6510478425683166e-5
44,3,9,7.702223063234244e-5
44,3,10,0.00018662654873315103
44,4,1,6.380574618020712e-5
44,4,2,7.748841088859032e-5
44,4,3,6.257902506993629e-5
44,4,4,0.000202189775917487
44,4,5,6.418560225239666e-5
44,4,6,0.0002712802546732947
44,4,7,7.923515348216405e-5
44,4,8,0.0001469883401055588
44,4,9,7.893177629447646e-5
44,4,10,0.000286323482553501
44,5,1,6.353291853219758e-5
44,5,2,7.650807691160467e-5
44,5,3,6.188268910751237e-5
44,5,4,0.00019313297666148074
44,5,5,6.325427283654088e-5
44,5,6,0.00025878863097160876
44,5,7,7.855741047433725e-5
44,5,8,0.0001827747076826081
44,5,9,7.824732670088463e-5
44,5,10,0.000187863957994676
44,6,1,6.799192605498178e-5
44,6,2,7.812677411734172e-5
44,6,3,6.070851252153598e-5
44,6,4,0.00018490204333055708
44,6,5,6.3895463765365e-5
44,6,6,0.0002477976077079333
44,6,7,7.838882006599655e-5
44,6,8,0.00016726425493382525
44,6,9,7.806943902000675e-5
44,6,10,0.00017697842283337457
44,7,1,6.774521877524515e-5
44,7,2,7.74534867146234e-5
44,7,3,6.071620429818617e-5
44,7,4,0.00017666067365042766
44,7,5,6.248719713548071e-5
44,7,6,0.000237155067400797
44,7,7,7.81163515772785e-5
44,7,8,0.0001545870808368195
44,7,9,7.784904662188083e-5
44,7,10,0.00016630698511264677
44,8,1,6.745131223432744e-5
44,8,2,7.712166755805514e-5
44,8,3,6.072086858078889e-5
44,8,4,0.00016855440333557928
44,8,5,6.213184223297975e-5
44,8,6,0.00022641832234092233
44,8,7,7.789415718841511e-5
44,8,8,0.0001431836680914311
44,8,9,7.767321740172042e-5
44,8,10,0.0002236545853167065
44,9,1,6.712088863347e-5
44,9,2,7.677071136678354e-5
44,9,3,6.0723055936420854e-5
44,9,4,0.00016064051133524341
44,9,5,6.34683569132011e-5
44,9,6,0.00021618660467634352
44,9,7,7.751140840054663e-5
44,9,8,9.746376220188463e-5
44,9,9,7.75233097539514e-5
44,9,10,0.00020959848837693546
44,10,1,6.676927856234509e-5
44,10,2,7.654015707183893e-5
44,10,3,6.07224271744195e-5
44,10,4,0.00015305493710525748
44,10,5,6.332594720197353e-5
44,10,6,0.00020646073933558085
44,10,7,7.717764070038284e-5
44,10,8,0.00012231182247077202
44,10,9,7.734405551888445e-5
44,10,10,0.0001390670146746176
44,11,1,6.638942150326269e-5
44,11,2,7.599536569663521e-5
44,11,3,6.071996315422409e-5
44,11,4,0.0001457491660797772
44,11,5,6.13288705850778e-5
44,11,6,0.00019914791149389793
44,11,7,7.717898762188766e-5
44,11,8,0.00011234375492760745
44,11,9,7.72700982197521e-5
44,11,10,0.0001315606128603414
44,12,1,6.59777724019701e-5
44,12,2,7.8411256306501e-5
44,12,3,6.07154233669179e-5
44,12,4,0.00013876628526728423
44,12,5,6.109707830220278e-5
44,12,6,0.00019223265720943924
44,12,7,7.718302763704472e-5
44,12,8,0.00010299196414551881
44,12,9,7.715730659375427e-5
44,12,10,0.00017700417907675335
44,13,1,6.552677891264973e-5
44,13,2,7.791574657950261e-5
44,13,3,6.0707821195731844e-5
44,13,4,0.00013173378643336053
44,13,5,6.0861053913728475e-5
44,13,6,0.00018433780722224995
44,13,7,7.702112942804217e-5
44,13,8,9.376678995980517e-5
44,13,9,7.704844130420346e-5
44,13,10,0.00012019123127248494
44,14,1,6.502336886714536e-5
44,14,2,7.753182885080914e-5
44,14,3,6.0702661291738805e-5
44,14,4,0.000125055819868445
44,14,5,6.0617772352198554e-5
44,14,6,0.0001762824520277348
44,14,7,7.68597728533528e-5
44,14,8,8.50386465640217e-5
44,14,9,7.694062249365607e-5
44,14,10,0.00011379379825725892
44,15,1,6.447506113020834e-5
44,15,2,7.733696253495126e-5
44,15,3,6.069922411332604e-5
44,15,4,0.00011821544660862391
44,15,5,6.034426778979148e-5
44,15,6,0.00012059951256558084
44,15,7,7.626795632781953e-5
44,15,8,7.713228055519707e-5
44,15,9,7.676328736040138e-5
44,15,10,0.0001484261855887853
44,16,1,6.387367814848054e-5
44,16,2,7.718363682216965e-5
44,16,3,6.176976536466627e-5
44,16,4,0.00011160132873446046
44,16,5,5.998457189548996e-5
44,16,6,0.00016103102254172764
44,16,7,7.650156617316398e-5
44,16,8,6.808380159119036e-5
44,16,9,7.671851231743546e-5
44,16,10,0.00010792873534484991
44,17,1,6.321427585296118e-5
44,17,2,7.704188047320983e-5
44,17,3,6.069529943788158e-5
44,17,4,0.00010537473033135554
44,17,5,5.9495000028032087e-5
44,17,6,0.00015365669345752508
44,17,7,7.63021662820978e-5
44,17,8,5.755082537113642e-5
44,17,9,7.662582000046069e-5
44,17,10,9.684218449387385e-5
44,18,1,6.252285576876813e-5
44,18,2,7.689055113572468e-5
44,18,3,6.177450343165392e-5
44,18,4,9.919569970717523e-5
44,18,5,5.889324792419578e-5
44,18,6,0.00010715624948581568
44,18,7,7.607503737815985e-5
44,18,8,4.43015636604892e-5
44,18,9,7.651964085517884e-5
44,18,10,9.998898535327786e-5
44,19,1,6.16873706424527e-5
44,19,2,7.667458916919346e-5
44,19,3,7.922970302540166e-5
44,19,4,9.37053725981492e-5
44,19,5,6.023442298302777e-5
44,19,6,0.00010128407513020806
44,19,7,7.580394372124345e-5
44,19,8,0.00017817419080962227
44,19,9,7.638225332078013e-5
44,19,10,0.00011667575756759754
44,20,1,6.074822374811898e-5
44,20,2,7.661420625980636e-5
44,20,3,7.79230819825229e-5
44,20,4,8.654970419601196e-5
44,20,5,8.229443527608481e-5
44,20,6,9.656578299102082e-5
44,20,7,7.541493099144158e-5
44,20,8,0.00013795301476995467
44,20,9,7.622095019795709e-5
44,20,10,0.00010592782826870638
44,21,1,5.958524756231384e-5
44,21,2,7.646109414560203e-5
44,21,3,7.702703937621407e-5
44,21,4,0.00012614191834820168
44,21,5,7.924566797434082e-5
44,21,6,9.732978978887444e-5
44,21,7,7.473506854547375e-5
44,21,8,0.00010901919684896944
44,21,9,7.601186833861072e-5
44,21,10,0.00010048022659135968
44,22,1,5.783961570819147e-5
44,22,2,7.625322417822242e-5
44,22,3,7.619397984585477e-5
44,22,4,0.00013262088784912773
44,22,5,7.410577880190786e-5
44,22,6,0.00013549053889333454
44,22,7,7.785512756524215e-5
44,22,8,7.368937505823368e-5
44,22,9,7.570670865017485e-5
44,22,10,0.0001330787404155082
44,23,1,7.747135563523859e-5
44,23,2,7.569887074530039e-5
44,23,3,7.48252246849977e-5
44,23,4,9.602137876804179e-5
44,23,5,7.275267116099443e-5
44,23,6,0.00012642330795118516
44,23,7,7.615310344694989e-5
44,23,8,5.909379417385976e-5
44,23,9,7.509426918709851e-5
44,23,10,0.00012026478271171505
44,24,1,7.747949073897542e-5
44,24,2,7.69982800586073e-5
44,24,3,7.697911004326212e-5
44,24,4,0.0001395837522957344
44,24,5,7.695155150283223e-5
44,24,6,0.000162798228826497
44,24,7,7.700667062573832e-5
44,24,8,0.00010647396232204087
44,24,9,7.70037960839586e-5
44,24,10,0.00014848698505478094
45,1,1,6.963121679741745e-5
45,1,2,6.923796866952435e-5
45,1,3,6.927012913610237e-5
45,1,4,0.00014624389582171935
45,1,5,6.949889054941984e-5
45,1,6,0.00019698274960791505
45,1,7,6.924581065751339e-5
45,1,8,0.00010558472597429339
45,1,9,6.924450539172224e-5
45,1,10,0.0001850516200953387
45,2,1,6.963231540178913e-5
45,2,2,6.923905363558474e-5
45,2,3,6.927025811420468e-5
45,2,4,0.00014650370636852233
45,2,5,6.949975920054676e-5
45,2,6,0.0001973285045918981
45,2,7,6.925223394676785e-5
45,2,8,0.00010571647889744195
45,2,9,6.924426592281306e-5
45,2,10,0.00018608925446424954
45,3,1,6.963048211752321e-5
45,3,2,6.923882482096357e-5
45,3,3,6.927005599043294e-5
45,3,4,0.00014627486029915296
45,3,5,6.94984965849691e-5
45,3,6,0.0001967344382133132
45,3,7,6.925172797009763e-5
45,3,8,0.00010505122777451432
45,3,9,6.924525666195873e-5
45,3,10,0.00018548947912118535
45,4,1,6.963370005905469e-5
45,4,2,6.92392359698972e-5
45,4,3,6.927037303269896e-5
45,4,4,0.000146952027751193
45,4,5,6.950069904536223e-5
45,4,6,0.00019779487366622682
45,4,7,6.925323078774602e-5
45,4,8,0.00010607664574677455
45,4,9,6.924546116246125e-5
45,4,10,0.0001866446714043156
45,5,1,6.96261904451585e-5
45,5,2,6.923899726038155e-5
45,5,3,6.927010815999837e-5
45,5,4,0.00014645946828632268
45,5,5,6.949572716021347e-5
45,5,6,0.00019717617737575495
45,5,7,6.925307443909384e-5
45,5,8,0.00010580342734421673
45,5,9,6.924535406689956e-5
45,5,10,0.0001857836572948592
45,6,1,6.963337356040913e-5
45,6,2,6.923945087050809e-5
45,6,3,6.927033310312324e-5
45,6,4,0.0001469268467352987
45,6,5,6.950077742388843e-5
45,6,6,0.00019799351621089555
45,6,7,6.925319739725929e-5
45,6,8,0.00010600642913408404
45,6,9,6.924543594406674e-5
45,6,10,0.0001864541523046273
45,7,1,6.963311576727556e-5
45,7,2,6.923945086807721e-5
45,7,3,6.927033462219878e-5
45,7,4,0.00014693331759275174
45,7,5,6.950060408589775e-5
45,7,6,0.00019790113983744943
45,7,7,6.925319718424343e-5
45,7,8,0.00010600077948171094
45,7,9,6.924544684060044e-5
45,7,10,0.0001864383250574042
45,8,1,6.963318537628235e-5
45,8,2,6.923945302740784e-5
45,8,3,6.927033872988104e-5
45,8,4,0.0001468975326074218
45,8,5,6.950066785245138e-5
45,8,6,0.000198100338777235
45,8,7,6.925320072997046e-5
45,8,8,0.00010601573938069421
45,8,9,6.924543653354632e-5
45,8,10,0.00018655620371312107
45,9,1,6.96312001434962e-5
45,9,2,6.923924348111608e-5
45,9,3,6.927014002287148e-5
45,9,4,0.00014650843439888107
45,9,5,6.949935173696657e-5
45,9,6,0.00019743644806032728
45,9,7,6.925307988523625e-5
45,9,8,0.00010579428314385128
45,9,9,6.924535792571013e-5
45,9,10,0.0001858673720721918
45,10,1,6.963115952898274e-5
45,10,2,6.923939480748883e-5
45,10,3,6.927012999449872e-5
45,10,4,0.0001464857691506787
45,10,5,6.94993260545789e-5
45,10,6,0.00019582131632187727
45,10,7,6.92527268649598e-5
45,10,8,0.00010578876014909047
45,10,9,6.924511138785871e-5
45,10,10,0.00018586602607944822
45,11,1,6.963062448426832e-5
45,11,2,6.923924205295992e-5
45,11,3,6.927006898964384e-5
45,11,4,0.00014637539452403442
45,11,5,6.949894525985588e-5
45,11,6,0.00019727547665351273
45,11,7,6.925272891277837e-5
45,11,8,0.00010527479891727922
45,11,9,6.924532636224241e-5
45,11,10,0.00018449440308679178
45,12,1,6.96328068273496e-5
45,12,2,6.923953711311938e-5
45,12,3,6.927038422776028e-5
45,12,4,0.0001468301082431648
45,12,5,6.949584154005266e-5
45,12,6,0.0001980600035385529
45,12,7,6.925317047810807e-5
45,12,8,0.00010598133592202833
45,12,9,6.924541886147559e-5
45,12,10,0.00018639990526735355
45,13,1,6.963183294225892e-5
45,13,2,6.923951046269427e-5
45,13,3,6.926958011013487e-5
45,13,4,0.00014666467635103826
45,13,5,6.949583580296107e-5
45,13,6,0.0001978308807973102
45,13,7,6.925310991109025e-5
45,13,8,0.00010527740750246424
45,13,9,6.924537463377258e-5
45,13,10,0.00018623678627219153
45,14,1,6.963195189569878e-5
45,14,2,6.923951305479974e-5
45,14,3,6.926958214599007e-5
45,14,4,0.00014668453881777917
45,14,5,6.950006220435666e-5
45,14,6,0.0001978710837953044
45,14,7,6.925311737607145e-5
45,14,8,0.00010527968205241787
45,14,9,6.924538086582567e-5
45,14,10,0.0001861966135009281
45,15,1,6.962595943710172e-5
45,15,2,6.923949585667051e-5
45,15,3,6.926958160449038e-5
45,15,4,0.000146530073375205
45,15,5,6.949960991356913e-5
45,15,6,0.00019762243832676104
45,15,7,6.925272902506724e-5
45,15,8,0.00010580242051683391
45,15,9,6.924535085937837e-5
45,15,10,0.00018594961721122322
45,16,1,6.963261083686984e-5
45,16,2,6.923953184605045e-5
45,16,3,6.927060938372334e-5
45,16,4,0.0001455194167167568
45,16,5,6.950058265283602e-5
45,16,6,0.00019804658614509468
45,16,7,6.925316029575983e-5
45,16,8,0.00010595072209514483
45,16,9,6.924540905864831e-5
45,16,10,0.00018437730338163942
45,17,1,6.962976346709297e-5
45,17,2,6.923934207184239e-5
45,17,3,6.926958020856783e-5
45,17,4,0.00014622272996216368
45,17,5,6.94986662570216e-5
45,17,6,0.00019603211795857526
45,17,7,6.925298790912676e-5
45,17,8,0.00010564082386584214
45,17,9,6.924511172956887e-5
45,17,10,0.00018536646432577655
45,18,1,6.962588939398886e-5
45,18,2,6.923948433101323e-5
45,18,3,6.926957957793964e-5
45,18,4,0.00014550215174968057
45,18,5,6.94993261135579e-5
45,18,6,0.00019747139342478356
45,18,7,6.925304504522929e-5
45,18,8,0.00010522092344057937
45,18,9,6.924511053056101e-5
45,18,10,0.00018581836987401862
45,19,1,6.963240141857577e-5
45,19,2,6.92395237513303e-5
45,19,3,6.927437074077634e-5
45,19,4,0.00014680075862191224
45,19,5,6.949605091241308e-5
45,19,6,0.00019794704617361449
45,19,7,6.925313937336395e-5
45,19,8,0.00010629714118881668
45,19,9,6.924539708552804e-5
45,19,10,0.00018627844219004045
45,20,1,6.963104080285041e-5
45,20,2,6.923949302155795e-5
45,20,3,6.927423704398077e-5
45,20,4,0.0001455113749396987
45,20,5,6.950022959640842e-5
45,20,6,0.00019601428109169072
45,20,7,6.925306098771676e-5
45,20,8,0.0001061796316373097
45,20,9,6.924511039333436e-5
45,20,10,0.00018593871651957763
45,21,1,6.962565226535516e-5
45,21,2,6.923949724689738e-5
45,21,3,6.927425068474732e-5
45,21,4,0.00014673565648999192
45,21,5,6.950033326267137e-5
45,21,6,0.00019753016485344165
45,21,7,6.925271621886656e-5
45,21,8,0.00010619313299016186
45,21,9,6.924534778239272e-5
45,21,10,0.00018598781683031235
45,22,1,6.962563285564117e-5
45,22,2,6.923951760077629e-5
45,22,3,6.927433890517663e-5
45,22,4,0.00014696701255668024
45,22,5,6.950088704111283e-5
45,22,6,0.00019781793927333796
45,22,7,6.925321191259891e-5
45,22,8,0.0001062368534031729
45,22,9,6.924537475499523e-5
45,22,10,0.00018621566657516179
45,23,1,6.99637373134495e-5
45,23,2,6.923934270189131e-5
45,23,3,6.927408110278784e-5
45,23,4,0.00014644409275418874
45,23,5,6.949930200372373e-5
45,23,6,0.0001969160907876822
45,23,7,6.925307940092252e-5
45,23,8,0.00010598615122647859
45,23,9,6.924510108467392e-5
45,23,10,0.0001853000054127617
45,24,1,7.002016907556953e-5
45,24,2,6.923986227698208e-5
45,24,3,6.927438809028639e-5
45,24,4,0.0001476057001199161
45,24,5,6.950181900424443e-5
45,24,6,0.0001983852117946696
45,24,7,6.9253658901698e-5
45,24,8,0.00010660159214092835
45,24,9,6.924576102154214e-5
45,24,10,0.00018648450739147985
46,1,1,0.0029254459580581476
46,1,2,0.000452905712317982
46,1,3,0.0028774741740034988
46,1,4,0.0025446726199093894
46,1,5,0.002883389203955055
46,1,6,0.002614135580594549
46,1,7,0.00045290831338246215
46,1,8,0.0034466742466993747
46,1,9,0.004869433254318274
46,1,10,0.0025230517187786474
46,2,1,0.005358953528820419
46,2,2,0.012024114824404008
46,2,3,0.0052929926737415355
46,2,4,0.005028093058048643
46,2,5,0.005308093024228201
46,2,6,0.005281767762489527
46,2,7,0.011284142800798933
46,2,8,0.007408430463924023
46,2,9,0.0004529079165328727
46,2,10,0.0046715650805894925
46,3,1,0.0019584712168122516
46,3,2,0.00045290600358301723
46,3,3,0.0019150976746492695
46,3,4,0.0017707663720000336
46,3,5,0.001923018241652188
46,3,6,0.0018964649491777794
46,3,7,0.0004529102260236368
46,3,8,0.0004638285595888758
46,3,9,0.003396392870695826
46,3,10,0.0015081857389889635
46,4,1,0.009455220706823213
46,4,2,0.013385530644273568
46,4,3,0.008707427351468877
46,4,4,0.0080090664256532
46,4,5,0.009469905563050763
46,4,6,0.007620995895419441
46,4,7,0.01006850441821026
46,4,8,0.00978919956107056
46,4,9,0.009976007902246673
46,4,10,0.007744926159253719
46,5,1,0.0004530383204420713
46,5,2,0.000452906064350511
46,5,3,0.0030442734504342976
46,5,4,0.002559008007453132
46,5,5,0.00045299348611339965
46,5,6,0.00238664858705863
46,5,7,0.003860409524087912
46,5,8,0.003687040227519485
46,5,9,0.003803799586855986
46,5,10,0.0023895730864239373
46,6,1,0.008582091144547855
46,6,2,0.009987163779317092
46,6,3,0.00788042450385758
46,6,4,0.007260412788859702
46,6,5,0.008617678703003853
46,6,6,0.006942465431834235
46,6,7,0.009175215872677346
46,6,8,0.008879715431690624
46,6,9,0.009086407348589329
46,6,10,0.007058358941502826
46,7,1,0.008584359098666979
46,7,2,0.00998748236732256
46,7,3,0.00788037636806192
46,7,4,0.007259984080866375
46,7,5,0.008604710052790596
46,7,6,0.006978681320748164
46,7,7,0.00917524013426599
46,7,8,0.008878774560168627
46,7,9,0.009086764986191811
46,7,10,0.006970142781968928
46,8,1,0.008583719879590055
46,8,2,0.009987101141607422
46,8,3,0.007879575914681783
46,8,4,0.0073103571882401006
46,8,5,0.008604707524177671
46,8,6,0.006890832124248237
46,8,7,0.009175296577371901
46,8,8,0.009053196646596985
46,8,9,0.009086601710946404
46,8,10,0.006747174409866218
46,9,1,0.0036257227587876417
46,9,2,0.0004529062553754293
46,9,3,0.0031763151220406145
46,9,4,0.002750199709673347
46,9,5,0.003641677044278592
46,9,6,0.0029133681699647497
46,9,7,0.0040092223228824254
46,9,8,0.003962640246715904
46,9,9,0.003951610516967507
46,9,10,0.002530168122262033
46,10,1,0.003631757702901518
46,10,2,0.004555160336371608
46,10,3,0.003183690264520541
46,10,4,0.002746376829161568
46,10,5,0.003646211058091396
46,10,6,0.0004896675819878987
46,10,7,0.0004529105544862106
46,10,8,0.004035967433650931
46,10,9,0.0004529080820337353
46,10,10,0.002510525905125484
46,11,1,0.002653873161415733
46,11,2,0.00045290742896402614
46,11,3,0.002273369391337723
46,11,4,0.002033397261318841
46,11,5,0.0026699158980030414
46,11,6,0.002038527732057374
46,11,7,0.0004529104980895898
46,11,8,0.0004640312441615202
46,11,9,0.0029338467658333394
46,11,10,0.00048578601404162836
46,12,1,0.007742481480353458
46,12,2,0.008089722615074924
46,12,3,0.00993770274415034
46,12,4,0.006571965684106616
46,12,5,0.0004529935853205146
46,12,6,0.006467697409725218
46,12,7,0.008290903498289278
46,12,8,0.008336805843072467
46,12,9,0.008207408637120845
46,12,10,0.006362188327284831
46,13,1,0.005366780619655135
46,13,2,0.005662625396950442
46,13,3,0.000452915889022341
46,13,4,0.00443741928862627
46,13,5,0.00045299360251507196
46,13,6,0.004287382265642707
46,13,7,0.005829994450829095
46,13,8,0.0004639223807505734
46,13,9,0.005760465985363675
46,13,10,0.004111203631323309
46,14,1,0.005504770187401816
46,14,2,0.005806434339214547
46,14,3,0.0004529158888009372
46,14,4,0.004663749659322752
46,14,5,0.0055217251634408805
46,14,6,0.004301886526946832
46,14,7,0.0059764863954582205
46,14,8,0.00046427996733392174
46,14,9,0.005905799863373267
46,14,10,0.004298493128008585
46,15,1,0.0004530384105610568
46,15,2,0.004057214091647866
46,15,3,0.0004529158900444244
46,15,4,0.0029257167455520898
46,15,5,0.0038224174562444565
46,15,6,0.0027487482685241787
46,15,7,0.00045291072398143714
46,15,8,0.004250602447066151
46,15,9,0.004139865075595063
46,15,10,0.0026622489815320487
46,16,1,0.007315481708909957
46,16,2,0.007656653231506405
46,16,3,0.01821018359919263
46,16,4,0.0004749806020178721
46,16,5,0.00733129321432842
46,16,6,0.0060885735016830205
46,16,7,0.007852815164715086
46,16,8,0.007819304041333186
46,16,9,0.007771426234933189
46,16,10,0.0004853683168673764
46,17,1,0.001404807656285623
46,17,2,0.00045290620848758835
46,17,3,0.0004529158920732095
46,17,4,0.0012659875461473425
46,17,5,0.0014128006179531674
46,17,6,0.0004893415817220833
46,17,7,0.001645399645985502
46,17,8,0.0015864751464407425
46,17,9,0.0004529080823156802
46,17,10,0.0008654521552697101
46,18,1,0.00045303843595184776
46,18,2,0.0032903471349225812
46,18,3,0.000452915893570698
46,18,4,0.0004749870389228859
46,18,5,0.0030774892616059336
46,18,6,0.002226740695018385
46,18,7,0.003418111915192392
46,18,8,0.00046393330852224565
46,18,9,0.0004529080826485808
46,18,10,0.002061002342238344
46,19,1,0.006817425372435997
46,19,2,0.00670142089807688
46,19,3,0.006033221031371629
46,19,4,0.006288972505183088
46,19,5,0.00045299378300351967
46,19,6,0.0055491871760130285
46,19,7,0.006884312513924582
46,19,8,0.005945257499321977
46,19,9,0.006808591151168473
46,19,10,0.005054488027964746
46,20,1,0.004006206580738413
46,20,2,0.003920785353490076
46,20,3,0.0034154577345435156
46,20,4,0.00047500467569826373
46,20,5,0.0034967634994030107
46,20,6,0.0004893728834103148
46,20,7,0.00405938098027046
46,20,8,0.0031439764145084624
46,20,9,0.00045290808379377397
46,20,10,0.0024518519846922528
46,21,1,0.00045303847942817523
46,21,2,0.004268276655028201
46,21,3,0.003740543998902451
46,21,4,0.003431683681872101
46,21,5,0.003815625395043605
46,21,6,0.0028994822893097924
46,21,7,0.0004529105679459457
46,21,8,0.0034206623454523482
46,21,9,0.004352745561713771
46,21,10,0.0026797471899591857
46,22,1,0.0004530385065840776
46,22,2,0.006056623031714772
46,22,3,0.005423890685391824
46,22,4,0.0053690127680353856
46,22,5,0.005519014452790429
46,22,6,0.004732061456046484
46,22,7,0.006010966232015347
46,22,8,0.005299129271863575
46,22,9,0.006158040746217997
46,22,10,0.004320887555319849
46,23,1,0.00490206229436659
46,23,2,0.00045290621432046474
46,23,3,0.0012418660550494644
46,23,4,0.0011260910466324632
46,23,5,0.0012860121862271017
46,23,6,0.0008962951724733957
46,23,7,0.0015275834970128893
46,23,8,0.0011332766773302567
46,23,9,0.0004529080890366311
46,23,10,0.0007928124430192763
46,24,1,0.0033965347816874206
46,24,2,0.004259370695012896
46,24,3,0.004258874859883823
46,24,4,0.0033474733375936845
46,24,5,0.0040802573595421915
46,24,6,0.0031887740575053704
46,24,7,0.0033963051951832455
46,24,8,0.003374567910271925
46,24,9,0.0033963083696432247
46,24,10,0.003137087554649345
47,1,1,0.00423302975946526
47,1,2,0.00011042038094274616
47,1,3,0.004174816582528539
47,1,4,0.0037633306124401212
47,1,5,0.004181978647517397
47,1,6,0.0038449784639209357
47,1,7,0.00011042286496549468
47,1,8,0.004858883907217584
47,1,9,0.0065470921270445424
47,1,10,0.0037342697176618676
47,2,1,0.007119530556327008
47,2,2,0.014730499522026172
47,2,3,0.007042594172622725
47,2,4,0.006725613674532178
47,2,5,0.007060201443285525
47,2,6,0.0070619219301316155
47,2,7,0.013896024338375635
47,2,8,0.009487607429240064
47,2,9,0.00011042283846734995
47,2,10,0.006301916894610231
47,3,1,0.00304154137666853
47,3,2,0.00011042083457596075
47,3,3,0.002987087180104999
47,3,4,0.0027991258994945895
47,3,5,0.0029970156465819056
47,3,6,0.0029543668862881483
47,3,7,0.00011042494692727991
47,3,8,0.00012256821761562865
47,3,9,0.004801318507346539
47,3,10,0.002460332220467388
47,4,1,0.01182518982459391
47,4,2,0.01626169140395112
47,4,3,0.010974356483031406
47,4,4,0.010174522565283324
47,4,5,0.011841876467832465
47,4,6,0.00972831159285542
47,4,7,0.012521076150612067
47,4,8,0.01220324035871888
47,4,9,0.012416226288551534
47,4,10,0.009870831953934843
47,5,1,0.0001105551401271965
47,5,2,0.00011042097288019899
47,5,3,0.004377046725400056
47,5,4,0.0037808124923622644
47,5,5,0.00011050957324493277
47,5,6,0.0035640961328915646
47,5,7,0.005355736856169295
47,5,8,0.005145955844803849
47,5,9,0.005288352647977736
47,5,10,0.0035695858249236833
47,6,1,0.010831455794032106
47,6,2,0.012428874414280552
47,6,3,0.010029912910097255
47,6,4,0.009316231570125302
47,6,5,0.010872042209927312
47,6,6,0.008945132704917107
47,6,7,0.011506931321824936
47,6,8,0.011169435466770143
47,6,9,0.011405907752447075
47,6,10,0.009082347938584631
47,7,1,0.010834042188037659
47,7,2,0.012429235591477213
47,7,3,0.01002985783395186
47,7,4,0.00931572562352238
47,7,5,0.010857253167976914
47,7,6,0.00899002224163404
47,7,7,0.011506958684702943
47,7,8,0.011168345674541
47,7,9,0.011406314076572896
47,7,10,0.008980729985620193
47,8,1,0.010833313437471084
47,8,2,0.012428803362808966
47,8,3,0.01002894181156287
47,8,4,0.009373697149285617
47,8,5,0.010857250306092489
47,8,6,0.008889660581655957
47,8,7,0.011507023027776005
47,8,8,0.011366971345083726
47,8,9,0.01140612890997961
47,8,10,0.008724538844982683
47,9,1,0.005075894530583545
47,9,2,0.0001104211724984705
47,9,3,0.00453653934538251
47,9,4,0.004014143858711538
47,9,5,0.005094971133432026
47,9,6,0.004209019242246606
47,9,7,0.005532565340565264
47,9,8,0.005474936524757521
47,9,9,0.00546415798374169
47,9,10,0.003742683798965949
47,10,1,0.005083117682891004
47,10,2,0.006177826084473416
47,10,3,0.004545436766374202
47,10,4,0.004010231912926596
47,10,5,0.005100392352589021
47,10,6,0.0001594451559837128
47,10,7,0.00011042537087669554
47,10,8,0.005562350921607917
47,10,9,0.00011042305055097828
47,10,10,0.0037188727504158152
47,11,1,0.00390226355650556
47,11,2,0.00011042108914073878
47,11,3,0.0034341315656361998
47,11,4,0.003130102781613744
47,11,5,0.003921888074886574
47,11,6,0.0031190756489590473
47,11,7,0.0001104253681635012
47,11,8,0.00012277468399650297
47,11,9,0.004243263431833135
47,11,10,0.00015382662460219375
47,12,1,0.009871966441106746
47,12,2,0.010269311216416225
47,12,3,0.012372789703839348
47,12,4,0.008523315513626537
47,12,5,0.00011050964952719838
47,12,6,0.00840030640557462
47,12,7,0.010499175402627426
47,12,8,0.010550353030538513
47,12,9,0.010403805266010825
47,12,10,0.008278877326322069
47,13,1,0.007128658305129272
47,13,2,0.0074732094758546835
47,13,3,0.00011043102334634345
47,13,4,0.006029759928307232
47,13,5,0.00011050966103262865
47,13,6,0.0058472411753107785
47,13,7,0.0076676847718488775
47,13,8,0.00012267065049411895
47,13,9,0.007586932125949305
47,13,10,0.005640342769326037
47,14,1,0.007289485909022636
47,14,2,0.007640327376017057
47,14,3,0.00011043112025109652
47,14,4,0.006296473896072471
47,14,5,0.007309237600020444
47,14,6,0.0058642372013857184
47,14,7,0.007837662158708776
47,14,8,0.00012305040151334225
47,14,9,0.007755671034914558
47,14,10,0.005861367769514297
47,15,1,0.00011055515223375337
47,15,2,0.005589504419831718
47,15,3,0.00011043112186109191
47,15,4,0.004228143151834601
47,15,5,0.005310506154698943
47,15,6,0.00400910556940116
47,15,7,0.00011042548546793316
47,15,8,0.005816535014630358
47,15,9,0.005687456892732082
47,15,10,0.003904430561741765
47,16,1,0.009382293734349349
47,16,2,0.009773656397016783
47,16,3,0.021656951775953937
47,16,4,0.0001374101351986702
47,16,5,0.009400454897416947
47,16,6,0.007960467307980555
47,16,7,0.009998312921628881
47,16,8,0.009958494077355544
47,16,9,0.009905131645063264
47,16,10,0.00015349439760087673
47,17,1,0.002335883137167767
47,17,2,0.00011042112777356054
47,17,3,0.00011043112511684858
47,17,4,0.002147777003027764
47,17,5,0.00234627995947125
47,17,6,0.00015935162956826047
47,17,7,0.0026454572710514794
47,17,8,0.0025664697579867914
47,17,9,0.0001104230511534931
47,17,10,0.0016052946849479915
47,18,1,0.00011055518063343536
47,18,2,0.00467389575749002
47,18,3,0.00011043112792223532
47,18,4,0.00013741965123075374
47,18,5,0.004417200611671638
47,18,6,0.00336715996310306
47,18,7,0.004827380896390443
47,18,8,0.0001226828996819839
47,18,9,0.00011042305164256748
47,18,10,0.0031614641810315085
47,19,1,0.008809483310548295
47,19,2,0.008675806435132605
47,19,3,0.007903433802481057
47,19,4,0.008196034632240088
47,19,5,0.00011050985280980592
47,19,6,0.007331653661275079
47,19,7,0.008886537441770615
47,19,8,0.007799648700770022
47,19,9,0.008799322915238944
47,19,10,0.0067523270663461836
47,20,1,0.005528965829501103
47,20,2,0.005427533907604734
47,20,3,0.004824195494562
47,20,4,0.00013744266507721034
47,20,5,0.004921647946942395
47,20,6,0.00015939728394583321
47,20,7,0.005592073098919424
47,20,8,0.004495054975018086
47,20,9,0.00011042305402221245
47,20,10,0.0036464689403387625
47,21,1,0.00011055521769702104
47,21,2,0.005839396351644768
47,21,3,0.005212975926074519
47,21,4,0.004837516735910456
47,21,5,0.005302418641680034
47,21,6,0.004192198372853824
47,21,7,0.00011042537962245837
47,21,8,0.004827798661224485
47,21,9,0.005939184041896449
47,21,10,0.0039256845029019185
47,22,1,0.00011055523692928647
47,22,2,0.00793055471855117
47,22,3,0.0071952710497278
47,22,4,0.007125395935063648
47,22,5,0.007306077285169218
47,22,6,0.006371717036117035
47,22,7,0.007877636742706412
47,22,8,0.007047161656805132
47,22,9,0.00804802339417399
47,22,10,0.005887970148532717
47,23,1,0.0065853096332246465
47,23,2,0.00011042114017078041
47,23,3,0.002123159136514177
47,23,4,0.0019624047791899552
47,23,5,0.002181065226713723
47,23,6,0.0016461430069927754
47,23,7,0.0024945258350079825
47,23,8,0.0019750363627660623
47,23,9,0.00011042306096806634
47,23,10,0.0015038535850854463
47,24,1,0.004801445544533866
47,24,2,0.005828867696743443
47,24,3,0.005828279775948618
47,24,4,0.004736406445697302
47,24,5,0.005616812512843853
47,24,6,0.004540862605716468
47,24,7,0.0048012132912447335
47,24,8,0.004772370027309711
47,24,9,0.004801217606001172
47,24,10,0.004484212061234656
48,1,1,0.004736496197183503
48,1,2,5.0168696519894134e-5
48,1,3,0.004674267655069053
48,1,4,0.004232611133443672
48,1,5,0.004681919366448532
48,1,6,0.004319188488143132
48,1,7,5.017133142471413e-5
48,1,8,0.005404094956343158
48,1,9,0.007201705464784948
48,1,10,0.00420085630931175
48,2,1,0.007809716564013358
48,2,2,0.01587188252837292
48,2,3,0.007728032104754671
48,2,4,0.007389420550680997
48,2,5,0.007746724538254993
48,2,6,0.007745579336716352
48,2,7,0.014988594129404549
48,2,8,0.010320653850711714
48,2,9,5.017126161366697e-5
48,2,10,0.006937849804932325
48,3,1,0.003459050752277898
48,3,2,5.016910674125639e-5
48,3,3,0.0034004563824839413
48,3,4,0.003196599073392696
48,3,5,0.0034111357511149684
48,3,6,0.0033629775193491896
48,3,7,5.017367869502562e-5
48,3,8,6.454488493071413e-5
48,3,9,0.005343362525662405
48,3,10,0.0028299754036182384
48,4,1,0.012796530473805679
48,4,2,0.01749277975744006
48,4,3,0.011895704845024379
48,4,4,0.011048024398030383
48,4,5,0.012814196958505187
48,4,6,0.010574845229231534
48,4,7,0.013533202282757676
48,4,8,0.013196483661415112
48,4,9,0.01342221214952693
48,4,10,0.01072594742518718
48,5,1,5.030798780819742e-5
48,5,2,5.0169579670302414e-5
48,5,3,0.004890414850834623
48,5,4,0.004251288795764332
48,5,5,5.026094023414786e-5
48,5,6,0.004017809193981412
48,5,7,0.005934353534991521
48,5,8,0.005710015838285557
48,5,9,0.005862572341966313
48,5,10,0.00402417871786972
48,6,1,0.01174438444989628
48,6,2,0.013435601165226163
48,6,3,0.010895497884466377
48,6,4,0.010138695100137016
48,6,5,0.01178736544431274
48,6,6,0.009743731352046965
48,6,7,0.01245959458552459
48,6,8,0.012101971160914113
48,6,9,0.01235263667815898
48,6,10,0.009890368073976172
48,7,1,0.011747123032857801
48,7,2,0.013435986427573926
48,7,3,0.010895439546858699
48,7,4,0.01013814602635216
48,7,5,0.01177170276531132
48,7,6,0.009792352955428903
48,7,7,0.012459623479717491
48,7,8,0.0121008047594659
48,7,9,0.01235306662097897
48,7,10,0.009782601630969875
48,8,1,0.011746351531711415
48,8,2,0.013435525799321023
48,8,3,0.010894469275261352
48,8,4,0.010199598835991856
48,8,5,0.01177169986749041
48,8,6,0.009686295409934275
48,8,7,0.012459691674763221
48,8,8,0.012311142758830503
48,8,9,0.012352870832273532
48,8,10,0.009511352732498451
48,9,1,0.0056361578000741356
48,9,2,5.0169815467619666e-5
48,9,3,0.00506076487950212
48,9,4,0.00450102559353442
48,9,5,0.005656491950980277
48,9,6,0.004708399664756772
48,9,7,0.006122655147052681
48,9,8,0.0060607842631533295
48,9,9,0.006049823985070008
48,9,10,0.004209786161657863
48,10,1,0.005643859384053437
48,10,2,0.006809199267903944
48,10,3,0.005070265771920187
48,10,4,0.004496947064913659
48,10,5,0.005662275028680963
48,10,6,0.00011347384004860781
48,10,7,5.017420230441917e-5
48,10,8,0.006153884309748581
48,10,9,5.017151940968466e-5
48,10,10,0.004184290303025417
48,11,1,0.004382662463275103
48,11,2,5.016972714181275e-5
48,11,3,0.0038809179288453663
48,11,4,0.0035530080770416537
48,11,5,0.004403673603876757
48,11,6,0.0035369718036345095
48,11,7,5.017419985430924e-5
48,11,8,6.483827173327147e-5
48,11,9,0.004747444885184485
48,11,10,0.00010672546818120332
48,12,1,0.010728185579344058
48,12,2,0.011149064869349972
48,12,3,0.013376231159516708
48,12,4,0.009298122318196995
48,12,5,5.026179173068806e-5
48,12,6,0.009166948520789276
48,12,7,0.011392510193733024
48,12,8,0.01144640037747566
48,12,9,0.011291507881002324
48,12,10,0.009038274280487785
48,13,1,0.007819406798020099
48,13,2,0.008185149750668114
48,13,3,5.018059995360902e-5
48,13,4,0.006649372843691547
48,13,5,5.0261701191167906e-5
48,13,6,0.0064538128131124035
48,13,7,0.008391517426876173
48,13,8,6.496774568552391e-5
48,13,9,0.008305831940052355
48,13,10,0.006233990887661712
48,14,1,0.007990143658464411
48,14,2,0.008362489732624417
48,14,3,5.0180600474511305e-5
48,14,4,0.006933006828149467
48,14,5,0.008011111700649954
48,14,6,0.006471894664324931
48,14,7,0.008571853673401717
48,14,8,6.526390644779318e-5
48,14,9,0.008484869802285782
48,14,10,0.006469175856904299
48,15,1,5.0309138563253884e-5
48,15,2,0.006183283940293212
48,15,3,5.0180602354055975e-5
48,15,4,0.0047299548798725765
48,15,5,0.005886169041098202
48,15,6,0.004494768179140881
48,15,7,5.017434704197017e-5
48,15,8,0.00642442218254203
48,15,9,0.006287549314103094
48,15,10,0.004382972062748201
48,16,1,0.010209403574099277
48,16,2,0.010624045551488166
48,16,3,0.02320771745902508
48,16,4,8.482332196065146e-5
48,16,5,0.010228648263982046
48,16,6,0.008700169001967142
48,16,7,0.010862025885582166
48,16,8,0.010819504939545947
48,16,9,0.010763321296699114
48,16,10,0.00010624810049833213
48,17,1,0.002697456171266076
48,17,2,5.0169771294890234e-5
48,17,3,5.018060693676737e-5
48,17,4,0.00249189490002436
48,17,5,0.002708722620475945
48,17,6,0.00011348527240315974
48,17,7,0.0030321984672209393
48,17,8,0.002946050565282997
48,17,9,5.0171519556695536e-5
48,17,10,0.0018993294864796243
48,18,1,5.030918191265481e-5
48,18,2,0.0052073965823192896
48,18,3,5.018061052272659e-5
48,18,4,8.483725911522419e-5
48,18,5,0.004933307920569144
48,18,6,0.003806795021689093
48,18,7,0.005371165535943388
48,18,8,6.469715771193091e-5
48,18,9,5.017152052092015e-5
48,18,10,0.003585948361768709
48,19,1,0.00960235536383275
48,19,2,0.009460658707340783
48,19,3,0.008641625128887784
48,19,4,0.00895105177980213
48,19,5,5.026192763418704e-5
48,19,6,0.008032348354858367
48,19,7,0.009684032365195622
48,19,8,0.008531061355825096
48,19,9,0.009591589591292915
48,19,10,0.007416795322323173
48,20,1,0.00611882633927465
48,20,2,0.006010822648117696
48,20,3,0.0053677672299614395
48,20,4,8.486900825941025e-5
48,20,5,0.005471705747024715
48,20,6,0.00011354581270801346
48,20,7,0.006186018225372152
48,20,8,0.005015846318291453
48,20,9,5.017152356723681e-5
48,20,10,0.004106668589208423
48,21,1,5.0309235119846555e-5
48,21,2,0.006449236899538912
48,21,3,0.005782261619193437
48,21,4,0.005380339360364597
48,21,5,0.0058775533748581296
48,21,6,0.004690472626447852
48,21,7,5.017421526010432e-5
48,21,8,0.00537093189650549
48,21,9,0.006555398528680854
48,21,10,0.004405636929378231
48,22,1,5.0309258867787275e-5
48,22,2,0.008670394313519632
48,22,3,0.007890133571212175
48,22,4,0.007814359606553349
48,22,5,0.008007756509314241
48,22,6,0.0070118206891771
48,22,7,0.00861425969242132
48,22,8,0.007732194027919836
48,22,9,0.008794992197810419
48,22,10,0.006497536271386606
48,23,1,0.007242305110604652
48,23,2,5.016978547402616e-5
48,23,3,0.002466776571246318
48,23,4,0.002290280776509668
48,23,5,0.0025296287655298152
48,23,6,0.0019437539773780532
48,23,7,0.0028691393423820755
48,23,8,0.002304730209593256
48,23,9,5.017153112224383e-5
48,23,10,0.00178787861157832
48,24,1,0.0053434838878170104
48,24,2,0.00643803440152605
48,24,3,0.006437408431658632
48,24,4,0.005273320352969051
48,24,5,0.0062123509845297955
48,24,6,0.0050624570865366375
48,24,7,0.0053432502561372875
48,24,8,0.005311735551017287
48,24,9,0.005343255061974165
48,24,10,0.00500321451408692
49,1,1,0.010547444547517595
49,1,2,2.6828331094229214e-5
49,1,3,0.010414784981793292
49,1,4,0.009445908277539744
49,1,5,0.01043102791069926
49,1,6,0.009612038092054109
49,1,7,2.6831300986361612e-5
49,1,8,0.011956902465564762
49,1,9,0.01579273221194097
49,1,10,0.009364189572113253
49,2,1,0.017083008659029904
49,2,2,0.034157632451547584
49,2,3,0.016909801157713865
49,2,4,0.016132231306438732
49,2,5,0.016949402776843828
49,2,6,0.01685675873055075
49,2,7,0.03228771518562477
49,2,8,0.02239350365991601
49,2,9,2.6831670662609057e-5
49,2,10,0.015143151961767635
49,3,1,0.007814608173195335
49,3,2,2.682883939239628e-5
49,3,3,0.007688954577196422
49,3,4,0.007227210464095818
49,3,5,0.00771174131186397
49,3,6,0.007568737950256544
49,3,7,2.6833875459437253e-5
49,3,8,4.4177025356312794e-5
49,3,9,0.011841442590512756
49,3,10,0.006427215600537911
49,4,1,0.027647330302629745
49,4,2,0.03758961666999652
49,4,3,0.025740409352326007
49,4,4,0.02392103286758841
49,4,5,0.027684777265532288
49,4,6,0.022901737868421975
49,4,7,0.029206887182846048
49,4,8,0.028482249183369075
49,4,9,0.028971944210651076
49,4,10,0.02322608306078038
49,5,1,2.6969204503632712e-5
49,5,2,2.6828982744954385e-5
49,5,3,0.010875965658713188
49,5,4,0.009486084311839347
49,5,5,2.6921699621849524e-5
49,5,6,0.008960991585588227
49,5,7,0.013099522688100705
49,5,8,0.012601850990493404
49,5,9,0.012946807356405833
49,5,10,0.00898631219064413
49,6,1,0.025419905579847964
49,6,2,0.029000289692371714
49,6,3,0.023622605195323373
49,6,4,0.02199369900839188
49,6,5,0.0255110024807257
49,6,6,0.021096482482331147
49,6,7,0.026934196812646152
49,6,8,0.02616493923150858
49,6,9,0.026707771572146665
49,6,10,0.021452669083339128
49,7,1,0.0254257076772655
49,7,2,0.02900109938138163
49,7,3,0.023622481863350885
49,7,4,0.021998725308675724
49,7,5,0.02547779697918865
49,7,6,0.021276052757813982
49,7,7,0.026934255369411596
49,7,8,0.02616291787127593
49,7,9,0.026708678094836902
49,7,10,0.021233751704619244
49,8,1,0.02542407260227605
49,8,2,0.029000129654295267
49,8,3,0.02362042715753629
49,8,4,0.022123481553987367
49,8,5,0.025477788666979022
49,8,6,0.021029660744909567
49,8,7,0.02693440218571468
49,8,8,0.026608192158038595
49,8,9,0.02670826740673337
49,8,10,0.020660127297642206
49,9,1,0.012464816343734718
49,9,2,2.6829181090664725e-5
49,9,3,0.011239206226461245
49,9,4,0.0100203642604837
49,9,5,0.012508154153731103
49,9,6,0.010449182418243264
49,9,7,0.013500049101260975
49,9,8,0.013359656059942706
49,9,9,0.013345114122340799
49,9,10,0.009382145417110866
49,10,1,0.012481168738288733
49,10,2,0.014959199743140772
49,10,3,0.011259467458754321
49,10,4,0.01000760154443496
49,10,5,0.012520427969268675
49,10,6,0.00020984078619149034
49,10,7,2.6834473288015032e-5
49,10,8,0.01355430183182729
49,10,9,2.6831485759000702e-5
49,10,10,0.009326348212573379
49,11,1,0.009791932757865628
49,11,2,2.6829119359294787e-5
49,11,3,0.008718960888441466
49,11,4,0.007991552743212895
49,11,5,0.009836894188002559
49,11,6,0.007826870263434128
49,11,7,2.683456534018967e-5
49,11,8,4.489999000932288e-5
49,11,9,0.010570963868705098
49,11,10,9.237688987672852e-5
49,12,1,0.02326816310526279
49,12,2,0.02415956013316787
49,12,3,0.028874608887891832
49,12,4,0.020210701707423034
49,12,5,2.6921745345544807e-5
49,12,6,0.019909008163378376
49,12,7,0.024675031412650435
49,12,8,0.024777703163427953
49,12,9,0.02446117427659132
49,12,10,0.01964058571009675
49,13,1,0.017103519758665153
49,13,2,0.017879494421337967
49,13,3,2.6841188437060175e-5
49,13,4,0.014557039374751262
49,13,5,2.692175190175464e-5
49,13,6,0.014103162947488075
49,13,7,0.018317121612368523
49,13,8,4.435115582843107e-5
49,13,9,0.018135424513891024
49,13,10,0.013645184815965224
49,14,1,0.017465717130110928
49,14,2,0.018255575296056772
49,14,3,2.6841188380855893e-5
49,14,4,0.015158158401648959
49,14,5,0.017510251653695776
49,14,6,0.014141703797780826
49,14,7,0.01869949196159666
49,14,8,4.520498334205579e-5
49,14,9,0.01851506959379556
49,14,10,0.014144136670326348
49,15,1,2.6969187593041174e-5
49,15,2,0.013628974205688446
49,15,3,2.6841189283615518e-5
49,15,4,0.010503459176607733
49,15,5,0.012996910238378599
49,15,6,0.009980867820002393
49,15,7,2.6834611893495787e-5
49,15,8,0.014144340463835925
49,15,9,0.013850658341729669
49,15,10,0.009748923843654696
49,16,1,0.022169408720698044
49,16,2,0.02304775341057179
49,16,3,0.04969994074332385
49,16,4,6.856396749553516e-5
49,16,5,0.02221021974109706
49,16,6,0.01890953019175119
49,16,7,0.023551729653408095
49,16,8,0.02345016363915948
49,16,9,0.02334270599167704
49,16,10,9.248737960469471e-5
49,17,1,0.006176042733284003
49,17,2,2.682916077051637e-5
49,17,3,2.6841192075923254e-5
49,17,4,0.005711328486804983
49,17,5,0.006200397392870137
49,17,6,9.951916720547763e-5
49,17,7,0.006897490179907441
49,17,8,0.006702233612956379
49,17,9,2.683148437047166e-5
49,17,10,0.004414608383563569
49,18,1,2.6969211147788617e-5
49,18,2,0.011551756712544648
49,18,3,2.6841194114685398e-5
49,18,4,6.857916472743067e-5
49,18,5,0.01096736008913832
49,18,6,0.008515544611680751
49,18,7,0.011900666711605407
49,18,8,4.4378657244202355e-5
49,18,9,2.6831484797759745e-5
49,18,10,0.008046718856560161
49,19,1,0.020883410122939487
49,19,2,0.020583321943614664
49,19,3,0.018847413362186725
49,19,4,0.019472799086008828
49,19,5,2.692190475447777e-5
49,19,6,0.017471904684793937
49,19,7,0.021056599693423723
49,19,8,0.018597680348653285
49,19,9,0.020860742005149993
49,19,10,0.01615829044948523
49,20,1,0.013491751361914555
49,20,2,0.013262197003298115
49,20,3,0.011893419136251531
49,20,4,6.861406882412174e-5
49,20,5,0.012114698062347301
49,20,6,9.958617631901438e-5
49,20,7,0.013634780580039913
49,20,8,0.011128382533999961
49,20,9,2.6831487286343377e-5
49,20,10,0.00915993783127588
49,21,1,2.696923957339961e-5
49,21,2,0.014194356155157493
49,21,3,0.012775907817891128
49,21,4,0.011878364138309042
49,21,5,0.012978593025490683
49,21,6,0.01039399612203398
49,21,7,2.6834336652780523e-5
49,21,8,0.011882970543387994
49,21,9,0.014419969232741544
49,21,10,0.009795157489814922
49,22,1,2.6969252113426038e-5
49,22,2,0.018908402777215172
49,22,3,0.017253715241058523
49,22,4,0.017042678947529543
49,22,5,0.017503132413711132
49,22,6,0.015288008617805238
49,22,7,0.018789399600445848
49,22,8,0.016898344947669598
49,22,9,0.019172543622637525
49,22,10,0.014203058629363264
49,23,1,0.015878692214315263
49,23,2,2.6829080141787145e-5
49,23,3,0.005677822576671182
49,23,4,0.005275126226727379
49,23,5,0.005813635396056286
49,23,6,0.004508017766451869
49,23,7,0.006546368038354568
49,23,8,0.00531669178840248
49,23,9,2.6831494493181802e-5
49,23,10,0.004170801372521225
49,24,1,0.01184138629009559
49,24,2,0.01417054580030386
49,24,3,0.014169214199862987
49,24,4,0.011651542804782363
49,24,5,0.013690699036461614
49,24,6,0.011170588780346694
49,24,7,0.011841201350360132
49,24,8,0.011755841494269881
49,24,9,0.01184121506270274
49,24,10,0.011078820513340124
50,1,1,3.736401793796654e-5
50,1,2,3.736401794090685e-5
50,1,3,3.7364017938874985e-5
50,1,4,3.7364017938655515e-5
50,1,5,3.736401793168452e-5
50,1,6,3.736401793967284e-5
50,1,7,3.7364017939019055e-5
50,1,8,3.736401794253844e-5
50,1,9,3.736401793024819e-5
50,1,10,3.736401793803538e-5
50,2,1,3.736401793134066e-5
50,2,2,3.736401793510932e-5
50,2,3,3.7364017933552657e-5
50,2,4,3.736401793813383e-5
50,2,5,3.736401793974268e-5
50,2,6,3.736401793129702e-5
50,2,7,3.7364017936739384e-5
50,2,8,3.736401793947409e-5
50,2,9,3.7364017933519155e-5
50,2,10,3.736401793465175e-5
50,3,1,3.736401793858884e-5
50,3,2,3.736401794375455e-5
50,3,3,3.736401793857345e-5
50,3,4,3.736401793104864e-5
50,3,5,3.7364017936241796e-5
50,3,6,3.736401794183783e-5
50,3,7,3.736401794261108e-5
50,3,8,3.736401793980033e-5
50,3,9,3.736401794136338e-5
50,3,10,3.736401793745291e-5
50,4,1,3.736401793429948e-5
50,4,2,3.736401793452422e-5
50,4,3,3.736401793457499e-5
50,4,4,3.7364017936611143e-5
50,4,5,3.7364017936549696e-5
50,4,6,3.7364017942763394e-5
50,4,7,3.736401793819739e-5
50,4,8,3.7364017937204493e-5
50,4,9,3.736401793283777e-5
50,4,10,3.736401793706416e-5
50,5,1,3.7364017940417174e-5
50,5,2,3.736401793474977e-5
50,5,3,3.736401793522263e-5
50,5,4,3.7364017935897806e-5
50,5,5,3.736401793999778e-5
50,5,6,3.736401794317945e-5
50,5,7,3.736401794044544e-5
50,5,8,3.7364017935755125e-5
50,5,9,3.7364017936134596e-5
50,5,10,3.7364017942793576e-5
50,6,1,3.736401792777846e-5
50,6,2,3.736401793322867e-5
50,6,3,3.736401794033079e-5
50,6,4,3.73640179321575e-5
50,6,5,3.7364017935345487e-5
50,6,6,3.736401794460972e-5
50,6,7,3.736401794596729e-5
50,6,8,3.7364017938118794e-5
50,6,9,3.736401793922671e-5
50,6,10,3.736401794017456e-5
50,7,1,3.7364017932889626e-5
50,7,2,3.7364017939381524e-5
50,7,3,3.73640179413533e-5
50,7,4,3.7364017930973136e-5
50,7,5,3.7364017932275283e-5
50,7,6,3.736401792828322e-5
50,7,7,3.7364017943428525e-5
50,7,8,3.7364017936398186e-5
50,7,9,3.736401794006562e-5
50,7,10,3.736401793832913e-5
50,8,1,3.73640179372077e-5
50,8,2,3.73640179405832e-5
50,8,3,3.736401793659868e-5
50,8,4,3.7364017929467166e-5
50,8,5,3.7364017936184456e-5
50,8,6,3.736401794320872e-5
50,8,7,3.736401793863521e-5
50,8,8,3.736401793903259e-5
50,8,9,3.736401793976034e-5
50,8,10,3.736401793604911e-5
50,9,1,3.736401794085468e-5
50,9,2,3.736401793638211e-5
50,9,3,3.736401794162867e-5
50,9,4,3.7364017934258425e-5
50,9,5,3.736401793497971e-5
50,9,6,3.736401794557083e-5
50,9,7,3.736401793710988e-5
50,9,8,3.736401794177813e-5
50,9,9,3.736401793442929e-5
50,9,10,3.736401794423399e-5
50,10,1,3.7364017945682616e-5
50,10,2,3.736401794253939e-5
50,10,3,3.7364017942753284e-5
50,10,4,3.736401793783709e-5
50,10,5,3.736401794161874e-5
50,10,6,3.736401794306967e-5
50,10,7,3.736401794444113e-5
50,10,8,3.7364017933947096e-5
50,10,9,3.736401793823037e-5
50,10,10,3.736401794411747e-5
50,11,1,3.736401794216139e-5
50,11,2,3.7364017930536684e-5
50,11,3,3.7364017946988835e-5
50,11,4,3.7364017940908724e-5
50,11,5,3.7364017933303155e-5
50,11,6,3.736401794334161e-5
50,11,7,3.736401793665975e-5
50,11,8,3.7364017941769235e-5
50,11,9,3.736401794032102e-5
50,11,10,3.7364017945238865e-5
50,12,1,3.7364017944022004e-5
50,12,2,3.7364017936253675e-5
50,12,3,3.736401794385384e-5
50,12,4,3.7364017932485226e-5
50,12,5,3.736401794400822e-5
50,12,6,3.736401792992545e-5
50,12,7,3.736401793632408e-5
50,12,8,3.7364017941431215e-5
50,12,9,3.7364017948813676e-5
50,12,10,3.736401793972251e-5
50,13,1,3.7364017928670704e-5
50,13,2,3.736401794541631e-5
50,13,3,3.736401793626937e-5
50,13,4,3.7364017937458475e-5
50,13,5,3.736401794270407e-5
50,13,6,3.7364017939527424e-5
50,13,7,3.736401794363705e-5
50,13,8,3.736401794402052e-5
50,13,9,3.736401793563511e-5
50,13,10,3.736401794391505e-5
50,14,1,3.736401793352747e-5
50,14,2,3.736401794097712e-5
50,14,3,3.736401793666221e-5
50,14,4,3.736401793946301e-5
50,14,5,3.736401793118088e-5
50,14,6,3.7364017941308436e-5
50,14,7,3.736401793851819e-5
50,14,8,3.7364017948422455e-5
50,14,9,3.7364017945000287e-5
50,14,10,3.7364017932444914e-5
50,15,1,3.7364017930959875e-5
50,15,2,3.736401794378576e-5
50,15,3,3.7364017939596664e-5
50,15,4,3.736401793107074e-5
50,15,5,3.7364017936974995e-5
50,15,6,3.7364017942253386e-5
50,15,7,3.7364017933602184e-5
50,15,8,3.736401794423773e-5
50,15,9,3.736401794434887e-5
50,15,10,3.736401794289417e-5
50,16,1,3.7364017940382236e-5
50,16,2,3.7364017943823636e-5
50,16,3,3.736401793236032e-5
50,16,4,3.736401793211675e-5
50,16,5,3.736401793627684e-5
50,16,6,3.73640179283186e-5
50,16,7,3.736401794427015e-5
50,16,8,3.736401794669472e-5
50,16,9,3.736401793858601e-5
50,16,10,3.736401793071448e-5
50,17,1,3.7364017943930816e-5
50,17,2,3.736401794476772e-5
50,17,3,3.736401793975807e-5
50,17,4,3.736401794484525e-5
50,17,5,3.736401793760671e-5
50,17,6,3.736401793858225e-5
50,17,7,3.7364017944908834e-5
50,17,8,3.736401793819221e-5
50,17,9,3.7364017938706154e-5
50,17,10,3.73640179387155e-5
50,18,1,3.736401793575846e-5
50,18,2,3.736401794064885e-5
50,18,3,3.736401794187955e-5
50,18,4,3.736401793703004e-5
50,18,5,3.7364017942497535e-5
50,18,6,3.7364017938641454e-5
50,18,7,3.736401793298126e-5
50,18,8,3.736401793742077e-5
50,18,9,3.736401793379964e-5
50,18,10,3.7364017932137536e-5
50,19,1,3.7364017937363776e-5
50,19,2,3.736401794560736e-5
50,19,3,3.736401794494177e-5
50,19,4,3.736401793144513e-5
50,19,5,3.736401792883998e-5
50,19,6,3.7364017941141936e-5
50,19,7,3.7364017943131935e-5
50,19,8,3.736401793458727e-5
50,19,9,3.7364017943565474e-5
50,19,10,3.7364017942440695e-5
50,20,1,3.736401793818272e-5
50,20,2,3.736401793203635e-5
50,20,3,3.736401794169932e-5
50,20,4,3.736401793387327e-5
50,20,5,3.736401793537168e-5
50,20,6,3.736401793683325e-5
50,20,7,3.736401794652263e-5
50,20,8,3.736401793853554e-5
50,20,9,3.7364017932672007e-5
50,20,10,3.736401794240722e-5
50,21,1,3.73640179286006e-5
50,21,2,3.7364017931360474e-5
50,21,3,3.736401792531496e-5
50,21,4,3.7364017936235474e-5
50,21,5,3.73640179440759e-5
50,21,6,3.736401793554207e-5
50,21,7,3.736401794294117e-5
50,21,8,3.736401794278606e-5
50,21,9,3.736401793301476e-5
50,21,10,3.736401793645251e-5
50,22,1,3.7364017936980186e-5
50,22,2,3.736401793691504e-5
50,22,3,3.7364017930523375e-5
50,22,4,3.7364017929383005e-5
50,22,5,3.736401793906416e-5
50,22,6,3.736401793309509e-5
50,22,7,3.7364017927638605e-5
50,22,8,3.736401794295185e-5
50,22,9,3.7364017933145884e-5
50,22,10,3.736401793576168e-5
50,23,1,3.73640179325165e-5
50,23,2,3.7364017939845874e-5
50,23,3,3.736401794192412e-5
50,23,4,3.736401793465535e-5
50,23,5,3.736401794232285e-5
50,23,6,3.736401793986401e-5
50,23,7,3.736401794332298e-5
50,23,8,3.736401793202052e-5
50,23,9,3.736401794357063e-5
50,23,10,3.73640179432183e-5
50,24,1,3.7364017933471484e-5
50,24,2,3.736401793306057e-5
50,24,3,3.73640179430529e-5
50,24,4,3.736401793846868e-5
50,24,5,3.736401793374554e-5
50,24,6,3.736401793253073e-5
50,24,7,3.7364017947209335e-5
50,24,8,3.73640179314578e-5
50,24,9,3.736401793850781e-5
50,24,10,3.7364017938546106e-5
51,1,1,5.256453453899417e-5
51,1,2,5.256453454677022e-5
51,1,3,5.256453454257379e-5
51,1,4,5.256453454137624e-5
51,1,5,5.256453453617723e-5
51,1,6,5.2564534540954964e-5
51,1,7,5.2564534530508994e-5
51,1,8,5.2564534539682456e-5
51,1,9,5.256453453841453e-5
51,1,10,5.256453454335231e-5
51,2,1,5.256453454789184e-5
51,2,2,5.256453453466793e-5
51,2,3,5.256453454088371e-5
51,2,4,5.256453455335001e-5
51,2,5,5.25645345430254e-5
51,2,6,5.2564534533810396e-5
51,2,7,5.256453453103018e-5
51,2,8,5.256453453213706e-5
51,2,9,5.2564534537586815e-5
51,2,10,5.256453453934603e-5
51,3,1,5.2564534541258696e-5
51,3,2,5.256453454809624e-5
51,3,3,5.2564534541873256e-5
51,3,4,5.256453453940319e-5
51,3,5,5.256453453703683e-5
51,3,6,5.2564534537461786e-5
51,3,7,5.2564534532239855e-5
51,3,8,5.256453454376799e-5
51,3,9,5.25645345361788e-5
51,3,10,5.2564534538603526e-5
51,4,1,5.2564534532828916e-5
51,4,2,5.2564534529940994e-5
51,4,3,5.256453455004582e-5
51,4,4,5.256453453524242e-5
51,4,5,5.2564534533735424e-5
51,4,6,5.25645345479156e-5
51,4,7,5.2564534536474505e-5
51,4,8,5.2564534539178715e-5
51,4,9,5.256453453644722e-5
51,4,10,5.256453453933573e-5
51,5,1,5.256453453216377e-5
51,5,2,5.256453453364987e-5
51,5,3,5.256453453719105e-5
51,5,4,5.2564534531582056e-5
51,5,5,5.256453454518578e-5
51,5,6,5.256453454036699e-5
51,5,7,5.256453453993441e-5
51,5,8,5.25645345395156e-5
51,5,9,5.256453452057466e-5
51,5,10,5.256453454017031e-5
51,6,1,5.256453453076552e-5
51,6,2,5.2564534535092974e-5
51,6,3,5.2564534533008006e-5
51,6,4,5.256453453745246e-5
51,6,5,5.256453453288111e-5
51,6,6,5.256453453857794e-5
51,6,7,5.256453454371142e-5
51,6,8,5.25645345327303e-5
51,6,9,5.256453453707212e-5
51,6,10,5.256453453174198e-5
51,7,1,5.256453452671055e-5
51,7,2,5.256453454120109e-5
51,7,3,5.256453454397121e-5
51,7,4,5.2564534536243624e-5
51,7,5,5.256453453805212e-5
51,7,6,5.2564534535270065e-5
51,7,7,5.2564534535335855e-5
51,7,8,5.2564534533182244e-5
51,7,9,5.256453454711156e-5
51,7,10,5.2564534540823064e-5
51,8,1,5.256453453778027e-5
51,8,2,5.256453453868567e-5
51,8,3,5.256453452829146e-5
51,8,4,5.256453453843843e-5
51,8,5,5.2564534533604005e-5
51,8,6,5.2564534547790336e-5
51,8,7,5.256453453986766e-5
51,8,8,5.2564534539907726e-5
51,8,9,5.2564534546634245e-5
51,8,10,5.256453453841491e-5
51,9,1,5.2564534543879694e-5
51,9,2,5.256453455211992e-5
51,9,3,5.2564534535927186e-5
51,9,4,5.2564534540692654e-5
51,9,5,5.256453454140401e-5
51,9,6,5.2564534545227066e-5
51,9,7,5.256453454588792e-5
51,9,8,5.256453453919988e-5
51,9,9,5.256453453854018e-5
51,9,10,5.2564534549879296e-5
51,10,1,5.256453455117215e-5
51,10,2,5.2564534544104354e-5
51,10,3,5.256453454108248e-5
51,10,4,5.2564534541307295e-5
51,10,5,5.256453454408552e-5
51,10,6,5.256453454268182e-5
51,10,7,5.256453453803933e-5
51,10,8,5.25645345295362e-5
51,10,9,5.256453453843926e-5
51,10,10,5.2564534536699694e-5
51,11,1,5.256453454583973e-5
51,11,2,5.256453453706249e-5
51,11,3,5.256453455004904e-5
51,11,4,5.256453455029251e-5
51,11,5,5.256453453448796e-5
51,11,6,5.2564534553065156e-5
51,11,7,5.256453452935614e-5
51,11,8,5.2564534544456374e-5
51,11,9,5.2564534550978873e-5
51,11,10,5.2564534544823275e-5
51,12,1,5.256453454502058e-5
51,12,2,5.25645345447848e-5
51,12,3,5.2564534544858396e-5
51,12,4,5.256453453902868e-5
51,12,5,5.256453454664146e-5
51,12,6,5.2564534532681105e-5
51,12,7,5.2564534530754424e-5
51,12,8,5.256453454157383e-5
51,12,9,5.256453454514351e-5
51,12,10,5.25645345360479e-5
51,13,1,5.256453453228721e-5
51,13,2,5.2564534547797106e-5
51,13,3,5.2564534543185154e-5
51,13,4,5.25645345365069e-5
51,13,5,5.256453454418823e-5
51,13,6,5.256453454197136e-5
51,13,7,5.256453453752387e-5
51,13,8,5.2564534549026334e-5
51,13,9,5.256453454450067e-5
51,13,10,5.2564534553610835e-5
51,14,1,5.256453453137044e-5
51,14,2,5.2564534545549806e-5
51,14,3,5.2564534546116376e-5
51,14,4,5.256453453634301e-5
51,14,5,5.256453453410784e-5
51,14,6,5.2564534549081194e-5
51,14,7,5.256453453874875e-5
51,14,8,5.256453455496288e-5
51,14,9,5.25645345405739e-5
51,14,10,5.256453451948847e-5
51,15,1,5.2564534526086256e-5
51,15,2,5.256453453591384e-5
51,15,3,5.256453454341363e-5
51,15,4,5.2564534533650876e-5
51,15,5,5.2564534540413296e-5
51,15,6,5.256453454008957e-5
51,15,7,5.2564534528340454e-5
51,15,8,5.256453454700816e-5
51,15,9,5.256453454326247e-5
51,15,10,5.256453454495834e-5
51,16,1,5.2564534532577035e-5
51,16,2,5.256453454533099e-5
51,16,3,5.256453454147766e-5
51,16,4,5.256453454643876e-5
51,16,5,5.256453453877473e-5
51,16,6,5.256453453693078e-5
51,16,7,5.256453454843194e-5
51,16,8,5.2564534552069784e-5
51,16,9,5.256453452815078e-5
51,16,10,5.256453453554472e-5
51,17,1,5.256453453913307e-5
51,17,2,5.2564534542744914e-5
51,17,3,5.256453454279626e-5
51,17,4,5.256453454857813e-5
51,17,5,5.256453455047028e-5
51,17,6,5.256453454976623e-5
51,17,7,5.25645345362012e-5
51,17,8,5.2564534542177625e-5
51,17,9,5.256453453859483e-5
51,17,10,5.256453453836713e-5
51,18,1,5.256453453987461e-5
51,18,2,5.256453453555402e-5
51,18,3,5.256453454096807e-5
51,18,4,5.25645345283712e-5
51,18,5,5.256453453691998e-5
51,18,6,5.25645345274604e-5
51,18,7,5.2564534534367514e-5
51,18,8,5.2564534529001214e-5
51,18,9,5.25645345396623e-5
51,18,10,5.256453453341407e-5
51,19,1,5.2564534545990886e-5
51,19,2,5.256453453665247e-5
51,19,3,5.256453455439493e-5
51,19,4,5.2564534536120066e-5
51,19,5,5.256453452555251e-5
51,19,6,5.256453454604529e-5
51,19,7,5.256453454647842e-5
51,19,8,5.256453453440116e-5
51,19,9,5.256453453234335e-5
51,19,10,5.256453453860809e-5
51,20,1,5.256453454658953e-5
51,20,2,5.256453453800835e-5
51,20,3,5.256453454844194e-5
51,20,4,5.25645345374075e-5
51,20,5,5.2564534531452745e-5
51,20,6,5.256453453633934e-5
51,20,7,5.256453454539692e-5
51,20,8,5.2564534538289324e-5
51,20,9,5.256453452129213e-5
51,20,10,5.2564534540617085e-5
51,21,1,5.256453454408474e-5
51,21,2,5.256453453380887e-5
51,21,3,5.25645345299478e-5
51,21,4,5.25645345380462e-5
51,21,5,5.256453454087484e-5
51,21,6,5.2564534545954044e-5
51,21,7,5.2564534543445884e-5
51,21,8,5.256453454275106e-5
51,21,9,5.256453454502083e-5
51,21,10,5.256453453476309e-5
51,22,1,5.256453453819123e-5
51,22,2,5.2564534534617314e-5
51,22,3,5.256453452727363e-5
51,22,4,5.256453453599953e-5
51,22,5,5.2564534534894755e-5
51,22,6,5.2564534533327534e-5
51,22,7,5.256453452386146e-5
51,22,8,5.256453453773018e-5
51,22,9,5.256453453397166e-5
51,22,10,5.256453453300456e-5
51,23,1,5.256453453333784e-5
51,23,2,5.256453454554278e-5
51,23,3,5.256453453637888e-5
51,23,4,5.256453453305899e-5
51,23,5,5.256453453749581e-5
51,23,6,5.256453452838859e-5
51,23,7,5.2564534546014224e-5
51,23,8,5.256453452240545e-5
51,23,9,5.256453453337218e-5
51,23,10,5.256453453818967e-5
51,24,1,5.256453453027344e-5
51,24,2,5.2564534542369305e-5
51,24,3,5.256453453945714e-5
51,24,4,5.256453453198449e-5
51,24,5,5.256453453399906e-5
51,24,6,5.2564534528501614e-5
51,24,7,5.256453454088543e-5
51,24,8,5.256453453127851e-5
51,24,9,5.25645345336743e-5
51,24,10,5.256453453428869e-5
52,1,1,0.00010501813155317817
52,1,2,0.00010501813157081276
52,1,3,0.00010501813154396552
52,1,4,0.00010501813154559174
52,1,5,0.00010501813153499235
52,1,6,0.0001050181315334478
52,1,7,0.00010501813153045792
52,1,8,0.00010501813158895249
52,1,9,0.00010501813154289316
52,1,10,0.00010501813154709204
52,2,1,0.00010501813156208908
52,2,2,0.00010501813156487521
52,2,3,0.00010501813154103836
52,2,4,0.00010501813153869532
52,2,5,0.00010501813154757308
52,2,6,0.00010501813155682597
52,2,7,0.00010501813157231136
52,2,8,0.00010501813152211503
52,2,9,0.00010501813156528197
52,2,10,0.00010501813154031903
52,3,1,0.00010501813157044709
52,3,2,0.00010501813158693323
52,3,3,0.00010501813154851167
52,3,4,0.00010501813155653955
52,3,5,0.00010501813156645706
52,3,6,0.00010501813154090843
52,3,7,0.00010501813156028494
52,3,8,0.00010501813155394819
52,3,9,0.00010501813156021078
52,3,10,0.0001050181315693981
52,4,1,0.0001050181315151088
52,4,2,0.00010501813155619461
52,4,3,0.00010501813155280771
52,4,4,0.00010501813154991222
52,4,5,0.00010501813154644769
52,4,6,0.00010501813157604198
52,4,7,0.0001050181315506517
52,4,8,0.00010501813155165824
52,4,9,0.00010501813153545557
52,4,10,0.00010501813153839478
52,5,1,0.00010501813154107349
52,5,2,0.00010501813154346857
52,5,3,0.00010501813155462108
52,5,4,0.00010501813156222164
52,5,5,0.00010501813155264352
52,5,6,0.00010501813154326954
52,5,7,0.00010501813155346807
52,5,8,0.00010501813155320579
52,5,9,0.00010501813154700058
52,5,10,0.00010501813154926584
52,6,1,0.00010501813153084439
52,6,2,0.00010501813155810975
52,6,3,0.00010501813153474932
52,6,4,0.00010501813156484206
52,6,5,0.00010501813154949308
52,6,6,0.00010501813156181768
52,6,7,0.00010501813156993961
52,6,8,0.000105018131535366
52,6,9,0.00010501813154373707
52,6,10,0.00010501813157539746
52,7,1,0.00010501813152008484
52,7,2,0.00010501813151902079
52,7,3,0.00010501813154480488
52,7,4,0.00010501813154267533
52,7,5,0.00010501813153409478
52,7,6,0.00010501813154053685
52,7,7,0.00010501813155088862
52,7,8,0.00010501813154584644
52,7,9,0.00010501813154396455
52,7,10,0.00010501813156332656
52,8,1,0.00010501813156692138
52,8,2,0.0001050181315703267
52,8,3,0.00010501813154821475
52,8,4,0.0001050181315465819
52,8,5,0.00010501813154648017
52,8,6,0.00010501813154954788
52,8,7,0.00010501813157283305
52,8,8,0.00010501813154891845
52,8,9,0.00010501813155319115
52,8,10,0.00010501813154347142
52,9,1,0.00010501813156560935
52,9,2,0.00010501813157923965
52,9,3,0.00010501813154914505
52,9,4,0.00010501813156741456
52,9,5,0.00010501813156929816
52,9,6,0.00010501813155654662
52,9,7,0.00010501813156236043
52,9,8,0.00010501813156005032
52,9,9,0.00010501813153495871
52,9,10,0.00010501813156076374
52,10,1,0.0001050181315589858
52,10,2,0.00010501813157716257
52,10,3,0.0001050181315558616
52,10,4,0.00010501813157546221
52,10,5,0.00010501813156875581
52,10,6,0.00010501813153420111
52,10,7,0.0001050181315664175
52,10,8,0.00010501813152373414
52,10,9,0.00010501813155231024
52,10,10,0.00010501813156683749
52,11,1,0.00010501813157628564
52,11,2,0.00010501813155071257
52,11,3,0.00010501813156188781
52,11,4,0.00010501813157992044
52,11,5,0.00010501813156903441
52,11,6,0.00010501813154820002
52,11,7,0.00010501813158635683
52,11,8,0.00010501813156857058
52,11,9,0.00010501813155058883
52,11,10,0.0001050181315305537
52,12,1,0.00010501813156884881
52,12,2,0.00010501813156073636
52,12,3,0.00010501813154574733
52,12,4,0.00010501813154261933
52,12,5,0.00010501813157601463
52,12,6,0.00010501813154498884
52,12,7,0.00010501813153514323
52,12,8,0.00010501813155150801
52,12,9,0.00010501813155819959
52,12,10,0.00010501813154352373
52,13,1,0.00010501813155466803
52,13,2,0.0001050181315644183
52,13,3,0.00010501813154979711
52,13,4,0.00010501813154339731
52,13,5,0.00010501813156898938
52,13,6,0.0001050181315249445
52,13,7,0.00010501813156995345
52,13,8,0.00010501813156280705
52,13,9,0.00010501813155083823
52,13,10,0.00010501813157168207
52,14,1,0.00010501813152638182
52,14,2,0.00010501813154518049
52,14,3,0.00010501813153795021
52,14,4,0.00010501813156378293
52,14,5,0.00010501813154034389
52,14,6,0.0001050181315771264
52,14,7,0.00010501813155332064
52,14,8,0.00010501813157400373
52,14,9,0.00010501813155618849
52,14,10,0.00010501813151783777
52,15,1,0.00010501813154801256
52,15,2,0.0001050181315729205
52,15,3,0.00010501813158411684
52,15,4,0.00010501813153844416
52,15,5,0.00010501813158157191
52,15,6,0.00010501813155273823
52,15,7,0.00010501813153997798
52,15,8,0.00010501813156653119
52,15,9,0.00010501813154720895
52,15,10,0.00010501813155343236
52,16,1,0.000105018131528529
52,16,2,0.00010501813155942415
52,16,3,0.00010501813153738854
52,16,4,0.00010501813152440626
52,16,5,0.00010501813155353783
52,16,6,0.00010501813155331207
52,16,7,0.00010501813155502915
52,16,8,0.00010501813156734951
52,16,9,0.00010501813156716611
52,16,10,0.00010501813157374883
52,17,1,0.0001050181315409417
52,17,2,0.00010501813157607605
52,17,3,0.00010501813156626663
52,17,4,0.00010501813152258045
52,17,5,0.00010501813156809601
52,17,6,0.00010501813154713522
52,17,7,0.00010501813155717832
52,17,8,0.00010501813158344443
52,17,9,0.0001050181315188726
52,17,10,0.00010501813157622016
52,18,1,0.00010501813155788273
52,18,2,0.0001050181315625088
52,18,3,0.00010501813156385359
52,18,4,0.00010501813153735177
52,18,5,0.00010501813155560501
52,18,6,0.00010501813156195801
52,18,7,0.00010501813155171234
52,18,8,0.00010501813152898339
52,18,9,0.00010501813155331717
52,18,10,0.00010501813151777629
52,19,1,0.00010501813153683693
52,19,2,0.00010501813153840078
52,19,3,0.00010501813155532389
52,19,4,0.00010501813153886905
52,19,5,0.00010501813157783805
52,19,6,0.00010501813155906773
52,19,7,0.00010501813157075291
52,19,8,0.00010501813154064597
52,19,9,0.00010501813158214996
52,19,10,0.00010501813156400217
52,20,1,0.00010501813154834728
52,20,2,0.0001050181315611784
52,20,3,0.00010501813156472652
52,20,4,0.00010501813152309587
52,20,5,0.00010501813156808965
52,20,6,0.0001050181315778423
52,20,7,0.00010501813157331839
52,20,8,0.00010501813156015501
52,20,9,0.00010501813158219237
52,20,10,0.00010501813155270973
52,21,1,0.00010501813152609639
52,21,2,0.00010501813156873777
52,21,3,0.00010501813154525501
52,21,4,0.00010501813154121293
52,21,5,0.0001050181315791392
52,21,6,0.00010501813156532487
52,21,7,0.00010501813158563643
52,21,8,0.00010501813154791025
52,21,9,0.0001050181315484836
52,21,10,0.00010501813154604099
52,22,1,0.00010501813157334126
52,22,2,0.00010501813153067355
52,22,3,0.00010501813155365964
52,22,4,0.00010501813154193382
52,22,5,0.00010501813155831432
52,22,6,0.00010501813155903048
52,22,7,0.000105018131537577
52,22,8,0.00010501813155838009
52,22,9,0.00010501813156422123
52,22,10,0.00010501813153124351
52,23,1,0.00010501813151431026
52,23,2,0.00010501813154048855
52,23,3,0.00010501813155641092
52,23,4,0.00010501813153693684
52,23,5,0.00010501813157549468
52,23,6,0.00010501813155965971
52,23,7,0.00010501813156197218
52,23,8,0.00010501813155787508
52,23,9,0.0001050181315509407
52,23,10,0.00010501813155903701
52,24,1,0.00010501813154169493
52,24,2,0.00010501813157856741
52,24,3,0.00010501813153825773
52,24,4,0.00010501813154944822
52,24,5,0.00010501813155388411
52,24,6,0.00010501813154722444
52,24,7,0.00010501813157554988
52,24,8,0.00010501813153668445
52,24,9,0.00010501813157357246
52,24,10,0.00010501813154184128
53,1,1,0.0005761385717692523
53,1,2,0.0005761385716898722
53,1,3,0.0005761385718062494
53,1,4,0.0005761385718231495
53,1,5,0.0005761385717985101
53,1,6,0.0005761385717914729
53,1,7,0.0005761385719204036
53,1,8,0.0005761385717794807
53,1,9,0.0005761385718516575
53,1,10,0.0005761385719392561
53,2,1,0.0005761385717808185
53,2,2,0.0005761385717422092
53,2,3,0.0005761385718263465
53,2,4,0.0005761385718128975
53,2,5,0.0005761385718806682
53,2,6,0.0005761385718680625
53,2,7,0.0005761385718362337
53,2,8,0.0005761385720226791
53,2,9,0.000576138571803321
53,2,10,0.0005761385719127659
53,3,1,0.0005761385717941719
53,3,2,0.0005761385717189901
53,3,3,0.0005761385718849903
53,3,4,0.0005761385718069349
53,3,5,0.0005761385717440917
53,3,6,0.0005761385719069539
53,3,7,0.000576138571873414
53,3,8,0.000576138571722456
53,3,9,0.0005761385718896075
53,3,10,0.0005761385719243507
53,4,1,0.0005761385719586559
53,4,2,0.0005761385717665589
53,4,3,0.0005761385718540081
53,4,4,0.0005761385717799005
53,4,5,0.0005761385718442016
53,4,6,0.000576138571758571
53,4,7,0.0005761385718411411
53,4,8,0.0005761385718011985
53,4,9,0.0005761385719070477
53,4,10,0.0005761385719239433
53,5,1,0.0005761385719136378
53,5,2,0.0005761385718505936
53,5,3,0.0005761385717519234
53,5,4,0.000576138571793447
53,5,5,0.0005761385718954448
53,5,6,0.0005761385718971784
53,5,7,0.0005761385718317814
53,5,8,0.0005761385719590809
53,5,9,0.0005761385718988184
53,5,10,0.0005761385718338895
53,6,1,0.0005761385718408771
53,6,2,0.0005761385719357811
53,6,3,0.0005761385718091
53,6,4,0.0005761385717397767
53,6,5,0.0005761385719549213
53,6,6,0.0005761385719536222
53,6,7,0.0005761385717664686
53,6,8,0.0005761385719611862
53,6,9,0.000576138571928517
53,6,10,0.0005761385717349855
53,7,1,0.0005761385718415609
53,7,2,0.000576138571988004
53,7,3,0.0005761385718094551
53,7,4,0.0005761385717986229
53,7,5,0.0005761385717612944
53,7,6,0.0005761385719051789
53,7,7,0.0005761385718839595
53,7,8,0.0005761385719063162
53,7,9,0.0005761385717625006
53,7,10,0.0005761385717968366
53,8,1,0.0005761385717771127
53,8,2,0.0005761385718715803
53,8,3,0.0005761385720109225
53,8,4,0.0005761385717966738
53,8,5,0.0005761385719261487
53,8,6,0.0005761385717938393
53,8,7,0.0005761385717714836
53,8,8,0.0005761385719307799
53,8,9,0.0005761385719333553
53,8,10,0.0005761385717976545
53,9,1,0.0005761385718062988
53,9,2,0.0005761385716552345
53,9,3,0.0005761385719287023
53,9,4,0.0005761385716703277
53,9,5,0.0005761385718326284
53,9,6,0.0005761385718317929
53,9,7,0.0005761385718376563
53,9,8,0.0005761385719080198
53,9,9,0.0005761385718007425
53,9,10,0.0005761385717617516
53,10,1,0.0005761385717815607
53,10,2,0.000576138571833629
53,10,3,0.0005761385718411521
53,10,4,0.0005761385717494976
53,10,5,0.00057613857184253
53,10,6,0.0005761385717438356
53,10,7,0.0005761385717755126
53,10,8,0.0005761385718473121
53,10,9,0.0005761385718534359
53,10,10,0.000576138571811414
53,11,1,0.0005761385716213578
53,11,2,0.0005761385717953455
53,11,3,0.0005761385717359056
53,11,4,0.0005761385718142406
53,11,5,0.0005761385719052334
53,11,6,0.0005761385718705816
53,11,7,0.0005761385717403067
53,11,8,0.0005761385718829144
53,11,9,0.0005761385717849584
53,11,10,0.0005761385718878201
53,12,1,0.0005761385717329916
53,12,2,0.000576138571779017
53,12,3,0.0005761385719425997
53,12,4,0.0005761385718089071
53,12,5,0.00057613857176661
53,12,6,0.0005761385717647793
53,12,7,0.0005761385718556273
53,12,8,0.0005761385718802375
53,12,9,0.0005761385718156342
53,12,10,0.0005761385719396108
53,13,1,0.0005761385718819408
53,13,2,0.0005761385718618511
53,13,3,0.0005761385718170052
53,13,4,0.000576138571903365
53,13,5,0.000576138571827515
53,13,6,0.0005761385719715371
53,13,7,0.0005761385717538997
53,13,8,0.0005761385718943681
53,13,9,0.0005761385718542908
53,13,10,0.0005761385717730506
53,14,1,0.000576138571902502
53,14,2,0.0005761385718147016
53,14,3,0.0005761385718988882
53,14,4,0.0005761385718522697
53,14,5,0.0005761385719866847
53,14,6,0.000576138571821677
53,14,7,0.0005761385719244761
53,14,8,0.0005761385718688125
53,14,9,0.0005761385719639111
53,14,10,0.000576138571940312
53,15,1,0.0005761385717396088
53,15,2,0.000576138571818282
53,15,3,0.000576138571746645
53,15,4,0.0005761385717623447
53,15,5,0.0005761385717909477
53,15,6,0.0005761385718901222
53,15,7,0.0005761385718887075
53,15,8,0.000576138571817723
53,15,9,0.0005761385719007837
53,15,10,0.0005761385718941965
53,16,1,0.0005761385719604478
53,16,2,0.0005761385717795893
53,16,3,0.0005761385720856539
53,16,4,0.0005761385719247911
53,16,5,0.0005761385718956708
53,16,6,0.0005761385718235237
53,16,7,0.0005761385718151854
53,16,8,0.0005761385717402775
53,16,9,0.0005761385719213699
53,16,10,0.0005761385717958682
53,17,1,0.0005761385718600873
53,17,2,0.0005761385717653699
53,17,3,0.0005761385717459295
53,17,4,0.0005761385719473463
53,17,5,0.0005761385717425571
53,17,6,0.0005761385718826323
53,17,7,0.0005761385718625353
53,17,8,0.0005761385718180506
53,17,9,0.0005761385720029051
53,17,10,0.0005761385717717299
53,18,1,0.0005761385717953739
53,18,2,0.0005761385717686471
53,18,3,0.0005761385717430304
53,18,4,0.0005761385719590258
53,18,5,0.0005761385719008597
53,18,6,0.0005761385718769466
53,18,7,0.0005761385718049775
53,18,8,0.0005761385718688025
53,18,9,0.0005761385718636712
53,18,10,0.0005761385719277622
53,19,1,0.0005761385717428492
53,19,2,0.0005761385719457821
53,19,3,0.0005761385718074813
53,19,4,0.000576138571932576
53,19,5,0.0005761385717834638
53,19,6,0.0005761385718332827
53,19,7,0.0005761385717237239
53,19,8,0.0005761385717855339
53,19,9,0.0005761385717632129
53,19,10,0.0005761385717684616
53,20,1,0.0005761385717603958
53,20,2,0.0005761385717413136
53,20,3,0.0005761385717711273
53,20,4,0.000576138571791466
53,20,5,0.0005761385717692241
53,20,6,0.0005761385718081757
53,20,7,0.0005761385718962531
53,20,8,0.0005761385718130923
53,20,9,0.0005761385718089577
53,20,10,0.0005761385718632002
53,21,1,0.00057613857174147
53,21,2,0.0005761385718026233
53,21,3,0.0005761385717859522
53,21,4,0.0005761385717745581
53,21,5,0.0005761385717369461
53,21,6,0.0005761385717740208
53,21,7,0.0005761385716108194
53,21,8,0.0005761385717547097
53,21,9,0.0005761385716944996
53,21,10,0.0005761385718201141
53,22,1,0.000576138571826731
53,22,2,0.0005761385718000251
53,22,3,0.0005761385717792907
53,22,4,0.0005761385717318164
53,22,5,0.0005761385718740012
53,22,6,0.0005761385717862396
53,22,7,0.000576138571803485
53,22,8,0.0005761385718907503
53,22,9,0.0005761385718592011
53,22,10,0.000576138571877317
53,23,1,0.0005761385717799735
53,23,2,0.0005761385718763894
53,23,3,0.0005761385718628038
53,23,4,0.0005761385719064656
53,23,5,0.0005761385718181617
53,23,6,0.0005761385718913053
53,23,7,0.0005761385718039078
53,23,8,0.0005761385718918068
53,23,9,0.0005761385719531636
53,23,10,0.0005761385718816463
53,24,1,0.0005761385720071169
53,24,2,0.0005761385718790065
53,24,3,0.0005761385719206348
53,24,4,0.0005761385719357752
53,24,5,0.0005761385716916361
53,24,6,0.0005761385719513927
53,24,7,0.0005761385718697157
53,24,8,0.0005761385719462391
53,24,9,0.0005761385718659844
53,24,10,0.0005761385719302668
54,1,1,2.6220105966733485e-5
54,1,2,2.622010596904523e-5
54,1,3,2.6220105974598132e-5
54,1,4,2.6220105971388172e-5
54,1,5,2.6220105965306624e-5
54,1,6,2.6220105966533484e-5
54,1,7,2.622010596679301e-5
54,1,8,2.6220105977862614e-5
54,1,9,2.6220105965657127e-5
54,1,10,2.6220105976531837e-5
54,2,1,2.622010597185429e-5
54,2,2,2.622010596929131e-5
54,2,3,2.622010596366204e-5
54,2,4,2.62201059714656e-5
54,2,5,2.6220105974286814e-5
54,2,6,2.6220105970644592e-5
54,2,7,2.6220105975775996e-5
54,2,8,2.6220105972233152e-5
54,2,9,2.622010596898857e-5
54,2,10,2.6220105971605145e-5
54,3,1,2.6220105974725065e-5
54,3,2,2.622010597784168e-5
54,3,3,2.6220105973860326e-5
54,3,4,2.6220105969270396e-5
54,3,5,2.622010597178415e-5
54,3,6,2.6220105971559232e-5
54,3,7,2.6220105975340797e-5
54,3,8,2.622010597203322e-5
54,3,9,2.622010597518675e-5
54,3,10,2.6220105977686445e-5
54,4,1,2.6220105966291063e-5
54,4,2,2.6220105969320883e-5
54,4,3,2.6220105976462092e-5
54,4,4,2.622010596693187e-5
54,4,5,2.6220105969446332e-5
54,4,6,2.6220105979899864e-5
54,4,7,2.6220105972600066e-5
54,4,8,2.6220105976738276e-5
54,4,9,2.6220105970181763e-5
54,4,10,2.6220105973522793e-5
54,5,1,2.622010597133734e-5
54,5,2,2.622010596557418e-5
54,5,3,2.6220105970022972e-5
54,5,4,2.622010596774491e-5
54,5,5,2.6220105977664584e-5
54,5,6,2.6220105977238832e-5
54,5,7,2.622010597403863e-5
54,5,8,2.6220105968682264e-5
54,5,9,2.6220105967432765e-5
54,5,10,2.6220105975516827e-5
54,6,1,2.6220105966079217e-5
54,6,2,2.622010596886591e-5
54,6,3,2.6220105974218004e-5
54,6,4,2.6220105972197803e-5
54,6,5,2.622010597172656e-5
54,6,6,2.6220105975478023e-5
54,6,7,2.6220105972068055e-5
54,6,8,2.622010596599237e-5
54,6,9,2.622010597258782e-5
54,6,10,2.622010597173488e-5
54,7,1,2.6220105965613847e-5
54,7,2,2.6220105968818372e-5
54,7,3,2.6220105976882648e-5
54,7,4,2.622010596333896e-5
54,7,5,2.6220105968161732e-5
54,7,6,2.6220105967419853e-5
54,7,7,2.6220105976924755e-5
54,7,8,2.622010597167521e-5
54,7,9,2.6220105976148213e-5
54,7,10,2.6220105961075834e-5
54,8,1,2.6220105966472755e-5
54,8,2,2.6220105972129854e-5
54,8,3,2.6220105969580946e-5
54,8,4,2.622010596395631e-5
54,8,5,2.6220105963214646e-5
54,8,6,2.622010597327192e-5
54,8,7,2.622010597852664e-5
54,8,8,2.6220105977418494e-5
54,8,9,2.6220105977126153e-5
54,8,10,2.6220105973623526e-5
54,9,1,2.622010597593982e-5
54,9,2,2.6220105980979712e-5
54,9,3,2.6220105975950278e-5
54,9,4,2.6220105972331435e-5
54,9,5,2.622010597183974e-5
54,9,6,2.6220105977530794e-5
54,9,7,2.6220105973248338e-5
54,9,8,2.622010597850031e-5
54,9,9,2.622010596654982e-5
54,9,10,2.622010597674323e-5
54,10,1,2.6220105975791147e-5
54,10,2,2.62201059795044e-5
54,10,3,2.6220105975398795e-5
54,10,4,2.6220105978485095e-5
54,10,5,2.622010597907406e-5
54,10,6,2.622010597250302e-5
54,10,7,2.6220105971556515e-5
54,10,8,2.6220105961786305e-5
54,10,9,2.62201059802823e-5
54,10,10,2.6220105978405864e-5
54,11,1,2.6220105979626082e-5
54,11,2,2.6220105961300996e-5
54,11,3,2.6220105978363105e-5
54,11,4,2.6220105980252453e-5
54,11,5,2.62201059652536e-5
54,11,6,2.6220105973567933e-5
54,11,7,2.6220105972217763e-5
54,11,8,2.6220105978983086e-5
54,11,9,2.622010597735128e-5
54,11,10,2.622010597381428e-5
54,12,1,2.622010597483376e-5
54,12,2,2.6220105971737817e-5
54,12,3,2.622010597702791e-5
54,12,4,2.6220105965305862e-5
54,12,5,2.622010597969578e-5
54,12,6,2.6220105968297535e-5
54,12,7,2.622010596572428e-5
54,12,8,2.622010597675776e-5
54,12,9,2.62201059744161e-5
54,12,10,2.6220105968115372e-5
54,13,1,2.6220105968804007e-5
54,13,2,2.6220105979260252e-5
54,13,3,2.6220105969938685e-5
54,13,4,2.6220105968088813e-5
54,13,5,2.6220105980045096e-5
54,13,6,2.622010597520602e-5
54,13,7,2.6220105972261344e-5
54,13,8,2.6220105980579618e-5
54,13,9,2.622010596539595e-5
54,13,10,2.6220105978868157e-5
54,14,1,2.622010596882592e-5
54,14,2,2.6220105977066864e-5
54,14,3,2.6220105970891326e-5
54,14,4,2.6220105969475046e-5
54,14,5,2.622010597286633e-5
54,14,6,2.6220105979553173e-5
54,14,7,2.6220105976773235e-5
54,14,8,2.622010597538182e-5
54,14,9,2.6220105979695383e-5
54,14,10,2.6220105965033978e-5
54,15,1,2.62201059630702e-5
54,15,2,2.6220105979835377e-5
54,15,3,2.6220105978771077e-5
54,15,4,2.622010596142728e-5
54,15,5,2.6220105981259182e-5
54,15,6,2.622010597840419e-5
54,15,7,2.6220105967856268e-5
54,15,8,2.6220105975493243e-5
54,15,9,2.622010597743224e-5
54,15,10,2.622010597724147e-5
54,16,1,2.622010597204921e-5
54,16,2,2.6220105975051335e-5
54,16,3,2.6220105970895965e-5
54,16,4,2.6220105964905266e-5
54,16,5,2.6220105973922105e-5
54,16,6,2.622010597120944e-5
54,16,7,2.62201059743924e-5
54,16,8,2.622010597763506e-5
54,16,9,2.622010597106481e-5
54,16,10,2.622010596940537e-5
54,17,1,2.6220105974605694e-5
54,17,2,2.6220105978388784e-5
54,17,3,2.6220105972086676e-5
54,17,4,2.6220105974424402e-5
54,17,5,2.6220105979978777e-5
54,17,6,2.622010597559675e-5
54,17,7,2.6220105977378297e-5
54,17,8,2.6220105971714087e-5
54,17,9,2.622010597440363e-5
54,17,10,2.6220105978651073e-5
54,18,1,2.6220105969537368e-5
54,18,2,2.622010597984813e-5
54,18,3,2.622010597876783e-5
54,18,4,2.6220105966382743e-5
54,18,5,2.6220105975894333e-5
54,18,6,2.6220105973254585e-5
54,18,7,2.6220105969102464e-5
54,18,8,2.6220105966580328e-5
54,18,9,2.6220105970597423e-5
54,18,10,2.6220105962988712e-5
54,19,1,2.6220105968129792e-5
54,19,2,2.622010597435459e-5
54,19,3,2.622010597326601e-5
54,19,4,2.6220105973257594e-5
54,19,5,2.6220105970457615e-5
54,19,6,2.6220105971343977e-5
54,19,7,2.6220105974121717e-5
54,19,8,2.622010596891222e-5
54,19,9,2.6220105979970093e-5
54,19,10,2.622010597826213e-5
54,20,1,2.622010596832461e-5
54,20,2,2.622010597211339e-5
54,20,3,2.622010598035145e-5
54,20,4,2.6220105967926535e-5
54,20,5,2.6220105968652727e-5
54,20,6,2.6220105981172456e-5
54,20,7,2.6220105985188578e-5
54,20,8,2.6220105970456625e-5
54,20,9,2.6220105965617614e-5
54,20,10,2.6220105973198932e-5
54,21,1,2.6220105967914514e-5
54,21,2,2.6220105967103625e-5
54,21,3,2.622010596339442e-5
54,21,4,2.6220105961864e-5
54,21,5,2.6220105974395366e-5
54,21,6,2.6220105976253197e-5
54,21,7,2.6220105978178632e-5
54,21,8,2.622010597718153e-5
54,21,9,2.6220105968792744e-5
54,21,10,2.6220105967657134e-5
54,22,1,2.622010597027757e-5
54,22,2,2.622010596815971e-5
54,22,3,2.622010596375244e-5
54,22,4,2.6220105968430197e-5
54,22,5,2.622010597623207e-5
54,22,6,2.6220105970753433e-5
54,22,7,2.6220105963333092e-5
54,22,8,2.6220105976288014e-5
54,22,9,2.6220105967434032e-5
54,22,10,2.622010596412946e-5
54,23,1,2.622010595955443e-5
54,23,2,2.6220105972215137e-5
54,23,3,2.6220105974053348e-5
54,23,4,2.6220105963171173e-5
54,23,5,2.622010598036635e-5
54,23,6,2.6220105977476015e-5
54,23,7,2.6220105980736922e-5
54,23,8,2.622010596453693e-5
54,23,9,2.622010597412047e-5
54,23,10,2.6220105976130604e-5
54,24,1,2.6220105963681456e-5
54,24,2,2.6220105976709934e-5
54,24,3,2.622010597936291e-5
54,24,4,2.6220105965640833e-5
54,24,5,2.6220105966351758e-5
54,24,6,2.6220105969861775e-5
54,24,7,2.6220105979737003e-5
54,24,8,2.6220105969320697e-5
54,24,9,2.622010597001408e-5
54,24,10,2.622010597150609e-5
55,1,1,0.0005276297030012442
55,1,2,0.0005276297029911531
55,1,3,0.0005276297029985315
55,1,4,0.0005276297029951614
55,1,5,0.0005276297030039186
55,1,6,0.0005276297029979624
55,1,7,0.0005276297029954599
55,1,8,0.0005276297030030253
55,1,9,0.0005276297029913682
55,1,10,0.0005276297029987497
55,2,1,0.0005276297030033287
55,2,2,0.0005276297030050347
55,2,3,0.0005276297030067127
55,2,4,0.0005276297029998204
55,2,5,0.0005276297030014463
55,2,6,0.0005276297030044275
55,2,7,0.0005276297030048274
55,2,8,0.0005276297030050478
55,2,9,0.0005276297029995817
55,2,10,0.0005276297030037561
55,3,1,0.00052762970299827
55,3,2,0.0005276297030052228
55,3,3,0.0005276297030020792
55,3,4,0.0005276297029932249
55,3,5,0.0005276297030012446
55,3,6,0.0005276297030023638
55,3,7,0.0005276297030037524
55,3,8,0.0005276297030000871
55,3,9,0.0005276297030115841
55,3,10,0.0005276297030064537
55,4,1,0.0005276297030004637
55,4,2,0.0005276297029955748
55,4,3,0.0005276297029979119
55,4,4,0.000527629702997166
55,4,5,0.000527629702999474
55,4,6,0.0005276297030012912
55,4,7,0.0005276297029973598
55,4,8,0.0005276297030032725
55,4,9,0.0005276297030032897
55,4,10,0.0005276297029964595
55,5,1,0.0005276297030124071
55,5,2,0.0005276297029992815
55,5,3,0.000527629703010185
55,5,4,0.0005276297029987427
55,5,5,0.000527629703006695
55,5,6,0.0005276297030051772
55,5,7,0.00052762970300151
55,5,8,0.0005276297030107556
55,5,9,0.0005276297030003148
55,5,10,0.0005276297030073751
55,6,1,0.0005276297029956976
55,6,2,0.0005276297030036885
55,6,3,0.0005276297030016423
55,6,4,0.0005276297029957937
55,6,5,0.0005276297030007159
55,6,6,0.0005276297030080775
55,6,7,0.0005276297030095786
55,6,8,0.0005276297030005792
55,6,9,0.0005276297030021842
55,6,10,0.0005276297030034892
55,7,1,0.0005276297030027907
55,7,2,0.0005276297030070632
55,7,3,0.0005276297030080237
55,7,4,0.0005276297030045271
55,7,5,0.0005276297030021015
55,7,6,0.0005276297030057793
55,7,7,0.0005276297030088096
55,7,8,0.0005276297030112724
55,7,9,0.00052762970300577
55,7,10,0.000527629702995681
55,8,1,0.0005276297030161754
55,8,2,0.0005276297030253256
55,8,3,0.0005276297030121501
55,8,4,0.000527629703017292
55,8,5,0.0005276297030083883
55,8,6,0.000527629703010751
55,8,7,0.0005276297030127755
55,8,8,0.0005276297030128386
55,8,9,0.0005276297030109613
55,8,10,0.0005276297030110835
55,9,1,0.0005276297030129238
55,9,2,0.0005276297030105736
55,9,3,0.0005276297030215454
55,9,4,0.0005276297030142717
55,9,5,0.0005276297030085631
55,9,6,0.0005276297030161939
55,9,7,0.0005276297030215993
55,9,8,0.0005276297030221082
55,9,9,0.0005276297030230255
55,9,10,0.0005276297030117972
55,10,1,0.0005276297030247277
55,10,2,0.0005276297030270796
55,10,3,0.0005276297030283253
55,10,4,0.0005276297030195903
55,10,5,0.0005276297030242732
55,10,6,0.0005276297030209297
55,10,7,0.0005276297030177749
55,10,8,0.0005276297030173627
55,10,9,0.0005276297030190684
55,10,10,0.0005276297030276305
55,11,1,0.0005276297030280337
55,11,2,0.0005276297030137208
55,11,3,0.0005276297030190911
55,11,4,0.0005276297030245328
55,11,5,0.0005276297030175146
55,11,6,0.0005276297030210717
55,11,7,0.000527629703017902
55,11,8,0.0005276297030232653
55,11,9,0.0005276297030271859
55,11,10,0.0005276297030272131
55,12,1,0.000527629703018178
55,12,2,0.0005276297030194563
55,12,3,0.0005276297030209162
55,12,4,0.0005276297030144685
55,12,5,0.0005276297030313999
55,12,6,0.0005276297030111839
55,12,7,0.0005276297030105177
55,12,8,0.0005276297030269532
55,12,9,0.0005276297030213224
55,12,10,0.0005276297030180638
55,13,1,0.0005276297030212268
55,13,2,0.0005276297030172324
55,13,3,0.0005276297030172817
55,13,4,0.000527629703017283
55,13,5,0.0005276297030192108
55,13,6,0.0005276297030173472
55,13,7,0.000527629703014814
55,13,8,0.0005276297030189953
55,13,9,0.0005276297030235115
55,13,10,0.0005276297030244401
55,14,1,0.0005276297030139897
55,14,2,0.0005276297030209624
55,14,3,0.0005276297030242543
55,14,4,0.000527629703024386
55,14,5,0.0005276297030096074
55,14,6,0.0005276297030133663
55,14,7,0.0005276297030160608
55,14,8,0.0005276297030307403
55,14,9,0.0005276297030257061
55,14,10,0.0005276297030181621
55,15,1,0.0005276297030098384
55,15,2,0.0005276297030187574
55,15,3,0.000527629703013965
55,15,4,0.0005276297030192526
55,15,5,0.0005276297030063986
55,15,6,0.0005276297030233206
55,15,7,0.0005276297030208459
55,15,8,0.0005276297030163041
55,15,9,0.0005276297030115636
55,15,10,0.0005276297030174775
55,16,1,0.0005276297030047648
55,16,2,0.0005276297030245879
55,16,3,0.0005276297030150732
55,16,4,0.000527629703013849
55,16,5,0.0005276297030183569
55,16,6,0.0005276297030134798
55,16,7,0.0005276297030107017
55,16,8,0.0005276297030137496
55,16,9,0.0005276297030155642
55,16,10,0.0005276297030043449
55,17,1,0.0005276297030098171
55,17,2,0.0005276297030067388
55,17,3,0.0005276297030108695
55,17,4,0.000527629703019019
55,17,5,0.0005276297030049457
55,17,6,0.0005276297030113068
55,17,7,0.0005276297030092436
55,17,8,0.0005276297030101397
55,17,9,0.0005276297030103722
55,17,10,0.0005276297030093099
55,18,1,0.0005276297030042876
55,18,2,0.0005276297030057305
55,18,3,0.0005276297030186428
55,18,4,0.000527629702994165
55,18,5,0.0005276297029972242
55,18,6,0.000527629702999638
55,18,7,0.0005276297029947208
55,18,8,0.0005276297029987796
55,18,9,0.0005276297029982924
55,18,10,0.000527629702998752
55,19,1,0.0005276297029952232
55,19,2,0.0005276297030084633
55,19,3,0.0005276297030040874
55,19,4,0.00052762970300608
55,19,5,0.0005276297030040019
55,19,6,0.0005276297029949818
55,19,7,0.0005276297030115599
55,19,8,0.0005276297030032406
55,19,9,0.0005276297030066409
55,19,10,0.0005276297030214041
55,20,1,0.0005276297030044034
55,20,2,0.0005276297029959115
55,20,3,0.0005276297030121671
55,20,4,0.0005276297030015279
55,20,5,0.0005276297029959371
55,20,6,0.0005276297030073182
55,20,7,0.0005276297030058259
55,20,8,0.0005276297030014767
55,20,9,0.0005276297029957751
55,20,10,0.0005276297030001529
55,21,1,0.0005276297030032998
55,21,2,0.0005276297030014796
55,21,3,0.0005276297030083331
55,21,4,0.00052762970300045
55,21,5,0.0005276297030114357
55,21,6,0.0005276297030013687
55,21,7,0.0005276297030175967
55,21,8,0.0005276297030078435
55,21,9,0.0005276297030017886
55,21,10,0.0005276297030034835
55,22,1,0.0005276297030068559
55,22,2,0.0005276297030052324
55,22,3,0.0005276297030023479
55,22,4,0.0005276297030005311
55,22,5,0.0005276297029995683
55,22,6,0.0005276297030082753
55,22,7,0.0005276297030000543
55,22,8,0.000527629703010085
55,22,9,0.0005276297030061795
55,22,10,0.0005276297030042225
55,23,1,0.0005276297030059135
55,23,2,0.0005276297030020789
55,23,3,0.0005276297030133086
55,23,4,0.0005276297029966193
55,23,5,0.0005276297030167245
55,23,6,0.0005276297030113587
55,23,7,0.000527629703002167
55,23,8,0.0005276297029970467
55,23,9,0.0005276297030163263
55,23,10,0.0005276297030104389
55,24,1,0.000527629703000217
55,24,2,0.0005276297029997209
55,24,3,0.0005276297030128137
55,24,4,0.0005276297030012127
55,24,5,0.0005276297030103664
55,24,6,0.0005276297030055381
55,24,7,0.0005276297030027111
55,24,8,0.0005276297030008238
55,24,9,0.0005276297029984485
55,24,10,0.0005276297030034408
56,1,1,9.224170213560205e-5
56,1,2,9.22417020890602e-5
56,1,3,9.224170219145189e-5
56,1,4,9.22417021447117e-5
56,1,5,9.224170216608154e-5
56,1,6,9.224170215454412e-5
56,1,7,9.22417022340965e-5
56,1,8,9.224170216574596e-5
56,1,9,9.22417021749305e-5
56,1,10,9.224170223298591e-5
56,2,1,9.224170216040592e-5
56,2,2,9.224170210331707e-5
56,2,3,9.224170222185204e-5
56,2,4,9.224170224389536e-5
56,2,5,9.224170216701802e-5
56,2,6,9.22417022030008e-5
56,2,7,9.224170218536025e-5
56,2,8,9.224170234038449e-5
56,2,9,9.224170216200111e-5
56,2,10,9.224170216586076e-5
56,3,1,9.22417021354647e-5
56,3,2,9.224170218233147e-5
56,3,3,9.224170226744064e-5
56,3,4,9.224170214164256e-5
56,3,5,9.224170215061524e-5
56,3,6,9.224170224872637e-5
56,3,7,9.224170217660123e-5
56,3,8,9.224170216539794e-5
56,3,9,9.224170222762508e-5
56,3,10,9.22417022326612e-5
56,4,1,9.224170224186438e-5
56,4,2,9.224170214056884e-5
56,4,3,9.22417022235892e-5
56,4,4,9.224170211239321e-5
56,4,5,9.224170216761936e-5
56,4,6,9.22417021516772e-5
56,4,7,9.224170215829186e-5
56,4,8,9.224170217521233e-5
56,4,9,9.224170223192765e-5
56,4,10,9.224170224686381e-5
56,5,1,9.224170224452372e-5
56,5,2,9.224170219449264e-5
56,5,3,9.224170210327238e-5
56,5,4,9.224170215143671e-5
56,5,5,9.224170225282035e-5
56,5,6,9.224170223319506e-5
56,5,7,9.224170215130632e-5
56,5,8,9.224170225963305e-5
56,5,9,9.224170224737746e-5
56,5,10,9.224170220488647e-5
56,6,1,9.22417021884831e-5
56,6,2,9.224170230461929e-5
56,6,3,9.224170214489413e-5
56,6,4,9.224170214321582e-5
56,6,5,9.224170223600376e-5
56,6,6,9.224170225175286e-5
56,6,7,9.224170212287304e-5
56,6,8,9.22417022436496e-5
56,6,9,9.224170217438102e-5
56,6,10,9.22417021416908e-5
56,7,1,9.224170219180462e-5
56,7,2,9.224170233528924e-5
56,7,3,9.224170221703841e-5
56,7,4,9.224170217593224e-5
56,7,5,9.224170213112071e-5
56,7,6,9.2241702166846e-5
56,7,7,9.224170215884528e-5
56,7,8,9.224170223840023e-5
56,7,9,9.224170221023114e-5
56,7,10,9.224170214402382e-5
56,8,1,9.224170212781346e-5
56,8,2,9.224170221883641e-5
56,8,3,9.224170232169246e-5
56,8,4,9.224170216887517e-5
56,8,5,9.2241702271698e-5
56,8,6,9.224170215529132e-5
56,8,7,9.224170216337605e-5
56,8,8,9.224170225109549e-5
56,8,9,9.224170223876514e-5
56,8,10,9.224170215435968e-5
56,9,1,9.224170218024971e-5
56,9,2,9.224170211062015e-5
56,9,3,9.224170223524596e-5
56,9,4,9.22417020648615e-5
56,9,5,9.224170218917433e-5
56,9,6,9.224170219765128e-5
56,9,7,9.224170224184375e-5
56,9,8,9.224170215506026e-5
56,9,9,9.224170216866508e-5
56,9,10,9.224170208568215e-5
56,10,1,9.224170216022013e-5
56,10,2,9.224170212188667e-5
56,10,3,9.224170219835162e-5
56,10,4,9.224170219146165e-5
56,10,5,9.224170224449144e-5
56,10,6,9.224170211856759e-5
56,10,7,9.224170217612744e-5
56,10,8,9.224170215117649e-5
56,10,9,9.224170216136115e-5
56,10,10,9.224170217380852e-5
56,11,1,9.224170207333e-5
56,11,2,9.224170218336804e-5
56,11,3,9.224170211433657e-5
56,11,4,9.22417021767726e-5
56,11,5,9.224170226372451e-5
56,11,6,9.224170216818595e-5
56,11,7,9.224170212350864e-5
56,11,8,9.224170217913817e-5
56,11,9,9.224170217272406e-5
56,11,10,9.224170220549721e-5
56,12,1,9.224170212042262e-5
56,12,2,9.224170214759804e-5
56,12,3,9.224170224451615e-5
56,12,4,9.224170213017433e-5
56,12,5,9.224170212824919e-5
56,12,6,9.22417021464277e-5
56,12,7,9.224170220014149e-5
56,12,8,9.224170221131308e-5
56,12,9,9.224170219395561e-5
56,12,10,9.224170222035896e-5
56,13,1,9.22417022148893e-5
56,13,2,9.224170220073971e-5
56,13,3,9.224170216662312e-5
56,13,4,9.224170222397581e-5
56,13,5,9.224170215302928e-5
56,13,6,9.224170226423658e-5
56,13,7,9.224170212453012e-5
56,13,8,9.22417022239156e-5
56,13,9,9.224170220987997e-5
56,13,10,9.224170215261711e-5
56,14,1,9.22417022138742e-5
56,14,2,9.224170214958203e-5
56,14,3,9.224170220227755e-5
56,14,4,9.224170218211576e-5
56,14,5,9.224170225535944e-5
56,14,6,9.22417021720092e-5
56,14,7,9.224170221106286e-5
56,14,8,9.224170225046116e-5
56,14,9,9.22417022511382e-5
56,14,10,9.224170219751632e-5
56,15,1,9.224170213013386e-5
56,15,2,9.224170219483205e-5
56,15,3,9.224170213612931e-5
56,15,4,9.224170214609704e-5
56,15,5,9.224170211542976e-5
56,15,6,9.224170221408214e-5
56,15,7,9.224170218951479e-5
56,15,8,9.224170218006825e-5
56,15,9,9.224170224370457e-5
56,15,10,9.224170224573339e-5
56,16,1,9.22417022663792e-5
56,16,2,9.224170213122043e-5
56,16,3,9.224170233240339e-5
56,16,4,9.224170219697986e-5
56,16,5,9.224170223534302e-5
56,16,6,9.224170214794875e-5
56,16,7,9.224170217482089e-5
56,16,8,9.224170212393026e-5
56,16,9,9.224170223162372e-5
56,16,10,9.224170216471002e-5
56,17,1,9.224170218934942e-5
56,17,2,9.224170216825795e-5
56,17,3,9.22417021812789e-5
56,17,4,9.224170223766164e-5
56,17,5,9.224170213273784e-5
56,17,6,9.22417022047475e-5
56,17,7,9.224170223432366e-5
56,17,8,9.224170216838683e-5
56,17,9,9.224170228445425e-5
56,17,10,9.224170213191838e-5
56,18,1,9.224170213273067e-5
56,18,2,9.224170216431592e-5
56,18,3,9.224170210390338e-5
56,18,4,9.224170229199145e-5
56,18,5,9.224170221857696e-5
56,18,6,9.224170222042169e-5
56,18,7,9.224170214833977e-5
56,18,8,9.224170223267637e-5
56,18,9,9.224170221242121e-5
56,18,10,9.224170224780643e-5
56,19,1,9.22417021211764e-5
56,19,2,9.224170225762598e-5
56,19,3,9.224170220109367e-5
56,19,4,9.224170225709449e-5
56,19,5,9.224170217044581e-5
56,19,6,9.224170223970047e-5
56,19,7,9.224170214727878e-5
56,19,8,9.224170212108927e-5
56,19,9,9.224170218014415e-5
56,19,10,9.224170215824625e-5
56,20,1,9.224170214724544e-5
56,20,2,9.224170212084538e-5
56,20,3,9.224170211715942e-5
56,20,4,9.224170217492302e-5
56,20,5,9.224170215187358e-5
56,20,6,9.224170216290849e-5
56,20,7,9.22417022112689e-5
56,20,8,9.224170215163351e-5
56,20,9,9.224170218996146e-5
56,20,10,9.224170218360216e-5
56,21,1,9.224170213619378e-5
56,21,2,9.224170216272934e-5
56,21,3,9.224170210998739e-5
56,21,4,9.224170216108668e-5
56,21,5,9.224170214019414e-5
56,21,6,9.224170216900358e-5
56,21,7,9.224170197351394e-5
56,21,8,9.224170209575873e-5
56,21,9,9.224170211040822e-5
56,21,10,9.224170214588875e-5
56,22,1,9.22417021919377e-5
56,22,2,9.224170213742001e-5
56,22,3,9.224170208834125e-5
56,22,4,9.224170213804623e-5
56,22,5,9.224170222793571e-5
56,22,6,9.224170216276549e-5
56,22,7,9.224170217321612e-5
56,22,8,9.224170218510424e-5
56,22,9,9.224170215294789e-5
56,22,10,9.224170222586113e-5
56,23,1,9.224170215153918e-5
56,23,2,9.224170229280403e-5
56,23,3,9.224170220908129e-5
56,23,4,9.224170225978334e-5
56,23,5,9.224170212513406e-5
56,23,6,9.224170226383915e-5
56,23,7,9.224170221558664e-5
56,23,8,9.224170218694757e-5
56,23,9,9.224170221720685e-5
56,23,10,9.224170221542329e-5
56,24,1,9.224170229060031e-5
56,24,2,9.224170220343078e-5
56,24,3,9.22417022362018e-5
56,24,4,9.224170222332429e-5
56,24,5,9.224170206392035e-5
56,24,6,9.224170227509093e-5
56,24,7,9.224170217579838e-5
56,24,8,9.224170224641015e-5
56,24,9,9.224170220714994e-5
56,24,10,9.224170225086443e-5
57,1,1,0.00013104173289215873
57,1,2,0.00013104173289278198
57,1,3,0.0001310417328968325
57,1,4,0.00013104173289197303
57,1,5,0.00013104173289396064
57,1,6,0.00013104173289035039
57,1,7,0.0001310417328914659
57,1,8,0.00013104173289808278
57,1,9,0.00013104173288753924
57,1,10,0.0001310417328977995
57,2,1,0.00013104173288929142
57,2,2,0.00013104173288961896
57,2,3,0.0001310417328901352
57,2,4,0.00013104173289573396
57,2,5,0.0001310417328978249
57,2,6,0.00013104173289185588
57,2,7,0.00013104173289120175
57,2,8,0.0001310417328971004
57,2,9,0.00013104173289266464
57,2,10,0.00013104173289822652
57,3,1,0.0001310417328967552
57,3,2,0.00013104173289788096
57,3,3,0.00013104173289903249
57,3,4,0.00013104173289278157
57,3,5,0.00013104173289083527
57,3,6,0.0001310417328977057
57,3,7,0.0001310417328945734
57,3,8,0.00013104173289354702
57,3,9,0.0001310417328989288
57,3,10,0.00013104173289882847
57,4,1,0.00013104173288996164
57,4,2,0.00013104173288812154
57,4,3,0.00013104173289430355
57,4,4,0.00013104173289050808
57,4,5,0.00013104173289133964
57,4,6,0.00013104173289778175
57,4,7,0.00013104173289097974
57,4,8,0.00013104173289535682
57,4,9,0.00013104173289300714
57,4,10,0.00013104173289751292
57,5,1,0.0001310417328964664
57,5,2,0.00013104173288973792
57,5,3,0.0001310417328931411
57,5,4,0.00013104173289172084
57,5,5,0.00013104173289532874
57,5,6,0.00013104173289752496
57,5,7,0.00013104173289560142
57,5,8,0.00013104173289267912
57,5,9,0.00013104173289141626
57,5,10,0.00013104173289709822
57,6,1,0.00013104173288870045
57,6,2,0.00013104173289158686
57,6,3,0.00013104173289008476
57,6,4,0.0001310417328893417
57,6,5,0.00013104173289155022
57,6,6,0.00013104173289817743
57,6,7,0.00013104173289649472
57,6,8,0.00013104173289171103
57,6,9,0.0001310417328972186
57,6,10,0.0001310417328919451
57,7,1,0.00013104173289244346
57,7,2,0.00013104173289327068
57,7,3,0.000131041732897871
57,7,4,0.0001310417328903065
57,7,5,0.00013104173289024546
57,7,6,0.00013104173289023364
57,7,7,0.00013104173289770494
57,7,8,0.0001310417328943967
57,7,9,0.00013104173289688208
57,7,10,0.0001310417328921109
57,8,1,0.00013104173289503476
57,8,2,0.0001310417328995952
57,8,3,0.00013104173289410332
57,8,4,0.00013104173289282743
57,8,5,0.0001310417328920155
57,8,6,0.00013104173289849884
57,8,7,0.00013104173289962126
57,8,8,0.0001310417328995499
57,8,9,0.00013104173289862843
57,8,10,0.00013104173289374827
57,9,1,0.00013104173289829634
57,9,2,0.00013104173290003998
57,9,3,0.0001310417329001371
57,9,4,0.00013104173289380232
57,9,5,0.0001310417328952376
57,9,6,0.00013104173290029805
57,9,7,0.00013104173290057636
57,9,8,0.00013104173290231775
57,9,9,0.00013104173289583076
57,9,10,0.00013104173290117715
57,10,1,0.00013104173290217602
57,10,2,0.00013104173290131357
57,10,3,0.00013104173290250814
57,10,4,0.00013104173290077908
57,10,5,0.0001310417329005447
57,10,6,0.00013104173289652917
57,10,7,0.0001310417328990241
57,10,8,0.00013104173289418274
57,10,9,0.0001310417329003508
57,10,10,0.0001310417329026432
57,11,1,0.00013104173290297202
57,11,2,0.00013104173289403965
57,11,3,0.0001310417329013418
57,11,4,0.00013104173290221462
57,11,5,0.0001310417328986765
57,11,6,0.00013104173290116912
57,11,7,0.00013104173289642774
57,11,8,0.00013104173290272447
57,11,9,0.0001310417329020612
57,11,10,0.0001310417329031754
57,12,1,0.00013104173290031596
57,12,2,0.00013104173289833388
57,12,3,0.0001310417329025153
57,12,4,0.0001310417328940271
57,12,5,0.00013104173290346197
57,12,6,0.00013104173289648708
57,12,7,0.0001310417328947199
57,12,8,0.00013104173290343372
57,12,9,0.00013104173290103514
57,12,10,0.00013104173289765522
57,13,1,0.00013104173289470338
57,13,2,0.00013104173290231193
57,13,3,0.00013104173289884085
57,13,4,0.0001310417328946704
57,13,5,0.00013104173290052435
57,13,6,0.0001310417329017609
57,13,7,0.00013104173289764316
57,13,8,0.00013104173290236974
57,13,9,0.000131041732899368
57,13,10,0.0001310417329019091
57,14,1,0.00013104173289359876
57,14,2,0.00013104173290127876
57,14,3,0.00013104173289980577
57,14,4,0.00013104173289773472
57,14,5,0.00013104173289455451
57,14,6,0.0001310417329020587
57,14,7,0.00013104173290137645
57,14,8,0.00013104173290261892
57,14,9,0.00013104173290088918
57,14,10,0.00013104173289582325
57,15,1,0.00013104173289565463
57,15,2,0.00013104173290190869
57,15,3,0.00013104173289749745
57,15,4,0.0001310417328930391
57,15,5,0.00013104173289990798
57,15,6,0.00013104173290063046
57,15,7,0.00013104173289428097
57,15,8,0.00013104173290169317
57,15,9,0.00013104173290025183
57,15,10,0.0001310417329025986
57,16,1,0.00013104173289602046
57,16,2,0.00013104173290121133
57,16,3,0.00013104173289479523
57,16,4,0.0001310417328943794
57,16,5,0.00013104173289955686
57,16,6,0.00013104173289382205
57,16,7,0.00013104173289930075
57,16,8,0.00013104173289934327
57,16,9,0.0001310417328986451
57,16,10,0.0001310417328921626
57,17,1,0.00013104173289598805
57,17,2,0.00013104173289695255
57,17,3,0.00013104173289584946
57,17,4,0.00013104173290014783
57,17,5,0.00013104173289788272
57,17,6,0.00013104173289584553
57,17,7,0.00013104173289735482
57,17,8,0.00013104173289509103
57,17,9,0.00013104173289857563
57,17,10,0.0001310417328994315
57,18,1,0.00013104173289212718
57,18,2,0.00013104173289737753
57,18,3,0.00013104173289798257
57,18,4,0.00013104173288962278
57,18,5,0.00013104173289659702
57,18,6,0.00013104173289067822
57,18,7,0.00013104173289026275
57,18,8,0.00013104173288871598
57,18,9,0.00013104173289288533
57,18,10,0.00013104173289194435
57,19,1,0.00013104173288967018
57,19,2,0.0001310417328979608
57,19,3,0.00013104173289745448
57,19,4,0.0001310417328951678
57,19,5,0.0001310417328885172
57,19,6,0.00013104173289305037
57,19,7,0.0001310417328976511
57,19,8,0.0001310417328897649
57,19,9,0.00013104173289748864
57,19,10,0.00013104173289867904
57,20,1,0.00013104173289255842
57,20,2,0.0001310417328893495
57,20,3,0.00013104173289806614
57,20,4,0.0001310417328906898
57,20,5,0.00013104173288957518
57,20,6,0.00013104173289852438
57,20,7,0.00013104173289807928
57,20,8,0.00013104173289272912
57,20,9,0.00013104173288994882
57,20,10,0.0001310417328969009
57,21,1,0.0001310417328893876
57,21,2,0.0001310417328893189
57,21,3,0.00013104173288751246
57,21,4,0.00013104173288984788
57,21,5,0.0001310417328991478
57,21,6,0.00013104173289332996
57,21,7,0.00013104173289866746
57,21,8,0.0001310417328982387
57,21,9,0.00013104173289063737
57,21,10,0.00013104173289273124
57,22,1,0.0001310417328932913
57,22,2,0.0001310417328914016
57,22,3,0.00013104173289000366
57,22,4,0.00013104173288893499
57,22,5,0.0001310417328925668
57,22,6,0.00013104173289193852
57,22,7,0.0001310417328864382
57,22,8,0.0001310417328977611
57,22,9,0.00013104173289439302
57,22,10,0.00013104173289036784
57,23,1,0.00013104173289065982
57,23,2,0.000131041732894051
57,23,3,0.00013104173289829366
57,23,4,0.00013104173288856216
57,23,5,0.00013104173289686622
57,23,6,0.00013104173289752891
57,23,7,0.00013104173289736607
57,23,8,0.00013104173289008261
57,23,9,0.00013104173289822278
57,23,10,0.00013104173289784385
57,24,1,0.0001310417328902745
57,24,2,0.00013104173289280862
57,24,3,0.000131041732897389
57,24,4,0.00013104173288924133
57,24,5,0.00013104173288985073
57,24,6,0.0001310417328937745
57,24,7,0.00013104173289820242
57,24,8,0.0001310417328911446
57,24,9,0.0001310417328932609
57,24,10,0.0001310417328935619
58,1,1,5.240365779973574e-7
58,1,2,5.2403657940341e-7
58,1,3,5.240365799074767e-7
58,1,4,5.240365774874916e-7
58,1,5,5.240365789214823e-7
58,1,6,5.240365772671086e-7
58,1,7,5.240365778906147e-7
58,1,8,5.24036579729266e-7
58,1,9,5.240365786046772e-7
58,1,10,5.240365797373535e-7
58,2,1,5.240365779993188e-7
58,2,2,5.240365776518248e-7
58,2,3,5.240365773626628e-7
58,2,4,5.24036579923719e-7
58,2,5,5.240365801238478e-7
58,2,6,5.240365789576461e-7
58,2,7,5.240365778127341e-7
58,2,8,5.240365803186351e-7
58,2,9,5.240365792315546e-7
58,2,10,5.240365801029334e-7
58,3,1,5.240365799234349e-7
58,3,2,5.240365807347667e-7
58,3,3,5.240365803655866e-7
58,3,4,5.240365784292244e-7
58,3,5,5.240365799195007e-7
58,3,6,5.240365802164325e-7
58,3,7,5.240365800753158e-7
58,3,8,5.240365807354231e-7
58,3,9,5.24036580676334e-7
58,3,10,5.240365803509839e-7
58,4,1,5.24036578165825e-7
58,4,2,5.240365777337292e-7
58,4,3,5.240365797770562e-7
58,4,4,5.240365782820067e-7
58,4,5,5.240365784756073e-7
58,4,6,5.240365808747095e-7
58,4,7,5.240365797041579e-7
58,4,8,5.240365809799371e-7
58,4,9,5.24036581331193e-7
58,4,10,5.240365792536904e-7
58,5,1,5.240365804559424e-7
58,5,2,5.240365790684999e-7
58,5,3,5.240365778732247e-7
58,5,4,5.240365794300303e-7
58,5,5,5.240365804772621e-7
58,5,6,5.240365806805406e-7
58,5,7,5.240365798480366e-7
58,5,8,5.240365783000678e-7
58,5,9,5.240365796423799e-7
58,5,10,5.240365798850775e-7
58,6,1,5.24036578096071e-7
58,6,2,5.240365786629757e-7
58,6,3,5.240365777443262e-7
58,6,4,5.240365778521627e-7
58,6,5,5.240365790437624e-7
58,6,6,5.24036580401541e-7
58,6,7,5.240365803539403e-7
58,6,8,5.240365791579118e-7
58,6,9,5.240365801492867e-7
58,6,10,5.24036578435423e-7
58,7,1,5.240365787928981e-7
58,7,2,5.240365785154093e-7
58,7,3,5.240365812988789e-7
58,7,4,5.240365781938895e-7
58,7,5,5.240365774744283e-7
58,7,6,5.240365774770387e-7
58,7,7,5.240365805601987e-7
58,7,8,5.240365785991337e-7
58,7,9,5.24036581969811e-7
58,7,10,5.240365784487223e-7
58,8,1,5.240365779513972e-7
58,8,2,5.240365808741026e-7
58,8,3,5.240365788876011e-7
58,8,4,5.2403657769261e-7
58,8,5,5.240365774215915e-7
58,8,6,5.240365804081825e-7
58,8,7,5.240365810969274e-7
58,8,8,5.24036580440144e-7
58,8,9,5.240365804308353e-7
58,8,10,5.240365782040978e-7
58,9,1,5.240365811972332e-7
58,9,2,5.240365815114809e-7
58,9,3,5.240365802426294e-7
58,9,4,5.24036578398051e-7
58,9,5,5.240365793351077e-7
58,9,6,5.240365814978104e-7
58,9,7,5.240365806390192e-7
58,9,8,5.240365810042253e-7
58,9,9,5.240365792384296e-7
58,9,10,5.240365815594046e-7
58,10,1,5.240365809296519e-7
58,10,2,5.240365813542237e-7
58,10,3,5.240365812684312e-7
58,10,4,5.240365809361656e-7
58,10,5,5.240365814029624e-7
58,10,6,5.240365787837113e-7
58,10,7,5.240365790324088e-7
58,10,8,5.240365774266206e-7
58,10,9,5.240365807113515e-7
58,10,10,5.240365822527917e-7
58,11,1,5.240365816492212e-7
58,11,2,5.240365782471661e-7
58,11,3,5.240365822237632e-7
58,11,4,5.240365809299326e-7
58,11,5,5.240365801162884e-7
58,11,6,5.240365813810355e-7
58,11,7,5.240365798973887e-7
58,11,8,5.240365814446736e-7
58,11,9,5.240365815309524e-7
58,11,10,5.240365806904962e-7
58,12,1,5.240365818674979e-7
58,12,2,5.240365802205445e-7
58,12,3,5.240365813519358e-7
58,12,4,5.240365777334258e-7
58,12,5,5.24036581108874e-7
58,12,6,5.240365783658154e-7
58,12,7,5.240365789827502e-7
58,12,8,5.24036581924445e-7
58,12,9,5.240365814605634e-7
58,12,10,5.240365786099156e-7
58,13,1,5.240365771929498e-7
58,13,2,5.240365822945175e-7
58,13,3,5.240365790425411e-7
58,13,4,5.240365783277977e-7
58,13,5,5.240365820706376e-7
58,13,6,5.240365821685276e-7
58,13,7,5.24036578842545e-7
58,13,8,5.240365817971871e-7
58,13,9,5.240365790561569e-7
58,13,10,5.240365814685202e-7
58,14,1,5.24036576913407e-7
58,14,2,5.240365816416286e-7
58,14,3,5.240365789580201e-7
58,14,4,5.240365792687014e-7
58,14,5,5.240365787403812e-7
58,14,6,5.240365818792261e-7
58,14,7,5.240365814428968e-7
58,14,8,5.24036581297411e-7
58,14,9,5.240365815140701e-7
58,14,10,5.240365778529642e-7
58,15,1,5.240365782621031e-7
58,15,2,5.240365810611977e-7
58,15,3,5.240365792233625e-7
58,15,4,5.24036577785278e-7
58,15,5,5.240365800863615e-7
58,15,6,5.240365801555559e-7
58,15,7,5.240365772005694e-7
58,15,8,5.240365820472886e-7
58,15,9,5.24036582098012e-7
58,15,10,5.240365811303861e-7
58,16,1,5.240365791781827e-7
58,16,2,5.24036581077828e-7
58,16,3,5.240365782167096e-7
58,16,4,5.240365783171799e-7
58,16,5,5.240365803028306e-7
58,16,6,5.240365783759115e-7
58,16,7,5.240365808813286e-7
58,16,8,5.240365814386914e-7
58,16,9,5.240365799262248e-7
58,16,10,5.240365766457797e-7
58,17,1,5.240365788825247e-7
58,17,2,5.240365813357421e-7
58,17,3,5.240365797646881e-7
58,17,4,5.24036580771964e-7
58,17,5,5.240365818878416e-7
58,17,6,5.24036578643095e-7
58,17,7,5.24036580196764e-7
58,17,8,5.240365790026833e-7
58,17,9,5.240365803972326e-7
58,17,10,5.240365802572564e-7
58,18,1,5.240365780286613e-7
58,18,2,5.240365804892303e-7
58,18,3,5.240365801704897e-7
58,18,4,5.240365777823199e-7
58,18,5,5.240365810452166e-7
58,18,6,5.240365776688338e-7
58,18,7,5.240365779290251e-7
58,18,8,5.240365768413614e-7
58,18,9,5.240365790017294e-7
58,18,10,5.240365780447026e-7
58,19,1,5.240365771261231e-7
58,19,2,5.240365804218711e-7
58,19,3,5.24036580780085e-7
58,19,4,5.240365795758174e-7
58,19,5,5.240365763217387e-7
58,19,6,5.240365791767997e-7
58,19,7,5.240365799994675e-7
58,19,8,5.240365773189843e-7
58,19,9,5.240365803606624e-7
58,19,10,5.240365807287448e-7
58,20,1,5.240365791719826e-7
58,20,2,5.240365769925223e-7
58,20,3,5.240365801288085e-7
58,20,4,5.240365779834841e-7
58,20,5,5.240365778524496e-7
58,20,6,5.240365805793186e-7
58,20,7,5.240365800516381e-7
58,20,8,5.240365794706109e-7
58,20,9,5.240365776800455e-7
58,20,10,5.240365808989458e-7
58,21,1,5.240365774041629e-7
58,21,2,5.240365763980103e-7
58,21,3,5.240365760155608e-7
58,21,4,5.240365783773237e-7
58,21,5,5.240365807618066e-7
58,21,6,5.240365789458974e-7
58,21,7,5.240365815401586e-7
58,21,8,5.24036581005614e-7
58,21,9,5.24036578144214e-7
58,21,10,5.240365790857366e-7
58,22,1,5.240365794096471e-7
58,22,2,5.24036577411655e-7
58,22,3,5.240365779200753e-7
58,22,4,5.240365784662564e-7
58,22,5,5.240365788317967e-7
58,22,6,5.240365774087642e-7
58,22,7,5.240365775121256e-7
58,22,8,5.240365802177922e-7
58,22,9,5.240365786702428e-7
58,22,10,5.240365780653324e-7
58,23,1,5.240365781800847e-7
58,23,2,5.240365790653896e-7
58,23,3,5.240365809703667e-7
58,23,4,5.240365769113935e-7
58,23,5,5.240365806463071e-7
58,23,6,5.240365810745311e-7
58,23,7,5.240365797634968e-7
58,23,8,5.240365777595694e-7
58,23,9,5.240365809417048e-7
58,23,10,5.240365808426049e-7
58,24,1,5.240365777763678e-7
58,24,2,5.240365794221032e-7
58,24,3,5.240365808564296e-7
58,24,4,5.240365769178576e-7
58,24,5,5.240365774769011e-7
58,24,6,5.240365786406907e-7
58,24,7,5.24036580552025e-7
58,24,8,5.240365774285647e-7
58,24,9,5.240365788930864e-7
58,24,10,5.240365796218757e-7
59,1,1,0.0005008494878301482
59,1,2,0.0005008494874639782
59,1,3,0.0005008494880188428
59,1,4,0.0005008494879655761
59,1,5,0.000500849487988554
59,1,6,0.0005008494879007702
59,1,7,0.0005008494881495691
59,1,8,0.0005008494877969819
59,1,9,0.0005008494880244572
59,1,10,0.000500849488107079
59,2,1,0.0005008494878466203
59,2,2,0.00050084948768546
59,2,3,0.0005008494881934793
59,2,4,0.0005008494881232661
59,2,5,0.0005008494878157883
59,2,6,0.0005008494881321845
59,2,7,0.0005008494879015021
59,2,8,0.0005008494883251329
59,2,9,0.0005008494878606166
59,2,10,0.0005008494879820202
59,3,1,0.0005008494878095894
59,3,2,0.0005008494879126385
59,3,3,0.0005008494881445912
59,3,4,0.000500849487860469
59,3,5,0.0005008494877480569
59,3,6,0.0005008494880619638
59,3,7,0.000500849487945285
59,3,8,0.000500849487920762
59,3,9,0.0005008494880283364
59,3,10,0.0005008494881167628
59,4,1,0.000500849488195882
59,4,2,0.000500849487857309
59,4,3,0.0005008494879464546
59,4,4,0.0005008494879287501
59,4,5,0.0005008494879569805
59,4,6,0.0005008494878061474
59,4,7,0.0005008494879417279
59,4,8,0.0005008494877878315
59,4,9,0.0005008494885254153
59,4,10,0.0005008494881775981
59,5,1,0.0005008494880974287
59,5,2,0.0005008494879830533
59,5,3,0.0005008494877994748
59,5,4,0.0005008494878988578
59,5,5,0.0005008494881836487
59,5,6,0.0005008494881400853
59,5,7,0.0005008494878474752
59,5,8,0.0005008494880586945
59,5,9,0.0005008494880511259
59,5,10,0.0005008494880138529
59,6,1,0.0005008728579591396
59,6,2,0.0005008834801102626
59,6,3,0.0005008723565760199
59,6,4,0.0005008723566409239
59,6,5,0.0005008820458597451
59,6,6,0.0005008691179589335
59,6,7,0.0005008834651799555
59,6,8,0.0005008800783167187
59,6,9,0.0005008714294090644
59,6,10,0.0005008895332304777
59,7,1,0.0005017441906997736
59,7,2,0.000502042591507375
59,7,3,0.0005016135124019149
59,7,4,0.0005016135122712951
59,7,5,0.0005018733431064387
59,7,6,0.0005016029215341806
59,7,7,0.0005019180111854968
59,7,8,0.0005018888324678711
59,7,9,0.0005015825255818385
59,7,10,0.0005021063008439963
59,8,1,0.0005030906961642703
59,8,2,0.0005037254354911209
59,8,3,0.0005029901812206418
59,8,4,0.0005029901808455287
59,8,5,0.0005034720125702572
59,8,6,0.0005027547823933048
59,8,7,0.0005035865262508092
59,8,8,0.000503581899013421
59,8,9,0.0005029033019428681
59,8,10,0.0005038505711245243
59,9,1,0.000504557350915934
59,9,2,0.0005051464966830094
59,9,3,0.0005043316228270355
59,9,4,0.0005043316223124955
59,9,5,0.0005045339620203727
59,9,6,0.0005038802836292022
59,9,7,0.0005046949293050003
59,9,8,0.0005049899635391242
59,9,9,0.0005041902127691526
59,9,10,0.0005052232770409097
59,10,1,0.0005056325646314468
59,10,2,0.0005061076606760502
59,10,3,0.0005055937064667104
59,10,4,0.0005055937064694411
59,10,5,0.0005054114619221756
59,10,6,0.0005047780540636833
59,10,7,0.0005056108555291696
59,10,8,0.0005059986928309603
59,10,9,0.0005054009288756208
59,10,10,0.0005062778941035522
59,11,1,0.0005063580868473142
59,11,2,0.0005067107570819802
59,11,3,0.0005063008373708289
59,11,4,0.0005063008373429275
59,11,5,0.0005060015240400422
59,11,6,0.0005054139926590688
59,11,7,0.0005062267809915294
59,11,8,0.0005066181309337972
59,11,9,0.0005060792558714085
59,11,10,0.0005069227221738765
59,12,1,0.0005065236103952517
59,12,2,0.0005068842066421336
59,12,3,0.0005066559450051507
59,12,4,0.0005066559447777625
59,12,5,0.0005059804201977423
59,12,6,0.000505654206099572
59,12,7,0.0005062047521834893
59,12,8,0.0005068681457861127
59,12,9,0.0005064198866231752
59,12,10,0.0005071682877584531
59,13,1,0.0005064819886088751
59,13,2,0.0005067746176826284
59,13,3,0.0005066095136536169
59,13,4,0.0005066095138713918
59,13,5,0.0005057162182323844
59,13,6,0.0005054757774081438
59,13,7,0.0005059289639353504
59,13,8,0.0005067312615520923
59,13,9,0.0005063753429306791
59,13,10,0.0005069770365611594
59,14,1,0.0005061497283648171
59,14,2,0.0005061543843729649
59,14,3,0.0005062307810987606
59,14,4,0.0005062307810399902
59,14,5,0.0005050040870837747
59,14,6,0.0005049804231685974
59,14,7,0.0005051856362478317
59,14,8,0.0005062221332782738
59,14,9,0.0005060120543923294
59,14,10,0.0005064427393364536
59,15,1,0.0005053325621171886
59,15,2,0.0005052221783311042
59,15,3,0.0005054016703322313
59,15,4,0.0005054016701815701
59,15,5,0.0005041377324738289
59,15,6,0.000504241972231362
59,15,7,0.0005042813571590722
59,15,8,0.0005052936388820423
59,15,9,0.0005052167083092038
59,15,10,0.0005054684908423593
59,16,1,0.0005040273264928551
59,16,2,0.0005038306527313766
59,16,3,0.0005041200474847613
59,16,4,0.000504120047217675
59,16,5,0.000503062070394621
59,16,6,0.0005031734082840749
59,16,7,0.0005031586647444285
59,16,8,0.0005039334646370199
59,16,9,0.0005039872448001446
59,16,10,0.0005041055023880189
59,17,1,0.0005024038998893875
59,17,2,0.0005022138042234754
59,17,3,0.0005024818566968113
59,17,4,0.0005024818569223718
59,17,5,0.0005017996366185134
59,17,6,0.0005018864885502799
59,17,7,0.0005018410917570407
59,17,8,0.0005023537559824224
59,17,9,0.0005024156252790042
59,17,10,0.0005024337818885246
59,18,1,0.0005009939690750554
59,18,2,0.0005009647078048991
59,18,3,0.0005009954528959674
59,18,4,0.0005009954534366718
59,18,5,0.0005009256638408737
59,18,6,0.0005009096140382749
59,18,7,0.0005009289854408103
59,18,8,0.0005009812895213638
59,18,9,0.0005009895353644439
59,18,10,0.0005009834828360281
59,19,1,0.0005008494876680728
59,19,2,0.0005008494880726376
59,19,3,0.0005008494880633051
59,19,4,0.0005008494882386148
59,19,5,0.0005008494878841558
59,19,6,0.0005008494881882101
59,19,7,0.0005008494876975993
59,19,8,0.0005008494877748139
59,19,9,0.0005008494880389108
59,19,10,0.0005008494878156321
59,20,1,0.0005008494878876673
59,20,2,0.0005008494877882464
59,20,3,0.0005008494879426083
59,20,4,0.0005008494879943325
59,20,5,0.0005008494878358143
59,20,6,0.00050084948792341
59,20,7,0.0005008494881896561
59,20,8,0.0005008494878868788
59,20,9,0.0005008494879228001
59,20,10,0.0005008494880126283
59,21,1,0.000500849487744425
59,21,2,0.0005008494878141928
59,21,3,0.0005008494877282649
59,21,4,0.0005008494879669715
59,21,5,0.0005008494877156131
59,21,6,0.0005008494879559637
59,21,7,0.0005008494872914152
59,21,8,0.0005008494876505847
59,21,9,0.0005008494877035523
59,21,10,0.0005008494877765283
59,22,1,0.000500849487988633
59,22,2,0.0005008494878208984
59,22,3,0.0005008494875838707
59,22,4,0.0005008494878077789
59,22,5,0.0005008494879675781
59,22,6,0.0005008494878859453
59,22,7,0.0005008494878813885
59,22,8,0.0005008494879985213
59,22,9,0.0005008494877345505
59,22,10,0.000500849488042652
59,23,1,0.0005008494878953529
59,23,2,0.0005008494882205392
59,23,3,0.0005008494880029308
59,23,4,0.0005008494882077605
59,23,5,0.000500849487834273
59,23,6,0.0005008494882293906
59,23,7,0.0005008494881012607
59,23,8,0.0005008494879182335
59,23,9,0.0005008494880164691
59,23,10,0.0005008494879942182
59,24,1,0.0005008494883034894
59,24,2,0.0005008494880685572
59,24,3,0.0005008494880609249
59,24,4,0.0005008494882428919
59,24,5,0.0005008494876442994
59,24,6,0.0005008494882067733
59,24,7,0.0005008494878319932
59,24,8,0.0005008494882872216
59,24,9,0.0005008494880437564
59,24,10,0.0005008494882131596
60,1,1,0.0003130575835690703
60,1,2,0.00031305758333427205
60,1,3,0.00031305758369938195
60,1,4,0.0003130575836601259
60,1,5,0.0003130575836791139
60,1,6,0.0003130575836141022
60,1,7,0.0003130575837759398
60,1,8,0.00031305758355080874
60,1,9,0.0003130575836932466
60,1,10,0.0003130575837518223
60,2,1,0.00031305758358081637
60,2,2,0.000313057583472943
60,2,3,0.0003130575838050327
60,2,4,0.0003130575837665888
60,2,5,0.0003130575835650581
60,2,6,0.00031305758377123984
60,2,7,0.00031305758361777856
60,2,8,0.00031305758389736784
60,2,9,0.0003130575835933613
60,2,10,0.0003130575836722958
60,3,1,0.00031305758355752456
60,3,2,0.00031305758362979406
60,3,3,0.00031305758378003874
60,3,4,0.0003130575835959451
60,3,5,0.00031305758351996856
60,3,6,0.0003130575837278936
60,3,7,0.00031305758364977
60,3,8,0.00031305758363443017
60,3,9,0.00031305758370490044
60,3,10,0.0003130575837649188
60,4,1,0.00031305758381052406
60,4,2,0.00031305758358633875
60,4,3,0.00031305758365254545
60,4,4,0.00031305758363120103
60,4,5,0.00031305758365230844
60,4,6,0.0003130575835590731
60,4,7,0.00031305758364612383
60,4,8,0.0003130575835456275
60,4,9,0.0003130575840232683
60,4,10,0.0003130575838053643
60,5,1,0.0003130575837492989
60,5,2,0.00031305758367635106
60,5,3,0.00031305758354914764
60,5,4,0.0003130575836171829
60,5,5,0.0003130575838030643
60,5,6,0.00031305758377759673
60,5,7,0.0003130575835847191
60,5,8,0.0003130575837216749
60,5,9,0.0003130575837206821
60,5,10,0.00031305758369494383
60,6,1,0.00031307291107196864
60,6,2,0.0003130798777207102
60,6,3,0.0003130725822424481
60,6,4,0.00031307258228085267
60,6,5,0.0003130789370506559
60,6,6,0.000313070458168409
60,6,7,0.0003130798679246657
60,6,8,0.00031307764661817446
60,6,9,0.0003130719741529355
60,6,10,0.00031308384770675865
60,7,1,0.00031364439278398906
60,7,2,0.00031384010980105867
60,7,3,0.0003135586834159607
60,7,4,0.00031355868332174134
60,7,5,0.00031372910178670467
60,7,6,0.00031355173708321545
60,7,7,0.00031375839897873425
60,7,8,0.0003137392610437302
60,7,9,0.0003135383598239193
60,7,10,0.00031388189618990084
60,8,1,0.0003145275660634323
60,8,2,0.00031494390839734187
60,8,3,0.00031446163662405993
60,8,4,0.0003144616363741951
60,8,5,0.00031477768030863145
60,8,6,0.0003143072356372444
60,8,7,0.00031485279323947477
60,8,8,0.00031484975808875683
60,8,9,0.00031440465126749957
60,8,10,0.0003150259894249378
60,9,1,0.0003154895998527872
60,9,2,0.0003158760585743068
60,9,3,0.00031534153265290053
60,9,4,0.00031534153230650667
60,9,5,0.0003154742577530986
60,9,6,0.00031504547900790286
60,9,7,0.00031557984558078656
60,9,8,0.0003157733774983823
60,9,9,0.0003152487748608024
60,9,10,0.00031592642444048586
60,10,1,0.00031619490876913145
60,10,2,0.000316506567614178
60,10,3,0.00031616941841661363
60,10,4,0.0003161694184172159
60,10,5,0.0003160498693444274
60,10,6,0.00031563437221453385
60,10,7,0.00031618066792468724
60,10,8,0.00031643508513627395
60,10,9,0.0003160429598866778
60,10,10,0.0003166182406881456
60,11,1,0.00031667084736482687
60,11,2,0.0003169022020668054
60,11,3,0.00031663329151936066
60,11,4,0.0003166332915034968
60,11,5,0.00031643694239182394
60,11,6,0.00031605152945870493
60,11,7,0.0003165847104153456
60,11,8,0.00031684143820763733
60,11,9,0.00031648793414521616
60,11,10,0.00031704125456636533
60,12,1,0.00031677943183155993
60,12,2,0.0003170159876675727
60,12,3,0.00031686624466573555
60,12,4,0.0003168662445111164
60,12,5,0.0003164230983937278
60,12,6,0.0003162091052504499
60,12,7,0.00031657025951768166
60,12,8,0.0003170054514696719
60,12,9,0.00031671138831468917
60,12,10,0.00031720235097552305
60,13,1,0.00031675212761064314
60,13,2,0.00031694409552521425
60,13,3,0.0003168357851818617
60,13,4,0.0003168357853215649
60,13,5,0.0003162497843676856
60,13,6,0.00031609205902178417
60,13,7,0.0003163893434201655
60,13,8,0.00031691565328299397
60,13,9,0.00031668216742692084
60,13,10,0.0003170768858571661
60,14,1,0.0003165341639260295
60,14,2,0.0003165372182698289
60,14,3,0.00031658733449302096
60,14,4,0.0003165873344571743
60,14,5,0.00031578264209445797
60,14,6,0.0003157671193182064
60,14,7,0.0003159017330679743
60,14,8,0.00031658166152099453
60,14,9,0.0003164438502544998
60,14,10,0.0003167263798266148
60,15,1,0.0003159981127891896
60,15,2,0.0003159257037098985
60,15,3,0.00031604344627063417
60,15,4,0.000316043446164738
60,15,5,0.00031521435060490033
60,15,6,0.00031528272637080704
60,15,7,0.00031530856087144357
60,15,8,0.0003159725800638931
60,15,9,0.0003159221155173601
60,15,10,0.0003160872791737697
60,16,1,0.00031514193042618213
60,16,2,0.00031501292420250726
60,16,3,0.0003152027502135781
60,16,4,0.00031520275004038537
60,16,5,0.0003145087899137003
60,16,6,0.00031458181853265716
60,16,7,0.00031457214794829575
60,16,8,0.00031508036253827883
60,16,9,0.0003151156391586376
60,16,10,0.00031519320942696813
60,17,1,0.00031407709019678316
60,17,2,0.0003139524069507833
60,17,3,0.00031412822214877913
60,17,4,0.00031412822229141986
60,17,5,0.0003136807588259829
60,17,6,0.00031373772370776686
60,17,7,0.00031370794860572667
60,17,8,0.00031404420085320064
60,17,9,0.0003140847808851502
60,17,10,0.000314096689813814
60,18,1,0.00031315234311008047
60,18,2,0.00031313315176114716
60,18,3,0.00031315331629788734
60,18,4,0.00031315331664728114
60,18,5,0.0003131075443426882
60,18,6,0.0003130970179079568
60,18,7,0.00031310972284582606
60,18,8,0.0003131440270722918
60,18,9,0.0003131494352124908
60,18,10,0.0003131454655849638
60,19,1,0.00031305758346132894
60,19,2,0.00031305758373300344
60,19,3,0.00031305758372855697
60,19,4,0.0003130575838361521
60,19,5,0.00031305758360763156
60,19,6,0.00031305758380737706
60,19,7,0.00031305758348703993
60,19,8,0.0003130575835356229
60,19,9,0.0003130575837116945
60,19,10,0.00031305758356415907
60,20,1,0.0003130575836061051
60,20,2,0.0003130575835447627
60,20,3,0.00031305758364760127
60,20,4,0.00031305758368064347
60,20,5,0.0003130575835732801
60,20,6,0.0003130575836371129
60,20,7,0.00031305758381002403
60,20,8,0.00031305758361333485
60,20,9,0.0003130575836289706
60,20,10,0.00031305758369266196
60,21,1,0.00031305758351406296
60,21,2,0.0003130575835541682
60,21,3,0.00031305758350037415
60,21,4,0.0003130575836621063
60,21,5,0.0003130575835000342
60,21,6,0.0003130575836551086
60,21,7,0.00031305758322054287
60,21,8,0.00031305758345683276
60,21,9,0.0003130575834868168
60,21,10,0.00031305758353731113
60,22,1,0.00031305758367801596
60,22,2,0.0003130575835655315
60,22,3,0.00031305758341055776
60,22,4,0.0003130575835550086
60,22,5,0.0003130575836638349
60,22,6,0.000313057583606483
60,22,7,0.0003130575836017431
60,22,8,0.00031305758368368666
60,22,9,0.0003130575835101811
60,22,10,0.00031305758370783217
60,23,1,0.000313057583609979
60,23,2,0.0003130575838292598
60,23,3,0.0003130575836918985
60,23,4,0.00031305758381982576
60,23,5,0.0003130575835759469
60,23,6,0.000313057583836663
60,23,7,0.00031305758375153094
60,23,8,0.0003130575836248403
60,23,9,0.00031305758369821313
60,23,10,0.0003130575836790639
60,24,1,0.000313057583878613
60,24,2,0.0003130575837287393
60,24,3,0.00031305758372445115
60,24,4,0.0003130575838394454
60,24,5,0.00031305758344585
60,24,6,0.00031305758382135145
60,24,7,0.00031305758357419607
60,24,8,0.0003130575838710614
60,24,9,0.000313057583715076
60,24,10,0.00031305758382498905
61,1,1,0.000557269811650841
61,1,2,0.0005572698112113219
61,1,3,0.0005572698118925741
61,1,4,0.0005572698118260427
61,1,5,0.000557269811857805
61,1,6,0.0005572698117427163
61,1,7,0.0005572698120459008
61,1,8,0.000557269811611326
61,1,9,0.0005572698118894639
61,1,10,0.0005572698119853673
61,2,1,0.0005572698116662519
61,2,2,0.000557269811475468
61,2,3,0.0005572698120918115
61,2,4,0.0005572698120213401
61,2,5,0.0005572698116412669
61,2,6,0.0005572698120279228
61,2,7,0.0005572698117363195
61,2,8,0.0005572698122610705
61,2,9,0.0005572698116975046
61,2,10,0.0005572698118412671
61,3,1,0.0005572698116258864
61,3,2,0.0005572698117612951
61,3,3,0.0005572698120390018
61,3,4,0.0005572698117014462
61,3,5,0.0005572698115534298
61,3,6,0.0005572698119409422
61,3,7,0.0005572698117933809
61,3,8,0.0005572698117615091
61,3,9,0.0005572698118965307
61,3,10,0.0005572698120087348
61,4,1,0.0005572698121014313
61,4,2,0.0005572698116874591
61,4,3,0.0005572698117985879
61,4,4,0.0005572698117722849
61,4,5,0.0005572698118080208
61,4,6,0.0005572698116235743
61,4,7,0.0005572698117893624
61,4,8,0.000557269811599312
61,4,9,0.0005572698125020601
61,4,10,0.0005572698120924558
61,5,1,0.0005572698119804205
61,5,2,0.000557269811849082
61,5,3,0.0005572698116208908
61,5,4,0.0005572698117352795
61,5,5,0.0005572698120807678
61,5,6,0.0005572698120385381
61,5,7,0.0005572698116746949
61,5,8,0.0005572698119354407
61,5,9,0.0005572698119313638
61,5,10,0.0005572698118806701
61,6,1,0.0005572985699800339
61,6,2,0.0005573116411896021
61,6,3,0.0005572979530005338
61,6,4,0.0005572979530643835
61,6,5,0.0005573098762559526
61,6,6,0.0005572939676860771
61,6,7,0.0005573116228101054
61,6,8,0.0005573074550714558
61,6,9,0.0005572968120596592
61,6,10,0.0005573190899212695
61,7,1,0.0005583708401509366
61,7,2,0.0005587380745112833
61,7,3,0.0005582100207847111
61,7,4,0.0005582100206213626
61,7,5,0.0005585297835347338
61,7,6,0.0005581969872110241
61,7,7,0.0005585847554206947
61,7,8,0.0005585488458778181
61,7,9,0.0005581718871053882
61,7,10,0.0005588164812814745
61,8,1,0.0005600280294742868
61,8,2,0.0005608092945874086
61,8,3,0.0005599043153689123
61,8,4,0.000559904314906124
61,8,5,0.0005604973651083512
61,8,6,0.0005596145901896758
61,8,7,0.0005606383151424392
61,8,8,0.0005606326196432789
61,8,9,0.0005597973849953693
61,8,10,0.0005609633223118256
61,9,1,0.0005618333205892595
61,9,2,0.0005625585616403489
61,9,3,0.0005615554585039726
61,9,4,0.0005615554578604492
61,9,5,0.000561804529541028
61,9,6,0.0005609998952986223
61,9,7,0.0005620026767522268
61,9,8,0.0005623658648980475
61,9,9,0.0005613813913545398
61,9,10,0.0005626530814453613
61,10,1,0.000563156942393306
61,10,2,0.0005637418412695388
61,10,3,0.0005631091045480933
61,10,4,0.0005631091045526773
61,10,5,0.0005628847475666205
61,10,6,0.0005621050026328019
61,10,7,0.0005631302165440268
61,10,8,0.0005636076868776076
61,10,9,0.0005628717806919753
61,10,10,0.0005639514246140954
61,11,1,0.0005640501552371011
61,11,2,0.0005644843594372719
61,11,3,0.000563979671521791
61,11,4,0.0005639796714941705
61,11,5,0.000563611172469656
61,11,6,0.00056288786307918
61,11,7,0.0005638884962230965
61,11,8,0.0005643703176920402
61,11,9,0.0005637068709238029
61,11,10,0.0005647453354183029
61,12,1,0.0005642539445264304
61,12,2,0.0005646979138935027
61,12,3,0.0005644168744312088
61,12,4,0.0005644168741577457
61,12,5,0.0005635851908868424
61,12,6,0.0005631835850338984
61,12,7,0.0005638613753490021
61,12,8,0.0005646781393207804
61,12,9,0.000564126241535285
61,12,10,0.000565047687220074
61,13,1,0.0005642027003362525
61,13,2,0.0005645629854561467
61,13,3,0.0005643597081014889
61,13,4,0.0005643597083725517
61,13,5,0.0005632599279528853
61,13,6,0.0005629639244275048
61,13,7,0.0005635218417241708
61,13,8,0.0005645096047571075
61,13,9,0.0005640714004420451
61,13,10,0.0005648122092467103
61,14,1,0.0005637936327169086
61,14,2,0.0005637993649556527
61,14,3,0.0005638934209850543
61,14,4,0.0005638934209224194
61,14,5,0.0005623832512768803
61,14,6,0.000562354120514434
61,14,7,0.000562606743992857
61,14,8,0.000563882774168411
61,14,9,0.0005636241367302973
61,14,10,0.0005641543773176363
61,15,1,0.0005627876170194779
61,15,2,0.0005626517288738174
61,15,3,0.0005628726934836062
61,15,4,0.000562872693301125
61,15,5,0.0005613167918824439
61,15,6,0.0005614451038371712
61,15,7,0.0005614935842763245
61,15,8,0.00056273970035026
61,15,9,0.0005626449950326045
61,15,10,0.0005629549541373109
61,16,1,0.0005611808910567103
61,16,2,0.0005609388049333839
61,16,3,0.0005612950230016274
61,16,4,0.0005612950226813585
61,16,5,0.0005599927966678961
61,16,6,0.0005601298326563636
61,16,7,0.0005601116860480582
61,16,8,0.0005610653557777137
61,16,9,0.0005611315540774049
61,16,10,0.0005612771191191123
61,17,1,0.0005591827409843767
61,17,2,0.000558948786191339
61,17,3,0.0005592786852765206
61,17,4,0.0005592786855352629
61,17,5,0.0005584390752849232
61,17,6,0.0005585459612802742
61,17,7,0.0005584900927424986
61,17,8,0.0005591210274255847
61,17,9,0.0005591971718020497
61,17,10,0.0005592195177688382
61,18,1,0.0005574476053377006
61,18,2,0.0005574115972369146
61,18,3,0.0005574494312959879
61,18,4,0.0005574494319554125
61,18,5,0.0005573635509618269
61,18,6,0.000557343800626396
61,18,7,0.0005573676384090117
61,18,8,0.0005574320022197602
61,18,9,0.0005574421493410789
61,18,10,0.0005574347012535098
61,19,1,0.0005572698114419481
61,19,2,0.0005572698119535105
61,19,3,0.0005572698119435732
61,19,4,0.0005572698121587949
61,19,5,0.0005572698117206643
61,19,6,0.0005572698120920768
61,19,7,0.0005572698114877467
61,19,8,0.0005572698115840468
61,19,9,0.0005572698119151485
61,19,10,0.0005572698116269505
61,20,1,0.0005572698117285885
61,20,2,0.0005572698116023628
61,20,3,0.000557269811792451
61,20,4,0.0005572698118512476
61,20,5,0.0005572698116572281
61,20,6,0.0005572698117756353
61,20,7,0.0005572698120946166
61,20,8,0.0005572698117251179
61,20,9,0.0005572698117612716
61,20,10,0.0005572698118752414
61,21,1,0.0005572698115484888
61,21,2,0.0005572698116281931
61,21,3,0.0005572698115253114
61,21,4,0.0005572698118263529
61,21,5,0.0005572698115198528
61,21,6,0.0005572698118075291
61,21,7,0.0005572698109875219
61,21,8,0.0005572698114334401
61,21,9,0.0005572698114983645
61,21,10,0.0005572698115872065
61,22,1,0.0005572698118528157
61,22,2,0.0005572698116400138
61,22,3,0.0005572698113567128
61,22,4,0.000557269811627168
61,22,5,0.0005572698118216006
61,22,6,0.0005572698117239151
61,22,7,0.0005572698117143847
61,22,8,0.0005572698118524239
61,22,9,0.0005572698115367408
61,22,10,0.0005572698119137506
61,23,1,0.0005572698117297086
61,23,2,0.0005572698121364606
61,23,3,0.000557269811875221
61,23,4,0.0005572698121144437
61,23,5,0.0005572698116584204
61,23,6,0.0005572698121464748
61,23,7,0.0005572698119817501
61,23,8,0.0005572698117653895
61,23,9,0.0005572698118856248
61,23,10,0.0005572698118447914
61,24,1,0.0005572698122304066
61,24,2,0.0005572698119433332
61,24,3,0.0005572698119358775
61,24,4,0.0005572698121606839
61,24,5,0.0005572698114230234
61,24,6,0.0005572698121194075
61,24,7,0.0005572698116516173
61,24,8,0.0005572698122150358
61,24,9,0.0005572698119225073
61,24,10,0.0005572698121269055
62,1,1,0.00028829361864759166
62,1,2,0.0002882936183009467
62,1,3,0.00028829361883741514
62,1,4,0.0002882936187828151
62,1,5,0.00028829361880680014
62,1,6,0.0002882936187118895
62,1,7,0.00028829361895694235
62,1,8,0.00028829361861896504
62,1,9,0.00028829361882646377
62,1,10,0.0002882936189085001
62,2,1,0.00028829361865920596
62,2,2,0.00028829361849994826
62,2,3,0.00028829361898992286
62,2,4,0.00028829361893715333
62,2,5,0.00028829361864481947
62,2,6,0.0002882936189404013
62,2,7,0.0002882936187086631
62,2,8,0.00028829361912846005
62,2,9,0.00028829361868272215
62,2,10,0.00028829361879815395
62,3,1,0.0002882936186276373
62,3,2,0.0002882936187373668
62,3,3,0.0002882936189548599
62,3,4,0.0002882936186872797
62,3,5,0.00028829361857097207
62,3,6,0.0002882936188750673
62,3,7,0.0002882936187581488
62,3,8,0.0002882936187366931
62,3,9,0.00028829361884364924
62,3,10,0.0002882936189311628
62,4,1,0.00028829361899096174
62,4,2,0.0002882936186718089
62,4,3,0.000288293618761111
62,4,4,0.00028829361874191536
62,4,5,0.00028829361876411217
62,4,6,0.0002882936186266914
62,4,7,0.0002882936187571349
62,4,8,0.0002882936186075137
62,4,9,0.0002882936193114118
62,4,10,0.000288293618993903
62,5,1,0.00028829361890494114
62,5,2,0.0002882936188053184
62,5,3,0.00028829361862499147
62,5,4,0.00028829361871232726
62,5,5,0.0002882936189860559
62,5,6,0.0002882936189525575
62,5,7,0.00028829361866447264
62,5,8,0.00028829361886503004
62,5,9,0.0002882936188685621
62,5,10,0.00028829361882976376
62,6,1,0.0002883161707629806
62,6,2,0.00028832642123744227
62,6,3,0.0002883156869314535
62,6,4,0.00028831568698470305
62,6,5,0.00028832503717267106
62,6,6,0.0002883125616598886
62,6,7,0.0002883264068266215
62,6,8,0.0002883231384629886
62,6,9,0.0002883147922108565
62,6,10,0.00028833226257365415
62,7,1,0.00028915724870662085
62,7,2,0.00028944539736342216
62,7,3,0.0002890310776223334
62,7,4,0.0002890310774879362
62,7,5,0.0002892819569958058
62,7,6,0.0002890208525005756
62,7,7,0.00028932509047891857
62,7,8,0.0002892969140739433
62,7,9,0.000289001161124782
62,7,10,0.0002895069250345251
62,8,1,0.0002904579322618845
62,8,2,0.00029107146258523726
62,8,3,0.00029036079886301695
62,8,4,0.0002903607984927274
62,8,5,0.00029082647744404713
62,8,6,0.00029013334397820295
62,8,7,0.0002909371734320739
62,8,8,0.00029093270029713597
62,8,9,0.0002902768474604351
62,8,10,0.00029119244647700393
62,9,1,0.00029187595914817243
62,9,2,0.0002924459465892387
62,9,3,0.00029165762837139345
62,9,4,0.0002916576278693895
62,9,5,0.0002918533352572866
62,9,6,0.00029122117462952626
62,9,7,0.00029200904443204087
62,9,8,0.00029229448278728743
62,9,9,0.00029152086851976655
62,9,10,0.0002925202459557263
62,10,1,0.0002929163696580542
62,10,2,0.00029337631481867854
62,10,3,0.0002928787568507898
62,10,4,0.0002928787568480127
62,10,5,0.0002927023654076894
62,10,6,0.0002920894601453467
62,10,7,0.0002928953561856298
62,10,8,0.00029327080967049416
62,10,9,0.00029269217127563543
62,10,10,0.0002935411533126485
62,11,1,0.0002936188108209651
62,11,2,0.0002939603785954399
62,11,3,0.00029356337083693635
62,11,4,0.0002935633708183876
62,11,5,0.00029327355081476737
62,11,6,0.00029270481473401866
62,11,7,0.00029349165816188713
62,11,8,0.0002938706610272684
62,11,9,0.0002933488119324286
62,11,10,0.00029416570760007585
62,12,1,0.00029377911397351116
62,12,2,0.0002941283958350696
62,12,3,0.0002939072870447975
62,12,4,0.00029390728682730983
62,12,5,0.000293253118411585
62,12,6,0.0002929373179477855
62,12,7,0.0002934703271736294
62,12,8,0.0002941128372255094
62,12,9,0.00029367865954218754
62,12,10,0.00029440361964488043
62,13,1,0.00029373880329983506
62,13,2,0.0002940222369815949
62,13,3,0.0002938623146017749
62,13,4,0.00029386231480893986
62,13,5,0.00029299734542895673
62,13,6,0.00029276461294487155
62,13,7,0.00029320330040877524
62,13,8,0.0002939802399216817
62,13,9,0.00029363552188114793
62,13,10,0.00029421832597750856
62,14,1,0.00029341704765454017
62,14,2,0.0002934215559969654
62,14,3,0.0002934955315891795
62,14,4,0.0002934955315442468
62,14,5,0.0002923081483184429
62,14,6,0.00029228525186741764
62,14,7,0.00029248382098928335
62,14,8,0.00029348715766143603
62,14,9,0.00029328374624918677
62,14,10,0.0002937007913741852
62,15,1,0.0002926260059772671
62,15,2,0.00029251918271227677
62,15,3,0.0002926928888853881
62,15,4,0.0002926928887250048
62,15,5,0.0002914701171726259
62,15,6,0.0002915709244631476
62,15,7,0.0002916090142365954
62,15,8,0.0002925883373862268
62,15,9,0.0002925138893300135
62,15,10,0.00029275756054681094
62,16,1,0.00029136335404642027
62,16,2,0.00029117318829727495
62,16,3,0.00029145301518760465
62,16,4,0.0002914530149291733
62,16,5,0.00029043026888353257
62,16,6,0.0002905378664778791
62,16,7,0.00029052361779151683
62,16,8,0.00029127259513502923
62,16,9,0.00029132459673332256
62,16,10,0.00029143894973505995
62,17,1,0.0002897943666328547
62,17,2,0.0002896107528165406
62,17,3,0.0002898696718174938
62,17,4,0.00028986967202203876
62,17,5,0.00028921078546613753
62,17,6,0.0002892946506945544
62,17,7,0.0002892508144374503
62,17,8,0.0002897459303475945
62,17,9,0.00028980569295477355
62,17,10,0.0002898232317777738
62,18,1,0.00028843304817607846
62,18,2,0.00028840480896915276
62,18,3,0.000288434480196966
62,18,4,0.0002884344807162527
62,18,5,0.000288367129576117
62,18,6,0.0002883516409829635
62,18,7,0.0002883703350501272
62,18,8,0.0002884208114416231
62,18,9,0.0002884287693082223
62,18,10,0.00028842292814842567
62,19,1,0.0002882936184790193
62,19,2,0.0002882936188828582
62,19,3,0.0002882936188776919
62,19,4,0.0002882936190437887
62,19,5,0.00028829361869457643
62,19,6,0.0002882936189913542
62,19,7,0.00028829361852128086
62,19,8,0.0002882936185915609
62,19,9,0.0002882936188533302
62,19,10,0.00028829361862836567
62,20,1,0.0002882936187022987
62,20,2,0.00028829361860421685
62,20,3,0.00028829361875860437
62,20,4,0.00028829361880178706
62,20,5,0.0002882936186475072
62,20,6,0.00028829361874212103
62,20,7,0.00028829361900021807
62,20,8,0.00028829361870265303
62,20,9,0.00028829361872922146
62,20,10,0.0002882936188235152
62,21,1,0.0002882936185575249
62,21,2,0.00028829361862303156
62,21,3,0.0002882936185382523
62,21,4,0.00028829361878036447
62,21,5,0.00028829361854473086
62,21,6,0.00028829361876829985
62,21,7,0.0002882936181264159
62,21,8,0.0002882936184788597
62,21,9,0.00028829361851742354
62,21,10,0.00028829361859444396
62,22,1,0.0002882936188076118
62,22,2,0.0002882936186341929
62,22,3,0.00028829361841126616
62,22,4,0.00028829361862303633
62,22,5,0.0002882936187805558
62,22,6,0.0002882936187022865
62,22,7,0.0002882936186846764
62,22,8,0.00028829361880612506
62,22,9,0.0002882936185570139
62,22,10,0.0002882936188548164
62,23,1,0.00028829361869677097
62,23,2,0.00028829361902391824
62,23,3,0.0002882936188269995
62,23,4,0.000288293619005589
62,23,5,0.0002882936186508985
62,23,6,0.00028829361903282604
62,23,7,0.0002882936189071377
62,23,8,0.00028829361873164227
62,23,9,0.0002882936188362176
62,23,10,0.000288293618801109
62,24,1,0.00028829361909858106
62,24,2,0.00028829361887674023
62,24,3,0.00028829361887349245
62,24,4,0.00028829361904539173
62,24,5,0.00028829361846326943
62,24,6,0.0002882936190135232
62,24,7,0.000288293618650975
62,24,8,0.00028829361908190175
62,24,9,0.0002882936188581998
62,24,10,0.00028829361902111476
63,1,1,3.309761809733802e-12
63,1,2,3.3122335807225037e-12
63,1,3,3.3130417302183694e-12
63,1,4,3.3121189382455006e-12
63,1,5,3.3127365754456863e-12
63,1,6,3.30888977241557e-12
63,1,7,3.312337022091763e-12
63,1,8,3.31266570324372e-12
63,1,9,3.3087788250921738e-12
63,1,10,3.3126555929840015e-12
63,2,1,3.3120585391887614e-12
63,2,2,3.3088938447975253e-12
63,2,3,3.3095460896689083e-12
63,2,4,3.3120623277478286e-12
63,2,5,3.312993569459734e-12
63,2,6,3.3125165827369674e-12
63,2,7,3.3098984892192345e-12
63,2,8,3.3129764472459598e-12
63,2,9,3.3122633269051207e-12
63,2,10,3.3129967655382007e-12
63,3,1,3.3126760623843217e-12
63,3,2,3.3136519677119257e-12
63,3,3,3.313675334838115e-12
63,3,4,3.3122274727648312e-12
63,3,5,3.3125859801045786e-12
63,3,6,3.3132018777835976e-12
63,3,7,3.3137628583989095e-12
63,3,8,3.3133958107064576e-12
63,3,9,3.3136526126570048e-12
63,3,10,3.313656607986249e-12
63,4,1,3.309349625696553e-12
63,4,2,3.3088421273296345e-12
63,4,3,3.313485084793749e-12
63,4,4,3.3121283445861326e-12
63,4,5,3.309775093237563e-12
63,4,6,3.3134066817540168e-12
63,4,7,3.312598395187956e-12
63,4,8,3.313707486084589e-12
63,4,9,3.3123693964463852e-12
63,4,10,3.312998129165363e-12
63,5,1,3.313443411028324e-12
63,5,2,3.3124934818481194e-12
63,5,3,3.312375664813339e-12
63,5,4,3.3122315396833675e-12
63,5,5,3.313822896946478e-12
63,5,6,3.3134373927865914e-12
63,5,7,3.313796078088102e-12
63,5,8,3.3125354125278092e-12
63,5,9,3.3125309223240032e-12
63,5,10,3.313761466816174e-12
63,6,1,3.3088961693404246e-12
63,6,2,3.312514995556543e-12
63,6,3,3.3097558412194243e-12
63,6,4,3.312352855618184e-12
63,6,5,3.3125572136292806e-12
63,6,6,3.313468435131647e-12
63,6,7,3.3137429387456565e-12
63,6,8,3.312620263396634e-12
63,6,9,3.313459352366947e-12
63,6,10,3.3128398463747208e-12
63,7,1,3.312279805920567e-12
63,7,2,3.3126402522180594e-12
63,7,3,3.3140403444918286e-12
63,7,4,3.308973187713874e-12
63,7,5,3.309290371829626e-12
63,7,6,3.309367102180468e-12
63,7,7,3.3147226091731742e-12
63,7,8,3.313657509616601e-12
63,7,9,3.314043367747046e-12
63,7,10,3.30984805695804e-12
63,8,1,3.309699102943698e-12
63,8,2,3.313956959100676e-12
63,8,3,3.3127024054085144e-12
63,8,4,3.3092045131561572e-12
63,8,5,3.3093597333789884e-12
63,8,6,3.3145194797971508e-12
63,8,7,3.3139465648387462e-12
63,8,8,3.3145550761036826e-12
63,8,9,3.3145419126343276e-12
63,8,10,3.3099450730726034e-12
63,9,1,3.3139908084887748e-12
63,9,2,3.3149081196861705e-12
63,9,3,3.315113727171482e-12
63,9,4,3.3125053687388855e-12
63,9,5,3.3136138615521947e-12
63,9,6,3.3148561325552937e-12
63,9,7,3.3139924404661343e-12
63,9,8,3.3151646349708537e-12
63,9,9,3.3128852093645607e-12
63,9,10,3.314915332095385e-12
63,10,1,3.314270403826899e-12
63,10,2,3.314934186342916e-12
63,10,3,3.314897304666435e-12
63,10,4,3.314466234682475e-12
63,10,5,3.3149112292148757e-12
63,10,6,3.3142636780293e-12
63,10,7,3.313946827349967e-12
63,10,8,3.3094125243504055e-12
63,10,9,3.3149708196318034e-12
63,10,10,3.3152813787444507e-12
63,11,1,3.314729194603146e-12
63,11,2,3.3103098939015138e-12
63,11,3,3.3152717489632003e-12
63,11,4,3.314744204167365e-12
63,11,5,3.3143101141350193e-12
63,11,6,3.314933301337315e-12
63,11,7,3.314642300383332e-12
63,11,8,3.3153916541838967e-12
63,11,9,3.3149215641278675e-12
63,11,10,3.315422322799133e-12
63,12,1,3.3140495283217588e-12
63,12,2,3.314548265289721e-12
63,12,3,3.3152831206161336e-12
63,12,4,3.3095931306956814e-12
63,12,5,3.3153104841783894e-12
63,12,6,3.3099136227223316e-12
63,12,7,3.309699885838247e-12
63,12,8,3.3152581783209326e-12
63,12,9,3.3152120547387937e-12
63,12,10,3.3099413824204575e-12
63,13,1,3.3092365099879896e-12
63,13,2,3.315420775723575e-12
63,13,3,3.3136993145107342e-12
63,13,4,3.3096796674586225e-12
63,13,5,3.3152763328522982e-12
63,13,6,3.315258652946326e-12
63,13,7,3.314789795628806e-12
63,13,8,3.3154446349019954e-12
63,13,9,3.313223553099463e-12
63,13,10,3.3149465643222653e-12
63,14,1,3.3098943561388295e-12
63,14,2,3.3152504744080233e-12
63,14,3,3.313698269846097e-12
63,14,4,3.313184958096678e-12
63,14,5,3.3099157312883793e-12
63,14,6,3.315156337138607e-12
63,14,7,3.3151996690370614e-12
63,14,8,3.3153961678590823e-12
63,14,9,3.3151803685500186e-12
63,14,10,3.3097071674055373e-12
63,15,1,3.3100689941783785e-12
63,15,2,3.3152384213482874e-12
63,15,3,3.313827248629333e-12
63,15,4,3.3094967640822823e-12
63,15,5,3.315150161219068e-12
63,15,6,3.315291545029969e-12
63,15,7,3.3108993039470243e-12
63,15,8,3.3151730089058744e-12
63,15,9,3.31513760561303e-12
63,15,10,3.3153850146558783e-12
63,16,1,3.31408065316287e-12
63,16,2,3.315307880001618e-12
63,16,3,3.3099084234316145e-12
63,16,4,3.313154713540959e-12
63,16,5,3.315224292995113e-12
63,16,6,3.3098866503346085e-12
63,16,7,3.3151357364055665e-12
63,16,8,3.31514352553772e-12
63,16,9,3.313893746834729e-12
63,16,10,3.311042087946587e-12
63,17,1,3.314088709797506e-12
63,17,2,3.3150819614191136e-12
63,17,3,3.313618041857996e-12
63,17,4,3.315039369299656e-12
63,17,5,3.3151316768766575e-12
63,17,6,3.313586966140182e-12
63,17,7,3.315055850567373e-12
63,17,8,3.313752662047547e-12
63,17,9,3.3151963178264193e-12
63,17,10,3.315088897668498e-12
63,18,1,3.309693694221393e-12
63,18,2,3.3150303162697674e-12
63,18,3,3.3150086796036096e-12
63,18,4,3.3098271183481372e-12
63,18,5,3.315098378772479e-12
63,18,6,3.3096594377854047e-12
63,18,7,3.309857220569129e-12
63,18,8,3.3094328576247194e-12
63,18,9,3.3137093333305392e-12
63,18,10,3.309586655708635e-12
63,19,1,3.3096645163341914e-12
63,19,2,3.3148692887949973e-12
63,19,3,3.314611987977031e-12
63,19,4,3.3137424084778017e-12
63,19,5,3.311487267661142e-12
63,19,6,3.3135762266002196e-12
63,19,7,3.314996901483374e-12
63,19,8,3.3094499735909287e-12
63,19,9,3.3149954710062615e-12
63,19,10,3.3150277690622954e-12
63,20,1,3.314427576410235e-12
63,20,2,3.309594259906106e-12
63,20,3,3.3151058289763412e-12
63,20,4,3.3097177628905957e-12
63,20,5,3.309413743190911e-12
63,20,6,3.3150201995159897e-12
63,20,7,3.3150214890420446e-12
63,20,8,3.3133757820222248e-12
63,20,9,3.3115443941791195e-12
63,20,10,3.3151327373543853e-12
63,21,1,3.3108400427713705e-12
63,21,2,3.3088697091401386e-12
63,21,3,3.311885745361895e-12
63,21,4,3.310809656996333e-12
63,21,5,3.315056927027399e-12
63,21,6,3.3137220393934064e-12
63,21,7,3.3150317692761017e-12
63,21,8,3.3150518247766705e-12
63,21,9,3.3107610035358337e-12
63,21,10,3.3147845189787475e-12
63,22,1,3.3135701738347708e-12
63,22,2,3.309650124349472e-12
63,22,3,3.3094320090029004e-12
63,22,4,3.310492024389791e-12
63,22,5,3.313541682322795e-12
63,22,6,3.309664852178619e-12
63,22,7,3.3120000902702974e-12
63,22,8,3.315006678122572e-12
63,22,9,3.3135543374730195e-12
63,22,10,3.309433824736196e-12
63,23,1,3.31107221068428e-12
63,23,2,3.3138240321407413e-12
63,23,3,3.3149247394794748e-12
63,23,4,3.309461911715964e-12
63,23,5,3.314919721410085e-12
63,23,6,3.3149140265896262e-12
63,23,7,3.3149127376840146e-12
63,23,8,3.3089429969350623e-12
63,23,9,3.3149194523519296e-12
63,23,10,3.314916007664064e-12
63,24,1,3.3094740728515066e-12
63,24,2,3.313692394157756e-12
63,24,3,3.3150656566996975e-12
63,24,4,3.3094694264452373e-12
63,24,5,3.3089473858007554e-12
63,24,6,3.313834406331807e-12
63,24,7,3.3149416805455503e-12
63,24,8,3.3094718013670374e-12
63,24,9,3.3138452718519935e-12
63,24,10,3.313851079023963e-12
64,1,1,1.2602663567517296e-6
64,1,2,8.651798597591417e-5
64,1,3,8.206041339772115e-6
64,1,4,0.00012295762025101787
64,1,5,3.250014359629713e-5
64,1,6,3.7281375103463906e-5
64,1,7,8.618324408318034e-5
64,1,8,4.213779383529551e-5
64,1,9,9.751428562392054e-5
64,1,10,0.0001383352027376857
64,2,1,1.6149231641785875e-6
64,2,2,6.45633786652729e-5
64,2,3,4.550095802132477e-8
64,2,4,9.0449317825602e-5
64,2,5,4.051816801037367e-7
64,2,6,2.4266385341101744e-6
64,2,7,2.982211348620692e-6
64,2,8,4.508430629098231e-5
64,2,9,0.00016802523460007754
64,2,10,8.594402604530192e-5
64,3,1,6.624175076174169e-7
64,3,2,5.7926543947243985e-5
64,3,3,1.4611407170708531e-6
64,3,4,0.00011467675739404441
64,3,5,6.265253691958342e-6
64,3,6,6.357554708065671e-6
64,3,7,5.766596279285461e-5
64,3,8,0.0001402002486610434
64,3,9,0.00015724916595381453
64,3,10,0.0001168484343404182
64,4,1,7.806577236222626e-5
64,4,2,1.3676513046263399e-8
64,4,3,3.3554975329297045e-6
64,4,4,9.509164549934088e-5
64,4,5,2.4507157682092067e-6
64,4,6,4.611459809962035e-6
64,4,7,7.074394842566795e-5
64,4,8,3.10288327372234e-5
64,4,9,0.00017840386531829016
64,4,10,0.0001361344826162613
64,5,1,7.678112351865479e-5
64,5,2,6.993609984504548e-5
64,5,3,2.282903533479212e-6
64,5,4,9.361708337041232e-5
64,5,5,0.0007076744126934632
64,5,6,3.671967719195519e-6
64,5,7,6.959462642931788e-5
64,5,8,4.569040621068362e-5
64,5,9,2.1606119515491408e-7
64,5,10,0.00019649345239603709
64,6,1,8.136642923131716e-5
64,6,2,7.431145369076174e-5
64,6,3,1.034810852163797e-5
64,6,4,0.0001560574451236115
64,6,5,6.130586965541378e-6
64,6,6,1.5662036615077385e-5
64,6,7,1.4157154039514578e-6
64,6,8,0.0001786186931356022
64,6,9,3.0694245140166577e-6
64,6,10,0.000281103052730916
64,7,1,2.7197763447399717e-5
64,7,2,5.152364475126617e-5
64,7,3,2.1077786010576008e-5
64,7,4,0.00013491495015703777
64,7,5,1.9771112179113645e-5
64,7,6,0.00024287828355819158
64,7,7,5.1295668943226816e-5
64,7,8,4.984857633094536e-5
64,7,9,0.00014665696093554584
64,7,10,0.00025830232233442924
64,8,1,5.102620774794028e-7
64,8,2,1.0816959308835296e-7
64,8,3,3.4799820229699906e-5
64,8,4,0.00014284383211918424
64,8,5,1.7064095438787491e-6
64,8,6,0.0002618765553530216
64,8,7,2.7543802392914243e-8
64,8,8,0.00015872518834149233
64,8,9,0.00017610102097518634
64,8,10,0.00013190462820028494
64,9,1,7.563846666061186e-5
64,9,2,6.91549056309267e-5
64,9,3,3.449171050044282e-5
64,9,4,9.114349236680513e-5
64,9,5,1.3518927257055375e-6
64,9,6,0.0002414143619661368
64,9,7,4.639373821519526e-8
64,9,8,0.0001585909236081347
64,9,9,1.6631933566002908e-7
64,9,10,0.00027060116680781293
64,10,1,7.18170850076316e-5
64,10,2,2.373788945573154e-6
64,10,3,3.196933292667356e-5
64,10,4,0.00013161851116746113
64,10,5,2.686314042206194e-7
64,10,6,0.00017159950616235713
64,10,7,6.523303175714714e-5
64,10,8,3.43036075194461e-5
64,10,9,0.00016956252220054835
64,10,10,8.941959847272e-5
64,11,1,7.24485121912527e-5
64,11,2,6.62461118749564e-5
64,11,3,6.463518325286256e-7
64,11,4,0.00012885443218821907
64,11,5,2.764316647485439e-7
64,11,6,0.00017005870612010155
64,11,7,6.588575743908974e-5
64,11,8,0.00013221969004861055
64,11,9,2.457938007649187e-7
64,11,10,0.0002638995212664634
64,12,1,4.852972650974182e-7
64,12,2,6.956886757865686e-5
64,12,3,3.197960055585558e-6
64,12,4,0.00013121344668969685
64,12,5,0.000501081555780781
64,12,6,0.00014425318369463064
64,12,7,2.6003742435573822e-8
64,12,8,4.506965620854488e-5
64,12,9,2.6558668850499293e-7
64,12,10,8.563875470314531e-5
64,13,1,5.905540849447255e-5
64,13,2,4.299615908176694e-5
64,13,3,0.00020815377876113103
64,13,4,0.00010894334591793578
64,13,5,0.000424098752332572
64,13,6,0.0002053543816320189
64,13,7,4.270317932884087e-5
64,13,8,9.700124629521112e-5
64,13,9,5.7878331604523094e-5
64,13,10,0.0001606738231267101
64,14,1,5.87896598721752e-5
64,14,2,7.133232329648282e-6
64,14,3,0.00024360442803151203
64,14,4,0.00011723524948813557
64,14,5,1.3374704683743305e-5
64,14,6,0.00014527437099476112
64,14,7,5.752458232342235e-6
64,14,8,0.0001526063459386463
64,14,9,3.317539916151684e-6
64,14,10,0.00013415397998336713
64,15,1,4.249085302221958e-5
64,15,2,4.267434299082553e-5
64,15,3,0.00020740555756151638
64,15,4,0.00013716903950300322
64,15,5,0.0004230709365677159
64,15,6,0.0002076851746095096
64,15,7,4.2357010761666014e-5
64,15,8,0.00010350909562076821
64,15,9,5.9853595777995085e-5
64,15,10,0.00022876887403954188
64,16,1,6.241779992956621e-5
64,16,2,2.506169777566603e-6
64,16,3,1.3060285330485978e-5
64,16,4,0.00018876764500108133
64,16,5,6.675274513640021e-6
64,16,6,9.883349139979054e-5
64,16,7,1.7207051080562315e-6
64,16,8,4.564551912004874e-5
64,16,9,5.366511662352153e-7
64,16,10,0.00024285719367714653
64,17,1,2.889864474447167e-5
64,17,2,2.8481439864394915e-5
64,17,3,0.00017456968786369148
64,17,4,0.00014839841044872806
64,17,5,0.00023793398317295707
64,17,6,0.0001988856820410661
64,17,7,2.8351758632075095e-5
64,17,8,0.00010893430495268932
64,17,9,5.897626524596932e-5
64,17,10,0.00018948869912027307
64,18,1,7.515050264687623e-5
64,18,2,3.613192324795406e-5
64,18,3,0.00019264763608096757
64,18,4,0.0001548775459241438
64,18,5,0.00014747468841962735
64,18,6,0.000243583415610155
64,18,7,0.0001184137865897331
64,18,8,0.00011652482760203437
64,18,9,6.973883094400012e-5
64,18,10,0.00020008594455863993
64,19,1,0.0001301161466281152
64,19,2,3.423021990112099e-5
64,19,3,0.0001949920495174498
64,19,4,0.0002169685199394844
64,19,5,0.000345811817221864
64,19,6,0.00018781231674405282
64,19,7,1.6995314427184202e-5
64,19,8,0.00011201326105043172
64,19,9,6.711742429686857e-5
64,19,10,0.00012626040195100463
64,20,1,1.694844218608474e-5
64,20,2,3.467742330417494e-5
64,20,3,6.255792895478337e-5
64,20,4,0.00016155483858986894
64,20,5,5.871042781350587e-5
64,20,6,0.0001242082826849312
64,20,7,2.778043698190895e-5
64,20,8,7.14132969364518e-5
64,20,9,8.87675560085347e-5
64,20,10,0.00015136772093939902
64,21,1,0.0003061291044912213
64,21,2,3.264351505924318e-5
64,21,3,0.00018476290848186473
64,21,4,0.0001402168900657637
64,21,5,0.0003399856361817154
64,21,6,0.00016598266429995105
64,21,7,1.5447302208216236e-5
64,21,8,0.0001073914131838365
64,21,9,0.00016711683456088815
64,21,10,0.00017717171403360842
64,22,1,0.00033178276273294953
64,22,2,7.533276505115687e-5
64,22,3,0.00011460505058490709
64,22,4,0.0001550914715101641
64,22,5,0.00010931903240604112
64,22,6,0.00016012714741042337
64,22,7,2.1355047726852907e-5
64,22,8,0.00011561107248264567
64,22,9,2.647124120010787e-5
64,22,10,0.00015036517497746707
64,23,1,0.000513853804688792
64,23,2,1.8851411105114014e-5
64,23,3,0.00014892677730873983
64,23,4,0.00010314905291814594
64,23,5,0.00029073202776931585
64,23,6,9.49356943985122e-5
64,23,7,6.425703822058894e-6
64,23,8,3.8904583352844355e-5
64,23,9,9.279272719386447e-6
64,23,10,0.00014157315365032256
64,24,1,1.7345331640533958e-5
64,24,2,7.847177419212915e-5
64,24,3,0.00011858219129905132
64,24,4,0.00010157429976360263
64,24,5,0.000113392151730292
64,24,6,0.00015098839354637072
64,24,7,1.673700878160459e-5
64,24,8,5.8224216786297874e-5
64,24,9,1.675770670039973e-5
64,24,10,0.00014307187861244814
65,1,1,9.525104988686277e-6
65,1,2,7.46917274060876e-5
65,1,3,8.48128156891418e-6
65,1,4,9.86945623138413e-5
65,1,5,2.356068979154465e-5
65,1,6,2.2736753686807447e-5
65,1,7,6.954442588840601e-5
65,1,8,4.510026079512251e-5
65,1,9,2.108376419047665e-6
65,1,10,0.0001541815047356298
65,2,1,1.0936787018431472e-5
65,2,2,8.921127542558416e-5
65,2,3,7.471159061160433e-6
65,2,4,9.099548677315247e-5
65,2,5,8.656627039554572e-6
65,2,6,9.632780383511593e-6
65,2,7,1.2513342844742247e-5
65,2,8,4.77029997164537e-5
65,2,9,0.00012908062299909573
65,2,10,0.00012984150482229286
65,3,1,1.6372344311550315e-5
65,3,2,9.235795884921816e-5
65,3,3,1.4881219035939743e-5
65,3,4,0.00010827371384838138
65,3,5,4.445259261508829e-6
65,3,6,4.691729587471521e-6
65,3,7,8.653661891805579e-5
65,3,8,0.00015024090561210698
65,3,9,0.0001328856371510121
65,3,10,0.00018051327973435437
65,4,1,7.289861318393533e-5
65,4,2,1.9462892630718576e-5
65,4,3,1.202953805556509e-5
65,4,4,9.44756405098604e-5
65,4,5,1.3125485129424206e-5
65,4,6,1.2106378525887615e-5
65,4,7,8.072373715642964e-5
65,4,8,4.969220059731723e-5
65,4,9,0.000125588264121335
65,4,10,0.00013618948854076873
65,5,1,7.330194260016481e-5
65,5,2,8.685180386086196e-5
65,5,3,1.1104938128094531e-5
65,5,4,9.492012743668064e-5
65,5,5,0.00032849124911588096
65,5,6,1.1204660471237233e-5
65,5,7,8.114046391613237e-5
65,5,8,5.2843210067694734e-5
65,5,9,1.4871938846211855e-5
65,5,10,0.0002341116459040999
65,6,1,7.201364592326173e-5
65,6,2,8.546311041449782e-5
65,6,3,1.320786733053629e-5
65,6,4,0.0001345609748254544
65,6,5,1.6179167255687706e-5
65,6,6,1.1593712019718571e-5
65,6,7,2.1618075205500097e-5
65,6,8,0.00013467641850615366
65,6,9,1.9061143082462388e-5
65,6,10,0.00022934195272614286
65,7,1,4.509794347366418e-6
65,7,2,0.00010225643940342022
65,7,3,4.8364853023257776e-5
65,7,4,0.00015557728529831438
65,7,5,2.9968954169744533e-6
65,7,6,0.0002820448545748985
65,7,7,9.599146157529355e-5
65,7,8,4.030298164571431e-5
65,7,9,0.00014475292955425356
65,7,10,0.0002474573340775365
65,8,1,1.8646863497241782e-5
65,8,2,2.218083469541914e-5
65,8,3,3.5727819128846063e-5
65,8,4,0.00013701675349086687
65,8,5,1.5423955049211683e-5
65,8,6,0.0002531835203572768
65,8,7,2.0883307171073485e-5
65,8,8,0.00013558384466034925
65,8,9,0.0001347653782356103
65,8,10,0.0001517824111936389
65,9,1,8.006180028484897e-5
65,9,2,9.417296502274758e-5
65,9,3,3.5874606375002824e-5
65,9,4,0.00010591132628501236
65,9,5,1.494588951955679e-5
65,9,6,0.00016666938291086847
65,9,7,2.0387429547170497e-5
65,9,8,0.00013960033651958984
65,9,9,1.7823481175725212e-5
65,9,10,0.00023095120674700742
65,10,1,8.158718267806652e-5
65,10,2,1.7968563896956505e-5
65,10,3,3.688917017792914e-5
65,10,4,0.0001454489654059463
65,10,5,1.2240934662748151e-5
65,10,6,0.00025274823789586415
65,10,7,8.975648314094487e-5
65,10,8,4.385360505996675e-5
65,10,9,0.00013708781777552938
65,10,10,0.0001461591859287814
65,11,1,8.135972576162847e-5
65,11,2,9.545918051968481e-5
65,11,3,1.0589068587838444e-5
65,11,4,0.00014437052554241728
65,11,5,1.275800548873637e-5
65,11,6,0.0002429500609341881
65,11,7,8.944865772369811e-5
65,11,8,0.00015154719980872691
65,11,9,1.5126428531532968e-5
65,11,10,0.000165094236076498
65,12,1,1.86460334441054e-5
65,12,2,9.391923856565228e-5
65,12,3,1.3177387889433776e-5
65,12,4,0.00014389438570388364
65,12,5,0.0003556264661083964
65,12,6,0.00017126939186401814
65,12,7,2.071485513271953e-5
65,12,8,4.8066638213287133e-5
65,12,9,1.82005463917296e-5
65,12,10,0.0001469184612313229
65,13,1,7.700338762457997e-6
65,13,2,0.00013975239431523204
65,13,3,0.00034499136217788805
65,13,4,0.00018212709893072307
65,13,5,0.00044133869336935075
65,13,6,0.0003087425583057252
65,13,7,0.0001325028499034682
65,13,8,0.00020791091111359828
65,13,9,7.372974257024418e-6
65,13,10,0.0001317099491268989
65,14,1,0.00011566885148102029
65,14,2,2.865887721679535e-5
65,14,3,0.00032784510351514774
65,14,4,0.00017657088829849615
65,14,5,3.422403368246362e-5
65,14,6,0.00017373712101346176
65,14,7,2.7216515108277672e-5
65,14,8,0.00019686759960813437
65,14,9,2.4282992747541134e-5
65,14,10,0.0001655391222913306
65,15,1,0.00012758236844279998
65,15,2,0.00013996039637390308
65,15,3,0.00034538742546842406
65,15,4,9.134888013182766e-5
65,15,5,0.00044203923733634223
65,15,6,0.00029500441961381263
65,15,7,0.00013279136311748137
65,15,8,4.57886739338197e-5
65,15,9,7.126511601296483e-6
65,15,10,0.0002943105861767928
65,16,1,0.0001130067566666273
65,16,2,3.3247846481086135e-5
65,16,3,4.602639102244865e-5
65,16,4,0.0002624052761357033
65,16,5,3.9270711464140384e-5
65,16,6,0.00017979150082441064
65,16,7,3.16906148184254e-5
65,16,8,7.629187383336207e-5
65,16,9,2.850302118870069e-5
65,16,10,0.0002756412094839467
65,17,1,0.00013614577192060857
65,17,2,0.00015119613067921567
65,17,3,0.0003630331869607213
65,17,4,0.000290905357087611
65,17,5,1.9221916604992275e-6
65,17,6,0.0002884072464851228
65,17,7,0.0001433181628883508
65,17,8,0.00021468982345288114
65,17,9,0.0002085877895421652
65,17,10,0.00029257658057523807
65,18,1,0.00016855976053958653
65,18,2,0.00014505405411011058
65,18,3,0.00035321879048803015
65,18,4,0.00029074539183173933
65,18,5,6.9361497957043255e-6
65,18,6,0.00014170451885300525
65,18,7,3.949693545760101e-6
65,18,8,0.0002113114200898299
65,18,9,0.00020129825384985665
65,18,10,0.0001250707373428498
65,19,1,2.5458200292043805e-6
65,19,2,0.00014658955845057496
65,19,3,8.073537615287563e-6
65,19,4,8.41884917599532e-5
65,19,5,0.0004584611117229685
65,19,6,0.0002958864890008256
65,19,7,0.00014254497957429804
65,19,8,0.00021401155852826997
65,19,9,0.0002030488445593952
65,19,10,0.00028743380240071816
65,20,1,0.00011773456729636358
65,20,2,1.7389467696261384e-5
65,20,3,2.6873497539542336e-5
65,20,4,0.0002796547020835065
65,20,5,2.5660766942186982e-5
65,20,6,0.0002913164611547458
65,20,7,0.00013214206953568472
65,20,8,5.6212752387866436e-5
65,20,9,0.0001902853775541105
65,20,10,9.800415007424892e-5
65,21,1,0.0005701263372599661
65,21,2,0.00017056223957648216
65,21,3,0.000393038450315639
65,21,4,0.000305575591535143
65,21,5,0.0005006299444778406
65,21,6,0.00029006866531453896
65,21,7,0.0001662975242033037
65,21,8,0.00023099500143523443
65,21,9,9.341748571815002e-6
65,21,10,0.00030058689077379857
65,22,1,0.0005570315960924141
65,22,2,1.6462988375348585e-5
65,22,3,2.5746309374784814e-5
65,22,4,0.0001041176017610164
65,22,5,2.455504489435516e-5
65,22,6,0.00015584694704643066
65,22,7,0.00015959529671214455
65,22,8,5.499667586260614e-5
65,22,9,0.00023254833932216846
65,22,10,0.00014178802295848335
65,23,1,4.058618523399113e-6
65,23,2,0.00018467986472960415
65,23,3,0.00041455076138208603
65,23,4,0.00029938194868033024
65,23,5,0.000525227236221655
65,23,6,0.0003057741646353851
65,23,7,0.000180337560267951
65,23,8,0.00024492532891352186
65,23,9,0.00025748565833213225
65,23,10,0.00028339539571012177
65,24,1,0.00021832715577870465
65,24,2,1.7287168115083604e-5
65,24,3,2.679907715964303e-5
65,24,4,0.0002607098255571719
65,24,5,2.5626190890948266e-5
65,24,6,0.00021599711273491044
65,24,7,0.00016516478842706168
65,24,8,0.0002247155771729055
65,24,9,0.00021803141151352057
65,24,10,0.0002828221199909682
66,1,1,0.00040464633381859504
66,1,2,0.0008618888848932032
66,1,3,0.00043322984236645186
66,1,4,0.0006287610783913461
66,1,5,0.0005766394535051529
66,1,6,0.000577128538088632
66,1,7,0.0008444734936937091
66,1,8,0.0005170589473867788
66,1,9,0.00011184848240500981
66,1,10,0.0008234158428625988
66,2,1,0.0003696841691295971
66,2,2,0.0008713391565625946
66,2,3,0.0003695410819929659
66,2,4,0.0004040613704478276
66,2,5,0.0003696281183586318
66,2,6,0.00037018193595555473
66,2,7,0.0003695339075804722
66,2,8,0.00038401251879876223
66,2,9,0.0011356370124326887
66,2,10,0.00042651942209901404
66,3,1,0.0004078943213268692
66,3,2,0.0008686752562374494
66,3,3,0.00043769580554741956
66,3,4,0.0006582918238436165
66,3,5,0.0003055758502357475
66,3,6,0.0003061473799404625
66,3,7,0.0008509614719841905
66,3,8,0.0010658240097607893
66,3,9,0.0011327150123300869
66,3,10,0.000881446026330603
66,4,1,0.0008426176024919733
66,4,2,0.00043479098627434497
66,4,3,0.00043480307873464255
66,4,4,0.00047372512580164035
66,4,5,0.00043488702615061803
66,4,6,0.00043541635184703875
66,4,7,0.0008560604556756426
66,4,8,0.00045041895467656264
66,4,9,0.001138382624547046
66,4,10,0.0004989868384923004
66,5,1,0.0008419023568442
66,5,2,0.0008735009202322293
66,5,3,0.00042300999529747477
66,5,4,0.0004612329662943935
66,5,5,0.0021772408509222706
66,5,6,0.0004236308364293889
66,5,7,0.0008554359125470618
66,5,8,0.00043854099713566246
66,5,9,0.00042300013910715476
66,5,10,0.0011809403993202929
66,6,1,0.000844842120003512
66,6,2,0.0008765619993520391
66,6,3,0.00046969976077574775
66,6,4,0.0008831451830689284
66,6,5,0.0004697830906171344
66,6,6,0.0004702597081401152
66,6,7,0.00046969283607544386
66,6,8,0.0010625597579378466
66,6,9,0.0004696898977617098
66,6,10,0.0012382290308123305
66,7,1,0.0002620668377811944
66,7,2,0.0008847690403163589
66,7,3,0.0006500773274493502
66,7,4,0.0009000746058386281
66,7,5,0.0002620125042097899
66,7,6,0.0013044184380867378
66,7,7,0.000866537041356782
66,7,8,0.00027545971955783463
66,7,9,0.001151304904467515
66,7,10,0.00126595002078961
66,8,1,0.00044166417462197094
66,8,2,0.00044151574240750534
66,8,3,0.0006344993523962042
66,8,4,0.0008603260622624375
66,8,5,0.0004416108328628953
66,8,6,0.0012464639318793872
66,8,7,0.0004415207221871349
66,8,8,0.001027214107477283
66,8,9,0.0011615971363261454
66,8,10,0.000507553525331115
66,9,1,0.000861457600285425
66,9,2,0.0008939866248934693
66,9,3,0.0006344718996198623
66,9,4,0.0004756871050427648
66,9,5,0.0004363622607366997
66,9,6,0.0011734756021467888
66,9,7,0.00043627221141033376
66,9,8,0.0010510679085591191
66,9,9,0.0004362694549978137
66,9,10,0.001229639105419922
66,10,1,0.000859969644049731
66,10,2,0.0003992201188840574
66,10,3,0.0006332243180300404
66,10,4,0.0008557695859818799
66,10,5,0.00039931557958574807
66,10,6,0.0011679028144182914
66,10,7,0.0008741106687346162
66,10,8,0.0004144254399505593
66,10,9,0.0011599738983024109
66,10,10,0.0004609440077983215
66,11,1,0.0008602988376530317
66,11,2,0.0008927029698418737
66,11,3,0.0004060218296493507
66,11,4,0.0008427315597591055
66,11,5,0.00040610842221258745
66,11,6,0.0011352533428185937
66,11,7,0.000874334452629096
66,11,8,0.0010568004986050785
66,11,9,0.0004060126145483907
66,11,10,0.0012264179636579233
66,12,1,0.0004403858847920796
66,12,2,0.0008939492882195473
66,12,3,0.0004402490841942025
66,12,4,0.0008490078414729839
66,12,5,0.0020562546612043586
66,12,6,0.0005155127560369794
66,12,7,0.00044024114019091136
66,12,8,0.0004565944592455259
66,12,9,0.0004402389443464745
66,12,10,0.0005064650600215733
66,13,1,0.00024438501071287624
66,13,2,0.0009658703934531716
66,13,3,0.001703713502676439
66,13,4,0.0008726168715739104
66,13,5,0.0021660471770036625
66,13,6,0.0012944068022863165
66,13,7,0.0009468553364907222
66,13,8,0.00115031079707341
66,13,9,0.0002442411396033478
66,13,10,0.00029534814839980684
66,14,1,0.0009345517528799555
66,14,2,0.0004203812244823567
66,14,3,0.00171347399963462
66,14,4,0.0008965771027598007
66,14,5,0.00042047579201572017
66,14,6,0.0004936134223011948
66,14,7,0.00042038641458220436
66,14,8,0.0012066719819352277
66,14,9,0.00042038351224480357
66,14,10,0.0004847355602975769
66,15,1,0.0009330429683283647
66,15,2,0.0009656617519121358
66,15,3,0.0017035288711617243
66,15,4,0.0002713730149211182
66,15,5,0.0021663932783904127
66,15,6,0.0012623686299979321
66,15,7,0.0009468100300397617
66,15,8,0.0002544037037888555
66,15,9,0.00024096403897583195
66,15,10,0.0013580781659183864
66,16,1,0.0009340777664240245
66,16,2,0.000458668436490989
66,16,3,0.0004586819824447098
66,16,4,0.0013243857561361474
66,16,5,0.00045876411033788993
66,16,6,0.0005362975736847181
66,16,7,0.0004586738820320066
66,16,8,0.00047562484496193794
66,16,9,0.00045867084582491927
66,16,10,0.0013273901206165024
66,17,1,0.0009216401791862095
66,17,2,0.0009577712180032528
66,17,3,0.0016935548513228823
66,17,4,0.001312562670149865
66,17,5,0.00011247487830477995
66,17,6,0.001217801481856137
66,17,7,0.0009383166927867834
66,17,8,0.001179833445011817
66,17,9,0.0011637301192577824
66,17,10,0.0012617167452019743
66,18,1,0.0011013992696462368
66,18,2,0.0009628198737217447
66,18,3,0.0016994442282445667
66,18,4,0.001329580455513723
66,18,5,0.0001788300199484035
66,18,6,0.00023748587482891534
66,18,7,0.00017874098417415362
66,18,8,0.0011864275335311137
66,18,9,0.0011690537864574404
66,18,10,0.00022950457049624451
66,19,1,0.0001616904255592893
66,19,2,0.0009618290603248872
66,19,3,0.00016155827767085545
66,19,4,0.00019210851903057882
66,19,5,0.002113345365003915
66,19,6,0.0011994389480643305
66,19,7,0.0009015980351841134
66,19,8,0.0011846788227442876
66,19,9,0.0011678965497206699
66,19,10,0.0012215464530039154
66,20,1,0.0008387236239883341
66,20,2,0.0003181752790522127
66,20,3,0.00031818807690359337
66,20,4,0.0013164162992868886
66,20,5,0.0003182703623504093
66,20,6,0.0011855619116923947
66,20,7,0.0009091625197661367
66,20,8,0.0003322769656978638
66,20,9,0.001178390380443445
66,20,10,0.00037355664073928
66,21,1,0.0022841344532600434
66,21,2,0.0010148039825901747
66,21,3,0.0017699176112225584
66,21,4,0.0013233707933686578
66,21,5,0.002191589649268582
66,21,6,0.0010845479950177548
66,21,7,0.0009515316907647367
66,21,8,0.0012188061267759953
66,21,9,0.000179901834108088
66,21,10,0.001242952987540373
66,22,1,0.002291822085493316
66,22,2,0.0002688580968231812
66,22,3,0.0002688705024912768
66,22,4,0.00029974135769795737
66,22,5,0.0002689521927464919
66,22,6,0.00032909002092822956
66,22,7,0.0009564635929369461
66,22,8,0.0002824372102762356
66,22,9,0.0011338103297048538
66,22,10,0.0003209032573272517
66,23,1,5.964676377259877e-5
66,23,2,0.0010052614720852577
66,23,3,0.0017570525530222383
66,23,4,0.0011278390418747555
66,23,5,0.002178019278608072
66,23,6,0.0010628243822239246
66,23,7,0.0009417646433169388
66,23,8,0.001095429841499742
66,23,9,0.0011174820261106897
66,23,10,0.0010140817966101737
66,24,1,0.001070077940425645
66,24,2,0.0002691877512154064
66,24,3,0.0002691994590664921
66,24,4,0.0010215109819188652
66,24,5,0.00026928145803724253
66,24,6,0.0009570210439948891
66,24,7,0.0009536613684732364
66,24,8,0.0010217943485374456
66,24,9,0.0010698345416116997
66,24,10,0.001015337300736115
67,1,1,4.144775713878143e-7
67,1,2,9.392645898591265e-5
67,1,3,4.6565163699929714e-6
67,1,4,0.00012042232546777932
67,1,5,3.0020830325911398e-5
67,1,6,3.535712706111063e-5
67,1,7,9.351772719925802e-5
67,1,8,3.979260922878337e-5
67,1,9,0.00016375257747299244
67,1,10,0.00014490169376674635
67,2,1,7.0572368303908125e-6
67,2,2,6.742068920093165e-5
67,2,3,1.7931027388321944e-6
67,2,4,9.239397711191672e-5
67,2,5,3.301200619013213e-6
67,2,6,4.6656344741153195e-6
67,2,7,1.0366139086531516e-5
67,2,8,4.947066924896914e-5
67,2,9,0.00019510629840968852
67,2,10,8.927896345187618e-5
67,3,1,4.09173951916819e-6
67,3,2,5.95202412016113e-5
67,3,3,5.96175929396702e-8
67,3,4,0.00011200228284753771
67,3,5,1.7021686212742836e-5
67,3,6,1.6960731348704033e-5
67,3,7,5.9210483578731526e-5
67,3,8,0.0001567899045425539
67,3,9,0.00018156789715875057
67,3,10,0.00011830788183518443
67,4,1,8.362691797338004e-5
67,4,2,1.6152152081577736e-6
67,4,3,9.115350260743325e-7
67,4,4,9.398790817574733e-5
67,4,5,4.73886547112595e-7
67,4,6,2.807528236551374e-6
67,4,7,7.482917032609162e-5
67,4,8,3.110776580008717e-5
67,4,9,0.0002081790229165464
67,4,10,0.00013506692167904497
67,5,1,8.207320208615927e-5
67,5,2,7.38586435049346e-5
67,5,3,3.413730181774038e-7
67,5,4,9.297450769007227e-5
67,5,5,0.0008912433340555003
67,5,6,2.470111350026721e-6
67,5,7,7.344783381875234e-5
67,5,8,4.623476461047243e-5
67,5,9,4.502122469087609e-7
67,5,10,0.00021857276721287967
67,6,1,8.762583990683725e-5
67,6,2,7.9127291211464e-5
67,6,3,6.6152144886178045e-6
67,6,4,0.00016010151857931445
67,6,5,2.9360526963415576e-6
67,6,6,1.178095452230211e-5
67,6,7,4.397918881527523e-8
67,6,8,0.00020292891654181942
67,6,9,7.349380434103509e-7
67,6,10,0.0003151721202466535
67,7,1,5.345803642440458e-5
67,7,2,5.196303350485832e-5
67,7,3,1.7481093334168252e-5
67,7,4,0.00013389310085155532
67,7,5,4.110393128570521e-5
67,7,6,0.00025748849119732766
67,7,7,5.169439619435497e-5
67,7,8,7.626993842593689e-5
67,7,9,0.00016829842482794745
67,7,10,0.0002838740015846089
67,8,1,6.056094826111742e-7
67,8,2,2.4765102078746862e-6
67,8,3,3.2628369451461435e-5
67,8,4,0.00014332496684719753
67,8,5,2.896130075188115e-7
67,8,6,0.0002837258742201849
67,8,7,1.5571049299229719e-6
67,8,8,0.00017744790179541022
67,8,9,0.00020527571041684383
67,8,10,0.00013375959636175688
67,9,1,8.069357924519347e-5
67,9,2,7.292028986483892e-5
67,9,3,3.227975102578043e-5
67,9,4,9.236713575576961e-5
67,9,5,2.701092314085694e-7
67,9,6,0.0002551850662096466
67,9,7,2.0342769047052145e-6
67,9,8,0.0001772848811111595
67,9,9,5.512704621111518e-7
67,9,10,0.00030080180989096317
67,10,1,7.608739703563707e-5
67,10,2,9.024351560137532e-6
67,10,3,2.9425868274033927e-5
67,10,4,0.0001300566817362602
67,10,5,1.6135105961789918e-6
67,10,6,0.00018498423624501302
67,10,7,6.821937404175316e-5
67,10,8,4.1727915681105656e-5
67,10,9,0.0001970405482729049
67,10,10,9.673107368458142e-5
67,11,1,7.684802587475386e-5
67,11,2,6.943320710740234e-5
67,11,3,8.937845749401165e-8
67,11,4,0.0001269353546247819
67,11,5,1.0670568896394604e-6
67,11,6,0.00018304111834319733
67,11,7,6.900097661912237e-5
67,11,8,0.00014680596112976618
67,11,9,3.1317987621102953e-6
67,11,10,0.00029156424583726457
67,12,1,6.845729429659333e-7
67,12,2,7.341705184762583e-5
67,12,3,8.129467226638305e-7
67,12,4,0.00012958670567960078
67,12,5,0.000622485552032746
67,12,6,0.0001483763517122142
67,12,7,1.6344224083701743e-6
67,12,8,4.7302796909047095e-5
67,12,9,3.773120716287436e-7
67,12,10,8.80212845681319e-5
67,13,1,0.00010437166326397263
67,13,2,4.201934880169747e-5
67,13,3,0.00024579758415032205
67,13,4,0.00010636824917197835
67,13,5,0.000522793249545578
67,13,6,0.0001582608675662811
67,13,7,4.167905747859953e-5
67,13,8,0.00010337145092695135
67,13,9,0.00010262279138627344
67,13,10,0.000197743230365652
67,14,1,6.051932507031265e-5
67,14,2,1.875382182329124e-5
67,14,3,0.0002908679493416726
67,14,4,0.00011453101223464219
67,14,5,3.0057889168204066e-5
67,14,6,0.00015384651422374558
67,14,7,1.6080671951448688e-5
67,14,8,0.00016947955624011462
67,14,9,1.110904363801753e-5
67,14,10,0.00014669061103238682
67,15,1,4.141622957221299e-5
67,15,2,4.164724349647155e-5
67,15,3,0.0002448489039999954
67,15,4,0.0001976020316465486
67,15,5,0.0005214622334399525
67,15,6,0.00021008241662934525
67,15,7,4.1279152059404336e-5
67,15,8,0.00016274899532966696
67,15,9,0.00010570964222591905
67,15,10,0.00024273821341628504
67,16,1,6.483364951819599e-5
67,16,2,9.325842013213319e-6
67,16,3,2.955907685259914e-5
67,16,4,0.00020370668025681461
67,16,5,1.7804066890253605e-5
67,16,6,0.00010760934620906878
67,16,7,7.471426014098135e-6
67,16,8,5.201274401380314e-5
67,16,9,4.216468468886559e-6
67,16,10,0.0002623545179351916
67,17,1,2.599827387655513e-5
67,17,2,2.5544538052367598e-5
67,17,3,0.00020334374393256733
67,17,4,0.00014995627073180863
67,17,5,0.000373715535932061
67,17,6,0.00019923845655912486
67,17,7,2.5399923374622568e-5
67,17,8,0.00011320223493694315
67,17,9,6.076464955779405e-5
67,17,10,0.00014504125086269053
67,18,1,8.010801401015482e-5
67,18,2,3.414270685363799e-5
67,18,3,0.00022616255025542076
67,18,4,0.0001581922324045977
67,18,5,0.0002391876781925578
67,18,6,0.0003472773104520417
67,18,7,0.00019547890649705192
67,18,8,0.0001230442852524596
67,18,9,7.361867018714218e-5
67,18,10,0.000294257543339815
67,19,1,0.00021307005568474007
67,19,2,3.1985366246086504e-5
67,19,3,0.00031013748030161076
67,19,4,0.00032558185079893095
67,19,5,0.0004218002254179869
67,19,6,0.00018604396656595785
67,19,7,1.3190227366253635e-5
67,19,8,0.00011722701581262932
67,19,9,7.047641840530999e-5
67,19,10,0.00012959030216847228
67,20,1,1.3089475428722164e-5
67,20,2,6.576782145889266e-5
67,20,3,0.00010992327018465422
67,20,4,0.0001669006192628287
67,20,5,0.00010386759663358028
67,20,6,0.00012532336147177362
67,20,7,2.4767648814324497e-5
67,20,8,0.00010946320015606257
67,20,9,9.666776137575146e-5
67,20,10,0.00018975555846395653
67,21,1,0.0003707498858567108
67,21,2,3.0195563834286008e-5
67,21,3,0.00021619979256686208
67,21,4,0.00013980606774750446
67,21,5,0.0004143060294613689
67,21,6,9.878745261099633e-5
67,21,7,1.1612536214242067e-5
67,21,8,0.00011131085196853461
67,21,9,0.00026862584762529475
67,21,10,0.0001759662199045287
67,22,1,0.000403695167009916
67,22,2,0.00012974063194921045
67,22,3,0.0001897120825013341
67,22,4,0.0002277928369790777
67,22,5,0.0001816570712189494
67,22,6,0.00022510769923241388
67,22,7,1.777807135814635e-5
67,22,8,0.000181757140825415
67,22,9,2.332557690025383e-5
67,22,10,0.00021394300431960427
67,23,1,0.0007772489781823566
67,23,2,1.512905771244307e-5
67,23,3,0.0001711362069932785
67,23,4,0.00010093384050763645
67,23,5,0.00035107240918168725
67,23,6,9.377565888466536e-5
67,23,7,3.1540200076294163e-6
67,23,8,3.666332257036238e-5
67,23,9,5.624636805613285e-6
67,23,10,8.553979966679885e-5
67,24,1,1.3471745561735005e-5
67,24,2,0.00013458046662885324
67,24,3,0.00019573003306910371
67,24,4,9.962061322444616e-5
67,24,5,0.0001878336230322347
67,24,6,0.00015014038073358493
67,24,7,1.2930729647118429e-5
67,24,8,5.574964858996965e-5
67,24,9,1.2952243600254872e-5
67,24,10,0.00014120390561285517
68,1,1,1.6140814122972614e-6
68,1,2,8.488234356932297e-5
68,1,3,1.0923955076046915e-6
68,1,4,0.00011290461982411169
68,1,5,2.160782703604975e-5
68,1,6,2.6585547103787093e-5
68,1,7,8.44615139899974e-5
68,1,8,3.560358162483216e-5
68,1,9,0.0002325408722385036
68,1,10,0.0001371657490974214
68,2,1,1.748043524960942e-5
68,2,2,5.790262709686764e-5
68,2,3,7.582008946577471e-6
68,2,4,9.927551120443474e-5
68,2,5,1.0671608208839302e-5
68,2,6,1.2499391907369018e-5
68,2,7,2.3079476231060308e-5
68,2,8,6.063690866628254e-5
68,2,9,0.00019155235702632747
68,2,10,9.578514541334963e-5
68,3,1,1.2163886574388e-5
68,3,2,5.0010365080327084e-5
68,3,3,1.1886279554843044e-6
68,3,4,0.0001064124404118584
68,3,5,3.349268175983005e-5
68,3,6,3.3101137873569285e-5
68,3,7,4.970287868021105e-5
68,3,8,0.00014990251616295937
68,3,9,0.00017707277516646703
68,3,10,0.00011130673788463121
68,4,1,7.431529679759783e-5
68,4,2,7.199617575909637e-6
68,4,3,8.05371469090509e-8
68,4,4,9.53880637046199e-5
68,4,5,4.7101299928984796e-7
68,4,6,2.254917195239739e-6
68,4,7,6.537398704672572e-5
68,4,8,3.2442879657351374e-5
68,4,9,0.00020557467275989928
68,4,10,8.650921296490974e-5
68,5,1,7.273031126418733e-5
68,5,2,6.439198656241039e-5
68,5,3,4.98838764930812e-7
68,5,4,9.54862994708992e-5
68,5,5,0.0009584352119903391
68,5,6,2.338395243160414e-6
68,5,7,6.397625760730934e-5
68,5,8,5.0475941588059896e-5
68,5,9,4.117479530285133e-6
68,5,10,0.00021364882261112018
68,6,1,7.840513761086478e-5
68,6,2,6.973570999126733e-5
68,6,3,2.2383755365232887e-6
68,6,4,0.00015011296292446444
68,6,5,3.7411803516763733e-7
68,6,6,5.8391795945699975e-6
68,6,7,1.2108846485421777e-6
68,6,8,0.00019843295428401657
68,6,9,1.5008209011901407e-7
68,6,10,0.00031449975167223524
68,7,1,8.572127149178e-5
68,7,2,4.254863630181534e-5
68,7,3,1.0495617538663526e-5
68,7,4,0.0001257312314542888
68,7,5,6.853082520641737e-5
68,7,6,0.0002238040684955137
68,7,7,4.22853912582323e-5
68,7,8,0.00011042227677561063
68,7,9,0.00016292706723983124
68,7,10,0.00028003890502294415
68,8,1,4.016546479159636e-6
68,8,2,9.076729894433706e-6
68,8,3,2.4015547782586265e-5
68,8,4,0.00013343580752534442
68,8,5,1.041459225047418e-6
68,8,6,0.0002791469166992331
68,8,7,7.0548445103581896e-6
68,8,8,0.0001712187078316883
68,8,9,0.00020245608439765876
68,8,10,0.00014115843103201282
68,9,1,7.132561836220135e-5
68,9,2,6.344297203764255e-5
68,9,3,2.3690937353255096e-5
68,9,4,9.834119051174738e-5
68,9,5,1.435733131465357e-6
68,9,6,0.00022049741204185344
68,9,7,8.128156872301081e-6
68,9,8,0.0001710642696205007
68,9,9,4.429269556017429e-6
68,9,10,0.0002988667914304973
68,10,1,6.664599408240223e-5
68,10,2,2.08821848496957e-5
68,10,3,2.1055945537699292e-5
68,10,4,0.00012142352666239308
68,10,5,7.102175070060677e-6
68,10,6,0.0001782155188657133
68,10,7,5.8704919039369034e-5
68,10,8,5.6384866179388354e-5
68,10,9,0.00019362466376696564
68,10,10,0.00010947108185823618
68,11,1,6.741814226141619e-5
68,11,2,5.992431437194376e-5
68,11,3,2.5860134636961426e-6
68,11,4,0.00011876177647349784
68,11,5,5.7670472540735704e-6
68,11,6,0.00017615720521777807
68,11,7,5.949098315481069e-5
68,11,8,0.00013938633281309376
68,11,9,1.0405650922241327e-5
68,11,10,0.00028872312583833124
68,12,1,4.3461833290903445e-6
68,12,2,6.394362809912492e-5
68,12,3,1.2788036367194687e-7
68,12,4,0.00012103705838463746
68,12,5,0.0006597504901645943
68,12,6,0.00011778917398405849
68,12,7,7.235593031015513e-6
68,12,8,5.4793752083981405e-5
68,12,9,3.859919242815359e-6
68,12,10,9.293060298684496e-5
68,13,1,0.00015448860337430537
68,13,2,3.2896174117340884e-5
68,13,3,0.0002461154322634473
68,13,4,0.00010245450652349575
68,13,5,0.0005494619376318876
68,13,6,0.00015081772836684834
68,13,7,3.256761476123104e-5
68,13,8,9.438903689307514e-5
68,13,9,0.00015221162911788048
68,13,10,0.00026166852358123626
68,14,1,5.1006718010563805e-5
68,14,2,3.616794593748768e-5
68,14,3,0.000294986021082816
68,14,4,0.00010842571119737995
68,14,5,5.279468240197599e-5
68,14,6,0.0001380309037459555
68,14,7,3.2088616621342435e-5
68,14,8,0.00016263240830592193
68,14,9,2.428160036742771e-5
68,14,10,0.000169897312315983
68,15,1,3.2326671099461174e-5
68,15,2,3.253935126499727e-5
68,15,3,0.00024508997582278633
68,15,4,0.0002648458739192274
68,15,5,0.0005479896690714701
68,15,6,0.0001550612111210573
68,15,7,3.218705107861242e-5
68,15,8,0.00022640828454268628
68,15,9,0.00015631123709423545
68,15,10,0.0002350303363516245
68,16,1,5.531199831072354e-5
68,16,2,2.138066038267109e-5
68,16,3,5.210926626135705e-5
68,16,4,0.00019661204923528307
68,16,5,3.4680727659508034e-5
68,16,6,0.00012268395728229508
68,16,7,1.827199645022511e-5
68,16,8,6.63056456927804e-5
68,16,9,1.2493811767504897e-5
68,16,10,0.00025620888176368655
68,17,1,1.7951619629065493e-5
68,17,2,1.7528143531291957e-5
68,17,3,0.00020038296565257866
68,17,4,0.0001395613316946465
68,17,5,0.0005017101592404594
68,17,6,0.00018909389459899876
68,17,7,1.739693489487126e-5
68,17,8,0.0001033918255642277
68,17,9,5.124775342974366e-5
68,17,10,0.00013737471132990674
68,18,1,7.074059849892584e-5
68,18,2,2.5426586800059654e-5
68,18,3,0.0002249221906473149
68,18,4,0.00014782219520339458
68,18,5,0.0003300266161925039
68,18,6,0.0004525319486467996
68,18,7,0.0002737095371572862
68,18,8,0.00011358930020235863
68,18,9,6.41490284541207e-5
68,18,10,0.0003892702929406181
68,19,1,0.0002963918645531385
68,19,2,2.3415867461573895e-5
68,19,3,0.0004208472899860544
68,19,4,0.00043240618866381513
68,19,5,0.00043818555950196647
68,19,6,0.00011889362135809474
68,19,7,6.98761591527821e-6
68,19,8,0.00010755167674708685
68,19,9,6.09766847055438e-5
68,19,10,0.00012218166643551952
68,20,1,6.914639508100045e-6
68,20,2,0.00010267419650294537
68,20,3,0.00016189647955343553
68,20,4,0.0001568178811009676
68,20,5,0.00015383540172404588
68,20,6,0.00011869640436188472
68,20,7,1.683371049814441e-5
68,20,8,0.00015481039009096167
68,20,9,8.770706299284968e-5
68,20,10,0.00024084884373422024
68,21,1,0.00038215170034759443
68,21,2,2.1762181545516683e-5
68,21,3,0.0002141955070943977
68,21,4,0.0001299892124547526
68,21,5,0.0004299522369449866
68,21,6,9.595671429723906e-5
68,21,7,5.762065189800809e-6
68,21,8,0.00010158527169577612
68,21,9,0.00036780904842859574
68,21,10,0.00016691214836402155
68,22,1,0.0004182848972250114
68,22,2,0.00018805179585310456
68,22,3,0.00026624387546985746
68,22,4,0.0003051212400469052
68,22,5,0.0002557812192633373
68,22,6,0.0002962495050429013
68,22,7,1.0744167998096553e-5
68,22,8,0.00025126492255385884
68,22,9,1.554744886061867e-5
68,22,10,0.0002835040944096789
68,23,1,0.0010098515380084108
68,23,2,8.545293943028396e-6
68,23,3,0.00016594786148980755
68,23,4,9.959144491417185e-5
68,23,5,0.0003606389848904661
68,23,6,9.352469337673607e-5
68,23,7,4.0686077558899885e-7
68,23,8,3.3729972262825115e-5
68,23,9,1.6278216711104036e-6
68,23,10,8.561238438609643e-5
68,24,1,7.285150630313845e-6
68,24,2,0.00019440995943203617
68,24,3,0.0002740322585482057
68,24,4,9.942993884682412e-5
68,24,5,0.00026378979914319905
68,24,6,0.00015298823473261568
68,24,7,6.784238417860836e-6
68,24,8,5.3480602332927706e-5
68,24,9,6.799423549060624e-6
68,24,10,0.00014151101322212411
69,1,1,1.8564262656239018e-6
69,1,2,1.4478465128697342e-6
69,1,3,1.4763178718182794e-6
69,1,4,9.930847696670226e-5
69,1,5,1.6857893327643522e-6
69,1,6,4.691769643741984e-6
69,1,7,1.4618051664912173e-6
69,1,8,5.202765748060768e-5
69,1,9,1.453701793499022e-6
69,1,10,0.0001409025448862733
69,2,1,1.8563437964630782e-6
69,2,2,1.4478486351655639e-6
69,2,3,1.4763302464277455e-6
69,2,4,9.915863648665009e-5
69,2,5,1.685678464379618e-6
69,2,6,4.688811126874688e-6
69,2,7,1.461807717925622e-6
69,2,8,5.214406542194467e-5
69,2,9,1.4537245034217438e-6
69,2,10,0.00014104923194973538
69,3,1,1.8563216733926968e-6
69,3,2,1.4478493499867287e-6
69,3,3,1.4763314575786887e-6
69,3,4,9.914482619948857e-5
69,3,5,1.6857088874310552e-6
69,3,6,4.68648620511978e-6
69,3,7,1.461807584670145e-6
69,3,8,5.2191263959068865e-5
69,3,9,1.4537265657310274e-6
69,3,10,0.00014109708157506476
69,4,1,1.8562846261120225e-6
69,4,2,1.4478450889138698e-6
69,4,3,1.4763369179171026e-6
69,4,4,9.920266506207745e-5
69,4,5,1.685659996396846e-6
69,4,6,4.684125633866716e-6
69,4,7,1.4618078476007735e-6
69,4,8,5.220140359840036e-5
69,4,9,1.453728213426955e-6
69,4,10,0.00014115248911230138
69,5,1,1.8562256376787324e-6
69,5,2,1.4478453348543113e-6
69,5,3,1.4763387454421656e-6
69,5,4,9.923990284803803e-5
69,5,5,1.6855580291777724e-6
69,5,6,4.681746399580728e-6
69,5,7,1.4618085662822867e-6
69,5,8,5.21982617556685e-5
69,5,9,1.4537307333567243e-6
69,5,10,0.00014116112028576878
69,6,1,1.8561931621650993e-6
69,6,2,1.4478457271736798e-6
69,6,3,1.476339494392861e-6
69,6,4,9.939672726454383e-5
69,6,5,1.6854955121211526e-6
69,6,6,4.651334094312645e-6
69,6,7,1.4618085887423693e-6
69,6,8,5.221278822079337e-5
69,6,9,1.4537316865226855e-6
69,6,10,0.00014117323180877546
69,7,1,1.8561907822764315e-6
69,7,2,1.4478466800704497e-6
69,7,3,1.4764098148865896e-6
69,7,4,9.942887183640912e-5
69,7,5,1.6854985252694023e-6
69,7,6,0.0001541860059622185
69,7,7,1.4618070573400407e-6
69,7,8,5.221078699436324e-5
69,7,9,1.453731956336819e-6
69,7,10,0.00014118639713769145
69,8,1,1.8561789586817497e-6
69,8,2,1.4478474991532121e-6
69,8,3,1.4764135317767462e-6
69,8,4,9.946831161845667e-5
69,8,5,1.685521924277081e-6
69,8,6,0.00015437907211682397
69,8,7,1.4618072457194893e-6
69,8,8,5.226649892217392e-5
69,8,9,1.453733229138262e-6
69,8,10,0.00014129234675097857
69,9,1,1.8561491231844093e-6
69,9,2,1.447847940829761e-6
69,9,3,1.4764207328719088e-6
69,9,4,9.953958932349186e-5
69,9,5,1.6855463159086764e-6
69,9,6,0.0001544577193719245
69,9,7,1.46180790360528e-6
69,9,8,5.229202190422231e-5
69,9,9,1.453735575086035e-6
69,9,10,0.00014136383626330853
69,10,1,1.8562480008910799e-6
69,10,2,1.4478497842030405e-6
69,10,3,1.4764235774329243e-6
69,10,4,9.959406548435219e-5
69,10,5,1.6855433161021662e-6
69,10,6,0.00015453473785534283
69,10,7,1.4618121053465353e-6
69,10,8,5.2321313979104925e-5
69,10,9,1.4537393245173134e-6
69,10,10,0.0001414373985240216
69,11,1,1.8562693590433203e-6
69,11,2,1.4478501052376888e-6
69,11,3,1.4764278274993473e-6
69,11,4,9.963555237371753e-5
69,11,5,1.6855127744169257e-6
69,11,6,0.0001546417874666167
69,11,7,1.461812299999225e-6
69,11,8,5.234406522147966e-5
69,11,9,1.453742753952612e-6
69,11,10,0.00014150652177383135
69,12,1,1.8562690690898368e-6
69,12,2,1.4478496831834892e-6
69,12,3,1.476432570404354e-6
69,12,4,9.965470212965791e-5
69,12,5,1.6870657519704472e-6
69,12,6,0.00015466335428681978
69,12,7,1.461812497177925e-6
69,12,8,5.2360126717477684e-5
69,12,9,1.4537444253373013e-6
69,12,10,0.0001415095986263999
69,13,1,1.8562851618856979e-6
69,13,2,1.4478489305344663e-6
69,13,3,1.4790755349997648e-6
69,13,4,9.968331509338486e-5
69,13,5,1.6868515950747392e-6
69,13,6,0.00015465295486466075
69,13,7,1.461811738697126e-6
69,13,8,5.2351891951832707e-5
69,13,9,1.4537440228924822e-6
69,13,10,0.00014143145030143275
69,14,1,1.8563515460410999e-6
69,14,2,1.4478475713045569e-6
69,14,3,1.4790757688666955e-6
69,14,4,9.973917002152719e-5
69,14,5,1.686841271958505e-6
69,14,6,0.00015462017835932726
69,14,7,1.4618110426449275e-6
69,14,8,5.236418406299466e-5
69,14,9,1.453737998897114e-6
69,14,10,0.0001414726724337591
69,15,1,1.8560675751510494e-6
69,15,2,1.4478421084519916e-6
69,15,3,1.479077020359975e-6
69,15,4,9.971152206274534e-5
69,15,5,1.6868197258004656e-6
69,15,6,0.00015460653786599212
69,15,7,1.4618034392731116e-6
69,15,8,5.233967534755525e-5
69,15,9,1.4537379595125654e-6
69,15,10,0.00014149577092856792
69,16,1,1.856026120772659e-6
69,16,2,1.4478414396806653e-6
69,16,3,1.4790802411345069e-6
69,16,4,9.980898610298332e-5
69,16,5,1.6867046406675034e-6
69,16,6,0.00015440913687225083
69,16,7,1.4618010662016946e-6
69,16,8,5.234502727876203e-5
69,16,9,1.45373601305713e-6
69,16,10,0.00014150021432126586
69,17,1,1.8559569831460374e-6
69,17,2,1.4478384236715704e-6
69,17,3,1.4790802089908424e-6
69,17,4,9.983011572865784e-5
69,17,5,1.6866699625697836e-6
69,17,6,0.00015446721111680252
69,17,7,1.4618019643469024e-6
69,17,8,5.230651839952872e-5
69,17,9,1.4538032000498116e-6
69,17,10,0.000141328797077911
69,18,1,1.8559670852807442e-6
69,18,2,1.4478381214964645e-6
69,18,3,1.4790791332516213e-6
69,18,4,9.9756617149532e-5
69,18,5,1.6866330413651987e-6
69,18,6,0.00015454317000261657
69,18,7,1.4618035148718527e-6
69,18,8,5.2318977754209855e-5
69,18,9,1.4538050397233074e-6
69,18,10,0.00014134729082339312
69,19,1,1.855673032742826e-6
69,19,2,1.4478381052891052e-6
69,19,3,1.4790779153000313e-6
69,19,4,9.978445951105513e-5
69,19,5,1.687127444727744e-6
69,19,6,0.00015461735122586853
69,19,7,1.4618505805739273e-6
69,19,8,5.232959161346636e-5
69,19,9,1.4538061817215107e-6
69,19,10,0.0001413851898670084
69,20,1,1.8604581251661072e-6
69,20,2,1.4478393633477338e-6
69,20,3,1.4790775171742629e-6
69,20,4,9.986254414678056e-5
69,20,5,1.6871093886676342e-6
69,20,6,0.00015470952888114756
69,20,7,1.4618511361448633e-6
69,20,8,5.2346130951286215e-5
69,20,9,1.453807710231223e-6
69,20,10,0.00014152811182439865
69,21,1,2.3597034333362747e-6
69,21,2,1.447841336693611e-6
69,21,3,1.4790778238595621e-6
69,21,4,9.992987532659959e-5
69,21,5,1.6871118377560036e-6
69,21,6,0.00015482367831837988
69,21,7,1.4618543138765094e-6
69,21,8,5.237274075122145e-5
69,21,9,1.4538098348160784e-6
69,21,10,0.00014161769613172442
69,22,1,2.3601208655345056e-6
69,22,2,1.4478442907374483e-6
69,22,3,1.4790698953183892e-6
69,22,4,0.00010000279704884313
69,22,5,1.6871524399150178e-6
69,22,6,0.000154966276875365
69,22,7,1.461858158027144e-6
69,22,8,5.24024990991195e-5
69,22,9,1.4538986963541602e-6
69,22,10,0.00014172684243264679
69,23,1,2.360666301640249e-6
69,23,2,1.447849133841674e-6
69,23,3,1.479080437786458e-6
69,23,4,0.00010022852660898704
69,23,5,1.6871657195009998e-6
69,23,6,0.0001552062223897385
69,23,7,1.4618620466366896e-6
69,23,8,5.257981702819387e-5
69,23,9,1.4539075832715328e-6
69,23,10,0.0001419936488916731
69,24,1,2.3903553195283015e-6
69,24,2,1.4478559273444826e-6
69,24,3,1.4790797504291852e-6
69,24,4,0.00010063653945189035
69,24,5,1.6873483302182771e-6
69,24,6,0.00015570106586762473
69,24,7,1.461869568586237e-6
69,24,8,5.2762373378102613e-5
69,24,9,1.453934275902365e-6
69,24,10,0.00014260240844754193
70,1,1,0.0003273874281354776
70,1,2,0.0003269819046858621
70,1,3,0.0003270121341419903
70,1,4,0.0003946681650351888
70,1,5,0.0003272463908173416
70,1,6,0.0003292277555443143
70,1,7,0.0003269956701290667
70,1,8,0.000360400925834302
70,1,9,0.00032698707311183716
70,1,10,0.0004257751646731062
70,2,1,0.00032738865209608716
70,2,2,0.0003269818860009716
70,2,3,0.0003270121461183972
70,2,4,0.0003943895084746524
70,2,5,0.00032724402494149307
70,2,6,0.00032920336240182196
70,2,7,0.00032699539997534273
70,2,8,0.0003607341377807159
70,2,9,0.0003269875744561601
70,2,10,0.000426263878544885
70,3,1,0.0003273870804732619
70,3,2,0.0003269818820282495
70,3,3,0.0003270120712802945
70,3,4,0.00039370940410666296
70,3,5,0.00032724338216899275
70,3,6,0.000329200255137186
70,3,7,0.0003269956196098968
70,3,8,0.00036086956720200573
70,3,9,0.00032698756714527057
70,3,10,0.00042583845999836237
70,4,1,0.0003273916547358998
70,4,2,0.00032698181455105525
70,4,3,0.0003270122410967813
70,4,4,0.00039449190277594863
70,4,5,0.0003272444251392527
70,4,6,0.000329209356481347
70,4,7,0.00032699563560854654
70,4,8,0.0003607718307476899
70,4,9,0.0003269875821659532
70,4,10,0.0004266899160883826
70,5,1,0.0003273919374805173
70,5,2,0.00032698189066617504
70,5,3,0.0003270122379937109
70,5,4,0.0003946454115936407
70,5,5,0.0003272508249625238
70,5,6,0.0003292100846611418
70,5,7,0.000326995639741991
70,5,8,0.00036084909273214396
70,5,9,0.00032698740189956787
70,5,10,0.0004268117617662843
70,6,1,0.00032739198000176573
70,6,2,0.0003269818974064993
70,6,3,0.0003270123377835707
70,6,4,0.0003943443377110678
70,6,5,0.00032724491567411154
70,6,6,0.00032919496135284867
70,6,7,0.00032699549137247527
70,6,8,0.00036093333045840404
70,6,9,0.0003269874292815383
70,6,10,0.00042688051398719344
70,7,1,0.0003273871954058666
70,7,2,0.0003269818760364772
70,7,3,0.00032701235609670877
70,7,4,0.0003942827156476198
70,7,5,0.0003272427035732696
70,7,6,0.000436946428206097
70,7,7,0.0003269956068701649
70,7,8,0.0003606118135511593
70,7,9,0.00032698756180678934
70,7,10,0.00042677153166447205
70,8,1,0.0003273898608449357
70,8,2,0.0003269818190773628
70,8,3,0.0003270124287835129
70,8,4,0.00039438704222552934
70,8,5,0.0003272444331871874
70,8,6,0.00043728904849665905
70,8,7,0.00032699547477228123
70,8,8,0.0003609518009715306
70,8,9,0.00032698758822458747
70,8,10,0.0004268965838458844
70,9,1,0.00032739195879727883
70,9,2,0.00032698189107004957
70,9,3,0.00032701243339015466
70,9,4,0.0003948364922357936
70,9,5,0.00032724433700884284
70,9,6,0.0004373970040627893
70,9,7,0.0003269954628084501
70,9,8,0.00036095023322120837
70,9,9,0.0003269874055459902
70,9,10,0.000426986368515438
70,10,1,0.00032739186369867894
70,10,2,0.0003269818004969473
70,10,3,0.00032701242736977727
70,10,4,0.0003944491281355504
70,10,5,0.0003272441565390319
70,10,6,0.00043741840632933315
70,10,7,0.000326995642957468
70,10,8,0.00036076697128088384
70,10,9,0.0003269875832562607
70,10,10,0.00042664586729506977
70,11,1,0.00032739187546622497
70,11,2,0.0003269818847073607
70,11,3,0.00032701233857850134
70,11,4,0.0003944869706111568
70,11,5,0.00032724409062522
70,11,6,0.0004374779244828248
70,11,7,0.00032699564618876456
70,11,8,0.00036106786305545487
70,11,9,0.00032698738284972305
70,11,10,0.00042704519171389007
70,12,1,0.00032738984483206854
70,12,2,0.00032698189086034145
70,12,3,0.00032701239843131437
70,12,4,0.0003945356950967341
70,12,5,0.00032725210271273273
70,12,6,0.00043721250686435553
70,12,7,0.0003269954475507497
70,12,8,0.0003608863583635373
70,12,9,0.0003269874097164295
70,12,10,0.00042669693882420307
70,13,1,0.0003273855511896557
70,13,2,0.0003269818639523345
70,13,3,0.000327016149043835
70,13,4,0.00039445115444335685
70,13,5,0.0003272512960507651
70,13,6,0.0004373128325916821
70,13,7,0.00032699558866689746
70,13,8,0.00036100336261874394
70,13,9,0.00032698723996312955
70,13,10,0.00042597122339188835
70,14,1,0.00032739181123982
70,14,2,0.00032698178019822976
70,14,3,0.00032701623066671345
70,14,4,0.0003945806100097157
70,14,5,0.0003272442174718678
70,14,6,0.00043722901577084684
70,14,7,0.0003269953892665107
70,14,8,0.00036107647975994764
70,14,9,0.0003269873683382961
70,14,10,0.0004266490544086902
70,15,1,0.0003273916734135263
70,15,2,0.00032698186444503677
70,15,3,0.00032701615484742076
70,15,4,0.00039425983490659335
70,15,5,0.0003272513669489746
70,15,6,0.00043738517470246407
70,15,7,0.00032699559002401235
70,15,8,0.00036055904241703173
70,15,9,0.00032698723992621555
70,15,10,0.00042700351321060316
70,16,1,0.0003273926104794581
70,16,2,0.0003269817915673007
70,16,3,0.00032701522851233736
70,16,4,0.0003952387703254143
70,16,5,0.0003272446716425448
70,16,6,0.00043724525595580706
70,16,7,0.000326995425217004
70,16,8,0.00036087117336277376
70,16,9,0.0003269873920974347
70,16,10,0.00042719002807166796
70,17,1,0.00032739125539224946
70,17,2,0.00032698185239588316
70,17,3,0.00032701608904373475
70,17,4,0.000395047851388071
70,17,5,0.0003272404582813354
70,17,6,0.0004374435994187575
70,17,7,0.00032699556325380705
70,17,8,0.0003609844337041714
70,17,9,0.0003269875896972549
70,17,10,0.0004269985022598256
70,18,1,0.00032739308639376187
70,18,2,0.0003269818624251074
70,18,3,0.0003270161415166093
70,18,4,0.0003951537277472234
70,18,5,0.000327241643784329
70,18,6,0.0004362591357630495
70,18,7,0.0003269951630673612
70,18,8,0.00036101832041480163
70,18,9,0.0003269876119610497
70,18,10,0.00042554139831306887
70,19,1,0.00032738419820231525
70,19,2,0.0003269818612822516
70,19,3,0.00032701469391178186
70,19,4,0.00039407094366769547
70,19,5,0.0003272513003689994
70,19,6,0.00043765783617538516
70,19,7,0.0003269955936165131
70,19,8,0.00036101798171631717
70,19,9,0.000326987608379878
70,19,10,0.00042702457037802326
70,20,1,0.0003273948873901114
70,20,2,0.00032698174872443207
70,20,3,0.000327015038118439
70,20,4,0.0003952849936046229
70,20,5,0.0003272435887417217
70,20,6,0.0004378634103398483
70,20,7,0.000326995633079235
70,20,8,0.0003607431871285655
70,20,9,0.00032698763658354287
70,20,10,0.0004267738648497352
70,21,1,0.0003277779865814822
70,21,2,0.0003269818556536812
70,21,3,0.00032701609361559565
70,21,4,0.00039518425994287113
70,21,5,0.0003272512437584684
70,21,6,0.00043761755688218463
70,21,7,0.0003269955946681868
70,21,8,0.0003610359986444173
70,21,9,0.0003269871963539104
70,21,10,0.00042703449139203336
70,22,1,0.00032777916018174937
70,22,2,0.00032698171610553176
70,22,3,0.0003270148789280157
70,22,4,0.0003944667458500087
70,22,5,0.0003272426567199122
70,22,6,0.000436785681339748
70,22,7,0.00032699562072282347
70,22,8,0.0003606151283170108
70,22,9,0.00032698763818968284
70,22,10,0.00042618426464427223
70,23,1,0.0003277419402204273
70,23,2,0.0003269818761251166
70,23,3,0.00032701604105799567
70,23,4,0.0003952156888692466
70,23,5,0.0003272508692912985
70,23,6,0.00043784835956835595
70,23,7,0.00032699556476640233
70,23,8,0.0003610128674847317
70,23,9,0.00032698761374015906
70,23,10,0.00042713447119806924
70,24,1,0.00032778674281566184
70,24,2,0.00032698170065855944
70,24,3,0.00032701484175323155
70,24,4,0.0003955610921497802
70,24,5,0.000327242561225558
70,24,6,0.0004383202946785849
70,24,7,0.00032699563779973003
70,24,8,0.00036118388779562
70,24,9,0.0003269876774607318
70,24,10,0.0004278299067755074
71,1,1,3.812169220251786e-5
71,1,2,1.9826462620705093e-6
71,1,3,3.959814189058164e-5
71,1,4,7.067726369321231e-5
71,1,5,2.1655504907150068e-5
71,1,6,2.3629849989394018e-5
71,1,7,2.7826690628827225e-6
71,1,8,5.011077277549312e-5
71,1,9,0.00010015786797557101
71,1,10,8.865308446314194e-5
71,2,1,3.5823211562506445e-5
71,2,2,5.270337688807944e-7
71,2,3,4.1541290271730244e-5
71,2,4,7.426175558746831e-5
71,2,5,3.949549363052045e-5
71,2,6,3.918504331807893e-5
71,2,7,3.315223272259951e-5
71,2,8,4.787432453297755e-5
71,2,9,8.335955620075366e-7
71,2,10,9.848362263190212e-5
71,3,1,2.8658976465638713e-5
71,3,2,3.430777754355985e-7
71,3,3,3.010208303592183e-5
71,3,4,6.508091878904523e-5
71,3,5,4.8977779444657135e-5
71,3,6,4.9873819018829036e-5
71,3,7,7.235395488449517e-7
71,3,8,3.103705731111491e-5
71,3,9,1.1107064928927116e-6
71,3,10,8.527298961235352e-5
71,4,1,2.388604904654107e-6
71,4,2,2.5112694041080676e-5
71,4,3,3.385330839245304e-5
71,4,4,7.204603442467942e-5
71,4,5,3.2521087952112325e-5
71,4,6,3.5328748216616605e-5
71,4,7,1.2550884296554804e-6
71,4,8,4.6369182907215364e-5
71,4,9,6.118481154063871e-7
71,4,10,9.582189542211909e-5
71,5,1,2.3287825977252033e-6
71,5,2,6.934034393081938e-7
71,5,3,3.521518972037419e-5
71,5,4,7.200146234766268e-5
71,5,5,4.4453810954392136e-5
71,5,6,3.6627337924783635e-5
71,5,7,1.2113024015171762e-6
71,5,8,4.406647631626458e-5
71,5,9,3.0086751291499478e-5
71,5,10,8.483490248940014e-5
71,6,1,2.524944405358025e-6
71,6,2,8.031205124768814e-7
71,6,3,3.222730193164831e-5
71,6,4,6.115521343173727e-5
71,6,5,2.8757323794107303e-5
71,6,6,3.605875600912553e-5
71,6,7,2.3135134784149273e-5
71,6,8,3.1088366837119605e-5
71,6,9,2.5512142883937554e-5
71,6,10,8.486160962528161e-5
71,7,1,4.9013351268170956e-5
71,7,2,2.6593222110736925e-8
71,7,3,8.110283067547389e-6
71,7,4,5.963647605841645e-5
71,7,5,5.362081946221768e-5
71,7,6,9.407427780567483e-5
71,7,7,1.9113960305516312e-7
71,7,8,6.226530556039693e-5
71,7,9,2.194465323805435e-6
71,7,10,8.526254148843082e-5
71,8,1,2.62260671641764e-5
71,8,2,2.263225645178289e-5
71,8,3,1.3544901844119707e-5
71,8,4,6.095615393729638e-5
71,8,5,2.9633994895662618e-5
71,8,6,9.290493932779224e-5
71,8,7,2.3792894944536537e-5
71,8,8,3.1100186908437224e-5
71,8,9,1.260739377748004e-6
71,8,10,9.08863207021678e-5
71,9,1,1.4578280273592717e-6
71,9,2,2.578726911308083e-7
71,9,3,1.3468536330196397e-5
71,9,4,6.725722121048057e-5
71,9,5,3.0207896595732053e-5
71,9,6,9.269498037409507e-5
71,9,7,2.4249254320786914e-5
71,9,8,3.106163443341023e-5
71,9,9,2.676846246292272e-5
71,9,10,8.495581312847154e-5
71,10,1,1.2974482338634677e-6
71,10,2,2.661051635644662e-5
71,10,3,1.2947318555345122e-5
71,10,4,6.0314800251230176e-5
71,10,5,3.37534303226794e-5
71,10,6,9.295831383570902e-5
71,10,7,5.011851537860683e-7
71,10,8,4.1811789184652256e-5
71,10,9,1.4574252599407087e-6
71,10,10,9.223209562906682e-5
71,11,1,1.320715724162629e-6
71,11,2,2.0499538385945127e-7
71,11,3,3.601435565808969e-5
71,11,4,6.041175016763475e-5
71,11,5,3.3031721821007015e-5
71,11,6,9.27856748184381e-5
71,11,7,5.164585627485547e-7
71,11,8,3.1185770347977594e-5
71,11,9,2.97816673089218e-5
71,11,10,8.496686496247343e-5
71,12,1,2.6227960799796286e-5
71,12,2,2.6742385781473866e-7
71,12,3,3.226963680438185e-5
71,12,4,6.045305683130318e-5
71,12,5,5.3152558464220617e-5
71,12,6,9.707239132527044e-5
71,12,7,2.3947148756542145e-5
71,12,8,3.9348686351733975e-5
71,12,9,2.6377478002178622e-5
71,12,10,9.204168534931935e-5
71,13,1,4.1484884233159476e-5
71,13,2,1.696027220465748e-6
71,13,3,4.963543040150878e-5
71,13,4,5.920661860153807e-5
71,13,5,8.311992789197092e-5
71,13,6,9.652953922054278e-5
71,13,7,1.0845068039758418e-6
71,13,8,3.371788326437869e-5
71,13,9,4.1704945945503506e-5
71,13,10,9.803547860230547e-5
71,14,1,4.6184875798018305e-7
71,14,2,1.7714171133263285e-5
71,14,3,4.41947089958746e-5
71,14,4,5.932376977856059e-5
71,14,5,1.4480512311825744e-5
71,14,6,9.663955988333745e-5
71,14,7,1.8717898923731205e-5
71,14,8,3.292434127520947e-5
71,14,9,2.0904238769364694e-5
71,14,10,8.797716040691372e-5
71,15,1,8.59785548294402e-7
71,15,2,1.7156240727697685e-6
71,15,3,4.9763226127645876e-5
71,15,4,7.392624238501925e-5
71,15,5,8.337355213429948e-5
71,15,6,9.538011911056287e-5
71,15,7,1.1065947704444731e-6
71,15,8,5.142069341342268e-5
71,15,9,4.2212620496494065e-5
71,15,10,8.855984685772361e-5
71,16,1,4.333250739595614e-7
71,16,2,1.4877888564472074e-5
71,16,3,8.96128158334795e-6
71,16,4,6.3805096468682e-5
71,16,5,1.1906860281668103e-5
71,16,6,9.568667310166913e-5
71,16,7,1.5800204407891544e-5
71,16,8,3.541150850338408e-5
71,16,9,1.7823995475090423e-5
71,16,10,8.705896626723767e-5
71,17,1,1.4837149662569224e-6
71,17,2,2.9100646417870785e-6
71,17,3,5.5544404191142235e-5
71,17,4,6.715210670024118e-5
71,17,5,5.808517221573207e-5
71,17,6,9.484997167283509e-5
71,17,7,2.0511018126525317e-6
71,17,8,3.4321792636080475e-5
71,17,9,1.2472961749425836e-5
71,17,10,8.836038048688179e-5
71,18,1,5.3611732985850735e-6
71,18,2,2.2237230700664184e-6
71,18,3,5.230775172033005e-5
71,18,4,6.71996558530977e-5
71,18,5,4.289224949827479e-5
71,18,6,0.00010727084741846974
71,18,7,5.012147998257959e-5
71,18,8,3.4038966886284316e-5
71,18,9,1.0990450386874375e-5
71,18,10,0.00010263497738483212
71,19,1,5.5606057059414034e-5
71,19,2,2.3879876508908124e-6
71,19,3,4.036537218929815e-5
71,19,4,8.115549609386067e-5
71,19,5,8.948366448461013e-5
71,19,6,9.560218857314488e-5
71,19,7,1.9726077690094615e-6
71,19,8,3.428848245695662e-5
71,19,9,1.1340364074602934e-5
71,19,10,8.791191720130231e-5
71,20,1,4.960426052431086e-7
71,20,2,2.7217897021415013e-5
71,20,3,1.8979859708478725e-5
71,20,4,6.577971457187901e-5
71,20,5,2.0011739481694102e-5
71,20,6,9.536309761118656e-5
71,20,7,1.057073124233142e-6
71,20,8,4.2277612836285044e-5
71,20,9,8.88324717304815e-6
71,20,10,9.116132192617832e-5
71,21,1,0.0001335849682680632
71,21,2,5.547751490480182e-6
71,21,3,6.575126305098131e-5
71,21,4,6.943868353583058e-5
71,21,5,0.00010562629508303953
71,21,6,9.510461660566188e-5
71,21,7,4.913880698255849e-6
71,21,8,3.616499083113249e-5
71,21,9,3.8030214974996876e-5
71,21,10,8.918541129451259e-5
71,22,1,0.00012822887912091298
71,22,2,2.822876190401848e-5
71,22,3,1.9803928386598273e-5
71,22,4,6.729284704607645e-5
71,22,5,2.0860276093508177e-5
71,22,6,0.00010075903267442676
71,22,7,3.974616064245778e-6
71,22,8,4.279167750267445e-5
71,22,9,1.77915158760107e-5
71,22,10,9.325415743137132e-5
71,23,1,5.0860513750592365e-5
71,23,2,7.873402949528532e-6
71,23,3,7.333614567002661e-5
71,23,4,6.843383676317379e-5
71,23,5,0.00011531931765348156
71,23,6,9.653922286170304e-5
71,23,7,7.130282907532696e-6
71,23,8,3.8010125952540895e-5
71,23,9,2.3966446973006747e-5
71,23,10,8.755591407946086e-5
71,24,1,1.477054254563747e-5
71,24,2,2.7329059234710065e-5
71,24,3,1.9032186723085043e-5
71,24,4,6.357738590764901e-5
71,24,5,2.0034733789573525e-5
71,24,6,9.481542331566982e-5
71,24,7,4.7498870763595335e-6
71,24,8,3.541624620764806e-5
71,24,9,1.4490700809833134e-5
71,24,10,8.766808105935441e-5
72,1,1,0.0001845166401886889
72,1,2,0.000184114490282719
72,1,3,0.00018414477360222635
72,1,4,0.0002549221206682587
72,1,5,0.00018437680259142972
72,1,6,0.0001862918016286689
72,1,7,0.0001841282284046725
72,1,8,0.000218291805039844
72,1,9,0.0001841196615429773
72,1,10,0.0002885211081940323
72,2,1,0.0001845177393057102
72,2,2,0.00018411447138583144
72,2,3,0.00018414479064879455
72,2,4,0.00025448277291783476
72,2,5,0.00018437427716368838
72,2,6,0.00018626669789729584
72,2,7,0.0001841279563297151
72,2,8,0.00021862216232531982
72,2,9,0.00018412016618507858
72,2,10,0.0002889890915822299
72,3,1,0.0001845162927302308
72,3,2,0.00018411446734007658
72,3,3,0.00018414471199306581
72,3,4,0.00025380311334015127
72,3,5,0.0001843738308007079
72,3,6,0.0001862649848383701
72,3,7,0.00018412817808825005
72,3,8,0.0002187857620915151
72,3,9,0.0001841201587145189
72,3,10,0.0002885911676475386
72,4,1,0.00018452081555351809
72,4,2,0.0001841143972090059
72,4,3,0.0001841448837920766
72,4,4,0.0002545963271551278
72,4,5,0.00018437469919448316
72,4,6,0.0001862723918849628
72,4,7,0.0001841281934943003
72,4,8,0.00021866639861359416
72,4,9,0.00018412017398525136
72,4,10,0.00028942366138540675
72,5,1,0.00018452107661623272
72,5,2,0.00018411447559569787
72,5,3,0.00018414488169531693
72,5,4,0.0002547651623904654
72,5,5,0.0001843811863020395
72,5,6,0.00018627292179079283
72,5,7,0.00018412819755370534
72,5,8,0.00021874672845890726
72,5,9,0.0001841199923444716
72,5,10,0.00028964459685796234
72,6,1,0.00018452114012051254
72,6,2,0.00018411448243390072
72,6,3,0.00018414498232026267
72,6,4,0.0002544874075038522
72,6,5,0.00018437521173047345
72,6,6,0.00018625462614707436
72,6,7,0.0001841280475951421
72,6,8,0.0002188535503226025
72,6,9,0.0001841200193157177
72,6,10,0.0002897313598743347
72,7,1,0.00018451632020147424
72,7,2,0.00018411446154766725
72,7,3,0.0001841449996748918
72,7,4,0.0002544259404667599
72,7,5,0.00018437304364210284
72,7,6,0.00030059642435411395
72,7,7,0.00018412816549638557
72,7,8,0.00021850547706315203
72,7,9,0.00018412015425566672
72,7,10,0.0002896081540392401
72,8,1,0.00018451891749765904
72,8,2,0.0001841144014823075
72,8,3,0.00018414507443257025
72,8,4,0.0002545386901958675
72,8,5,0.00018437474326873826
72,8,6,0.0003009440997302955
72,8,7,0.00018412803062691115
72,8,8,0.00021887024939203073
72,8,9,0.0001841201805255289
72,8,10,0.00028967206731680083
72,9,1,0.0001845211067638981
72,9,2,0.00018411447656700182
72,9,3,0.00018414508033063476
72,9,4,0.0002549592859653979
72,9,5,0.0001843746329146399
72,9,6,0.00030106076456485036
72,9,7,0.00018412801862249256
72,9,8,0.00021887083529792002
72,9,9,0.00018411999609668653
72,9,10,0.00028984423479835734
72,10,1,0.00018452101620908924
72,10,2,0.00018411438336714324
72,10,3,0.00018414507433840846
72,10,4,0.00025460064846543956
72,10,5,0.0001843744419011815
72,10,6,0.00030110683958511106
72,10,7,0.00018412820150099567
72,10,8,0.00021865826928422786
72,10,9,0.0001841201765877634
72,10,10,0.00028939885978563517
72,11,1,0.00018452102950498907
72,11,2,0.0001841144707009919
72,11,3,0.00018414498388699116
72,11,4,0.000254642513551163
72,11,5,0.00018437437032420558
72,11,6,0.00030116902428476935
72,11,7,0.00018412820515781406
72,11,8,0.00021899271912557007
72,11,9,0.00018411997273732673
72,11,10,0.00028990407352251057
72,12,1,0.00018451890113560884
72,12,2,0.00018411447673506042
72,12,3,0.00018414504584919256
72,12,4,0.0002546996769484579
72,12,5,0.00018438241145884732
72,12,6,0.00030079704381313997
72,12,7,0.00018412800210317786
72,12,8,0.000218776031146983
72,12,9,0.00018411999863347778
72,12,10,0.0002894737357391855
72,13,1,0.0001845146489751234
72,13,2,0.00018411445015719167
72,13,3,0.00018414882069599524
72,13,4,0.00025460919396470523
72,13,5,0.00018438160678283696
72,13,6,0.00030097560397654644
72,13,7,0.00018412814676780308
72,13,8,0.0002189230082267281
72,13,9,0.00018411982886555307
72,13,10,0.0002886565352625201
72,14,1,0.0001845209817856095
72,14,2,0.00018411436161776935
72,14,3,0.0001841489032031928
72,14,4,0.0002547437802330683
72,14,5,0.00018437449109091005
72,14,6,0.0003008062761802246
72,14,7,0.00018412794368621532
72,14,8,0.00021899793411949843
72,14,9,0.00018411995651969838
72,14,10,0.0002894069866554497
72,15,1,0.00018452081862129039
72,15,2,0.00018411445036390874
72,15,3,0.00018414882646872457
72,15,4,0.0002543519369943308
72,15,5,0.00018438167371155796
72,15,6,0.0003010662244103162
72,15,7,0.00018412814817656405
72,15,8,0.00021843428532380355
72,15,9,0.00018411982781082515
72,15,10,0.00028986943732902656
72,16,1,0.000184521721022718
72,16,2,0.00018411437305965314
72,16,3,0.0001841478872593069
72,16,4,0.0002554472427827028
72,16,5,0.0001843749239930434
72,16,6,0.00030083864856008183
72,16,7,0.000184127980468933
72,16,8,0.0002187637870095525
72,16,9,0.00018411998121430778
72,16,10,0.0002900753291637413
72,17,1,0.00018452039077195253
72,17,2,0.00018411443743796994
72,17,3,0.0001841487620517177
72,17,4,0.00025523509119290965
72,17,5,0.0001843707608010645
72,17,6,0.0003011234226214528
72,17,7,0.00018412812173873114
72,17,8,0.0002189018314913055
72,17,9,0.00018412018158376784
72,17,10,0.00028986423785184984
72,18,1,0.00018452221103831565
72,18,2,0.00018411444811855206
72,18,3,0.00018414881310080332
72,18,4,0.00025534600622695324
72,18,5,0.0001843719417832556
72,18,6,0.00029975276505726876
72,18,7,0.0001841277156635344
72,18,8,0.0002189380168457578
72,18,9,0.0001841202043534794
72,18,10,0.0002881988895719047
72,19,1,0.0001845133125425574
72,19,2,0.00018411444706820432
72,19,3,0.0001841473475675339
72,19,4,0.00025414239179877204
72,19,5,0.00018438160639909338
72,19,6,0.0003013493224635575
72,19,7,0.00018412815204788989
72,19,8,0.00021893623978671593
72,19,9,0.00018412020089648523
72,19,10,0.000289892551911511
72,20,1,0.00018452396110780578
72,20,2,0.00018411432911923477
72,20,3,0.0001841476957931777
72,20,4,0.00025549378628551513
72,20,5,0.00018437386939262727
72,20,6,0.00030156140422455026
72,20,7,0.00018412819123162348
72,20,8,0.00021862822720150095
72,20,9,0.0001841202300024821
72,20,10,0.0002895149982219189
72,21,1,0.00018490366956985677
72,21,2,0.00018411444122801377
72,21,3,0.0001841487650521995
72,21,4,0.00025538767255050524
72,21,5,0.0001843815398185157
72,21,6,0.00030129723864254026
72,21,7,0.00018412815251398466
72,21,8,0.00021895394784068404
72,21,9,0.0001841197816345945
72,21,10,0.0002899046057583345
72,22,1,0.0001849048606652333
72,22,2,0.00018411429679496226
72,22,3,0.0001841475364402754
72,22,4,0.00025458654731899054
72,22,5,0.0001843729573463968
72,22,6,0.0003003389713513274
72,22,7,0.00018412817900389798
72,22,8,0.00021849390312551813
72,22,9,0.0001841202308576143
72,22,10,0.00028891267471995905
72,23,1,0.00018486775635772538
72,23,2,0.00018411445901291034
72,23,3,0.0001841487115405163
72,23,4,0.0002554258471599437
72,23,5,0.00018438117762414424
72,23,6,0.0003015527874492912
72,23,7,0.00018412812327734716
72,23,8,0.00021893508440991888
72,23,9,0.0001841202065349918
72,23,10,0.0002900141973467067
72,24,1,0.00018491246256453664
72,24,2,0.00018411428538668638
72,24,3,0.00018414750119867074
72,24,4,0.0002558141764349311
72,24,5,0.0001843728935467283
72,24,6,0.00030208682793011766
72,24,7,0.00018412819794344195
72,24,8,0.00021911544866099148
72,24,9,0.00018412027274418845
72,24,10,0.0002907922105018599
73,1,1,5.278521731252293e-5
73,1,2,5.23824040374276e-5
73,1,3,5.241413698316142e-5
73,1,4,0.00013519998401029427
73,1,5,5.26447608940793e-5
73,1,6,5.443536785744832e-5
73,1,7,5.2396838425657085e-5
73,1,8,9.132492144617812e-5
73,1,9,5.23882554546931e-5
73,1,10,0.00017392015930561624
73,2,1,5.278610781805208e-5
73,2,2,5.2382383634202924e-5
73,2,3,5.241415249104484e-5
73,2,4,0.00013460562952961593
73,2,5,5.2642327904757324e-5
73,2,6,5.4411018770485605e-5
73,2,7,5.239655839547254e-5
73,2,8,9.171757790011336e-5
73,2,9,5.2388804728023734e-5
73,2,10,0.00017443365656887968
73,3,1,5.2784848159680694e-5
73,3,2,5.238237921681941e-5
73,3,3,5.241407453587796e-5
73,3,4,0.00013382031143298456
73,3,5,5.2641897858037606e-5
73,3,6,5.440943591377972e-5
73,3,7,5.239678653628867e-5
73,3,8,9.192331913949415e-5
73,3,9,5.238879716490405e-5
73,3,10,0.00017400514809567778
73,4,1,5.278926230966109e-5
73,4,2,5.238230619959487e-5
73,4,3,5.241424464749573e-5
73,4,4,0.0001347520559333833
73,4,5,5.264274310986383e-5
73,4,6,5.441635697578359e-5
73,4,7,5.239680199435253e-5
73,4,8,9.177598077323789e-5
73,4,9,5.2388813255516404e-5
73,4,10,0.00017491790664265016
73,5,1,5.2789505782176895e-5
73,5,2,5.2382387374079144e-5
73,5,3,5.241424247834477e-5
73,5,4,0.00013494499082301436
73,5,5,5.2649388896744184e-5
73,5,6,5.441645466966109e-5
73,5,7,5.239680568564132e-5
73,5,8,9.187330006148153e-5
73,5,9,5.238863551028239e-5
73,5,10,0.00017519871085109023
73,6,1,5.2789562742031195e-5
73,6,2,5.2382394728881045e-5
73,6,3,5.241434827386346e-5
73,6,4,0.00013463444193606406
73,6,5,5.264324831017945e-5
73,6,6,5.439232353696499e-5
73,6,7,5.2396651981852314e-5
73,6,8,9.200526298903713e-5
73,6,9,5.238866310750571e-5
73,6,10,0.00017530827434917955
73,7,1,5.2784679311005865e-5
73,7,2,5.2382373271838644e-5
73,7,3,5.241437267546552e-5
73,7,4,0.00013456709608193702
73,7,5,5.2641129391800686e-5
73,7,6,0.0001874057594903017
73,7,7,5.239677370495707e-5
73,7,8,9.159056460441954e-5
73,7,9,5.238879487645276e-5
73,7,10,0.00017516978097238724
73,8,1,5.278722508145459e-5
73,8,2,5.238231043192397e-5
73,8,3,5.241444981106622e-5
73,8,4,0.0001347006863398361
73,8,5,5.264279008150705e-5
73,8,6,0.00018779123803781922
73,8,7,5.239663620717177e-5
73,8,8,9.202387137622066e-5
73,8,9,5.238882239612233e-5
73,8,10,0.00017522582429499117
73,9,1,5.278952844314103e-5
73,9,2,5.2382388688358186e-5
73,9,3,5.241445719092278e-5
73,9,4,0.00013517817045149562
73,9,5,5.2642680118397996e-5
73,9,6,0.00018792512148478466
73,9,7,5.239662290673769e-5
73,9,8,9.202786602173805e-5
73,9,9,5.2388641197338545e-5
73,9,10,0.00017543805045433793
73,10,1,5.278944034814183e-5
73,10,2,5.238229171949502e-5
73,10,3,5.241445114980519e-5
73,10,4,0.00013477182056893743
73,10,5,5.264248963653574e-5
73,10,6,0.0001879923430386361
73,10,7,5.239681169310908e-5
73,10,8,9.177439089065075e-5
73,10,9,5.2388819739518406e-5
73,10,10,0.000174921139900714
73,11,1,5.278944785195734e-5
73,11,2,5.2382382678386464e-5
73,11,3,5.241435541400607e-5
73,11,4,0.00013482760175553756
73,11,5,5.264241493427808e-5
73,11,6,0.00018805261930677795
73,11,7,5.239681620867699e-5
73,11,8,9.217558673607165e-5
73,11,9,5.2388615571315554e-5
73,11,10,0.00017552483694457244
73,12,1,5.2787197946744893e-5
73,12,2,5.2382388567501025e-5
73,12,3,5.2414422348271485e-5
73,12,4,0.00013489347955392063
73,12,5,5.265049708877605e-5
73,12,6,0.00018762311590395634
73,12,7,5.239660504068971e-5
73,12,8,9.190993350212048e-5
73,12,9,5.2388642958830905e-5
73,12,10,0.00017501253413597934
73,13,1,5.278300760939027e-5
73,13,2,5.238236107885207e-5
73,13,3,5.24183430032605e-5
73,13,4,0.00013478894341225372
73,13,5,5.264970116160086e-5
73,13,6,0.00018783243891209978
73,13,7,5.239675470926981e-5
73,13,8,9.209237314706282e-5
73,13,9,5.238846069833933e-5
73,13,10,0.0001740738549815581
73,14,1,5.278937704186216e-5
73,14,2,5.238248338859517e-5
73,14,3,5.241842826954484e-5
73,14,4,0.00013494474080298256
73,14,5,5.264253420329108e-5
73,14,6,0.00018761780582103618
73,14,7,5.239654457982016e-5
73,14,8,9.218084201408076e-5
73,14,9,5.2388599382959614e-5
73,14,10,0.00017493907845638759
73,15,1,5.278917324882936e-5
73,15,2,5.2382361473586375e-5
73,15,3,5.2418349137984154e-5
73,15,4,0.0001344739811657771
73,15,5,5.2649755863388905e-5
73,15,6,0.00018794355860081902
73,15,7,5.2396756852081846e-5
73,15,8,9.149700955147404e-5
73,15,9,5.2388459712207104e-5
73,15,10,0.0001754838059314396
73,16,1,5.279005155614043e-5
73,16,2,5.2382494743741297e-5
73,16,3,5.24173651220611e-5
73,16,4,0.00013577202237155485
73,16,5,5.264295548939761e-5
73,16,6,0.00018767213236193126
73,16,7,5.2396583631051546e-5
73,16,8,9.189330448002374e-5
73,16,9,5.2388627189244015e-5
73,16,10,0.00017572619249043897
73,17,1,5.278874436784536e-5
73,17,2,5.238234767061028e-5
73,17,3,5.2418283172628214e-5
73,17,4,0.0001355200854792899
73,17,5,5.2638848837051585e-5
73,17,6,0.00018801765923778932
73,17,7,5.239673021572209e-5
73,17,8,9.206835748118634e-5
73,17,9,5.238883890220379e-5
73,17,10,0.00017548114760200306
73,18,1,5.279053054025774e-5
73,18,2,5.238235912154592e-5
73,18,3,5.241833572906916e-5
73,18,4,0.00013565278986502836
73,18,5,5.2640023352853604e-5
73,18,6,0.00018644897360180977
73,18,7,5.239630891807023e-5
73,18,8,9.211303597599987e-5
73,18,9,5.238886616226163e-5
73,18,10,0.00017357386226786022
73,19,1,5.2781670591177106e-5
73,19,2,5.238235776304029e-5
73,19,3,5.2416801693335206e-5
73,19,4,0.00013422492346838648
73,19,5,5.2649676710912855e-5
73,19,6,0.00018826892519874973
73,19,7,5.23967619359331e-5
73,19,8,9.211040915755363e-5
73,19,9,5.2388862447625523e-5
73,19,10,0.00017551824821184994
73,20,1,5.2792232419661207e-5
73,20,2,5.238245070386703e-5
73,20,3,5.241716762597409e-5
73,20,4,0.000135833222091947
73,20,5,5.264192320618914e-5
73,20,6,0.00018850275723166692
73,20,7,5.2396802580594016e-5
73,20,8,9.173216671207525e-5
73,20,9,5.2388893881170486e-5
73,20,10,0.0001750585499466908
73,21,1,5.317218115606956e-5
73,21,2,5.2382351419411557e-5
73,21,3,5.2418283726793625e-5
73,21,4,0.00013571075694857705
73,21,5,5.264959271653619e-5
73,21,6,0.0001882097456137597
73,21,7,5.239676228286342e-5
73,21,8,9.21297790974254e-5
73,21,9,5.238840877189068e-5
73,21,10,0.000175531001474688
73,22,1,5.3173380449739164e-5
73,22,2,5.2382416704682995e-5
73,22,3,5.241700298274439e-5
73,22,4,0.000134758406884759
73,22,5,5.2641028024115485e-5
73,22,6,0.0001871123814274879
73,22,7,5.239679079754543e-5
73,22,8,9.156925491042352e-5
73,22,9,5.2388895503776934e-5
73,22,10,0.0001743900458957117
73,23,1,5.313636788691776e-5
73,23,2,5.238259238465374e-5
73,23,3,5.241822708331718e-5
73,23,4,0.00013576190055301492
73,23,5,5.264922659272466e-5
73,23,6,0.00018850340876934692
73,23,7,5.2396733492031095e-5
73,23,8,9.211203989147047e-5
73,23,9,5.2388870413363334e-5
73,23,10,0.00017565964470056208
73,24,1,5.3180850980128475e-5
73,24,2,5.238240251929686e-5
73,24,3,5.241695771804208e-5
73,24,4,0.00013622584282561365
73,24,5,5.264092176354836e-5
73,24,6,0.00018910762174216794
73,24,7,5.2396811920772786e-5
73,24,8,9.232978504812066e-5
73,24,9,5.2388944292851216e-5
73,24,10,0.00017655336459911194
74,1,1,0.00024342423368965054
74,1,2,0.00024261386855307655
74,1,3,0.00024334805325508331
74,1,4,0.00031369870164954766
74,1,5,0.00024379133618850898
74,1,6,0.00024523102371405584
74,1,7,0.00024316403282924315
74,1,8,0.000275465406952944
74,1,9,0.00024355694677230015
74,1,10,0.00034571655945006194
74,2,1,0.00024342186217918163
74,2,2,0.00024266860746742643
74,2,3,0.00024335414043949867
74,2,4,0.0003136423158122334
74,2,5,0.00024379909637043502
74,2,6,0.00024525962622069
74,2,7,0.00024318175406579223
74,2,8,0.00027593795408182415
74,2,9,0.0002435612454593445
74,2,10,0.0003463163295943422
74,3,1,0.00024346424338369515
74,3,2,0.00024274652653946305
74,3,3,0.00024338490586097298
74,3,4,0.0003128921127235343
74,3,5,0.00024380187684531696
74,3,6,0.00024527069214305046
74,3,7,0.00024318908562317692
74,3,8,0.00027640048742801987
74,3,9,0.00024358065155398017
74,3,10,0.00034571296607933743
74,4,1,0.00024349195553175832
74,4,2,0.0002427937306283752
74,4,3,0.00024338509425317093
74,4,4,0.0003138167807710115
74,4,5,0.00024379557267164686
74,4,6,0.0002452743056832506
74,4,7,0.00024317483852168934
74,4,8,0.000276304305762859
74,4,9,0.0002435806672151362
74,4,10,0.00034681554797686944
74,5,1,0.00024347669825676291
74,5,2,0.00024290837165606593
74,5,3,0.0002433666344500097
74,5,4,0.0003139634426357825
74,5,5,0.00024378026305341805
74,5,6,0.0002452444892498586
74,5,7,0.00024313490311534287
74,5,8,0.0002763166588320846
74,5,9,0.00024356889306557675
74,5,10,0.0003467494942633167
74,6,1,0.0002435000567269166
74,6,2,0.00024300701275440138
74,6,3,0.00024340624711943876
74,6,4,0.00031357829291590205
74,6,5,0.0002437650077732724
74,6,6,0.0002452407047348438
74,6,7,0.00024311622857963442
74,6,8,0.0002763170593758989
74,6,9,0.0002435937777191995
74,6,10,0.0003466443860317075
74,7,1,0.0002436580590812302
74,7,2,0.00024307996208835405
74,7,3,0.0002434330643642579
74,7,4,0.00031352930128677786
74,7,5,0.0002437322211677563
74,7,6,0.00035798611412378765
74,7,7,0.0002430587013961216
74,7,8,0.0002758276618321082
74,7,9,0.00024361077053769672
74,7,10,0.00034647351167787013
74,8,1,0.0002437004227623557
74,8,2,0.00024287230356793402
74,8,3,0.00024340054584943275
74,8,4,0.00031362864317013384
74,8,5,0.0002436483171240557
74,8,6,0.0003582223184782159
74,8,7,0.00024289774726323808
74,8,8,0.00027598579129840676
74,8,9,0.00024359028758940763
74,8,10,0.0003467350701448863
74,9,1,0.00024385308071167433
74,9,2,0.00024268832359375904
74,9,3,0.00024343025923711107
74,9,4,0.00031421228957437085
74,9,5,0.00024359434380827175
74,9,6,0.0003582040741171778
74,9,7,0.00024279652609375402
74,9,8,0.0002759848445352531
74,9,9,0.00024360881633071692
74,9,10,0.0003467376538023765
74,10,1,0.000243996854787404
74,10,2,0.00024254775931503746
74,10,3,0.00024342419383667957
74,10,4,0.000313700568596486
74,10,5,0.00024355784339331435
74,10,6,0.0003581441432454597
74,10,7,0.00024272827146299103
74,10,8,0.0002757853405739492
74,10,9,0.00024360516399574492
74,10,10,0.0003466506522112795
74,11,1,0.00024407315496013476
74,11,2,0.00024243928804867028
74,11,3,0.00024339731312292309
74,11,4,0.0003137269707775033
74,11,5,0.00024354307463483353
74,11,6,0.0003581858020926147
74,11,7,0.00024270062344212067
74,11,8,0.00027597107927408433
74,11,9,0.00024358810819446642
74,11,10,0.0003468176561530402
74,12,1,0.00024410241296614983
74,12,2,0.00024238143631269621
74,12,3,0.00024335756735746367
74,12,4,0.00031373609031304004
74,12,5,0.00024356763050727552
74,12,6,0.0003580968860451506
74,12,7,0.00024273265350583997
74,12,8,0.0002758386853972642
74,12,9,0.00024356309580609128
74,12,10,0.00034659883429383214
74,13,1,0.00024409400838044034
74,13,2,0.0002423654564593098
74,13,3,0.00024333624444283447
74,13,4,0.00031362497170620983
74,13,5,0.00024359827790557746
74,13,6,0.00035813529258525126
74,13,7,0.0002427920584665446
74,13,8,0.0002759786827699494
74,13,9,0.00024354713963271643
74,13,10,0.0003458276671971845
74,14,1,0.00024408672375003041
74,14,2,0.00024241291972064782
74,14,3,0.00024333950389401852
74,14,4,0.00031377183826249475
74,14,5,0.00024361560285439496
74,14,6,0.0003583507252214889
74,14,7,0.0002428366483946925
74,14,8,0.00027618874280650377
74,14,9,0.00024354926381181538
74,14,10,0.0003464477779439082
74,15,1,0.0002440850974206178
74,15,2,0.00024247054432751216
74,15,3,0.0002433581692346179
74,15,4,0.0003135765027208171
74,15,5,0.00024364781728970018
74,15,6,0.0003584132220721431
74,15,7,0.00024288500435562006
74,15,8,0.0002759078822111474
74,15,9,0.00024356093258619016
74,15,10,0.0003466792097245128
74,16,1,0.00024409056909988517
74,16,2,0.00024248611983314358
74,16,3,0.0002433353806916166
74,16,4,0.0003144605046503543
74,16,5,0.00024366447337799622
74,16,6,0.0003585949063844305
74,16,7,0.00024292763559245547
74,16,8,0.00027643425875531637
74,16,9,0.0002435472899570629
74,16,10,0.0003468869785145803
74,17,1,0.00024408316511990752
74,17,2,0.00024252214150492996
74,17,3,0.0002432707212067731
74,17,4,0.0003142163614445084
74,17,5,0.00024366950245378283
74,17,6,0.0003586806396016277
74,17,7,0.0002429448542906994
74,17,8,0.00027674610649346164
74,17,9,0.00024350628197128334
74,17,10,0.00034663912747801365
74,18,1,0.00024406462138896852
74,18,2,0.00024264855201586906
74,18,3,0.0002432367559754994
74,18,4,0.0003143143859144288
74,18,5,0.00024369275055644306
74,18,6,0.00035758780123241053
74,18,7,0.00024298612217586667
74,18,8,0.0002770440856536906
74,18,9,0.00024348489785450673
74,18,10,0.0003453446020551373
74,19,1,0.0002440050503956222
74,19,2,0.00024281254439772877
74,19,3,0.00024330256003013976
74,19,4,0.00031335297558733377
74,19,5,0.00024373816850274335
74,19,6,0.000358705563867869
74,19,7,0.00024305497485962695
74,19,8,0.0002771450979938657
74,19,9,0.0002435271680459835
74,19,10,0.0003468850213148388
74,20,1,0.00024396665976263344
74,20,2,0.00024285407671347425
74,20,3,0.0002432965502136615
74,20,4,0.00031449703476508394
74,20,5,0.00024372682496176068
74,20,6,0.0003587788925219958
74,20,7,0.0002430470303060631
74,20,8,0.00027672088933407686
74,20,9,0.00024352320656210503
74,20,10,0.00034681264937985767
74,21,1,0.0002442852263733068
74,21,2,0.0002427796737143078
74,21,3,0.00024327764614068717
74,21,4,0.0003143729308979072
74,21,5,0.00024369060004737663
74,21,6,0.0003583951490504285
74,21,7,0.000242965704273317
74,21,8,0.0002767449150389267
74,21,9,0.00024351026825690267
74,21,10,0.00034684430735472356
74,22,1,0.0002442553363688532
74,22,2,0.00024259334464750277
74,22,3,0.00024331253504746237
74,22,4,0.0003137256734370072
74,22,5,0.0002436349801010207
74,22,6,0.00035750744006051306
74,22,7,0.00024287619548961259
74,22,8,0.00027620415371422494
74,22,9,0.00024353336836895084
74,22,10,0.00034595885119421597
74,23,1,0.0002442253954189699
74,23,2,0.0002424758701121787
74,23,3,0.00024331681045469837
74,23,4,0.0003144154421547096
74,23,5,0.00024361449423717895
74,23,6,0.0003583008822061191
74,23,7,0.0002428233929195277
74,23,8,0.0002763884905803684
74,23,9,0.0002435353360865195
74,23,10,0.00034676464663931686
74,24,1,0.00024430791799733297
74,24,2,0.00024249101403864376
74,24,3,0.00024326948525286174
74,24,4,0.00031468714629818994
74,24,5,0.0002435508792767024
74,24,6,0.00035869973992567935
74,24,7,0.00024271912816441096
74,24,8,0.0002765639082197194
74,24,9,0.00024350636474714668
74,24,10,0.00034725430428384255
75,1,1,0.0014343496053251467
75,1,2,0.0008382446767485449
75,1,3,0.0014536109087795442
75,1,4,0.0013091920220449044
75,1,5,0.0012285107715111474
75,1,6,0.0012481166334805125
75,1,7,0.0008678309296234317
75,1,8,0.0013794156290537374
75,1,9,0.002033686267916585
75,1,10,0.0011554067169279392
75,2,1,0.0014076052155907908
75,2,2,0.0007659448320516117
75,2,3,0.0014755026959181615
75,2,4,0.0013985450524778697
75,2,5,0.0014523142548739756
75,2,6,0.0014425115090587915
75,2,7,0.0013778265496669892
75,2,8,0.0013408073003832982
75,2,9,0.0006082022492253566
75,2,10,0.0014251388038574858
75,3,1,0.0013201627957946595
75,3,2,0.0007516316623745149
75,3,3,0.0013408743070062094
75,3,4,0.0011843506893993796
75,3,5,0.0015561035408337956
75,3,6,0.0015593322461654746
75,3,7,0.000779812906183362
75,3,8,0.000673297624851484
75,3,9,0.0005952596446169447
75,3,10,0.0009834776926507974
75,4,1,0.000849989016673442
75,4,2,0.0012749387395800291
75,4,3,0.0013867744929511336
75,4,4,0.0013505745866350927
75,4,5,0.0013703292370652789
75,4,6,0.0013973953108269326
75,4,7,0.0008083237080191662
75,4,8,0.0013157328741733333
75,4,9,0.0006204687808121767
75,4,10,0.0013541526594088085
75,5,1,0.000847753705287756
75,5,2,0.0007776397282536661
75,5,3,0.0014029316043288602
75,5,4,0.001347256453394609
75,5,5,0.0001935062477228147
75,5,6,0.001412486311507068
75,5,7,0.0008061293266908235
75,5,8,0.001273221092112464
75,5,9,0.0013414522601868078
75,5,10,0.0007309951236750104
75,6,1,0.0008548562570858065
75,6,2,0.000784534967353998
75,6,3,0.001367184626115054
75,6,4,0.0010006270448051234
75,6,5,0.0013234231696371667
75,6,6,0.0014062261917813382
75,6,7,0.001249008755434237
75,6,8,0.0007376241665044287
75,6,9,0.0012826329396053962
75,6,10,0.0006906322455986464
75,7,1,0.001554977709135226
75,7,2,0.0007091854374564028
75,7,3,0.001003500754835122
75,7,4,0.0008856546699251251
75,7,5,0.0016041934545759735
75,7,6,0.0005970234573612621
75,7,7,0.0007360879016913771
75,7,8,0.0015366476377497945
75,7,9,0.0005568287782234553
75,7,10,0.0006152196565409645
75,8,1,0.0012894117054332863
75,8,2,0.0012414481004109305
75,8,3,0.0011046190915893167
75,8,4,0.000988006206102208
75,8,5,0.0013341543551806216
75,8,6,0.0007119027977244599
75,8,7,0.0012573514663489936
75,8,8,0.0007335514131773367
75,8,9,0.0005889824500492703
75,8,10,0.001174712172477932
75,9,1,0.0008131530932702642
75,9,2,0.0007433125600664747
75,9,3,0.001103401169354604
75,9,4,0.0012233222653348025
75,9,5,0.0013411727452322384
75,9,6,0.0006993735746248547
75,9,7,0.001263236636987648
75,9,8,0.0007164310022906688
75,9,9,0.0012992075964437496
75,9,10,0.0006840679711716123
75,10,1,0.0008057949771305217
75,10,2,0.001293953842729642
75,10,3,0.0010944892050794872
75,10,4,0.0009399747707899102
75,10,5,0.00138447253033064
75,10,6,0.0006473153103183852
75,10,7,0.0007635490998984035
75,10,8,0.0012296034690977365
75,10,9,0.0005813409958669149
75,10,10,0.001230144955164419
75,11,1,0.0008071226046832888
75,11,2,0.0007370124308321061
75,11,3,0.0014124306153599124
75,11,4,0.0009450273461705021
75,11,5,0.001375723169679319
75,11,6,0.0006892419712440141
75,11,7,0.0007649188688513604
75,11,8,0.0006676422015049171
75,11,9,0.0013376853229910355
75,11,10,0.0006760865668386457
75,12,1,0.001290647601087696
75,12,2,0.0007437385182074655
75,12,3,0.0013675399541598582
75,12,4,0.0009478400057451097
75,12,5,0.0001622024886998851
75,12,6,0.0011205103558360133
75,12,7,0.0012589497050591236
75,12,8,0.0011712269514603931
75,12,9,0.0012939566225105975
75,12,10,0.0012236417589313112
75,13,1,0.0014746953421752903
75,13,2,0.0005701614226578758
75,13,3,0.0001737178074687693
75,13,4,0.000762981064963007
75,13,5,8.692539802319603e-5
75,13,6,0.0005037817052691793
75,13,7,0.0005949128127187824
75,13,8,0.0004727789084825029
75,13,9,0.0014781392393936118
75,13,10,0.0014018375342178125
75,14,1,0.0006589976375015222
75,14,2,0.0011688020283882779
75,14,3,0.00019385198424906326
75,14,4,0.0007918940076646543
75,14,5,0.0011189653822357504
75,14,6,0.0011027894722858657
75,14,7,0.0011850154187921763
75,14,8,0.0005064680809881109
75,14,9,0.0012190857711757354
75,14,10,0.001057687686372784
75,15,1,0.0006145347882148597
75,15,2,0.0005697067853958237
75,15,3,0.00017329626366609292
75,15,4,0.0013927838576696513
75,15,5,8.647631098136741e-5
75,15,6,0.0004946693499812759
75,15,7,0.0005941327708375898
75,15,8,0.0013957246896937833
75,15,9,0.0014838295647150689
75,15,10,0.00045559173890290846
75,16,1,0.0006692845710077954
75,16,2,0.0011244317568467432
75,16,3,0.00102054194059552
75,16,4,0.0004701085021757648
75,16,5,0.0010749802300229203
75,16,6,0.001053491558715607
75,16,7,0.0011404015663622202
75,16,8,0.0010572834797062671
75,16,9,0.0011737124500985476
75,16,10,0.000513955571658939
75,17,1,0.0005851525034995997
75,17,2,0.0005349672300037972
75,17,3,0.00015414953200504702
75,17,4,0.00038555208596250317
75,17,5,0.0016491593153499513
75,17,6,0.000516017434869064
75,17,7,0.0005599953756686388
75,17,8,0.00045411501425041877
75,17,9,0.000390287989901269
75,17,10,0.0004600793423931988
75,18,1,0.000488285379973001
75,18,2,0.0005539652684552911
75,18,3,0.00016451169859232816
75,18,4,0.0003886462108729606
75,18,5,0.0014900180052378757
75,18,6,0.0014487780982980053
75,18,7,0.0015670749703772023
75,18,8,0.0004642792276487444
75,18,9,0.0004064189463656392
75,18,10,0.0015051706670324424
75,19,1,0.0016243976805642912
75,19,2,0.0005495384614421978
75,19,3,0.001462117854335813
75,19,4,0.0015208077244568494
75,19,5,7.549914026062376e-5
75,19,6,0.0004918740817928455
75,19,7,0.0005626524798717564
75,19,8,0.0004566439000768652
75,19,9,0.0004025519279627106
75,19,10,0.00047558499018593333
75,20,1,0.0006507988377677013
75,20,2,0.0013027887527423552
75,20,3,0.001190064759187995
75,20,4,0.00041642818836245686
75,20,5,0.0012047233315471905
75,20,6,0.0005065005824127029
75,20,7,0.0005966616986805154
75,20,8,0.0012417045730793827
75,20,9,0.0004321254362769692
75,20,10,0.0011925168098834023
75,21,1,2.3131979140152e-5
75,21,2,0.0004806942632548866
75,21,3,0.00012521937251960125
75,21,4,0.0003501238465768456
75,21,5,5.12562393202575e-5
75,21,6,0.0005092914407331596
75,21,7,0.0004925752124173685
75,21,8,0.0004100821459938819
75,21,9,0.0014364122434206235
75,21,10,0.00043652549604956183
75,22,1,2.749024319846782e-5
75,22,2,0.001314992381735237
75,22,3,0.0012022392804032778
75,22,4,0.0012355073871734151
75,22,5,0.0012167214036034025
75,22,6,0.001270084907820312
75,22,7,0.000511128238278135
75,22,8,0.001253040312259747
75,22,9,0.0003412619181215947
75,22,10,0.0012759619149255092
75,23,1,0.0015739403283235559
75,23,2,0.0004438991837120749
75,23,3,0.00010694959193638188
75,23,4,0.0003650743602188609
75,23,5,3.963161743310866e-5
75,23,6,0.0004597833974316198
75,23,7,0.0004553674603406138
75,23,8,0.0003757088779533653
75,23,9,0.0002960555487087127
75,23,10,0.0004878967505448855
75,24,1,0.000370576950888853
75,24,2,0.0013031156293302664
75,24,3,0.001190774250815384
75,24,4,0.0004781522927638124
75,24,5,0.0012045803057834624
75,24,6,0.0005235224721048583
75,24,7,0.0004952253510026852
75,24,8,0.0004263381855985227
75,24,9,0.00037023177055951593
75,24,10,0.0004910075279967
76,1,1,5.174530439817902e-5
76,1,2,5.12449905105025e-5
76,1,3,5.14383320423713e-5
76,1,4,0.0001351093208888948
76,1,5,5.17192184710111e-5
76,1,6,5.341059926357505e-5
76,1,7,5.138245424689126e-5
76,1,8,9.053137552591664e-5
76,1,9,5.146574607400355e-5
76,1,10,0.00017438636420544226
76,2,1,5.1745617759494174e-5
76,2,2,5.125751149139737e-5
76,2,3,5.1439749107801106e-5
76,2,4,0.00013503886932423318
76,2,5,5.1719635837009337e-5
76,2,6,5.340293765183395e-5
76,2,7,5.138630772450911e-5
76,2,8,9.10068155593258e-5
76,2,9,5.1467151672593525e-5
76,2,10,0.0001751024381870427
76,3,1,5.1754172338587004e-5
76,3,2,5.1275350626168534e-5
76,3,3,5.144672025520631e-5
76,3,4,0.0001340895209550252
76,3,5,5.1719543696994514e-5
76,3,6,5.340126146684121e-5
76,3,7,5.1388148671033915e-5
76,3,8,9.120332239659519e-5
76,3,9,5.1471589611816384e-5
76,3,10,0.00017444215154060238
76,4,1,5.176377097552917e-5
76,4,2,5.1286114806602366e-5
76,4,3,5.144691183453355e-5
76,4,4,0.00013518698509270018
76,4,5,5.1719037685951626e-5
76,4,6,5.341035520374662e-5
76,4,7,5.138489777973819e-5
76,4,8,9.112239897865163e-5
76,4,9,5.147160600776881e-5
76,4,10,0.00017563740737712788
76,5,1,5.1760471484173886e-5
76,5,2,5.131242561434231e-5
76,5,3,5.1442680699431086e-5
76,5,4,0.000135381614265727
76,5,5,5.1720252865041954e-5
76,5,6,5.3403462698242564e-5
76,5,7,5.137575196271008e-5
76,5,8,9.120988659728094e-5
76,5,9,5.146879074680624e-5
76,5,10,0.00017563581485882066
76,6,1,5.1765846626943075e-5
76,6,2,5.133502362614303e-5
76,6,3,5.145183712468601e-5
76,6,4,0.0001349175811435073
76,6,5,5.171244471284805e-5
76,6,6,5.3382354075451655e-5
76,6,7,5.137137244806059e-5
76,6,8,9.125698548008611e-5
76,6,9,5.1474512647168154e-5
76,6,10,0.0001756767845774956
76,7,1,5.1798656351645087e-5
76,7,2,5.1351715553063643e-5
76,7,3,5.1457977287295705e-5
76,7,4,0.00013484375016172662
76,7,5,5.170331001289112e-5
76,7,6,0.00018802637887194919
76,7,7,5.135827383573871e-5
76,7,8,9.085458225919917e-5
76,7,9,5.147848709782908e-5
76,7,10,0.0001755242713189238
76,8,1,5.1810263667776476e-5
76,8,2,5.13041127879411e-5
76,8,3,5.1450591130366326e-5
76,8,4,0.00013498147377728634
76,8,5,5.16853375567846e-5
76,8,6,0.00018843422664404424
76,8,7,5.132132226840389e-5
76,8,8,9.120931765024607e-5
76,8,9,5.147381488519097e-5
76,8,10,0.0001758635121214277
76,9,1,5.184665878512775e-5
76,9,2,5.126202928781813e-5
76,9,3,5.145740335448807e-5
76,9,4,0.00013564232657935248
76,9,5,5.167289384642602e-5
76,9,6,0.00018853396235122375
76,9,7,5.129812973378297e-5
76,9,8,9.121482106309268e-5
76,9,9,5.147793976906595e-5
76,9,10,0.00017580325173042303
76,10,1,5.1879511662732104e-5
76,10,2,5.12297691438068e-5
76,10,3,5.1456010462033885e-5
76,10,4,0.00013505506034729563
76,10,5,5.1664443295875524e-5
76,10,6,0.00018856191042038487
76,10,7,5.1282627471833716e-5
76,10,8,9.102433443094314e-5
76,10,9,5.147721987384026e-5
76,10,10,0.00017561841410006294
76,11,1,5.189698274558623e-5
76,11,2,5.120498863794593e-5
76,11,3,5.14498040917559e-5
76,11,4,0.00013510419311672372
76,11,5,5.16609902978406e-5
76,11,6,0.0001886470195207967
76,11,7,5.1276297162174074e-5
76,11,8,9.13444819872561e-5
76,11,9,5.1473178800022693e-5
76,11,10,0.00017586557685756937
76,12,1,5.190235250048345e-5
76,12,2,5.1191745423788205e-5
76,12,3,5.1440750102497194e-5
76,12,4,0.0001351534592274207
76,12,5,5.167251560711989e-5
76,12,6,0.00018848718494905616
76,12,7,5.128348667843032e-5
76,12,8,9.114891412273043e-5
76,12,9,5.146747263034597e-5
76,12,10,0.00017562598708080308
76,13,1,5.189722602492003e-5
76,13,2,5.118806121624941e-5
76,13,3,5.1438897659055335e-5
76,13,4,0.0001350328930521812
76,13,5,5.167884444871256e-5
76,13,6,0.0001884496806795662
76,13,7,5.129718485025009e-5
76,13,8,9.12740963144411e-5
76,13,9,5.146367328160219e-5
76,13,10,0.00017478445145706359
76,14,1,5.190009769664265e-5
76,14,2,5.119886890895303e-5
76,14,3,5.1439715604376455e-5
76,14,4,0.0001352035482957319
76,14,5,5.167767340004859e-5
76,14,6,0.00018854685374418661
76,14,7,5.1307256465238635e-5
76,14,8,9.139756442189001e-5
76,14,9,5.146427160068015e-5
76,14,10,0.00017554668896744159
76,15,1,5.189959974924585e-5
76,15,2,5.121212817861899e-5
76,15,3,5.1443924919119255e-5
76,15,4,0.00013492116332342323
76,15,5,5.1690247164171415e-5
76,15,6,0.00018856998663380862
76,15,7,5.131847432187527e-5
76,15,8,9.083188985427665e-5
76,15,9,5.146683427983485e-5
76,15,10,0.00017581687446561878
76,16,1,5.190158078973702e-5
76,16,2,5.121564134511033e-5
76,16,3,5.1437985023528986e-5
76,16,4,0.00013605402704976234
76,16,5,5.1689189898376333e-5
76,16,6,0.00018862297292238084
76,16,7,5.132812573485893e-5
76,16,8,9.125723091858135e-5
76,16,9,5.146384116576799e-5
76,16,10,0.00017606771884396937
76,17,1,5.1898819358646907e-5
76,17,2,5.1223934028248924e-5
76,17,3,5.142384208859658e-5
76,17,4,0.00013579225838120885
76,17,5,5.1687270402701466e-5
76,17,6,0.00018871707406520715
76,17,7,5.133216079331683e-5
76,17,8,9.141634137472498e-5
76,17,9,5.1454597002286114e-5
76,17,10,0.00017581388223699394
76,18,1,5.1895912818129024e-5
76,18,2,5.1252894143373664e-5
76,18,3,5.1416107989955544e-5
76,18,4,0.0001359309622906681
76,18,5,5.1693487280472294e-5
76,18,6,0.00018745340857373587
76,18,7,5.134131202137045e-5
76,18,8,9.151382646449415e-5
76,18,9,5.1449722342232126e-5
76,18,10,0.00017424565600215
76,19,1,5.1875858381382555e-5
76,19,2,5.129045042994668e-5
76,19,3,5.1430041924454496e-5
76,19,4,0.0001346763869793265
76,19,5,5.17108206636346e-5
76,19,6,0.00018895630248353916
76,19,7,5.1357408846640174e-5
76,19,8,9.152455064165059e-5
76,19,9,5.1459400385002134e-5
76,19,10,0.00017589598380192347
76,20,1,5.18749147757814e-5
76,20,2,5.130009607505454e-5
76,20,3,5.142894566199509e-5
76,20,4,0.00013612484988860676
76,20,5,5.170271658432144e-5
76,20,6,0.00018919399580864376
76,20,7,5.135562263964422e-5
76,20,8,9.119087202677463e-5
76,20,9,5.1458517331396974e-5
76,20,10,0.00017574225933958496
76,21,1,5.224378678395139e-5
76,21,2,5.1282915750336145e-5
76,21,3,5.142542223552577e-5
76,21,4,0.0001359851265047818
76,21,5,5.169988881051222e-5
76,21,6,0.00018887375953460195
76,21,7,5.133696338224821e-5
76,21,8,9.147064323465788e-5
76,21,9,5.145519621683564e-5
76,21,10,0.00017590404955539383
76,22,1,5.2237908695545596e-5
76,22,2,5.12403525850201e-5
76,22,3,5.143247550489082e-5
76,22,4,0.00013514009541795935
76,22,5,5.168095969127228e-5
76,22,6,0.00018795433075757326
76,22,7,5.1316486413138495e-5
76,22,8,9.0937520000024e-5
76,22,9,5.1460848010389643e-5
76,22,10,0.00017498479377841145
76,23,1,5.220350936052423e-5
76,23,2,5.121357429993257e-5
76,23,3,5.143435102903753e-5
76,23,4,0.0001360240915393662
76,23,5,5.168208871943554e-5
76,23,6,0.00018908571306318364
76,23,7,5.1304346340732686e-5
76,23,8,9.136640088235385e-5
76,23,9,5.146127942505349e-5
76,23,10,0.0001759956911731355
76,24,1,5.2256024314143556e-5
76,24,2,5.121667636092684e-5
76,24,3,5.1422546617847994e-5
76,24,4,0.00013640097649512237
76,24,5,5.1661367197709344e-5
76,24,6,0.00018954896339714566
76,24,7,5.128052365348071e-5
76,24,8,9.15650453720624e-5
76,24,9,5.145469586848467e-5
76,24,10,0.0001767394854468333
77,1,1,9.739378367601178e-7
77,1,2,8.628354536274476e-7
77,1,3,8.722244344594421e-7
77,1,4,5.937079831574393e-5
77,1,5,9.145721450213835e-7
77,1,6,2.596221710430667e-6
77,1,7,8.694548549750369e-7
77,1,8,3.07489977188423e-5
77,1,9,8.653581052637651e-7
77,1,10,8.393008851587726e-5
77,2,1,9.74431221835898e-7
77,2,2,8.628268735961862e-7
77,2,3,8.721227866928511e-7
77,2,4,5.93349310299458e-5
77,2,5,9.149521243186533e-7
77,2,6,2.5771218440505055e-6
77,2,7,8.693649277083931e-7
77,2,8,3.107118090672287e-5
77,2,9,8.655710194728651e-7
77,2,10,8.4420839842987e-5
77,3,1,9.738003175964322e-7
77,3,2,8.628243822405102e-7
77,3,3,8.72215278252631e-7
77,3,4,5.871662634059983e-5
77,3,5,9.143508503390212e-7
77,3,6,2.5704505013429667e-6
77,3,7,8.694358125868267e-7
77,3,8,3.114589048417488e-5
77,3,9,8.655670698435981e-7
77,3,10,8.398266804249614e-5
77,4,1,9.754780614497677e-7
77,4,2,8.627927622971405e-7
77,4,3,8.72149424342455e-7
77,4,4,5.943691746044085e-5
77,4,5,9.144776739405762e-7
77,4,6,2.582526559824851e-6
77,4,7,8.694421554314906e-7
77,4,8,3.1108726612500746e-5
77,4,9,8.65573041209638e-7
77,4,10,8.47493740758655e-5
77,5,1,9.756511732112221e-7
77,5,2,8.628280993327325e-7
77,5,3,8.721393926526418e-7
77,5,4,5.956465419080753e-5
77,5,5,9.154554586405042e-7
77,5,6,2.5836251280555173e-6
77,5,7,8.694421336324859e-7
77,5,8,3.1180920474672594e-5
77,5,9,8.654879973252031e-7
77,5,10,8.472272416632125e-5
77,6,1,9.756043358318136e-7
77,6,2,8.62831435204443e-7
77,6,3,8.721417097062361e-7
77,6,4,5.9246972485103826e-5
77,6,5,9.149464214919162e-7
77,6,6,2.5739794380194534e-6
77,6,7,8.693888894739111e-7
77,6,8,3.120728913419541e-5
77,6,9,8.654996092818145e-7
77,6,10,8.476861523677792e-5
77,7,1,9.738767997024498e-7
77,7,2,8.628216563028598e-7
77,7,3,8.721929259308727e-7
77,7,4,5.920187346878646e-5
77,7,5,9.1433169380032e-7
77,7,6,9.226504606007039e-5
77,7,7,8.69431518861118e-7
77,7,8,3.096771809609614e-5
77,7,9,8.65564638444386e-7
77,7,10,8.468286288922574e-5
77,8,1,9.748688139725054e-7
77,8,2,8.627927185306623e-7
77,8,3,8.721903922661083e-7
77,8,4,5.9292155449934196e-5
77,8,5,9.144638083672411e-7
77,8,6,9.253891134855761e-5
77,8,7,8.693833150688006e-7
77,8,8,3.122583506051365e-5
77,8,9,8.655743624296205e-7
77,8,10,8.49438478399119e-5
77,9,1,9.756051124301853e-7
77,9,2,8.62827909192371e-7
77,9,3,8.721913396298322e-7
77,9,4,5.97314497501887e-5
77,9,5,9.144730460271016e-7
77,9,6,9.26148832086619e-5
77,9,7,8.693785300718976e-7
77,9,8,3.122212868745505e-5
77,9,9,8.6548986662323e-7
77,9,10,8.485625257973592e-5
77,10,1,9.755493129447706e-7
77,10,2,8.627849604574649e-7
77,10,3,8.721871841525542e-7
77,10,4,5.9342299089564674e-5
77,10,5,9.144581924725012e-7
77,10,6,9.263997013859907e-5
77,10,7,8.694439069590663e-7
77,10,8,3.112204072850506e-5
77,10,9,8.655720148531901e-7
77,10,10,8.475033609292588e-5
77,11,1,9.755416696385122e-7
77,11,2,8.628249044513483e-7
77,11,3,8.721086021638038e-7
77,11,4,5.937741975533686e-5
77,11,5,9.144434415380465e-7
77,11,6,9.26990146279806e-5
77,11,7,8.694449325194407e-7
77,11,8,3.1335230771377455e-5
77,11,9,8.654732359423916e-7
77,11,10,8.488852218360597e-5
77,12,1,9.749131099429154e-7
77,12,2,8.628274794021476e-7
77,12,3,8.721039608377729e-7
77,12,4,5.940531451846138e-5
77,12,5,9.155488654522705e-7
77,12,6,9.261712971162485e-5
77,12,7,8.693760006463391e-7
77,12,8,3.1207027933056646e-5
77,12,9,8.654832431445876e-7
77,12,10,8.476237153972967e-5
77,13,1,9.731766640545948e-7
77,13,2,8.628137591693644e-7
77,13,3,8.834199956813627e-7
77,13,4,5.933302208366648e-5
77,13,5,9.15432486017473e-7
77,13,6,9.256962073297687e-5
77,13,7,8.69423502290424e-7
77,13,8,3.1278762100075864e-5
77,13,9,8.654097617252362e-7
77,13,10,8.425436876640299e-5
77,14,1,9.753977129659055e-7
77,14,2,8.62770813433458e-7
77,14,3,8.834869860744378e-7
77,14,4,5.9442224285206446e-5
77,14,5,9.144608740557812e-7
77,14,6,9.262589160516375e-5
77,14,7,8.69355018462331e-7
77,14,8,3.134480142155843e-5
77,14,9,8.654652545246235e-7
77,14,10,8.473226193711626e-5
77,15,1,9.75348861181109e-7
77,15,2,8.62813618951633e-7
77,15,3,8.834256280799535e-7
77,15,4,5.929441023050377e-5
77,15,5,9.154551306239364e-7
77,15,6,9.262215932694234e-5
77,15,7,8.694261879338555e-7
77,15,8,3.094157122043672e-5
77,15,9,8.654079747188511e-7
77,15,10,8.488174421211688e-5
77,16,1,9.757656871351276e-7
77,16,2,8.627763492580082e-7
77,16,3,8.827389472718354e-7
77,16,4,5.998722960087528e-5
77,16,5,9.145002644579261e-7
77,16,6,9.265796338057619e-5
77,16,7,8.693678990416675e-7
77,16,8,3.119848537473827e-5
77,16,9,8.654756188683842e-7
77,16,10,8.500810127648736e-5
77,17,1,9.751865255223304e-7
77,17,2,8.62806986105095e-7
77,17,3,8.833767018312961e-7
77,17,4,5.9827967644866505e-5
77,17,5,9.141826690093197e-7
77,17,6,9.270135049089394e-5
77,17,7,8.694133107075596e-7
77,17,8,3.126922431181946e-5
77,17,9,8.655677799353875e-7
77,17,10,8.488969500749454e-5
77,18,1,9.759145341440342e-7
77,18,2,8.628097627656805e-7
77,18,3,8.83419132570224e-7
77,18,4,5.992105392887818e-5
77,18,5,9.142694683205539e-7
77,18,6,9.194532156919085e-5
77,18,7,8.69269973339396e-7
77,18,8,3.1289848111310664e-5
77,18,9,8.65577181364811e-7
77,18,10,8.393666614823083e-5
77,19,1,9.726518562118513e-7
77,19,2,8.628086702284592e-7
77,19,3,8.823469412282722e-7
77,19,4,5.9149547492452266e-5
77,19,5,9.150213630992098e-7
77,19,6,9.287821274547988e-5
77,19,7,8.694225430453269e-7
77,19,8,3.128931259857536e-5
77,19,9,8.655748806502353e-7
77,19,10,8.488670939409334e-5
77,20,1,9.767349888833715e-7
77,20,2,8.627560867679694e-7
77,20,3,8.826063363833608e-7
77,20,4,6.0043641987761143e-5
77,20,5,9.144374760275725e-7
77,20,6,9.304578124118562e-5
77,20,7,8.694363602026904e-7
77,20,8,3.110337075991334e-5
77,20,9,8.655815595416997e-7
77,20,10,8.4838143873014e-5
77,21,1,1.2352487066671934e-6
77,21,2,8.628050193654867e-7
77,21,3,8.833607939258524e-7
77,21,4,5.995789056175079e-5
77,21,5,9.154217105612534e-7
77,21,6,9.283003712409975e-5
77,21,7,8.694206888025129e-7
77,21,8,3.1317546452033e-5
77,21,9,8.653848265789529e-7
77,21,10,8.490723157161768e-5
77,22,1,1.2361457377309696e-6
77,22,2,8.6273883411574e-7
77,22,3,8.824847681132372e-7
77,22,4,5.942658780272601e-5
77,22,5,9.143523256426688e-7
77,22,6,9.232885939859176e-5
77,22,7,8.694343096862303e-7
77,22,8,3.0984657978279046e-5
77,22,9,8.655797962455736e-7
77,22,10,8.440130319833893e-5
77,23,1,1.2093938113046662e-6
77,23,2,8.628107589944779e-7
77,23,3,8.833248304648932e-7
77,23,4,5.996667954125755e-5
77,23,5,9.149744289169267e-7
77,23,6,9.301171186483046e-5
77,23,7,8.694137021126537e-7
77,23,8,3.1295647275491545e-5
77,23,9,8.655655296677003e-7
77,23,10,8.49978400267726e-5
77,24,1,1.2411797277498922e-6
77,24,2,8.627257002241203e-7
77,24,3,8.82425271480597e-7
77,24,4,6.021359540566417e-5
77,24,5,9.143366099001224e-7
77,24,6,9.329869890838302e-5
77,24,7,8.694366532486418e-7
77,24,8,3.142937487000133e-5
77,24,9,8.655909398672173e-7
77,24,10,8.547969388009062e-5
78,1,1,0.00016728395594660592
78,1,2,0.00016651708471076787
78,1,3,0.00016718050346463208
78,1,4,0.0002394916878184948
78,1,5,0.00016760106119339881
78,1,6,0.000169039785504049
78,1,7,0.0001670132491504759
78,1,8,0.00019998913677542847
78,1,9,0.00016736587936880262
78,1,10,0.0002732155614444463
78,2,1,0.00016728189803648608
78,2,2,0.0001665663040302896
78,2,3,0.00016718598637806314
78,2,4,0.00023935522398096064
78,2,5,0.00016760773945883703
78,2,6,0.00016906359384162968
78,2,7,0.00016702916087011876
78,2,8,0.00020045432322201702
78,2,9,0.00016736979770652833
78,2,10,0.00027381019809564187
78,3,1,0.0001673199064834932
78,3,2,0.0001666363729975269
78,3,3,0.00016721365003329335
78,3,4,0.00023859487392952888
78,3,5,0.00016761023429159665
78,3,6,0.00016907393243023616
78,3,7,0.0001670357793138662
78,3,8,0.0002008967553057403
78,3,9,0.0001673872567263474
78,3,10,0.0002732235949287056
78,4,1,0.00016734523233063485
78,4,2,0.0001666788160791801
78,4,3,0.00016721384371520183
78,4,4,0.0002395282977969448
78,4,5,0.0001676046314617482
78,4,6,0.00016907714364584547
78,4,7,0.00016702296505031217
78,4,8,0.0002007926009610548
78,4,9,0.00016738727250040198
78,4,10,0.0002743104865270263
78,5,1,0.00016733152104338224
78,5,2,0.0001667819254328279
78,5,3,0.00016719723433431267
78,5,4,0.00023968832333437742
78,5,5,0.000167591470840624
78,5,6,0.00016905024711163518
78,5,7,0.00016698704310195119
78,5,8,0.00020081530493221378
78,5,9,0.00016737666350842133
78,5,10,0.00027430600256731294
78,6,1,0.00016735254956429992
78,6,2,0.00016687064421778129
78,6,3,0.0001672328811131436
78,6,4,0.00023931062682831645
78,6,5,0.00016757718453882915
78,6,6,0.00016904282712028993
78,6,7,0.00016697023250033746
78,6,8,0.0002008317814508277
78,6,9,0.00016739905548395216
78,6,10,0.0002742521916142738
78,7,1,0.00016749423683352135
78,7,2,0.00016693625494131355
78,7,3,0.00016725700475659857
78,7,4,0.00023925608943139954
78,7,5,0.0001675474239676879
78,7,6,0.000285945862737139
78,7,7,0.00016691849952251344
78,7,8,0.00020033673733876696
78,7,9,0.00016741435877438168
78,7,10,0.00027407824860358767
78,8,1,0.00016753255777501885
78,8,2,0.00016674947984041653
78,8,3,0.0001672277605940113
78,8,4,0.0002393616738133912
78,8,5,0.0001674721116044179
78,8,6,0.0002862100857804726
78,8,7,0.0001667737264603917
78,8,8,0.00020053758700800867
78,8,9,0.0001673959320385212
78,8,10,0.00027432154939928177
78,9,1,0.00016767009991390633
78,9,2,0.00016658403567464092
78,9,3,0.0001672544929994044
78,9,4,0.0002399346706823221
78,9,5,0.00016742358629033492
78,9,6,0.00028625001505814694
78,9,7,0.0001666826918961793
78,9,8,0.00020053791903823758
78,9,9,0.00016741258603218592
78,9,10,0.0002743528105264853
78,10,1,0.00016779944473949076
78,10,2,0.00016645762866229793
78,10,3,0.00016724903614403697
78,10,4,0.00023943452220707428
78,10,5,0.00016739073923635486
78,10,6,0.00028620604005893447
78,10,7,0.0001666213305637241
78,10,8,0.0002003306498686067
78,10,9,0.00016740931485850354
78,10,10,0.00027417349823806995
78,11,1,0.00016786809924528438
78,11,2,0.000166360108464419
78,11,3,0.00016722484496716706
78,11,4,0.00023946674361110867
78,11,5,0.0001673773938237353
78,11,6,0.00028624980298215655
78,11,7,0.00016659646958251098
78,11,8,0.00020054308037838255
78,11,9,0.00016739395180197247
78,11,10,0.0002744460930214298
78,12,1,0.00016789422563738923
78,12,2,0.00016630809570691987
78,12,3,0.00016718909635805715
78,12,4,0.0002394828904040944
78,12,5,0.00016740028203780135
78,12,6,0.00028607814312775124
78,12,7,0.0001666252518092284
78,12,8,0.00020039555841776322
78,12,9,0.00016737144802594353
78,12,10,0.0002741469988141199
78,13,1,0.00016788626829155378
78,13,2,0.00016629372668420102
78,13,3,0.00016717027158594916
78,13,4,0.00023936928240276303
78,13,5,0.0001674277798073015
78,13,6,0.0002861393321698658
78,13,7,0.00016667868715276426
78,13,8,0.00020053943941107294
78,13,9,0.00016735707266879302
78,13,10,0.0002733311279501765
78,14,1,0.00016788029699894803
78,14,2,0.00016633638852094288
78,14,3,0.0001671732137214085
78,14,4,0.00023951305228537873
78,14,5,0.00016744269151347415
78,14,6,0.0002863024339557999
78,14,7,0.0001667187665447518
78,14,8,0.00020073666474987434
78,14,9,0.00016735899802321872
78,14,10,0.0002740055873929665
78,15,1,0.00016787881054190903
78,15,2,0.0001663882094709076
78,15,3,0.00016718999652559125
78,15,4,0.00023928409529829436
78,15,5,0.00016747233864779058
78,15,6,0.0002864275656850541
78,15,7,0.00016676228083180346
78,15,8,0.0002004070568672969
78,15,9,0.000167369484884688
78,15,10,0.00027431381199826256
78,16,1,0.00016788380653946444
78,16,2,0.00016640220332712392
78,16,3,0.00016716939998257375
78,16,4,0.00024023892870576617
78,16,5,0.00016748666766808114
78,16,6,0.00028652045034547837
78,16,7,0.0001668006011149088
78,16,8,0.000200922279851459
78,16,9,0.00016735722462490952
78,16,10,0.00027453790184905484
78,17,1,0.0001678770198000006
78,17,2,0.0001664346007397181
78,17,3,0.00016711133201101648
78,17,4,0.00023998733871025477
78,17,5,0.00016749079738575544
78,17,6,0.0002866786045805801
78,17,7,0.00016681610059908933
78,17,8,0.00020122000638353064
78,17,9,0.0001673203495806582
78,17,10,0.0002742806623970569
78,18,1,0.00016786050767954698
78,18,2,0.0001665482706852621
78,18,3,0.0001670807766541328
78,18,4,0.00024009036081930904
78,18,5,0.00016751187190968195
78,18,6,0.0002854634067503776
78,18,7,0.00016685317535930125
78,18,8,0.00020151237371108534
78,18,9,0.00016730111435843759
78,18,10,0.00027287521543614663
78,19,1,0.00016780611862981617
78,19,2,0.00016669574404751933
78,19,3,0.00016713982092059736
78,19,4,0.00023905218010533902
78,19,5,0.00016755372744233613
78,19,6,0.0002867894997914082
78,19,7,0.0001669151474121667
78,19,8,0.00020160159415111504
78,19,9,0.0001673391442676914
78,19,10,0.0002745441229831052
78,20,1,0.00016777252628091919
78,20,2,0.00016673307936700235
78,20,3,0.00016713445373282704
78,20,4,0.00024028220106299088
78,20,5,0.00016754270911200145
78,20,6,0.0002868942471738459
78,20,7,0.0001669080109996095
78,20,8,0.00020114995963605074
78,20,9,0.00016733558741569035
78,20,10,0.0002743505979428265
78,21,1,0.0001680942558431316
78,21,2,0.0001666661808991269
78,21,3,0.00016711755906001754
78,21,4,0.00024015604872035967
78,21,5,0.0001675109167277595
78,21,6,0.00028651260433325775
78,21,7,0.00016683485569218506
78,21,8,0.00020124813332253656
78,21,9,0.00016732389311043469
78,21,10,0.0002745073280068582
78,22,1,0.00016806752096878893
78,22,2,0.00016649861122850935
78,22,3,0.0001671488199959832
78,22,4,0.00023946236371938053
78,22,5,0.00016746000680935134
78,22,6,0.00028550706309474617
78,22,7,0.00016675436330003916
78,22,8,0.00020067400323840244
78,22,9,0.00016734473089031668
78,22,10,0.0002735422548156785
78,23,1,0.00016803721568687245
78,23,2,0.00016639300026917908
78,23,3,0.00016715278460625359
78,23,4,0.0002402458600066489
78,23,5,0.00016744242942429675
78,23,6,0.0002864940537694089
78,23,7,0.00016670687144243752
78,23,8,0.0002009313212921186
78,23,9,0.00016734650006350264
78,23,10,0.0002744760373027494
78,24,1,0.00016811617643272024
78,24,2,0.000166406601594849
78,24,3,0.0001671100944076378
78,24,4,0.00024056547200493447
78,24,5,0.00016738443089449686
78,24,6,0.0002869703327922758
78,24,7,0.00016661311814124738
78,24,8,0.00020111975322169553
78,24,9,0.0001673204437937002
78,24,10,0.0002750668609577452
79,1,1,0.00013390258901613085
79,1,2,0.00013317613695021353
79,1,3,0.0001337711877538265
79,1,4,0.00020767784463219263
79,1,5,0.00013417056623368003
79,1,6,0.0001356305884667004
79,1,7,0.0001336201476491042
79,1,8,0.00016728957456349204
79,1,9,0.00013393372615543183
79,1,10,0.0002425293044882583
79,2,1,0.00013390088873011958
79,2,2,0.00013322002489049513
79,2,3,0.00013377608109454097
79,2,4,0.00020751363596515518
79,2,5,0.00013417630469105433
79,2,6,0.00013564976243326133
79,2,7,0.0001336343109252811
79,2,8,0.0001677531899945593
79,2,9,0.00013393727708167378
79,2,10,0.00024313709711978258
79,3,1,0.00013393461722851778
79,3,2,0.0001332825068363026
79,3,3,0.0001338007447652379
79,3,4,0.00020672997424746377
79,3,5,0.00013417845885244377
79,3,6,0.0001356587498663461
79,3,7,0.00013364023517724598
79,3,8,0.00016816122792839212
79,3,9,0.000133952848931398
79,3,10,0.00024254662047884284
79,4,1,0.0001339576439900343
79,4,2,0.00013332034858018393
79,4,3,0.00013380093996745023
79,4,4,0.00020768527077012042
79,4,5,0.00013417355437892156
79,4,6,0.00013566234797054673
79,4,7,0.00013362880892538992
79,4,8,0.00016805793848117604
79,4,9,0.0001339528650160998
79,4,10,0.00024364278061209002
79,5,1,0.00013394544468878436
79,5,2,0.00013341230614803177
79,5,3,0.00013378612634103916
79,5,4,0.00020785226561913144
79,5,5,0.0001341624642406644
79,5,6,0.00013563830523714675
79,5,7,0.0001335967721391257
79,5,8,0.0001680901802202013
79,5,9,0.0001339433855398934
79,5,10,0.00024365561386939733
79,6,1,0.00013396420222525413
79,6,2,0.0001334914261678649
79,6,3,0.00013381793078232518
79,6,4,0.0002074675787685794
79,6,5,0.000134149140244294
79,6,6,0.0001356280032082935
79,6,7,0.0001335817664760753
79,6,8,0.0001681137842530346
79,6,9,0.00013396336083327086
79,6,10,0.00024362228638374214
79,7,1,0.00013409011888343542
79,7,2,0.00013354993702900246
79,7,3,0.00013383944507127822
79,7,4,0.00020740946788635496
79,7,5,0.00013412236971668213
79,7,6,0.00025550161130777403
79,7,7,0.00013353563957747074
79,7,8,0.0001676299220358351
79,7,9,0.00013397702277604228
79,7,10,0.00024345076923899854
79,8,1,0.00013412455067194864
79,8,2,0.0001333833643396492
79,8,3,0.00013381337083753054
79,8,4,0.00020752023377022965
79,8,5,0.00013405536566046084
79,8,6,0.0002557925852026152
79,8,7,0.00013340651958310406
79,8,8,0.00016785686692074014
79,8,9,0.00013396058926542148
79,8,10,0.00024369624497337818
79,9,1,0.00013424741033976232
79,9,2,0.00013323583701187807
79,9,3,0.00013383721416306344
79,9,4,0.00020809981359106296
79,9,5,0.00013401207073800769
79,9,6,0.00025584777742888816
79,9,7,0.00013332533719271977
79,9,8,0.0001678563094679648
79,9,9,0.0001339754271976692
79,9,10,0.00024372873539309537
79,10,1,0.0001343627673690231
79,10,2,0.000133123109591572
79,10,3,0.00013383234678008798
79,10,4,0.00020759420460392857
79,10,5,0.00013398272309399938
79,10,6,0.00025581457715794274
79,10,7,0.00013327063547826284
79,10,8,0.00016764826607277897
79,10,9,0.0001339725256400881
79,10,10,0.0002435212091266712
79,11,1,0.0001344240039038831
79,11,2,0.00013303616200101604
79,11,3,0.000133810764984985
79,11,4,0.00020762975085716713
79,11,5,0.00013397084939283896
79,11,6,0.00025586521871918423
79,11,7,0.00013324846700560181
79,11,8,0.00016787928680783403
79,11,9,0.00013395880128900205
79,11,10,0.0002438198408796813
79,12,1,0.00013444713545990975
79,12,2,0.00013298978574330307
79,12,3,0.00013377888805743386
79,12,4,0.00020764901428865123
79,12,5,0.00013399206228774884
79,12,6,0.0002556734503583496
79,12,7,0.00013327411325484543
79,12,8,0.00016772449362092968
79,12,9,0.0001339387321401242
79,12,10,0.00024350795919204668
79,13,1,0.0001344395950554202
79,13,2,0.00013297697043653718
79,13,3,0.00013376251356593674
79,13,4,0.00020753388635457335
79,13,5,0.00013401649472023015
79,13,6,0.0002557336700337233
79,13,7,0.0001333217757440194
79,13,8,0.00016786542176172622
79,13,9,0.0001339258920438761
79,13,10,0.00024267372868597446
79,14,1,0.00013443486147405494
79,14,2,0.0001330150010712148
79,14,3,0.00013376514732228883
79,14,4,0.0002076806640413859
79,14,5,0.00013402909564526178
79,14,6,0.0002558727241719776
79,14,7,0.0001333574947221855
79,14,8,0.00016805112625914963
79,14,9,0.00013392762234842816
79,14,10,0.00024337570742897038
79,15,1,0.00013443351966007695
79,15,2,0.000133061215813678
79,15,3,0.0001337801069414451
79,15,4,0.00020743556688722172
79,15,5,0.00013405624257267553
79,15,6,0.00025599869611877066
79,15,7,0.0001333963221811333
79,15,8,0.00016768550213605305
79,15,9,0.00013393696119784446
79,15,10,0.00024369966911893344
79,16,1,0.000134438073658038
79,16,2,0.00013307368641140687
79,16,3,0.00013376163799370564
79,16,4,0.00020843038749390142
79,16,5,0.0001340683661110243
79,16,6,0.00025606428740269693
79,16,7,0.00013343047721240664
79,16,8,0.00016818733199801465
79,16,9,0.00013392604534188764
79,16,10,0.00024393059204274816
79,17,1,0.00013443187728643888
79,17,2,0.00013310258057962204
79,17,3,0.00013370993398867574
79,17,4,0.00020817572328514218
79,17,5,0.00013407162627670756
79,17,6,0.00025623120642311275
79,17,7,0.0001334443140468759
79,17,8,0.00016846414773134656
79,17,9,0.0001338931748358456
79,17,10,0.00024367140626168726
79,18,1,0.0001344173305268764
79,18,2,0.00013320394138760188
79,18,3,0.0001336826951478562
79,18,4,0.000208283810140665
79,18,5,0.0001340905472015831
79,18,6,0.00025497906550237215
79,18,7,0.00013347733684331456
79,18,8,0.00016872965817002722
79,18,9,0.00013387602166144158
79,18,10,0.00024220819784561936
79,19,1,0.00013436797504494283
79,19,2,0.00013333544858608519
79,19,3,0.00013373519837319345
79,19,4,0.00020720090082668166
79,19,5,0.00013412883928118805
79,19,6,0.00025632398176960727
79,19,7,0.0001335326480009739
79,19,8,0.0001688081975220005
79,19,9,0.00013390994106708267
79,19,10,0.00024390521804551187
79,20,1,0.00013433904956842584
79,20,2,0.0001333687309650822
79,20,3,0.00013373045001356575
79,20,4,0.00020847750995758112
79,20,5,0.000134118247631531
79,20,6,0.00025649466783939263
79,20,7,0.00013352628958438457
79,20,8,0.0001683684869475022
79,20,9,0.0001339067728841804
79,20,10,0.00024369807697760675
79,21,1,0.00013466589116174838
79,21,2,0.0001333090847162939
79,21,3,0.00013371549398128778
79,21,4,0.00020834906517578145
79,21,5,0.0001340906424374739
79,21,6,0.00025612185304442654
79,21,7,0.000133461043636808
79,21,8,0.00016847728385041655
79,21,9,0.00013389629272387275
79,21,10,0.00024387573105813008
79,22,1,0.00013464219242376125
79,22,2,0.0001331596434069424
79,22,3,0.00013374324598311565
79,22,4,0.00020760760279089438
79,22,5,0.0001340443922017741
79,22,6,0.00025511354995869545
79,22,7,0.00013338926597906376
79,22,8,0.0001679286664440878
79,22,9,0.00013391492838283646
79,22,10,0.00024290169749772116
79,23,1,0.00013461149080780572
79,23,2,0.00013306548894981401
79,23,3,0.0001337469053039756
79,23,4,0.000208437922130559
79,23,5,0.00013402952311055468
79,23,6,0.0002561528691456926
79,23,7,0.000133346908807332
79,23,8,0.00016821724797482404
79,23,9,0.00013391650416424395
79,23,10,0.00024387320239144264
79,24,1,0.0001346865348250693
79,24,2,0.00013307759888611662
79,24,3,0.00013370870259327993
79,24,4,0.00020877973370746084
79,24,5,0.00013397697891336718
79,24,6,0.00025665246949628203
79,24,7,0.0001332633129885974
79,24,8,0.00016841068699191005
79,24,9,0.00013389327161633001
79,24,10,0.00024451366610480247
80,1,1,1.972622037125033e-5
80,1,2,1.9326678003775818e-5
80,1,3,1.9359224478935046e-5
80,1,4,0.00011024345014633135
80,1,5,1.9585526404215146e-5
80,1,6,2.1369124303610707e-5
80,1,7,1.9341658409806663e-5
80,1,8,6.364576103209561e-5
80,1,9,1.933288306841323e-5
80,1,10,0.00015056745202275982
80,2,1,1.972705046714592e-5
80,2,2,1.9326657898926704e-5
80,2,3,1.9359182608465945e-5
80,2,4,0.00011005975145951888
80,2,5,1.958379408875411e-5
80,2,6,2.1349797027736834e-5
80,2,7,1.9341381799075865e-5
80,2,8,6.412580070141931e-5
80,2,9,1.933341457328613e-5
80,2,10,0.0001512405035095365
80,3,1,1.9725770820190817e-5
80,3,2,1.932665189595144e-5
80,3,3,1.935914870138874e-5
80,3,4,0.00010913134517863204
80,3,5,1.958293801483238e-5
80,3,6,2.1344953737889335e-5
80,3,7,1.9341602226119718e-5
80,3,8,6.427977171585192e-5
80,3,9,1.9333404761174003e-5
80,3,10,0.00015063976665857036
80,4,1,1.9729865346715356e-5
80,4,2,1.9326587242337824e-5
80,4,3,1.935927241363504e-5
80,4,4,0.00011022021316264541
80,4,5,1.95840500615841e-5
80,4,6,2.135534090139238e-5
80,4,7,1.93416197668937e-5
80,4,8,6.418609470219278e-5
80,4,9,1.93334222927961e-5
80,4,10,0.0001517628234837035
80,5,1,1.973008811677786e-5
80,5,2,1.9326661218981692e-5
80,5,3,1.935926099455381e-5
80,5,4,0.00011042189469993909
80,5,5,1.9590178861728756e-5
80,5,6,2.135574680623128e-5
80,5,7,1.934162348564753e-5
80,5,8,6.429612675794866e-5
80,5,9,1.933324827188348e-5
80,5,10,0.000151847509104848
80,6,1,1.9730119035963052e-5
80,6,2,1.9326668772926585e-5
80,6,3,1.9359366735517197e-5
80,6,4,0.00010998851485770334
80,6,5,1.9584567603868845e-5
80,6,6,2.133863895152914e-5
80,6,7,1.9341473025181507e-5
80,6,8,6.437401286664246e-5
80,6,9,1.9333275849977554e-5
80,6,10,0.00015193396850125135
80,7,1,1.9725632007099167e-5
80,7,2,1.932664514346609e-5
80,7,3,1.9359416485706202e-5
80,7,4,0.00010991167071984448
80,7,5,1.958250477144483e-5
80,7,6,0.00016427517861245024
80,7,7,1.9341587421195826e-5
80,7,8,6.397404055476358e-5
80,7,9,1.933340273030246e-5
80,7,10,0.00015178732723949648
80,8,1,1.9728063516775784e-5
80,8,2,1.9326590113565737e-5
80,8,3,1.935949546621044e-5
80,8,4,0.00011005653109768476
80,8,5,1.9584084057355146e-5
80,8,6,0.00016470688566798774
80,8,7,1.9341458230051505e-5
80,8,8,6.43993386003482e-5
80,8,9,1.9333428379800385e-5
80,8,10,0.00015207516374767666
80,9,1,1.97300438363817e-5
80,9,2,1.9326661246022907e-5
80,9,3,1.9359497872755893e-5
80,9,4,0.00011068339746972774
80,9,5,1.9583976671493465e-5
80,9,6,0.00016484431623654515
80,9,7,1.9341445794878595e-5
80,9,8,6.439519099942351e-5
80,9,9,1.933325353941124e-5
80,9,10,0.00015206769261036333
80,10,1,1.9729937710956976e-5
80,10,2,1.9326572104601158e-5
80,10,3,1.9359491479071246e-5
80,10,4,0.0001101312020318292
80,10,5,1.958385892091147e-5
80,10,6,0.00016489063358006707
80,10,7,1.9341625417054174e-5
80,10,8,6.420594656338589e-5
80,10,9,1.9333422940680453e-5
80,10,10,0.00015179731330181527
80,11,1,1.9729931780078652e-5
80,11,2,1.9326653942134483e-5
80,11,3,1.9359374788705427e-5
80,11,4,0.00011018746133629189
80,11,5,1.9583769362325047e-5
80,11,6,0.00016497616623259236
80,11,7,1.9341632435832836e-5
80,11,8,6.45680350166548e-5
80,11,9,1.9333230676266872e-5
80,11,10,0.00015213611844269308
80,12,1,1.9728069256358933e-5
80,12,2,1.932666086388871e-5
80,12,3,1.935944085739566e-5
80,12,4,0.00011023423614487713
80,12,5,1.959108477264064e-5
80,12,6,0.0001647537330104825
80,12,7,1.9341428600325156e-5
80,12,8,6.435018807248016e-5
80,12,9,1.933325946498228e-5
80,12,10,0.00015183432383717252
80,13,1,1.9724014985592353e-5
80,13,2,1.9326628909347476e-5
80,13,3,1.9363300920696758e-5
80,13,4,0.00011011420151136408
80,13,5,1.9590241735834475e-5
80,13,6,0.00016474077701807458
80,13,7,1.9341563403175513e-5
80,13,8,6.447483135194705e-5
80,13,9,1.933307640976673e-5
80,13,10,0.00015097248161976586
80,14,1,1.9729671384673392e-5
80,14,2,1.9326546637520023e-5
80,14,3,1.936338737094437e-5
80,14,4,0.00011028206202773315
80,14,5,1.9583848351231914e-5
80,14,6,0.00016476105932621913
80,14,7,1.934136675830471e-5
80,14,8,6.457791976110747e-5
80,14,9,1.9333215514500973e-5
80,14,10,0.00015177316711727606
80,15,1,1.9729424027891013e-5
80,15,2,1.932663128663897e-5
80,15,3,1.9363315167356376e-5
80,15,4,0.00010996112880432524
80,15,5,1.959029562784394e-5
80,15,6,0.00016484110756309728
80,15,7,1.9341565772821137e-5
80,15,8,6.391495062313937e-5
80,15,9,1.933307743091177e-5
80,15,10,0.0001521008170384597
80,16,1,1.9730324613338728e-5
80,16,2,1.932655804209934e-5
80,16,3,1.936237739063187e-5
80,16,4,0.00011116190258850472
80,16,5,1.95842580865568e-5
80,16,6,0.0001648097621500527
80,16,7,1.934140492313948e-5
80,16,8,6.433004338029645e-5
80,16,9,1.933324272603778e-5
80,16,10,0.0001523516259119746
80,17,1,1.9728969290687134e-5
80,17,2,1.9326616691969756e-5
80,17,3,1.936324576914452e-5
80,17,4,0.00011089680673281831
80,17,5,1.9580414487792662e-5
80,17,6,0.00016494481258476387
80,17,7,1.9341537060388562e-5
80,17,8,6.445802361968426e-5
80,17,9,1.933343851625899e-5
80,17,10,0.00015209516359839426
80,18,1,1.9730648110428145e-5
80,18,2,1.9326629196473966e-5
80,18,3,1.9363299843068093e-5
80,18,4,0.00011104234485800699
80,18,5,1.9581494028162655e-5
80,18,6,0.0001636211416256927
80,18,7,1.9341135109390334e-5
80,18,8,6.450840972355253e-5
80,18,9,1.933346837955492e-5
80,18,10,0.0001504479030843846
80,19,1,1.9722714815169216e-5
80,19,2,1.932662734260561e-5
80,19,3,1.936183004957352e-5
80,19,4,0.00010971306584307158
80,19,5,1.959034348157776e-5
80,19,6,0.00016522120662044616
80,19,7,1.9341569104162274e-5
80,19,8,6.450641311467776e-5
80,19,9,1.9333463555803056e-5
80,19,10,0.00015214245379661017
80,20,1,1.973244610318231e-5
80,20,2,1.932651404887814e-5
80,20,3,1.9362182442881676e-5
80,20,4,0.00011124199945151112
80,20,5,1.9583270995260993e-5
80,20,6,0.00016548911980518333
80,20,7,1.9341611434883698e-5
80,20,8,6.416719305283684e-5
80,20,9,1.9333497313493933e-5
80,20,10,0.00015192775940072833
80,21,1,2.011339825426474e-5
80,21,2,1.9326618741541944e-5
80,21,3,1.936323837185345e-5
80,21,4,0.00011110326897459544
80,21,5,1.959023684815809e-5
80,21,6,0.0001651893750190819
80,21,7,1.9341566025951153e-5
80,21,8,6.453104073245367e-5
80,21,9,1.933302875077225e-5
80,21,10,0.00015215911074124955
80,22,1,2.0114589052528466e-5
80,22,2,1.932647639630145e-5
80,22,3,1.9362016134711377e-5
80,22,4,0.00011021486330817159
80,22,5,1.9582379192747053e-5
80,22,6,0.0001642598908816943
80,22,7,1.934159624511928e-5
80,22,8,6.398201808921929e-5
80,22,9,1.9333496459142726e-5
80,22,10,0.00015122243702969754
80,23,1,2.0079503216810305e-5
80,23,2,1.9326638761553953e-5
80,23,3,1.936317233107143e-5
80,23,4,0.00011115221264794376
80,23,5,1.95898294789826e-5
80,23,6,0.0001654822773867927
80,23,7,1.934153468386106e-5
80,23,8,6.451105718137465e-5
80,23,9,1.933346793239477e-5
80,23,10,0.00015230123068683926
80,24,1,2.0122441072851093e-5
80,24,2,1.9326446993580856e-5
80,24,3,1.9361940289386653e-5
80,24,4,0.00011157673599852894
80,24,5,1.9582071175026003e-5
80,24,6,0.00016600032950820278
80,24,7,1.934160842409578e-5
80,24,8,6.47320889349007e-5
80,24,9,1.933353721280192e-5
80,24,10,0.00015312531000189378
81,1,1,0.00013358180076345356
81,1,2,0.00013228687979476201
81,1,3,0.00013388542868043317
81,1,4,0.00020797463747650887
81,1,5,0.0001345804804595631
81,1,6,0.00013526084525043944
81,1,7,0.00013349527887719634
81,1,8,0.0001641561901860486
81,1,9,0.00013438400127443713
81,1,10,0.00024134310810924284
81,2,1,0.00013357419895692208
81,2,2,0.00013240866262941147
81,2,3,0.00013389898516225386
81,2,4,0.00020768197336070733
81,2,5,0.00013459965802445416
81,2,6,0.00013534625628167828
81,2,7,0.00013353512582839827
81,2,8,0.00016470566763942518
81,2,9,0.00013439301635388164
81,2,10,0.00024177218047598278
81,3,1,0.00013367143158564423
81,3,2,0.00013258206493751385
81,3,3,0.0001339678459589904
81,3,4,0.0002069831961972388
81,3,5,0.00013460750769476613
81,3,6,0.00013538189547505786
81,3,7,0.00013355125681482958
81,3,8,0.0001656859737489458
81,3,9,0.0001344364444793734
81,3,10,0.00024128472922454482
81,4,1,0.00013372771788442328
81,4,2,0.0001326872162144623
81,4,3,0.00013396802549618203
81,4,4,0.0002078351680171423
81,4,5,0.00013459151519209413
81,4,6,0.00013537148354487964
81,4,7,0.0001335194384664029
81,4,8,0.00016546944369966014
81,4,9,0.00013443646052337856
81,4,10,0.00024229526387530297
81,5,1,0.00013369333153616419
81,5,2,0.00013294248642493618
81,5,3,0.00013392678214885803
81,5,4,0.0002079898877064789
81,5,5,0.00013455012912378324
81,5,6,0.00013530408140184112
81,5,7,0.00013343031701814955
81,5,8,0.0001654080916412814
81,5,9,0.0001344103090173548
81,5,10,0.00024242191833331078
81,6,1,0.00013374537451407145
81,6,2,0.0001331623348032547
81,6,3,0.0001340151683070687
81,6,4,0.00020773409887918243
81,6,5,0.00013452246165560877
81,6,6,0.00013531227379352245
81,6,7,0.00013338880570864915
81,6,8,0.00016542652353374425
81,6,9,0.00013446595390172707
81,6,10,0.00024221066657822854
81,7,1,0.00013410295510206475
81,7,2,0.00013332504029055524
81,7,3,0.00013407512306329785
81,7,4,0.0002076953856811902
81,7,5,0.00013445181951254062
81,7,6,0.0002549941474014084
81,7,7,0.00013326038932314778
81,7,8,0.00016463028526451755
81,7,9,0.00013450385055549527
81,7,10,0.00024197302091698828
81,8,1,0.0001341942556043466
81,8,2,0.00013286220342636652
81,8,3,0.00013400236115765048
81,8,4,0.0002077811992213521
81,8,5,0.00013426219884817253
81,8,6,0.0002550871877862608
81,8,7,0.0001329017581954445
81,8,8,0.00016468499571106003
81,8,9,0.00013445798576574767
81,8,10,0.00024199726564030422
81,9,1,0.00013453373038090988
81,9,2,0.00013245252810244234
81,9,3,0.00013406876334780155
81,9,4,0.00020826914930176845
81,9,5,0.00013414177238396685
81,9,6,0.00025502956302829693
81,9,7,0.0001326763381319361
81,9,8,0.0001646940633277095
81,9,9,0.0001344996398460991
81,9,10,0.00024229311059469522
81,10,1,0.00013485540999099365
81,10,2,0.0001321399904668829
81,10,3,0.00013405521542957831
81,10,4,0.00020787159145744762
81,10,5,0.00013406031603167623
81,10,6,0.00025487642157881956
81,10,7,0.00013252422891975622
81,10,8,0.0001643557787511368
81,10,9,0.000134491278772976
81,10,10,0.00024201968806555736
81,11,1,0.00013502616504406165
81,11,2,0.00013189885098275201
81,11,3,0.00013399519428655666
81,11,4,0.000207886866178875
81,11,5,0.0001340273758824754
81,11,6,0.00025486925934520727
81,11,7,0.00013246270372605466
81,11,8,0.00016452122223927315
81,11,9,0.00013445332613839218
81,11,10,0.000242454932209391
81,12,1,0.00013509319208905178
81,12,2,0.00013177034685843655
81,12,3,0.00013390632636134215
81,12,4,0.00020787752667686458
81,12,5,0.00013407326313366976
81,12,6,0.0002545710248359799
81,12,7,0.00013253418697481336
81,12,8,0.0001643264986025737
81,12,9,0.00013439732606705258
81,12,10,0.00024195281019694835
81,13,1,0.0001350796321774818
81,13,2,0.00013173490120881617
81,13,3,0.00013385402997171986
81,13,4,0.00020774453529910517
81,13,5,0.0001341428557998541
81,13,6,0.0002548818090384266
81,13,7,0.00013266628435692771
81,13,8,0.00016461030908331768
81,13,9,0.00013436183980323663
81,13,10,0.00024098039498348755
81,14,1,0.00013505678821972036
81,14,2,0.00013184038490867192
81,14,3,0.00013386120547544125
81,14,4,0.0002078911597531628
81,14,5,0.00013418939024838474
81,14,6,0.00025501385180677134
81,14,7,0.00013276576581037754
81,14,8,0.00016497865774112662
81,14,9,0.00013436643085884352
81,14,10,0.00024168202602064444
81,15,1,0.0001350532695622291
81,15,2,0.00013196832120472498
81,15,3,0.00013390299487794116
81,15,4,0.00020755539658501995
81,15,5,0.00013425340301700923
81,15,6,0.0002554598042594549
81,15,7,0.00013287326884125705
81,15,8,0.00016481776892338424
81,15,9,0.00013439269201922127
81,15,10,0.00024217409165444158
81,16,1,0.0001350642626375581
81,16,2,0.00013200300116010614
81,16,3,0.0001338531449448528
81,16,4,0.00020862694109382063
81,16,5,0.00013429796500620723
81,16,6,0.00025556948760753826
81,16,7,0.00013296840858080183
81,16,8,0.00016562580495245585
81,16,9,0.00013436199149780183
81,16,10,0.00024237982612528055
81,17,1,0.00013504946262820732
81,17,2,0.00013208300757909354
81,17,3,0.000133707779357828
81,17,4,0.00020832253715300774
81,17,5,0.000134314268472851
81,17,6,0.0002558884088307857
81,17,7,0.00013300665534473344
81,17,8,0.00016627649196963092
81,17,9,0.00013427005454803363
81,17,10,0.00024206437506604637
81,18,1,0.00013500568250267606
81,18,2,0.000132364081770729
81,18,3,0.0001336318801075568
81,18,4,0.00020839932010061524
81,18,5,0.0001343649216235561
81,18,6,0.000254481206264473
81,18,7,0.00013309907446396534
81,18,8,0.0001668845517628681
81,18,9,0.00013422220560487793
81,18,10,0.00024057920356505402
81,19,1,0.00013488213669080203
81,19,2,0.00013272907391045563
81,19,3,0.00013378048477940906
81,19,4,0.00020728007632970122
81,19,5,0.00013445538315193616
81,19,6,0.00025568821426409096
81,19,7,0.00013325209918228653
81,19,8,0.0001671030654561723
81,19,9,0.0001343167425205788
81,19,10,0.00024253441316673878
81,20,1,0.00013478396008145433
81,20,2,0.0001328216847604132
81,20,3,0.00013376665414948567
81,20,4,0.0002086121306201925
81,20,5,0.0001344387087421324
81,20,6,0.0002556077553785984
81,20,7,0.00013323433260397684
81,20,8,0.00016638024896174064
81,20,9,0.00013430784097221988
81,20,10,0.00024231998361719473
81,21,1,0.00013501151597692138
81,21,2,0.00013265588935460238
81,21,3,0.00013372323333514172
81,21,4,0.00020847075540832304
81,21,5,0.00013434912973109926
81,21,6,0.00025506540587243994
81,21,7,0.00013305308055332126
81,21,8,0.00016621181614240326
81,21,9,0.00013427940827676733
81,21,10,0.00024242957909443544
81,22,1,0.00013494325235968
81,22,2,0.00013224145923122722
81,22,3,0.00013380256269526826
81,22,4,0.00020773150395613223
81,22,5,0.00013423468101921634
81,22,6,0.0002538480482229109
81,22,7,0.00013285360900619744
81,22,8,0.00016542933513883062
81,22,9,0.00013433057302212852
81,22,10,0.00024129528290043278
81,23,1,0.00013492071102095277
81,23,2,0.00013198014532124624
81,23,3,0.0001338107587694712
81,23,4,0.0002085669782833919
81,23,5,0.00013417961381860736
81,23,6,0.0002547148762249733
81,23,7,0.00013273608670339362
81,23,8,0.00016547819306405987
81,23,9,0.00013433501107014954
81,23,10,0.0002422247308324556
81,24,1,0.00013505128678413883
81,24,2,0.00013201403165828796
81,24,3,0.00013370656479549223
81,24,4,0.00020891552198325507
81,24,5,0.00013404781185363224
81,24,6,0.0002553465440559403
81,24,7,0.0001325039171098349
81,24,8,0.0001657181557642816
81,24,9,0.00013427014729864445
81,24,10,0.00024275454721082984
82,1,1,1.2082250766187116e-5
82,1,2,1.1689528888641603e-5
82,1,3,1.1721934706483898e-5
82,1,4,0.0001049901843594408
82,1,5,1.194257342904262e-5
82,1,6,1.3760182686200542e-5
82,1,7,1.170438834877704e-5
82,1,8,5.797418674619059e-5
82,1,9,1.1695648050308236e-5
82,1,10,0.00014543151372844649
82,2,1,1.208300691957833e-5
82,2,2,1.1689508837624392e-5
82,2,3,1.1721865418635022e-5
82,2,4,0.0001047940409595159
82,2,5,1.19409323221135e-5
82,2,6,1.3738278110645637e-5
82,2,7,1.1704100576127713e-5
82,2,8,5.8458133332089085e-5
82,2,9,1.1695995744800813e-5
82,2,10,0.00014609579808704738
82,3,1,1.208178157127969e-5
82,3,2,1.1689502484262649e-5
82,3,3,1.1721853285120489e-5
82,3,4,0.00010387132786807044
82,3,5,1.1940084037940798e-5
82,3,6,1.3732873507614194e-5
82,3,7,1.1704332286833962e-5
82,3,8,5.8620100579916945e-5
82,3,9,1.1696154117992124e-5
82,3,10,0.0001455045485951573
82,4,1,1.2085782616389585e-5
82,4,2,1.168943531998404e-5
82,4,3,1.172195848346868e-5
82,4,4,0.00010495801200990623
82,4,5,1.1941149120281949e-5
82,4,6,1.3744531935802085e-5
82,4,7,1.1704350211888893e-5
82,4,8,5.852137361327553e-5
82,4,9,1.1696003180583526e-5
82,4,10,0.0001466170898697338
82,5,1,1.208600315426752e-5
82,5,2,1.1689511722843218e-5
82,5,3,1.1721942532622313e-5
82,5,4,0.00010515993120627103
82,5,5,1.1947124388196614e-5
82,5,6,1.374509346326848e-5
82,5,7,1.1704352813060917e-5
82,5,8,5.863315246943845e-5
82,5,9,1.1695985822404152e-5
82,5,10,0.00014671443371657016
82,6,1,1.208602073170831e-5
82,6,2,1.1689519113146537e-5
82,6,3,1.1722047770738083e-5
82,6,4,0.00010473312881642927
82,6,5,1.1941668521611338e-5
82,6,6,1.3728149852027427e-5
82,6,7,1.1704190178742317e-5
82,6,8,5.871637820063613e-5
82,6,9,1.1696013139528099e-5
82,6,10,0.00014680285411654707
82,7,1,1.2081597430704166e-5
82,7,2,1.168949564191156e-5
82,7,3,1.1722113357241775e-5
82,7,4,0.0001046565129976807
82,7,5,1.1939653532320529e-5
82,7,6,0.00015915757100713187
82,7,7,1.170431663596746e-5
82,7,8,5.830835557052326e-5
82,7,9,1.1696150562048092e-5
82,7,10,0.0001466560056546475
82,8,1,1.2083982944074016e-5
82,8,2,1.1689437609390176e-5
82,8,3,1.1722191375680582e-5
82,8,4,0.00010480213950412013
82,8,5,1.194118358777675e-5
82,8,6,0.00015958861440287214
82,8,7,1.1704174429310405e-5
82,8,8,5.8741743511542724e-5
82,8,9,1.1696175883580101e-5
82,8,10,0.00014693443501125232
82,9,1,1.2085943139157816e-5
82,9,2,1.1689511570052263e-5
82,9,3,1.1722192456081976e-5
82,9,4,0.00010542326243206989
82,9,5,1.194107602210932e-5
82,9,6,0.00015972770490597484
82,9,7,1.1704162387247024e-5
82,9,8,5.873876511319039e-5
82,9,9,1.1695990409813026e-5
82,9,10,0.0001469370118952565
82,10,1,1.2085834828735264e-5
82,10,2,1.1689419535486149e-5
82,10,3,1.1722184802428976e-5
82,10,4,0.00010487698519934287
82,10,5,1.194096883296642e-5
82,10,6,0.00015977612983622528
82,10,7,1.1704350802865774e-5
82,10,8,5.854531008369233e-5
82,10,9,1.169617020251461e-5
82,10,10,0.00014665715901771714
82,11,1,1.2085826802004438e-5
82,11,2,1.1689504574178275e-5
82,11,3,1.172204681946886e-5
82,11,4,0.00010493385511441726
82,11,5,1.1940872049513866e-5
82,11,6,0.00015986047721602256
82,11,7,1.170435370748738e-5
82,11,8,5.891477411119764e-5
82,11,9,1.1695967871607525e-5
82,11,10,0.00014700827183714685
82,12,1,1.2083986215946647e-5
82,12,2,1.1689511107720787e-5
82,12,3,1.1722113497998195e-5
82,12,4,0.00010498194338124346
82,12,5,1.19479388427982e-5
82,12,6,0.00015962938510509465
82,12,7,1.170414489014066e-5
82,12,8,5.868932927358163e-5
82,12,9,1.1695995345460798e-5
82,12,10,0.0001466958139296309
82,13,1,1.2079998868837224e-5
82,13,2,1.1689479335692875e-5
82,13,3,1.1726059495127177e-5
82,13,4,0.0001048617067966491
82,13,5,1.1947123891885941e-5
82,13,6,0.00015962428019361278
82,13,7,1.1704285287528617e-5
82,13,8,5.882021551917226e-5
82,13,9,1.1695816550433937e-5
82,13,10,0.00014583032248639808
82,14,1,1.208554782487619e-5
82,14,2,1.1689393986304528e-5
82,14,3,1.1726146694313297e-5
82,14,4,0.00010502958511889191
82,14,5,1.1940948050192425e-5
82,14,6,0.00015963446087600253
82,14,7,1.1704084077816209e-5
82,14,8,5.8924805392839314e-5
82,14,9,1.1695951189200095e-5
82,14,10,0.00014663509712332029
82,15,1,1.2085282704063935e-5
82,15,2,1.1689479698843598e-5
82,15,3,1.1726079515413813e-5
82,15,4,0.00010470055689462762
82,15,5,1.1947175366473333e-5
82,15,6,0.00015972658417308472
82,15,7,1.1704290659330053e-5
82,15,8,5.824698704509736e-5
82,15,9,1.1695816608523273e-5
82,15,10,0.0001469723137058786
82,16,1,1.2086163555604028e-5
82,16,2,1.168940532156656e-5
82,16,3,1.1725115816007294e-5
82,16,4,0.00010591325898188169
82,16,5,1.194134054229266e-5
82,16,6,0.00015968567595473987
82,16,7,1.1704120826128113e-5
82,16,8,5.866884350573713e-5
82,16,9,1.1695976886264853e-5
82,16,10,0.00014721938533438078
82,17,1,1.2084830119483896e-5
82,17,2,1.1689464677383197e-5
82,17,3,1.1726008048555463e-5
82,17,4,0.00010564666860244722
82,17,5,1.193763576004746e-5
82,17,6,0.00015984273216253792
82,17,7,1.1704256795875986e-5
82,17,8,5.879940537250806e-5
82,17,9,1.1696172412574902e-5
82,17,10,0.00014697738795998192
82,18,1,1.2086467332666806e-5
82,18,2,1.1689477829606724e-5
82,18,3,1.1726061611295178e-5
82,18,4,0.00010579319323919963
82,18,5,1.1938661901821064e-5
82,18,6,0.00015849479940817384
82,18,7,1.170385320938918e-5
82,18,8,5.884516397007077e-5
82,18,9,1.1696199004087966e-5
82,18,10,0.00014530801324769442
82,19,1,1.2078695517297473e-5
82,19,2,1.1689475731283188e-5
82,19,3,1.1724558405491558e-5
82,19,4,0.00010445104532171156
82,19,5,1.1947174867217397e-5
82,19,6,0.0001601007479321599
82,19,7,1.1704293734542174e-5
82,19,8,5.884305500265607e-5
82,19,9,1.1696197582670248e-5
82,19,10,0.0001470092786619909
82,20,1,1.2088227891138345e-5
82,20,2,1.1689360333881127e-5
82,20,3,1.1724914346304635e-5
82,20,4,0.00010599444836691131
82,20,5,1.1940372501842503e-5
82,20,6,0.00016036881932628017
82,20,7,1.1704334462598698e-5
82,20,8,5.850418627587086e-5
82,20,9,1.1696227911356774e-5
82,20,10,0.00014678906302416304
82,21,1,1.2470174723238801e-5
82,21,2,1.1689468303032047e-5
82,21,3,1.1725993111248518e-5
82,21,4,0.00010585558297809773
82,21,5,1.1947141998131989e-5
82,21,6,0.000160068952753202
82,21,7,1.1704287685431563e-5
82,21,8,5.887379696035513e-5
82,21,9,1.169576462157276e-5
82,21,10,0.00014701097777061208
82,22,1,1.2471333483261574e-5
82,22,2,1.1689322619734727e-5
82,22,3,1.1724742979732591e-5
82,22,4,0.00010495798304457408
82,22,5,1.193951123452103e-5
82,22,6,0.00015913616823373062
82,22,7,1.1704316353743706e-5
82,22,8,5.831651035469244e-5
82,22,9,1.1696227693367818e-5
82,22,10,0.0001460856761444573
82,23,1,1.2436896175611704e-5
82,23,2,1.1689485631148257e-5
82,23,3,1.1725928909748778e-5
82,23,4,0.00010590143688567918
82,23,5,1.1946668479540367e-5
82,23,6,0.0001603640556800181
82,23,7,1.1704253519883299e-5
82,23,8,5.884886054920155e-5
82,23,9,1.1696196162122524e-5
82,23,10,0.00014716963331630768
82,24,1,1.2479796197640238e-5
82,24,2,1.1689295178253806e-5
82,24,3,1.1724670799556174e-5
82,24,4,0.00010633017291155089
82,24,5,1.1939238164816787e-5
82,24,6,0.0001608868599681147
82,24,7,1.1704324944563114e-5
82,24,8,5.908018558160604e-5
82,24,9,1.1696263064143651e-5
82,24,10,0.00014799807471830117
83,1,1,4.260123714529864e-5
83,1,2,4.178217377584714e-5
83,1,3,4.254874073402109e-5
83,1,4,0.00012727400336961926
83,1,5,4.299533647004671e-5
83,1,6,4.42071724826812e-5
83,1,7,4.235622447460245e-5
83,1,8,8.047062932724102e-5
83,1,9,4.276874284642331e-5
83,1,10,0.00016565224850681627
83,2,1,4.2598005386819565e-5
83,2,2,4.1839152301994384e-5
83,2,3,4.255510219202413e-5
83,2,4,0.0001268415994872342
83,2,5,4.3003251609434745e-5
83,2,6,4.423537289400257e-5
83,2,7,4.237476400770131e-5
83,2,8,8.097176640989908e-5
83,2,9,4.277327355013138e-5
83,2,10,0.0001661965141467569
83,3,1,4.264302474676083e-5
83,3,2,4.192031574816112e-5
83,3,3,4.2587377213408516e-5
83,3,4,0.00012602110849182732
83,3,5,4.30066416887392e-5
83,3,6,4.425101158040493e-5
83,3,7,4.2382443941835755e-5
83,3,8,8.148753291683825e-5
83,3,9,4.2793665581599216e-5
83,3,10,0.000165677020833864
83,4,1,4.267156420604258e-5
83,4,2,4.19695121012997e-5
83,4,3,4.258754547569035e-5
83,4,4,0.00012699931122495716
83,4,5,4.299958398688746e-5
83,4,6,4.424991027391095e-5
83,4,7,4.236753167001328e-5
83,4,8,8.132429549301413e-5
83,4,9,4.279368229320914e-5
83,4,10,0.00016670603963451152
83,5,1,4.265555694181754e-5
83,5,2,4.208910867095961e-5
83,5,3,4.256818959737666e-5
83,5,4,0.00012718882239003268
83,5,5,4.298351503590616e-5
83,5,6,4.4218329559926375e-5
83,5,7,4.232574622533977e-5
83,5,8,8.136442816912292e-5
83,5,9,4.2781315649391366e-5
83,5,10,0.00016687764477445725
83,6,1,4.2679979575915665e-5
83,6,2,4.219212285666418e-5
83,6,3,4.2609724753423086e-5
83,6,4,0.00012685717909532483
83,6,5,4.296743443219466e-5
83,6,6,4.420923490457177e-5
83,6,7,4.2306207927840714e-5
83,6,8,8.143733631362193e-5
83,6,9,4.2807465822153425e-5
83,6,10,0.00016686200594390386
83,7,1,4.284519925733075e-5
83,7,2,4.2268371925271474e-5
83,7,3,4.26378765738873e-5
83,7,4,0.00012679409129632955
83,7,5,4.293319607021275e-5
83,7,6,0.00017956972023694593
83,7,7,4.224606962800405e-5
83,7,8,8.085657454067637e-5
83,7,9,4.282532731679755e-5
83,7,10,0.00016667839590553507
83,8,1,4.28892953689064e-5
83,8,2,4.205146390486834e-5
83,8,3,4.260377077905669e-5
83,8,4,0.0001269194835403387
83,8,5,4.284500598751556e-5
83,8,6,0.00017986225166625878
83,8,7,4.207796481820277e-5
83,8,8,8.114620082054342e-5
83,8,9,4.280379778496449e-5
83,8,10,0.00016679443906826393
83,9,1,4.3049787452500085e-5
83,9,2,4.185968403373763e-5
83,9,3,4.263493826334562e-5
83,9,4,0.00012744875913468987
83,9,5,4.2788419280994314e-5
83,9,6,0.00017993266385135876
83,9,7,4.19723901351326e-5
83,9,8,8.115089269281456e-5
83,9,9,4.2823277326324604e-5
83,9,10,0.00016697999748145135
83,10,1,4.320079415719005e-5
83,10,2,4.171339319324469e-5
83,10,3,4.2628576906958795e-5
83,10,4,0.0001269996626929335
83,10,5,4.275012826217585e-5
83,10,6,0.0001799077141517134
83,10,7,4.190127434708435e-5
83,10,8,8.086885985636342e-5
83,10,9,4.281943458263933e-5
83,10,10,0.00016660701043131517
83,11,1,4.328101219559423e-5
83,11,2,4.160066036096589e-5
83,11,3,4.26003574628741e-5
83,11,4,0.0001270409208618943
83,11,5,4.2734622347250924e-5
83,11,6,0.00017995461548891815
83,11,7,4.187247922179909e-5
83,11,8,8.1179955194218e-5
83,11,9,4.280150949612921e-5
83,11,10,0.00016709598615577333
83,12,1,4.3311397398733765e-5
83,12,2,4.1540584726732066e-5
83,12,3,4.255869255507291e-5
83,12,4,0.0001270713538082191
83,12,5,4.276014631679252e-5
83,12,6,0.00017961649796168966
83,12,7,4.190582989807949e-5
83,12,8,8.094708397500727e-5
83,12,9,4.277522329696658e-5
83,12,10,0.0001666353003976665
83,13,1,4.33028853644777e-5
83,13,2,4.1523998413956886e-5
83,13,3,4.2536244308388496e-5
83,13,4,0.0001269438502759886
83,13,5,4.2792351904157655e-5
83,13,6,0.00017980433429794866
83,13,7,4.1967743023003225e-5
83,13,8,8.115599492350183e-5
83,13,9,4.275845685185486e-5
83,13,10,0.00016567325987163677
83,14,1,4.329528011221088e-5
83,14,2,4.157326476308717e-5
83,14,3,4.253965881103736e-5
83,14,4,0.00012710518460115
83,14,5,4.281067589276966e-5
83,14,6,0.00017979186387780713
83,14,7,4.201422167402888e-5
83,14,8,8.13706816802478e-5
83,14,9,4.276068997924627e-5
83,14,10,0.00016647850154012504
83,15,1,4.32934794343202e-5
83,15,2,4.163313296765058e-5
83,15,3,4.25592226633758e-5
83,15,4,0.00012671798698116323
83,15,5,4.284425189922086e-5
83,15,6,0.0001800868363615723
83,15,7,4.2064675154895765e-5
83,15,8,8.087752637930782e-5
83,15,9,4.277294624573207e-5
83,15,10,0.00016695224214745172
83,16,1,4.32991147177419e-5
83,16,2,4.1649310504855755e-5
83,16,3,4.2535328030332e-5
83,16,4,0.00012793636592774187
83,16,5,4.2861852568955174e-5
83,16,6,0.0001800320319361277
83,16,7,4.210915658804408e-5
83,16,8,8.146725080946095e-5
83,16,9,4.27586205958426e-5
83,16,10,0.00016720819920435607
83,17,1,4.32914457588186e-5
83,17,2,4.168676294802628e-5
83,17,3,4.2467603539553816e-5
83,17,4,0.00012764580724351497
83,17,5,4.286745707716514e-5
83,17,6,0.00018032105132450982
83,17,7,4.2127143545294254e-5
83,17,8,8.183070122792837e-5
83,17,9,4.2715554153209967e-5
83,17,10,0.00016691734014397537
83,18,1,4.327175663855072e-5
83,18,2,4.181827237740357e-5
83,18,3,4.2432034968808275e-5
83,18,4,0.00012776377579457865
83,18,5,4.289181470404086e-5
83,18,6,0.0001788482925377347
83,18,7,4.217022998111447e-5
83,18,8,8.21138946501843e-5
83,18,9,4.269310544917844e-5
83,18,10,0.0001652049952873393
83,19,1,4.320941430035476e-5
83,19,2,4.198913438703618e-5
83,19,3,4.250094307601565e-5
83,19,4,0.0001264511785180848
83,19,5,4.293902899339254e-5
83,19,6,0.00018040961255079603
83,19,7,4.224217528350587e-5
83,19,8,8.220204488310115e-5
83,19,9,4.273749248789071e-5
83,19,10,0.00016712866304052968
83,20,1,4.3168525189176156e-5
83,20,2,4.203244330092937e-5
83,20,3,4.2494648402875354e-5
83,20,4,0.00012797506355764312
83,20,5,4.29274030499171e-5
83,20,6,0.00018054382757057494
83,20,7,4.223387145375087e-5
83,20,8,8.16728235263631e-5
83,20,9,4.273333122743514e-5
83,20,10,0.00016681165521412146
83,21,1,4.347490899281783e-5
83,21,2,4.195486173739302e-5
83,21,3,4.247484863978749e-5
83,21,4,0.00012783382866649742
83,21,5,4.288907904479164e-5
83,21,6,0.0001801469403050684
83,21,7,4.2148910746544034e-5
83,21,8,8.184696344086599e-5
83,21,9,4.2719719837085964e-5
83,21,10,0.00016709620239634473
83,22,1,4.344351388698927e-5
83,22,2,4.1760811418398624e-5
83,22,3,4.2511405598029555e-5
83,22,4,0.00012696488793865742
83,22,5,4.283116812994213e-5
83,22,6,0.0001790355793950067
83,22,7,4.20554856300474e-5
83,22,8,8.117396098183685e-5
83,22,9,4.2744006558572786e-5
83,22,10,0.00016600307069983966
83,23,1,4.341462912488794e-5
83,23,2,4.1638666292022786e-5
83,23,3,4.251587510425821e-5
83,23,4,0.00012791943277138285
83,23,5,4.280931494452629e-5
83,23,6,0.00018021697699649678
83,23,7,4.200041593128181e-5
83,23,8,8.153745087135189e-5
83,23,9,4.274607676460291e-5
83,23,10,0.00016712155841064406
83,24,1,4.3498531508891704e-5
83,24,2,4.165441704736423e-5
83,24,3,4.246634181032823e-5
83,24,4,0.00012836851329586142
83,24,5,4.274340498868161e-5
83,24,6,0.00018085944966697055
83,24,7,4.1891764399391524e-5
83,24,8,8.178498634086838e-5
83,24,9,4.271566232371129e-5
83,24,10,0.00016791203542995404
84,1,1,0.0010123583397859371
84,1,2,0.0006053050569585157
84,1,3,0.0010254107497665223
84,1,4,0.000942961120390637
84,1,5,0.0008721798585582151
84,1,6,0.0008857206814280285
84,1,7,0.0006256079279127172
84,1,8,0.0009802143887120314
84,1,9,0.0014191162585221373
84,1,10,0.000851390720940043
84,2,1,0.0009941646507985098
84,2,2,0.0005556330096172648
84,2,3,0.001040297224996449
84,2,4,0.0010020630313226063
84,2,5,0.0010245569137817868
84,2,6,0.0010180711196116623
84,2,7,0.0009738507370090386
84,2,8,0.0009553224766144943
84,2,9,0.00044686951803320403
84,2,10,0.0010289282413985313
84,3,1,0.0009346471693077448
84,3,2,0.0005457877722937841
84,3,3,0.0009487008820507099
84,3,4,0.0008600558115440383
84,3,5,0.0010951090417999556
84,3,6,0.0010974920008079802
84,3,7,0.0005651696486766693
84,3,8,0.0004955596894215289
84,3,9,0.00043791747515698983
84,3,10,0.0007360233926072466
84,4,1,0.0006134096242620395
84,4,2,0.0009037909736358953
84,4,3,0.0009799437113031818
84,4,4,0.0009702481183259415
84,4,5,0.0009687763305727803
84,4,6,0.0009873786297612949
84,4,7,0.0005847613211259634
84,4,8,0.0009353516353636083
84,4,9,0.00045535071882525776
84,4,10,0.0009828000386277983
84,5,1,0.0006118761119413088
84,5,2,0.0005636746359098296
84,5,3,0.0009909368115255952
84,5,4,0.0009681146309075645
84,5,5,0.0001557403585355278
84,5,6,0.0009976479215079688
84,5,7,0.0005832562563238167
84,5,8,0.0009065818548169614
84,5,9,0.0009490908345365812
84,5,10,0.0005636029047166566
84,6,1,0.000616750044902081
84,6,2,0.0005684145132081197
84,6,3,0.0009666107322508118
84,6,4,0.0007372626408343778
84,6,5,0.0009368506623753357
84,6,6,0.0009933802624988248
84,6,7,0.00088612451471678
84,6,8,0.0005398934778593849
84,6,9,0.0009090335437089483
84,6,10,0.0005152938211134815
84,7,1,0.0010943666102080794
84,7,2,0.0005165655112919673
84,7,3,0.000718527083822471
84,7,4,0.0006589003310068247
84,7,5,0.001127783247530538
84,7,6,0.00047529035150723544
84,7,7,0.0005350922944830931
84,7,8,0.0010856394299257005
84,7,9,0.00041130323821246924
84,7,10,0.0005247524779560727
84,8,1,0.0009137023080952343
84,8,2,0.0008809695953370407
84,8,3,0.0007876326167218642
84,8,4,0.0007277532101766697
84,8,5,0.0009441578142813229
84,8,6,0.0005540400024046553
84,8,7,0.0008918099676264917
84,8,8,0.0005582181694847338
84,8,9,0.00043357472313880095
84,8,10,0.0008464077591718523
84,9,1,0.0005881192454615917
84,9,2,0.0005400631642203303
84,9,3,0.0007867984410512069
84,9,4,0.000886211936700626
84,9,5,0.0009489292022075593
84,9,6,0.0005907871250664973
84,9,7,0.0008958203433202737
84,9,8,0.0005252989788282498
84,9,9,0.0009203245329655099
84,9,10,0.0005728833938591049
84,10,1,0.0005830646651531676
84,10,2,0.0009167450208445162
84,10,3,0.0007807124805865453
84,10,4,0.0006958000948395492
84,10,5,0.0009784016743445726
84,10,6,0.00048641200405179387
84,10,7,0.0005539866693318138
84,10,8,0.0008766801965621606
84,10,9,0.0004282844592899702
84,10,10,0.0008841690497152422
84,11,1,0.0005839769717971172
84,11,2,0.0005357271757493216
84,11,3,0.0009973987586941783
84,11,4,0.0006999241848260544
84,11,5,0.0009724472906046318
84,11,6,0.0005839044592187677
84,11,7,0.0005549287851838336
84,11,8,0.0004916668412177019
84,11,9,0.0009465268314362056
84,11,10,0.0005050283188629362
84,12,1,0.000914545115966332
84,12,2,0.0005403563231927685
84,12,3,0.0009668516388460927
84,12,4,0.0007018568331858823
84,12,5,0.00013304044011854492
84,12,6,0.0008106029749391137
84,12,7,0.0008928977986285218
84,12,8,0.0008368923562271265
84,12,9,0.0009167476747792492
84,12,10,0.000879759831016589
84,13,1,0.0010397948394004972
84,13,2,0.00042053944162894353
84,13,3,0.00014139104351672973
84,13,4,0.0005750868076884941
84,13,5,7.729020905160327e-5
84,13,6,0.0004112344398779819
84,13,7,0.0004376773240386643
84,13,8,0.0003566172905712035
84,13,9,0.0010420870579751606
84,13,10,0.001000991355226582
84,14,1,0.00048209233189288675
84,14,2,0.0008314326452974389
84,14,3,0.0001559583606077977
84,14,4,0.0005923487576724283
84,14,5,0.000797451111470402
84,14,6,0.0008461656804097676
84,14,7,0.0008424938941880154
84,14,8,0.0003800711586094376
84,14,9,0.0008657262739809768
84,14,10,0.0007665108666854678
84,15,1,0.00045130720800695153
84,15,2,0.0004202245163207315
84,15,3,0.00014108520090399884
84,15,4,0.0009982062116329691
84,15,5,7.695049610278585e-5
84,15,6,0.00038116082708815276
84,15,7,0.00043713756534752713
84,15,8,0.0009898097842456492
84,15,9,0.0010459554098584658
84,15,10,0.00035267855323665564
84,16,1,0.0004891896165013544
84,16,2,0.0008011535213432186
84,16,3,0.000730185718683576
84,16,4,0.00037089839212634006
84,16,5,0.0007674129890539569
84,16,6,0.0007648933979821905
84,16,7,0.0008120568152977909
84,16,8,0.0007590831017722072
84,16,9,0.0008347839334811194
84,16,10,0.0003931326115365844
84,17,1,0.00043095756710451633
84,17,2,0.0003961379588489455
84,17,3,0.00012714545726481193
84,17,4,0.0003128808196784208
84,17,5,0.0011583192244575843
84,17,6,0.00039589706776328433
84,17,7,0.00041349681548531715
84,17,8,0.0003436142066538796
84,17,9,0.0002952847822799027
84,17,10,0.0003557710944959131
84,18,1,0.00036374195368007664
84,18,2,0.00040931539857836714
84,18,3,0.00013469907472035228
84,18,4,0.0003134894579532575
84,18,5,0.0010501916616271277
84,18,6,0.0010340163579728471
84,18,7,0.0011025358227389223
84,18,8,0.00035070417604155473
84,18,9,0.00030658216884282016
84,18,10,0.0010711796828576394
84,19,1,0.0011415247217155242
84,19,2,0.0004062460065610331
84,19,3,0.0010311974512998972
84,19,4,0.001083626890712655
84,19,5,6.859037498223639e-5
84,19,6,0.0003792185789079056
84,19,7,0.0004153382931698368
84,19,8,0.00034537692753774425
84,19,9,0.000303873282101231
84,19,10,0.000366513511888706
84,20,1,0.000476434234571136
84,20,2,0.000922761964915732
84,20,3,0.0008459440760369604
84,20,4,0.00033512285149556485
84,20,5,0.0008559620239756649
84,20,6,0.0003893496257157023
84,20,7,0.0004388874274460554
84,20,8,0.0008849236553736563
84,20,9,0.00032455268955883395
84,20,10,0.0008617635139919415
84,21,1,2.67324190884843e-5
84,21,2,0.0003584172594166196
84,21,3,0.00010589823670562806
84,21,4,0.0002871860193807371
84,21,5,4.97581421460749e-5
84,21,6,0.0004540293529890545
84,21,7,0.0003666901440460448
84,21,8,0.00031285392040040697
84,21,9,0.0010137094973594978
84,21,10,0.0003901112306452556
84,22,1,3.0453382387739086e-5
84,22,2,0.0009310742930033189
84,22,3,0.000854246318287324
84,22,4,0.0008938785208452595
84,22,5,0.0008641531646255618
84,22,6,0.0009496682693550404
84,22,7,0.0003795894347653216
84,22,8,0.0008926369635831544
84,22,9,0.0002608471099440313
84,22,10,0.0009468374572319326
84,23,1,0.0011072931578054006
84,23,2,0.00033277195080473403
84,23,3,9.232715345002981e-5
84,23,4,0.0002979197816731448
84,23,5,4.0452961887760914e-5
84,23,6,0.0004161667965538055
84,23,7,0.0003407769619469334
84,23,8,0.00029753242113936674
84,23,9,0.00022892953922219497
84,23,10,0.0004299971851980616
84,24,1,0.0002815493044568097
84,24,2,0.0009229855158200188
84,24,3,0.0008464271996838107
84,24,4,0.0003750194981380899
84,24,5,0.0008558732634149933
84,24,6,0.00046503346071695694
84,24,7,0.00036853292005707255
84,24,8,0.00033584265185526165
84,24,9,0.00028121511902407664
84,24,10,0.0004328051207325285
85,1,1,4.057734308600604e-6
85,1,2,3.6677755610493588e-6
85,1,3,3.7017065051148664e-6
85,1,4,0.00010193252451371089
85,1,5,3.911721842094704e-6
85,1,6,6.453053673263512e-6
85,1,7,3.683289497091245e-6
85,1,8,5.384286501092694e-5
85,1,9,3.6737775476661387e-6
85,1,10,0.00014331665671765155
85,2,1,4.058311097114869e-6
85,2,2,3.6677501387602727e-6
85,2,3,3.701640347485209e-6
85,2,4,0.0001019951152307797
85,2,5,3.910665117439297e-6
85,2,6,6.428110610574155e-6
85,2,7,3.6830584225943873e-6
85,2,8,5.432638986528423e-5
85,2,9,3.6741311746831544e-6
85,2,10,0.00014423965730030435
85,3,1,4.056656905955291e-6
85,3,2,3.667741738110588e-6
85,3,3,3.7015991104105215e-6
85,3,4,0.00010093807853593267
85,3,5,3.909738367435556e-6
85,3,6,6.418707412671839e-6
85,3,7,3.6832087001260194e-6
85,3,8,5.427950325308808e-5
85,3,9,3.674119065999698e-6
85,3,10,0.00014328313033705955
85,4,1,4.059902563033417e-6
85,4,2,3.6677015256882236e-6
85,4,3,3.7017253709311285e-6
85,4,4,0.00010212818845422843
85,4,5,3.91058074861171e-6
85,4,6,6.4350315507174425e-6
85,4,7,3.6832368723241155e-6
85,4,8,5.4412823495386716e-5
85,4,9,3.674137766449928e-6
85,4,10,0.00014471758693948512
85,5,1,4.059826554128275e-6
85,5,2,3.667751914133549e-6
85,5,3,3.7017120946928036e-6
85,5,4,0.00010232085331873834
85,5,5,3.913942271773954e-6
85,5,6,6.436436354563015e-6
85,5,7,3.683236650378213e-6
85,5,8,5.450332970883877e-5
85,5,9,3.674009820495041e-6
85,5,10,0.00014437095257187606
85,6,1,4.060154250875783e-6
85,6,2,3.66775802443185e-6
85,6,3,3.7018033151070075e-6
85,6,4,0.00010167108093367508
85,6,5,3.91114435178095e-6
85,6,6,6.4205780711136445e-6
85,6,7,3.6831401415407862e-6
85,6,8,5.4419902332588045e-5
85,6,9,3.6740344613752253e-6
85,6,10,0.00014445441912796177
85,7,1,4.057133420634195e-6
85,7,2,3.6677290377766096e-6
85,7,3,3.7017779987800965e-6
85,7,4,0.0001015414331902465
85,7,5,3.909462195618994e-6
85,7,6,0.00015700244687414383
85,7,7,3.683183346844728e-6
85,7,8,5.42409773024403e-5
85,7,9,3.6741051747049737e-6
85,7,10,0.0001442305282543679
85,8,1,4.059063582387353e-6
85,8,2,3.667699110285593e-6
85,8,3,3.7018805160812446e-6
85,8,4,0.00010174216970151876
85,8,5,3.9106293799117076e-6
85,8,6,0.00015751109432533426
85,8,7,3.683117046408403e-6
85,8,8,5.444086433594047e-5
85,8,9,3.6741352803606384e-6
85,8,10,0.00014508021949528633
85,9,1,4.060008279407156e-6
85,9,2,3.6677485464351252e-6
85,9,3,3.7018811987035763e-6
85,9,4,0.00010251538457935189
85,9,5,3.910468925870362e-6
85,9,6,0.00015766162499421433
85,9,7,3.6831074177785233e-6
85,9,8,5.443033956512488e-5
85,9,9,3.674005388397285e-6
85,9,10,0.0001445965213876036
85,10,1,4.05984744459659e-6
85,10,2,3.66768389340882e-6
85,10,3,3.70187706936615e-6
85,10,4,0.00010179154063008324
85,10,5,3.9104927629672725e-6
85,10,6,0.00015758947642267288
85,10,7,3.683226429855731e-6
85,10,8,5.4404180738324314e-5
85,10,9,3.674125858966515e-6
85,10,10,0.00014485732495011141
85,11,1,4.059833873126518e-6
85,11,2,3.6677382554031987e-6
85,11,3,3.7018061552046765e-6
85,11,4,0.00010184674162842106
85,11,5,3.910328123103945e-6
85,11,6,0.00015778851622151168
85,11,7,3.68321945728003e-6
85,11,8,5.4578722517296004e-5
85,11,9,3.6739887532075934e-6
85,11,10,0.00014461629946907676
85,12,1,4.059044440837694e-6
85,12,2,3.6677466278024874e-6
85,12,3,3.7018604193090905e-6
85,12,4,0.00010191275774854847
85,12,5,3.914819250839415e-6
85,12,6,0.00015798970627802625
85,12,7,3.683084121237686e-6
85,12,8,5.454182644775718e-5
85,12,9,3.674007251306489e-6
85,12,10,0.00014489617568460344
85,13,1,4.0553320310540125e-6
85,13,2,3.6676962466832233e-6
85,13,3,3.705287153491478e-6
85,13,4,0.0001017158603841607
85,13,5,3.913602471918126e-6
85,13,6,0.0001574000555661307
85,13,7,3.683110328609357e-6
85,13,8,5.4390297219698e-5
85,13,9,3.673848191277296e-6
85,13,10,0.00014417224044278943
85,14,1,4.059108602294093e-6
85,14,2,3.667652848432328e-6
85,14,3,3.705393962585418e-6
85,14,4,0.00010188318237862587
85,14,5,3.9100749152752465e-6
85,14,6,0.0001578707376213808
85,14,7,3.6830117826852377e-6
85,14,8,5.452045060718134e-5
85,14,9,3.6739534498902205e-6
85,14,10,0.0001446411875723374
85,15,1,4.058671045177395e-6
85,15,2,3.667695317888877e-6
85,15,3,3.705290240961316e-6
85,15,4,0.0001018989578327997
85,15,5,3.913708185556035e-6
85,15,6,0.0001573515328286206
85,15,7,3.6831102904274194e-6
85,15,8,5.4156523920957475e-5
85,15,9,3.673849332865151e-6
85,15,10,0.0001443041580053924
85,16,1,4.0597813865607406e-6
85,16,2,3.667657114627544e-6
85,16,3,3.704769191821668e-6
85,16,4,0.00010262822154712275
85,16,5,3.910394497613941e-6
85,16,6,0.00015802016015622293
85,16,7,3.683042853087507e-6
85,16,8,5.448559340923743e-5
85,16,9,3.6739759334067907e-6
85,16,10,0.0001446531613788849
85,17,1,4.058078960904351e-6
85,17,2,3.6676747382891873e-6
85,17,3,3.7052058135397378e-6
85,17,4,0.00010230100325608633
85,17,5,3.907542693422815e-6
85,17,6,0.000157478843459839
85,17,7,3.6830732744637008e-6
85,17,8,5.4373167180590995e-5
85,17,9,3.674066372069831e-6
85,17,10,0.00014431557233115022
85,18,1,4.059433256364194e-6
85,18,2,3.667687395765546e-6
85,18,3,3.7052624269540558e-6
85,18,4,0.00010244256580417171
85,18,5,3.908324969537827e-6
85,18,6,0.00015717799153965885
85,18,7,3.682811975636214e-6
85,18,8,5.440531938076261e-5
85,18,9,3.6740917201540674e-6
85,18,10,0.00014361124959388224
85,19,1,4.054245320130437e-6
85,19,2,3.6676811981138127e-6
85,19,3,3.70434845207657e-6
85,19,4,0.00010171276165655555
85,19,5,3.9134899530339814e-6
85,19,6,0.0001577359258319464
85,19,7,3.683103812719651e-6
85,19,8,5.442156440551395e-5
85,19,9,3.6740818192828445e-6
85,19,10,0.00014439440760704358
85,20,1,4.061855009285924e-6
85,20,2,3.667612180635796e-6
85,20,3,3.704610279329366e-6
85,20,4,0.00010270068774237399
85,20,5,3.909565169538239e-6
85,20,6,0.0001580403818722537
85,20,7,3.6831525636371036e-6
85,20,8,5.43745944759952e-5
85,20,9,3.674118089078854e-6
85,20,10,0.00014487612898539837
85,21,1,4.4808098127105395e-6
85,21,2,3.667665364661843e-6
85,21,3,3.7051732672025745e-6
85,21,4,0.00010248260884551567
85,21,5,3.9132433162210714e-6
85,21,6,0.00015781534756261398
85,21,7,3.683080567474789e-6
85,21,8,5.442682062218149e-5
85,21,9,3.673787323165179e-6
85,21,10,0.00014443530151814587
85,22,1,4.48227778487968e-6
85,22,2,3.6675809157731778e-6
85,22,3,3.7044455661931218e-6
85,22,4,0.00010203956543384946
85,22,5,3.908745172114385e-6
85,22,6,0.0001575809730283756
85,22,7,3.683114478977862e-6
85,22,8,5.4181818143785306e-5
85,22,9,3.6740991304960082e-6
85,22,10,0.0001442172539234756
85,23,1,4.455371905051244e-6
85,23,2,3.6676625968316236e-6
85,23,3,3.705093004270746e-6
85,23,4,0.00010255335854659192
85,23,5,3.912719856142265e-6
85,23,6,0.00015803104006197486
85,23,7,3.6830331253303995e-6
85,23,8,5.4414621757882245e-5
85,23,9,3.6740496273789228e-6
85,23,10,0.00014464000268949847
85,24,1,4.495877216250648e-6
85,24,2,3.667546801152979e-6
85,24,3,3.7043644994340008e-6
85,24,4,0.00010290368698103192
85,24,5,3.908174126795667e-6
85,24,6,0.0001583748483381476
85,24,7,3.6831035088483843e-6
85,24,8,5.4600119987541596e-5
85,24,9,3.6741164920038928e-6
85,24,10,0.00014521620932043264
86,1,1,0.0007300449162601139
86,1,2,0.00045544123425300426
86,1,3,0.0007387191887005005
86,1,4,0.000704017997647356
86,1,5,0.0006360458770837802
86,1,6,0.0006452950353136282
86,1,7,0.00046928083806701567
86,1,8,0.0007152537292734747
86,1,9,0.0010005217534949829
86,1,10,0.0006550078794071207
86,2,1,0.000717874339728514
86,2,2,0.00042149853759107487
86,2,3,0.000748667541504277
86,2,4,0.0007418472797385536
86,2,5,0.0007381791242277217
86,2,6,0.0007340069743448677
86,2,7,0.0007042212052327317
86,2,8,0.0006989723533996271
86,2,9,0.0003466547082846044
86,2,10,0.0007707124949847106
86,3,1,0.0006780081391836245
86,3,2,0.0004147549459216316
86,3,3,0.0006873773516456719
86,3,4,0.0006494188361070084
86,3,5,0.0007852942327869883
86,3,6,0.000787061382381903
86,3,7,0.00042802684204869084
86,3,8,0.0003841972033427302
86,3,9,0.0003404572707567837
86,3,10,0.0005775748167751159
86,4,1,0.0004610092323344347
86,4,2,0.0006572493504380834
86,4,3,0.0007083042356051031
86,4,4,0.0007213628542846635
86,4,5,0.000700853072533694
86,4,6,0.0007134753665455178
86,4,7,0.0004414199403020975
86,4,8,0.0006884481191444789
86,4,9,0.0003525229648420534
86,4,10,0.0007414575071583802
86,5,1,0.0004599638543709811
86,5,2,0.0004270027045540968
86,5,3,0.0007156620062411011
86,5,4,0.0007200410614593242
86,5,5,0.00013977045798335003
86,5,6,0.0007203531215342398
86,5,7,0.0004403927679822145
86,5,8,0.0006698782873992233
86,5,9,0.0006876345780193187
86,5,10,0.0004603573550815911
86,6,1,0.00046328676743726677
86,6,2,0.0004302452970304034
86,6,3,0.0006993763323697489
86,6,4,0.0005677707545233777
86,6,5,0.0006794644380998697
86,6,6,0.0007174817286007018
86,6,7,0.0006453876486236396
86,6,8,0.00041468734577673814
86,6,9,0.0006607692908805968
86,6,10,0.00046950781315322865
86,7,1,0.0007848170943307032
86,7,2,0.00039470392961960096
86,7,3,0.0005323770615435672
86,7,4,0.000514472240046897
86,7,5,0.0008070754515245177
86,7,6,0.0004035347859002951
86,7,7,0.00040742379698875035
86,7,8,0.0007830973873662387
86,7,9,0.0003219903030771712
86,7,10,0.00043374087921458786
86,8,1,0.0006639572833340356
86,8,2,0.0006419221761325154
86,8,3,0.000579085837647099
86,8,4,0.0005613399800879714
86,8,5,0.0006843631498778805
86,8,6,0.0004574480254442476
86,8,7,0.0006492067553845839
86,8,8,0.00043445636115131225
86,8,9,0.0003374483796525525
86,8,10,0.0006768612761608813
86,9,1,0.0004437515029625664
86,9,2,0.0004108318976579344
86,9,3,0.000578521023437701
86,9,4,0.0006669800971204543
86,9,5,0.0006875564619044822
86,9,6,0.0004825410447913108
86,9,7,0.0006518999989591072
86,9,8,0.00040466447656044654
86,9,9,0.0006683461357688976
86,9,10,0.00046673079499124867
86,10,1,0.0004402990748938706
86,10,2,0.0006659434774612784
86,10,3,0.000574413977171654
86,10,4,0.0005396791300181304
86,10,5,0.0007073089112723756
86,10,6,0.00038747133405317885
86,10,7,0.0004203752864605585
86,10,8,0.0006431484434449102
86,10,9,0.00033378074274685793
86,10,10,0.0006561073831962633
86,11,1,0.00044092243823758127
86,11,2,0.0004078576402050638
86,11,3,0.00071998449080492
86,11,4,0.000542494554920049
86,11,5,0.0007033113402826947
86,11,6,0.0004779165716886246
86,11,7,0.00042101767506781684
86,11,8,0.0003815251933008336
86,11,9,0.0006859163390987657
86,11,10,0.0003988086991107026
86,12,1,0.0006645234940047326
86,12,2,0.00041103321523306747
86,12,3,0.0006995393405907833
86,12,4,0.0005438236436428204
86,12,5,0.000122788568129009
86,12,6,0.0006079209454777368
86,12,7,0.0006499362203169427
86,12,8,0.0006259234362650472
86,12,9,0.0006659462266679573
86,12,10,0.000697105475017212
86,13,1,0.0007483832124408368
86,13,2,0.0003284058893526047
86,13,3,0.00012904199193478517
86,13,4,0.0004571573307972114
86,13,5,7.976449689972199e-5
86,13,6,0.0003596983204210486
86,13,7,0.00034029104903162755
86,13,8,0.0002876404489024553
86,13,9,0.0007498594427922719
86,13,10,0.0007343430589313231
86,14,1,0.0003711149771293909
86,14,2,0.0006086031777141625
86,14,3,0.00013990710753908464
86,14,4,0.0004690301897682224
86,14,5,0.0005857433419004262
86,14,6,0.0006556777648311622
86,14,7,0.000616052312288017
86,14,8,0.000304103290247632
86,14,9,0.0006316775041806896
86,14,10,0.0005768105158563092
86,15,1,0.0003498243723608383
86,15,2,0.0003281873006564188
86,15,3,0.00012881287977232383
86,15,4,0.0007393043478288759
86,15,5,7.95064102566185e-5
86,15,6,0.0003813325333683495
86,15,7,0.0003399171295074653
86,15,8,0.0007189999216804305
86,15,9,0.0007524443819765998
86,15,10,0.0003516976805548183
86,16,1,0.00037600549949735055
86,16,2,0.0005881999782381875
86,16,3,0.0005402706573583811
86,16,4,0.0003167978840830093
86,16,5,0.0005654706460770726
86,16,6,0.0006361759088570125
86,16,7,0.0005955527150353711
86,16,8,0.0005769131303045405
86,16,9,0.0006108599466724232
86,16,10,0.00032159329617069654
86,17,1,0.0003356719912110729
86,17,2,0.0003114394551279477
86,17,3,0.00011832269136765736
86,17,4,0.0002757398500145599
86,17,5,0.0008274209387849734
86,17,6,0.0003248620007674857
86,17,7,0.00032351488648776504
86,17,8,0.00029488373834687807
86,17,9,0.0002406306697842309
86,17,10,0.00035403022134267696
86,18,1,0.00028886164014292707
86,18,2,0.0003206071533439395
86,18,3,0.00012401640431763597
86,18,4,0.000276161226666463
86,18,5,0.0007553140799926241
86,18,6,0.0007612166452370253
86,18,7,0.000790210698497127
86,18,8,0.00028352363675421456
86,18,9,0.00024862683226120586
86,18,10,0.000781187121514275
86,19,1,0.000816252357781554
86,19,2,0.0003184727827206411
86,19,3,0.000742587494902339
86,19,4,0.0007943228203740957
86,19,5,7.280361733372441e-5
86,19,6,0.0003799986513083554
86,19,7,0.0003247980353271604
86,19,8,0.0002797840245021481
86,19,9,0.00024671293994754184
86,19,10,0.00036222846373903754
86,20,1,0.00036721636412966914
86,20,2,0.000669979740650387
86,20,3,0.0006183766418177452
86,20,4,0.00029164947692034626
86,20,5,0.000625153568633023
86,20,6,0.00038779982270239116
86,20,7,0.00034113297784145767
86,20,8,0.0006567529185544543
86,20,9,0.00026131083064690364
86,20,10,0.000684911726165542
86,21,1,3.716269714681202e-5
86,21,2,0.0002850942397375783
86,21,3,0.00010211523300122107
86,21,4,0.00025726411028098876
86,21,5,5.73056701492857e-5
86,21,6,0.00038919276812010106
86,21,7,0.0002908870997663219
86,21,8,0.0002709732963853277
86,21,9,0.000730891688600797
86,21,10,0.00034142499803054336
86,22,1,4.05655225734468e-5
86,22,2,0.0006755554284814525
86,22,3,0.0006239622275557678
86,22,4,0.0006717345997868148
86,22,5,0.0006306543053034211
86,22,6,0.0007240333245782521
86,22,7,0.0002999007103880927
86,22,8,0.0006538334803415113
86,22,9,0.0002161299882450754
86,22,10,0.0007183751399810574
86,23,1,0.0007934850345040044
86,23,2,0.00026709399017951725
86,23,3,9.159795032307933e-5
86,23,4,0.00026501202431702324
86,23,5,4.937343320600371e-5
86,23,6,0.00036319378499995343
86,23,7,0.0002727236953393516
86,23,8,0.0002522830911083037
86,23,9,0.00019322789616037006
86,23,10,0.00036892046647930284
86,24,1,0.0002309683168292736
86,24,2,0.0006701301368998237
86,24,3,0.0006187014458695883
86,24,4,0.000319510520068816
86,24,5,0.0006250850979705512
86,24,6,0.0003965849152506805
86,24,7,0.00029217636385241164
86,24,8,0.0002799802789879383
86,24,9,0.00023064412235226006
86,24,10,0.000370739753545655
87,1,1,2.615663775664435e-5
87,1,2,2.5742537633774453e-5
87,1,3,2.5776115360462338e-5
87,1,4,0.00011819476117393726
87,1,5,2.6010652607416763e-5
87,1,6,2.785226779247458e-5
87,1,7,2.5757852345709198e-5
87,1,8,7.002500240308346e-5
87,1,9,2.574903831800193e-5
87,1,10,0.00015812598113256021
87,2,1,2.6157448852226722e-5
87,2,2,2.574251267793258e-5
87,2,3,2.5776094667415923e-5
87,2,4,0.00011712126021265522
87,2,5,2.600946395884037e-5
87,2,6,2.7838907456343603e-5
87,2,7,2.5757676964547615e-5
87,2,8,7.047349599107348e-5
87,2,9,2.574938245349562e-5
87,2,10,0.0001590509545976973
87,3,1,2.6155942355915546e-5
87,3,2,2.574250233497179e-5
87,3,3,2.5776007453847474e-5
87,3,4,0.00011608438938768339
87,3,5,2.6008598218536518e-5
87,3,6,2.7833290794842605e-5
87,3,7,2.575777318988245e-5
87,3,8,7.039953845527425e-5
87,3,9,2.5749368526197497e-5
87,3,10,0.00015807944840147517
87,4,1,2.6158787072554025e-5
87,4,2,2.5742484851125064e-5
87,4,3,2.5776172881279962e-5
87,4,4,0.00011723564934666496
87,4,5,2.6009541012589706e-5
87,4,6,2.784311257151013e-5
87,4,7,2.57578060046949e-5
87,4,8,7.054678064574892e-5
87,4,9,2.5749390926500644e-5
87,4,10,0.00015951516008153437
87,5,1,2.615887450721328e-5
87,5,2,2.574251410839448e-5
87,5,3,2.5776165182015437e-5
87,5,4,0.00011742203692091519
87,5,5,2.601268131384633e-5
87,5,6,2.7843399943675455e-5
87,5,7,2.575780080412483e-5
87,5,8,7.063142678518606e-5
87,5,9,2.5749325843438972e-5
87,5,10,0.00015912853044216846
87,6,1,2.615904632831646e-5
87,6,2,2.5742521881058454e-5
87,6,3,2.577626469370551e-5
87,6,4,0.00011679255461420222
87,6,5,2.6009991864815495e-5
87,6,6,2.7825235097266824e-5
87,6,7,2.5757746771437217e-5
87,6,8,7.054604456054854e-5
87,6,9,2.574934735032927e-5
87,6,10,0.00015920894224206783
87,7,1,2.615630330769651e-5
87,7,2,2.5742491258147394e-5
87,7,3,2.5776195353537476e-5
87,7,4,0.00011663065255807715
87,7,5,2.600832975622437e-5
87,7,6,0.00017171946759416028
87,7,7,2.5757749494781618e-5
87,7,8,7.040461203743901e-5
87,7,9,2.5749362675070165e-5
87,7,10,0.00015897314234757594
87,8,1,2.6158151023255726e-5
87,8,2,2.5742483890403846e-5
87,8,3,2.5776320263625036e-5
87,8,4,0.00011683415294701128
87,8,5,2.600949158404227e-5
87,8,6,0.00017224208495677032
87,8,7,2.575772552025736e-5
87,8,8,7.056149985256622e-5
87,8,9,2.5749395449910312e-5
87,8,10,0.00015982640416308542
87,9,1,2.6158870742800382e-5
87,9,2,2.5742513658910476e-5
87,9,3,2.577632919104837e-5
87,9,4,0.00011759397121609726
87,9,5,2.6009386199112245e-5
87,9,6,0.00017240369373296326
87,9,7,2.5757717504002665e-5
87,9,8,7.054730612365296e-5
87,9,9,2.5749322555699815e-5
87,9,10,0.0001593667250527606
87,10,1,2.6158724634157226e-5
87,10,2,2.574247101236712e-5
87,10,3,2.57763358946211e-5
87,10,4,0.00011688443357073616
87,10,5,2.6009362143407226e-5
87,10,6,0.00017228661732661223
87,10,7,2.5757799413243238e-5
87,10,8,7.05340757740974e-5
87,10,9,2.5749388949642805e-5
87,10,10,0.00015969013784650644
87,11,1,2.615872112969701e-5
87,11,2,2.5742504150063515e-5
87,11,3,2.5776303183489953e-5
87,11,4,0.00011693943002687911
87,11,5,2.6009245736003982e-5
87,11,6,0.00017252436631819606
87,11,7,2.5757794666924516e-5
87,11,8,7.067531655600965e-5
87,11,9,2.5749309470996698e-5
87,11,10,0.00015936320727555204
87,12,1,2.6158132053681462e-5
87,12,2,2.5742515160418317e-5
87,12,3,2.577635510663683e-5
87,12,4,0.00011700472148952322
87,12,5,2.6013498845353124e-5
87,12,6,0.00017275043081564303
87,12,7,2.5757704524762803e-5
87,12,8,7.064974388744904e-5
87,12,9,2.5749330209715345e-5
87,12,10,0.00015964911517529965
87,13,1,2.6154510900329388e-5
87,13,2,2.5742457664772343e-5
87,13,3,2.577968754825888e-5
87,13,4,0.00011679032773921254
87,13,5,2.6012091390017666e-5
87,13,6,0.0001720920008700734
87,13,7,2.575767848471803e-5
87,13,8,7.047795138990235e-5
87,13,9,2.5749169471415163e-5
87,13,10,0.00015904383172116632
87,14,1,2.615794956768115e-5
87,14,2,2.574243747781378e-5
87,14,3,2.577980540669689e-5
87,14,4,0.00011695664963705123
87,14,5,2.6008873843962267e-5
87,14,6,0.00017257966320445394
87,14,7,2.5757623459082803e-5
87,14,8,7.060843894019867e-5
87,14,9,2.5749276435471187e-5
87,14,10,0.0001593193483897089
87,15,1,2.615746198546343e-5
87,15,2,2.5742457923078276e-5
87,15,3,2.5779696311560076e-5
87,15,4,0.00011699674510108252
87,15,5,2.6012196423828247e-5
87,15,6,0.00017204934945995025
87,15,7,2.5757681182364724e-5
87,15,8,7.031810407643218e-5
87,15,9,2.5749174202822083e-5
87,15,10,0.0001590288520071979
87,16,1,2.6158603293764984e-5
87,16,2,2.5742441127949803e-5
87,16,3,2.5779246595416543e-5
87,16,4,0.00011765504499259439
87,16,5,2.6009195288559464e-5
87,16,6,0.0001726933586361934
87,16,7,2.5757655180525563e-5
87,16,8,7.058246955360647e-5
87,16,9,2.574930460150903e-5
87,16,10,0.00015935007206091298
87,17,1,2.6156835492930772e-5
87,17,2,2.5742437854315954e-5
87,17,3,2.5779603869954175e-5
87,17,4,0.00011730937648825656
87,17,5,2.6006277572305545e-5
87,17,6,0.00017213391898281
87,17,7,2.575763893302787e-5
87,17,8,7.046430218147163e-5
87,17,9,2.574935811526746e-5
87,17,10,0.00015902073284811434
87,18,1,2.6158117811446128e-5
87,18,2,2.5742449624754334e-5
87,18,3,2.5779657203772734e-5
87,18,4,0.00011744994017896745
87,18,5,2.60071056617343e-5
87,18,6,0.0001718317638163922
87,18,7,2.5757446005021083e-5
87,18,8,7.047657872026039e-5
87,18,9,2.57493893434638e-5
87,18,10,0.000158460781687635
87,19,1,2.6153507915816236e-5
87,19,2,2.574244754115762e-5
87,19,3,2.5778836028391446e-5
87,19,4,0.00011681513909083633
87,19,5,2.601196278946883e-5
87,19,6,0.00017239990764830764
87,19,7,2.5757677876133556e-5
87,19,8,7.04713096132356e-5
87,19,9,2.5749378263362097e-5
87,19,10,0.00015910182451036334
87,20,1,2.616071022712738e-5
87,20,2,2.5742404156067423e-5
87,20,3,2.577909363359851e-5
87,20,4,0.00011771004726584255
87,20,5,2.6008368452715484e-5
87,20,6,0.00017270608024307058
87,20,7,2.5757729208780796e-5
87,20,8,7.04820921580161e-5
87,20,9,2.5749419785628378e-5
87,20,10,0.0001596049531161278
87,21,1,2.6541117932883964e-5
87,21,2,2.574243036993244e-5
87,21,3,2.5779562718232313e-5
87,21,4,0.00011748071873472081
87,21,5,2.601161712336754e-5
87,21,6,0.00017248313665090248
87,21,7,2.5757653299588615e-5
87,21,8,7.050974124393503e-5
87,21,9,2.5749120794677443e-5
87,21,10,0.00015914087200598982
87,22,1,2.6542520332401333e-5
87,22,2,2.5742371392131796e-5
87,22,3,2.5778930279355207e-5
87,22,4,0.00011709643675823481
87,22,5,2.600747473254245e-5
87,22,6,0.00017228304096667985
87,22,7,2.575769229252687e-5
87,22,8,7.029155473233691e-5
87,22,9,2.5749405591431077e-5
87,22,10,0.0001589515082297432
87,23,1,2.652078016903498e-5
87,23,2,2.574243569431421e-5
87,23,3,2.577947987520757e-5
87,23,4,0.00011753345359499032
87,23,5,2.601105974254552e-5
87,23,6,0.0001726774537602174
87,23,7,2.5757611484120213e-5
87,23,8,7.048696520558899e-5
87,23,9,2.5749359425742092e-5
87,23,10,0.00015933695347909098
87,24,1,2.6555365810288527e-5
87,24,2,2.5742312018934244e-5
87,24,3,2.5778804930746723e-5
87,24,4,0.00011779177964941889
87,24,5,2.60066023376549e-5
87,24,6,0.0001728576658486506
87,24,7,2.575767214020157e-5
87,24,8,7.061835526397862e-5
87,24,9,2.5749420909749285e-5
87,24,10,0.00015972246605248442
88,1,1,0.0007694797868122311
88,1,2,0.0005099384161004049
88,1,3,0.0007775565905830657
88,1,4,0.0007511824962061478
88,1,5,0.0006814446051091155
88,1,6,0.0006901602256713388
88,1,7,0.0005232195545973212
88,1,8,0.0007578858625792558
88,1,9,0.0010196250054898633
88,1,10,0.0007066836583227047
88,2,1,0.000758119991022316
88,2,2,0.0004772450228491849
88,2,3,0.0007868282071418807
88,2,4,0.0007864203044497432
88,2,5,0.0007770608835330672
88,2,6,0.0007731899890469234
88,2,7,0.0007453520542063101
88,2,8,0.0007428073661131372
88,2,9,0.00040444738207282363
88,2,10,0.0008161763711609751
88,3,1,0.0007208332040481153
88,3,2,0.0004707278893161928
88,3,3,0.0007295951114845382
88,3,4,0.0006995370189929569
88,3,5,0.0008209148437247858
88,3,6,0.0008225863531809177
88,3,7,0.00048355028869510495
88,3,8,0.00044152911812239936
88,3,9,0.0003983693393004549
88,3,10,0.0006319048239433799
88,4,1,0.0005152895255495318
88,4,2,0.000701355806649117
88,4,3,0.0007491675070097559
88,4,4,0.000767326892356526
88,4,5,0.0007422084755500771
88,4,6,0.0007540267478807438
88,4,7,0.0004964549209349697
88,4,8,0.0007330813198176703
88,4,9,0.00041019669167600357
88,4,10,0.0007887426964283832
88,5,1,0.0005142860167160405
88,5,2,0.00048255888403144723
88,5,3,0.0007560412333704672
88,5,4,0.0007660916937793738
88,5,5,0.0001945245133507847
88,5,6,0.0007604534673479941
88,5,7,0.0004954662322317285
88,5,8,0.0007158030726524483
88,5,9,0.0007298347719048003
88,5,10,0.0005174087409999765
88,6,1,0.0005174753317228321
88,6,2,0.0004856870769545066
88,6,3,0.0007408214978209781
88,6,4,0.0006213457114376305
88,6,5,0.0007221927954685514
88,6,6,0.0007577645757360997
88,6,7,0.0006902184568785574
88,6,8,0.000492689731480629
88,6,9,0.0007046589478700343
88,6,10,0.000526399374880692
88,7,1,0.0008204769662836028
88,7,2,0.00045130521058476695
88,7,3,0.000583447006583906
88,7,4,0.0005697337131912654
88,7,5,0.0008411403250302116
88,7,6,0.000461279126949142
88,7,7,0.00046363626897010185
88,7,8,0.0008246337806373436
88,7,9,0.00038020388972072826
88,7,10,0.0004912066566051638
88,8,1,0.0007076617368796125
88,8,2,0.0006869616193431341
88,8,3,0.0006277313525482869
88,8,4,0.0006151240150909034
88,8,5,0.000726780415437471
88,8,6,0.0005146095762546597
88,8,7,0.0006938058744995833
88,8,8,0.0004910882649429034
88,8,9,0.0003954149933813168
88,8,10,0.0007274642359607527
88,9,1,0.0004987039537395975
88,9,2,0.00046693305993170527
88,9,3,0.0006272014419524695
88,9,4,0.0007162085089604216
88,9,5,0.0007297687400772284
88,9,6,0.0005392704853367661
88,9,7,0.0006963349342919304
88,9,8,0.0004614552902857978
88,9,9,0.0007117652104208269
88,9,10,0.0005236811232663522
88,10,1,0.0004953808553048584
88,10,2,0.0007095120034217308
88,10,3,0.0006233158241054327
88,10,4,0.0005941930021694277
88,10,5,0.0007482448530880734
88,10,6,0.0004449862223600832
88,10,7,0.00047616037366411267
88,10,8,0.0006890261145324329
88,10,9,0.00039181112808363657
88,10,10,0.0007027563202266115
88,11,1,0.0004959809273851858
88,11,2,0.0004640553698540748
88,11,3,0.0007600769331627558
88,11,4,0.0005969231255076502
88,11,5,0.0007445067797001515
88,11,6,0.0005346834087185258
88,11,7,0.0004767807961368025
88,11,8,0.00043892870083700057
88,11,9,0.0007282263146358964
88,11,10,0.00045617518092128426
88,12,1,0.0007081927137962049
88,12,2,0.0004671278148486692
88,12,3,0.0007409739825038945
88,12,4,0.0005981723651158547
88,12,5,0.0001762447625553757
88,12,6,0.000657366176810156
88,12,7,0.0006944905065866318
88,12,8,0.0006747211238333685
88,12,9,0.0007095148775548854
88,12,10,0.0007466260834397872
88,13,1,0.000786576139771178
88,13,2,0.00038652372864844204
88,13,3,0.00018300618920146102
88,13,4,0.0005139013444817521
88,13,5,0.0001282968767615887
88,13,6,0.0004175243529283966
88,13,7,0.00039820898876951434
88,13,8,0.00036426944422228983
88,13,9,0.0007879374633690675
88,13,10,0.0007761954933129293
88,14,1,0.00042837345370009427
88,14,2,0.000655599970800129
88,14,3,0.00019467698125495066
88,14,4,0.0005254806055157942
88,14,5,0.0006340298170658437
88,14,6,0.0007074411546766965
88,14,7,0.0006626208015331103
88,14,8,0.0003819099094828181
88,14,9,0.0006773295603897537
88,14,10,0.0006275884154068851
88,15,1,0.00040758481860027346
88,15,2,0.00038630849493596594
88,15,3,0.00018275888990891467
88,15,4,0.0007839676848609166
88,15,5,0.00012799908429490808
88,15,6,0.00043928106896954023
88,15,7,0.00039784235198723735
88,15,8,0.0007665586602324519
88,15,9,0.0007903452425769091
88,15,10,0.0004099026323631423
88,16,1,0.00043313859363526184
88,16,2,0.0006363445315235094
88,16,3,0.0005909474876311046
88,16,4,0.0003756724252858672
88,16,5,0.0006148513305033238
88,16,6,0.0006887038132221363
88,16,7,0.0006432889421324727
88,16,8,0.0006284316421127282
88,16,9,0.0006577276209877027
88,16,10,0.0004403984337221149
88,17,1,0.00039367880911721865
88,17,2,0.00036978684904803233
88,17,3,0.00017137735926748014
88,17,4,0.00033440011316934417
88,17,5,0.0008600067931865756
88,17,6,0.00044995458842771554
88,17,7,0.0003817063969078528
88,17,8,0.0003543039320076771
88,17,9,0.00029904257191835747
88,17,10,0.0004122148921461537
88,18,1,0.000347395784031528
88,18,2,0.00037884071560347017
88,18,3,0.00017757384748089288
88,18,4,0.0003348537826257461
88,18,5,0.0007930268725543319
88,18,6,0.0008397327839623779
88,18,7,0.000825473628855628
88,18,8,0.0003420599441909369
88,18,9,0.0003071150705529207
88,18,10,0.0008198395904733444
88,19,1,0.0008496588246924156
88,19,2,0.0003767339020169219
88,19,3,0.0007811626599247694
88,19,4,0.000834930141456373
88,19,5,0.00012024418874833464
88,19,6,0.00043776565261850644
88,19,7,0.0003829711743472676
88,19,8,0.0003555319992875227
88,19,9,0.00030518486625446265
88,19,10,0.00042033752173376503
88,20,1,0.00042457342068434974
88,20,2,0.0007132962450841818
88,20,3,0.0006648110552628116
88,20,4,0.0003504848466984916
88,20,5,0.000671197533241137
88,20,6,0.0004455397038429847
88,20,7,0.0003990324936995064
88,20,8,0.0007036073819249256
88,20,9,0.00031987199981100737
88,20,10,0.0007348701002077933
88,21,1,7.663742479624608e-5
88,21,2,0.0003436474582702571
88,21,3,0.00015354072342788639
88,21,4,0.0003155898869655822
88,21,5,0.00010187872120991719
88,21,6,0.00044704423653422023
88,21,7,0.0003494118706381134
88,21,8,0.00033046286828164933
88,21,9,0.0007702555701537407
88,21,10,0.00039955976566757775
88,22,1,8.103541727087688e-5
88,22,2,0.0007185220921868949
88,22,3,0.0006700705316298993
88,22,4,0.0007206008990304636
88,22,5,0.0006763739513569688
88,22,6,0.000772649099713426
88,22,7,0.0003583620121846586
88,22,8,0.000708675060467642
88,22,9,0.00027414977581772496
88,22,10,0.0007666315121240069
88,23,1,0.0008285423171348232
88,23,2,0.0003256698668201476
88,23,3,0.0001417726636306763
88,23,4,0.00032345900430330544
88,23,5,9.218117757614123e-5
88,23,6,0.0004209843230261344
88,23,7,0.00033130336804461754
88,23,8,0.0003115959995737955
88,23,9,0.00025063234568559374
88,23,10,0.0004269902411659098
88,24,1,0.00028924728648912107
88,24,2,0.0007134373724096492
88,24,3,0.0006651169137868859
88,24,4,0.0003782010370122431
88,24,5,0.0006711328911256947
88,24,6,0.0004540311063504895
88,24,7,0.00035069348599961063
88,24,8,0.00033935558535859363
88,24,9,0.0002889263529360085
88,24,10,0.0004284678700980106
89,1,1,0.00012147336666178227
89,1,2,0.0006250073757064084
89,1,3,0.00011265434838589122
89,1,4,0.00024651424250778944
89,1,5,0.0002387552852341431
89,1,6,0.00022640014091762964
89,1,7,0.000586036852025149
89,1,8,0.00016657828653294176
89,1,9,1.500864746690331e-7
89,1,10,0.000371109232113166
89,2,1,9.018799119483824e-6
89,2,2,0.0003385771830972126
89,2,3,2.4846424231465284e-6
89,2,4,0.00010664836104549012
89,2,5,4.290213968457985e-6
89,2,6,5.758666865965444e-6
89,2,7,1.2990154473162635e-5
89,2,8,4.2794355485068225e-5
89,2,9,0.0005338440437429303
89,2,10,9.246212906774367e-5
89,3,1,6.637270268379621e-6
89,3,2,0.000272739567165789
89,3,3,4.4273606477660535e-6
89,3,4,0.00012663550359971824
89,3,5,5.64602748480887e-6
89,3,6,5.837091682556062e-6
89,3,7,0.0002471030517502045
89,3,8,0.0003787260377819407
89,3,9,0.0004504961385372133
89,3,10,0.0002399370553120253
89,4,1,0.0003327337646611429
89,4,2,6.346886882766439e-5
89,4,3,3.091313584416172e-5
89,4,4,0.00013304989656547498
89,4,5,3.499291292788542e-5
89,4,6,3.0122471112843554e-5
89,4,7,0.00037502227782463496
89,4,8,6.863590329387485e-5
89,4,9,0.0006182331468027888
89,4,10,0.00017732239746377838
89,5,1,0.00032186594225442575
89,5,2,0.0003942692674678092
89,5,3,2.3610023323058755e-5
89,5,4,0.00013021173700673505
89,5,5,0.0017307697863855017
89,5,6,2.2554913548631577e-5
89,5,7,0.00036348716375139597
89,5,8,0.00010028711154776833
89,5,9,3.796516446006381e-5
89,5,10,0.000604499990260164
89,6,1,0.00036228247265289893
89,6,2,0.000438776633459557
89,6,3,4.757100908631108e-5
89,6,4,0.00030354305296086207
89,6,5,6.146029985105032e-5
89,6,6,3.909350958179828e-5
89,6,7,8.954802648320483e-5
89,6,8,0.000521234464453852
89,6,9,7.605817047983837e-5
89,6,10,0.0006370155260392487
89,7,1,4.311614405884464e-5
89,7,2,0.0001828781828389371
89,7,3,3.171182242681713e-5
89,7,4,0.00016988434212177167
89,7,5,5.672513344647718e-5
89,7,6,0.00045240418151524234
89,7,7,0.00016236336712267176
89,7,8,5.8446415468538034e-5
89,7,9,0.0003332362057547079
89,7,10,0.00033218622057923255
89,8,1,2.6156756554039155e-5
89,8,2,3.7964541411189635e-5
89,8,3,8.645129537702738e-5
89,8,4,0.00022926329524392493
89,8,5,1.7170869477883653e-5
89,8,6,0.0005510970026113587
89,8,7,3.374341372162351e-5
89,8,8,0.0003798686323181184
89,8,9,0.0005436362722056046
89,8,10,0.00018854396150431099
89,9,1,0.0002732438031423905
89,9,2,0.0003414849001576694
89,9,3,8.395974003212235e-5
89,9,4,0.0001347894644746871
89,9,5,1.4685744902777933e-5
89,9,6,0.0004627433136795819
89,9,7,3.0423809516114728e-5
89,9,8,0.0003933804228747272
89,9,9,2.2332967545260574e-5
89,9,10,0.00047450337094546963
89,10,1,0.00024134400796945902
89,10,2,1.3275157928554817e-5
89,10,3,6.687355208591551e-5
89,10,4,0.0002273050148850788
89,10,5,2.9783337365970023e-6
89,10,6,0.0004953521639097264
89,10,7,0.0002791113140608619
89,10,8,4.81745060815444e-5
89,10,9,0.0004929176524153844
89,10,10,0.00010531968941627492
89,11,1,0.0002472621432631411
89,11,2,0.000312881895479312
89,11,3,1.8059842075621785e-6
89,11,4,0.00022526179668778078
89,11,5,4.545584023327019e-6
89,11,6,0.0004364074740260414
89,11,7,0.0002853829230726431
89,11,8,0.00041284220586641085
89,11,9,8.542367676915385e-6
89,11,10,0.0004466887227771981
89,12,1,2.52542931421706e-5
89,12,2,0.00034481621850544205
89,12,3,1.1288826841977228e-5
89,12,4,0.00024759381247406193
89,12,5,0.001695342068815126
89,12,6,0.0001455474827762336
89,12,7,3.262735471408422e-5
89,12,8,7.719551538945837e-5
89,12,9,2.4428919294663434e-5
89,12,10,0.00017597074924327228
89,13,1,0.0002763474184181441
89,13,2,3.7465960842570473e-5
89,13,3,0.0005170074542170286
89,13,4,9.650776287809634e-5
89,13,5,0.000824210142083814
89,13,6,0.0001787606389001263
89,13,7,2.8325938163718607e-5
89,13,8,0.00012517167900320426
89,13,9,0.0002786323077840206
89,13,10,0.00025865145210034586
89,14,1,9.541074586715109e-5
89,14,2,1.2813564470036635e-5
89,14,3,0.0007845534469748794
89,14,4,0.00014099543764149058
89,14,5,5.958237126212892e-6
89,14,6,9.478910668060697e-5
89,14,7,1.5609368972420484e-5
89,14,8,0.00024214323015435055
89,14,9,2.229368706442183e-5
89,14,10,8.603038873341341e-5
89,15,1,2.0916878426531317e-5
89,15,2,3.592666165378877e-5
89,15,3,0.0005116973461450694
89,15,4,0.0002405597541023951
89,15,5,0.0008182086271857203
89,15,6,0.00014861307055709917
89,15,7,2.7095756014390133e-5
89,15,8,0.000236766934881947
89,15,9,0.0002873166714834155
89,15,10,0.0002197990064327081
89,16,1,0.00011432371599019492
89,16,2,1.7336664356866885e-6
89,16,3,1.4013031969944762e-6
89,16,4,0.00039230381409941905
89,16,5,2.7718143133131985e-7
89,16,6,9.41356335330663e-5
89,16,7,2.857922251863832e-6
89,16,8,3.1535293225510396e-5
89,16,9,6.0361585265322726e-6
89,16,10,0.00033490725002578784
89,17,1,9.935026801355787e-7
89,17,2,4.549502730331696e-7
89,17,3,0.00029938823597727905
89,17,4,0.00014155143510894444
89,17,5,0.0007137826463428653
89,17,6,0.00015484795684986535
89,17,7,3.884245771485869e-8
89,17,8,6.0932168894766844e-5
89,17,9,3.503964797310749e-5
89,17,10,0.00015379347861157352
89,18,1,3.5048451048905156e-5
89,18,2,1.323156745918404e-5
89,18,3,0.0004108643135071492
89,18,4,0.0001879893161938554
89,18,5,0.0003980749182758038
89,18,6,0.0003904562535976967
89,18,7,0.00046233784042382125
89,18,8,9.005296246090204e-5
89,18,9,7.908971359161223e-5
89,18,10,0.00042627602987824014
89,19,1,0.0005518325726023957
89,19,2,8.56328597832981e-6
89,19,3,0.0004095868951450826
89,19,4,0.0004662410897486905
89,19,5,0.0006663853665097198
89,19,6,0.00017955425729211256
89,19,7,6.222491625426893e-6
89,19,8,5.929865207177413e-5
89,19,9,6.697905730760492e-5
89,19,10,0.00010525458141748483
89,20,1,3.950651809942707e-5
89,20,2,0.00010660204939346388
89,20,3,6.112704189865008e-5
89,20,4,0.00028870107435046403
89,20,5,6.649176015992167e-5
89,20,6,0.0002476024153432597
89,20,7,6.297614546826592e-5
89,20,8,9.154200333542303e-5
89,20,9,0.00018501640086231728
89,20,10,0.00011258415024804281
89,21,1,0.0006769811514660233
89,21,2,2.8933790931919405e-7
89,21,3,0.0002599389733198884
89,21,4,0.0001252722853873024
89,21,5,0.0004998445740565703
89,21,6,0.00014331444961570355
89,21,7,9.167349189718323e-7
89,21,8,5.281636166862843e-5
89,21,9,0.0006516159269425125
89,21,10,8.765685047784633e-5
89,22,1,0.0008504077203725989
89,22,2,0.0003662287583219299
89,22,3,0.00027693658049008886
89,22,4,0.0003069383645595023
89,22,5,0.0002879520847881396
89,22,6,0.00035508867587108575
89,22,7,4.943526944075721e-6
89,22,8,0.00032205202815424215
89,22,9,7.48601659022644e-5
89,22,10,0.000351176066087725
89,23,1,0.001282767859604975
89,23,2,4.488340735862925e-5
89,23,3,9.869916595261375e-5
89,23,4,8.555970447625775e-5
89,23,5,0.00026218276981628257
89,23,6,0.00014268534548602033
89,23,7,5.070049118911339e-5
89,23,8,3.8062419007484283e-5
89,23,9,5.012468962171278e-7
89,23,10,0.00013702152932066404
89,24,1,3.9962385944058614e-5
89,24,2,0.00040299899453727855
89,24,3,0.00030895234995226696
89,24,4,0.00011177439770678424
89,24,5,0.0003201112439665107
89,24,6,0.00015443261603218626
89,24,7,2.511773294832483e-6
89,24,8,6.716509851148307e-5
89,24,9,3.923596546427695e-5
89,24,10,0.00014669917232394073
90,1,1,0.0011688542492544912
90,1,2,0.0011687084173814476
90,1,3,0.0011687196417427864
90,1,4,0.0012024916254255204
90,1,5,0.0011688025635916797
90,1,6,0.001169388832415148
90,1,7,0.0011687133224235506
90,1,8,0.0011830590616574753
90,1,9,0.0011687103276646783
90,1,10,0.0012234548787699187
90,2,1,0.0009615211566609282
90,2,2,0.0009613724409031153
90,2,3,0.0009613849063878828
90,2,4,0.0010072284360453045
90,2,5,0.0009614678084805517
90,2,6,0.0009619604538431077
90,2,7,0.0009613780073583361
90,2,8,0.000980416090361913
90,2,9,0.000961374844815706
90,2,10,0.00103377548186085
90,3,1,0.000909659932629801
90,3,2,0.0009095107952057288
90,3,3,0.0009095241953957155
90,3,4,0.0009587928406959947
90,3,5,0.0009096064797761304
90,3,6,0.0009101096156472326
90,3,7,0.0009095168567536795
90,3,8,0.0009308216518700938
90,3,9,0.0009095132903875892
90,3,10,0.0009861708738841944
90,4,1,0.0010113741301864205
90,4,2,0.0010112250289331483
90,4,3,0.0010112372920450935
90,4,4,0.0010533354583024978
90,4,5,0.0010113207907337081
90,4,6,0.0010118243629791883
90,4,7,0.0010112303889865876
90,4,8,0.001028568293943431
90,4,9,0.0010112273452694395
90,4,10,0.0010791807767945322
90,5,1,0.0010029086683228717
90,5,2,0.0010027561707628616
90,5,3,0.00100276921379325
90,5,4,0.0010454776371728528
90,5,5,0.0010028553086073155
90,5,6,0.001003338508853868
90,5,7,0.001002761879586473
90,5,8,0.0010203641955079893
90,5,9,0.001002758678082294
90,5,10,0.0010711877545751414
90,6,1,0.0010332119203301422
90,6,2,0.0010330615168179077
90,6,3,0.0010330739189445568
90,6,4,0.0010734457389883622
90,6,5,0.001033158191169723
90,6,6,0.0010336522517481956
90,6,7,0.0010330668585059781
90,6,8,0.0010498558185958384
90,6,9,0.0010330638157625802
90,6,10,0.001098797449497277
90,7,1,0.000817948326296998
90,7,2,0.0008178072755966704
90,7,3,0.0008178209978838091
90,7,4,0.000874165122259049
90,7,5,0.000817898004832481
90,7,6,0.0009113969302824475
90,7,7,0.000817813616576762
90,7,8,0.0008443134346293876
90,7,9,0.0008178099873187634
90,7,10,0.0009024974296921289
90,8,1,0.0009523367885068083
90,8,2,0.0009521867413339959
90,8,3,0.0009521996892868991
90,8,4,0.0009983706761894022
90,8,5,0.0009522831329690503
90,8,6,0.0010341261802046678
90,8,7,0.0009521923657177377
90,8,8,0.0009715441742844549
90,8,9,0.000952189268133422
90,8,10,0.0010258237963107252
90,9,1,0.0009486105024328657
90,9,2,0.0009484591207195242
90,9,3,0.0009484724442897132
90,9,4,0.0009953315893599024
90,9,5,0.0009485561016918623
90,9,6,0.0010308368424047437
90,9,7,0.0009484650245700067
90,9,8,0.0009679616384700665
90,9,9,0.0009484618788560617
90,9,10,0.0010220628185782542
90,10,1,0.0009215227712442163
90,10,2,0.0009213726151727746
90,10,3,0.0009213860133601904
90,10,4,0.0009699878713479934
90,10,5,0.0009214687917692364
90,10,6,0.001006237685211418
90,10,7,0.0009213785735552011
90,10,8,0.0009422196055044336
90,10,9,0.0009213754242736302
90,10,10,0.000997738896525255
90,11,1,0.0009265973981378692
90,11,2,0.000926444173216616
90,11,3,0.0009264579339335144
90,11,4,0.0009747092619709832
90,11,5,0.0009265420284112437
90,11,6,0.0010110722827880814
90,11,7,0.000926450202800071
90,11,8,0.0009470351195247391
90,11,9,0.0009264475553551738
90,11,10,0.0010021000040492131
90,12,1,0.0009509417871039285
90,12,2,0.0009507869561958733
90,12,3,0.0009508007062834046
90,12,4,0.0009972094893634356
90,12,5,0.0009508876596905354
90,12,6,0.0010332159301400798
90,12,7,0.0009507929158080404
90,12,8,0.0009703350166449747
90,12,9,0.0009507899462182422
90,12,10,0.0010243623471316557
90,13,1,0.0005891168089324699
90,13,2,0.000589010410969253
90,13,3,0.0005890240858830253
90,13,4,0.0006522514232682929
90,13,5,0.000589074954189997
90,13,6,0.0006911725630576542
90,13,7,0.0005890173603817243
90,13,8,0.0006210048224358674
90,13,9,0.0005890132593012912
90,13,10,0.000681733232993676
90,14,1,0.0007101199748450175
90,14,2,0.000710004661618953
90,14,3,0.000710021333701611
90,14,4,0.000772450943170877
90,14,5,0.0007100816223198481
90,14,6,0.0008107324028290162
90,14,7,0.0007100116419114233
90,14,8,0.0007415728802185265
90,14,9,0.0007100073738622187
90,14,10,0.0008012543660713897
90,15,1,0.0005865785196050297
90,15,2,0.0005864656819973325
90,15,3,0.0005864813321760583
90,15,4,0.0006497922639176995
90,15,5,0.0005865367794239377
90,15,6,0.000688594582902825
90,15,7,0.0005864727999437819
90,15,8,0.0006183104431637434
90,15,9,0.0005864683947091065
90,15,10,0.0006791043567178168
90,16,1,0.0007347103339833515
90,16,2,0.0007345894840284367
90,16,3,0.0007346067988564137
90,16,4,0.0007964603772682756
90,16,5,0.0007346621028097007
90,16,6,0.0008341721391716314
90,16,7,0.0007345955617585633
90,16,8,0.0007652336640284107
90,16,9,0.0007345918950001952
90,16,10,0.0008247819797646812
90,17,1,0.0004762921018348966
90,17,2,0.0004761426963413805
90,17,3,0.0004761589429128037
90,17,4,0.0005337690376562332
90,17,5,0.0004762389549386245
90,17,6,0.0005732085371235038
90,17,7,0.00047614999213038987
90,17,8,0.000502105258105123
90,17,9,0.00047614582807407966
90,17,10,0.0005634336507771026
90,18,1,0.000536220237881317
90,18,2,0.0005360902658722191
90,18,3,0.0005361067234151298
90,18,4,0.0005978299025781213
90,18,5,0.0005361714570952518
90,18,6,0.0006365017408057066
90,18,7,0.0005360955649328568
90,18,8,0.0005659379576785101
90,18,9,0.0005360928065355995
90,18,10,0.0006266779656956928
90,19,1,0.0005216146919516
90,19,2,0.0005214791913350241
90,19,3,0.0005214934045066309
90,19,4,0.0005820055418591253
90,19,5,0.000521567147124036
90,19,6,0.0006217111756726771
90,19,7,0.0005214851740509567
90,19,8,0.0005505265086079509
90,19,9,0.0005214821544973511
90,19,10,0.0006118329022310013
90,20,1,0.0006383387455118341
90,20,2,0.0006379309549321597
90,20,3,0.0006379631070420692
90,20,4,0.0007023105425565193
90,20,5,0.0006381906191573647
90,20,6,0.0007406967485917761
90,20,7,0.0006379440650234732
90,20,8,0.000670638123996942
90,20,9,0.0006379362691332039
90,20,10,0.0007311737428464685
90,21,1,0.00042806087882027243
90,21,2,0.0004277699570656263
90,21,3,0.0004277850320148508
90,21,4,0.0004810840238531691
90,21,5,0.0004278681431136951
90,21,6,0.0005210008479886693
90,21,7,0.0004277759116648288
90,21,8,0.00045029600988965896
90,21,9,0.0004277730390584037
90,21,10,0.0005107871999347765
90,22,1,0.0004884507683254323
90,22,2,0.0004881717922012851
90,22,3,0.0004881865022703063
90,22,4,0.0005464564864667567
90,22,5,0.00048826470946885094
90,22,6,0.0005860110093465424
90,22,7,0.0004881782118710312
90,22,8,0.0005149108521868538
90,22,9,0.00048817471035956833
90,22,10,0.0005760451724357992
90,23,1,0.0003209777969631202
90,23,2,0.0003206847896219105
90,23,3,0.00032069698975338893
90,23,4,0.0003632583518927577
90,23,5,0.00032078610056203774
90,23,6,0.00040195619145176354
90,23,7,0.0003206879603205272
90,23,8,0.00033763711607206733
90,23,9,0.0003206861263368333
90,23,10,0.0003918159131171486
90,24,1,0.00046911477838696537
90,24,2,0.00046882196690347413
90,24,3,0.000468837138616433
90,24,4,0.0005255367538543652
90,24,5,0.00046891741920246854
90,24,6,0.0005646331934995018
90,24,7,0.0004688283480833732
90,24,8,0.0004943047519767158
90,24,9,0.0004688247272865256
90,24,10,0.0005549349847539497
91,1,1,0.014351760006421653
91,1,2,0.014351760006421244
91,1,3,0.014351760006427202
91,1,4,0.014351760006445518
91,1,5,0.014351760006422723
91,1,6,0.014351760006452916
91,1,7,0.01435176000644738
91,1,8,0.014351760006427381
91,1,9,0.014351760006452077
91,1,10,0.014351760006427286
91,2,1,0.014351760006443804
91,2,2,0.014351760006451199
91,2,3,0.014351760025303303
91,2,4,0.014351760006424848
91,2,5,0.014351760006426628
91,2,6,0.014351760006421589
91,2,7,0.01435176002835194
91,2,8,0.014351760006426522
91,2,9,0.014351760006421186
91,2,10,0.014351760006426581
91,3,1,0.01435176000642746
91,3,2,0.014351760006427874
91,3,3,0.01435176000642794
91,3,4,0.014351760006421377
91,3,5,0.014351760006421679
91,3,6,0.014351760006426911
91,3,7,0.014351760006427927
91,3,8,0.014351760006427683
91,3,9,0.014351760006427877
91,3,10,0.014351760006427851
91,4,1,0.014351760028406638
91,4,2,0.014351760006447688
91,4,3,0.014351760006427298
91,4,4,0.014351760006443658
91,4,5,0.014351760028548476
91,4,6,0.014351760006427208
91,4,7,0.014351760006421247
91,4,8,0.014351760006427716
91,4,9,0.014351760006447013
91,4,10,0.014351760006426389
91,5,1,0.014351760006427456
91,5,2,0.014351760006421221
91,5,3,0.014351760006444924
91,5,4,0.014351760006421186
91,5,5,0.014351760006427702
91,5,6,0.014351760006427142
91,5,7,0.014351760006427716
91,5,8,0.014351760006421398
91,5,9,0.014351760006421322
91,5,10,0.014351760006427702
91,6,1,0.014351760006451402
91,6,2,0.014351760006421167
91,6,3,0.014351760029154897
91,6,4,0.014351760006448744
91,6,5,0.014351760006421459
91,6,6,0.014351760006427176
91,6,7,0.014351760006427683
91,6,8,0.0143517600064213
91,6,9,0.014351760006427097
91,6,10,0.014351760006441809
91,7,1,0.014351760006421096
91,7,2,0.014351760006421431
91,7,3,0.014351760006428065
91,7,4,0.01435176000644864
91,7,5,0.014351760006440225
91,7,6,0.014351760006452212
91,7,7,0.01435176000642936
91,7,8,0.01435176000643358
91,7,9,0.014351760006428058
91,7,10,0.014351760028694724
91,8,1,0.01435176002890541
91,8,2,0.014351760006427959
91,8,3,0.014351760006421419
91,8,4,0.01435176000645218
91,8,5,0.014351760006441892
91,8,6,0.014351760006428807
91,8,7,0.014351760006427966
91,8,8,0.014351760006428996
91,8,9,0.014351760006428807
91,8,10,0.01435176002800631
91,9,1,0.01435176000642811
91,9,2,0.014351760006429501
91,9,3,0.014351760006429863
91,9,4,0.014351760006444446
91,9,5,0.014351760006423906
91,9,6,0.014351760006429529
91,9,7,0.014351760006428193
91,9,8,0.014351760006429968
91,9,9,0.014351760006439602
91,9,10,0.014351760006429475
91,10,1,0.014351760006428564
91,10,2,0.014351760006429728
91,10,3,0.014351760006429532
91,10,4,0.014351760006428868
91,10,5,0.0143517600064297
91,10,6,0.01435176000642626
91,10,7,0.014351760006434355
91,10,8,0.014351760029053485
91,10,9,0.014351760006429546
91,10,10,0.014351760006430426
91,11,1,0.014351760006429244
91,11,2,0.014351760006473627
91,11,3,0.014351760006430429
91,11,4,0.014351760006429336
91,11,5,0.014351760006426552
91,11,6,0.01435176000642953
91,11,7,0.014351760006423934
91,11,8,0.014351760006430424
91,11,9,0.01435176000642973
91,11,10,0.014351760006430438
91,12,1,0.014351760006428124
91,12,2,0.014351760006433827
91,12,3,0.014351760006430247
91,12,4,0.014351760006459355
91,12,5,0.014351760006430037
91,12,6,0.014351760028763233
91,12,7,0.014351760028721215
91,12,8,0.01435176000643026
91,12,9,0.014351760006430113
91,12,10,0.014351760027489807
91,13,1,0.014351760006446434
91,13,2,0.014351760006429971
91,13,3,0.014351760006423698
91,13,4,0.014351760027499669
91,13,5,0.01435176000642971
91,13,6,0.014351760006429817
91,13,7,0.01435176000642953
91,13,8,0.014351760006430155
91,13,9,0.01435176000642287
91,13,10,0.014351760006430025
91,14,1,0.014351760006468242
91,14,2,0.01435176000642993
91,14,3,0.014351760006423606
91,14,4,0.014351760006422793
91,14,5,0.014351760028778514
91,14,6,0.014351760006429886
91,14,7,0.014351760006429988
91,14,8,0.014351760006430087
91,14,9,0.014351760006429964
91,14,10,0.014351760024643365
91,15,1,0.014351760006474144
91,15,2,0.014351760006429386
91,15,3,0.014351760006423811
91,15,4,0.014351760006448501
91,15,5,0.014351760006429246
91,15,6,0.014351760006429789
91,15,7,0.014351760006520844
91,15,8,0.014351760006430073
91,15,9,0.014351760006429959
91,15,10,0.014351760006429895
91,16,1,0.014351760006442466
91,16,2,0.014351760006430103
91,16,3,0.014351760028539603
91,16,4,0.014351760006422387
91,16,5,0.014351760006429818
91,16,6,0.014351760027935073
91,16,7,0.01435176000642973
91,16,8,0.014351760006429787
91,16,9,0.014351760012223285
91,16,10,0.014351760006476526
91,17,1,0.014351760006439904
91,17,2,0.014351760006429017
91,17,3,0.014351760006422487
91,17,4,0.014351760006429128
91,17,5,0.014351760006429607
91,17,6,0.014351760006422543
91,17,7,0.014351760006429062
91,17,8,0.014351760006423504
91,17,9,0.014351760006429307
91,17,10,0.014351760006429029
91,18,1,0.014351760028071016
91,18,2,0.014351760006428621
91,18,3,0.01435176000642868
91,18,4,0.014351760029413454
91,18,5,0.014351760006429449
91,18,6,0.014351760028582525
91,18,7,0.014351760028931125
91,18,8,0.014351760024140793
91,18,9,0.014351760006423228
91,18,10,0.01435176002743342
91,19,1,0.014351760027233155
91,19,2,0.014351760006427426
91,19,3,0.014351760006428764
91,19,4,0.014351760006433385
91,19,5,0.014351760006465911
91,19,6,0.01435176000642212
91,19,7,0.01435176000642861
91,19,8,0.014351760028783264
91,19,9,0.014351760006428689
91,19,10,0.014351760006428713
91,20,1,0.014351760006430882
91,20,2,0.014351760027437467
91,20,3,0.014351760006429251
91,20,4,0.014351760028320747
91,20,5,0.014351760028313775
91,20,6,0.014351760006428562
91,20,7,0.014351760006428587
91,20,8,0.014351760006422026
91,20,9,0.014351760006459196
91,20,10,0.014351760006429404
91,21,1,0.014351760006475039
91,21,2,0.014351760006414216
91,21,3,0.014351760006443217
91,21,4,0.01435176000647627
91,21,5,0.014351760006428325
91,21,6,0.014351760006422095
91,21,7,0.0143517600064283
91,21,8,0.01435176000642843
91,21,9,0.014351760006474118
91,21,10,0.014351760006419979
91,22,1,0.01435176000642178
91,22,2,0.014351760027435047
91,22,3,0.014351760028943075
91,22,4,0.014351760006467248
91,22,5,0.014351760006421809
91,22,6,0.014351760026910984
91,22,7,0.014351760006432476
91,22,8,0.014351760006427966
91,22,9,0.014351760006421483
91,22,10,0.014351760029109022
91,23,1,0.014351760006463465
91,23,2,0.014351760006421823
91,23,3,0.014351760006426776
91,23,4,0.01435176002569175
91,23,5,0.014351760006426718
91,23,6,0.014351760006426807
91,23,7,0.01435176000642691
91,23,8,0.014351760006411652
91,23,9,0.014351760006426748
91,23,10,0.014351760006426762
91,24,1,0.014351760028944139
91,24,2,0.014351760006421781
91,24,3,0.01435176000642761
91,24,4,0.014351760026665033
91,24,5,0.014351760006419181
91,24,6,0.014351760006421731
91,24,7,0.014351760006426642
91,24,8,0.014351760028916598
91,24,9,0.014351760006421757
91,24,10,0.01435176000642183
92,1,1,0.009161235374800049
92,1,2,0.009161095110194186
92,1,3,0.009161105557782184
92,1,4,0.009190666838861916
92,1,5,0.009161185719304403
92,1,6,0.009161792595641491
92,1,7,0.00916109970664452
92,1,8,0.009174040658577335
92,1,9,0.00916109686632043
92,1,10,0.009207101741601944
92,2,1,0.008468317256641562
92,2,2,0.008468172462873864
92,2,3,0.00846818398674793
92,2,4,0.00850749694935711
92,2,5,0.008468265049800236
92,2,6,0.008468787201030432
92,2,7,0.008468177632812829
92,2,8,0.008484729436330518
92,2,9,0.00846817457528017
92,2,10,0.008530598148588517
92,3,1,0.00828823752910977
92,3,2,0.008288092853115825
92,3,3,0.00828810447139591
92,3,4,0.008331194072573508
92,3,5,0.00828818527938969
92,3,6,0.008288673917835599
92,3,7,0.00828809769358967
92,3,8,0.008306606943816353
92,3,9,0.008288094234311195
92,3,10,0.008355407359357058
92,4,1,0.008638672743964175
92,4,2,0.008638529437944137
92,4,3,0.00863854074093138
92,4,4,0.008674545264036446
92,4,5,0.008638621207849702
92,4,6,0.008639163998926344
92,4,7,0.008638534407060632
92,4,8,0.00865367383888164
92,4,9,0.008638531531192926
92,4,10,0.008696284660465774
92,5,1,0.00860991645916523
92,5,2,0.008609770397855075
92,5,3,0.008609782417950318
92,5,4,0.008646307145843284
92,5,5,0.00860986522254116
92,5,6,0.008610388829906928
92,5,7,0.008609775648382225
92,5,8,0.008625123373382391
92,5,9,0.008609772656390824
92,5,10,0.008667897095004632
92,6,1,0.00871249674363069
92,6,2,0.008712353083261478
92,6,3,0.008712364489188969
92,6,4,0.008746486529959907
92,6,5,0.008712445297819772
92,6,6,0.008712978353419058
92,6,7,0.008712358004523876
92,6,8,0.008727028853898056
92,6,9,0.00871235513475821
92,6,10,0.008767848767627838
92,7,1,0.007961868180387018
92,7,2,0.007961728229577336
92,7,3,0.007961741357257184
92,7,4,0.008012631552451696
92,7,5,0.007961817984622272
92,7,6,0.008045665746479655
92,7,7,0.007961734216272786
92,7,8,0.007985605630004571
92,7,9,0.007961730663758949
92,7,10,0.008037990447963064
92,8,1,0.008436639654841533
92,8,2,0.00843649549485172
92,8,3,0.008436507002872289
92,8,4,0.00847601881243083
92,8,5,0.008436587892266876
92,8,6,0.00850709017478133
92,8,7,0.008436500288711428
92,8,8,0.008453152479977624
92,8,9,0.00843649733456731
92,8,10,0.008464774631232894
92,9,1,0.008423760100618002
92,9,2,0.008423614982307141
92,9,3,0.008423626661764641
92,9,4,0.008464273891941506
92,9,5,0.008423708041085274
92,9,6,0.008494634748852604
92,9,7,0.008423619857090349
92,9,8,0.008440377896943633
92,9,9,0.008423616902895377
92,9,10,0.008487054792514078
92,10,1,0.008329693178969337
92,10,2,0.008329548335421676
92,10,3,0.008329560151675696
92,10,4,0.008371573619146599
92,10,5,0.008329640973097146
92,10,6,0.008403537923861065
92,10,7,0.00832955326017711
92,10,8,0.008347581358988764
92,10,9,0.008329550293560355
92,10,10,0.008397279216479385
92,11,1,0.008347371276064148
92,11,2,0.008347222835638296
92,11,3,0.008347235420440479
92,11,4,0.008388833173024452
92,11,5,0.008347317914065193
92,11,6,0.008420710363171057
92,11,7,0.008347228183053801
92,11,8,0.00836495521057174
92,11,9,0.008347225628847633
92,11,10,0.008413024866690886
92,12,1,0.00843180851312059
92,12,2,0.008431659004558962
92,12,3,0.008431671744046508
92,12,4,0.008471196801253026
92,12,5,0.008431756454586263
92,12,6,0.00850225506270357
92,12,7,0.008431664530430306
92,12,8,0.008448362548514613
92,12,9,0.0084316613528844
92,12,10,0.00849459401173593
92,13,1,0.007091553108552714
92,13,2,0.00709144234639763
92,13,3,0.007091457865745846
92,13,4,0.007149845301572999
92,13,5,0.007091516919212357
92,13,6,0.007183348485111012
92,13,7,0.007091449028240851
92,13,8,0.007121644127737377
92,13,9,0.007091444789915849
92,13,10,0.00717556146845863
92,14,1,0.007563124540903832
92,14,2,0.007563007342178853
92,14,3,0.0075630237482222544
92,14,4,0.007620904812041933
92,14,5,0.007563080704399929
92,14,6,0.0076541698402178195
92,14,7,0.007563013532892841
92,14,8,0.007592762745784589
92,14,9,0.00756300974086589
92,14,10,0.007646314389230562
92,15,1,0.007081319144984672
92,15,2,0.0070812023716193715
92,15,3,0.007081218783035238
92,15,4,0.007139439350020582
92,15,5,0.0070812788386845895
92,15,6,0.007172853987810341
92,15,7,0.00708120911494003
92,15,8,0.007111152171317862
92,15,9,0.007081204814676566
92,15,10,0.007164913791346083
92,16,1,0.007655655695762138
92,16,2,0.0076555338343551405
92,16,3,0.007655549481379675
92,16,4,0.00771259882121083
92,16,5,0.007655608767527424
92,16,6,0.0077456435839794715
92,16,7,0.007655539415105461
92,16,8,0.007684052239995233
92,16,9,0.007655536391924097
92,16,10,0.007737823417486549
92,17,1,0.006621696818965707
92,17,2,0.006621549726105505
92,17,3,0.006621565156918155
92,17,4,0.006671110213248138
92,17,5,0.00662164380136046
92,17,6,0.006703914857452749
92,17,7,0.006621555697083965
92,17,8,0.006643895323168431
92,17,9,0.006621550109367967
92,17,10,0.006696008135230599
92,18,1,0.006875426719621684
92,18,2,0.006875293009404738
92,18,3,0.0068753071258489465
92,18,4,0.0069308467202628
92,18,5,0.0068753779775309835
92,18,6,0.006963624953155251
92,18,7,0.006875298759380138
92,18,8,0.006902535546791632
92,18,9,0.006875295894733646
92,18,10,0.006955563003832937
92,19,1,0.006814510496921226
92,19,2,0.0068143739365617295
92,19,3,0.006814387539136744
92,19,4,0.006868556089871006
92,19,5,0.006814463068323318
92,19,6,0.0069023386579936084
92,19,7,0.006814379988623012
92,19,8,0.0068406522969067535
92,19,9,0.006814376773605341
92,19,10,0.0068942150753859175
92,20,1,0.007285981828598786
92,20,2,0.007285581784533572
92,20,3,0.007285612643369226
92,20,4,0.007345610374888181
92,20,5,0.007285836566123067
92,20,6,0.007379094567449269
92,20,7,0.007285594210641472
92,20,8,0.007316772667683435
92,20,9,0.007285586739549482
92,20,10,0.007370834356217168
92,21,1,0.00640898220962591
92,21,2,0.006408704612105997
92,21,3,0.006408718292281042
92,21,4,0.006452847552930819
92,21,5,0.006408798587652647
92,21,6,0.006485021070152471
92,21,7,0.006408710008499954
92,21,8,0.006427448048910144
92,21,9,0.006408706976027043
92,21,10,0.006477066869042274
92,22,1,0.006673569586767824
92,22,2,0.0066732985159699875
92,22,3,0.006673313194035555
92,22,4,0.006725584219073711
92,22,5,0.006673388812744968
92,22,6,0.006758518662514296
92,22,7,0.0066733047102278875
92,22,8,0.006696850264850424
92,22,9,0.006673301494476817
92,22,10,0.006751191082479757
92,23,1,0.005904750192795425
92,23,2,0.0059044717472757705
92,23,3,0.005904482123909274
92,23,4,0.005937776686515937
92,23,5,0.005904566812203489
92,23,6,0.005965671398614426
92,23,7,0.005904474041548995
92,23,8,0.005918781171746724
92,23,9,0.005904473465215849
92,23,10,0.005958405226270027
92,24,1,0.006590107830938188
92,24,2,0.0065898334290225855
92,24,3,0.006589847235190334
92,24,4,0.006640179346242933
92,24,5,0.006589922856663139
92,24,6,0.006673932800506008
92,24,7,0.006589839203918516
92,24,8,0.006612120824757753
92,24,9,0.006589835787486846
92,24,10,0.006617689076694397
93,1,1,2.657597323272653e-5
93,1,2,2.615282449408099e-5
93,1,3,2.6187251977005747e-5
93,1,4,0.00012251041529032236
93,1,5,2.643084097960183e-5
93,1,6,2.8332204508254243e-5
93,1,7,2.616851224755767e-5
93,1,8,7.126265030610882e-5
93,1,9,2.615949438504535e-5
93,1,10,0.00016064723863667792
93,2,1,2.6576162552696046e-5
93,2,2,2.6152787054477326e-5
93,2,3,2.618719180551585e-5
93,2,4,0.00011876405681700782
93,2,5,2.642534004369553e-5
93,2,6,2.828900060246764e-5
93,2,7,2.6168327067187526e-5
93,2,8,7.158921310543093e-5
93,2,9,2.6159791222149185e-5
93,2,10,0.0001612812751538847
93,3,1,2.6574437651159047e-5
93,3,2,2.6152767788931875e-5
93,3,3,2.6187075623147767e-5
93,3,4,0.00011779709857899745
93,3,5,2.642624398302447e-5
93,3,6,2.8304877623747206e-5
93,3,7,2.616839293653262e-5
93,3,8,7.157337677423535e-5
93,3,9,2.615976497268782e-5
93,3,10,0.00016038385103260932
93,4,1,2.657751873148673e-5
93,4,2,2.6152765699103165e-5
93,4,3,2.6187271508969257e-5
93,4,4,0.00011905619880127882
93,4,5,2.64260474686013e-5
93,4,6,2.829390994693543e-5
93,4,7,2.616845823425566e-5
93,4,8,7.174838440582235e-5
93,4,9,2.6159809398944252e-5
93,4,10,0.0001618960043799349
93,5,1,2.6577447865704544e-5
93,5,2,2.6152789433402888e-5
93,5,3,2.618725147903565e-5
93,5,4,0.00011914912036638675
93,5,5,2.642843519875692e-5
93,5,6,2.8293719977852817e-5
93,5,7,2.6168430524306303e-5
93,5,8,7.179980672260295e-5
93,5,9,2.6159740319874328e-5
93,5,10,0.00016149562268737752
93,6,1,2.657781618686017e-5
93,6,2,2.615280391449764e-5
93,6,3,2.6187370044370016e-5
93,6,4,0.0001186091059091759
93,6,5,2.642608034070248e-5
93,6,6,2.8277026129136033e-5
93,6,7,2.6168392972626117e-5
93,6,8,7.179597935203218e-5
93,6,9,2.615977143279274e-5
93,6,10,0.00016176073105883169
93,7,1,2.657636230844608e-5
93,7,2,2.615275897505452e-5
93,7,3,2.6187238399621155e-5
93,7,4,0.0001183910526480492
93,7,5,2.6425233205151176e-5
93,7,6,0.00017431793163980133
93,7,7,2.616836652435712e-5
93,7,8,7.225403670225009e-5
93,7,9,2.6159759791220548e-5
93,7,10,0.0001614164918802293
93,8,1,2.6577150287539517e-5
93,8,2,2.6152766490961725e-5
93,8,3,2.6187409048875923e-5
93,8,4,0.00011868869950986522
93,8,5,2.642687176624721e-5
93,8,6,0.00017498894978381846
93,8,7,2.61683671541361e-5
93,8,8,7.178754508048614e-5
93,8,9,2.6159807319678676e-5
93,8,10,0.00016249039706443051
93,9,1,2.657747390952645e-5
93,9,2,2.6152799503772963e-5
93,9,3,2.6187421240576856e-5
93,9,4,0.00011953775989644503
93,9,5,2.6426908011937443e-5
93,9,6,0.00017517431966532164
93,9,7,2.6168362927900373e-5
93,9,8,7.179895231260366e-5
93,9,9,2.6159756159789963e-5
93,9,10,0.00016193239969548037
93,10,1,2.657722368796248e-5
93,10,2,2.6152755139085214e-5
93,10,3,2.618741959567254e-5
93,10,4,0.00011864256167117219
93,10,5,2.642551053693959e-5
93,10,6,0.00017508919005296237
93,10,7,2.6168427441445748e-5
93,10,8,7.243152701397296e-5
93,10,9,2.6159800675871563e-5
93,10,10,0.00016257610623017453
93,11,1,2.6577218275304786e-5
93,11,2,2.6152782395782893e-5
93,11,3,2.618741684426299e-5
93,11,4,0.00011869229942905751
93,11,5,2.6425536510628176e-5
93,11,6,0.0001752214606810666
93,11,7,2.6168427228337784e-5
93,11,8,7.188427620171785e-5
93,11,9,2.6159805733339774e-5
93,11,10,0.00016197601369820604
93,12,1,2.6576094672390035e-5
93,12,2,2.6152784853272145e-5
93,12,3,2.61874161091873e-5
93,12,4,0.00011867657957728704
93,12,5,2.642906917724093e-5
93,12,6,0.00017510458451020126
93,12,7,2.6168330462166587e-5
93,12,8,7.17152486057909e-5
93,12,9,2.6159718377001343e-5
93,12,10,0.00016169474368808075
93,13,1,2.6572140088376045e-5
93,13,2,2.6152704294668074e-5
93,13,3,2.6190661502294034e-5
93,13,4,0.00011837892998461995
93,13,5,2.6427125557207094e-5
93,13,6,0.00017442521435797383
93,13,7,2.6168238825878423e-5
93,13,8,7.157624996581705e-5
93,13,9,2.615953792131789e-5
93,13,10,0.00016140515229463368
93,14,1,2.6575727895091002e-5
93,14,2,2.6152680606380224e-5
93,14,3,2.619081935489335e-5
93,14,4,0.00011848928276811858
93,14,5,2.6424298955280158e-5
93,14,6,0.00017448356485240225
93,14,7,2.6168188242203405e-5
93,14,8,7.167962771368385e-5
93,14,9,2.6159633817007577e-5
93,14,10,0.00016140860537978708
93,15,1,2.6574818015985305e-5
93,15,2,2.615270434279771e-5
93,15,3,2.6190671548877313e-5
93,15,4,0.00011841765653987378
93,15,5,2.6427102723916338e-5
93,15,6,0.00017439998962435574
93,15,7,2.6168239894969985e-5
93,15,8,7.137871667340502e-5
93,15,9,2.615954221387534e-5
93,15,10,0.00016120322322567789
93,16,1,2.6576627535424884e-5
93,16,2,2.6152707417488262e-5
93,16,3,2.619032358944426e-5
93,16,4,0.00011928302138818941
93,16,5,2.6424866341310817e-5
93,16,6,0.00017503645491355127
93,16,7,2.6168240282369703e-5
93,16,8,7.165423370465486e-5
93,16,9,2.6159689863770508e-5
93,16,10,0.00016178924368215087
93,17,1,2.6574041024966535e-5
93,17,2,2.615268122407468e-5
93,17,3,2.6190562382683847e-5
93,17,4,0.00011884996001841474
93,17,5,2.6421518148796665e-5
93,17,6,0.00017466115155493164
93,17,7,2.6168195557723875e-5
93,17,8,7.15833457575862e-5
93,17,9,2.6159698739506595e-5
93,17,10,0.00016133833363558332
93,18,1,2.65756803846888e-5
93,18,2,2.6152711528696673e-5
93,18,3,2.6190658369026368e-5
93,18,4,0.00011915197192225088
93,18,5,2.6422558990759055e-5
93,18,6,0.000174482411803431
93,18,7,2.6168023295732504e-5
93,18,8,7.17036263762642e-5
93,18,9,2.6159768930786514e-5
93,18,10,0.00016105008313485594
93,19,1,2.657158715226522e-5
93,19,2,2.6152716802987263e-5
93,19,3,2.6189890477801586e-5
93,19,4,0.00011860020316784069
93,19,5,2.6427127582359e-5
93,19,6,0.0001753161364072573
93,19,7,2.61682525844916e-5
93,19,8,7.17490288275782e-5
93,19,9,2.6159773387415942e-5
93,19,10,0.0001618079414270692
93,20,1,2.6579016543324362e-5
93,20,2,2.6152682929247844e-5
93,20,3,2.6190171049297347e-5
93,20,4,0.00011959903287409444
93,20,5,2.6424162451743717e-5
93,20,6,0.00017568456578545333
93,20,7,2.616832522071735e-5
93,20,8,7.167971269226976e-5
93,20,9,2.6159830700335726e-5
93,20,10,0.00016210208208865276
93,21,1,2.696362200798008e-5
93,21,2,2.6152682814354022e-5
93,21,3,2.6190505329204227e-5
93,21,4,0.00011922288320131715
93,21,5,2.6426424593103678e-5
93,21,6,0.00017520346061088043
93,21,7,2.616819102431088e-5
93,21,8,7.168740840787092e-5
93,21,9,2.6159496247141552e-5
93,21,10,0.00016162064420154282
93,22,1,2.6966000513013496e-5
93,22,2,2.6152621584851068e-5
93,22,3,2.618995893430218e-5
93,22,4,0.00011878832233465521
93,22,5,2.642284724224434e-5
93,22,6,0.00017491363575876774
93,22,7,2.6168260786374924e-5
93,22,8,7.14829360884589e-5
93,22,9,2.6159796692819316e-5
93,22,10,0.0001612790322126301
93,23,1,2.6946196691593327e-5
93,23,2,2.6152663670692814e-5
93,23,3,2.61903794266852e-5
93,23,4,0.0001200252654859577
93,23,5,2.6425708794106638e-5
93,23,6,0.00017536217439316926
93,23,7,2.6168126602507023e-5
93,23,8,7.164782027315786e-5
93,23,9,2.615970032222663e-5
93,23,10,0.00016281588061025674
93,24,1,2.69822548657086e-5
93,24,2,2.6152747603367054e-5
93,24,3,2.6190109535591655e-5
93,24,4,0.00012177643307142889
93,24,5,2.6425053650004143e-5
93,24,6,0.000177856156092365
93,24,7,2.616831375621841e-5
93,24,8,7.235175003066062e-5
93,24,9,2.61598711566208e-5
93,24,10,0.00016703556139513733
94,1,1,0.0008304085643090908
94,1,2,0.000830261742609628
94,1,3,0.0008302732942610071
94,1,4,0.0008623541361892645
94,1,5,0.0008303572905972936
94,1,6,0.0008309281661428896
94,1,7,0.00083026689067455
94,1,8,0.0008441131419336336
94,1,9,0.0008302636874327544
94,1,10,0.0008821693943663609
94,2,1,0.0005653912407692412
94,2,2,0.0005652441598849127
94,2,3,0.00056525754180139
94,2,4,0.0006168403466210536
94,2,5,0.0005653388378222241
94,2,6,0.0005658511146119457
94,2,7,0.0005652501669485519
94,2,8,0.0005873505641038551
94,2,9,0.0005652466197171983
94,2,10,0.0006453681055004499
94,3,1,0.00048146627336270503
94,3,2,0.00048132820577740916
94,3,3,0.00048133845175812515
94,3,4,0.0005402247618833113
94,3,5,0.00048141460462508307
94,3,6,0.0004817336131644428
94,3,7,0.0004813332409213642
94,3,8,0.000509660831546581
94,3,9,0.0004813294150591627
94,3,10,0.0005700837437173944
94,4,1,0.0006498090312263316
94,4,2,0.0006496571820074191
94,4,3,0.0006496699646047878
94,4,4,0.0006931638828271191
94,4,5,0.0006497541046047035
94,4,6,0.000650227647096668
94,4,7,0.0006496622134134689
94,4,8,0.0006674572863031726
94,4,9,0.0006496597336397522
94,4,10,0.0007201499478245585
94,5,1,0.0006346310504499641
94,5,2,0.0006344735744709787
94,5,3,0.0006344878847354176
94,5,4,0.0006793220717543767
94,5,5,0.0006345775437280768
94,5,6,0.0006350219162679485
94,5,7,0.0006344800645904493
94,5,8,0.0006528530055693099
94,5,9,0.0006344763646631703
94,5,10,0.0007067158982507867
94,6,1,0.0006945821078521361
94,6,2,0.000694428302070152
94,6,3,0.0006944410452189829
94,6,4,0.0007340473166363717
94,6,5,0.0006945263939805998
94,6,6,0.0006950139934578873
94,6,7,0.0006944338352490956
94,6,8,0.000710948820929115
94,6,9,0.0006944307457534115
94,6,10,0.0007598958962762107
94,7,1,0.0004235829237024033
94,7,2,0.00042346329421441065
94,7,3,0.00042347163760571304
94,7,4,0.0004867737043699808
94,7,5,0.00042353786502603776
94,7,6,0.0005270283608028091
94,7,7,0.0004234672204165208
94,7,8,0.0004551101745987259
94,7,9,0.0004234645333297752
94,7,10,0.0005175437167154166
94,8,1,0.0006584556891336845
94,8,2,0.0006583033788198659
94,8,3,0.0006583158511625322
94,8,4,0.0007009686502322243
94,8,5,0.0006584008356753249
94,8,6,0.0007367547827797363
94,8,7,0.0006583085628089301
94,8,8,0.0006759891180956499
94,8,9,0.0006583055814311207
94,8,10,0.0007279663743623496
94,9,1,0.0006517104333440473
94,9,2,0.0006515562037248109
94,9,3,0.0006515691563137962
94,9,4,0.0006951361385434625
94,9,5,0.0006516543070816933
94,9,6,0.000730879855204458
94,9,7,0.0006515617096632848
94,9,8,0.0006694350897917859
94,9,9,0.0006515585069285977
94,9,10,0.0007219794273437571
94,10,1,0.0006039201557624552
94,10,2,0.0006037691611078732
94,10,3,0.0006037819771321941
94,10,4,0.0006515791423424166
94,10,5,0.0006038649591634257
94,10,6,0.0006892072681387502
94,10,7,0.0006037746643273592
94,10,8,0.0006236403538021751
94,10,9,0.0006037715444556161
94,10,10,0.0006797498398374975
94,11,1,0.0006127055202992302
94,11,2,0.0006125502489322732
94,11,3,0.0006125637391806511
94,11,4,0.0006595453258875589
94,11,5,0.000612648838983872
94,11,6,0.000696913553612789
94,11,7,0.0006125561543469696
94,11,8,0.0006322860202539185
94,11,9,0.0006125532951268291
94,11,10,0.0006877585253183085
94,12,1,0.0006568143497264314
94,12,2,0.000656659421714616
94,12,3,0.0006566732937368458
94,12,4,0.000699422725358724
94,12,5,0.0006567628149186015
94,12,6,0.0007352404868616899
94,12,7,0.0006566655592161888
94,12,8,0.0006741952397283574
94,12,9,0.0006566619449832199
94,12,10,0.0007261652414728632
94,13,1,0.00039992289692289884
94,13,2,0.0003997577286531752
94,13,3,0.00039977802738979415
94,13,4,0.000464318114523477
94,13,5,0.0003998282180455382
94,13,6,0.0005050319936148025
94,13,7,0.0003997653750171777
94,13,8,0.00043238432825827935
94,13,9,0.0003997602795220986
94,13,10,0.0004943164982813179
94,14,1,0.0006312592413870786
94,14,2,0.0006311008079847294
94,14,3,0.0006311164856219704
94,14,4,0.0006764250600412452
94,14,5,0.0006312014839436556
94,14,6,0.000713012792272679
94,14,7,0.0006311068507029315
94,14,8,0.0006500429122247584
94,14,9,0.0006311040376179053
94,14,10,0.000703782022232071
94,15,1,0.00039555677538918567
94,15,2,0.00039534506811065954
94,15,3,0.0003953651937630111
94,15,4,0.000459827096348621
94,15,5,0.0003954389316488699
94,15,6,0.0005009978050994625
94,15,7,0.00039535509516519903
94,15,8,0.00042770160082030546
94,15,9,0.0003953489509265054
94,15,10,0.000491104596479963
94,16,1,0.0006804741844235512
94,16,2,0.0006803160046955119
94,16,3,0.0006803309535394165
94,16,4,0.0007218073352692955
94,16,5,0.0006804167379685469
94,16,6,0.0007560143387802065
94,16,7,0.0006803220959935882
94,16,8,0.0006972263111609985
94,16,9,0.0006803188831309832
94,16,10,0.0007475095912679424
94,17,1,0.00021654950378403257
94,17,2,0.0002163947599007812
94,17,3,0.0002164081027023172
94,17,4,0.000274231086356226
94,17,5,0.00021649197232528495
94,17,6,0.0003184860482248777
94,17,7,0.00021640010849168488
94,17,8,0.00024025214046196656
94,17,9,0.0002163960037641018
94,17,10,0.0003075751298190576
94,18,1,0.00031055819899445064
94,18,2,0.0003104378985723067
94,18,3,0.0003104571628722767
94,18,4,0.00037574742256819724
94,18,5,0.0003105075654536499
94,18,6,0.0004162937804919145
94,18,7,0.0003104467588444631
94,18,8,0.00034217920293860696
94,18,9,0.0003104419292563256
94,18,10,0.00040563290876756506
94,19,1,0.0002866367588395405
94,19,2,0.00028650647580889696
94,19,3,0.00028652176068441214
94,19,4,0.0003494343165880989
94,19,5,0.00028659261545208763
94,19,6,0.00039315160400054327
94,19,7,0.000286512257913903
94,19,8,0.00031676199822548473
94,19,9,0.0002865092763184869
94,19,10,0.00038247989425843095
94,20,1,0.0004982031920907911
94,20,2,0.0004980605227667287
94,20,3,0.0004980751936585528
94,20,4,0.0005681730820883674
94,20,5,0.0004981503542121454
94,20,6,0.0005959330461506612
94,20,7,0.0004980669070821049
94,20,8,0.0005249665031105881
94,20,9,0.000498063681696613
94,20,10,0.0005857057372720032
94,21,1,0.0003123239925051208
94,21,2,0.0003120482347897749
94,21,3,0.00031206460823106125
94,21,4,0.00037734458105565037
94,21,5,0.00031212827527966484
94,21,6,0.0004189503369980845
94,21,7,0.00031205454794208914
94,21,8,0.00034396808400671396
94,21,9,0.0003120500422813727
94,21,10,0.0004084696656733363
94,22,1,0.00043299434887844883
94,22,2,0.00043273278680269295
94,22,3,0.00043274904890758486
94,22,4,0.0004979426748484651
94,22,5,0.0004328057334417253
94,22,6,0.0005351354382313575
94,22,7,0.00043273929911226715
94,22,8,0.00046360144084153657
94,22,9,0.0004327355458534911
94,22,10,0.0005251280491964462
94,23,1,0.00013645008120204437
94,23,2,0.00013615725469604236
94,23,3,0.00013617014002977864
94,23,4,0.00018529365069398578
94,23,5,0.00013626055310469605
94,23,6,0.0002312741982772005
94,23,7,0.00013616106984088596
94,23,8,0.00015456811417928747
94,23,9,0.0001361585324270797
94,23,10,0.0002194036196270478
94,24,1,0.0004334414151258506
94,24,2,0.00043317236323539267
94,24,3,0.000433190469141502
94,24,4,0.0004971484678827064
94,24,5,0.000433246841441558
94,24,6,0.0005374980377986259
94,24,7,0.00043317984898490604
94,24,8,0.0004647881946667462
94,24,9,0.0004331752455007418
94,24,10,0.0005273397537640241
95,1,1,0.002108466713687731
95,1,2,0.002108324909083541
95,1,3,0.0021083355848739507
95,1,4,0.0021345409765384715
95,1,5,0.002108417576280428
95,1,6,0.002109035411407771
95,1,7,0.0021083297346921196
95,1,8,0.002120529819911657
95,1,9,0.0021083267296727885
95,1,10,0.002147975389289244
95,2,1,0.00150231009540744
95,2,2,0.0015021637734167186
95,2,3,0.0015021749612727892
95,2,4,0.0015428796517547615
95,2,5,0.0015022574748341285
95,2,6,0.0015027694974639818
95,2,7,0.0015021682488929181
95,2,8,0.0015191191960915956
95,2,9,0.0015021646808858085
95,2,10,0.0015674940884101455
95,3,1,0.0013070807676064523
95,3,2,0.0013069372354907913
95,3,3,0.0013069471143058906
95,3,4,0.0013590339272488627
95,3,5,0.0013070261880953604
95,3,6,0.0013075781492198082
95,3,7,0.001306940341517496
95,3,8,0.0013309825124472657
95,3,9,0.0013069382204256462
95,3,10,0.0013859637743223303
95,4,1,0.001696858555027723
95,4,2,0.001696713330647098
95,4,3,0.001696724890484077
95,4,4,0.0017291514160161507
95,4,5,0.0016968061517414247
95,4,6,0.0016973746108825186
95,4,7,0.0016967182686697204
95,4,8,0.0017108082447341354
95,4,9,0.0016967156336839088
95,4,10,0.0017498186884708613
95,5,1,0.001661990092364116
95,5,2,0.0016618370287393644
95,5,3,0.0016618498551918641
95,5,4,0.0016951421793157124
95,5,5,0.0016619383108271617
95,5,6,0.0016624893584866757
95,5,7,0.0016618428639594111
95,5,8,0.0016762665095797734
95,5,9,0.0016618391931608756
95,5,10,0.0017168455722423098
95,6,1,0.00179942836366895
95,6,2,0.0017992821036565485
95,6,3,0.0017992933705864578
95,6,4,0.0018290050692670427
95,6,5,0.001799375168606127
95,6,6,0.0017999418458003935
95,6,7,0.0017992870061702322
95,6,8,0.0018128236023661338
95,6,9,0.0017992841030125954
95,6,10,0.0018477888409206501
95,7,1,0.0011711280006306145
95,7,2,0.0011710012780790794
95,7,3,0.0011710092198051387
95,7,4,0.0012296936833300577
95,7,5,0.001171077700681054
95,7,6,0.001265913290610641
95,7,7,0.0011710043549513101
95,7,8,0.0012006233928690336
95,7,9,0.0011710023842819229
95,7,10,0.0012575694420117359
95,8,1,0.0017166964114190449
95,8,2,0.0017165515655341921
95,8,3,0.0017165624382319373
95,8,4,0.0017484364635725824
95,8,5,0.0017166442896720353
95,8,6,0.0017759307063373796
95,8,7,0.0017165559495002439
95,8,8,0.0017307001501070732
95,8,9,0.0017165532006680798
95,8,10,0.0017686562331279327
95,9,1,0.0017012190925862938
95,9,2,0.0017010713675990833
95,9,3,0.0017010829502483074
95,9,4,0.0017333954702649058
95,9,5,0.0017011654358115645
95,9,6,0.001761316545744151
95,9,7,0.00170107629929924
95,9,8,0.0017153117604644273
95,9,9,0.0017010732787535998
95,9,10,0.0017542198474037904
95,10,1,0.0015913008789556736
95,10,2,0.0015911547573413658
95,10,3,0.0015911660806191882
95,10,4,0.0016275637834361613
95,10,5,0.0015912473603541622
95,10,6,0.0016587541372769083
95,10,7,0.0015911595451536167
95,10,8,0.0016065106045444273
95,10,9,0.0015911566368834692
95,10,10,0.0016511332133783332
95,11,1,0.0016115411730805206
95,11,2,0.001611390234892386
95,11,3,0.0016114020122180907
95,11,4,0.001647040034992205
95,11,5,0.0016114859526933883
95,11,6,0.0016776665705871311
95,11,7,0.0016113951752377087
95,11,8,0.0016267705903793216
95,11,9,0.0016113921831709859
95,11,10,0.0016700097172199935
95,12,1,0.001712930859207208
95,12,2,0.0017127821483666143
95,12,3,0.0017127946558702853
95,12,4,0.0017445476582918602
95,12,5,0.0017128818126752304
95,12,6,0.001772000220644687
95,12,7,0.0017127877501035048
95,12,8,0.0017267246035304574
95,12,9,0.00171278425951244
95,12,10,0.0017647349271508797
95,13,1,0.0011150555363007495
95,13,2,0.0011149405946047682
95,13,3,0.001114952566871137
95,13,4,0.001175611336749902
95,13,5,0.0011150071725158962
95,13,6,0.0012119260785558794
95,13,7,0.0011149441619333757
95,13,8,0.0011461495318288069
95,13,9,0.0011149419818665721
95,13,10,0.001202443016855435
95,14,1,0.0016542367065573004
95,14,2,0.001654081801206592
95,14,3,0.0016540959074429688
95,14,4,0.0016882845302261813
95,14,5,0.0016541801174428125
95,14,6,0.001717177154612634
95,14,7,0.0016540872209973082
95,14,8,0.001669136478471528
95,14,9,0.0016540841535371918
95,14,10,0.0017096815911949786
95,15,1,0.001104603001552279
95,15,2,0.0011044776887924263
95,15,3,0.0011044989618634114
95,15,4,0.0011650784389226584
95,15,5,0.001104531283964979
95,15,6,0.0012022541383903621
95,15,7,0.0011044841824625084
95,15,8,0.0011355328091376573
95,15,9,0.0011044802769863866
95,15,10,0.0011935268939019773
95,16,1,0.0017671460943112151
95,16,2,0.0017669937335500676
95,16,3,0.001767007368417462
95,16,4,0.0017980511353583954
95,16,5,0.0017670908364553284
95,16,6,0.001823484696135148
95,16,7,0.0017669994102800263
95,16,8,0.0017807785705814911
95,16,9,0.0017669960966697471
95,16,10,0.0018170980087188185
95,17,1,0.0006707887507503935
95,17,2,0.0006706272234622319
95,17,3,0.000670638972115868
95,17,4,0.0007132420657541248
95,17,5,0.0006707267582701708
95,17,6,0.0007485869415276057
95,17,7,0.0006706298952659117
95,17,8,0.000688118091244507
95,17,9,0.0006706279911927581
95,17,10,0.0007397900693973106
95,18,1,0.0009014289642812405
95,18,2,0.0009012951390006213
95,18,3,0.0009013143092334093
95,18,4,0.0009603318935174203
95,18,5,0.000901378099476157
95,18,6,0.0009958888425323348
95,18,7,0.0009012991370379315
95,18,8,0.0009301879165396286
95,18,9,0.0009012963303605256
95,18,10,0.0009867478795787595
95,19,1,0.0008434051239145139
95,19,2,0.0008432626921716526
95,19,3,0.0008432773742707236
95,19,4,0.0008980589456329207
95,19,5,0.0008433590309406364
95,19,6,0.0009362467957666293
95,19,7,0.0008432692367234337
95,19,8,0.0008692553601740535
95,19,9,0.0008432658686524935
95,19,10,0.0009271321309771604
95,20,1,0.0013461758743592046
95,20,2,0.0013460280321246397
95,20,3,0.001346042508473556
95,20,4,0.0013969269586879066
95,20,5,0.0013461211874777415
95,20,6,0.0014318184316931399
95,20,7,0.0013460341521700212
95,20,8,0.001368018132318466
95,20,9,0.0013460307386374993
95,20,10,0.0014226312552150142
95,21,1,0.0009054701828800725
95,21,2,0.0009051897506283742
95,21,3,0.0009052040901681413
95,21,4,0.0009644022652790414
95,21,5,0.0009052767096110262
95,21,6,0.0010005655575603593
95,21,7,0.0009051948678905076
95,21,8,0.0009342523025024689
95,21,9,0.0009051906751398069
95,21,10,0.0009916616750691963
95,22,1,0.001193121026103182
95,22,2,0.0011928584895126832
95,22,3,0.001192873274737965
95,22,4,0.00125082331804009
95,22,5,0.0011929364009317703
95,22,6,0.0012864194465470483
95,22,7,0.00119286477426538
95,22,8,0.001221290956366837
95,22,9,0.0011928613663673181
95,22,10,0.0012776123752616562
95,23,1,0.00046618872930072086
95,23,2,0.00046591801291310755
95,23,3,0.000465927503276321
95,23,4,0.000497302108862132
95,23,5,0.00046601125840800724
95,23,6,0.0005254255640957197
95,23,7,0.0004659213964677042
95,23,8,0.00047973617964789484
95,23,9,0.00046591929068773465
95,23,10,0.0005177241005515174
95,24,1,0.0011941687483358963
95,24,2,0.0011938953377044806
95,24,3,0.0011939098282780201
95,24,4,0.001253253814831667
95,24,5,0.0011939761400371833
95,24,6,0.0012334593277081168
95,24,7,0.0011939007512056896
95,24,8,0.0012232429864854695
95,24,9,0.0011938981375455959
95,24,10,0.0012807357834951206
96,1,1,0.001432216385845468
96,1,2,0.0014320681017556047
96,1,3,0.0014320796358058751
96,1,4,0.0014639729201799652
96,1,5,0.0014321662981425698
96,1,6,0.0014327709936174367
96,1,7,0.0014320732557487942
96,1,8,0.0014457187520257365
96,1,9,0.0014320700294352165
96,1,10,0.0014813289363829426
96,2,1,0.0010564919933984927
96,2,2,0.0010563423270627413
96,2,3,0.0010563556555658684
96,2,4,0.0011058346888635144
96,2,5,0.0010564386313920758
96,2,6,0.001056952245405576
96,2,7,0.0010563483152100988
96,2,8,0.001077668444588293
96,2,9,0.0010563447288860328
96,2,10,0.0011330403555390228
96,3,1,0.0009340049303707077
96,3,2,0.0009338638057828302
96,3,3,0.0009338736875009808
96,3,4,0.000990866523918413
96,3,5,0.000933952821419868
96,3,6,0.0009343111678205596
96,3,7,0.0009338687016095529
96,3,8,0.0009615157011023956
96,3,9,0.0009338649102835218
96,3,10,0.0010190754784720358
96,4,1,0.00117774282452244
96,4,2,0.0011775897174190328
96,4,3,0.001177602397856961
96,4,4,0.0012190696801625508
96,4,5,0.0011776875506938754
96,4,6,0.0011781959289234954
96,4,7,0.0011775945704945233
96,4,8,0.0011948159461223056
96,4,9,0.0011775922122080605
96,4,10,0.0012444358738190355
96,5,1,0.0011560652169689777
96,5,2,0.0011559062165557427
96,5,3,0.0011559203568320081
96,5,4,0.0011983148252149717
96,5,5,0.0011560113651658357
96,5,6,0.0011564894298639605
96,5,7,0.0011559126491147817
96,5,8,0.0011735364873850537
96,5,9,0.0011559088905071023
96,5,10,0.0012244130616478055
96,6,1,0.0012413932837523915
96,6,2,0.001241238865739633
96,6,3,0.0012412511941335125
96,6,4,0.0012788545961312106
96,6,5,0.001241337193862667
96,6,6,0.001241857968376908
96,6,7,0.001241244070267093
96,6,8,0.0012572647299411697
96,6,9,0.0012412409683333144
96,6,10,0.0013030851349954103
96,7,1,0.0008481190601314561
96,7,2,0.0008479964137032129
96,7,3,0.000848008030960527
96,7,4,0.0009093550851997892
96,7,5,0.0008480717355905433
96,7,6,0.0009469326490024921
96,7,7,0.0008480000951429598
96,7,8,0.0008791992835997987
96,7,9,0.0008479975633764895
96,7,10,0.0009382141678383363
96,8,1,0.0011900674585063216
96,8,2,0.0011899141038239404
96,8,3,0.0011899264570252898
96,8,4,0.0012304210930253918
96,8,5,0.0011900121311292113
96,8,6,0.0012640080826989643
96,8,7,0.0011899192223008728
96,8,8,0.001206979500620346
96,8,9,0.0011899162575347627
96,8,10,0.0012555541491646167
96,9,1,0.0011804531484007194
96,9,2,0.001180297794924662
96,9,3,0.0011803106330484368
96,9,4,0.0012214770454463287
96,9,5,0.0011803965620137853
96,9,6,0.0012553426853313904
96,9,7,0.0011803032368128347
96,9,8,0.0011975410760700978
96,9,9,0.0011803000289677915
96,9,10,0.0012470445953337813
96,10,1,0.0011120468861022825
96,10,2,0.0011118943436385577
96,10,3,0.0011119070536801223
96,10,4,0.0011575092566471934
96,10,5,0.0011119910524695356
96,10,6,0.0011931199487768135
96,10,7,0.0011118997932630117
96,10,8,0.0011309424228932163
96,10,9,0.0011118966752911154
96,10,10,0.0011840462654186098
96,11,1,0.0011246608325261739
96,11,2,0.0011245040066928324
96,11,3,0.0011245173390741778
96,11,4,0.001169341844643797
96,11,5,0.0011246035740299027
96,11,6,0.0012047617828715876
96,11,7,0.0011245098344543891
96,11,8,0.0011434693497355199
96,11,9,0.0011245069209136196
96,11,10,0.0011961542681630385
96,12,1,0.001187728803739221
96,12,2,0.0011875725049027724
96,12,3,0.0011875862911654989
96,12,4,0.001228260747425693
96,12,5,0.0011876768985915884
96,12,6,0.0012621516510310004
96,12,7,0.001187578625131661
96,12,8,0.0012045392219901857
96,12,9,0.0011875749838141634
96,12,10,0.0012535821232087397
96,13,1,0.0008125758959455502
96,13,2,0.0008124210310978079
96,13,3,0.0008124413360496742
96,13,4,0.0008751915511424867
96,13,5,0.0008124868155857557
96,13,6,0.0009131684261674542
96,13,7,0.0008124254486100181
96,13,8,0.0008447236610245978
96,13,9,0.0008124235099468576
96,13,10,0.0009031745322248437
96,14,1,0.0011512422402261064
96,14,2,0.0011510819088044316
96,14,3,0.0011510976572348273
96,14,4,0.00119434269980381
96,14,5,0.0011511837864996996
96,14,6,0.0012289467498575832
96,14,7,0.0011510881051988208
96,14,8,0.0011693646132023797
96,14,9,0.0011510852549362822
96,14,10,0.0012202223401813473
96,15,1,0.0008059691186304572
96,15,2,0.0008057703437363475
96,15,3,0.0008057913432116683
96,15,4,0.0008684351806777056
96,15,5,0.0008058548193079499
96,15,6,0.0009070221778998107
96,15,7,0.0008057800471668885
96,15,8,0.0008377859114381555
96,15,9,0.0008057720410284851
96,15,10,0.0008978502390934049
96,16,1,0.0012213801657786833
96,16,2,0.0012212207106654187
96,16,3,0.001221235531940282
96,16,4,0.0012607007995869624
96,16,5,0.001221322255246715
96,16,6,0.0012928056191018774
96,16,7,0.0012212267573947855
96,16,8,0.001237622307937217
96,16,9,0.0012212233177948052
96,16,10,0.0012849925892508547
96,17,1,0.0005258662072529995
96,17,2,0.0005257095415019384
96,17,3,0.0005257222971505302
96,17,4,0.0005776489698604006
96,17,5,0.0005258076960527026
96,17,6,0.0006164306065605463
96,17,7,0.0005257146150091815
96,17,8,0.0005476228036700529
96,17,9,0.0005257114273559045
96,17,10,0.0006068321497860893
96,18,1,0.0006758936964512311
96,18,2,0.0006757709038787309
96,18,3,0.0006757917695028051
96,18,4,0.0007382066112749843
96,18,5,0.0006758419547534236
96,18,6,0.0007750870166432609
96,18,7,0.0006757804195498224
96,18,8,0.0007067895307928783
96,18,9,0.0006757760861119595
96,18,10,0.0007654962827211716
96,19,1,0.0006384411260497335
96,19,2,0.0006383075426156137
96,19,3,0.0006383221529653013
96,19,4,0.0006977126849999932
96,19,5,0.0006383967450671543
96,19,6,0.000737641348633661
96,19,7,0.0006383135435878476
96,19,8,0.0006675292340407325
96,19,9,0.0006383104793654462
96,19,10,0.0007280423552536014
96,20,1,0.000958608719260108
96,20,2,0.0009584631836261733
96,20,3,0.0009584781462914217
96,20,4,0.0010156117311605007
96,20,5,0.0009585548726277244
96,20,6,0.0010524805024551354
96,20,7,0.0009584697223911314
96,20,8,0.0009846859421739343
96,20,9,0.0009584664473473825
96,20,10,0.0010427271811132095
96,21,1,0.0006785544057200555
96,21,2,0.0006782796525293697
96,21,3,0.0006782956744823776
96,21,4,0.0007407541204839271
96,21,5,0.0006783594311098499
96,21,6,0.0007786955579899051
96,21,7,0.0006782858062976333
96,21,8,0.0007093756306254334
96,21,9,0.0006782813530814751
96,21,10,0.0007692509256538415
96,22,1,0.0008621052609652711
96,22,2,0.0008618414228167597
96,22,3,0.0008618577006155787
96,22,4,0.0009230442480182811
96,22,5,0.0008619139290504175
96,22,6,0.0009601239457466177
96,22,7,0.0008618478438478602
96,22,8,0.0008923188444515927
96,22,9,0.0008618441941506416
96,22,10,0.0009508704484075892
96,23,1,0.0003893949161821243
96,23,2,0.00038911101814471965
96,23,3,0.0003891232342846489
96,23,4,0.0004286191515048822
96,23,5,0.00038921145627458765
96,23,6,0.0004647573615403703
96,23,7,0.00038911472495159005
96,23,8,0.0004051150570065193
96,23,9,0.0003891122905562526
96,23,10,0.00045515880959254746
96,24,1,0.0008627676869262954
96,24,2,0.0008624971359661762
96,24,3,0.0008625149649667257
96,24,4,0.0009247651958801438
96,24,5,0.0008625706753095022
96,24,6,0.0009625335680052091
96,24,7,0.0008625039847523256
96,24,8,0.0008936912824451424
96,24,9,0.0008624996633882863
96,24,10,0.0009531591967071114
97,1,1,0.004639830390481194
97,1,2,0.004639669929487828
97,1,3,0.004639681298515052
97,1,4,0.004666094862361591
97,1,5,0.0046397678927232655
97,1,6,0.004640445002786434
97,1,7,0.0046396751598540955
97,1,8,0.004653900751441776
97,1,9,0.00463967204445798
97,1,10,0.004687402011940549
97,2,1,0.0035212050110838347
97,2,2,0.0035210430443321263
97,2,3,0.0035210535951754876
97,2,4,0.003557983650140305
97,2,5,0.003521140006935713
97,2,6,0.003521781752987981
97,2,7,0.0035210472174328883
97,2,8,0.0035331907977334
97,2,9,0.0035210447763437845
97,2,10,0.003555997249108519
97,3,1,0.0031528577065060934
97,3,2,0.0031527031828035425
97,3,3,0.0031527122517762095
97,3,4,0.003204148700392325
97,3,5,0.0031527940647277965
97,3,6,0.0031534604816205163
97,3,7,0.003152707305434615
97,3,8,0.003165155824351454
97,3,9,0.00315270408882279
97,3,10,0.0031884386887923656
97,4,1,0.0038838381530691105
97,4,2,0.003883680457155237
97,4,3,0.0038836915376713275
97,4,4,0.003914548850120439
97,4,5,0.00388377474625325
97,4,6,0.0038844587400673476
97,4,7,0.0038836854183399287
97,4,8,0.003896188360528854
97,4,9,0.003883682702828788
97,4,10,0.003921655579724528
97,5,1,0.003819123445311028
97,5,2,0.003818958773288561
97,5,3,0.0038189699822432865
97,5,4,0.0038504195457713403
97,5,5,0.0038190571324317347
97,5,6,0.0038197395783093543
97,5,7,0.0038189639273092197
97,5,8,0.0038314212948206455
97,5,9,0.0038189604711603526
97,5,10,0.0038573775183735493
97,6,1,0.004073522278545492
97,6,2,0.004073364616986672
97,6,3,0.004073375227426259
97,6,4,0.004102132909544349
97,6,5,0.0040734592577574445
97,6,6,0.004074174636463587
97,6,7,0.00407336946971856
97,6,8,0.0040859666586222235
97,6,9,0.00407336663570316
97,6,10,0.0041093788322941575
97,7,1,0.002893171910454549
97,7,2,0.0028930315999435865
97,7,3,0.002893038990098734
97,7,4,0.002952291284732307
97,7,5,0.0028931270163373244
97,7,6,0.0029313184033404587
97,7,7,0.0028930345290340675
97,7,8,0.002904957587523017
97,7,9,0.002893033221360231
97,7,10,0.0029277471185327197
97,8,1,0.003920600021252903
97,8,2,0.003920441849842075
97,8,3,0.003920452602748311
97,8,4,0.0039509095818939894
97,8,5,0.0039205353674875145
97,8,6,0.003963423646364141
97,8,7,0.0039204466796449195
97,8,8,0.003933350791302849
97,8,9,0.003920444041487036
97,8,10,0.003958958756352922
97,9,1,0.0038919176598922233
97,9,2,0.0038917587681270224
97,9,3,0.0038917697418055083
97,9,4,0.003922814855400656
97,9,5,0.0038918525184627726
97,9,6,0.0039354339271480375
97,9,7,0.003891763723073338
97,9,8,0.0039045911033581534
97,9,9,0.0038917607838031007
97,9,10,0.003930686337879786
97,10,1,0.0036875742612614325
97,10,2,0.003687414185877881
97,10,3,0.0036874249865651307
97,10,4,0.003721391453229591
97,10,5,0.0036875078552322713
97,10,6,0.003729953590927245
97,10,7,0.0036874191980748234
97,10,8,0.00369988136927916
97,10,9,0.0036874163426068754
97,10,10,0.0037248631367253794
97,11,1,0.0037252869227615065
97,11,2,0.0037251252147728064
97,11,3,0.0037251356914082467
97,11,4,0.003758303234109244
97,11,5,0.0037252186614945104
97,11,6,0.0037676164029918392
97,11,7,0.003725129999521102
97,11,8,0.003737917878974253
97,11,9,0.0037251271155791057
97,11,10,0.003763165254072015
97,12,1,0.003913613664214032
97,12,2,0.0039134619749777505
97,12,3,0.003913473234342499
97,12,4,0.003952933842957077
97,12,5,0.003913559208387385
97,12,6,0.003955357735525612
97,12,7,0.003913467046240421
97,12,8,0.003927011445085947
97,12,9,0.003913463706237759
97,12,10,0.0039601717477461915
97,13,1,0.0027851779753694872
97,13,2,0.002785049393139631
97,13,3,0.0027850617509738787
97,13,4,0.0028503783419662225
97,13,5,0.0027851305323172465
97,13,6,0.002883160121813506
97,13,7,0.002785054650189624
97,13,8,0.0028170154030974994
97,13,9,0.0027850513737153063
97,13,10,0.0028754608976543534
97,14,1,0.003804723311528287
97,14,2,0.003804548858704853
97,14,3,0.0038045610143688756
97,14,4,0.0038356426079451883
97,14,5,0.0038046423393354157
97,14,6,0.00384594795390662
97,14,7,0.0038045537242576673
97,14,8,0.003817065451395432
97,14,9,0.003804550878916721
97,14,10,0.0038415035637129106
97,15,1,0.002764951579452399
97,15,2,0.002764831137081729
97,15,3,0.0027648432915588846
97,15,4,0.00282693008859122
97,15,5,0.002764928477327632
97,15,6,0.002803743507569901
97,15,7,0.002764836164624301
97,15,8,0.002777172354037024
97,15,9,0.002764833061243452
97,15,10,0.0027998852284164
97,16,1,0.004013920990646138
97,16,2,0.004013755957399141
97,16,3,0.004013768134442214
97,16,4,0.004042362858217073
97,16,5,0.004013849706851379
97,16,6,0.0040560055623361626
97,16,7,0.004013761063730968
97,16,8,0.004026112515906408
97,16,9,0.004013757878025089
97,16,10,0.004051996024538268
97,17,1,0.0019036250544272226
97,17,2,0.001903457515273408
97,17,3,0.0019034673796222916
97,17,4,0.001940748452077706
97,17,5,0.0019035483076831096
97,17,6,0.0019404451660345145
97,17,7,0.0019034612658724462
97,17,8,0.001915392699404356
97,17,9,0.0019034589790345702
97,17,10,0.0019370025254749042
97,18,1,0.0023678646608245955
97,18,2,0.0023677121933244655
97,18,3,0.0023677247196412284
97,18,4,0.0024387188319363582
97,18,5,0.002367807479777182
97,18,6,0.0024045976179155205
97,18,7,0.002367717226913096
97,18,8,0.0023799381859155332
97,18,9,0.002367714190785067
97,18,10,0.0024008987254221675
97,19,1,0.002252625633780708
97,19,2,0.002252470841099427
97,19,3,0.0022524820342490256
97,19,4,0.0023076113786748577
97,19,5,0.0022525667057192084
97,19,6,0.0022905129109299783
97,19,7,0.0022524756326461667
97,19,8,0.002264666424533811
97,19,9,0.00225247578223515
97,19,10,0.0022867361471887353
97,20,1,0.0032270142950644987
97,20,2,0.003226860836096125
97,20,3,0.0032268752319324703
97,20,4,0.0032741042785174104
97,20,5,0.003226957373112979
97,20,6,0.0033080979998691847
97,20,7,0.0032268669296838656
97,20,8,0.0032466991337190107
97,20,9,0.0032268634527659085
97,20,10,0.003299520185015387
97,21,1,0.0023757190221520477
97,21,2,0.0023754197421875316
97,21,3,0.002375433076897995
97,21,4,0.0024333338602110207
97,21,5,0.0023755153541201077
97,21,6,0.0024683784536574794
97,21,7,0.002375424152184707
97,21,8,0.0024036132995027756
97,21,9,0.0023754199556696044
97,21,10,0.0024598419260752607
97,22,1,0.002935267635259774
97,22,2,0.0029349865820049005
97,22,3,0.002935001527832803
97,22,4,0.002992304918381703
97,22,5,0.0029350745624701956
97,22,6,0.003027582703786631
97,22,7,0.0029349931149851498
97,22,8,0.0029627826032796096
97,22,9,0.0029349894365556196
97,22,10,0.003018945416050171
97,23,1,0.0014732389141394007
97,23,2,0.0014729665835000235
97,23,3,0.0014729744477817205
97,23,4,0.0015003370684418447
97,23,5,0.001473057618593111
97,23,6,0.0015213822720306662
97,23,7,0.0014729699232018166
97,23,8,0.001485949759026299
97,23,9,0.0014729676607122008
97,23,10,0.0015156950879769728
97,24,1,0.0029372740075981553
97,24,2,0.0029369708705307457
97,24,3,0.0029369817819212087
97,24,4,0.002996419670820997
97,24,5,0.0029370658795603052
97,24,6,0.002976415994695012
97,24,7,0.002936975441297135
97,24,8,0.002949550605686719
97,24,9,0.0029369729654024858
97,24,10,0.0029725345340740963
98,1,1,9.6748270329103e-6
98,1,2,9.279891027853043e-6
98,1,3,9.312876180823975e-6
98,1,4,0.00010301767617585112
98,1,5,9.536468774141983e-6
98,1,6,0.0001586114325177026
98,1,7,9.294942383296311e-6
98,1,8,5.697464330286327e-5
98,1,9,9.285746922684378e-6
98,1,10,0.0001459062311967137
98,2,1,9.674426230032029e-6
98,2,2,9.279876721906845e-6
98,2,3,9.312858570472613e-6
98,2,4,0.00010310872419950276
98,2,5,9.5365650186638e-6
98,2,6,0.0001583715185056017
98,2,7,9.294971167260417e-6
98,2,8,5.761444920048962e-5
98,2,9,9.286455473141398e-6
98,2,10,0.0001460788959602838
98,3,1,9.674637685489571e-6
98,3,2,9.279872977271645e-6
98,3,3,9.312827273513258e-6
98,3,4,0.00010366702124566555
98,3,5,9.537649868786316e-6
98,3,6,0.0001581943755691966
98,3,7,9.294913272572912e-6
98,3,8,5.790151978264305e-5
98,3,9,9.286448835600753e-6
98,3,10,0.00014605150277219585
98,4,1,9.68009570444413e-6
98,4,2,9.279893647219554e-6
98,4,3,9.313226069645184e-6
98,4,4,0.00010439966461904021
98,4,5,9.541395109771473e-6
98,4,6,0.00015848629972573208
98,4,7,9.294919747826392e-6
98,4,8,5.799530258018748e-5
98,4,9,9.28645677465541e-6
98,4,10,0.00014740030560743671
98,5,1,9.680201521422852e-6
98,5,2,9.279876027229556e-6
98,5,3,9.313221387166797e-6
98,5,4,0.00010442254826690336
98,5,5,9.540582987648056e-6
98,5,6,0.0001587124565458258
98,5,7,9.294917060396332e-6
98,5,8,5.798132357177004e-5
98,5,9,9.286492876893164e-6
98,5,10,0.00014743892314213072
98,6,1,9.680220719676008e-6
98,6,2,9.279879620715313e-6
98,6,3,9.313228299258769e-6
98,6,4,0.00010474697913143018
98,6,5,9.541600036112901e-6
98,6,6,0.00015902170804609788
98,6,7,9.294960007829916e-6
98,6,8,5.7923752891191666e-5
98,6,9,9.286492386366743e-6
98,6,10,0.00014758135833605637
98,7,1,9.680599151141626e-6
98,7,2,9.279867570514729e-6
98,7,3,9.313195628027334e-6
98,7,4,0.0001047341094825901
98,7,5,9.541581056351359e-6
98,7,6,0.00016011911314362434
98,7,7,9.294900204040282e-6
98,7,8,5.799331049042334e-5
98,7,9,9.286443637854889e-6
98,7,10,0.0001474959464529423
98,8,1,9.680573207450088e-6
98,8,2,9.279891581857797e-6
98,8,3,9.313232381714088e-6
98,8,4,0.00010481899599826233
98,8,5,9.541563882669223e-6
98,8,6,0.0001604344498284293
98,8,7,9.294956195412749e-6
98,8,8,5.795876113474816e-5
98,8,9,9.28645613314753e-6
98,8,10,0.00014776501437675297
98,9,1,9.680081938198548e-6
98,9,2,9.27987476283587e-6
98,9,3,9.313237680721686e-6
98,9,4,0.00010488054062613335
98,9,5,9.54156614111464e-6
98,9,6,0.00016058932933936198
98,9,7,9.29495732441935e-6
98,9,8,5.796539538678706e-5
98,9,9,9.286493557114636e-6
98,9,10,0.00014762737660129762
98,10,1,9.680017552385747e-6
98,10,2,9.279893951317335e-6
98,10,3,9.313231445379455e-6
98,10,4,0.00010484193041542673
98,10,5,9.541567428881887e-6
98,10,6,0.00016076202667160365
98,10,7,9.29492099888242e-6
98,10,8,5.8063000524369423e-5
98,10,9,9.286453400870168e-6
98,10,10,0.00014782312932373962
98,11,1,9.679995482748088e-6
98,11,2,9.279872571933286e-6
98,11,3,9.313269370536946e-6
98,11,4,0.00010489896673318707
98,11,5,9.54164593550817e-6
98,11,6,0.00016074666536834673
98,11,7,9.29492461499106e-6
98,11,8,5.819125850821298e-5
98,11,9,9.286493359752358e-6
98,11,10,0.00014777203502878156
98,12,1,9.680498745080688e-6
98,12,2,9.279874608210027e-6
98,12,3,9.314431958847391e-6
98,12,4,0.00010496480509024585
98,12,5,9.541542436294445e-6
98,12,6,0.00016091652166010827
98,12,7,9.294968465730757e-6
98,12,8,5.829433121875461e-5
98,12,9,9.28649311694655e-6
98,12,10,0.0001480374575671439
98,13,1,9.680501915368092e-6
98,13,2,9.279861932303336e-6
98,13,3,9.31773739972841e-6
98,13,4,0.00010494116405399894
98,13,5,9.541250939525343e-6
98,13,6,0.0001606643627460755
98,13,7,9.294897768818211e-6
98,13,8,5.817500650803814e-5
98,13,9,9.286492083072587e-6
98,13,10,0.000147973285595972
98,14,1,9.68012919012989e-6
98,14,2,9.279890899928335e-6
98,14,3,9.31778119670743e-6
98,14,4,0.00010504083194435077
98,14,5,9.54254114757381e-6
98,14,6,0.00016095294145534138
98,14,7,9.294965782689911e-6
98,14,8,5.821956459544606e-5
98,14,9,9.28649224925473e-6
98,14,10,0.00014806830875032273
98,15,1,9.680275252250612e-6
98,15,2,9.279862300819208e-6
98,15,3,9.317737360403066e-6
98,15,4,0.00010520702789317658
98,15,5,9.541225621210753e-6
98,15,6,0.00016075134711705745
98,15,7,9.294897616464528e-6
98,15,8,5.830072561018375e-5
98,15,9,9.286491605981835e-6
98,15,10,0.00014786130958812922
98,16,1,9.680703320003327e-6
98,16,2,9.279889406866934e-6
98,16,3,9.317969722463574e-6
98,16,4,0.00010614598259614579
98,16,5,9.542445027919258e-6
98,16,6,0.00016107621259097847
98,16,7,9.294965749601372e-6
98,16,8,5.8298877641352296e-5
98,16,9,9.286495180214799e-6
98,16,10,0.00014807392619639123
98,17,1,9.680065210179098e-6
98,17,2,9.279854458854803e-6
98,17,3,9.31769203612683e-6
98,17,4,0.00010601211554443182
98,17,5,9.542441568361663e-6
98,17,6,0.00016099224983741708
98,17,7,9.294880190211438e-6
98,17,8,5.8142129230974405e-5
98,17,9,9.28649119482125e-6
98,17,10,0.00014784088382627524
98,18,1,9.682048482458462e-6
98,18,2,9.279858280916025e-6
98,18,3,9.317711768318578e-6
98,18,4,0.0001061329009197069
98,18,5,9.542449422053776e-6
98,18,6,0.00016129073473487317
98,18,7,9.294964680236806e-6
98,18,8,5.8155702295721924e-5
98,18,9,9.286505983657802e-6
98,18,10,0.00014828137941707515
98,19,1,9.683068809161582e-6
98,19,2,9.279856452039448e-6
98,19,3,9.317952581446373e-6
98,19,4,0.00010632697055593504
98,19,5,9.54110549529397e-6
98,19,6,0.00016111867098551894
98,19,7,9.294889894316477e-6
98,19,8,5.815160193169243e-5
98,19,9,9.286499003186427e-6
98,19,10,0.0001478638485053508
98,20,1,9.682494584784004e-6
98,20,2,9.279891155974583e-6
98,20,3,9.317949569096497e-6
98,20,4,0.00010624512584427682
98,20,5,9.542498255606244e-6
98,20,6,0.0001613077982932055
98,20,7,9.294912757511849e-6
98,20,8,5.831077502363078e-5
98,20,9,9.286516548974933e-6
98,20,10,0.0001482687197333424
98,21,1,1.0083524533293627e-5
98,21,2,9.279859400459768e-6
98,21,3,9.317702696225691e-6
98,21,4,0.00010612786161694982
98,21,5,9.541082228818095e-6
98,21,6,0.00016115248777925556
98,21,7,9.294894657351294e-6
98,21,8,5.816777620914125e-5
98,21,9,9.286561692515762e-6
98,21,10,0.0001479855771615815
98,22,1,1.0083968171894098e-5
98,22,2,9.279893762467495e-6
98,22,3,9.317949793678439e-6
98,22,4,0.0001063438026665544
98,22,5,9.542492232168768e-6
98,22,6,0.00016150820733090175
98,22,7,9.294908982271307e-6
98,22,8,5.829050557328167e-5
98,22,9,9.286514912712385e-6
98,22,10,0.00014841353427685162
98,23,1,1.008792711704512e-5
98,23,2,9.279889220532349e-6
98,23,3,9.317652009196163e-6
98,23,4,0.00010611462571128078
98,23,5,9.540860751989517e-6
98,23,6,0.00016129188611709058
98,23,7,9.294875419587464e-6
98,23,8,5.8150290416144425e-5
98,23,9,9.286506817550374e-6
98,23,10,0.00014800428484475946
98,24,1,1.0086366217342617e-5
98,24,2,9.279937939161194e-6
98,24,3,9.31795447454221e-6
98,24,4,0.00010634896904411992
98,24,5,9.542490486563928e-6
98,24,6,0.00016170827742311285
98,24,7,9.29491235082356e-6
98,24,8,5.8280667595984676e-5
98,24,9,9.286536817033566e-6
98,24,10,0.00014857338974614688
99,1,1,2.373128566561787e-5
99,1,2,0.00021307623675001752
99,1,3,3.13012848567276e-5
99,1,4,0.00011970857404489225
99,1,5,8.03820701088225e-5
99,1,6,0.00015887224279718595
99,1,7,0.00020399563012905858
99,1,8,6.975397178614658e-5
99,1,9,2.6666289709526783e-5
99,1,10,0.00021497180537976957
99,2,1,8.043670590385964e-5
99,2,2,0.0003926418549949181
99,2,3,8.029249778421788e-5
99,2,4,0.00011976448826396345
99,2,5,8.037589989706201e-5
99,2,6,0.00013714361665280713
99,2,7,8.02862880614367e-5
99,2,8,9.651797864321799e-5
99,2,9,0.0005872778440697772
99,2,10,0.00013093774440127212
99,3,1,0.0001398147807952586
99,3,2,0.0004668894360415502
99,3,3,0.00015839621455353877
99,3,4,0.00031857985743622265
99,3,5,8.038389435061384e-5
99,3,6,0.00013706890539358713
99,3,7,0.00045320031508035353
99,3,8,0.0006363341419504594
99,3,9,0.0006775196386475906
99,3,10,0.00044482396833709953
99,4,1,0.0003090760012207267
99,4,2,8.0281912349459e-5
99,4,3,8.029262996925775e-5
99,4,4,0.0001205601351428609
99,4,5,8.037861301822378e-5
99,4,6,0.00015912035339528
99,4,7,0.0003176811304864493
99,4,8,9.451886089173731e-5
99,4,9,0.0005088864941295479
99,4,10,0.00014988916610329803
99,5,1,0.0003192537711206644
99,5,2,0.00033992132529591263
99,5,3,8.029416471764344e-5
99,5,4,0.00012056911241781806
99,5,5,0.0013359271856375917
99,5,6,0.00013822193849796725
99,5,7,0.000328065658933522
99,5,8,9.672995936720573e-5
99,5,9,8.028436971963821e-5
99,5,10,0.0005959570424982233
99,6,1,0.00028077717560542783
99,6,2,0.00030019221916417657
99,6,3,8.029417597904401e-5
99,6,4,0.00031363027986346494
99,6,5,8.037880052845854e-5
99,6,6,0.00017901954976634686
99,6,7,8.028628024110967e-5
99,6,8,0.00043158952324271594
99,6,9,8.028437201918861e-5
99,6,10,0.0005263719398557072
99,7,1,8.043951164392714e-5
99,7,2,0.0005410028821234521
99,7,3,0.0003524255425516094
99,7,4,0.0005694034419684732
99,7,5,8.038566115601211e-5
99,7,6,0.000922236317553233
99,7,7,0.0005259600318481766
99,7,8,9.677942143583308e-5
99,7,9,0.0007665017605003774
99,7,10,0.0008871827778173146
99,8,1,8.043955231450219e-5
99,8,2,8.028191787356032e-5
99,8,3,0.00017852253984286816
99,8,4,0.000323557408745827
99,8,5,8.038562116008352e-5
99,8,6,0.0006296159068579964
99,8,7,8.028710265360052e-5
99,8,8,0.00044514958071784446
99,8,9,0.00051760961348361
99,8,10,0.00015065671548862623
99,9,1,0.000319918665100969
99,9,2,0.000340893850997782
99,9,3,0.00018204819880475847
99,9,4,0.00012080968075007061
99,9,5,8.037874100216136e-5
99,9,6,0.0005789694659693208
99,9,7,8.028710543824867e-5
99,9,8,0.0004599005590538306
99,9,9,8.028436713339376e-5
99,9,10,0.0006190983408778974
99,10,1,0.000354002038093994
99,10,2,8.02827554316405e-5
99,10,3,0.0002079840824391936
99,10,4,0.00036151489019494804
99,10,5,8.03856449293198e-5
99,10,6,0.0005496336766335556
99,10,7,0.0003635198425226851
99,10,8,9.455171233007312e-5
99,10,9,0.0005671335358062401
99,10,10,0.00015080639348358457
99,11,1,0.00034754500607527965
99,11,2,0.00036933506048953405
99,11,3,8.029425135473622e-5
99,11,4,0.00034516818651264954
99,11,5,8.038570173434836e-5
99,11,6,0.0005838049398967461
99,11,7,0.0003568975202080083
99,11,8,0.0004994178301423348
99,11,9,8.02843716614523e-5
99,11,10,0.0005910367480425493
99,12,1,8.043949332254547e-5
99,12,2,0.00033718671923478393
99,12,3,8.029470168509325e-5
99,12,4,0.0003167141905588527
99,12,5,0.0012051907419457812
99,12,6,0.00016136833490146098
99,12,7,8.02862824146326e-5
99,12,8,9.460705476785442e-5
99,12,9,8.028437634806128e-5
99,12,10,0.00013173283691982326
99,13,1,8.043950896114316e-5
99,13,2,0.0006378001587822
99,13,3,0.0012999396539604359
99,13,4,0.0005729183317874586
99,13,5,0.001734271848392689
99,13,6,0.000944391097786551
99,13,7,0.0006214901848563014
99,13,8,0.0008015852955220369
99,13,9,8.028437168606504e-5
99,13,10,0.00015119692054729847
99,14,1,0.0003833103681473873
99,14,2,8.028191696113747e-5
99,14,3,0.0009628487713908862
99,14,4,0.00036954920499451523
99,14,5,8.037931778285191e-5
99,14,6,0.00016130869988621673
99,14,7,8.028713344673668e-5
99,14,8,0.0005961201807476537
99,14,9,8.028436945334898e-5
99,14,10,0.0001315973380026267
99,15,1,0.0006151871201935869
99,15,2,0.0006432398700443462
99,15,3,0.0013077984911322915
99,15,4,0.0001209728835356829
99,15,5,0.0017438808493498985
99,15,6,0.0009217637697831284
99,15,7,0.0006269978348066789
99,15,8,9.693378426609602e-5
99,15,9,8.028436480167763e-5
99,15,10,0.0010040160375419948
99,16,1,0.00034622870703580156
99,16,2,8.02813549319457e-5
99,16,3,8.029433306013318e-5
99,16,4,0.0006526829760824687
99,16,5,8.037929950254059e-5
99,16,6,0.0001380845682478851
99,16,7,8.028711718502163e-5
99,16,8,9.691801682007228e-5
99,16,9,8.028436251837706e-5
99,16,10,0.0006681784688375151
99,17,1,0.0008878116260486817
99,17,2,0.0009252943710695055
99,17,3,0.001700304185368989
99,17,4,0.0012876304654439136
99,17,5,8.03792619117693e-5
99,17,6,0.0011735521797393113
99,17,7,0.0009050695686947852
99,17,8,0.0011531664191628628
99,17,9,0.0011404144103232855
99,17,10,0.0012235656439273284
99,18,1,0.0008921755687000266
99,18,2,0.0007609471562347609
99,18,3,0.001473502926866897
99,18,4,0.0011111495220153776
99,18,5,8.03789734286633e-5
99,18,6,0.00016145097597602268
99,18,7,8.028625782522938e-5
99,18,8,0.0009734915518468059
99,18,9,0.0009567563139447288
99,18,10,0.0001315528191102625
99,19,1,8.044049174350094e-5
99,19,2,0.0007988252190398193
99,19,3,8.02961464350445e-5
99,19,4,0.00012153970704896404
99,19,5,0.0019469580426440208
99,19,6,0.0010234446214544852
99,19,7,0.0007409259616904426
99,19,8,0.0010144229134099922
99,19,9,0.000999132546388521
99,19,10,0.001017799005609636
99,20,1,0.00042789515393149865
99,20,2,8.028135234021114e-5
99,20,3,8.029687041956911e-5
99,20,4,0.0008306142590938926
99,20,5,8.037895043093108e-5
99,20,6,0.0006730476166569979
99,20,7,0.00048162715480412816
99,20,8,9.450995583825352e-5
99,20,9,0.0006948880702482673
99,20,10,0.00013632120686888022
99,21,1,0.002053766812922894
99,21,2,0.0008073484118272819
99,21,3,0.0015396464140626383
99,21,4,0.00110201155037839
99,21,5,0.0019605344605791207
99,21,6,0.000843084837936194
99,21,7,0.0007478289578431935
99,21,8,0.0010015239787902347
99,21,9,8.028443361565141e-5
99,21,10,0.0010083365910443735
99,22,1,0.0017848952298116498
99,22,2,8.028192092448515e-5
99,22,3,8.029618937073885e-5
99,22,4,0.00012179275466396046
99,22,5,8.037964248109506e-5
99,22,6,0.00016203433658554728
99,22,7,0.0005896964224234527
99,22,8,9.696374097368554e-5
99,22,9,0.000739138793323335
99,22,10,0.00013166402627564754
99,23,1,8.059481625659694e-5
99,23,2,0.0011747999333067305
99,23,3,0.0020345525512596397
99,23,4,0.001287189918989139
99,23,5,0.002515878514871489
99,23,6,0.0011931874777015262
99,23,7,0.0011021059961154529
99,23,8,0.0012671118302649577
99,23,9,0.001303229743283329
99,23,10,0.0011535737495379512
99,24,1,0.0006844507398878044
99,24,2,8.028250753766114e-5
99,24,3,8.029638765785738e-5
99,24,4,0.000661471578373041
99,24,5,8.038726684782845e-5
99,24,6,0.0006169157010210581
99,24,7,0.0005868566996014349
99,24,8,0.000653830552646473
99,24,9,0.0006841862271538998
99,24,10,0.0006636108874214225
100,1,1,7.1982232148693e-6
100,1,2,6.808968613383166e-6
100,1,3,6.842255293877738e-6
100,1,4,0.00010133026540115394
100,1,5,7.060124592515315e-6
100,1,6,0.00015687006725884108
100,1,7,6.823977906278983e-6
100,1,8,5.5247452333389896e-5
100,1,9,6.814715855406958e-6
100,1,10,0.00014412495292903313
100,2,1,7.197821218446739e-6
100,2,2,6.80895873379376e-6
100,2,3,6.842236856437229e-6
100,2,4,0.0001014347730720004
100,2,5,7.060154099287096e-6
100,2,6,0.00015659685555271787
100,2,7,6.824000273350212e-6
100,2,8,5.586737067599968e-5
100,2,9,6.815408234880776e-6
100,2,10,0.00014431717305110937
100,3,1,7.198231270526129e-6
100,3,2,6.808955183282774e-6
100,3,3,6.842215918698377e-6
100,3,4,0.00010199183529710502
100,3,5,7.0613955024521765e-6
100,3,6,0.0001565325207801203
100,3,7,6.823947916604501e-6
100,3,8,5.617724137559699e-5
100,3,9,6.815401950858822e-6
100,3,10,0.00014437507002850093
100,4,1,7.203678181723457e-6
100,4,2,6.80897713029736e-6
100,4,3,6.8426178397721344e-6
100,4,4,0.00010272931885149332
100,4,5,7.063340530563054e-6
100,4,6,0.00015684363247165292
100,4,7,6.82395692085895e-6
100,4,8,5.627822241833475e-5
100,4,9,6.815410362151008e-6
100,4,10,0.0001457550749825264
100,5,1,7.203793995011783e-6
100,5,2,6.808959744027167e-6
100,5,3,6.842614096232472e-6
100,5,4,0.00010276357281085038
100,5,5,7.064302941092731e-6
100,5,6,0.00015707009215754205
100,5,7,6.823953407653806e-6
100,5,8,5.626980236964093e-5
100,5,9,6.8154466235496814e-6
100,5,10,0.0001457825985166153
100,6,1,7.203820909615511e-6
100,6,2,6.808962898860639e-6
100,6,3,6.842621749174569e-6
100,6,4,0.00010307263354433027
100,6,5,7.0653112681707565e-6
100,6,6,0.000157386551033407
100,6,7,6.82399799820168e-6
100,6,8,5.621263819061052e-5
100,6,9,6.815446553775427e-6
100,6,10,0.0001459349771131979
100,7,1,7.20419618803711e-6
100,7,2,6.808952386327579e-6
100,7,3,6.842592078773671e-6
100,7,4,0.00010306601660845705
100,7,5,7.06529595224686e-6
100,7,6,0.00015851295859802588
100,7,7,6.823936777228634e-6
100,7,8,5.629164735584537e-5
100,7,9,6.815397517759253e-6
100,7,10,0.00014588164484697535
100,8,1,7.204176511067731e-6
100,8,2,6.808976605566552e-6
100,8,3,6.842631539303436e-6
100,8,4,0.0001031483515488538
100,8,5,7.065288107539379e-6
100,8,6,0.00015881998516021603
100,8,7,6.823994815307388e-6
100,8,8,5.6250401190025223e-5
100,8,9,6.8154110097987195e-6
100,8,10,0.00014616069070663048
100,9,1,7.203710719384352e-6
100,9,2,6.808959210087899e-6
100,9,3,6.842637078445761e-6
100,9,4,0.00010323708555518688
100,9,5,7.065290803956711e-6
100,9,6,0.00015897377166318083
100,9,7,6.823995885423937e-6
100,9,8,5.6265665165876295e-5
100,9,9,6.8154483778793376e-6
100,9,10,0.0001460115259750579
100,10,1,7.203650622357006e-6
100,10,2,6.8089787361057575e-6
100,10,3,6.842631652376367e-6
100,10,4,0.00010319930192219147
100,10,5,7.065296285816724e-6
100,10,6,0.00015912675097508116
100,10,7,6.8239582559985994e-6
100,10,8,5.636479802680767e-5
100,10,9,6.815408598314611e-6
100,10,10,0.0001462192282069937
100,11,1,7.20363812015991e-6
100,11,2,6.808957372285305e-6
100,11,3,6.842669371210382e-6
100,11,4,0.00010325786184204575
100,11,5,7.065380099493201e-6
100,11,6,0.0001591121577260916
100,11,7,6.823960936230552e-6
100,11,8,5.648828691415071e-5
100,11,9,6.815448362897672e-6
100,11,10,0.00014617579311792107
100,12,1,7.204134713003394e-6
100,12,2,6.808959334656515e-6
100,12,3,6.843843863960479e-6
100,12,4,0.00010332280502607546
100,12,5,7.065265248001246e-6
100,12,6,0.0001593077721595761
100,12,7,6.824005952127244e-6
100,12,8,5.659270195452953e-5
100,12,9,6.815448218408911e-6
100,12,10,0.00014644308483085063
100,13,1,7.204146956155245e-6
100,13,2,6.808946679316555e-6
100,13,3,6.847193258198421e-6
100,13,4,0.00010330224029491264
100,13,5,7.0649819590116615e-6
100,13,6,0.00015905446729425808
100,13,7,6.823934055019106e-6
100,13,8,5.6471028212673105e-5
100,13,9,6.815447498180814e-6
100,13,10,0.00014638139744743014
100,14,1,7.203755732943321e-6
100,14,2,6.808976200692962e-6
100,14,3,6.8472373735587895e-6
100,14,4,0.0001034050281697849
100,14,5,7.0662697746110236e-6
100,14,6,0.0001593568438392775
100,14,7,6.824003661948491e-6
100,14,8,5.6516964497539804e-5
100,14,9,6.81544791658732e-6
100,14,10,0.00014650130578530162
100,15,1,7.203913525887775e-6
100,15,2,6.808947286274781e-6
100,15,3,6.847194611501627e-6
100,15,4,0.00010358738435752546
100,15,5,7.064958868023428e-6
100,15,6,0.00015916084277828153
100,15,7,6.823934994007855e-6
100,15,8,5.660850839593614e-5
100,15,9,6.815448301955858e-6
100,15,10,0.00014628844836152925
100,16,1,7.204325057994904e-6
100,16,2,6.8089784972215616e-6
100,16,3,6.847428080746562e-6
100,16,4,0.00010451524938201569
100,16,5,7.0662673114691064e-6
100,16,6,0.0001595890780035828
100,16,7,6.824004821868709e-6
100,16,8,5.6610771220250614e-5
100,16,9,6.815452130498827e-6
100,16,10,0.0001465090173575972
100,17,1,7.203709589913744e-6
100,17,2,6.808939999940857e-6
100,17,3,6.84715895144226e-6
100,17,4,0.00010438668764732706
100,17,5,7.06627136653013e-6
100,17,6,0.00015941154054150612
100,17,7,6.823918069232747e-6
100,17,8,5.645315392467323e-5
100,17,9,6.815436088152346e-6
100,17,10,0.00014635920651414922
100,18,1,7.205711628310921e-6
100,18,2,6.808947295816217e-6
100,18,3,6.847180219942508e-6
100,18,4,0.00010449788334201353
100,18,5,7.066289834969343e-6
100,18,6,0.00015981785993011218
100,18,7,6.824009073908328e-6
100,18,8,5.64941434167867e-5
100,18,9,6.8154494126145665e-6
100,18,10,0.0001468015604362944
100,19,1,7.2069365540545335e-6
100,19,2,6.808945606899389e-6
100,19,3,6.847421872571179e-6
100,19,4,0.0001047770314835396
100,19,5,7.064970251016762e-6
100,19,6,0.00015961987233243586
100,19,7,6.823933159313093e-6
100,19,8,5.649279895399791e-5
100,19,9,6.815447491601102e-6
100,19,10,0.00014639613204428008
100,20,1,7.206346300226377e-6
100,20,2,6.80898054854269e-6
100,20,3,6.84741831454914e-6
100,20,4,0.00010462409441098907
100,20,5,7.0663439386130625e-6
100,20,6,0.0001598128679519908
100,20,7,6.823955518511334e-6
100,20,8,5.665248686215366e-5
100,20,9,6.8154646538273875e-6
100,20,10,0.00014682385398511106
100,21,1,7.613221547006485e-6
100,21,2,6.808944835056151e-6
100,21,3,6.847163863207855e-6
100,21,4,0.0001045646981050283
100,21,5,7.064952057688227e-6
100,21,6,0.00015966268949905004
100,21,7,6.823936892479833e-6
100,21,8,5.650740545775271e-5
100,21,9,6.815511344603032e-6
100,21,10,0.00014643122584859702
100,22,1,7.613699570125967e-6
100,22,2,6.808983242564464e-6
100,22,3,6.847419494544878e-6
100,22,4,0.00010481454745999543
100,22,5,7.066350320802223e-6
100,22,6,0.00016007633476276988
100,22,7,6.823951689081603e-6
100,22,8,5.6638732778500194e-5
100,22,9,6.815463030784688e-6
100,22,10,0.00014696170426982044
100,23,1,7.617789915940149e-6
100,23,2,6.809027280734807e-6
100,23,3,6.847124024794829e-6
100,23,4,0.00010457296269900397
100,23,5,7.064759833043092e-6
100,23,6,0.00015984183124437244
100,23,7,6.8239185646809315e-6
100,23,8,5.65013000573116e-5
100,23,9,6.815453375195552e-6
100,23,10,0.00014656571357988965
100,24,1,7.61591417306454e-6
100,24,2,6.809075876448703e-6
100,24,3,6.847426297435362e-6
100,24,4,0.00010482579847640296
100,24,5,7.066364528612383e-6
100,24,6,0.00016026699275397543
100,24,7,6.8239563623128475e-6
100,24,8,5.663445377055791e-5
100,24,9,6.815482836252582e-6
100,24,10,0.000147150000474766
101,1,1,4.052981282372742e-6
101,1,2,3.669971116255245e-6
101,1,3,3.7033088864630196e-6
101,1,4,9.912410883962535e-5
101,1,5,3.913126743363994e-6
101,1,6,0.00015453410834302347
101,1,7,3.685350499315235e-6
101,1,8,5.310249483917192e-5
101,1,9,3.6756554986838473e-6
101,1,10,0.000141900459824496
101,2,1,4.0525624163315626e-6
101,2,2,3.6699614417486863e-6
101,2,3,3.7032902810272524e-6
101,2,4,9.923587461688196e-5
101,2,5,3.9132469260389375e-6
101,2,6,0.00015437398603169395
101,2,7,3.6853720796695e-6
101,2,8,5.372688002131969e-5
101,2,9,3.6763521261081257e-6
101,2,10,0.00014210256981411946
101,3,1,4.053014578957596e-6
101,3,2,3.6699578150108386e-6
101,3,3,3.703271369664777e-6
101,3,4,9.982616219887288e-5
101,3,5,3.914608373111818e-6
101,3,6,0.0001543182140970839
101,3,7,3.685320009255903e-6
101,3,8,5.4033462252279784e-5
101,3,9,3.6763457154506336e-6
101,3,10,0.0001421546909793308
101,4,1,4.058597591523396e-6
101,4,2,3.6699795549729094e-6
101,4,3,3.703647812098581e-6
101,4,4,0.00010056847545920314
101,4,5,3.916416443996221e-6
101,4,6,0.0001546329687565955
101,4,7,3.6853293300810445e-6
101,4,8,5.413732223886564e-5
101,4,9,3.6763539144751253e-6
101,4,10,0.0001435397449610814
101,5,1,4.058730794974754e-6
101,5,2,3.6699620915074827e-6
101,5,3,3.70364491178859e-6
101,5,4,0.00010060617683273115
101,5,5,3.917548772947115e-6
101,5,6,0.00015486164181063812
101,5,7,3.685325995743783e-6
101,5,8,5.413037149637327e-5
101,5,9,3.6763909215920918e-6
101,5,10,0.00014356302637405247
101,6,1,4.058765189238434e-6
101,6,2,3.6699648924798655e-6
101,6,3,3.7036516236007884e-6
101,6,4,0.00010090500707808085
101,6,5,3.9185383079941295e-6
101,6,6,0.00015517884884119307
101,6,7,3.6853704911565297e-6
101,6,8,5.407259636786601e-5
101,6,9,3.6763910092541573e-6
101,6,10,0.0001437192284644922
101,7,1,4.0591377042356075e-6
101,7,2,3.66995452375348e-6
101,7,3,3.703623344745197e-6
101,7,4,0.00010089660575281135
101,7,5,3.918522599283258e-6
101,7,6,0.00015628428671873634
101,7,7,3.6853092245257954e-6
101,7,8,5.415532725246182e-5
101,7,9,3.6763410024123053e-6
101,7,10,0.00014367087971227263
101,8,1,4.059122817808566e-6
101,8,2,3.6699786374284957e-6
101,8,3,3.703660809275805e-6
101,8,4,0.00010098178035729671
101,8,5,3.91851784023805e-6
101,8,6,0.00015658555675050287
101,8,7,3.6853677844745213e-6
101,8,8,5.411175515099906e-5
101,8,9,3.6763545729029753e-6
101,8,10,0.00014395775733895804
101,9,1,4.058660307615138e-6
101,9,2,3.669961009676744e-6
101,9,3,3.703666129103946e-6
101,9,4,0.0001010801550572561
101,9,5,3.918526845028918e-6
101,9,6,0.00015673735855247916
101,9,7,3.6853689365636114e-6
101,9,8,5.412821727964098e-5
101,9,9,3.676392576886464e-6
101,9,10,0.00014380701319910457
101,10,1,4.058601360717361e-6
101,10,2,3.6699803304386517e-6
101,10,3,3.7036607895386327e-6
101,10,4,0.00010103974797871971
101,10,5,3.918534984518498e-6
101,10,6,0.0001568924508853871
101,10,7,3.685332652881393e-6
101,10,8,5.423202420794188e-5
101,10,9,3.6763521493361133e-6
101,10,10,0.0001440261810012154
101,11,1,4.058594389352717e-6
101,11,2,3.669958979108672e-6
101,11,3,3.7036965212611388e-6
101,11,4,0.0001010986333506929
101,11,5,3.918629506927894e-6
101,11,6,0.00015687923868374146
101,11,7,3.685335576170549e-6
101,11,8,5.434759940994843e-5
101,11,9,3.6763926160937106e-6
101,11,10,0.00014397456779594847
101,12,1,4.059103605591022e-6
101,12,2,3.669960717016777e-6
101,12,3,3.704795960261665e-6
101,12,4,0.00010116610398476036
101,12,5,3.918602169006071e-6
101,12,6,0.00015708325832310106
101,12,7,3.6853805793175796e-6
101,12,8,5.4456542694235845e-5
101,12,9,3.676392420497811e-6
101,12,10,0.00014425227151267412
101,13,1,4.059121871437405e-6
101,13,2,3.669948238890487e-6
101,13,3,3.7079125521254963e-6
101,13,4,0.00010114660024386753
101,13,5,3.918323047831823e-6
101,13,6,0.0001568256596990076
101,13,7,3.6853088680323783e-6
101,13,8,5.4332700042332236e-5
101,13,9,3.6763918271532424e-6
101,13,10,0.00014419196011369837
101,14,1,4.058733709175887e-6
101,14,2,3.669977535497248e-6
101,14,3,3.7079525661218957e-6
101,14,4,0.00010125043656722143
101,14,5,3.919608392344099e-6
101,14,6,0.00015713699666468166
101,14,7,3.685378571227698e-6
101,14,8,5.437789022053377e-5
101,14,9,3.676392093822115e-6
101,14,10,0.00014431942727435052
101,15,1,4.058922383727512e-6
101,15,2,3.6699485051404646e-6
101,15,3,3.707913530225507e-6
101,15,4,0.00010143891373314129
101,15,5,3.918307272805475e-6
101,15,6,0.0001569363701153437
101,15,7,3.685310090367954e-6
101,15,8,5.447401543984617e-5
101,15,9,3.676392897547975e-6
101,15,10,0.00014409552907301745
101,16,1,4.05934360761634e-6
101,16,2,3.6699795603776975e-6
101,16,3,3.708127181377043e-6
101,16,4,0.00010235531670009627
101,16,5,3.919608768144243e-6
101,16,6,0.0001573779141195551
101,16,7,3.6853806895982615e-6
101,16,8,5.447747070916173e-5
101,16,9,3.676396477527938e-6
101,16,10,0.00014431560141463687
101,17,1,4.058717539023093e-6
101,17,2,3.6699408919322767e-6
101,17,3,3.70788117251737e-6
101,17,4,0.00010222836278203259
101,17,5,3.919617141855217e-6
101,17,6,0.00015718413410255015
101,17,7,3.685293105021826e-6
101,17,8,5.431807380432579e-5
101,17,9,3.6763757726936876e-6
101,17,10,0.00014416549323918596
101,18,1,4.060786332545654e-6
101,18,2,3.6699475788531123e-6
101,18,3,3.7079005631688943e-6
101,18,4,0.00010233804445679073
101,18,5,3.919635749720643e-6
101,18,6,0.0001576011907317501
101,18,7,3.6853854228042863e-6
101,18,8,5.435905957164407e-5
101,18,9,3.6763886519144962e-6
101,18,10,0.00014462580009705816
101,19,1,4.062050038859362e-6
101,19,2,3.669946013044253e-6
101,19,3,3.7081224373497023e-6
101,19,4,0.0001026279884218846
101,19,5,3.918339378513757e-6
101,19,6,0.00015739110475787094
101,19,7,3.685308872851491e-6
101,19,8,5.435891811037922e-5
101,19,9,3.676386659680543e-6
101,19,10,0.00014421404900009786
101,20,1,4.061449403127136e-6
101,20,2,3.669981215695515e-6
101,20,3,3.7081190306852796e-6
101,20,4,0.00010246915508361706
101,20,5,3.919713576348751e-6
101,20,6,0.0001575836988794995
101,20,7,3.68533206423771e-6
101,20,8,5.452074323440385e-5
101,20,9,3.676404005462856e-6
101,20,10,0.00014465164671463425
101,21,1,4.495028514777219e-6
101,21,2,3.66994473762001e-6
101,21,3,3.707886279068342e-6
101,21,4,0.00010241154577933508
101,21,5,3.918331442145727e-6
101,21,6,0.00015743708876855071
101,21,7,3.6853140948789845e-6
101,21,8,5.4374757991415624e-5
101,21,9,3.676452131592217e-6
101,21,10,0.0001442439029909932
101,22,1,4.495572754616638e-6
101,22,2,3.669982621822916e-6
101,22,3,3.708121480176039e-6
101,22,4,0.0001026771985018306
101,22,5,3.919733165155783e-6
101,22,6,0.00015786654585537758
101,22,7,3.6853297318756415e-6
101,22,8,5.4514052978851056e-5
101,22,9,3.676402306460359e-6
101,22,10,0.00014480362616062155
101,23,1,4.500130739329395e-6
101,23,2,3.6699687589011427e-6
101,23,3,3.707849989270654e-6
101,23,4,0.00010242781234335037
101,23,5,3.918155965006009e-6
101,23,6,0.00015762868826136174
101,23,7,3.6852968331085125e-6
101,23,8,5.437265632795564e-5
101,23,9,3.6763915846318955e-6
101,23,10,0.00014438919153633752
101,24,1,4.498091858435235e-6
101,24,2,3.670017648104233e-6
101,24,3,3.7081275707284076e-6
101,24,4,0.0001026884573108363
101,24,5,3.919758760607494e-6
101,24,6,0.00015806160097795724
101,24,7,3.6853363340083225e-6
101,24,8,5.450816796781608e-5
101,24,9,3.676421410864489e-6
101,24,10,0.00014498013049096836
102,1,1,4.512044815495586e-6
102,1,2,4.127065022435489e-6
102,1,3,4.160637250686702e-6
102,1,4,9.974151749224695e-5
102,1,5,4.372235847150931e-6
102,1,6,0.0001553874557266711
102,1,7,4.142442770063031e-6
102,1,8,5.3524445565882954e-5
102,1,9,4.132699192334713e-6
102,1,10,0.00014263357823720766
102,2,1,4.512080840329481e-6
102,2,2,4.127062498436082e-6
102,2,3,4.160639425480971e-6
102,2,4,9.982381872714447e-5
102,2,5,4.372325509149355e-6
102,2,6,0.0001550368042669867
102,2,7,4.142436335647329e-6
102,2,8,5.418770764857424e-5
102,2,9,4.133477628926897e-6
102,2,10,0.00014272019613476535
102,3,1,4.5125366411531705e-6
102,3,2,4.127061373397157e-6
102,3,3,4.160644682299265e-6
102,3,4,0.00010046882400844137
102,3,5,4.37372378808696e-6
102,3,6,0.00015493160994380583
102,3,7,4.1424343004155915e-6
102,3,8,5.457404564114737e-5
102,3,9,4.13347417609063e-6
102,3,10,0.00014292419461786875
102,4,1,4.518444227121198e-6
102,4,2,4.127059308238395e-6
102,4,3,4.161004121449507e-6
102,4,4,0.00010112520573032385
102,4,5,4.377413276119809e-6
102,4,6,0.00015526925688344763
102,4,7,4.142428873702718e-6
102,4,8,5.456760369765776e-5
102,4,9,4.133471251706687e-6
102,4,10,0.00014413902872659304
102,5,1,4.518559984783207e-6
102,5,2,4.127058309644302e-6
102,5,3,4.161001766831638e-6
102,5,4,0.00010115837566392016
102,5,5,4.3776380597797086e-6
102,5,6,0.00015538809705918934
102,5,7,4.142426555579801e-6
102,5,8,5.455920122011367e-5
102,5,9,4.13347272842595e-6
102,5,10,0.00014434436583483148
102,6,1,4.518492976040292e-6
102,6,2,4.1270577958750275e-6
102,6,3,4.1610080969332586e-6
102,6,4,0.0001015424096920119
102,6,5,4.377605854182264e-6
102,6,6,0.00015562529178901857
102,6,7,4.142425503816043e-6
102,6,8,5.457333159600586e-5
102,6,9,4.133472133911548e-6
102,6,10,0.00014444493178581786
102,7,1,4.518468583277244e-6
102,7,2,4.127057337392931e-6
102,7,3,4.161040761936811e-6
102,7,4,0.00010159469877254531
102,7,5,4.377603792784986e-6
102,7,6,0.00015713813001611902
102,7,7,4.142424902416354e-6
102,7,8,5.457252144698947e-5
102,7,9,4.13347226329642e-6
102,7,10,0.000144504506266148
102,8,1,4.518441597132327e-6
102,8,2,4.127056709003292e-6
102,8,3,4.1610397618903496e-6
102,8,4,0.00010161366466084124
102,8,5,4.377780671481879e-6
102,8,6,0.0001573739133016781
102,8,7,4.142424423297914e-6
102,8,8,5.460465339447728e-5
102,8,9,4.133472654140285e-6
102,8,10,0.00014451685087632954
102,9,1,4.518444837778406e-6
102,9,2,4.127056597213285e-6
102,9,3,4.161040913694583e-6
102,9,4,0.00010161559203810627
102,9,5,4.377756512567289e-6
102,9,6,0.0001575420232840606
102,9,7,4.1424255725209595e-6
102,9,8,5.462413198557118e-5
102,9,9,4.133473264196563e-6
102,9,10,0.00014455945599603398
102,10,1,4.518305939158636e-6
102,10,2,4.127055147115552e-6
102,10,3,4.161044390798965e-6
102,10,4,0.00010168138267092398
102,10,5,4.377762022726016e-6
102,10,6,0.00015766667718121054
102,10,7,4.1424359146051965e-6
102,10,8,5.4636406974903386e-5
102,10,9,4.133469333599078e-6
102,10,10,0.0001445990479543966
102,11,1,4.518244281733155e-6
102,11,2,4.127055084170909e-6
102,11,3,4.161048178173016e-6
102,11,4,0.00010172041317284222
102,11,5,4.3778281668907565e-6
102,11,6,0.00015767877264138928
102,11,7,4.142434850327469e-6
102,11,8,5.4872683581601025e-5
102,11,9,4.133467768826938e-6
102,11,10,0.00014471213865691347
102,12,1,4.518199667179127e-6
102,12,2,4.1270543815299e-6
102,12,3,4.162172863847928e-6
102,12,4,0.00010177264220518858
102,12,5,4.378843027949394e-6
102,12,6,0.00015766760753712887
102,12,7,4.142433749973457e-6
102,12,8,5.486888705169967e-5
102,12,9,4.1334670584685185e-6
102,12,10,0.00014470360146221403
102,13,1,4.5181685549239955e-6
102,13,2,4.127053357460242e-6
102,13,3,4.1655870732117e-6
102,13,4,0.00010179952193366546
102,13,5,4.378757093486484e-6
102,13,6,0.00015765776065093402
102,13,7,4.1424328582171105e-6
102,13,8,5.488327528370729e-5
102,13,9,4.133465349012598e-6
102,13,10,0.00014470626565787968
102,14,1,4.518154565811e-6
102,14,2,4.1270496940639075e-6
102,14,3,4.165587956359383e-6
102,14,4,0.0001018379322155357
102,14,5,4.378635253069013e-6
102,14,6,0.0001575885505683497
102,14,7,4.142425567670894e-6
102,14,8,5.4861488619442876e-5
102,14,9,4.133459726283089e-6
102,14,10,0.00014463120589571892
102,15,1,4.5187285486546026e-6
102,15,2,4.127049646561123e-6
102,15,3,4.1655786851972994e-6
102,15,4,0.00010184034091577292
102,15,5,4.378639725437942e-6
102,15,6,0.00015765121489305824
102,15,7,4.142425426040852e-6
102,15,8,5.484344081742844e-5
102,15,9,4.133458525655672e-6
102,15,10,0.0001447750451299867
102,16,1,4.518698033789022e-6
102,16,2,4.127048880571549e-6
102,16,3,4.165576269643517e-6
102,16,4,0.0001029474048951132
102,16,5,4.3786064365903895e-6
102,16,6,0.00015766268579517231
102,16,7,4.142424576950331e-6
102,16,8,5.4836089733158805e-5
102,16,9,4.13346002716022e-6
102,16,10,0.00014486445695218386
102,17,1,4.518702923383361e-6
102,17,2,4.12705081547424e-6
102,17,3,4.165566966673017e-6
102,17,4,0.0001029538133548441
102,17,5,4.378503968480649e-6
102,17,6,0.00015786258948397323
102,17,7,4.142418372054649e-6
102,17,8,5.481375064620479e-5
102,17,9,4.133516304079411e-6
102,17,10,0.00014469325545129843
102,18,1,4.520541443151997e-6
102,18,2,4.127045704378396e-6
102,18,3,4.165564050741615e-6
102,18,4,0.00010286756470496712
102,18,5,4.378490083441021e-6
102,18,6,0.0001577572700019397
102,18,7,4.142417231184891e-6
102,18,8,5.4785954216342495e-5
102,18,9,4.133510020301704e-6
102,18,10,0.0001446750206755962
102,19,1,4.520496335410148e-6
102,19,2,4.127044240894356e-6
102,19,3,4.165560924144977e-6
102,19,4,0.00010285517399104908
102,19,5,4.378537664305896e-6
102,19,6,0.0001578043531268745
102,19,7,4.142419107426998e-6
102,19,8,5.4780557206080234e-5
102,19,9,4.133509100457841e-6
102,19,10,0.00014465816223186397
102,20,1,4.520500662079014e-6
102,20,2,4.127043605679618e-6
102,20,3,4.1655588330970476e-6
102,20,4,0.00010287049786975268
102,20,5,4.378497338717345e-6
102,20,6,0.0001579083700381606
102,20,7,4.142420928979763e-6
102,20,8,5.4770890945261556e-5
102,20,9,4.133509790338646e-6
102,20,10,0.00014468885316285343
102,21,1,4.952138975838171e-6
102,21,2,4.127044311052032e-6
102,21,3,4.16555690118719e-6
102,21,4,0.00010287283767460099
102,21,5,4.378492101209087e-6
102,21,6,0.00015792618807429915
102,21,7,4.142426917291746e-6
102,21,8,5.477586853554679e-5
102,21,9,4.133509226986526e-6
102,21,10,0.00014473420763852485
102,22,1,4.952536433288102e-6
102,22,2,4.127049902720604e-6
102,22,3,4.165556132387918e-6
102,22,4,0.00010297223695987615
102,22,5,4.3784733825391355e-6
102,22,6,0.00015803883203494332
102,22,7,4.142434159035926e-6
102,22,8,5.4778924733837115e-5
102,22,9,4.133515839110582e-6
102,22,10,0.00014485377377687107
102,23,1,4.952310344228645e-6
102,23,2,4.12708576953101e-6
102,23,3,4.16556576429187e-6
102,23,4,0.00010302031688904703
102,23,5,4.378546957786908e-6
102,23,6,0.00015821870629327154
102,23,7,4.142432416478039e-6
102,23,8,5.485087725126938e-5
102,23,9,4.1335294582755096e-6
102,23,10,0.00014507455697099173
102,24,1,4.952191066250612e-6
102,24,2,4.127083938511117e-6
102,24,3,4.165561893900841e-6
102,24,4,0.0001030833482402869
102,24,5,4.378512610361338e-6
102,24,6,0.0001584198186836595
102,24,7,4.142433663185198e-6
102,24,8,5.488578386838934e-5
102,24,9,4.133527892109127e-6
102,24,10,0.000145281182066544
103,1,1,8.559795636073481e-6
103,1,2,0.007669171459208773
103,1,3,1.1744141897439536e-5
103,1,4,9.639821983368497e-5
103,1,5,1.1417055039320318e-5
103,1,6,0.00011807619006593348
103,1,7,0.007664781423864363
103,1,8,3.3969805009211966e-5
103,1,9,0.00026002640693562474
103,1,10,0.00011709204204724276
103,2,1,0.000770674939610568
103,2,2,0.00029084897879074335
103,2,3,0.0008003371935145464
103,2,4,0.0010001437059309183
103,2,5,0.0007937015080809818
103,2,6,0.000849968030634719
103,2,7,0.00016228716898685007
103,2,8,0.00016553399379313054
103,2,9,0.017425031975440416
103,2,10,0.001195322767425503
103,3,1,9.907847005229662e-5
103,3,2,0.004144151820791665
103,3,3,8.770686216215588e-5
103,3,4,8.935957414487748e-5
103,3,5,8.97132393163471e-5
103,3,6,0.00013487093108571687
103,3,7,0.004141480149682733
103,3,8,0.004163163435201189
103,3,9,0.000726468867002245
103,3,10,8.729042572457448e-5
103,4,1,0.0014353769908305323
103,4,2,0.00023355981968635066
103,4,3,0.0018144452976778947
103,4,4,0.0022547407254968907
103,4,5,0.0014284074787331716
103,4,6,0.00252819090147439
103,4,7,0.0011649578953130176
103,4,8,0.0013048585235302139
103,4,9,0.0012029146972348062
103,4,10,0.0024416668777559702
103,5,1,0.00630894110332248
103,5,2,0.006311217058631697
103,5,3,4.997976544098409e-5
103,5,4,6.624273359407682e-5
103,5,5,0.006309027481633819
103,5,6,9.382271216311469e-5
103,5,7,0.0002401612420614776
103,5,8,0.00019796736104601666
103,5,9,0.00022347639708289541
103,5,10,9.322648895675543e-5
103,6,1,0.0010236247629941554
103,6,2,0.0005355257513036826
103,6,3,0.001342364697725535
103,6,4,0.0017056030765078118
103,6,5,0.0010089004410606325
103,6,6,0.0019329282397802549
103,6,7,0.0007944272759188709
103,6,8,0.0009346692699446186
103,6,9,0.0008258843915310317
103,6,10,0.0018358146643156251
103,7,1,0.0010225688097900195
103,7,2,0.0005354446854974063
103,7,3,0.0013425445436859162
103,7,4,0.0017060723845268942
103,7,5,0.001014601052663396
103,7,6,0.0018940602697896125
103,7,7,0.0007947174254689964
103,7,8,0.0009357875447444292
103,7,9,0.000825888064494722
103,7,10,0.0018965693125678302
103,8,1,0.0010221992313920337
103,8,2,0.0005355207985075777
103,8,3,0.0013423766105877951
103,8,4,0.0016774344143252106
103,8,5,0.0010143791377845545
103,8,6,0.001945960202838823
103,8,7,0.0007945037064239128
103,8,8,0.0008575131859079178
103,8,9,0.0008254908675662631
103,8,10,0.002032995831483484
103,9,1,0.00010440868806481412
103,9,2,0.006760285433019245
103,9,3,3.072842922010889e-5
103,9,4,6.584122396611147e-5
103,9,5,0.0001071754712317
103,9,6,9.948952152221143e-5
103,9,7,0.00019483479868568897
103,9,8,0.00019788836727393483
103,9,9,0.00018021764391810117
103,9,10,0.00010191514795874529
103,10,1,0.00010237345343177153
103,10,2,0.00035678367743376295
103,10,3,2.980792547967617e-5
103,10,4,6.265309178400418e-5
103,10,5,0.00010466830932606202
103,10,6,0.006799538045621434
103,10,7,0.006783990793537361
103,10,8,0.00020658541290948982
103,10,9,0.006779871321959349
103,10,10,9.46174880164867e-5
103,11,1,0.0004579893184224867
103,11,2,0.0038274100917080373
103,11,3,0.0002802963349917452
103,11,4,0.00020645426493182044
103,11,5,0.00046464730516869977
103,11,6,0.00020488372975999494
103,11,7,0.003825431475126905
103,11,8,0.003840169794132427
103,11,9,0.0006058623853317267
103,11,10,0.003845069389819045
103,12,1,0.0006595140869959382
103,12,2,0.0005461619181556176
103,12,3,0.00013036144075502122
103,12,4,0.0012007472624784965
103,12,5,0.021451048570977557
103,12,6,0.0012875465452796687
103,12,7,0.00048408781464886336
103,12,8,0.0004975701937557217
103,12,9,0.0005079121682919812
103,12,10,0.0013096144169775965
103,13,1,4.4109184179702916e-5
103,13,2,1.8185166816817148e-5
103,13,3,0.012661474941084303
103,13,4,0.0002631223652507543
103,13,5,0.012665212980441268
103,13,6,0.00035170689586123467
103,13,7,8.44733608674106e-6
103,13,8,0.012695831683283153
103,13,9,1.1800472540316608e-5
103,13,10,0.00040097083416659507
103,14,1,6.203483690271568e-5
103,14,2,3.008494259145979e-5
103,14,3,0.013160113068389644
103,14,4,0.0002725661857789854
103,14,5,6.0252290909254455e-5
103,14,6,0.00039738803241598346
103,14,7,1.6947657338754543e-5
103,14,8,0.01318434556525484
103,14,9,2.167278914112698e-5
103,14,10,0.0004275180024037438
103,15,1,0.00733598898694491
103,15,2,0.00011387741060775698
103,15,3,0.007338216367633909
103,15,4,6.44259057671428e-5
103,15,5,7.102391064360248e-5
103,15,6,0.00010839968593994332
103,15,7,0.00734086990521873
103,15,8,0.00016676749114226625
103,15,9,0.00013217138007034734
103,15,10,0.00010238527155957487
103,16,1,0.000508057767786425
103,16,2,0.00040797513393957675
103,16,3,0.0015864802893333682
103,16,4,0.019852590919008314
103,16,5,0.0005041068946883532
103,16,6,0.0010490565645422739
103,16,7,0.0003543615460095745
103,16,8,0.000380866400001181
103,16,9,0.0003751262333763058
103,16,10,0.019856632293152404
103,17,1,0.0015527298958140873
103,17,2,0.000825327388275204
103,17,3,0.0008235154739604109
103,17,4,0.0013766757704763372
103,17,5,0.0015609818945783143
103,17,6,0.0009361166913079703
103,17,7,0.0018611029808010672
103,17,8,0.0017841923547478919
103,17,9,0.0008233757705072755
103,17,10,0.0008762785043838232
103,18,1,0.00501728263411775
103,18,2,0.0003552454140813016
103,18,3,0.005019588969185344
103,18,4,0.005032991528313197
103,18,5,0.00027473592404518853
103,18,6,0.00011551780695806734
103,18,7,0.0004084878402753925
103,18,8,0.005032878109456523
103,18,9,0.0050192721046834945
103,18,10,9.217761478512401e-5
103,19,1,0.0001427412737311782
103,19,2,0.00016465644737162177
103,19,3,0.00031953050790500836
103,19,4,0.00029262251638634767
103,19,5,0.016341058221467655
103,19,6,0.0005799217344835233
103,19,7,0.00013157607937623486
103,19,8,0.00036554024550079284
103,19,9,0.00014440867450816414
103,19,10,0.0007222590978720369
103,20,1,0.00016784172934810124
103,20,2,0.0001462307733113495
103,20,3,4.970729630162672e-5
103,20,4,0.006924380321352642
103,20,5,6.219580115021722e-5
103,20,6,0.006931693625416642
103,20,7,0.00018066732394454753
103,20,8,4.022074313654468e-5
103,20,9,0.006910619757906542
103,20,10,9.519295018902947e-5
103,21,1,0.008002277942395473
103,21,2,7.381203864831903e-5
103,21,3,1.2649286524167518e-5
103,21,4,6.428012692768135e-5
103,21,5,1.845296170698825e-5
103,21,6,0.00011958192365187618
103,21,7,0.008005754074686601
103,21,8,3.281350546936083e-5
103,21,9,8.833089380748685e-5
103,21,10,0.0001319306294145105
103,22,1,0.014037104422218716
103,22,2,5.761643810390159e-5
103,22,3,0.0001591018715458253
103,22,4,0.0002110587345640855
103,22,5,0.00014050443704581432
103,22,6,0.0004446274535062381
103,22,7,6.289351575286705e-5
103,22,8,0.00020344172468135524
103,22,9,4.58029352770158e-5
103,22,10,0.0006019924037349116
103,23,1,0.006468312032314445
103,23,2,0.0008131655036545715
103,23,3,0.0013609556351415596
103,23,4,0.0012218578343873722
103,23,5,0.0014161681059460616
103,23,6,0.0009336452744699192
103,23,7,0.0017267134555253234
103,23,8,0.001224619196798258
103,23,9,0.0008110392853952626
103,23,10,0.0008080955983743041
103,24,1,0.00016778154253231913
103,24,2,2.1342838199990285e-5
103,24,3,2.108817496641874e-5
103,24,4,0.0002216480797830305
103,24,5,3.9426768034280635e-5
103,24,6,0.0003093276716057916
103,24,7,0.00016822963697142005
103,24,8,0.000192716652545271
103,24,9,0.0001676938820484286
103,24,10,0.00031240974262517455
104,1,1,3.400507071032794e-6
104,1,2,3.0161395358094935e-6
104,1,3,3.049038503898668e-6
104,1,4,9.894826893318476e-5
104,1,5,3.2589212781824506e-6
104,1,6,0.00015441796089340443
104,1,7,3.0316298356644447e-6
104,1,8,5.272608157588289e-5
104,1,9,3.021828699181799e-6
104,1,10,0.00014169354776628082
104,2,1,3.400383771467102e-6
104,2,2,3.0161388265211796e-6
104,2,3,3.049041033365327e-6
104,2,4,9.898628771558872e-5
104,2,5,3.2590400922614446e-6
104,2,6,0.00015411993645262774
104,2,7,3.031625801903889e-6
104,2,8,5.339991927764634e-5
104,2,9,3.022612548599458e-6
104,2,10,0.00014181423516771555
104,3,1,3.400919037818758e-6
104,3,2,3.0161389338973873e-6
104,3,3,3.0490506853790056e-6
104,3,4,9.963489030527978e-5
104,3,5,3.2605150645039744e-6
104,3,6,0.0001540428305692839
104,3,7,3.031625419338019e-6
104,3,8,5.379626838649361e-5
104,3,9,3.0226109492120957e-6
104,3,10,0.00014202845092303455
104,4,1,3.4070366920644082e-6
104,4,2,3.016137026622791e-6
104,4,3,3.0493891875014086e-6
104,4,4,0.00010031090730825342
104,4,5,3.2642256351039914e-6
104,4,6,0.000154423361978511
104,4,7,3.0316217989042504e-6
104,4,8,5.379336626407129e-5
104,4,9,3.0226097282960175e-6
104,4,10,0.00014329808063596948
104,5,1,3.4071694291474127e-6
104,5,2,3.0161373883700656e-6
104,5,3,3.049389380702868e-6
104,5,4,0.00010034342113607652
104,5,5,3.2644660632027887e-6
104,5,6,0.0001545577769987532
104,5,7,3.0316205695837348e-6
104,5,8,5.3790848936583755e-5
104,5,9,3.022612799872709e-6
104,5,10,0.0001434862072002731
104,6,1,3.407129740538821e-6
104,6,2,3.0161360664711955e-6
104,6,3,3.0493930343681704e-6
104,6,4,0.00010071018173025036
104,6,5,3.264452218952125e-6
104,6,6,0.00015478263361667062
104,6,7,3.031620014321635e-6
104,6,8,5.3804368497732825e-5
104,6,9,3.0226114398260644e-6
104,6,10,0.00014359880471562643
104,7,1,3.4070651989343194e-6
104,7,2,3.0161352845716175e-6
104,7,3,3.049421496012768e-6
104,7,4,0.00010076546226926036
104,7,5,3.2646179414540577e-6
104,7,6,0.00015627146250696427
104,7,7,3.0316190778716947e-6
104,7,8,5.380448209682033e-5
104,7,9,3.022611110579602e-6
104,7,10,0.00014363827286568515
104,8,1,3.4070416846033896e-6
104,8,2,3.016134681367648e-6
104,8,3,3.0494177642454977e-6
104,8,4,0.00010078610014166186
104,8,5,3.2646022386311326e-6
104,8,6,0.00015649406104591932
104,8,7,3.031618595639189e-6
104,8,8,5.383324164430761e-5
104,8,9,3.022611296143108e-6
104,8,10,0.0001436587322349023
104,9,1,3.4070462217450565e-6
104,9,2,3.016134608321853e-6
104,9,3,3.049418898643044e-6
104,9,4,0.00010078564134945238
104,9,5,3.264598551281285e-6
104,9,6,0.00015664811615399447
104,9,7,3.0316194144343854e-6
104,9,8,5.384963529795971e-5
104,9,9,3.022611920617687e-6
104,9,10,0.00014369564604076944
104,10,1,3.40690064611654e-6
104,10,2,3.016133691592589e-6
104,10,3,3.0494209524976604e-6
104,10,4,0.00010085072167058832
104,10,5,3.264604452737053e-6
104,10,6,0.00015679490338437921
104,10,7,3.0316289259154666e-6
104,10,8,5.38635864696699e-5
104,10,9,3.022607846428953e-6
104,10,10,0.00014372587874505378
104,11,1,3.4068703003677065e-6
104,11,2,3.0161334152465713e-6
104,11,3,3.0494253043509866e-6
104,11,4,0.00010090030563579685
104,11,5,3.264681228041591e-6
104,11,6,0.00015679794390963857
104,11,7,3.0316290540286336e-6
104,11,8,5.408931033929512e-5
104,11,9,3.022607003644909e-6
104,11,10,0.00014384577745717923
104,12,1,3.4068266014815416e-6
104,12,2,3.0161326875891655e-6
104,12,3,3.0504754676101855e-6
104,12,4,0.0001009513727543529
104,12,5,3.2657487890596034e-6
104,12,6,0.00015678655663036464
104,12,7,3.031628138886108e-6
104,12,8,5.409339161831015e-5
104,12,9,3.022606232496084e-6
104,12,10,0.00014384618847443418
104,13,1,3.4068185366119568e-6
104,13,2,3.0161321910453707e-6
104,13,3,3.0536385792578514e-6
104,13,4,0.00010098510646550038
104,13,5,3.2657479153454647e-6
104,13,6,0.0001567907699492489
104,13,7,3.0316274460984516e-6
104,13,8,5.411208086523995e-5
104,13,9,3.0226050845251095e-6
104,13,10,0.00014385046284393484
104,14,1,3.4070674586905515e-6
104,14,2,3.0161317635186213e-6
104,14,3,3.053639720223239e-6
104,14,4,0.00010103316608969264
104,14,5,3.2656495855850265e-6
104,14,6,0.00015681288199058155
104,14,7,3.031627315622415e-6
104,14,8,5.411453018388926e-5
104,14,9,3.0226046640350757e-6
104,14,10,0.00014387750865588856
104,15,1,3.407690909767766e-6
104,15,2,3.0161313964056646e-6
104,15,3,3.053639435654555e-6
104,15,4,0.0001011231692255279
104,15,5,3.2656324484841828e-6
104,15,6,0.00015686467686685103
104,15,7,3.0316295279814206e-6
104,15,8,5.4118974874212876e-5
104,15,9,3.022605517247118e-6
104,15,10,0.00014400492602954405
104,16,1,3.407687327519614e-6
104,16,2,3.0161312742007192e-6
104,16,3,3.0536377931154528e-6
104,16,4,0.00010223514231237767
104,16,5,3.26561732664254e-6
104,16,6,0.00015691217356931088
104,16,7,3.031628530362315e-6
104,16,8,5.4111896151313615e-5
104,16,9,3.022607064602874e-6
104,16,10,0.00014415530842680827
104,17,1,3.407697003441656e-6
104,17,2,3.0161330081068165e-6
104,17,3,3.0536382639544078e-6
104,17,4,0.00010224093634415115
104,17,5,3.265699706629505e-6
104,17,6,0.00015722947776096498
104,17,7,3.0316286561584452e-6
104,17,8,5.411465435029453e-5
104,17,9,3.0226639578186873e-6
104,17,10,0.00014415801257235182
104,18,1,3.409807387676697e-6
104,18,2,3.016132434721001e-6
104,18,3,3.0536368060002213e-6
104,18,4,0.00010228080915765446
104,18,5,3.265703385623697e-6
104,18,6,0.00015724475315986465
104,18,7,3.0316283993578957e-6
104,18,8,5.411973423269667e-5
104,18,9,3.0226657827534757e-6
104,18,10,0.00014411185256751893
104,19,1,3.4097758609708125e-6
104,19,2,3.0161317915585187e-6
104,19,3,3.053634958265437e-6
104,19,4,0.00010227389942146806
104,19,5,3.2657007359878595e-6
104,19,6,0.00015730473029030217
104,19,7,3.0316301419796155e-6
104,19,8,5.411606857318681e-5
104,19,9,3.0226652633020847e-6
104,19,10,0.00014414299727959041
104,20,1,3.409794733436799e-6
104,20,2,3.016131447256211e-6
104,20,3,3.0536331219017518e-6
104,20,4,0.00010229367174346449
104,20,5,3.2657707772138156e-6
104,20,6,0.00015742110270249723
104,20,7,3.0316325372826592e-6
104,20,8,5.411069006337552e-5
104,20,9,3.022666313712138e-6
104,20,10,0.00014416840653893532
104,21,1,3.8651579941277094e-6
104,21,2,3.0161320582317345e-6
104,21,3,3.0536312545870272e-6
104,21,4,0.00010229557084446588
104,21,5,3.2656831554055775e-6
104,21,6,0.00015743768529100064
104,21,7,3.031638779990031e-6
104,21,8,5.4115032981072456e-5
104,21,9,3.0226657130954834e-6
104,21,10,0.00014422140369042602
104,22,1,3.865092734521289e-6
104,22,2,3.016133662396736e-6
104,22,3,3.0536302400588754e-6
104,22,4,0.0001022879706771076
104,22,5,3.265671453361206e-6
104,22,6,0.0001574512754663054
104,22,7,3.031638717885119e-6
104,22,8,5.411886363264628e-5
104,22,9,3.022665674100052e-6
104,22,10,0.00014426178806315748
104,23,1,3.864835891275387e-6
104,23,2,3.0161693536009823e-6
104,23,3,3.0536198244880877e-6
104,23,4,0.00010232938835244504
104,23,5,3.265576315751787e-6
104,23,6,0.00015755181693963914
104,23,7,3.031639690398349e-6
104,23,8,5.412154548874249e-5
104,23,9,3.0226818870177317e-6
104,23,10,0.0001443105621195769
104,24,1,3.864277711574132e-6
104,24,2,3.0161636624815193e-6
104,24,3,3.053620360370699e-6
104,24,4,0.00010233156565658422
104,24,5,3.265532469581942e-6
104,24,6,0.00015764759308287796
104,24,7,3.0316351012457514e-6
104,24,8,5.414694864349068e-5
104,24,9,3.0226746714237875e-6
104,24,10,0.00014453061758901105
105,1,1,8.423999535586085e-5
105,1,2,8.254422974932487e-5
105,1,3,8.414686385843017e-5
105,1,4,0.00016340905306839123
105,1,5,8.418301022225974e-5
105,1,6,0.00021608080960603334
105,1,7,8.384095992332676e-5
105,1,8,0.00011894807062959427
105,1,9,8.421459960258544e-5
105,1,10,0.00020339295782443722
105,2,1,8.423592413699883e-5
105,2,2,8.265420274288082e-5
105,2,3,8.415791851719557e-5
105,2,4,0.00016387274196895922
105,2,5,8.421458914776892e-5
105,2,6,0.00021636867916310194
105,2,7,8.387232478746396e-5
105,2,8,0.0001195969205935751
105,2,9,8.422588912179678e-5
105,2,10,0.00020407700476634465
105,3,1,8.430095292635183e-5
105,3,2,8.281139451967037e-5
105,3,3,8.421292526690987e-5
105,3,4,0.00016395822822252328
105,3,5,8.422524810420438e-5
105,3,6,0.00021536543612808284
105,3,7,8.388544306120951e-5
105,3,8,0.00012104841919373387
105,3,9,8.427601200559228e-5
105,3,10,0.000203508952986269
105,4,1,8.434655078944184e-5
105,4,2,8.290651524401794e-5
105,4,3,8.42137073641462e-5
105,4,4,0.00016544385496406827
105,4,5,8.4207054761813e-5
105,4,6,0.00021741882300389456
105,4,7,8.385988366057914e-5
105,4,8,0.00012059610249539165
105,4,9,8.427621524886786e-5
105,4,10,0.00020599303761592046
105,5,1,8.43273758162873e-5
105,5,2,8.313784003469263e-5
105,5,3,8.418023135859558e-5
105,5,4,0.00016471850990745838
105,5,5,8.41444448845838e-5
105,5,6,0.00021619466524713986
105,5,7,8.37887159092753e-5
105,5,8,0.00012013091229293957
105,5,9,8.424571504572134e-5
105,5,10,0.00020510095770785272
105,6,1,8.435822904316342e-5
105,6,2,8.333687974261071e-5
105,6,3,8.425140631333378e-5
105,6,4,0.00016572388246803436
105,6,5,8.411035103941143e-5
105,6,6,0.00021755953198876048
105,6,7,8.37559999404706e-5
105,6,8,0.00012039284270000066
105,6,9,8.431079060174292e-5
105,6,10,0.00020601158922320788
105,7,1,8.460510513162485e-5
105,7,2,8.34843931782388e-5
105,7,3,8.429954957505807e-5
105,7,4,0.0001658145596561186
105,7,5,8.401393674314564e-5
105,7,6,0.00021905177973711242
105,7,7,8.365374765804667e-5
105,7,8,0.0001201064741930262
105,7,9,8.435487763237346e-5
105,7,10,0.00020596379908197152
105,8,1,8.466578017547548e-5
105,8,2,8.306502265843618e-5
105,8,3,8.424113285381701e-5
105,8,4,0.00016580960165647112
105,8,5,8.374517659700715e-5
105,8,6,0.00021922219746551547
105,8,7,8.336857397804457e-5
105,8,8,0.00012016632148751359
105,8,9,8.430131177579435e-5
105,8,10,0.0002060660360861937
105,9,1,8.489278775475893e-5
105,9,2,8.269416105884897e-5
105,9,3,8.429406843028492e-5
105,9,4,0.00016523897366251092
105,9,5,8.357397047175352e-5
105,9,6,0.0002181389016327871
105,9,7,8.318912884236719e-5
105,9,8,0.00011982483965554108
105,9,9,8.435001241061655e-5
105,9,10,0.0002051669742054446
105,10,1,8.51123620803465e-5
105,10,2,8.241114361799244e-5
105,10,3,8.428321227173539e-5
105,10,4,0.00016528159317565262
105,10,5,8.345989472087554e-5
105,10,6,0.0002207901006358641
105,10,7,8.306859361660707e-5
105,10,8,0.00011984050657110554
105,10,9,8.434042461288726e-5
105,10,10,0.0002052640119110944
105,11,1,8.522808483992196e-5
105,11,2,8.219316864940609e-5
105,11,3,8.423504450887653e-5
105,11,4,0.00016512270725677625
105,11,5,8.341335853624851e-5
105,11,6,0.00021792586311433713
105,11,7,8.301958341070276e-5
105,11,8,0.00012069378253295497
105,11,9,8.429593237136302e-5
105,11,10,0.00020719932693328863
105,12,1,8.52786349605543e-5
105,12,2,8.20768529740869e-5
105,12,3,8.416509512790481e-5
105,12,4,0.00016573241840526113
105,12,5,8.34775370104255e-5
105,12,6,0.00021892506387833862
105,12,7,8.307629324405218e-5
105,12,8,0.00012031560632839631
105,12,9,8.423068635988506e-5
105,12,10,0.0002060058867296554
105,13,1,8.527081024960904e-5
105,13,2,8.20447882478161e-5
105,13,3,8.412450581679301e-5
105,13,4,0.0001655464445353811
105,13,5,8.357448696543244e-5
105,13,6,0.00021877426778982246
105,13,7,8.318113074108842e-5
105,13,8,0.00012111791917913596
105,13,9,8.418940325089237e-5
105,13,10,0.000205736393373308
105,14,1,8.525145435357031e-5
105,14,2,8.214024030420481e-5
105,14,3,8.413025007906082e-5
105,14,4,0.0001655824517411564
105,14,5,8.364333927297737e-5
105,14,6,0.00021884566465581556
105,14,7,8.326038939875633e-5
105,14,8,0.00012111949301134181
105,14,9,8.419461698128234e-5
105,14,10,0.0002057223549125947
105,15,1,8.525653027760106e-5
105,15,2,8.225582419530459e-5
105,15,3,8.416354039394183e-5
105,15,4,0.00016544917584180023
105,15,5,8.3723079445231e-5
105,15,6,0.00021875882399956
105,15,7,8.334617073678547e-5
105,15,8,0.0001201637164800949
105,15,9,8.422536904633546e-5
105,15,10,0.00020551308980905667
105,16,1,8.525775605202059e-5
105,16,2,8.22873165447459e-5
105,16,3,8.412311585043082e-5
105,16,4,0.000168918812324027
105,16,5,8.379600709490556e-5
105,16,6,0.00021954910870116123
105,16,7,8.342158386605239e-5
105,16,8,0.00012074876092874263
105,16,9,8.41894614821491e-5
105,16,10,0.00020931705843358993
105,17,1,8.524399960471397e-5
105,17,2,8.235969360076804e-5
105,17,3,8.400659002303249e-5
105,17,4,0.00016566921869790174
105,17,5,8.38214884004574e-5
105,17,6,0.00021984717542997888
105,17,7,8.345163746413577e-5
105,17,8,0.00012068870768028642
105,17,9,8.408211110860163e-5
105,17,10,0.00020474079856906308
105,18,1,8.522391662931277e-5
105,18,2,8.261386646640697e-5
105,18,3,8.394599501585965e-5
105,18,4,0.00016753153826667072
105,18,5,8.389221936685601e-5
105,18,6,0.0002189759780162537
105,18,7,8.352553545936234e-5
105,18,8,0.00012203161043318783
105,18,9,8.402637886095269e-5
105,18,10,0.0002054477497370599
105,19,1,8.514041562889556e-5
105,19,2,8.294437905294012e-5
105,19,3,8.406576744728423e-5
105,19,4,0.00016663939861970016
105,19,5,8.401468833596559e-5
105,19,6,0.00021951067704143465
105,19,7,8.364710865493828e-5
105,19,8,0.0001217802348981671
105,19,9,8.41364627481493e-5
105,19,10,0.00020627919114781995
105,20,1,8.506451971320892e-5
105,20,2,8.302830292224678e-5
105,20,3,8.40542167995008e-5
105,20,4,0.00016784460942981282
105,20,5,8.399389039795207e-5
105,20,6,0.00022127550566876543
105,20,7,8.363283107159096e-5
105,20,8,0.0001212938739486364
105,20,9,8.41263074872697e-5
105,20,10,0.0002058245484037392
105,21,1,8.538429614667865e-5
105,21,2,8.28780639761027e-5
105,21,3,8.401860588132792e-5
105,21,4,0.00016635692599123182
105,21,5,8.385815420724053e-5
105,21,6,0.00021887180071957315
105,21,7,8.348920534792467e-5
105,21,8,0.00012092996731506376
105,21,9,8.409330622877245e-5
105,21,10,0.0002058737917218793
105,22,1,8.53409711043525e-5
105,22,2,8.250309064183392e-5
105,22,3,8.408327081620623e-5
105,22,4,0.00016662123300452522
105,22,5,8.37093590619551e-5
105,22,6,0.00021912403015171715
105,22,7,8.333011268767607e-5
105,22,8,0.00012075730778731535
105,22,9,8.415253897766597e-5
105,22,10,0.00020619950866750724
105,23,1,8.531949037455914e-5
105,23,2,8.226691930338166e-5
105,23,3,8.40885529294482e-5
105,23,4,0.00016584457714145397
105,23,5,8.361886470245024e-5
105,23,6,0.00021780999621990785
105,23,7,8.323649268930095e-5
105,23,8,0.00012012770684678068
105,23,9,8.415790033668093e-5
105,23,10,0.00020502022885651472
105,24,1,8.539223082645113e-5
105,24,2,8.229738827149934e-5
105,24,3,8.400627614619415e-5
105,24,4,0.00016662912492867941
105,24,5,8.344689070260583e-5
105,24,6,0.00021909277016561216
105,24,7,8.305208189238013e-5
105,24,8,0.00012054941997789402
105,24,9,8.408203775417892e-5
105,24,10,0.0002060900956283111
106,1,1,0.0003328818247189994
106,1,2,0.02821677957909022
106,1,3,0.0003675031299768851
106,1,4,0.0007257251811420548
106,1,5,0.0003632741100177006
106,1,6,0.0006865331207752937
106,1,7,0.028216821857866028
106,1,8,9.707531928383422e-5
106,1,9,0.00022743955622101308
106,1,10,0.0007742006999405055
106,2,1,0.003840653022615155
106,2,2,0.00028089415636941667
106,2,3,0.003958785086806883
106,2,4,0.004595946258966826
106,2,5,0.003931726536753401
106,2,6,0.004074225231771001
106,2,7,8.407357912871362e-5
106,2,8,0.001225748861488291
106,2,9,0.061288287733979305
106,2,10,0.005411666543200655
106,3,1,1.8475312913226558e-5
106,3,2,0.016057568330044566
106,3,3,1.0581620879458832e-5
106,3,4,6.748793660909304e-5
106,3,5,1.191658944529838e-5
106,3,6,0.00010580389716581948
106,3,7,0.01605758503428634
106,3,8,0.016097996505422887
106,3,9,0.0011558500671751222
106,3,10,0.00012994780957070276
106,4,1,0.006375526786289247
106,4,2,0.0015972560815094856
106,4,3,0.007776070636118216
106,4,4,0.009336335554944357
106,4,5,0.006349735636009326
106,4,6,0.010296553473085682
106,4,7,0.0053605077598035435
106,4,8,0.005838424792362062
106,4,9,0.005506237537803065
106,4,10,0.009983496912501149
106,5,1,0.023567439557074216
106,5,2,0.023566955703181097
106,5,3,6.690899457400488e-7
106,5,4,0.00015983705316884912
106,5,5,0.02356724436197371
106,5,6,0.0002839075503910129
106,5,7,0.00019595171527939976
106,5,8,0.00013209246683180438
106,5,9,0.0001695966693774459
106,5,10,0.0002714740586091589
106,6,1,0.004822379381645351
106,6,2,0.002896189362453588
106,6,3,0.006030256454399826
106,6,4,0.007326386416507749
106,6,5,0.004765586031321683
106,6,6,0.008121597185663132
106,6,7,0.0039339213779114235
106,6,8,0.0043956171415413395
106,6,9,0.004059601158993855
106,6,10,0.007796782423665937
106,7,1,0.004819510549919861
106,7,2,0.0028964112568429243
106,7,3,0.006031184824918159
106,7,4,0.0073256239998475085
106,7,5,0.004786970626530251
106,7,6,0.007986114051771787
106,7,7,0.003934581925788762
106,7,8,0.004397768173731356
106,7,9,0.004059788194192513
106,7,10,0.007994221754224996
106,8,1,0.004818384098264159
106,8,2,0.0028951501339263387
106,8,3,0.00603023873768976
106,8,4,0.0072189132058723795
106,8,5,0.0047848188909665485
106,8,6,0.008177840424477664
106,8,7,0.003932513213391991
106,8,8,0.0041341628978473
106,8,9,0.004058012451066122
106,8,10,0.00850116781031951
106,9,1,2.260252834225458e-5
106,9,2,0.025105023509414306
106,9,3,1.1957100189910167e-5
106,9,4,0.00020392445971300063
106,9,5,2.529508650157614e-5
106,9,6,0.00017779300487634727
106,9,7,0.0001283086284945881
106,9,8,0.00014078960070821312
106,9,9,0.00010716858454778024
106,9,10,0.0003544730491184476
106,10,1,2.0835142928162757e-5
106,10,2,0.0003990311961784934
106,10,3,1.296565990054047e-5
106,10,4,0.00018729605561815593
106,10,5,2.3195815267800136e-5
106,10,6,0.02522946457164065
106,10,7,0.02519040224890061
106,10,8,0.00014256583048751772
106,10,9,0.02519039781838967
106,10,10,0.0003446424819591262
106,11,1,0.0005895139556976953
106,11,2,0.014943562031224829
106,11,3,0.0002611397652132982
106,11,4,0.00013625556914822101
106,11,5,0.0006056226313417717
106,11,6,0.00014108620393256545
106,11,7,0.014943566402649558
106,11,8,0.01496237856746131
106,11,9,0.0008948232959684843
106,11,10,0.014981732500436072
106,12,1,0.003403559129528555
106,12,2,0.002934904687474987
106,12,3,0.0011029567969487364
106,12,4,0.0054028337805363145
106,12,5,0.07482747438938757
106,12,6,0.005655289855715972
106,12,7,0.0026831495989869656
106,12,8,0.0026592152463065064
106,12,9,0.0027859405481791503
106,12,10,0.005851521912772131
106,13,1,0.0006160290200116268
106,13,2,0.00042307971131841235
106,13,3,0.045203644837789325
106,13,4,0.001612351649401849
106,13,5,0.04520437470391488
106,13,6,0.0018703628799980403
106,13,7,0.00033168817580852254
106,13,8,0.04526702399252373
106,13,9,0.00036816232100642533
106,13,10,0.0021036751758516893
106,14,1,0.0007287945678986856
106,14,2,0.000516092098281281
106,14,3,0.04689050690052154
106,14,4,0.0016546146570400359
106,14,5,0.0007156097041986397
106,14,6,0.002254453192913726
106,14,7,0.0004142359889671669
106,14,8,0.04691961083625893
106,14,9,0.00045505315442682703
106,14,10,0.002209672811426222
106,15,1,0.02710272612074599
106,15,2,3.142944207140728e-5
106,15,3,0.027102540072476256
106,15,4,0.00025876178336787213
106,15,5,2.721589327456733e-6
106,15,6,0.0004072399840126143
106,15,7,0.02710253165458203
106,15,8,9.13915096692251e-5
106,15,9,4.8745674989596336e-5
106,15,10,0.0004662720873689173
106,16,1,0.00278844912414541
106,16,2,0.0023615765937549382
106,16,3,0.0031871006042037747
106,16,4,0.06947785183460792
106,16,5,0.002767406884762468
106,16,6,0.004879967928009867
106,16,7,0.002135937456784531
106,16,8,0.002209053718505597
106,16,9,0.002227868923973116
106,16,10,0.06948733525466684
106,17,1,0.0031009570067308248
106,17,2,0.00404875908677857
106,17,3,0.004048789495307019
106,17,4,0.002648024335385093
106,17,5,0.0031262709644904545
106,17,6,0.004248584720291272
106,17,7,0.003873621274751164
106,17,8,0.003677096859526258
106,17,9,0.004048763283483601
106,17,10,0.0014594771678162301
106,18,1,0.019115010253533946
106,18,2,0.0003959136494358197
106,18,3,0.01911471556667326
106,18,4,0.019142832747978872
106,18,5,0.00025238154713576083
106,18,6,9.543511252714278e-5
106,18,7,0.0004949987434384096
106,18,8,0.019133289652594216
106,18,9,0.01911469703877535
106,18,10,0.0001069680460535878
106,19,1,0.0011665061971812645
106,19,2,0.0012713832482891976
106,19,3,0.0019861633169543824
106,19,4,0.0017403845598087042
106,19,5,0.05762539011600714
106,19,6,0.002782178775944454
106,19,7,0.001107997835190093
106,19,8,0.002124760402976834
106,19,9,0.0011740489487878012
106,19,10,0.0036270991907774272
106,20,1,9.055675906458673e-5
106,20,2,6.506910563469904e-5
106,20,3,6.678205642988027e-7
106,20,4,0.02566305515934852
106,20,5,5.492673426468346e-7
106,20,6,0.02567666870116329
106,20,7,0.00010828624585945107
106,20,8,5.556445243206661e-5
106,20,9,0.0256367697819115
106,20,10,0.0004492089590562411
106,21,1,0.029378720032254377
106,21,2,3.807510697973735e-6
106,21,3,4.796827319727178e-5
106,21,4,0.00019533441147785493
106,21,5,3.182097533807631e-5
106,21,6,0.0005744231308010075
106,21,7,0.029378196289684615
106,21,8,0.0001774875855342305
106,21,9,1.1000209404993821e-5
106,21,10,0.0007831191515623619
106,22,1,0.049860822277299564
106,22,2,0.0006984513406724415
106,22,3,0.0012468537673804058
106,22,4,0.001366132169800349
106,22,5,0.0011526194121678636
106,22,6,0.0022443499918307717
106,22,7,0.0007319442578859872
106,22,8,0.0014083273510104466
106,22,9,0.0006271827643720824
106,22,10,0.0028978896897919144
106,23,1,0.016093360646806765
106,23,2,0.0040007843405371005
106,23,3,0.0026353344539313804
106,23,4,0.0022743274553726025
106,23,5,0.0027721233577414975
106,23,6,0.0015826317117206862
106,23,7,0.0035383834656491715
106,23,8,0.002307260344022936
106,23,9,0.004000795751622334
106,23,10,0.001310624259386637
106,24,1,0.0012895052751787934
106,24,2,0.00044959350601185457
106,24,3,0.0004499389053299966
106,24,4,0.0014179016853454313
106,24,5,0.0005825975204123815
106,24,6,0.0016923501630257086
106,24,7,0.0012890432610145408
106,24,8,0.0013483007603147896
106,24,9,0.001289032940012751
106,24,10,0.0017375195834910214
107,1,1,3.8935412195999886e-5
107,1,2,3.782019143599691e-5
107,1,3,3.871744387476599e-5
107,1,4,0.0001246949230281751
107,1,5,3.884212185761543e-5
107,1,6,0.00017958083708842515
107,1,7,3.8541045862555875e-5
107,1,8,7.863632749356721e-5
107,1,9,3.8742681029320905e-5
107,1,10,0.00016678045678302273
107,2,1,3.8933961455604084e-5
107,2,2,3.788055947257889e-5
107,2,3,3.872363401247157e-5
107,2,4,0.0001251928287273965
107,2,5,3.886014679525449e-5
107,2,6,0.00017990949266510643
107,2,7,3.8558067941120665e-5
107,2,8,7.935602803389369e-5
107,2,9,3.8749562798992296e-5
107,2,10,0.00016754663864358745
107,3,1,3.896877983766971e-5
107,3,2,3.796714249742995e-5
107,3,3,3.8753810120782726e-5
107,3,4,0.0001252522918021539
107,3,5,3.8865512802523164e-5
107,3,6,0.0001788821242983849
107,3,7,3.8565502912924034e-5
107,3,8,8.062146102209889e-5
107,3,9,3.877689874192824e-5
107,3,10,0.00016694820758869665
107,4,1,3.89981282457349e-5
107,4,2,3.80194081163818e-5
107,4,3,3.875459433317611e-5
107,4,4,0.00012683107632242938
107,4,5,3.885791281745149e-5
107,4,6,0.00018101612278309165
107,4,7,3.8551319509747575e-5
107,4,8,8.017189910743644e-5
107,4,9,3.877710880800392e-5
107,4,10,0.00016951809943792896
107,5,1,3.898936405842161e-5
107,5,2,3.8146801850363774e-5
107,5,3,3.8735970961968096e-5
107,5,4,0.00012610163422772233
107,5,5,3.88250715117756e-5
107,5,6,0.0001797927008396893
107,5,7,3.8512005374948804e-5
107,5,8,7.972958227038612e-5
107,5,9,3.8760219439009656e-5
107,5,10,0.00016860423514842296
107,6,1,3.900446439873644e-5
107,6,2,3.8256291730538856e-5
107,6,3,3.8775357611163976e-5
107,6,4,0.00012711573947362208
107,6,5,3.880505343625433e-5
107,6,6,0.00018117567522931257
107,6,7,3.849408128230484e-5
107,6,8,8.006101280779364e-5
107,6,9,3.879615721111445e-5
107,6,10,0.0001696549950184332
107,7,1,3.914049302548759e-5
107,7,2,3.833751335624531e-5
107,7,3,3.8801904594773135e-5
107,7,4,0.00012719125179439647
107,7,5,3.8751940232528766e-5
107,7,6,0.00018267480183608526
107,7,7,3.843776698087857e-5
107,7,8,7.992072595143954e-5
107,7,9,3.8820456021534456e-5
107,7,10,0.00016961947197937854
107,8,1,3.9173986614867386e-5
107,8,2,3.810664969077055e-5
107,8,3,3.876971526292192e-5
107,8,4,0.00012722585554650052
107,8,5,3.8603942986136235e-5
107,8,6,0.00018290849695341997
107,8,7,3.828074226035509e-5
107,8,8,7.998897859905174e-5
107,8,9,3.879093561371071e-5
107,8,10,0.00016976893243337462
107,9,1,3.929778377963852e-5
107,9,2,3.790266662816844e-5
107,9,3,3.879874416659644e-5
107,9,4,0.00012658916438606802
107,9,5,3.8508778185445246e-5
107,9,6,0.00018183311115991976
107,9,7,3.8181866780856657e-5
107,9,8,7.961194239658858e-5
107,9,9,3.8817718314632965e-5
107,9,10,0.0001688010595018188
107,10,1,3.941885319689423e-5
107,10,2,3.7746869816085526e-5
107,10,3,3.8792760941691105e-5
107,10,4,0.0001266498940841058
107,10,5,3.8445978599686185e-5
107,10,6,0.0001845684955218172
107,10,7,3.811577563970607e-5
107,10,8,7.96343473921652e-5
107,10,9,3.881261645805695e-5
107,10,10,0.00016887441389474843
107,11,1,3.9482327674786e-5
107,11,2,3.762711202840393e-5
107,11,3,3.876617539674674e-5
107,11,4,0.00012650350378329314
107,11,5,3.842015542573339e-5
107,11,6,0.00018166688033993951
107,11,7,3.808875550861584e-5
107,11,8,8.057424787011668e-5
107,11,9,3.878789249008687e-5
107,11,10,0.00017089141269967812
107,12,1,3.9511704669169365e-5
107,12,2,3.75631097274151e-5
107,12,3,3.87282456031372e-5
107,12,4,0.00012719159400380642
107,12,5,3.8459614323993916e-5
107,12,6,0.00018271678046446603
107,12,7,3.811983952911111e-5
107,12,8,8.014229754602538e-5
107,12,9,3.875200599209439e-5
107,12,10,0.00016970232303808005
107,13,1,3.950680436599348e-5
107,13,2,3.7545462244173474e-5
107,13,3,3.870785258303326e-5
107,13,4,0.0001270218310347586
107,13,5,3.8512214183962646e-5
107,13,6,0.00018251176175655486
107,13,7,3.817749833374968e-5
107,13,8,8.104950182650764e-5
107,13,9,3.872922038346494e-5
107,13,10,0.00016944449572634055
107,14,1,3.949622049633538e-5
107,14,2,3.7597937635577395e-5
107,14,3,3.8711046859055104e-5
107,14,4,0.00012705932369283385
107,14,5,3.854768745550948e-5
107,14,6,0.00018252313009437505
107,14,7,3.822113308673208e-5
107,14,8,8.105104001774084e-5
107,14,9,3.87320994497819e-5
107,14,10,0.00016945380476464356
107,15,1,3.950195270082151e-5
107,15,2,3.766147095988978e-5
107,15,3,3.872927332511928e-5
107,15,4,0.00012690649577081243
107,15,5,3.859128751996821e-5
107,15,6,0.0001823677700309512
107,15,7,3.82685667106738e-5
107,15,8,7.992433044798246e-5
107,15,9,3.874902656783899e-5
107,15,10,0.00016921472442917357
107,16,1,3.950030040558581e-5
107,16,2,3.767881900557657e-5
107,16,3,3.870647177220754e-5
107,16,4,0.0001306020062621496
107,16,5,3.863213368536877e-5
107,16,6,0.00018318639238531568
107,16,7,3.8309910996563344e-5
107,16,8,8.035199397923773e-5
107,16,9,3.87292857659578e-5
107,16,10,0.00017318064353317105
107,17,1,3.949090667068189e-5
107,17,2,3.771864699519274e-5
107,17,3,3.8642586982647066e-5
107,17,4,0.00012722748134582617
107,17,5,3.8644882014549204e-5
107,17,6,0.00018341860363496737
107,17,7,3.8326333968647617e-5
107,17,8,8.004594405244343e-5
107,17,9,3.867021730703582e-5
107,17,10,0.00016850439641549506
107,18,1,3.9484377977994075e-5
107,18,2,3.785837340037507e-5
107,18,3,3.860934009528674e-5
107,18,4,0.00012920465142473802
107,18,5,3.868429947881023e-5
107,18,6,0.00018259235978561257
107,18,7,3.836706409083688e-5
107,18,8,8.1275313863151e-5
107,18,9,3.863955862901907e-5
107,18,10,0.00016920802437891508
107,19,1,3.9436309370026694e-5
107,19,2,3.804024995213965e-5
107,19,3,3.867509991749482e-5
107,19,4,0.00012822692351189473
107,19,5,3.8755108293600904e-5
107,19,6,0.00018321057025206554
107,19,7,3.843408857472146e-5
107,19,8,8.088704739120477e-5
107,19,9,3.8700112443833825e-5
107,19,10,0.0001699791461069946
107,20,1,3.9393716583331945e-5
107,20,2,3.8086409569154485e-5
107,20,3,3.866865216348895e-5
107,20,4,0.00012951892322179978
107,20,5,3.8740554697414823e-5
107,20,6,0.00018510817428964854
107,20,7,3.842617477713094e-5
107,20,8,8.055337443253307e-5
107,20,9,3.869464652529926e-5
107,20,10,0.0001695046873212378
107,21,1,3.975433137501371e-5
107,21,2,3.800373837324006e-5
107,21,3,3.8649041552599146e-5
107,21,4,0.00012798378219276393
107,21,5,3.866587739061741e-5
107,21,6,0.0001827344568087129
107,21,7,3.834733159304977e-5
107,21,8,8.038383197565279e-5
107,21,9,3.8676300163409834e-5
107,21,10,0.00016961722145712906
107,22,1,3.9732355562527356e-5
107,22,2,3.779747258574152e-5
107,22,3,3.8684723687003516e-5
107,22,4,0.00012823137018416276
107,22,5,3.8584298476591453e-5
107,22,6,0.00018309733476173644
107,22,7,3.825954212304106e-5
107,22,8,8.035547880680964e-5
107,22,9,3.870896535134859e-5
107,22,10,0.00017002335087815685
107,23,1,3.9707657704801054e-5
107,23,2,3.7667519703681305e-5
107,23,3,3.8687457807025e-5
107,23,4,0.00012741409578210218
107,23,5,3.85334393160934e-5
107,23,6,0.00018179611505819053
107,23,7,3.820790615294599e-5
107,23,8,7.982717606049403e-5
107,23,9,3.87119921438555e-5
107,23,10,0.00016881336716346993
107,24,1,3.975358333388374e-5
107,24,2,3.768436909226716e-5
107,24,3,3.86422871968864e-5
107,24,4,0.00012830117224541817
107,24,5,3.843975879003613e-5
107,24,6,0.00018321020100693563
107,24,7,3.8106523436599936e-5
107,24,8,8.029901369978104e-5
107,24,9,3.867014112006694e-5
107,24,10,0.00017006522851380126
108,1,1,3.398121224879342e-6
108,1,2,3.0162759508872734e-6
108,1,3,3.048809648901666e-6
108,1,4,9.888941370080284e-5
108,1,5,3.2579788900100825e-6
108,1,6,0.0001544411333591987
108,1,7,3.0319314911780405e-6
108,1,8,5.26263951999388e-5
108,1,9,3.0216781766967268e-6
108,1,10,0.00014175445506158708
108,2,1,3.3998086411419402e-6
108,2,2,3.016029457663997e-6
108,2,3,3.0489990718817156e-6
108,2,4,9.939485195706629e-5
108,2,5,3.259339696373849e-6
108,2,6,0.00015476682562719433
108,2,7,3.0314027120996577e-6
108,2,8,5.339811094124612e-5
108,2,9,3.022974803487328e-6
108,2,10,0.00014255642635101242
108,3,1,3.3976225901608108e-6
108,3,2,3.0162272531850366e-6
108,3,3,3.0487259537222656e-6
108,3,4,9.942052218223274e-5
108,3,5,3.258756616433439e-6
108,3,6,0.0001537339933446513
108,3,7,3.0318218536327098e-6
108,3,8,5.4460011148959994e-5
108,3,9,3.0224180604544746e-6
108,3,10,0.0001419538668497057
108,4,1,3.407193685625086e-6
108,4,2,3.016091723238484e-6
108,4,3,3.049438203765965e-6
108,4,4,0.0001010336743486935
108,4,5,3.2630803665157527e-6
108,4,6,0.00015587855979609652
108,4,7,3.0316234232412166e-6
108,4,8,5.402521379714421e-5
108,4,9,3.0226163763736925e-6
108,4,10,0.00014452322196993912
108,5,1,3.4111867340665975e-6
108,5,2,3.0162539485692862e-6
108,5,3,3.049077964570561e-6
108,5,4,0.00010030511466092227
108,5,5,3.2672532959749253e-6
108,5,6,0.00015466740886423187
108,5,7,3.0313837760354584e-6
108,5,8,5.361126233120779e-5
108,5,9,3.0224524177164636e-6
108,5,10,0.00014360933531262763
108,6,1,3.4069795716295656e-6
108,6,2,3.016107840003636e-6
108,6,3,3.049402867913024e-6
108,6,4,0.00010130588377821959
108,6,5,3.264708619844674e-6
108,6,6,0.00015604354314735887
108,6,7,3.0315895973945464e-6
108,6,8,5.399915916773e-5
108,6,9,3.0225948780289756e-6
108,6,10,0.0001447418109054989
108,7,1,3.4068511329574815e-6
108,7,2,3.0161114959100803e-6
108,7,3,3.0494237067903412e-6
108,7,4,0.00010136743477493122
108,7,5,3.264695898524503e-6
108,7,6,0.00015747867631042895
108,7,7,3.031593112582009e-6
108,7,8,5.400277482009322e-5
108,7,9,3.0225923703824093e-6
108,7,10,0.00014472916199296043
108,8,1,3.40694273631605e-6
108,8,2,3.01611288672839e-6
108,8,3,3.0494297458122552e-6
108,8,4,0.00010142918818222842
108,8,5,3.2647431364338486e-6
108,8,6,0.00015778016054595218
108,8,7,3.0315975362825933e-6
108,8,8,5.407649294095929e-5
108,8,9,3.022594278436544e-6
108,8,10,0.0001449098867913419
108,9,1,3.4038912828445495e-6
108,9,2,3.0162717668127367e-6
108,9,3,3.0491355420604114e-6
108,9,4,0.00010075602526523631
108,9,5,3.2628440115747974e-6
108,9,6,0.0001567414595793368
108,9,7,3.031401178708674e-6
108,9,8,5.36740537460691e-5
108,9,9,3.0224672389296396e-6
108,9,10,0.00014389338041304
108,10,1,3.4038853165703473e-6
108,10,2,3.0160214521238827e-6
108,10,3,3.0491321464268264e-6
108,10,4,0.00010082380502895835
108,10,5,3.2628586626102537e-6
108,10,6,0.00015951911258391368
108,10,7,3.0319118056015095e-6
108,10,8,5.369940736580111e-5
108,10,9,3.0228153388499684e-6
108,10,10,0.00014394242820331613
108,11,1,3.403134424564972e-6
108,11,2,3.016214189102536e-6
108,11,3,3.0490516814707535e-6
108,11,4,0.00010069360378168613
108,11,5,3.2624703597798203e-6
108,11,6,0.00015663613639102912
108,11,7,3.031807012346235e-6
108,11,8,5.470058974729413e-5
108,11,9,3.022429577751949e-6
108,11,10,0.00014596324932726295
108,12,1,3.4064271951811225e-6
108,12,2,3.0161088452118925e-6
108,12,3,3.0503070275420105e-6
108,12,4,0.00010142863954537398
108,12,5,3.2711904372788916e-6
108,12,6,0.00015768816117490197
108,12,7,3.0315631000207336e-6
108,12,8,5.423883237154946e-5
108,12,9,3.0225789041521354e-6
108,12,10,0.0001448055554634683
108,13,1,3.4051060333234433e-6
108,13,2,3.016067965210198e-6
108,13,3,3.0542553667124862e-6
108,13,4,0.00010127296194593206
108,13,5,3.269568045680488e-6
108,13,6,0.00015743686464596084
108,13,7,3.031470185444799e-6
108,13,8,5.5207364624101944e-5
108,13,9,3.0225122527445786e-6
108,13,10,0.00014458401515819687
108,14,1,3.4053420795573215e-6
108,14,2,3.016069598789591e-6
108,14,3,3.054304244543615e-6
108,14,4,0.00010131309335379657
108,14,5,3.264538275353869e-6
108,14,6,0.0001573860020786754
108,14,7,3.0314827611296364e-6
108,14,8,5.520953965809326e-5
108,14,9,3.022518237566747e-6
108,14,10,0.00014459784896614494
108,15,1,3.41194591848842e-6
108,15,2,3.0160375762276494e-6
108,15,3,3.054067215920886e-6
108,15,4,0.0001011381868320751
108,15,5,3.263891038379109e-6
108,15,6,0.00015716262830182452
108,15,7,3.031909039765705e-6
108,15,8,5.3932861077811957e-5
108,15,9,3.0224724044826658e-6
108,15,10,0.00014433704075076813
108,16,1,3.4067940568648153e-6
108,16,2,3.0160998215015463e-6
108,16,3,3.0530411071663293e-6
108,16,4,0.00010491070502547279
108,16,5,3.265248385811847e-6
108,16,6,0.0001579199025761137
108,16,7,3.0315499865671173e-6
108,16,8,5.42021961856485e-5
108,16,9,3.0225686869924505e-6
108,16,10,0.00014832772401536114
108,17,1,3.4025240683066747e-6
108,17,2,3.0161495227399287e-6
108,17,3,3.0536451882116916e-6
108,17,4,0.00010152082147781579
108,17,5,3.2625357407354433e-6
108,17,6,0.00015811774517157756
108,17,7,3.0312759720392635e-6
108,17,8,5.3661716073618654e-5
108,17,9,3.0226767875279803e-6
108,17,10,0.00014363919588853525
108,18,1,3.4128279318337713e-6
108,18,2,3.016019046321256e-6
108,18,3,3.0539320580919278e-6
108,18,4,0.00010356790544260611
108,18,5,3.2635527469641898e-6
108,18,6,0.00015732084747035167
108,18,7,3.0313676872716787e-6
108,18,8,5.4756012070821565e-5
108,18,9,3.022790811615056e-6
108,18,10,0.0001443349089247585
108,19,1,3.4083114340995457e-6
108,19,2,3.016090108127551e-6
108,19,3,3.053492637001953e-6
108,19,4,0.00010252737701525814
108,19,5,3.2704129693666454e-6
108,19,6,0.000158036751632759
108,19,7,3.0315244363826927e-6
108,19,8,5.42510757653722e-5
108,19,9,3.022588997840436e-6
108,19,10,0.00014503818458608242
108,20,1,3.406537009350309e-6
108,20,2,3.0160371556873806e-6
108,20,3,3.053318461149775e-6
108,20,4,0.00010385175557156703
108,20,5,3.2640341218378905e-6
108,20,6,0.00016002086400991285
108,20,7,3.0314136103936886e-6
108,20,8,5.4067963711373584e-5
108,20,9,3.0228429921319006e-6
108,20,10,0.00014454416813992408
108,21,1,3.875857460640962e-6
108,21,2,3.016044189137221e-6
108,21,3,3.0533386725595357e-6
108,21,4,0.00010229664870660192
108,21,5,3.2641894720918196e-6
108,21,6,0.00015770963457914573
108,21,7,3.0319252920641322e-6
108,21,8,5.408128961220493e-5
108,21,9,3.0225196984816707e-6
108,21,10,0.00014470679474688273
108,22,1,3.880797364479163e-6
108,22,2,3.016079578189206e-6
108,22,3,3.053447798009093e-6
108,22,4,0.0001025331915882097
108,22,5,3.2649148499184677e-6
108,22,6,0.00015815559361616688
108,22,7,3.0315152105808287e-6
108,22,8,5.418730519985618e-5
108,22,9,3.0225696137610844e-6
108,22,10,0.00014517035764492634
108,23,1,3.846439189233279e-6
108,23,2,3.0161831857401695e-6
108,23,3,3.0530897855085113e-6
108,23,4,0.00010170219115480788
108,23,5,3.2627574073630393e-6
108,23,6,0.0001569353374822397
108,23,7,3.0313023676121565e-6
108,23,8,5.37770733126892e-5
108,23,9,3.022693134983973e-6
108,23,10,0.0001439897870960562
108,24,1,3.862030140052958e-6
108,24,2,3.016105229795136e-6
108,24,3,3.0534007238335398e-6
108,24,4,0.00010265547054352278
108,24,5,3.2647080003249486e-6
108,24,6,0.00015834548291059525
108,24,7,3.031548298229338e-6
108,24,8,5.426448073353839e-5
108,24,9,3.0226086342626165e-6
108,24,10,0.00014531973324683996
109,1,1,6.086083621340661e-6
109,1,2,5.527141452340879e-6
109,1,3,5.7736803639185635e-6
109,1,4,0.00010088033298970667
109,1,5,5.960171781041264e-6
109,1,6,0.00015659374541230974
109,1,7,5.716440749536398e-6
109,1,8,5.4202670348816225e-5
109,1,9,5.7588432933582e-6
109,1,10,0.00014383946027706417
109,2,1,6.08691533484646e-6
109,2,2,5.541808660254394e-6
109,2,3,5.775374442340151e-6
109,2,4,0.00010138966020105045
109,2,5,5.965630664074503e-6
109,2,6,0.00015692171467023418
109,2,7,5.720254465284431e-6
109,2,8,5.4975056460229424e-5
109,2,9,5.761480573327954e-6
109,2,10,0.00014463743426257184
109,3,1,6.093950529841449e-6
109,3,2,5.563267804972869e-6
109,3,3,5.782621993442602e-6
109,3,4,0.00010142399168730382
109,3,5,5.966557576914762e-6
109,3,6,0.00015588456187455598
109,3,7,5.722406160878638e-6
109,3,8,5.6085014078999044e-5
109,3,9,5.767860222418081e-6
109,3,10,0.00014402996062708702
109,4,1,6.1080007943702744e-6
109,4,2,5.576040638370974e-6
109,4,3,5.783413753190597e-6
109,4,4,0.00010304194183046501
109,4,5,5.967781591718597e-6
109,4,6,0.00015803981563712133
109,4,7,5.718751539622725e-6
109,4,8,5.564278074807432e-5
109,4,9,5.7680559730990115e-6
109,4,10,0.0001466127455569992
109,5,1,6.10855694788481e-6
109,5,2,5.607564407099785e-6
109,5,3,5.778494438019508e-6
109,5,4,0.00010230838918381911
109,5,5,5.962577465787908e-6
109,5,6,0.00015681938775800687
109,5,7,5.708842778195494e-6
109,5,8,5.521767917526177e-5
109,5,9,5.76375012064145e-6
109,5,10,0.00014569181585897764
109,6,1,6.109392355174656e-6
109,6,2,5.634473696633617e-6
109,6,3,5.788531081019875e-6
109,6,4,0.00010331642835147073
109,6,5,5.955824529237958e-6
109,6,6,0.00015820291235221583
109,6,7,5.704565329922237e-6
109,6,8,5.560085983740807e-5
109,6,9,5.772764858550256e-6
109,6,10,0.0001468151300212495
109,7,1,6.143072202953008e-6
109,7,2,5.654536038737921e-6
109,7,3,5.795127304302469e-6
109,7,4,0.00010338119727227473
109,7,5,5.942645366903202e-6
109,7,6,0.00015966512567580412
109,7,7,5.690642758642406e-6
109,7,8,5.5577789723092896e-5
109,7,9,5.778790499831322e-6
109,7,10,0.00014679630327753333
109,8,1,6.151446979382395e-6
109,8,2,5.597558509993342e-6
109,8,3,5.787151514752983e-6
109,8,4,0.00010343845822778134
109,8,5,5.906008226771844e-6
109,8,6,0.00015994728520677304
109,8,7,5.651852777154928e-6
109,8,8,5.565153882908857e-5
109,8,9,5.771468123607146e-6
109,8,10,0.00014697199683774516
109,9,1,6.180059414891115e-6
109,9,2,5.547430386677115e-6
109,9,3,5.7941001785239735e-6
109,9,4,0.00010276668574680056
109,9,5,5.881094397640169e-6
109,9,6,0.0001588908236501652
109,9,7,5.627304931042206e-6
109,9,8,5.524925677669844e-5
109,9,9,5.778019281652669e-6
109,9,10,0.00014596359116419337
109,10,1,6.210174940478828e-6
109,10,2,5.508928547084105e-6
109,10,3,5.792614801510443e-6
109,10,4,0.00010283407999142338
109,10,5,5.865563866451329e-6
109,10,6,0.0001616566749753039
109,10,7,5.61139137396121e-6
109,10,8,5.5275097103981006e-5
109,10,9,5.7770001797949055e-6
109,10,10,0.00014601985020775473
109,11,1,6.225441434149862e-6
109,11,2,5.479655525839053e-6
109,11,3,5.785954974824481e-6
109,11,4,0.00010269869844473336
109,11,5,5.8588821241294655e-6
109,11,6,0.00015877210102836623
109,11,7,5.604649915200647e-6
109,11,8,5.627608379276422e-5
109,11,9,5.770593555681979e-6
109,11,10,0.000148045025736061
109,12,1,6.235094341907093e-6
109,12,2,5.4638700656384244e-6
109,12,3,5.777612330559339e-6
109,12,4,0.00010342933139258948
109,12,5,5.874780611793397e-6
109,12,6,0.00015982910529579517
109,12,7,5.612131298264225e-6
109,12,8,5.581129841707039e-5
109,12,9,5.7618030483213335e-6
109,12,10,0.00014688289141237315
109,13,1,6.232932886841364e-6
109,13,2,5.4595108407552395e-6
109,13,3,5.775939265166123e-6
109,13,4,0.00010326993017311613
109,13,5,5.886624779138621e-6
109,13,6,0.0001595882012413114
109,13,7,5.626276198157978e-6
109,13,8,5.6786566842101464e-5
109,13,9,5.756106356921315e-6
109,13,10,0.00014664724392005678
109,14,1,6.230450315341531e-6
109,14,2,5.472387802994785e-6
109,14,3,5.776773943440779e-6
109,14,4,0.0001033108439023043
109,14,5,5.891802464187652e-6
109,14,6,0.00015955573650691226
109,14,7,5.637050213387371e-6
109,14,8,5.678817331589026e-5
109,14,9,5.756823198490327e-6
109,14,10,0.0001466649133499585
109,15,1,6.236446249301107e-6
109,15,2,5.487961549845148e-6
109,15,3,5.781086258055115e-6
109,15,4,0.00010314395848542873
109,15,5,5.902117227251897e-6
109,15,6,0.0001593438274909486
109,15,7,5.649079515069495e-6
109,15,8,5.552157714905245e-5
109,15,9,5.760986119390773e-6
109,15,10,0.00014640486441911497
109,16,1,6.232442306946049e-6
109,16,2,5.492268274777346e-6
109,16,3,5.774551032722821e-6
109,16,4,0.00010691696489012006
109,16,5,5.913209517313688e-6
109,16,6,0.0001601196146119346
109,16,7,5.659015067053965e-6
109,16,8,5.582387217719982e-5
109,16,9,5.756161454217775e-6
109,16,10,0.0001504039528047089
109,17,1,6.2270757778175e-6
109,17,2,5.50208974579896e-6
109,17,3,5.7592510652635915e-6
109,17,4,0.00010351016597537131
109,17,5,5.91440442913056e-6
109,17,6,0.0001603111995415004
109,17,7,5.6628612479629445e-6
109,17,8,5.5320282331076614e-5
109,17,9,5.741589293787492e-6
109,17,10,0.0001457022635472409
109,18,1,6.23270393577266e-6
109,18,2,5.536344214676949e-6
109,18,3,5.751265094690988e-6
109,18,4,0.00010555504005830998
109,18,5,5.9249028066576025e-6
109,18,6,0.00015951456976684658
109,18,7,5.672992672335181e-6
109,18,8,5.645826176976288e-5
109,18,9,5.734076953853894e-6
109,18,10,0.0001464070880953975
109,19,1,6.217565911181836e-6
109,19,2,5.581176697189632e-6
109,19,3,5.767167944382329e-6
109,19,4,0.000104522947108016
109,19,5,5.947354194697833e-6
109,19,6,0.00016021044260979155
109,19,7,5.689675740717705e-6
109,19,8,5.596457822117564e-5
109,19,9,5.748936844459381e-6
109,19,10,0.00014712504161390743
109,20,1,6.205705827735698e-6
109,20,2,5.592513791483578e-6
109,20,3,5.765422102563685e-6
109,20,4,0.00010585128601980696
109,20,5,5.939172276328295e-6
109,20,6,0.00016218048154182236
109,20,7,5.687633205228802e-6
109,20,8,5.575160816633805e-5
109,20,9,5.747764943536664e-6
109,20,10,0.00014663184768397687
109,21,1,6.621020011919964e-6
109,21,2,5.5721473644813195e-6
109,21,3,5.760582654940666e-6
109,21,4,0.00010429029691806817
109,21,5,5.920781621955002e-6
109,21,6,0.00015985107433104072
109,21,7,5.668539584533688e-6
109,21,8,5.5733334365235217e-5
109,21,9,5.742985162061404e-6
109,21,10,0.0001467857396039322
109,22,1,6.618917361173614e-6
109,22,2,5.521412090510543e-6
109,22,3,5.769513222108446e-6
109,22,4,0.00010453337812014351
109,22,5,5.901113506560443e-6
109,22,6,0.00016028369811921963
109,22,7,5.646550465540351e-6
109,22,8,5.581868696902089e-5
109,22,9,5.751116352680401e-6
109,22,10,0.00014723978792865086
109,23,1,6.589721396299081e-6
109,23,2,5.48955672305025e-6
109,23,3,5.7698851327883135e-6
109,23,4,0.00010370014113735881
109,23,5,5.886959750271326e-6
109,23,6,0.00015904092249336265
109,23,7,5.633644147996181e-6
109,23,8,5.537909521120828e-5
109,23,9,5.7519514604156965e-6
109,23,10,0.00014604814728364093
109,24,1,6.611582415199459e-6
109,24,2,5.493637770197871e-6
109,24,3,5.7589669169518525e-6
109,24,4,0.00010465097312148332
109,24,5,5.865204541357077e-6
109,24,6,0.00016046327817650842
109,24,7,5.608829945038658e-6
109,24,8,5.5871431539065496e-5
109,24,9,5.741522833286154e-6
109,24,10,0.0001473658106127966
110,1,1,1.0844790616003426e-5
110,1,2,9.970937411534269e-6
110,1,3,1.0593698732331343e-5
110,1,4,0.00010392990156520726
110,1,5,1.0740130205641688e-5
110,1,6,0.00015950442421276332
110,1,7,1.0467090159487794e-5
110,1,8,5.682843088624984e-5
110,1,9,1.0602710185049531e-5
110,1,10,0.00014668669755580154
110,2,1,1.0844230794052396e-5
110,2,2,1.0011735096069662e-5
110,2,3,1.0598027665726525e-5
110,2,4,0.00010444056571254354
110,2,5,1.0752883563191131e-5
110,2,6,0.000159861799358122
110,2,7,1.047863539345275e-5
110,2,8,5.7597322362191205e-5
110,2,9,1.0607816986472962e-5
110,2,10,0.0001474779062181332
110,3,1,1.0867513750163816e-5
110,3,2,1.0070521442227088e-5
110,3,3,1.0618721143172698e-5
110,3,4,0.00010446550574117181
110,3,5,1.0755045325219626e-5
110,3,6,0.00015884295615654678
110,3,7,1.0483847736358623e-5
110,3,8,5.8781659487942424e-5
110,3,9,1.0626515952378598e-5
110,3,10,0.00014686175370610914
110,4,1,1.0890204210738137e-5
110,4,2,1.0105973946842765e-5
110,4,3,1.0619500161169696e-5
110,4,4,0.00010607666584242265
110,4,5,1.0752336060977879e-5
110,4,6,0.0001609824566572986
110,4,7,1.0474063582850358e-5
110,4,8,5.833192091156763e-5
110,4,9,1.0626718160029305e-5
110,4,10,0.00014944597833229392
110,5,1,1.0885055557559263e-5
110,5,2,1.0192708333605019e-5
110,5,3,1.0606546646924104e-5
110,5,4,0.00010533958857829644
110,5,5,1.0730707565386247e-5
110,5,6,0.0001597576115623143
110,5,7,1.044700976408651e-5
110,5,8,5.7890469642603944e-5
110,5,9,1.06150226030937e-5
110,5,10,0.00014851667084154392
110,6,1,1.0894456862168317e-5
110,6,2,1.0267339095193944e-5
110,6,3,1.0633798480733272e-5
110,6,4,0.00010634526729018795
110,6,5,1.0716375575610668e-5
110,6,6,0.00016113466202523878
110,6,7,1.0434773044397393e-5
110,6,8,5.8260766596750497e-5
110,6,9,1.0639854753053446e-5
110,6,10,0.0001496125245833292
110,7,1,1.098820181604832e-5
110,7,2,1.0322845045172687e-5
110,7,3,1.0652093709137435e-5
110,7,4,0.0001064164979124976
110,7,5,1.0679882260742435e-5
110,7,6,0.0001625688224518065
110,7,7,1.0396169556940159e-5
110,7,8,5.81885731870192e-5
110,7,9,1.065662634042654e-5
110,7,10,0.0001495839543514934
110,8,1,1.1011334424408581e-5
110,8,2,1.0165318951813362e-5
110,8,3,1.0629894490956768e-5
110,8,4,0.00010646487202658784
110,8,5,1.057839970685982e-5
110,8,6,0.00016281420965673563
110,8,7,1.028875544726788e-5
110,8,8,5.8261083853064585e-5
110,8,9,1.063625013750353e-5
110,8,10,0.00014974816470780282
110,9,1,1.109613121166973e-5
110,9,2,1.0026802060422305e-5
110,9,3,1.0649811951277994e-5
110,9,4,0.00010580257527512368
110,9,5,1.0512821612098737e-5
110,9,6,0.0001617374961997077
110,9,7,1.0221237452829237e-5
110,9,8,5.7861631999666834e-5
110,9,9,1.0654697335681624e-5
110,9,10,0.00014875976402912403
110,10,1,1.1180028274527362e-5
110,10,2,9.921272298125016e-6
110,10,3,1.064568271516393e-5
110,10,4,0.00010586691906197063
110,10,5,1.0469917384617491e-5
110,10,6,0.00016446037743350313
110,10,7,1.0176355538606642e-5
110,10,8,5.7887088544598455e-5
110,10,9,1.06512684793958e-5
110,10,10,0.0001488275480216417
110,11,1,1.1223891743173045e-5
110,11,2,9.840514196426846e-6
110,11,3,1.0627320966155668e-5
110,11,4,0.00010572302297183279
110,11,5,1.0452168479151333e-5
110,11,6,0.00016159072886593378
110,11,7,1.0157934810606124e-5
110,11,8,5.887406778020752e-5
110,11,9,1.0634102407523749e-5
110,11,10,0.0001508309143341687
110,12,1,1.1245171385090527e-5
110,12,2,9.797367261316803e-6
110,12,3,1.0601615801324128e-5
110,12,4,0.0001064424181564406
110,12,5,1.0481090285120217e-5
110,12,6,0.0001626515981308878
110,12,7,1.0179029599672772e-5
110,12,8,5.8412568890468685e-5
110,12,9,1.0609393804193393e-5
110,12,10,0.0001496783438907607
110,13,1,1.1241420479428973e-5
110,13,2,9.785477429250352e-6
110,13,3,1.0588949992073415e-5
110,13,4,0.0001062742747369012
110,13,5,1.0516624568660029e-5
110,13,6,0.00016242877440388487
110,13,7,1.021827377272393e-5
110,13,8,5.938226732286104e-5
110,13,9,1.0593669250261793e-5
110,13,10,0.00014942279965607312
110,14,1,1.123409974451702e-5
110,14,2,9.82080825236337e-6
110,14,3,1.0591165408153926e-5
110,14,4,0.00010631708366034468
110,14,5,1.0539637254181546e-5
110,14,6,0.0001624192160155581
110,14,7,1.0248029545165677e-5
110,14,8,5.93841203677951e-5
110,14,9,1.0595653294631775e-5
110,14,10,0.0001494375826249401
110,15,1,1.123959197663052e-5
110,15,2,9.863623438864556e-6
110,15,3,1.0603637069395553e-5
110,15,4,0.00010615483170398648
110,15,5,1.056928895724872e-5
110,15,6,0.00016222836135178987
110,15,7,1.028052064557778e-5
110,15,8,5.8147737306616915e-5
110,15,9,1.0607308084673077e-5
110,15,10,0.00014917978778708675
110,16,1,1.1237218005511798e-5
110,16,2,9.875348257629895e-6
110,16,3,1.0587570026149228e-5
110,16,4,0.00010989053346981474
110,16,5,1.059760580110778e-5
110,16,6,0.0001630207541404639
110,16,7,1.0308662933367283e-5
110,16,8,5.851015385627265e-5
110,16,9,1.0593727786009477e-5
110,16,10,0.0001531520650431979
110,17,1,1.122956384952923e-5
110,17,2,9.90225182825633e-6
110,17,3,1.0543832164768245e-5
110,17,4,0.00010648031311701949
110,17,5,1.0605634570163344e-5
110,17,6,0.00016320309063165992
110,17,7,1.0319806077890624e-5
110,17,8,5.8078664123515996e-5
110,17,9,1.0553053959176386e-5
110,17,10,0.00014846042249062685
110,18,1,1.122763629237336e-5
110,18,2,9.996705248727445e-6
110,18,3,1.0521088349985964e-5
110,18,4,0.00010850883452798964
110,18,5,1.0632928858137977e-5
110,18,6,0.00016240772395900756
110,18,7,1.0347689266387152e-5
110,18,8,5.928702688591682e-5
110,18,9,1.0531989769927826e-5
110,18,10,0.00014917771924638414
110,19,1,1.1193146580719057e-5
110,19,2,1.0120142830386043e-5
110,19,3,1.0566142781987326e-5
110,19,4,0.00010750087484281555
110,19,5,1.0683201426734935e-5
110,19,6,0.00016306815958509957
110,19,7,1.0393619776524766e-5
110,19,8,5.8823803279403364e-5
110,19,9,1.0573619517736052e-5
110,19,10,0.00014992177724608768
110,20,1,1.1163133524067237e-5
110,20,2,1.0151521006600633e-5
110,20,3,1.0561642759665414e-5
110,20,4,0.00010882297022522318
110,20,5,1.0671632540337108e-5
110,20,6,0.00016499596665768231
110,20,7,1.038816388143627e-5
110,20,8,5.8555067061887636e-5
110,20,9,1.0569928547821927e-5
110,20,10,0.00014943548066073228
110,21,1,1.1539332404390228e-5
110,21,2,1.009531600785584e-5
110,21,3,1.054816412516564e-5
110,21,4,0.00010726341603306486
110,21,5,1.062044508889982e-5
110,21,6,0.00016265532174917948
110,21,7,1.0334346188566088e-5
110,21,8,5.847682992645199e-5
110,21,9,1.0557201935806022e-5
110,21,10,0.00014957323172730644
110,22,1,1.152545158750119e-5
110,22,2,9.955506098358995e-6
110,22,3,1.0572749427007542e-5
110,22,4,0.00010751819923249805
110,22,5,1.0564765799845011e-5
110,22,6,0.00016306094461836508
110,22,7,1.027424454391802e-5
110,22,8,5.852095492619106e-5
110,22,9,1.057971285294606e-5
110,22,10,0.00015000658348175434
110,23,1,1.1499645331864563e-5
110,23,2,9.867754113671215e-6
110,23,3,1.0574501618436688e-5
110,23,4,0.00010669117201341553
110,23,5,1.0529404467188504e-5
110,23,6,0.00016178922964441974
110,23,7,1.0238946208826438e-5
110,23,8,5.803244172627474e-5
110,23,9,1.0581828015307868e-5
110,23,10,0.0001488067574823655
110,24,1,1.1535497774156696e-5
110,24,2,9.879099232567004e-6
110,24,3,1.0543548626398177e-5
110,24,4,0.00010763368192378569
110,24,5,1.0465932322948264e-5
110,24,6,0.0001632255730361525
110,24,7,1.0169949100807534e-5
110,24,8,5.853029087215921e-5
110,24,9,1.0552989778037884e-5
110,24,10,0.00015009628672894455
111,1,1,1.9431289529948157e-6
111,1,2,1.4009737965920155e-6
111,1,3,1.605566304918025e-6
111,1,4,9.808268773697083e-5
111,1,5,1.7934042869814778e-6
111,1,6,0.00015369198022891268
111,1,7,1.5583479711089958e-6
111,1,8,5.1512344002086396e-5
111,1,9,1.5929641490485791e-6
111,1,10,0.00014095452478501286
111,2,1,1.9444669988261435e-6
111,2,2,1.4127919822151656e-6
111,2,3,1.6069724180431112e-6
111,2,4,9.85923259150597e-5
111,2,5,1.7982638546179192e-6
111,2,6,0.00015404037729590446
111,2,7,1.5615455910786547e-6
111,2,8,5.228608999114088e-5
111,2,9,1.5953081633948462e-6
111,2,10,0.00014175491230643833
111,3,1,1.9493062740417704e-6
111,3,2,1.4302378606586293e-6
111,3,3,1.6131278966047447e-6
111,3,4,9.860502854607143e-5
111,3,5,1.7969034152808447e-6
111,3,6,0.00015301898399765098
111,3,7,1.563340241876885e-6
111,3,8,5.336467228183847e-5
111,3,9,1.600645028654509e-6
111,3,10,0.00014113941757522882
111,4,1,1.9644613663399726e-6
111,4,2,1.4406164155697713e-6
111,4,3,1.613725792034011e-6
111,4,4,0.00010021802235698892
111,4,5,1.8010174369792174e-6
111,4,6,0.00015515899456428268
111,4,7,1.5602878145441572e-6
111,4,8,5.293066723303868e-5
111,4,9,1.6008281898819441e-6
111,4,10,0.00014371430882169085
111,5,1,1.9666234230797823e-6
111,5,2,1.4664168693582066e-6
111,5,3,1.6096063042892482e-6
111,5,4,9.948549812516079e-5
111,5,5,1.797925360017874e-6
111,5,6,0.0001539392364074335
111,5,7,1.5520003836764718e-6
111,5,8,5.2508496501645766e-5
111,5,9,1.597176720526443e-6
111,5,10,0.00014278679011607768
111,6,1,1.9655213766527347e-6
111,6,2,1.4885239568169502e-6
111,6,3,1.6180568037895985e-6
111,6,4,0.00010047769079654076
111,6,5,1.7916467905383649e-6
111,6,6,0.00015531225590704665
111,6,7,1.5484302061819204e-6
111,6,8,5.2893153426354896e-5
111,6,9,1.6048030730522741e-6
111,6,10,0.00014391223229160454
111,7,1,1.992627783686834e-6
111,7,2,1.505094863105625e-6
111,7,3,1.6236325759590369e-6
111,7,4,0.00010054089679144455
111,7,5,1.7807907010096852e-6
111,7,6,0.00015671980778806941
111,7,7,1.5368205812970715e-6
111,7,8,5.287856866460149e-5
111,7,9,1.6098982678202277e-6
111,7,10,0.000143894185078089
111,8,1,1.999469869925099e-6
111,8,2,1.4581974432640625e-6
111,8,3,1.6168721227559312e-6
111,8,4,0.0001005992475054801
111,8,5,1.7508004629465667e-6
111,8,6,0.00015699325461697658
111,8,7,1.50463649989213e-6
111,8,8,5.295141681987003e-5
111,8,9,1.603707106155151e-6
111,8,10,0.0001440706534048054
111,9,1,2.0215906591322387e-6
111,9,2,1.4173841117764252e-6
111,9,3,1.6227893740682975e-6
111,9,4,9.992691472620717e-5
111,9,5,1.7299811089770832e-6
111,9,6,0.00015593367430814814
111,9,7,1.4843880734788698e-6
111,9,8,5.254997031876959e-5
111,9,9,1.6092339147198384e-6
111,9,10,0.0001430635166988437
111,10,1,2.046309094501821e-6
111,10,2,1.386251680628165e-6
111,10,3,1.6215259263325795e-6
111,10,4,9.999304748906185e-5
111,10,5,1.7174098837167597e-6
111,10,6,0.00015866514036150275
111,10,7,1.4713044016991626e-6
111,10,8,5.2575650577546944e-5
111,10,9,1.6084024657028852e-6
111,10,10,0.0001431200147634215
111,11,1,2.0586497928429535e-6
111,11,2,1.3628044016386276e-6
111,11,3,1.615895472906496e-6
111,11,4,9.985641577504905e-5
111,11,5,1.7119263261207334e-6
111,11,6,0.00015581479333559627
111,11,7,1.4657785782762532e-6
111,11,8,5.356550705254515e-5
111,11,9,1.6029531379396972e-6
111,11,10,0.00014511631980506878
111,12,1,2.0677954751258544e-6
111,12,2,1.3501824571570763e-6
111,12,3,1.6087181031220611e-6
111,12,4,0.00010058874484216237
111,12,5,1.727491252124818e-6
111,12,6,0.00015687095100429192
111,12,7,1.4719203702956162e-6
111,12,8,5.31016370502454e-5
111,12,9,1.59554574915569e-6
111,12,10,0.00014398229079161148
111,13,1,2.065561056446842e-6
111,13,2,1.3467018554388133e-6
111,13,3,1.606859446441573e-6
111,13,4,0.00010042740250871704
111,13,5,1.736617388876948e-6
111,13,6,0.00015662744408120213
111,13,7,1.4835427947305226e-6
111,13,8,5.407677484583727e-5
111,13,9,1.5907370782118515e-6
111,13,10,0.00014374230096196678
111,14,1,2.0636142062807593e-6
111,14,2,1.3569725389488705e-6
111,14,3,1.6075517855686733e-6
111,14,4,0.00010046963535698059
111,14,5,1.7393252340655678e-6
111,14,6,0.00015659419797942154
111,14,7,1.4924156250283952e-6
111,14,8,5.407867114578235e-5
111,14,9,1.5913429642849244e-6
111,14,10,0.00014376125257205033
111,15,1,2.070977266581017e-6
111,15,2,1.369422562457856e-6
111,15,3,1.6112246367374088e-6
111,15,4,0.00010030152961720605
111,15,5,1.7475478891140436e-6
111,15,6,0.00015637299483501864
111,15,7,1.5023389582113966e-6
111,15,8,5.280887959282486e-5
111,15,9,1.5948476632805625e-6
111,15,10,0.00014349357261300548
111,16,1,2.0658127050905758e-6
111,16,2,1.372885149932445e-6
111,16,3,1.6058278357817657e-6
111,16,4,0.0001040438423165147
111,16,5,1.756979769462976e-6
111,16,6,0.00015714106235027508
111,16,7,1.5105617093973407e-6
111,16,8,5.3101764866730314e-5
111,16,9,1.5907896748750296e-6
111,16,10,0.0001474628762462409
111,17,1,2.0598685993941156e-6
111,17,2,1.380773762646591e-6
111,17,3,1.5928496851465631e-6
111,17,4,0.00010065198591872422
111,17,5,1.7572230007062032e-6
111,17,6,0.00015730434934564062
111,17,7,1.5137428731730941e-6
111,17,8,5.2586559811345786e-5
111,17,9,1.5785311828969046e-6
111,17,10,0.00014278513688462474
111,18,1,2.0682257976887753e-6
111,18,2,1.4083671321008426e-6
111,18,3,1.5861158928935283e-6
111,18,4,0.00010269119080102076
111,18,5,1.7661086198452624e-6
111,18,6,0.0001565244866150937
111,18,7,1.5221470551144747e-6
111,18,8,5.371659576569683e-5
111,18,9,1.5722346624807345e-6
111,18,10,0.00014349213170078946
111,19,1,2.054117551619561e-6
111,19,2,1.4448036529999974e-6
111,19,3,1.599552940131875e-6
111,19,4,0.0001016635434935206
111,19,5,1.7864003627896626e-6
111,19,6,0.00015721968369136795
111,19,7,1.5360127649797782e-6
111,19,8,5.321554052589703e-5
111,19,9,1.5847038180381617e-6
111,19,10,0.0001442020289493849
111,20,1,2.043734622879859e-6
111,20,2,1.454057098801586e-6
111,20,3,1.5980928602590842e-6
111,20,4,0.00010298836001538747
111,20,5,1.7779508675584136e-6
111,20,6,0.0001591774772557299
111,20,7,1.534313170535994e-6
111,20,8,5.30113255696291e-5
111,20,9,1.5837425982493884e-6
111,20,10,0.00014370832327705767
111,21,1,2.5739394371323534e-6
111,21,2,1.4374342879098675e-6
111,21,3,1.5940179349846912e-6
111,21,4,0.00010143455672389952
111,21,5,1.7629193485215815e-6
111,21,6,0.00015687065100153432
111,21,7,1.5184458126583478e-6
111,21,8,5.3006881013148544e-5
111,21,9,1.579692333287648e-6
111,21,10,0.00014386546345270795
111,22,1,2.574983199395022e-6
111,22,2,1.3963158071140129e-6
111,22,3,1.6015346051250097e-6
111,22,4,0.00010167959022887016
111,22,5,1.747063752810484e-6
111,22,6,0.000157310055419353
111,22,7,1.5002516308025596e-6
111,22,8,5.3103304020116404e-5
111,22,9,1.5865387233228239e-6
111,22,10,0.0001443213810513108
111,23,1,2.5354192784633674e-6
111,23,2,1.3707166497385395e-6
111,23,3,1.6018770386437245e-6
111,23,4,0.00010085218479522332
111,23,5,1.7349476642209987e-6
111,23,6,0.00015607325620892136
111,23,7,1.4896019124603138e-6
111,23,8,5.266936828805073e-5
111,23,9,1.5872492270587498e-6
111,23,10,0.00014313449708483903
111,24,1,2.5600033897621128e-6
111,24,2,1.3739780851800238e-6
111,24,3,1.5926472023622863e-6
111,24,4,0.00010181203177426872
111,24,5,1.7178874498297458e-6
111,24,6,0.00015750248089844025
111,24,7,1.4692076252537366e-6
111,24,8,5.3163002609717034e-5
111,24,9,1.5784714527285506e-6
111,24,10,0.00014445205866165685
112,1,1,1.7656840196885663e-5
112,1,2,0.006136770565422211
112,1,3,1.7523782235698323e-5
112,1,4,0.0011584557390424681
112,1,5,0.0008944840184754999
112,1,6,0.0009353432782039205
112,1,7,0.006136772825022266
112,1,8,4.207839721570903e-5
112,1,9,1.7512748401313765e-5
112,1,10,0.00011413609384827352
112,2,1,0.00040187221486508547
112,2,2,1.7509245608074868e-5
112,2,3,0.00034131952815217323
112,2,4,0.00018565656799979176
112,2,5,0.00010605202044369504
112,2,6,0.000128097401574391
112,2,7,0.0002470401961113336
112,2,8,0.00045204135855829994
112,2,9,0.004084739064761507
112,2,10,0.0002812750949315389
112,3,1,1.7656855539077555e-5
112,3,2,0.000952570578703475
112,3,3,1.7523787297158386e-5
112,3,4,8.016338993368865e-5
112,3,5,8.96744867954307e-5
112,3,6,0.0001356820599470584
112,3,7,0.00022240125083538683
112,3,8,0.0003990117954701717
112,3,9,1.7512806249592572e-5
112,3,10,8.777484951889955e-5
112,4,1,1.7656856455023765e-5
112,4,2,8.83659815920595e-5
112,4,3,0.000211500164852917
112,4,4,0.0001510811821428997
112,4,5,3.992657269875287e-5
112,4,6,0.00012146770377116448
112,4,7,1.7515593777746628e-5
112,4,8,0.0001090947372634592
112,4,9,1.7513007812001263e-5
112,4,10,0.00020479715751228669
112,5,1,0.0002737459126550511
112,5,2,9.703524873141793e-5
112,5,3,0.00022482767410559294
112,5,4,0.00015263955320684192
112,5,5,4.607993055221257e-5
112,5,6,0.0001065045093009912
112,5,7,1.751468002476506e-5
112,5,8,0.00011473414648528555
112,5,9,4.692474304437682e-5
112,5,10,0.00011508124610667026
112,6,1,1.7656860204089696e-5
112,6,2,1.750867965074979e-5
112,6,3,0.00013976547691014907
112,6,4,7.852258632887356e-5
112,6,5,1.4305574967125358e-5
112,6,6,0.00011456501679138938
112,6,7,1.5409428478838338e-6
112,6,8,4.300346949077644e-5
112,6,9,1.35460549410394e-5
112,6,10,0.00011510836157787887
112,7,1,0.00016164760088460884
112,7,2,1.7509467926818455e-5
112,7,3,1.7523796905663926e-5
112,7,4,7.855594770691187e-5
112,7,5,1.0145301908815028e-5
112,7,6,0.00012593750209868244
112,7,7,1.7515837424931693e-5
112,7,8,6.950180352812934e-5
112,7,9,1.751285633118612e-5
112,7,10,0.00011908353259268428
112,8,1,0.000176019331047158
112,8,2,1.201251925768965e-5
112,8,3,1.7523799366572773e-5
112,8,4,7.85515829662847e-5
112,8,5,1.4062455623495948e-5
112,8,6,9.97923180448227e-5
112,8,7,1.4587711867762572e-6
112,8,8,4.235928239587812e-5
112,8,9,1.7512855371593974e-5
112,8,10,0.00015368495972040922
112,9,1,1.7656889139441274e-5
112,9,2,1.418436494113199e-5
112,9,3,1.7521429065374393e-5
112,9,4,0.0001275482890437693
112,9,5,1.649827538192225e-5
112,9,6,9.490856643318663e-5
112,9,7,2.220503953472252e-6
112,9,8,3.7766951558249605e-5
112,9,9,1.562540662409999e-5
112,9,10,8.793226917174961e-5
112,10,1,1.7656891670946004e-5
112,10,2,1.422238733340187e-5
112,10,3,1.7521429479386984e-5
112,10,4,7.920728180369633e-5
112,10,5,1.6508811708290543e-5
112,10,6,0.00010407912390416718
112,10,7,2.224852002259348e-6
112,10,8,7.369117254201033e-5
112,10,9,1.5666515241367165e-5
112,10,10,0.00016482131190936073
112,11,1,1.7657593381251677e-5
112,11,2,1.600718029562407e-5
112,11,3,0.00015217887164750403
112,11,4,7.90112281261852e-5
112,11,5,1.8587827881541916e-5
112,11,6,9.50138781320108e-5
112,11,7,2.963110356553835e-6
112,11,8,7.280613823748851e-5
112,11,9,1.7572065018777204e-5
112,11,10,0.00014708773871395612
112,12,1,0.0001579817858536628
112,12,2,1.750860511264164e-5
112,12,3,0.0001230300475332664
112,12,4,7.863271657547973e-5
112,12,5,8.739452423983101e-6
112,12,6,0.00010259115219046414
112,12,7,2.659261323611351e-7
112,12,8,5.279379089520643e-5
112,12,9,8.709857626207668e-6
112,12,10,0.00013398860112682736
112,13,1,0.0001552218878888868
112,13,2,1.750860504475637e-5
112,13,3,0.00012061329540148144
112,13,4,7.889008003480978e-5
112,13,5,8.02595521070171e-6
112,13,6,9.505783398458421e-5
112,13,7,1.7514302634806408e-5
112,13,8,6.121094248121482e-5
112,13,9,8.07686368751504e-6
112,13,10,0.00014191743631704058
112,14,1,1.765691946608644e-5
112,14,2,1.8868574758880663e-6
112,14,3,0.00012628065681534491
112,14,4,7.862661189283508e-5
112,14,5,1.008099962954488e-5
112,14,6,0.00011966184627536568
112,14,7,4.349945424113052e-7
112,14,8,6.7802301120963e-5
112,14,9,9.590783676504976e-6
112,14,10,0.00012502729230688426
112,15,1,0.00015759724750659716
112,15,2,1.7508603640438503e-5
112,15,3,0.0001226675981489311
112,15,4,0.00012148051948921153
112,15,5,1.760051605527687e-5
112,15,6,9.506708385884211e-5
112,15,7,2.4236981803006125e-7
112,15,8,7.238572424568683e-5
112,15,9,8.616811619692142e-6
112,15,10,8.810360591481204e-5
112,16,1,1.7656723344607067e-5
112,16,2,1.9122788483575904e-6
112,16,3,0.00012609457944481344
112,16,4,0.00012239166659966318
112,16,5,9.973358884951379e-6
112,16,6,0.00010165863509952598
112,16,7,4.185937781535746e-7
112,16,8,6.573847179307076e-5
112,16,9,9.54184863269225e-6
112,16,10,0.00011275756480863696
112,17,1,1.7657084236769107e-5
112,17,2,2.2768231739705922e-6
112,17,3,0.0001232885315682123
112,17,4,8.080864718863537e-5
112,17,5,9.201609425188245e-6
112,17,6,9.653376518374505e-5
112,17,7,1.7514300371432407e-5
112,17,8,3.772491788029373e-5
112,17,9,8.785721453244103e-6
112,17,10,0.00011504477194386113
112,18,1,0.00015751979430582636
112,18,2,1.7508604551747858e-5
112,18,3,0.00012255919899585775
112,18,4,0.00012528531851943228
112,18,5,9.026457725616829e-6
112,18,6,0.00010772192673297688
112,18,7,2.441015460546338e-7
112,18,8,5.9616522969951415e-5
112,18,9,8.593628134190787e-6
112,18,10,0.00011407219055669182
112,19,1,9.384804663170604e-5
112,19,2,1.7508606366455374e-5
112,19,3,0.00010182633479888281
112,19,4,9.004263387135112e-5
112,19,5,2.622188479937385e-7
112,19,6,9.509521689846164e-5
112,19,7,1.7514302006675292e-5
112,19,8,3.799919418033661e-5
112,19,9,1.7511686846001602e-5
112,19,10,0.00011520577345175764
112,20,1,1.7656956956154044e-5
112,20,2,1.8118551619572616e-5
112,20,3,9.900171198796103e-5
112,20,4,9.263814520824166e-5
112,20,5,8.127612809845288e-6
112,20,6,9.706559296669431e-5
112,20,7,1.7514304971528556e-5
112,20,8,8.069808667825568e-5
112,20,9,5.5864299316670344e-8
112,20,10,0.00011484181306443926
112,21,1,9.929936619455619e-5
112,21,2,1.750860748778249e-5
112,21,3,1.75231447639835e-5
112,21,4,8.785187083968579e-5
112,21,5,1.760300681811028e-5
112,21,6,0.0001261465783961266
112,21,7,4.447854137165234e-6
112,21,8,3.799822445651449e-5
112,21,9,1.3414771781784046e-7
112,21,10,0.00011519041301147013
112,22,1,9.357386704329471e-5
112,22,2,1.9468995631323104e-5
112,22,3,0.00010206622194046187
112,22,4,6.701766549900333e-5
112,22,5,9.041392710904474e-6
112,22,6,0.00010752003715886106
112,22,7,1.7515657607834073e-5
112,22,8,8.036008594484614e-5
112,22,9,1.7512854485533272e-5
112,22,10,9.846215824161909e-5
112,23,1,0.0003314869342374799
112,23,2,2.9420199020575668e-5
112,23,3,1.7525791696776566e-5
112,23,4,7.944020577550982e-5
112,23,5,1.760706142525239e-5
112,23,6,0.00012608786664470315
112,23,7,1.75156549287377e-5
112,23,8,3.798864855517863e-5
112,23,9,9.517556085799112e-7
112,23,10,0.0001150015083690192
112,24,1,1.7801893737949304e-5
112,24,2,0.00015738349937148558
112,24,3,0.00015733354311571812
112,24,4,7.953436433178576e-5
112,24,5,0.00011877484491221994
112,24,6,0.00012689450831574806
112,24,7,1.7515898235656415e-5
112,24,8,4.301461685667204e-5
112,24,9,1.7513090433308252e-5
112,24,10,9.157582776592686e-5
113,1,1,1.8671947145020215e-5
113,1,2,1.867194714496941e-5
113,1,3,1.8671947148896552e-5
113,1,4,1.8671947146105484e-5
113,1,5,1.8671947144032462e-5
113,1,6,1.867194714347589e-5
113,1,7,1.8671947146010535e-5
113,1,8,1.867194714908479e-5
113,1,9,1.8671947143566445e-5
113,1,10,1.8671947149060477e-5
113,2,1,1.8671947146116617e-5
113,2,2,1.8671947143553286e-5
113,2,3,1.8671947146644102e-5
113,2,4,1.867194714775609e-5
113,2,5,1.8671947148845978e-5
113,2,6,1.867194714531097e-5
113,2,7,1.8671947147757076e-5
113,2,8,1.8671947148802132e-5
113,2,9,1.8671947145022078e-5
113,2,10,1.8671947148874103e-5
113,3,1,1.8671947149091123e-5
113,3,2,1.867194715140198e-5
113,3,3,1.8671947151390058e-5
113,3,4,1.8671947145080086e-5
113,3,5,1.86719471452879e-5
113,3,6,1.8671947149092376e-5
113,3,7,1.8671947151490784e-5
113,3,8,1.8671947151230338e-5
113,3,9,1.8671947151394344e-5
113,3,10,1.8671947151410665e-5
113,4,1,1.8671947146640253e-5
113,4,2,1.8671947143706422e-5
113,4,3,1.86719471512284e-5
113,4,4,1.8671947145868535e-5
113,4,5,1.867194714733818e-5
113,4,6,1.8671947151119567e-5
113,4,7,1.8671947145288456e-5
113,4,8,1.8671947151486183e-5
113,4,9,1.8671947145942176e-5
113,4,10,1.8671947148789674e-5
113,5,1,1.867194715111492e-5
113,5,2,1.8671947145259125e-5
113,5,3,1.867194714598182e-5
113,5,4,1.8671947145044077e-5
113,5,5,1.8671947151490276e-5
113,5,6,1.8671947151144876e-5
113,5,7,1.867194715148615e-5
113,5,8,1.867194714528177e-5
113,5,9,1.8671947145261212e-5
113,5,10,1.8671947151509016e-5
113,6,1,1.8671947143578077e-5
113,6,2,1.8671947145230326e-5
113,6,3,1.8671947147780034e-5
113,6,4,1.8671947145905672e-5
113,6,5,1.8671947145289625e-5
113,6,6,1.867194715115316e-5
113,6,7,1.8671947151502822e-5
113,6,8,1.8671947145227734e-5
113,6,9,1.8671947151130365e-5
113,6,10,1.8671947146354918e-5
113,7,1,1.8671947145281704e-5
113,7,2,1.867194714558637e-5
113,7,3,1.8671947151890885e-5
113,7,4,1.8671947143825993e-5
113,7,5,1.8671947145664786e-5
113,7,6,1.8671947145630437e-5
113,7,7,1.867194715284129e-5
113,7,8,1.867194714949345e-5
113,7,9,1.867194715189264e-5
113,7,10,1.8671947148059166e-5
113,8,1,1.867194714822588e-5
113,8,2,1.8671947152178537e-5
113,8,3,1.867194714569231e-5
113,8,4,1.86719471458735e-5
113,8,5,1.8671947146077227e-5
113,8,6,1.86719471526326e-5
113,8,7,1.8671947152157396e-5
113,8,8,1.867194715286273e-5
113,8,9,1.867194715265914e-5
113,8,10,1.867194714843232e-5
113,9,1,1.8671947152414985e-5
113,9,2,1.8671947153514085e-5
113,9,3,1.8671947153739246e-5
113,9,4,1.8671947146724214e-5
113,9,5,1.867194714606591e-5
113,9,6,1.8671947153285582e-5
113,9,7,1.8671947152475358e-5
113,9,8,1.867194715376234e-5
113,9,9,1.867194714720527e-5
113,9,10,1.8671947153565357e-5
113,10,1,1.8671947152851932e-5
113,10,2,1.8671947153799193e-5
113,10,3,1.8671947153500166e-5
113,10,4,1.8671947153106157e-5
113,10,5,1.8671947153678812e-5
113,10,6,1.867194715072769e-5
113,10,7,1.8671947150454747e-5
113,10,8,1.867194714704794e-5
113,10,9,1.8671947153647608e-5
113,10,10,1.867194715414857e-5
113,11,1,1.8671947153446705e-5
113,11,2,1.8671947146551938e-5
113,11,3,1.8671947154144352e-5
113,11,4,1.867194715346114e-5
113,11,5,1.8671947150949696e-5
113,11,6,1.8671947153649712e-5
113,11,7,1.867194715134846e-5
113,11,8,1.8671947150611754e-5
113,11,9,1.867194715378842e-5
113,11,10,1.8671947150710274e-5
113,12,1,1.8671947152800473e-5
113,12,2,1.8671947151371112e-5
113,12,3,1.867194715412328e-5
113,12,4,1.8671947146478463e-5
113,12,5,1.8671947150417824e-5
113,12,6,1.8671947148322335e-5
113,12,7,1.86719471479761e-5
113,12,8,1.8671947154176004e-5
113,12,9,1.8671947154137172e-5
113,12,10,1.8671947148718293e-5
113,13,1,1.86719471464096e-5
113,13,2,1.867194715062963e-5
113,13,3,1.8671947146189354e-5
113,13,4,1.8671947147716747e-5
113,13,5,1.8671947150145177e-5
113,13,6,1.867194715388704e-5
113,13,7,1.8671947151495853e-5
113,13,8,1.8671947150636727e-5
113,13,9,1.867194714562911e-5
113,13,10,1.8671947153896625e-5
113,14,1,1.8671947146376314e-5
113,14,2,1.867194715401802e-5
113,14,3,1.867194714617979e-5
113,14,4,1.867194714706242e-5
113,14,5,1.8671947148280976e-5
113,14,6,1.867194715375606e-5
113,14,7,1.86719471538297e-5
113,14,8,1.8671947150543384e-5
113,14,9,1.8671947153961006e-5
113,14,10,1.8671947148075005e-5
113,15,1,1.8671947146220894e-5
113,15,2,1.8671947150065024e-5
113,15,3,1.8671947146262836e-5
113,15,4,1.867194714633924e-5
113,15,5,1.867194714980403e-5
113,15,6,1.8671947150159214e-5
113,15,7,1.8671947142743664e-5
113,15,8,1.8671947153860687e-5
113,15,9,1.8671947153850733e-5
113,15,10,1.8671947150428398e-5
113,16,1,1.8671947150261678e-5
113,16,2,1.867194715016779e-5
113,16,3,1.8671947148137848e-5
113,16,4,1.8671947146648923e-5
113,16,5,1.867194714991755e-5
113,16,6,1.8671947147873106e-5
113,16,7,1.8671947153353098e-5
113,16,8,1.8671947153582342e-5
113,16,9,1.8671947151094623e-5
113,16,10,1.8671947142665307e-5
113,17,1,1.867194714977965e-5
113,17,2,1.8671947149209243e-5
113,17,3,1.8671947145230526e-5
113,17,4,1.8671947153035186e-5
113,17,5,1.8671947149621128e-5
113,17,6,1.8671947145169946e-5
113,17,7,1.8671947149218062e-5
113,17,8,1.8671947145480414e-5
113,17,9,1.867194714960179e-5
113,17,10,1.8671947149276924e-5
113,18,1,1.8671947146517013e-5
113,18,2,1.8671947148931393e-5
113,18,3,1.8671947148937478e-5
113,18,4,1.8671947147314156e-5
113,18,5,1.867194714935787e-5
113,18,6,1.8671947146894705e-5
113,18,7,1.8671947147330534e-5
113,18,8,1.867194714591742e-5
113,18,9,1.867194714518595e-5
113,18,10,1.8671947146679467e-5
113,19,1,1.8671947146517806e-5
113,19,2,1.867194714849597e-5
113,19,3,1.8671947152426698e-5
113,19,4,1.8671947149175917e-5
113,19,5,1.867194714122099e-5
113,19,6,1.867194714486355e-5
113,19,7,1.8671947148898602e-5
113,19,8,1.86719471459139e-5
113,19,9,1.8671947148895177e-5
113,19,10,1.8671947148901262e-5
113,20,1,1.8671947149906382e-5
113,20,2,1.8671947146584193e-5
113,20,3,1.8671947149324673e-5
113,20,4,1.867194714646797e-5
113,20,5,1.8671947145906008e-5
113,20,6,1.8671947148893283e-5
113,20,7,1.8671947148885656e-5
113,20,8,1.8671947144657024e-5
113,20,9,1.867194714113428e-5
113,20,10,1.8671947149312557e-5
113,21,1,1.8671947142238816e-5
113,21,2,1.867194714151183e-5
113,21,3,1.8671947140321736e-5
113,21,4,1.8671947142262374e-5
113,21,5,1.8671947148829796e-5
113,21,6,1.8671947145028353e-5
113,21,7,1.8671947148867418e-5
113,21,8,1.8671947148858494e-5
113,21,9,1.8671947142324427e-5
113,21,10,1.867194714678566e-5
113,22,1,1.8671947144785532e-5
113,22,2,1.8671947146697092e-5
113,22,3,1.8671947145887143e-5
113,22,4,1.8671947142375967e-5
113,22,5,1.8671947144792722e-5
113,22,6,1.8671947146758726e-5
113,22,7,1.8671947140036154e-5
113,22,8,1.867194714890721e-5
113,22,9,1.867194714465893e-5
113,22,10,1.867194714585471e-5
113,23,1,1.8671947142090358e-5
113,23,2,1.8671947144991348e-5
113,23,3,1.8671947148325767e-5
113,23,4,1.867194714585406e-5
113,23,5,1.8671947148316697e-5
113,23,6,1.867194714835546e-5
113,23,7,1.8671947148387987e-5
113,23,8,1.8671947141526295e-5
113,23,9,1.8671947148363037e-5
113,23,10,1.867194714832312e-5
113,24,1,1.867194714578251e-5
113,24,2,1.8671947144940184e-5
113,24,3,1.8671947148835e-5
113,24,4,1.8671947145774796e-5
113,24,5,1.8671947141631365e-5
113,24,6,1.8671947144972035e-5
113,24,7,1.8671947148306838e-5
113,24,8,1.867194714572397e-5
113,24,9,1.8671947144978446e-5
113,24,10,1.8671947144982816e-5
114,1,1,5.252356370424114e-7
114,1,2,7.719818304917352e-5
114,1,3,6.170683149572556e-8
114,1,4,7.386147973745433e-5
114,1,5,1.1772391696244418e-5
114,1,6,9.60378889948607e-5
114,1,7,7.2030416130134e-5
114,1,8,3.467384793871598e-5
114,1,9,0.00010115581222886984
114,1,10,0.00010462212861237874
114,2,1,1.1824801657274274e-5
114,2,2,0.00018913269930966712
114,2,3,1.1689342997181175e-5
114,2,4,7.391519662182654e-5
114,2,5,1.1768961742065997e-5
114,2,6,9.582552099746235e-5
114,2,7,1.1682135281279639e-5
114,2,8,5.4335224829564716e-5
114,2,9,0.0003223791401140749
114,2,10,8.846514915289083e-5
114,3,1,3.785157956128493e-5
114,3,2,0.0002389370468649703
114,3,3,4.721284692638456e-5
114,3,4,0.00016765121071717962
114,3,5,1.177059203704212e-5
114,3,6,9.629640282636332e-5
114,3,7,0.0002296459296438854
114,3,8,0.00034537693899978444
114,3,9,0.00038657666914475617
114,3,10,0.00023857568014798517
114,4,1,0.00013523027234729878
114,4,2,1.1676760642698524e-5
114,4,3,1.1691996267378504e-5
114,4,4,7.488103196781039e-5
114,4,5,1.1771913704718956e-5
114,4,6,0.00015468330650608684
114,4,7,0.0001406034228129633
114,4,8,3.6254745412415334e-5
114,4,9,0.0002677148812104954
114,4,10,0.00010991839918528513
114,5,1,0.00014165650779705764
114,5,2,0.00015478387371657448
114,5,3,1.1690911173973778e-5
114,5,4,7.48857173863973e-5
114,5,5,0.0008793383334667553
114,5,6,9.601134844140516e-5
114,5,7,0.00014719776297727007
114,5,8,3.6237331566964394e-5
114,5,9,1.1679565734579225e-5
114,5,10,0.00029774163687318935
114,6,1,0.00011760976900575533
114,6,2,0.00012959566409814332
114,6,3,1.1692001033953817e-5
114,6,4,0.0002002361137752655
114,6,5,1.1771951202033529e-5
114,6,6,9.625873956984461e-5
114,6,7,1.168212946454021e-5
114,6,8,0.00020870448506934562
114,6,9,1.167877445624634e-5
114,6,10,0.000292284711933868
114,7,1,1.1826767658314862e-5
114,7,2,0.0002899702146921795
114,7,3,0.00016284692209442904
114,7,4,0.00033216998241621
114,7,5,1.1775925806482787e-5
114,7,6,0.0005902481128694418
114,7,7,0.0002795201043504864
114,7,8,3.624543347626842e-5
114,7,9,0.00045096066950916667
114,7,10,0.0005624221293846825
114,8,1,1.1826769636656692e-5
114,8,2,1.1676766244047478e-5
114,8,3,5.7911771152582154e-5
114,8,4,0.0002069711052283736
114,8,5,1.1775935948053909e-5
114,8,6,0.00038847636137566855
114,8,7,1.168212794444151e-5
114,8,8,0.00021678461450007417
114,8,9,0.0002737380276238507
114,8,10,0.00011057069766460238
114,9,1,0.00014207820201725177
114,9,2,0.0001554068422031325
114,9,3,5.982795259210335e-5
114,9,4,7.524128896266222e-5
114,9,5,1.1771955091786767e-5
114,9,6,0.00035480856034552255
114,9,7,1.1683053707087963e-5
114,9,8,0.000244904191799411
114,9,9,1.1679567626338039e-5
114,9,10,0.00031320119746409286
114,10,1,0.00016391766380587707
114,10,2,1.1677993157474409e-5
114,10,3,7.42987212534639e-5
114,10,4,0.0001943425568236545
114,10,5,1.1775953848716166e-5
114,10,6,0.00030956159458865124
114,10,7,0.00017004240027831613
114,10,8,3.62840081132544e-5
114,10,9,0.0003082240058199865
114,10,10,8.951020767031782e-5
114,11,1,0.00015974542180175478
114,11,2,0.00017383036855859421
114,11,3,1.1689498548425902e-5
114,11,4,0.00018412670967175713
114,11,5,1.1775970461496814e-5
114,11,6,0.0002874314784246782
114,11,7,0.00016573957388968423
114,11,8,0.0002719119340395762
114,11,9,1.1679567278807258e-5
114,11,10,0.00033651352356572017
114,12,1,1.1826781784107894e-5
114,12,2,0.00015302939206496318
114,12,3,1.168991182068175e-5
114,12,4,0.00016674012421986114
114,12,5,0.0007791176555254835
114,12,6,0.00015698182853669194
114,12,7,1.168213740415479e-5
114,12,8,3.642047992937454e-5
114,12,9,1.1681880272958728e-5
114,12,10,8.959839646909335e-5
114,13,1,1.1826784895913878e-5
114,13,2,0.00035816822934768496
114,13,3,0.0008516493750135253
114,13,4,0.00033402079706245687
114,13,5,0.0011892673834697706
114,13,6,0.0006058390693071042
114,13,7,0.0003465695181174277
114,13,8,0.00047924394149472465
114,13,9,1.1678773352069296e-5
114,13,10,8.956031319970351e-5
114,14,1,0.00018303818394825924
114,14,2,1.1676768084102666e-5
114,14,3,0.0005959768189230745
114,14,4,0.00019941921786438042
114,14,5,1.17721661438951e-5
114,14,6,0.00015690393767348566
114,14,7,1.1685978726095407e-5
114,14,8,0.00033857529720525105
114,14,9,1.1681875491445068e-5
114,14,10,8.961178019860657e-5
114,15,1,0.0003421334145040395
114,15,2,0.0003620448326548731
114,15,3,0.0008576875713072165
114,15,4,7.542979760805873e-5
114,15,5,0.001196810333330923
114,15,6,0.0005898863066305384
114,15,7,0.0003504849026575777
114,15,8,4.012436198387506e-5
114,15,9,1.1678772099270602e-5
114,15,10,0.0006451955639165037
114,16,1,0.0001588957636801789
114,16,2,1.1675721127383745e-5
114,16,3,1.1691236780013855e-5
114,16,4,0.00038911219066100814
114,16,5,1.1772056206069279e-5
114,16,6,9.732161976919178e-5
114,16,7,1.1682135043822649e-5
114,16,8,4.012133137951554e-5
114,16,9,1.1679564101489267e-5
114,16,10,0.0004107966526541194
114,17,1,0.0005401810143373095
114,17,2,0.0005679699041125482
114,17,3,0.0011626007584032451
114,17,4,0.0008484818918235021
114,17,5,1.177197354962015e-5
114,17,6,0.0007707054997843795
114,17,7,0.0005529382524652278
114,17,8,0.0007425281505176529
114,17,9,0.0007297831638686424
114,17,10,0.0008052668848199063
114,18,1,0.0005434142791015318
114,18,2,0.00044691413391403386
114,18,3,0.0009856640063402157
114,18,4,0.0007161056848176155
114,18,5,1.1771968247939131e-5
114,18,6,0.00012253628733188945
114,18,7,1.168213124467337e-5
114,18,8,0.0006080401082548518
114,18,9,0.0005914235408883432
114,18,10,8.964018517526126e-5
114,19,1,1.1827533555647083e-5
114,19,2,0.0004745761466279048
114,19,3,1.1692800037206675e-5
114,19,4,7.633121646770494e-5
114,19,5,0.0013569304426508254
114,19,6,0.0006622800808144283
114,19,7,0.00043235883538598465
114,19,8,0.000638411071058651
114,19,9,0.0006231360850148386
114,19,10,0.0006442024965699704
114,20,1,0.0002126364769244257
114,20,2,1.1675717454408708e-5
114,20,3,1.1704833134087977e-5
114,20,4,0.000513342427652161
114,20,5,1.1772034767738102e-5
114,20,6,0.00046133541959851116
114,20,7,0.0002489917017729133
114,20,8,4.46065007198235e-5
114,20,9,0.00039906672456448806
114,20,10,9.530545362438657e-5
114,21,1,0.0014416160198876269
114,21,2,0.000480822052714873
114,21,3,0.0010370675474527294
114,21,4,0.000709301930167922
114,21,5,0.001367675087183607
114,21,6,0.0005242810943170712
114,21,7,0.00043737195904515225
114,21,8,0.0006287190081765034
114,21,9,1.167991236184546e-5
114,21,10,0.0006891629523985483
114,22,1,0.0012290831686033025
114,22,2,1.1676772009667126e-5
114,22,3,1.1691213031330535e-5
114,22,4,7.629253697569182e-5
114,22,5,1.1771959919712726e-5
114,22,6,0.00012266376931615772
114,22,7,0.00032408308334673036
114,22,8,4.010849218945678e-5
114,22,9,0.0004310604215781931
114,22,10,8.954738565669586e-5
114,23,1,1.1972900404746723e-5
114,23,2,0.0007559304151700622
114,23,3,0.001426326331004488
114,23,4,0.0008479822389892072
114,23,5,0.0018107727083755965
114,23,6,0.0007848166955009281
114,23,7,0.0007007369959466502
114,23,8,0.0008290604484758227
114,23,9,0.0008541750032366094
114,23,10,0.0007563158928022413
114,24,1,0.00039162719835434176
114,24,2,1.1676826024529114e-5
114,24,3,1.1692827741719984e-5
114,24,4,0.0003947589418476014
114,24,5,1.1776395400089139e-5
114,24,6,0.0003796011001291501
114,24,7,0.0003220821480904081
114,24,8,0.00037860234042430964
114,24,9,0.00039136610315965777
114,24,10,0.00040723841564642
115,1,1,2.4498252770388165e-7
115,1,2,5.892506200180274e-9
115,1,3,2.420244172988531e-8
115,1,4,3.5909393951208885e-5
115,1,5,1.6333446709200241e-7
115,1,6,5.600596793927287e-5
115,1,7,1.0923264869693457e-8
115,1,8,1.8578681585383792e-5
115,1,9,9.686699890777066e-9
115,1,10,5.202420101030711e-5
115,2,1,2.449720817217562e-7
115,2,2,6.246823678769574e-9
115,2,3,2.420967154854331e-8
115,2,4,3.5953171669320685e-5
115,2,5,1.633743875620664e-7
115,2,6,5.6045102980457145e-5
115,2,7,1.3761238884207569e-8
115,2,8,1.8573373529759955e-5
115,2,9,9.68390584181213e-9
115,2,10,5.196952490236267e-5
115,3,1,2.4495843447162787e-7
115,3,2,6.245085661990157e-9
115,3,3,2.4209331737990602e-8
115,3,4,3.5979991440781946e-5
115,3,5,1.6337239369889576e-7
115,3,6,5.6079309889282464e-5
115,3,7,1.3775416504954654e-8
115,3,8,1.8575916609203582e-5
115,3,9,9.675724440224934e-9
115,3,10,5.199098649220178e-5
115,4,1,2.44986766245385e-7
115,4,2,6.258106763530513e-9
115,4,3,2.4203625386872253e-8
115,4,4,3.599205839459606e-5
115,4,5,1.6338767423988954e-7
115,4,6,5.6106232315046616e-5
115,4,7,1.4238936526489707e-8
115,4,8,1.8579640340722036e-5
115,4,9,9.680958215087798e-9
115,4,10,5.199477386869276e-5
115,5,1,2.449660411151345e-7
115,5,2,6.267196585186426e-9
115,5,3,2.420747430488284e-8
115,5,4,3.600126465681014e-5
115,5,5,1.6339161145366026e-7
115,5,6,5.613861979166848e-5
115,5,7,1.4232298293392553e-8
115,5,8,1.858159924416734e-5
115,5,9,9.678864223153467e-9
115,5,10,5.2001167384196245e-5
115,6,1,2.449858176053081e-7
115,6,2,6.360175085125932e-9
115,6,3,2.4198111423312473e-8
115,6,4,3.600894147224213e-5
115,6,5,1.6342422864952408e-7
115,6,6,5.6173362348970184e-5
115,6,7,1.4233477939762259e-8
115,6,8,1.8582757317470476e-5
115,6,9,9.670469850321285e-9
115,6,10,5.200616116083306e-5
115,7,1,2.4499955237282055e-7
115,7,2,6.3744013504499485e-9
115,7,3,2.4212481844324745e-8
115,7,4,3.6021425821808085e-5
115,7,5,1.6348644902249812e-7
115,7,6,5.6204618543772184e-5
115,7,7,1.4247349251967953e-8
115,7,8,1.858468182717383e-5
115,7,9,9.685914787796054e-9
115,7,10,5.201193551217457e-5
115,8,1,2.450058985725896e-7
115,8,2,6.3625918011099095e-9
115,8,3,2.4206055625180284e-8
115,8,4,3.60297238042965e-5
115,8,5,1.635090293529059e-7
115,8,6,5.623503670477865e-5
115,8,7,1.4233754914667027e-8
115,8,8,1.858679646978901e-5
115,8,9,9.67601100488397e-9
115,8,10,5.2010216080586155e-5
115,9,1,2.4502329864703577e-7
115,9,2,6.375568786627544e-9
115,9,3,2.420939506880423e-8
115,9,4,3.603909339912319e-5
115,9,5,1.635351995472349e-7
115,9,6,5.626442644340371e-5
115,9,7,1.4240905335440083e-8
115,9,8,1.8588999609860353e-5
115,9,9,9.676962418078816e-9
115,9,10,5.201965944007773e-5
115,10,1,2.4504848564935224e-7
115,10,2,6.378178912942971e-9
115,10,3,2.4204486351752284e-8
115,10,4,3.604693505027851e-5
115,10,5,1.6354921452918692e-7
115,10,6,5.628724416089468e-5
115,10,7,1.4243934427820738e-8
115,10,8,1.859078281552738e-5
115,10,9,9.680473236835264e-9
115,10,10,5.202197570615506e-5
115,11,1,2.450507148587344e-7
115,11,2,6.385248142383964e-9
115,11,3,2.4211736232577222e-8
115,11,4,3.60536981305026e-5
115,11,5,1.635568642736622e-7
115,11,6,5.631235378467819e-5
115,11,7,1.4245146272913211e-8
115,11,8,1.859244224492265e-5
115,11,9,9.677179368093065e-9
115,11,10,5.2030152236717964e-5
115,12,1,2.45061330570607e-7
115,12,2,6.4116767456611764e-9
115,12,3,2.421004021383202e-8
115,12,4,3.6058559905351655e-5
115,12,5,1.6358967293595574e-7
115,12,6,5.6330288968419185e-5
115,12,7,1.4239588578196166e-8
115,12,8,1.8593126944489147e-5
115,12,9,9.682432351521777e-9
115,12,10,5.20352492987188e-5
115,13,1,2.4505355438441967e-7
115,13,2,6.405658475998208e-9
115,13,3,2.4209802479891634e-8
115,13,4,3.6062828459462485e-5
115,13,5,1.6360643185957056e-7
115,13,6,5.634882260718712e-5
115,13,7,1.4269289965430566e-8
115,13,8,1.8594890696176975e-5
115,13,9,9.686380730765491e-9
115,13,10,5.204766002972893e-5
115,14,1,2.4505930776886306e-7
115,14,2,6.408390370790751e-9
115,14,3,2.4211034208989486e-8
115,14,4,3.605840238101379e-5
115,14,5,1.636627549381205e-7
115,14,6,5.635301761039273e-5
115,14,7,1.4242363597384964e-8
115,14,8,1.859399503478178e-5
115,14,9,9.682849641763662e-9
115,14,10,5.2048191850068255e-5
115,15,1,2.45060763417164e-7
115,15,2,6.413501210426542e-9
115,15,3,2.4205617635882757e-8
115,15,4,3.606064109511091e-5
115,15,5,1.6368547361282569e-7
115,15,6,5.636876386753797e-5
115,15,7,1.4248198091502464e-8
115,15,8,1.8596390942803103e-5
115,15,9,9.67848870997734e-9
115,15,10,5.20626251754213e-5
115,16,1,2.450614469794044e-7
115,16,2,6.417639223835134e-9
115,16,3,2.42125199490396e-8
115,16,4,3.606375817471423e-5
115,16,5,1.6371248261151182e-7
115,16,6,5.638282151330627e-5
115,16,7,1.42393052863331e-8
115,16,8,1.859908857692051e-5
115,16,9,9.679043766255203e-9
115,16,10,5.207016835917705e-5
115,17,1,2.4507231067434604e-7
115,17,2,6.4144913422690234e-9
115,17,3,2.4194788500154077e-8
115,17,4,3.606912004709904e-5
115,17,5,1.6347072400214471e-7
115,17,6,5.619356292807859e-5
115,17,7,1.4238869133477352e-8
115,17,8,1.8545282695066743e-5
115,17,9,9.678095898912618e-9
115,17,10,5.189703905508423e-5
115,18,1,2.4464237863003597e-7
115,18,2,6.399716418009991e-9
115,18,3,2.4197261283468703e-8
115,18,4,3.594887740630815e-5
115,18,5,1.6346272576814686e-7
115,18,6,5.6195467185824315e-5
115,18,7,1.423486774347799e-8
115,18,8,1.854444082834814e-5
115,18,9,9.665244693601726e-9
115,18,10,5.189334271113396e-5
115,19,1,2.4463712466221136e-7
115,19,2,6.410199432757918e-9
115,19,3,2.6073334484833134e-8
115,19,4,3.595225496325469e-5
115,19,5,1.6347677622671441e-7
115,19,6,5.621124222278692e-5
115,19,7,1.4230387417863558e-8
115,19,8,1.8547218745950993e-5
115,19,9,9.65707450014805e-9
115,19,10,5.190384955113317e-5
115,20,1,2.4506799385817713e-7
115,20,2,6.419121738733316e-9
115,20,3,2.609776970109638e-8
115,20,4,3.6072241798960835e-5
115,20,5,1.637637756619604e-7
115,20,6,5.6424190800378705e-5
115,20,7,1.424961259626661e-8
115,20,8,1.860699689616264e-5
115,20,9,9.691192227072988e-9
115,20,10,5.209614660163902e-5
115,21,1,2.4511377542535754e-7
115,21,2,6.423017195318975e-9
115,21,3,2.611031103575279e-8
115,21,4,3.609142720674461e-5
115,21,5,1.6378752525283572e-7
115,21,6,5.646398478650687e-5
115,21,7,1.42556173615406e-8
115,21,8,1.8611661409883312e-5
115,21,9,9.689155811766777e-9
115,21,10,5.2114105773739495e-5
115,22,1,2.451160959914639e-7
115,22,2,6.420592532954095e-9
115,22,3,2.6114941003944805e-8
115,22,4,3.61045399016203e-5
115,22,5,1.6379611779694584e-7
115,22,6,5.649373702988016e-5
115,22,7,1.4263511471515431e-8
115,22,8,1.8615111286507902e-5
115,22,9,9.678564237958397e-9
115,22,10,5.2131504753296444e-5
115,23,1,4.355658801440089e-7
115,23,2,6.427397901824821e-9
115,23,3,2.6128336221224692e-8
115,23,4,3.613978723022781e-5
115,23,5,1.6384443048314338e-7
115,23,6,5.655806657167458e-5
115,23,7,1.4256507754470935e-8
115,23,8,1.8625312961955646e-5
115,23,9,9.696429906341834e-9
115,23,10,5.2182588076613416e-5
115,24,1,4.3564955618716113e-7
115,24,2,6.454099995058742e-9
115,24,3,2.6173067897726268e-8
115,24,4,3.617195402636811e-5
115,24,5,1.638421582781406e-7
115,24,6,5.664717953500357e-5
115,24,7,1.4270935345956985e-8
115,24,8,1.86370157947105e-5
115,24,9,9.68692130348429e-9
115,24,10,5.2244233542956394e-5
116,1,1,2.8040901100048754e-7
116,1,2,6.552467041176513e-9
116,1,3,2.7737463735577617e-8
116,1,4,4.027998302021801e-5
116,1,5,1.8428780345844387e-7
116,1,6,6.289555434776245e-5
116,1,7,1.210415731880965e-8
116,1,8,2.122826689620813e-5
116,1,9,1.1102660991968438e-8
116,1,10,5.934472144487196e-5
116,2,1,2.668971934294273e-7
116,2,2,6.887064776112117e-9
116,2,3,2.6401044767032644e-8
116,2,4,3.912497471574364e-5
116,2,5,1.786743627912868e-7
116,2,6,6.100882095350785e-5
116,2,7,1.5048232600983757e-8
116,2,8,2.0215904787641154e-5
116,2,9,1.0358985134961696e-8
116,2,10,5.648324418213932e-5
116,3,1,2.6902632079342514e-7
116,3,2,6.803739082544835e-9
116,3,3,2.6575510583826123e-8
116,3,4,3.9387288254453395e-5
116,3,5,1.784231800604219e-7
116,3,6,6.0954265560120985e-5
116,3,7,1.5052428019302067e-8
116,3,8,2.0192737036985736e-5
116,3,9,1.0629070221201964e-8
116,3,10,5.6894125351848734e-5
116,4,1,2.6757902032645275e-7
116,4,2,6.7625449198804866e-9
116,4,3,2.625696486277529e-8
116,4,4,3.899712538967329e-5
116,4,5,1.7772677191746356e-7
116,4,6,6.072906474712328e-5
116,4,7,1.556785089729118e-8
116,4,8,2.0149682432316074e-5
116,4,9,1.0536025645685454e-8
116,4,10,5.6202356518431085e-5
116,5,1,2.6550630245758544e-7
116,5,2,6.801594634731067e-9
116,5,3,2.6284380991170586e-8
116,5,4,3.903453181004074e-5
116,5,5,1.7782855199141578e-7
116,5,6,6.082681525852729e-5
116,5,7,1.5558776354090975e-8
116,5,8,2.016172855242096e-5
116,5,9,1.0529190814373424e-8
116,5,10,5.658778550900537e-5
116,6,1,2.6622628590197706e-7
116,6,2,6.9256373899651e-9
116,6,3,2.613603201570558e-8
116,6,4,3.896996159279825e-5
116,6,5,1.770099650362511e-7
116,6,6,6.0594677750110126e-5
116,6,7,1.5412225193994766e-8
116,6,8,2.013358043056676e-5
116,6,9,1.0492068481388062e-8
116,6,10,5.62221120257618e-5
116,7,1,2.6410627606762715e-7
116,7,2,6.9041304583128404e-9
116,7,3,2.6302688298229793e-8
116,7,4,3.8976023613766786e-5
116,7,5,1.7693423005893383e-7
116,7,6,6.070376094959029e-5
116,7,7,1.547637700632931e-8
116,7,8,2.0056216811073502e-5
116,7,9,1.0504227279661826e-8
116,7,10,5.617561005675023e-5
116,8,1,2.644373794519206e-7
116,8,2,6.907706198711061e-9
116,8,3,2.630889769580924e-8
116,8,4,3.899791437822833e-5
116,8,5,1.770392822238176e-7
116,8,6,6.0796195748683e-5
116,8,7,1.547038859170402e-8
116,8,8,2.0137192338530452e-5
116,8,9,1.0486925251795842e-8
116,8,10,5.603760352076992e-5
116,9,1,2.66356196820805e-7
116,9,2,6.895946404184006e-9
116,9,3,2.6285005179371712e-8
116,9,4,3.890070315731506e-5
116,9,5,1.7725282248914898e-7
116,9,6,6.085838051381534e-5
116,9,7,1.5422295256833918e-8
116,9,8,2.015087954921821e-5
116,9,9,1.04518585800073e-8
116,9,10,5.627330662877697e-5
116,10,1,2.664370416724515e-7
116,10,2,6.9401949846781275e-9
116,10,3,2.6324929788129614e-8
116,10,4,3.903907812607271e-5
116,10,5,1.771787980879569e-7
116,10,6,6.075453972891401e-5
116,10,7,1.548803920184416e-8
116,10,8,2.0094629575615613e-5
116,10,9,1.0475993073022494e-8
116,10,10,5.607703710654166e-5
116,11,1,2.665658806189075e-7
116,11,2,6.9165928748282646e-9
116,11,3,2.6175405606898572e-8
116,11,4,3.9064259126427026e-5
116,11,5,1.7729654589945798e-7
116,11,6,6.0939976722951955e-5
116,11,7,1.545540986858107e-8
116,11,8,2.0105442381970762e-5
116,11,9,1.0497508445839188e-8
116,11,10,5.6133540611135596e-5
116,12,1,2.640445830939808e-7
116,12,2,6.92105676589061e-9
116,12,3,2.613047779542743e-8
116,12,4,3.898728371168336e-5
116,12,5,1.7699264621973132e-7
116,12,6,6.0724148022460456e-5
116,12,7,1.547120279457581e-8
116,12,8,2.0056130818447288e-5
116,12,9,1.0433120038039201e-8
116,12,10,5.6040818200816384e-5
116,13,1,2.640590289516853e-7
116,13,2,6.952503392443354e-9
116,13,3,2.6097197788205184e-8
116,13,4,3.898669388254297e-5
116,13,5,1.7698394702211906e-7
116,13,6,6.084743222785696e-5
116,13,7,1.545152010853923e-8
116,13,8,2.006311648280329e-5
116,13,9,1.051325061382502e-8
116,13,10,5.5992868359815845e-5
116,14,1,2.660724666876668e-7
116,14,2,6.979329475464979e-9
116,14,3,2.613815999058522e-8
116,14,4,3.9010310585889385e-5
116,14,5,1.7712193860902614e-7
116,14,6,6.0767569137597927e-5
116,14,7,1.5455651005552573e-8
116,14,8,2.0071700769036527e-5
116,14,9,1.0480434294718455e-8
116,14,10,5.600221536755656e-5
116,15,1,2.6411137976287136e-7
116,15,2,6.977066424607159e-9
116,15,3,2.611659618081963e-8
116,15,4,3.887043140818683e-5
116,15,5,1.7767099363616423e-7
116,15,6,6.089927542056103e-5
116,15,7,1.541653996475767e-8
116,15,8,2.0066350070763184e-5
116,15,9,1.0465539958953718e-8
116,15,10,5.626506021237307e-5
116,16,1,2.6607263682240645e-7
116,16,2,6.897287341961489e-9
116,16,3,2.610856844956211e-8
116,16,4,3.8884094624051097e-5
116,16,5,1.7716197595052385e-7
116,16,6,6.0776544841247004e-5
116,16,7,1.5427935484702004e-8
116,16,8,2.0065558355920193e-5
116,16,9,1.048632340336364e-8
116,16,10,5.603273774655235e-5
116,17,1,2.6596251252036796e-7
116,17,2,6.9475958250353465e-9
116,17,3,2.6115024292366895e-8
116,17,4,3.901996970459912e-5
116,17,5,1.7715346964375378e-7
116,17,6,6.074020871923297e-5
116,17,7,1.5466965246763165e-8
116,17,8,2.0145502834193613e-5
116,17,9,1.0470825435870967e-8
116,17,10,5.629705458378917e-5
116,18,1,2.6417231684811027e-7
116,18,2,6.9548929670926185e-9
116,18,3,2.6127241637557974e-8
116,18,4,3.890588835201575e-5
116,18,5,1.77149321541753e-7
116,18,6,6.0836634998093914e-5
116,18,7,1.5477018101145434e-8
116,18,8,2.00718735135115e-5
116,18,9,1.0474141724087227e-8
116,18,10,5.606545375548555e-5
116,19,1,2.6295459721464853e-7
116,19,2,6.965358109733977e-9
116,19,3,2.821884836218258e-8
116,19,4,3.8723292331829806e-5
116,19,5,1.7636160311307325e-7
116,19,6,6.074912521300546e-5
116,19,7,1.5375162944891718e-8
116,19,8,2.0047462731681565e-5
116,19,9,1.0471858810645607e-8
116,19,10,5.603416308197148e-5
116,20,1,2.645276406948449e-7
116,20,2,6.932813396282045e-9
116,20,3,2.8286236707086854e-8
116,20,4,3.873928746250116e-5
116,20,5,1.7675981188111645e-7
116,20,6,6.061514845945304e-5
116,20,7,1.5424567949284818e-8
116,20,8,2.0081891880747993e-5
116,20,9,1.0432726224585132e-8
116,20,10,5.58915248435321e-5
116,21,1,2.6317577723339314e-7
116,21,2,6.945631163962629e-9
116,21,3,2.817927274162413e-8
116,21,4,3.891071586220249e-5
116,21,5,1.768983721069095e-7
116,21,6,6.0827969444472024e-5
116,21,7,1.536014776135075e-8
116,21,8,2.0070002111211016e-5
116,21,9,1.0453390091036407e-8
116,21,10,5.612784164904516e-5
116,22,1,2.630685268338595e-7
116,22,2,6.943017310384603e-9
116,22,3,2.824944790591477e-8
116,22,4,3.8830701956808766e-5
116,22,5,1.7670996711391385e-7
116,22,6,6.06351281278554e-5
116,22,7,1.5423074418291494e-8
116,22,8,2.008184844217234e-5
116,22,9,1.0459310896548946e-8
116,22,10,5.591087022386795e-5
116,23,1,4.7183018259122633e-7
116,23,2,6.894078544150695e-9
116,23,3,2.818315210026401e-8
116,23,4,3.8867688359152386e-5
116,23,5,1.764964511694056e-7
116,23,6,6.080011778605843e-5
116,23,7,1.538142459581171e-8
116,23,8,2.0048814296673434e-5
116,23,9,1.0468318250439479e-8
116,23,10,5.6119438577362235e-5
116,24,1,4.6821359699078524e-7
116,24,2,6.935670163188412e-9
116,24,3,2.821185475510024e-8
116,24,4,3.890435465207093e-5
116,24,5,1.765765119295104e-7
116,24,6,6.087151483320438e-5
116,24,7,1.5340341025238402e-8
116,24,8,2.0030786917257792e-5
116,24,9,1.0403379543250102e-8
116,24,10,5.6145953648011754e-5
117,1,1,2.453759609215289e-7
117,1,2,5.8986301051944245e-9
117,1,3,2.428050956473915e-8
117,1,4,3.600565402433337e-5
117,1,5,1.6361772895920335e-7
117,1,6,5.6151616688957656e-5
117,1,7,1.0933543438673698e-8
117,1,8,1.8626349229444727e-5
117,1,9,9.722069843620673e-9
117,1,10,5.2165760054626725e-5
117,2,1,2.455291985142827e-7
117,2,2,6.371161230533939e-9
117,2,3,2.426354762941063e-8
117,2,4,3.604375568001805e-5
117,2,5,1.6372366547917627e-7
117,2,6,5.6177922619807946e-5
117,2,7,1.3741932307353988e-8
117,2,8,1.862053474381911e-5
117,2,9,9.68238168461144e-9
117,2,10,5.21096876783568e-5
117,3,1,2.453652910537618e-7
117,3,2,6.134244029398772e-9
117,3,3,2.4261433920896858e-8
117,3,4,3.6062572333701165e-5
117,3,5,1.6353229748827802e-7
117,3,6,5.62044842839296e-5
117,3,7,1.3815901485358939e-8
117,3,8,1.861751495513958e-5
117,3,9,9.616108114646194e-9
117,3,10,5.2115423652406706e-5
117,4,1,2.4549566851952975e-7
117,4,2,6.166223403408777e-9
117,4,3,2.4214035901359843e-8
117,4,4,3.607290874328012e-5
117,4,5,1.6355303332146742e-7
117,4,6,5.6228179809773154e-5
117,4,7,1.4214974877746478e-8
117,4,8,1.861976970425963e-5
117,4,9,9.710113241245821e-9
117,4,10,5.2110268481439515e-5
117,5,1,2.4534206585422047e-7
117,5,2,6.286272714178809e-9
117,5,3,2.4256986270315695e-8
117,5,4,3.608636387388356e-5
117,5,5,1.6372536772168989e-7
117,5,6,5.6275114029107065e-5
117,5,7,1.4175829576162924e-8
117,5,8,1.8625873899506123e-5
117,5,9,9.710191501560717e-9
117,5,10,5.213109605629179e-5
117,6,1,2.4542370373123457e-7
117,6,2,6.503435980714789e-9
117,6,3,2.4223580388088584e-8
117,6,4,3.609649395399858e-5
117,6,5,1.6372761611066489e-7
117,6,6,5.6308702801561444e-5
117,6,7,1.4312186078641043e-8
117,6,8,1.8626244052428326e-5
117,6,9,9.759471047282586e-9
117,6,10,5.2134552172889564e-5
117,7,1,2.453813305151875e-7
117,7,2,6.4185203263456e-9
117,7,3,2.4227453619685146e-8
117,7,4,3.610897550297698e-5
117,7,5,1.6374860204934616e-7
117,7,6,5.633576840286675e-5
117,7,7,1.4279919496873461e-8
117,7,8,1.862673996009742e-5
117,7,9,9.668300115367456e-9
117,7,10,5.21355425238991e-5
117,8,1,2.4544258328887403e-7
117,8,2,6.327006397965906e-9
117,8,3,2.4236816945771844e-8
117,8,4,3.6114030031821065e-5
117,8,5,1.6378622336513105e-7
117,8,6,5.636305805632735e-5
117,8,7,1.4294162568873059e-8
117,8,8,1.8631659954297664e-5
117,8,9,9.795946456780946e-9
117,8,10,5.2143645082394774e-5
117,9,1,2.455076901497488e-7
117,9,2,6.374007977677509e-9
117,9,3,2.422104084659482e-8
117,9,4,3.6130735871799796e-5
117,9,5,1.6377917734164416e-7
117,9,6,5.640412565915964e-5
117,9,7,1.4201056441898174e-8
117,9,8,1.8621039916583842e-5
117,9,9,9.674336859388788e-9
117,9,10,5.2149968020002296e-5
117,10,1,2.456246452307853e-7
117,10,2,6.2819656768131615e-9
117,10,3,2.4199518638967632e-8
117,10,4,3.6136207518629865e-5
117,10,5,1.6378417539569812e-7
117,10,6,5.6423537202927865e-5
117,10,7,1.4331252840699138e-8
117,10,8,1.8633338753928225e-5
117,10,9,9.760226571398078e-9
117,10,10,5.2148218441280814e-5
117,11,1,2.456190749400289e-7
117,11,2,6.6145078997381646e-9
117,11,3,2.4204534081889717e-8
117,11,4,3.61407271077252e-5
117,11,5,1.6372502097128372e-7
117,11,6,5.6445410539455315e-5
117,11,7,1.4369869853064765e-8
117,11,8,1.8633797213573472e-5
117,11,9,9.703706851937888e-9
117,11,10,5.215242774730608e-5
117,12,1,2.456914348115957e-7
117,12,2,6.469946505632818e-9
117,12,3,2.4220700344662616e-8
117,12,4,3.6145023742752136e-5
117,12,5,1.6376731778317e-7
117,12,6,5.6463543092268725e-5
117,12,7,1.4260186028541844e-8
117,12,8,1.8634373270799698e-5
117,12,9,9.687520587803311e-9
117,12,10,5.2157160831137195e-5
117,13,1,2.454329572978975e-7
117,13,2,6.5945403721068274e-9
117,13,3,2.4251103406675023e-8
117,13,4,3.614719409469197e-5
117,13,5,1.638815924805137e-7
117,13,6,5.647862861177938e-5
117,13,7,1.4293391643882547e-8
117,13,8,1.8634903276578546e-5
117,13,9,9.627272458401226e-9
117,13,10,5.216549689069511e-5
117,14,1,2.453708413986677e-7
117,14,2,6.492729326401658e-9
117,14,3,2.420418014972836e-8
117,14,4,3.6147746010309345e-5
117,14,5,1.6397729895450963e-7
117,14,6,5.6489772471253474e-5
117,14,7,1.4125644209883603e-8
117,14,8,1.8636074827563243e-5
117,14,9,9.734354922824595e-9
117,14,10,5.217186372319382e-5
117,15,1,2.453615249552177e-7
117,15,2,6.503614119468537e-9
117,15,3,2.4196691556649386e-8
117,15,4,3.614845402882122e-5
117,15,5,1.6393759132149466e-7
117,15,6,5.650255095296375e-5
117,15,7,1.4304700413775295e-8
117,15,8,1.863710572325497e-5
117,15,9,9.735807590671719e-9
117,15,10,5.218125016978256e-5
117,16,1,2.457328002851422e-7
117,16,2,6.365076282016657e-9
117,16,3,2.4285341154728357e-8
117,16,4,3.614680543973306e-5
117,16,5,1.6388427711774844e-7
117,16,6,5.650890816158785e-5
117,16,7,1.4224511703936349e-8
117,16,8,1.8638404625830746e-5
117,16,9,9.630199297727682e-9
117,16,10,5.218379652576974e-5
117,17,1,2.454543373206497e-7
117,17,2,6.430791621436782e-9
117,17,3,2.4262442173406118e-8
117,17,4,3.6147622584383615e-5
117,17,5,1.6395661667570338e-7
117,17,6,5.6526339540591275e-5
117,17,7,1.4283234293227531e-8
117,17,8,1.864265571380544e-5
117,17,9,9.708020384108229e-9
117,17,10,5.2196773087258286e-5
117,18,1,2.454825695531737e-7
117,18,2,6.399728729594711e-9
117,18,3,2.428699322210015e-8
117,18,4,3.6154481749903905e-5
117,18,5,1.6393573235018444e-7
117,18,6,5.653126500655345e-5
117,18,7,1.4233719144302048e-8
117,18,8,1.864196869457227e-5
117,18,9,9.682642108238548e-9
117,18,10,5.2194998790836694e-5
117,19,1,2.453683759992553e-7
117,19,2,6.4612406119879395e-9
117,19,3,2.6169139001608333e-8
117,19,4,3.61538096178525e-5
117,19,5,1.6393511212409173e-7
117,19,6,5.65403381451203e-5
117,19,7,1.4294486441746024e-8
117,19,8,1.864182026494604e-5
117,19,9,9.757429680207208e-9
117,19,10,5.219686921594316e-5
117,20,1,2.4552883195680386e-7
117,20,2,6.416524100244514e-9
117,20,3,2.616107020597669e-8
117,20,4,3.615700505370939e-5
117,20,5,1.6408242666660078e-7
117,20,6,5.655031741064187e-5
117,20,7,1.4253040622747015e-8
117,20,8,1.864335856375035e-5
117,20,9,9.677858750500867e-9
117,20,10,5.219985541910638e-5
117,21,1,2.4568200654093153e-7
117,21,2,6.485385801308086e-9
117,21,3,2.6129828304549685e-8
117,21,4,3.6165102893413736e-5
117,21,5,1.6400467772390015e-7
117,21,6,5.657636124518223e-5
117,21,7,1.4248027327412593e-8
117,21,8,1.864828640984334e-5
117,21,9,9.725531970039558e-9
117,21,10,5.221816028851828e-5
117,22,1,2.4553484175016127e-7
117,22,2,6.442754496571723e-9
117,22,3,2.6169063443992613e-8
117,22,4,3.617791279680524e-5
117,22,5,1.6405491844867504e-7
117,22,6,5.6606219214036524e-5
117,22,7,1.426774818430454e-8
117,22,8,1.8650337859180133e-5
117,22,9,9.737743743298832e-9
117,22,10,5.223103211348876e-5
117,23,1,4.3643943192436807e-7
117,23,2,6.420010269930776e-9
117,23,3,2.6113360918067485e-8
117,23,4,3.620066667776173e-5
117,23,5,1.640808925118531e-7
117,23,6,5.664853345727083e-5
117,23,7,1.4195931024446606e-8
117,23,8,1.8654836813274817e-5
117,23,9,9.644114947610083e-9
117,23,10,5.226294087871605e-5
117,24,1,4.3551459616777977e-7
117,24,2,6.517902655100993e-9
117,24,3,2.6242116302893637e-8
117,24,4,3.615549018253644e-5
117,24,5,1.6384559618082273e-7
117,24,6,5.6610485531818217e-5
117,24,7,1.4290844882469678e-8
117,24,8,1.8632810405275202e-5
117,24,9,9.69495414157584e-9
117,24,10,5.221454431443562e-5
118,1,1,2.6702666654221385e-7
118,1,2,7.0405522245575725e-9
118,1,3,2.658627555607307e-8
118,1,4,3.978052422724809e-5
118,1,5,1.7633805972361305e-7
118,1,6,1.50707896016955e-6
118,1,7,1.6139347677746052e-8
118,1,8,2.0234936594296093e-5
118,1,9,1.041060183892828e-8
118,1,10,5.5506694076723484e-5
118,2,1,2.6715704200264145e-7
118,2,2,7.120793649173507e-9
118,2,3,2.6368359273831743e-8
118,2,4,3.918160109835089e-5
118,2,5,1.7531843547746728e-7
118,2,6,1.49356020706648e-6
118,2,7,1.580341918439032e-8
118,2,8,2.0413489458678824e-5
118,2,9,1.0840099776143752e-8
118,2,10,5.572488694721711e-5
118,3,1,2.667070273659755e-7
118,3,2,7.095449824912059e-9
118,3,3,2.6477077669229132e-8
118,3,4,3.8810050041721e-5
118,3,5,1.756282672626952e-7
118,3,6,1.4877984336053585e-6
118,3,7,1.5939906158890516e-8
118,3,8,2.0515482446303857e-5
118,3,9,1.0798048108440206e-8
118,3,10,5.554259326473465e-5
118,4,1,2.6978511083464163e-7
118,4,2,7.224079098810954e-9
118,4,3,2.6489410692720483e-8
118,4,4,3.919942055942427e-5
118,4,5,1.7526818145430223e-7
118,4,6,1.49791542589095e-6
118,4,7,1.5875911543727916e-8
118,4,8,2.045137180860246e-5
118,4,9,1.0848259734963506e-8
118,4,10,5.6029296528398165e-5
118,5,1,2.698130452949421e-7
118,5,2,7.272985921846775e-9
118,5,3,2.6522097504311226e-8
118,5,4,3.9303286900924106e-5
118,5,5,1.801873451834357e-7
118,5,6,1.498526354032359e-6
118,5,7,1.5901827438158378e-8
118,5,8,2.0504567907433935e-5
118,5,9,1.0571931413627667e-8
118,5,10,5.6052977683712646e-5
118,6,1,2.697024870518261e-7
118,6,2,7.4297184932126115e-9
118,6,3,2.6478170614407937e-8
118,6,4,3.913268886182597e-5
118,6,5,1.7588305835369855e-7
118,6,6,1.4921759619451747e-6
118,6,7,1.5953185231176725e-8
118,6,8,2.0561200939309132e-5
118,6,9,1.0725788521237511e-8
118,6,10,5.6078643399445904e-5
118,7,1,2.666073032342453e-7
118,7,2,7.118886632961896e-9
118,7,3,2.6626652341321666e-8
118,7,4,3.914952512293346e-5
118,7,5,1.7443796998528605e-7
118,7,6,6.108087036450771e-5
118,7,7,1.5927261023951367e-8
118,7,8,2.0359468439756778e-5
118,7,9,1.079843107987255e-8
118,7,10,5.600271668029788e-5
118,8,1,2.684297207011799e-7
118,8,2,6.9976765909585126e-9
118,8,3,2.665744655572233e-8
118,8,4,3.919886174275078e-5
118,8,5,1.7569970592323791e-7
118,8,6,6.117968878484314e-5
118,8,7,1.564646641416534e-8
118,8,8,2.056292568480833e-5
118,8,9,1.0815968926047859e-8
118,8,10,5.611384115078444e-5
118,9,1,2.699926280741449e-7
118,9,2,7.320697714696678e-9
118,9,3,2.6745584594256577e-8
118,9,4,3.9410038122619784e-5
118,9,5,1.7559052616078485e-7
118,9,6,6.126886826737787e-5
118,9,7,1.6031731539523086e-8
118,9,8,2.0557713974120317e-5
118,9,9,1.0770880340404965e-8
118,9,10,5.6099672054166216e-5
118,10,1,2.6957282382722436e-7
118,10,2,7.102249968693464e-9
118,10,3,2.652088056109836e-8
118,10,4,3.9195589018506394e-5
118,10,5,1.751500120911187e-7
118,10,6,6.121561442418155e-5
118,10,7,1.59485442630114e-8
118,10,8,2.0471715002370883e-5
118,10,9,1.0780727782710997e-8
118,10,10,5.602179243212324e-5
118,11,1,2.6981062985209636e-7
118,11,2,7.187156536581085e-9
118,11,3,2.658874839744918e-8
118,11,4,3.921414523644362e-5
118,11,5,1.7514414141217571e-7
118,11,6,6.127178713494219e-5
118,11,7,1.592029642838444e-8
118,11,8,2.0622049511184737e-5
118,11,9,1.0657894872201368e-8
118,11,10,5.606011409300948e-5
118,12,1,2.6824087040466793e-7
118,12,2,7.152133427168472e-9
118,12,3,2.668325585486464e-8
118,12,4,3.927360107339184e-5
118,12,5,1.808159708349688e-7
118,12,6,6.123776865098185e-5
118,12,7,1.583489125933646e-8
118,12,8,2.0516713854987212e-5
118,12,9,1.0680195824952499e-8
118,12,10,5.6007857328510546e-5
118,13,1,2.6483444334757245e-7
118,13,2,7.135992199924779e-9
118,13,3,2.9180135502349103e-8
118,13,4,3.923640833584929e-5
118,13,5,1.8034215350237748e-7
118,13,6,6.117124144505715e-5
118,13,7,1.6094019769652412e-8
118,13,8,2.058075662558778e-5
118,13,9,1.0662824442841945e-8
118,13,10,5.56792703128306e-5
118,14,1,2.697315031330305e-7
118,14,2,7.222946588059109e-9
118,14,3,2.910184014603967e-8
118,14,4,3.9301541868777545e-5
118,14,5,1.754672027953763e-7
118,14,6,6.121739834169526e-5
118,14,7,1.587030454275329e-8
118,14,8,2.0624147077666355e-5
118,14,9,1.0721998455753834e-8
118,14,10,5.6020302093687246e-5
118,15,1,2.697855194799814e-7
118,15,2,7.1390256345393865e-9
118,15,3,2.9109746488287236e-8
118,15,4,3.913774887508159e-5
118,15,5,1.8024650960679622e-7
118,15,6,6.11854583135868e-5
118,15,7,1.608590805002308e-8
118,15,8,2.034853135343684e-5
118,15,9,1.0566363325970052e-8
118,15,10,5.6071443210070626e-5
118,16,1,2.701436447732908e-7
118,16,2,7.10562317318697e-9
118,16,3,2.841113337648249e-8
118,16,4,3.968535301371312e-5
118,16,5,1.7572038080171382e-7
118,16,6,6.123617117018143e-5
118,16,7,1.5798886782159016e-8
118,16,8,2.0531744050839018e-5
118,16,9,1.0588753027174214e-8
118,16,10,5.6207260852300656e-5
118,17,1,2.692466660181303e-7
118,17,2,7.125577294875285e-9
118,17,3,2.8977570371013783e-8
118,17,4,3.955857992946066e-5
118,17,5,1.727444626925534e-7
118,17,6,6.12758382653733e-5
118,17,7,1.6020608437083972e-8
118,17,8,2.0586523419685587e-5
118,17,9,1.0673346609313406e-8
118,17,10,5.6084347604345997e-5
118,18,1,2.7052753139023e-7
118,18,2,7.06448838316831e-9
118,18,3,2.9094516476591004e-8
118,18,4,3.962476333629894e-5
118,18,5,1.7383221967426365e-7
118,18,6,6.0734826975314404e-5
118,18,7,1.58635135999452e-8
118,18,8,2.0607502941971667e-5
118,18,9,1.0746547388085226e-8
118,18,10,5.542444558492843e-5
118,19,1,2.6451593464205114e-7
118,19,2,7.206916036173183e-9
118,19,3,2.816065770849807e-8
118,19,4,3.9011687067366796e-5
118,19,5,1.8011645566695655e-7
118,19,6,6.138646383541113e-5
118,19,7,1.6192184718044622e-8
118,19,8,2.0607645935644126e-5
118,19,9,1.0934259053740902e-8
118,19,10,5.609377476391286e-5
118,20,1,2.7191885831889806e-7
118,20,2,6.992454767984491e-9
118,20,3,2.8211806432643094e-8
118,20,4,3.967474133718951e-5
118,20,5,1.748906411636053e-7
118,20,6,6.146918876773211e-5
118,20,7,1.6007466518974667e-8
118,20,8,2.046062309996044e-5
118,20,9,1.068673478876736e-8
118,20,10,5.601554535393516e-5
118,21,1,5.177241701875834e-7
118,21,2,7.018859465857119e-9
118,21,3,2.9006266416553572e-8
118,21,4,3.9618226214413466e-5
118,21,5,1.802652358356971e-7
118,21,6,6.132919301198025e-5
118,21,7,1.6132950031444437e-8
118,21,8,2.0603699368917927e-5
118,21,9,1.0604296357685783e-8
118,21,10,5.613495958403658e-5
118,22,1,5.186427674691574e-7
118,22,2,6.919589873310983e-9
118,22,3,2.8226524548258247e-8
118,22,4,3.92242447605079e-5
118,22,5,1.7430890225655915e-7
118,22,6,6.0962161111413615e-5
118,22,7,1.5828823737851216e-8
118,22,8,2.0369720016649717e-5
118,22,9,1.0837101466210086e-8
118,22,10,5.569494364450478e-5
118,23,1,4.924221991969846e-7
118,23,2,7.019824860288182e-9
118,23,3,2.890502653896121e-8
118,23,4,3.961239381437831e-5
118,23,5,1.7997455480089908e-7
118,23,6,6.143572601716163e-5
118,23,7,1.6033512406643524e-8
118,23,8,2.059046055545577e-5
118,23,9,1.0939922370778454e-8
118,23,10,5.612580204267248e-5
118,24,1,5.219789453586587e-7
118,24,2,7.0718455952301085e-9
118,24,3,2.8125907797216243e-8
118,24,4,3.9740798344178874e-5
118,24,5,1.741771579882867e-7
118,24,6,6.158669270207862e-5
118,24,7,1.605885990851874e-8
118,24,8,2.0677989279405118e-5
118,24,9,1.0826142760045343e-8
118,24,10,5.64311818046781e-5
119,1,1,2.5169025793386757e-7
119,1,2,6.087959865397341e-9
119,1,3,2.4784641249053774e-8
119,1,4,3.776515853282092e-5
119,1,5,1.7268590153662888e-7
119,1,6,5.901599780683969e-5
119,1,7,1.1277996411762636e-8
119,1,8,1.9066543053690432e-5
119,1,9,9.561197680807432e-9
119,1,10,5.313363714625624e-5
119,2,1,2.548025105700291e-7
119,2,2,6.309536476623023e-9
119,2,3,2.510907126662687e-8
119,2,4,3.745830884047813e-5
119,2,5,1.7080541296621288e-7
119,2,6,5.842640866558779e-5
119,2,7,1.4256280808644384e-8
119,2,8,1.934165572031743e-5
119,2,9,1.0034975857220463e-8
119,2,10,5.410785226401399e-5
119,3,1,2.517321400011263e-7
119,3,2,6.513025077592438e-9
119,3,3,2.4794913143499908e-8
119,3,4,3.7086967620482414e-5
119,3,5,1.707660689034829e-7
119,3,6,5.840138972659087e-5
119,3,7,1.460634787425752e-8
119,3,8,1.9341269687257745e-5
119,3,9,9.983296439530776e-9
119,3,10,5.359066225896908e-5
119,4,1,2.5177603487497313e-7
119,4,2,6.746310295124847e-9
119,4,3,2.5209263447567576e-8
119,4,4,3.744807777094489e-5
119,4,5,1.7046331282632998e-7
119,4,6,5.83874312561905e-5
119,4,7,1.4614689278213966e-8
119,4,8,1.9352396817828854e-5
119,4,9,1.002399825644762e-8
119,4,10,5.402097440497522e-5
119,5,1,2.5469423256541113e-7
119,5,2,6.6372704138339955e-9
119,5,3,2.504827698729395e-8
119,5,4,3.748209512010464e-5
119,5,5,1.7061354368880233e-7
119,5,6,5.844864664829308e-5
119,5,7,1.4818144766781671e-8
119,5,8,1.935834921322488e-5
119,5,9,1.0086573659640052e-8
119,5,10,5.353740147628905e-5
119,6,1,2.5191035617905255e-7
119,6,2,6.997237379791077e-9
119,6,3,2.5154962023099525e-8
119,6,4,3.712867336143344e-5
119,6,5,1.7003831694756277e-7
119,6,6,5.842055222756576e-5
119,6,7,1.4533170465680367e-8
119,6,8,1.9241574589524968e-5
119,6,9,1.0154764674974448e-8
119,6,10,5.3544327545972104e-5
119,7,1,2.5374992482229963e-7
119,7,2,7.023676619477559e-9
119,7,3,2.479619182205184e-8
119,7,4,3.718145926349947e-5
119,7,5,1.7019895652559125e-7
119,7,6,5.8255310898036594e-5
119,7,7,1.4622260229024686e-8
119,7,8,1.932911413066868e-5
119,7,9,1.0116234371027044e-8
119,7,10,5.348508587365436e-5
119,8,1,2.538845273528101e-7
119,8,2,6.692108499295468e-9
119,8,3,2.4872767033501386e-8
119,8,4,3.720841744010023e-5
119,8,5,1.7021754399743072e-7
119,8,6,5.833280489588033e-5
119,8,7,1.4787297594742732e-8
119,8,8,1.921894288973297e-5
119,8,9,9.868515539468437e-9
119,8,10,5.403008686156313e-5
119,9,1,2.5188393404373954e-7
119,9,2,6.972159266593891e-9
119,9,3,2.4796674352733916e-8
119,9,4,3.747175907423822e-5
119,9,5,1.705175920879709e-7
119,9,6,5.834954741522347e-5
119,9,7,1.4777826282119655e-8
119,9,8,1.9297859789484118e-5
119,9,9,9.95830458372371e-9
119,9,10,5.368561616774653e-5
119,10,1,2.5108486485098114e-7
119,10,2,6.852844805504965e-9
119,10,3,2.4842985460460376e-8
119,10,4,3.7224541931869803e-5
119,10,5,1.7016956073423462e-7
119,10,6,5.857364542501131e-5
119,10,7,1.4815838056403408e-8
119,10,8,1.9348426921583783e-5
119,10,9,9.907679995868612e-9
119,10,10,5.4058887321767335e-5
119,11,1,2.5268740282136104e-7
119,11,2,6.868442335716818e-9
119,11,3,2.5042343573811188e-8
119,11,4,3.719257682480159e-5
119,11,5,1.7030599380740696e-7
119,11,6,5.840910488382617e-5
119,11,7,1.4899325787021134e-8
119,11,8,1.9354416126833585e-5
119,11,9,9.890664877387767e-9
119,11,10,5.408049379701518e-5
119,12,1,2.542965645557782e-7
119,12,2,6.952262661397146e-9
119,12,3,2.496648327660056e-8
119,12,4,3.7204473727819876e-5
119,12,5,1.7032021370350092e-7
119,12,6,5.86056771905083e-5
119,12,7,1.4633623215964953e-8
119,12,8,1.933040800413538e-5
119,12,9,9.887383682627426e-9
119,12,10,5.400799474392093e-5
119,13,1,2.542393884377714e-7
119,13,2,6.8297652672244524e-9
119,13,3,2.522183679964929e-8
119,13,4,3.719063787321203e-5
119,13,5,1.703791895554807e-7
119,13,6,5.8427924971252154e-5
119,13,7,1.507022594909868e-8
119,13,8,1.933989847176243e-5
119,13,9,1.0107445283513705e-8
119,13,10,5.401878869919913e-5
119,14,1,2.514224388752706e-7
119,14,2,6.864655850702395e-9
119,14,3,2.5024777118576313e-8
119,14,4,3.720326917131672e-5
119,14,5,1.7072841873577715e-7
119,14,6,5.862730970038893e-5
119,14,7,1.5058124941402795e-8
119,14,8,1.93409240789727e-5
119,14,9,1.017658259744314e-8
119,14,10,5.401729513330317e-5
119,15,1,2.5361841143878294e-7
119,15,2,6.353286688409732e-9
119,15,3,2.5071057445369416e-8
119,15,4,3.748172497939489e-5
119,15,5,1.700650248681601e-7
119,15,6,5.843098742926156e-5
119,15,7,1.4816462126643337e-8
119,15,8,1.9341606566872227e-5
119,15,9,9.961106717248924e-9
119,15,10,5.372468637158956e-5
119,16,1,2.521389825885234e-7
119,16,2,6.800906574011556e-9
119,16,3,2.496866709222889e-8
119,16,4,3.749526970783096e-5
119,16,5,1.7010224469260482e-7
119,16,6,5.863042199424906e-5
119,16,7,1.497701664771034e-8
119,16,8,1.9340425056843524e-5
119,16,9,1.0037392389472544e-8
119,16,10,5.3992349236739456e-5
119,17,1,2.5221134081904184e-7
119,17,2,6.483403043600067e-9
119,17,3,2.4936182792256734e-8
119,17,4,3.720853043485961e-5
119,17,5,1.7020201376755084e-7
119,17,6,5.860036807776858e-5
119,17,7,1.4963443546733846e-8
119,17,8,1.926690302769124e-5
119,17,9,1.0393393520824468e-8
119,17,10,5.3583762927300604e-5
119,18,1,2.536076140410848e-7
119,18,2,6.9453438694688785e-9
119,18,3,2.5062471958881005e-8
119,18,4,3.743896033200217e-5
119,18,5,1.7068858380181462e-7
119,18,6,5.8672545036400625e-5
119,18,7,1.4978025021650243e-8
119,18,8,1.9336424535179586e-5
119,18,9,1.0080762558040135e-8
119,18,10,5.404356275052341e-5
119,19,1,2.5299115440774456e-7
119,19,2,6.9514323533526046e-9
119,19,3,2.716083111892198e-8
119,19,4,3.737606242328745e-5
119,19,5,1.6999583671989393e-7
119,19,6,5.844500356361193e-5
119,19,7,1.4941495235509805e-8
119,19,8,1.9454849612549063e-5
119,19,9,9.800841069274036e-9
119,19,10,5.367110267406189e-5
119,20,1,2.5184295932012546e-7
119,20,2,6.802284228946132e-9
119,20,3,2.7270463921758026e-8
119,20,4,3.7399334306083276e-5
119,20,5,1.7012776200309165e-7
119,20,6,5.861333927524581e-5
119,20,7,1.4842472827181208e-8
119,20,8,1.940265122823276e-5
119,20,9,9.968935524296008e-9
119,20,10,5.4021523969591256e-5
119,21,1,2.5328561937404404e-7
119,21,2,6.335633274956454e-9
119,21,3,2.734917847052598e-8
119,21,4,3.7336817740457606e-5
119,21,5,1.7071456884926173e-7
119,21,6,5.834528562691926e-5
119,21,7,1.4862313310604058e-8
119,21,8,1.9454423790150888e-5
119,21,9,9.800939164417155e-9
119,21,10,5.368340557079104e-5
119,22,1,2.544334371593071e-7
119,22,2,6.753656897617866e-9
119,22,3,2.722450771763807e-8
119,22,4,3.752936033192544e-5
119,22,5,1.7072272431167823e-7
119,22,6,5.862044737373756e-5
119,22,7,1.463663965722839e-8
119,22,8,1.9399430227572123e-5
119,22,9,1.0257536153801539e-8
119,22,10,5.40775031395227e-5
119,23,1,4.5639733553537454e-7
119,23,2,6.731883016308782e-9
119,23,3,2.7276776989881846e-8
119,23,4,3.7389880070966275e-5
119,23,5,1.7053259195043413e-7
119,23,6,5.841616243030395e-5
119,23,7,1.511607437137963e-8
119,23,8,1.9453248433554116e-5
119,23,9,9.892712898862399e-9
119,23,10,5.366892179833882e-5
119,24,1,4.961467822903187e-7
119,24,2,6.722259117408758e-9
119,24,3,2.7516644768299514e-8
119,24,4,3.773758832047169e-5
119,24,5,1.7087067712140414e-7
119,24,6,5.8759816698221445e-5
119,24,7,1.5295016184135868e-8
119,24,8,1.9651321543225075e-5
119,24,9,1.0136126188386996e-8
119,24,10,5.4008237340717746e-5
120,1,1,1.8588741657055152e-12
120,1,2,2.4855003818990973e-10
120,1,3,6.369840245545877e-11
120,1,4,0.0
120,1,5,0.0
120,1,6,6.021624171514972e-11
120,1,7,6.589139130153132e-11
120,1,8,0.0
120,1,9,0.0
120,1,10,0.0
120,2,1,5.387688385705136e-11
120,2,2,0.0
120,2,3,0.0
120,2,4,1.8176712218709312e-10
120,2,5,0.0
120,2,6,0.0
120,2,7,0.0
120,2,8,4.0137858314803765e-13
120,2,9,0.0
120,2,10,8.154013401984184e-11
120,3,1,1.5735003577876938e-11
120,3,2,1.611865779738153e-10
120,3,3,0.0
120,3,4,1.8000967036413407e-11
120,3,5,8.284196072183558e-11
120,3,6,0.0
120,3,7,0.0
120,3,8,1.0687180307389355e-12
120,3,9,1.0392301602601961e-11
120,3,10,7.084397825318778e-11
120,4,1,0.0
120,4,2,0.0
120,4,3,7.402710042181404e-11
120,4,4,4.477457467289003e-11
120,4,5,0.0
120,4,6,0.0
120,4,7,0.0
120,4,8,2.44469843674322e-11
120,4,9,2.249029955325721e-11
120,4,10,0.0
120,5,1,1.1535766265835523e-10
120,5,2,1.0945620278202117e-10
120,5,3,0.0
120,5,4,0.0
120,5,5,0.0
120,5,6,0.0
120,5,7,0.0
120,5,8,0.0
120,5,9,0.0
120,5,10,8.210184268553355e-12
120,6,1,1.0045036157035891e-10
120,6,2,6.509810052124365e-11
120,6,3,0.0
120,6,4,0.0
120,6,5,0.0
120,6,6,0.0
120,6,7,0.0
120,6,8,6.797399969282747e-11
120,6,9,1.0083228696444735e-10
120,6,10,0.0
120,7,1,6.737350434493639e-11
120,7,2,5.061232336012189e-11
120,7,3,1.3818960212241826e-10
120,7,4,1.1080886382075494e-10
120,7,5,5.757665177963389e-12
120,7,6,0.0
120,7,7,0.0
120,7,8,2.753067392113895e-11
120,7,9,1.2887661771099346e-10
120,7,10,0.0
120,8,1,0.0
120,8,2,0.0
120,8,3,0.0
120,8,4,5.0844935900462573e-11
120,8,5,0.0
120,8,6,0.0
120,8,7,1.4731229951159275e-10
120,8,8,0.0
120,8,9,0.0
120,8,10,5.970976144076268e-11
120,9,1,4.483951057676627e-11
120,9,2,9.021335414804987e-11
120,9,3,1.3075291023512126e-10
120,9,4,0.0
120,9,5,0.0
120,9,6,0.0
120,9,7,3.926173622326168e-11
120,9,8,0.0
120,9,9,0.0
120,9,10,7.086992451221796e-12
120,10,1,4.108702614247228e-11
120,10,2,5.6406891310589735e-11
120,10,3,1.5687274743103607e-10
120,10,4,2.2982987041286762e-12
120,10,5,0.0
120,10,6,1.1197522076233923e-10
120,10,7,0.0
120,10,8,2.5692521027353976e-12
120,10,9,0.0
120,10,10,0.0
120,11,1,0.0
120,11,2,6.620824201386544e-11
120,11,3,4.814419869714204e-11
120,11,4,0.0
120,11,5,0.0
120,11,6,5.821833813646204e-11
120,11,7,1.4605911966003582e-11
120,11,8,0.0
120,11,9,0.0
120,11,10,0.0
120,12,1,6.37500954803194e-11
120,12,2,4.412294141165063e-11
120,12,3,0.0
120,12,4,0.0
120,12,5,0.0
120,12,6,0.0
120,12,7,0.0
120,12,8,0.0
120,12,9,4.4853178463033494e-11
120,12,10,0.0
120,13,1,2.237604025678852e-11
120,13,2,4.183674760793732e-11
120,13,3,0.0
120,13,4,0.0
120,13,5,2.8393712728225218e-11
120,13,6,4.270263656569462e-11
120,13,7,0.0
120,13,8,6.293964481540737e-11
120,13,9,3.878211640717666e-11
120,13,10,0.0
120,14,1,9.747200442611348e-11
120,14,2,0.0
120,14,3,2.5743469855843415e-12
120,14,4,0.0
120,14,5,0.0
120,14,6,0.0
120,14,7,0.0
120,14,8,0.0
120,14,9,8.647220960111834e-11
120,14,10,0.0
120,15,1,1.2717418611252196e-10
120,15,2,1.209399594359617e-11
120,15,3,0.0
120,15,4,1.6489669178720856e-10
120,15,5,0.0
120,15,6,6.797901824784347e-11
120,15,7,0.0
120,15,8,0.0
120,15,9,0.0
120,15,10,0.0
120,16,1,8.022937522667029e-11
120,16,2,8.163940530547809e-11
120,16,3,0.0
120,16,4,0.0
120,16,5,3.595475132900372e-11
120,16,6,0.0
120,16,7,1.0938893887924017e-10
120,16,8,0.0
120,16,9,0.0
120,16,10,3.4024550538136467e-11
120,17,1,0.0
120,17,2,0.0
120,17,3,1.4592857304485118e-10
120,17,4,9.632772010603752e-12
120,17,5,0.0
120,17,6,0.0
120,17,7,0.0
120,17,8,0.0
120,17,9,3.954673741257686e-11
120,17,10,7.103918148176902e-11
120,18,1,0.0
120,18,2,1.752763437862237e-10
120,18,3,0.0
120,18,4,0.0
120,18,5,0.0
120,18,6,3.712685194001697e-11
120,18,7,3.2087821982829112e-12
120,18,8,0.0
120,18,9,0.0
120,18,10,0.0
120,19,1,0.0
120,19,2,0.0
120,19,3,4.303250464299246e-12
120,19,4,0.0
120,19,5,1.4398512764024485e-10
120,19,6,3.4499816198296784e-12
120,19,7,1.0067287281589898e-11
120,19,8,0.0
120,19,9,6.006975472594434e-11
120,19,10,0.0
120,20,1,6.722107245837883e-11
120,20,2,0.0
120,20,3,0.0
120,20,4,0.0
120,20,5,6.428718841988701e-11
120,20,6,0.0
120,20,7,0.0
120,20,8,1.0884310640280059e-10
120,20,9,0.0
120,20,10,1.5711455053635248e-10
120,21,1,6.6295647790926e-11
120,21,2,2.8955848135892026e-12
120,21,3,0.0
120,21,4,3.8799364762698296e-11
120,21,5,8.747569682499012e-11
120,21,6,0.0
120,21,7,0.0
120,21,8,7.567561334520523e-11
120,21,9,5.6672382064970606e-11
120,21,10,0.0
120,22,1,5.706495172230763e-11
120,22,2,5.381879143728785e-11
120,22,3,0.0
120,22,4,0.0
120,22,5,9.180208676573542e-12
120,22,6,0.0
120,22,7,3.7463700544582146e-11
120,22,8,1.634619349599742e-11
120,22,9,0.0
120,22,10,0.0
120,23,1,3.2367308486214164e-11
120,23,2,0.0
120,23,3,0.0
120,23,4,2.394004959549445e-11
120,23,5,1.2023358003654394e-11
120,23,6,1.311561362987712e-10
120,23,7,1.4768444800417058e-10
120,23,8,1.6507987685154824e-11
120,23,9,0.0
120,23,10,0.0
120,24,1,0.0
120,24,2,0.0
120,24,3,2.2013574990653595e-11
120,24,4,1.4715423324318522e-11
120,24,5,0.0
120,24,6,0.0
120,24,7,0.0
120,24,8,0.0
120,24,9,0.0
120,24,10,0.0
121,1,1,0.0
121,1,2,1.4033989942374703e-10
121,1,3,3.2748269374049954e-11
121,1,4,0.0
121,1,5,0.0
121,1,6,0.0
121,1,7,9.269678080681132e-11
121,1,8,6.40953332076144e-11
121,1,9,0.0
121,1,10,5.0937143392104645e-11
121,2,1,7.475633306830431e-11
121,2,2,5.8693050419833526e-12
121,2,3,0.0
121,2,4,0.0
121,2,5,1.302562224747561e-10
121,2,6,0.0
121,2,7,4.716033813467746e-11
121,2,8,8.282761976285968e-11
121,2,9,0.0
121,2,10,0.0
121,3,1,0.0
121,3,2,0.0
121,3,3,3.204478349339013e-11
121,3,4,9.150229185461711e-12
121,3,5,0.0
121,3,6,4.912747986196564e-11
121,3,7,0.0
121,3,8,0.0
121,3,9,5.70451394454885e-11
121,3,10,0.0
121,4,1,8.315865357433339e-11
121,4,2,0.0
121,4,3,0.0
121,4,4,0.0
121,4,5,6.917140471518479e-11
121,4,6,0.0
121,4,7,0.0
121,4,8,0.0
121,4,9,0.0
121,4,10,8.377955967864281e-11
121,5,1,3.835820550079916e-14
121,5,2,0.0
121,5,3,0.0
121,5,4,0.0
121,5,5,0.0
121,5,6,0.0
121,5,7,0.0
121,5,8,9.339747725212177e-11
121,5,9,0.0
121,5,10,0.0
121,6,1,5.601764191398573e-11
121,6,2,0.0
121,6,3,9.194583289184877e-11
121,6,4,1.7252248241117485e-11
121,6,5,0.0
121,6,6,0.0
121,6,7,5.238864897449957e-13
121,6,8,1.1127133936472688e-11
121,6,9,3.708741647123759e-12
121,6,10,0.0
121,7,1,2.940134247175763e-11
121,7,2,0.0
121,7,3,3.138972415328567e-11
121,7,4,0.0
121,7,5,1.3268199039462303e-11
121,7,6,4.716463331000398e-12
121,7,7,0.0
121,7,8,0.0
121,7,9,1.2832290785524947e-11
121,7,10,2.1976975794757436e-11
121,8,1,0.0
121,8,2,0.0
121,8,3,0.0
121,8,4,0.0
121,8,5,0.0
121,8,6,6.407584879353223e-11
121,8,7,1.6296207439037147e-11
121,8,8,4.1302697373346575e-11
121,8,9,0.0
121,8,10,0.0
121,9,1,9.273040668666965e-12
121,9,2,0.0
121,9,3,8.472408885573657e-11
121,9,4,0.0
121,9,5,0.0
121,9,6,0.0
121,9,7,1.1558910772979658e-10
121,9,8,3.771086914960975e-11
121,9,9,0.0
121,9,10,0.0
121,10,1,5.020318882831276e-11
121,10,2,0.0
121,10,3,0.0
121,10,4,4.894487592999042e-13
121,10,5,8.68555852240327e-11
121,10,6,0.0
121,10,7,0.0
121,10,8,1.5162156252745973e-11
121,10,9,9.635168357613466e-11
121,10,10,4.842534012672317e-11
121,11,1,1.3691816430627668e-10
121,11,2,0.0
121,11,3,0.0
121,11,4,1.3213845989623607e-10
121,11,5,0.0
121,11,6,5.31566041184206e-11
121,11,7,0.0
121,11,8,1.3415636657132524e-11
121,11,9,0.0
121,11,10,0.0
121,12,1,0.0
121,12,2,7.520412070860516e-11
121,12,3,0.0
121,12,4,2.626424772111946e-11
121,12,5,5.651000500872527e-12
121,12,6,0.0
121,12,7,0.0
121,12,8,0.0
121,12,9,0.0
121,12,10,0.0
121,13,1,2.764413004063826e-11
121,13,2,0.0
121,13,3,0.0
121,13,4,0.0
121,13,5,0.0
121,13,6,0.0
121,13,7,7.829906167877709e-11
121,13,8,3.1496430463739955e-11
121,13,9,4.2720549320307555e-12
121,13,10,4.152504728960338e-12
121,14,1,0.0
121,14,2,0.0
121,14,3,0.0
121,14,4,0.0
121,14,5,2.7348449893604965e-11
121,14,6,0.0
121,14,7,0.0
121,14,8,2.968580936624221e-11
121,14,9,0.0
121,14,10,0.0
121,15,1,0.0
121,15,2,1.4759721223001065e-12
121,15,3,2.6034237265992743e-11
121,15,4,5.854308704478228e-11
121,15,5,3.5623171079635085e-11
121,15,6,5.917648315811874e-12
121,15,7,2.270334614751235e-11
121,15,8,5.8060986574126616e-11
121,15,9,1.3692415257171575e-11
121,15,10,3.132227116564579e-11
121,16,1,0.0
121,16,2,5.264796237858249e-11
121,16,3,3.129469600127166e-11
121,16,4,5.6120642855095326e-11
121,16,5,0.0
121,16,6,0.0
121,16,7,0.0
121,16,8,3.502816092737504e-11
121,16,9,1.48466239302536e-11
121,16,10,0.0
121,17,1,0.0
121,17,2,0.0
121,17,3,0.0
121,17,4,0.0
121,17,5,0.0
121,17,6,0.0
121,17,7,6.225915616386857e-11
121,17,8,0.0
121,17,9,3.681568938596058e-12
121,17,10,0.0
121,18,1,0.0
121,18,2,0.0
121,18,3,0.0
121,18,4,0.0
121,18,5,7.703240822998225e-11
121,18,6,0.0
121,18,7,1.4190024155702474e-11
121,18,8,0.0
121,18,9,0.0
121,18,10,0.0
121,19,1,0.0
121,19,2,5.483455356447564e-11
121,19,3,2.228162099271458e-11
121,19,4,0.0
121,19,5,3.935053671799693e-12
121,19,6,2.7775448607769704e-11
121,19,7,0.0
121,19,8,0.0
121,19,9,0.0
121,19,10,4.26673488207463e-11
121,20,1,0.0
121,20,2,3.9951583707953375e-12
121,20,3,0.0
121,20,4,0.0
121,20,5,0.0
121,20,6,0.0
121,20,7,0.0
121,20,8,3.0588920285623544e-11
121,20,9,4.346264320664872e-11
121,20,10,0.0
121,21,1,3.9314010380486764e-11
121,21,2,6.552162978845644e-11
121,21,3,4.873447478903614e-11
121,21,4,0.0
121,21,5,0.0
121,21,6,0.0
121,21,7,5.6076705778895786e-11
121,21,8,4.802269693016115e-12
121,21,9,9.2869531509443e-12
121,21,10,8.092970738005079e-13
121,22,1,0.0
121,22,2,0.0
121,22,3,0.0
121,22,4,0.0
121,22,5,3.536935327952406e-11
121,22,6,0.0
121,22,7,0.0
121,22,8,0.0
121,22,9,0.0
121,22,10,0.0
121,23,1,0.0
121,23,2,0.0
121,23,3,0.0
121,23,4,4.962649041706513e-11
121,23,5,2.65085037254309e-11
121,23,6,2.571187013300502e-11
121,23,7,0.0
121,23,8,0.0
121,23,9,7.137805624335414e-11
121,23,10,9.16924730587354e-11
121,24,1,0.0
121,24,2,0.0
121,24,3,0.0
121,24,4,0.0
121,24,5,0.0
121,24,6,8.788767630329986e-11
121,24,7,0.0
121,24,8,0.0
121,24,9,7.079934555287437e-11
121,24,10,0.0
122,1,1,2.666137979834282e-7
122,1,2,7.110041097546649e-9
122,1,3,2.6488524991485907e-8
122,1,4,3.865867284807978e-5
122,1,5,1.7946943735303034e-7
122,1,6,6.082503130393907e-5
122,1,7,1.595469615450762e-8
122,1,8,2.026921290668865e-5
122,1,9,1.0267594191537555e-8
122,1,10,5.564439634520024e-5
122,2,1,2.673036448991306e-7
122,2,2,7.282892559856702e-9
122,2,3,2.6452806944909923e-8
122,2,4,3.865892662502368e-5
122,2,5,1.7929762113899628e-7
122,2,6,6.070166175294045e-5
122,2,7,1.6183739459663116e-8
122,2,8,2.0522505001313585e-5
122,2,9,1.1116533304988963e-8
122,2,10,5.577016333216389e-5
122,3,1,2.6708426086041737e-7
122,3,2,7.249339774306751e-9
122,3,3,2.6647686092451384e-8
122,3,4,3.886874670007423e-5
122,3,5,1.7948656202276814e-7
122,3,6,6.064357111259383e-5
122,3,7,1.6512526748724277e-8
122,3,8,2.059402485696249e-5
122,3,9,1.0749253410990978e-8
122,3,10,5.566116928675674e-5
122,4,1,2.710680121406628e-7
122,4,2,7.447925408354816e-9
122,4,3,2.678363056340949e-8
122,4,4,3.920338037958354e-5
122,4,5,1.8217989965901848e-7
122,4,6,6.070581048563117e-5
122,4,7,1.606844124424356e-8
122,4,8,2.068047687053126e-5
122,4,9,1.0831664579158407e-8
122,4,10,5.62174518703093e-5
122,5,1,2.70807950987495e-7
122,5,2,7.31916798002441e-9
122,5,3,2.6770192410041638e-8
122,5,4,3.9202355771809916e-5
122,5,5,1.8095229706305282e-7
122,5,6,6.0839262651116166e-5
122,5,7,1.623917134790931e-8
122,5,8,2.068404296515225e-5
122,5,9,1.0856233106926183e-8
122,5,10,5.619237519774445e-5
122,6,1,2.708751121877073e-7
122,6,2,7.564063986276182e-9
122,6,3,2.675323468315227e-8
122,6,4,3.928822793360098e-5
122,6,5,1.8212719575527725e-7
122,6,6,6.09266795159949e-5
122,6,7,1.603648451531381e-8
122,6,8,2.0622164346138783e-5
122,6,9,1.0851910779707818e-8
122,6,10,5.626005704688353e-5
122,7,1,2.7208124556143964e-7
122,7,2,7.347044604644193e-9
122,7,3,2.6843328240766517e-8
122,7,4,3.9220323993456596e-5
122,7,5,1.8238779463802812e-7
122,7,6,6.12015235872676e-5
122,7,7,1.621616913666246e-8
122,7,8,2.0690162577940985e-5
122,7,9,1.0779626663515174e-8
122,7,10,5.620427470331979e-5
122,8,1,2.7172286044818694e-7
122,8,2,7.319171983766193e-9
122,8,3,2.688590536314983e-8
122,8,4,3.93076582442739e-5
122,8,5,1.8243857732858082e-7
122,8,6,6.136829300725649e-5
122,8,7,1.6178533346344892e-8
122,8,8,2.063940191682212e-5
122,8,9,1.0715664730542862e-8
122,8,10,5.6381922619849756e-5
122,9,1,2.710461621951987e-7
122,9,2,7.35035044635568e-9
122,9,3,2.694294200938918e-8
122,9,4,3.936263831963438e-5
122,9,5,1.826910559152295e-7
122,9,6,6.140874622729414e-5
122,9,7,1.6217385059857925e-8
122,9,8,2.0636121003808627e-5
122,9,9,1.11637921476615e-8
122,9,10,5.628351514561786e-5
122,10,1,2.706930224347093e-7
122,10,2,7.092795815955011e-9
122,10,3,2.67123292652105e-8
122,10,4,3.931655414559504e-5
122,10,5,1.822448482124983e-7
122,10,6,6.147142834827396e-5
122,10,7,1.592035396569269e-8
122,10,8,2.071786640076012e-5
122,10,9,1.0863080532330649e-8
122,10,10,5.643216183671973e-5
122,11,1,2.704708819342705e-7
122,11,2,7.012901891145784e-9
122,11,3,2.66105684501583e-8
122,11,4,3.9337720956406086e-5
122,11,5,1.82540615907556e-7
122,11,6,6.148123370871422e-5
122,11,7,1.638652976504451e-8
122,11,8,2.0713265065246123e-5
122,11,9,1.0552601049929056e-8
122,11,10,5.6295759692438774e-5
122,12,1,2.711200279698067e-7
122,12,2,7.517903841125495e-9
122,12,3,2.7777076250234956e-8
122,12,4,3.9353591410412614e-5
122,12,5,1.8166497477156707e-7
122,12,6,6.167765263839775e-5
122,12,7,1.6232791215375908e-8
122,12,8,2.0808887665729747e-5
122,12,9,1.0941018174781547e-8
122,12,10,5.657514712469752e-5
122,13,1,2.717176433020274e-7
122,13,2,7.50891620410199e-9
122,13,3,2.9091185078933268e-8
122,13,4,3.9316162242904185e-5
122,13,5,1.815691460307911e-7
122,13,6,6.141171541820811e-5
122,13,7,1.6006413590397006e-8
122,13,8,2.070021795586713e-5
122,13,9,1.0739363683065495e-8
122,13,10,5.654868719706663e-5
122,14,1,2.698171735135424e-7
122,14,2,7.326275162922169e-9
122,14,3,2.927025390814242e-8
122,14,4,3.937225973196096e-5
122,14,5,1.8333885141996742e-7
122,14,6,6.168460316260949e-5
122,14,7,1.5774185797845508e-8
122,14,8,2.072588295422284e-5
122,14,9,1.0894229872382422e-8
122,14,10,5.656072047482974e-5
122,15,1,2.7080338108748103e-7
122,15,2,7.335314765322121e-9
122,15,3,2.92695097395268e-8
122,15,4,3.9527770160731335e-5
122,15,5,1.815749085462559e-7
122,15,6,6.14466103525807e-5
122,15,7,1.593543012129439e-8
122,15,8,2.0805314144958786e-5
122,15,9,1.0812098112655821e-8
122,15,10,5.6243834318556174e-5
122,16,1,2.7105022905316023e-7
122,16,2,7.401497373327182e-9
122,16,3,2.9383086797007962e-8
122,16,4,3.9786831048209403e-5
122,16,5,1.8339544301249067e-7
122,16,6,6.175446969396148e-5
122,16,7,1.5830691223184257e-8
122,16,8,2.0802560232471845e-5
122,16,9,1.0962222456167847e-8
122,16,10,5.63521033300346e-5
122,17,1,2.702404600651853e-7
122,17,2,7.51200106285932e-9
122,17,3,2.89697922178922e-8
122,17,4,3.969064441634168e-5
122,17,5,1.8332557556732798e-7
122,17,6,6.141620585065066e-5
122,17,7,1.615548722577742e-8
122,17,8,2.0645690199071198e-5
122,17,9,1.0816062365193169e-8
122,17,10,5.622608881162422e-5
122,18,1,2.717153020359575e-7
122,18,2,6.944377503592669e-9
122,18,3,2.9390501220249998e-8
122,18,4,3.975099864656634e-5
122,18,5,1.8295743203777803e-7
122,18,6,6.178810767665938e-5
122,18,7,1.564492382866156e-8
122,18,8,2.067118270265844e-5
122,18,9,1.079376123896969e-8
122,18,10,5.653024755825076e-5
122,19,1,2.7344295762399273e-7
122,19,2,7.453957340253226e-9
122,19,3,2.960405148799694e-8
122,19,4,3.995865732819848e-5
122,19,5,1.8173856234510177e-7
122,19,6,6.150755705362776e-5
122,19,7,1.6219201162681607e-8
122,19,8,2.0668435784396144e-5
122,19,9,1.0736103672748243e-8
122,19,10,5.613465451834859e-5
122,20,1,2.725286674942762e-7
122,20,2,7.352450578923531e-9
122,20,3,2.9545398509689402e-8
122,20,4,3.9817641413655847e-5
122,20,5,1.834703298800311e-7
122,20,6,6.161260882579789e-5
122,20,7,1.6179637483959564e-8
122,20,8,2.0808818711616495e-5
122,20,9,1.0934774273552161e-8
122,20,10,5.660488379830714e-5
122,21,1,5.209982388287848e-7
122,21,2,7.215559497120161e-9
122,21,3,2.9130627111906282e-8
122,21,4,3.975590787418104e-5
122,21,5,1.813347553294986e-7
122,21,6,6.147826669335166e-5
122,21,7,1.590497586412276e-8
122,21,8,2.0676835303615193e-5
122,21,9,1.0905308323039264e-8
122,21,10,5.616774615574416e-5
122,22,1,5.209142471054862e-7
122,22,2,7.504803417601735e-9
122,22,3,2.962831688324563e-8
122,22,4,3.995743730968171e-5
122,22,5,1.8305843008104006e-7
122,22,6,6.185823032367477e-5
122,22,7,1.6312383249728057e-8
122,22,8,2.0799485949657415e-5
122,22,9,1.0764884629532734e-8
122,22,10,5.6595160441069714e-5
122,23,1,5.266239519810534e-7
122,23,2,7.1210894889151e-9
122,23,3,2.930658492966698e-8
122,23,4,3.9690042157911054e-5
122,23,5,1.8080684794502533e-7
122,23,6,6.147624492950504e-5
122,23,7,1.5864961920575293e-8
122,23,8,2.0632268187083247e-5
122,23,9,1.0906154694623194e-8
122,23,10,5.616095220822154e-5
122,24,1,5.23657893672369e-7
122,24,2,7.393350230644469e-9
122,24,3,2.9633700736331203e-8
122,24,4,3.966751590431944e-5
122,24,5,1.8336722098361014e-7
122,24,6,6.150892703407629e-5
122,24,7,1.6206310349264896e-8
122,24,8,2.0657467089374437e-5
122,24,9,1.1046572878647964e-8
122,24,10,5.63066559257433e-5
123,1,1,2.6894683163684874e-7
123,1,2,8.174562256269002e-9
123,1,3,2.6862469055079826e-8
123,1,4,3.8947812276097626e-5
123,1,5,1.8097630976633694e-7
123,1,6,6.12802137551821e-5
123,1,7,1.7408233191767986e-8
123,1,8,2.0309044677575006e-5
123,1,9,1.0405151383492987e-8
123,1,10,5.6016158065233415e-5
123,2,1,2.733434593779789e-7
123,2,2,7.07818370690623e-9
123,2,3,2.730837522085805e-8
123,2,4,3.9608358152412246e-5
123,2,5,1.8435306374606913e-7
123,2,6,6.184861423394212e-5
123,2,7,1.6024090888946117e-8
123,2,8,2.0705597674134995e-5
123,2,9,1.2009477808050395e-8
123,2,10,5.699930958536891e-5
123,3,1,2.6640563989620863e-7
123,3,2,8.0209449290769e-9
123,3,3,2.63743357853673e-8
123,3,4,3.873559550994614e-5
123,3,5,1.785778512331709e-7
123,3,6,6.0106887351103156e-5
123,3,7,1.7382111257291388e-8
123,3,8,2.2884813783007052e-5
123,3,9,1.0942555357489059e-8
123,3,10,5.564704680665876e-5
123,4,1,2.798715333755808e-7
123,4,2,7.447865467153508e-9
123,4,3,2.7741708437389878e-8
123,4,4,4.061591139451273e-5
123,4,5,1.8813437274202427e-7
123,4,6,6.321586295966394e-5
123,4,7,1.6563316662665528e-8
123,4,8,2.1261277071222585e-5
123,4,9,1.1229497181089454e-8
123,4,10,5.8352388801780064e-5
123,5,1,2.9585652763439163e-7
123,5,2,8.047375120445732e-9
123,5,3,2.683735655552358e-8
123,5,4,3.9234736208936584e-5
123,5,5,1.9814810196458477e-7
123,5,6,6.0965788038006875e-5
123,5,7,1.591847509832393e-8
123,5,8,2.0545404108090077e-5
123,5,9,1.0685549675046877e-8
123,5,10,5.6451866119858294e-5
123,6,1,2.7885853247713865e-7
123,6,2,7.333330894355311e-9
123,6,3,2.7618765685057112e-8
123,6,4,4.054625596125634e-5
123,6,5,1.8748735012945328e-7
123,6,6,6.294721126150205e-5
123,6,7,1.6495087401015296e-8
123,6,8,2.117783296400836e-5
123,6,9,1.1279111417419885e-8
123,6,10,5.822201863365812e-5
123,7,1,2.7837410076104324e-7
123,7,2,7.40078666015484e-9
123,7,3,2.770481774029554e-8
123,7,4,4.04641421083091e-5
123,7,5,1.874923137639914e-7
123,7,6,6.346921194359118e-5
123,7,7,1.646430613198857e-8
123,7,8,2.1177531865530612e-5
123,7,9,1.1123724460646023e-8
123,7,10,5.823998806884535e-5
123,8,1,2.790261593374477e-7
123,8,2,7.488625510931185e-9
123,8,3,2.752527090109369e-8
123,8,4,4.065963969271391e-5
123,8,5,1.8785763837743386e-7
123,8,6,6.371978595642695e-5
123,8,7,1.654139419882128e-8
123,8,8,2.1237812616506542e-5
123,8,9,1.1198637960528612e-8
123,8,10,5.845656448235509e-5
123,9,1,2.7065466827078214e-7
123,9,2,8.023325358264e-9
123,9,3,2.685525678253225e-8
123,9,4,3.9457638109758215e-5
123,9,5,1.8203794103223935e-7
123,9,6,6.163909410771462e-5
123,9,7,1.6128433582733104e-8
123,9,8,2.0561587502199798e-5
123,9,9,1.0848583536631493e-8
123,9,10,5.655360734253405e-5
123,10,1,2.713139842063018e-7
123,10,2,7.197239773235574e-9
123,10,3,2.6711391288802258e-8
123,10,4,3.948421966326455e-5
123,10,5,1.820620053497878e-7
123,10,6,6.872933128148143e-5
123,10,7,1.7405575751527902e-8
123,10,8,2.0553744008894185e-5
123,10,9,1.1790443524284377e-8
123,10,10,5.662670046186478e-5
123,11,1,2.6858601806143377e-7
123,11,2,8.03177970139235e-9
123,11,3,2.6697376060466193e-8
123,11,4,3.9215519166189744e-5
123,11,5,1.8057443689975528e-7
123,11,6,6.124347650181803e-5
123,11,7,1.7629932246715496e-8
123,11,8,2.3879251215433092e-5
123,11,9,1.0650582433352485e-8
123,11,10,6.364775468051254e-5
123,12,1,2.773135556136813e-7
123,12,2,7.48139642901477e-9
123,12,3,2.7865439920999116e-8
123,12,4,4.0395105675344704e-5
123,12,5,2.084821315029295e-7
123,12,6,6.32126026136005e-5
123,12,7,1.63140167069864e-8
123,12,8,2.1226582130725626e-5
123,12,9,1.104598336106391e-8
123,12,10,5.7937044426300405e-5
123,13,1,2.738946570420963e-7
123,13,2,7.128995160149941e-9
123,13,3,3.306794708196614e-8
123,13,4,4.003286525217195e-5
123,13,5,2.073272890174005e-7
123,13,6,6.262122195731376e-5
123,13,7,1.6292286102420183e-8
123,13,8,2.4694202960397205e-5
123,13,9,1.0865476026669565e-8
123,13,10,5.752311632670074e-5
123,14,1,2.744837492188283e-7
123,14,2,7.335239401344909e-9
123,14,3,3.292262087950526e-8
123,14,4,4.001214966266797e-5
123,14,5,1.8497860295178976e-7
123,14,6,6.263294623136536e-5
123,14,7,1.5966645952917528e-8
123,14,8,2.4117546446947302e-5
123,14,9,1.0997962546796611e-8
123,14,10,5.7467625014173945e-5
123,15,1,3.110475263086443e-7
123,15,2,7.2447983233037854e-9
123,15,3,3.260416984660064e-8
123,15,4,3.960411895036545e-5
123,15,5,1.8283586301437324e-7
123,15,6,6.196754448760703e-5
123,15,7,1.7833214748658177e-8
123,15,8,2.06771215821023e-5
123,15,9,1.0795680418411793e-8
123,15,10,5.686943831244973e-5
123,16,1,2.7711287450262953e-7
123,16,2,7.2294481269497e-9
123,16,3,2.8763383801491682e-8
123,16,4,4.748969252985069e-5
123,16,5,1.8672617070744288e-7
123,16,6,6.317671535640158e-5
123,16,7,1.6332578503617384e-8
123,16,8,2.1088977313825624e-5
123,16,9,1.1105883220008383e-8
123,16,10,6.671930439403062e-5
123,17,1,2.653868611162194e-7
123,17,2,7.505647644200086e-9
123,17,3,3.06498685910539e-8
123,17,4,3.891897779488085e-5
123,17,5,1.7901790932799144e-7
123,17,6,6.394697693482953e-5
123,17,7,1.549421797244696e-8
123,17,8,2.019645977826591e-5
123,17,9,1.1509060496295298e-8
123,17,10,5.549877611483274e-5
123,18,1,2.907900590147505e-7
123,18,2,7.278085139932316e-9
123,18,3,3.128210410152654e-8
123,18,4,4.249073313792803e-5
123,18,5,1.8212248774422376e-7
123,18,6,6.164751939705458e-5
123,18,7,1.588109007819548e-8
123,18,8,2.213865389319447e-5
123,18,9,1.172920799721866e-8
123,18,10,5.648257890948352e-5
123,19,1,2.773942644276623e-7
123,19,2,7.48357392070867e-9
123,19,3,3.001554751448643e-8
123,19,4,4.0609293823013056e-5
123,19,5,2.0820248869402036e-7
123,19,6,6.312638290987844e-5
123,19,7,1.6273953162707425e-8
123,19,8,2.11796698090308e-5
123,19,9,1.1119985187648881e-8
123,19,10,5.786414582982123e-5
123,20,1,2.722971337731255e-7
123,20,2,7.314310191672063e-9
123,20,3,2.9426344863904936e-8
123,20,4,4.564536478961212e-5
123,20,5,1.8316142703444178e-7
123,20,6,7.090749133191118e-5
123,20,7,1.613365975841293e-8
123,20,8,2.081708580973615e-5
123,20,9,1.2342572245499506e-8
123,20,10,5.688741892951785e-5
123,21,1,5.889329663943954e-7
123,21,2,7.283375850756355e-9
123,21,3,2.9453631827430413e-8
123,21,4,4.0046185167048675e-5
123,21,5,1.8375727359641809e-7
123,21,6,6.232622040322413e-5
123,21,7,1.758299219417614e-8
123,21,8,2.086369581039138e-5
123,21,9,1.0958512512699556e-8
123,21,10,5.70154061621201e-5
123,22,1,6.06732501941265e-7
123,22,2,7.45755579447012e-9
123,22,3,2.987410214821615e-8
123,22,4,4.046935211328884e-5
123,22,5,1.858116924981397e-7
123,22,6,6.297331677753912e-5
123,22,7,1.613826974020214e-8
123,22,8,2.1086369581730692e-5
123,22,9,1.1128666437053118e-8
123,22,10,5.783565102280338e-5
123,23,1,4.99692787050976e-7
123,23,2,7.684496130568041e-9
123,23,3,2.9074304356419e-8
123,23,4,3.904376719232475e-5
123,23,5,1.795361783711244e-7
123,23,6,6.0746520516329235e-5
123,23,7,1.582586527278107e-8
123,23,8,2.0353688040715846e-5
123,23,9,1.1342220059863684e-8
123,23,10,5.57381790229519e-5
123,24,1,5.388725311113955e-7
123,24,2,7.352938938493328e-9
123,24,3,2.9905887273854424e-8
123,24,4,4.0545563485172055e-5
123,24,5,1.853995329900108e-7
123,24,6,6.297072033862043e-5
123,24,7,1.6452159431025806e-8
123,24,8,2.110952403924348e-5
123,24,9,1.1092550474510465e-8
123,24,10,5.761544343543508e-5
124,1,1,3.6959318973055887e-7
124,1,2,8.89065776472048e-9
124,1,3,3.6426341067928314e-8
124,1,4,5.439612256462185e-5
124,1,5,2.4621057264564847e-7
124,1,6,8.488515394278e-5
124,1,7,1.646245980850189e-8
124,1,8,2.813551192912778e-5
124,1,9,1.458503740016395e-8
124,1,10,7.890758973193686e-5
124,2,1,3.695576887776887e-7
124,2,2,9.369419173097885e-9
124,2,3,3.6423803421659065e-8
124,2,4,5.4473192305147966e-5
124,2,5,2.4627794901128034e-7
124,2,6,8.494848067205217e-5
124,2,7,2.073452913948552e-8
124,2,8,2.813511826511425e-5
124,2,9,1.458680015893251e-8
124,2,10,7.884007537929802e-5
124,3,1,3.696479352678913e-7
124,3,2,9.3698301269022e-9
124,3,3,3.6427120265259e-8
124,3,4,5.45220885019458e-5
124,3,5,2.463193827603118e-7
124,3,6,8.502286126211994e-5
124,3,7,2.0745271159106237e-8
124,3,8,2.8139770306026488e-5
124,3,9,1.4586348815067647e-8
124,3,10,7.887764226244242e-5
124,4,1,3.6970063566048925e-7
124,4,2,9.371499452368977e-9
124,4,3,3.642912631736472e-8
124,4,4,5.455247984811604e-5
124,4,5,2.463528309309825e-7
124,4,6,8.508741831731999e-5
124,4,7,2.1440917220870108e-8
124,4,8,2.814988863432428e-5
124,4,9,1.4587021084488843e-8
124,4,10,7.889568810063326e-5
124,5,1,3.697177677163214e-7
124,5,2,9.374764148358344e-9
124,5,3,3.6431424125377976e-8
124,5,4,5.457903852327019e-5
124,5,5,2.4642207703793593e-7
124,5,6,8.516103825249738e-5
124,5,7,2.1445796049976337e-8
124,5,8,2.8159123298090842e-5
124,5,9,1.4587114562352076e-8
124,5,10,7.892477915497172e-5
124,6,1,3.697781625127465e-7
124,6,2,9.543340758426625e-9
124,6,3,3.643382158241082e-8
124,6,4,5.460116247203316e-5
124,6,5,2.4646767512021467e-7
124,6,6,8.523182581588941e-5
124,6,7,2.1449781334769523e-8
124,6,8,2.8164832764250035e-5
124,6,9,1.4588625592873178e-8
124,6,10,7.894307379398007e-5
124,7,1,3.6979962895535784e-7
124,7,2,9.547991875953846e-9
124,7,3,3.643597641657559e-8
124,7,4,5.462843015000244e-5
124,7,5,2.4656028488269746e-7
124,7,6,8.529213425028866e-5
124,7,7,2.1451680325780098e-8
124,7,8,2.8170411022263018e-5
124,7,9,1.458982600243041e-8
124,7,10,7.895656266254348e-5
124,8,1,3.6983741890424413e-7
124,8,2,9.550743634057315e-9
124,8,3,3.643789412340551e-8
124,8,4,5.464489335600387e-5
124,8,5,2.4660120065232195e-7
124,8,6,8.53478420792474e-5
124,8,7,2.1453333048630604e-8
124,8,8,2.8172694266378342e-5
124,8,9,1.4590871733317236e-8
124,8,10,7.894579297303844e-5
124,9,1,3.698523737525909e-7
124,9,2,9.552261865691694e-9
124,9,3,3.643851552016141e-8
124,9,4,5.4655781587390434e-5
124,9,5,2.466534682867768e-7
124,9,6,8.538981459580768e-5
124,9,7,2.1454588817260262e-8
124,9,8,2.817937330877375e-5
124,9,9,1.4591152868548365e-8
124,9,10,7.896289289573776e-5
124,10,1,3.6988411387177935e-7
124,10,2,9.554753271130015e-9
124,10,3,3.644056912721717e-8
124,10,4,5.467061441062265e-5
124,10,5,2.466922954783448e-7
124,10,6,8.543105373997517e-5
124,10,7,2.145658712022501e-8
124,10,8,2.8181169367340932e-5
124,10,9,1.459217996216949e-8
124,10,10,7.896775931098702e-5
124,11,1,3.699128154308707e-7
124,11,2,9.55728526683594e-9
124,11,3,3.644131036307949e-8
124,11,4,5.4683577002227415e-5
124,11,5,2.467258517240951e-7
124,11,6,8.547683906467003e-5
124,11,7,2.145894142827032e-8
124,11,8,2.8185012817750088e-5
124,11,9,1.4593369818498094e-8
124,11,10,7.898338712971423e-5
124,12,1,3.6993426789707756e-7
124,12,2,9.603662330907275e-9
124,12,3,3.6442500272082425e-8
124,12,4,5.469606126236513e-5
124,12,5,2.4676606389281263e-7
124,12,6,8.551547226060856e-5
124,12,7,2.146084650849156e-8
124,12,8,2.818883959666136e-5
124,12,9,1.4594452181261992e-8
124,12,10,7.900057675102191e-5
124,13,1,3.699598437295533e-7
124,13,2,9.606179858562622e-9
124,13,3,3.6443827050549384e-8
124,13,4,5.4705365328608415e-5
124,13,5,2.468198431822066e-7
124,13,6,8.55508376583286e-5
124,13,7,2.1463282551933536e-8
124,13,8,2.8192961878161285e-5
124,13,9,1.4595567426240899e-8
124,13,10,7.902139449240181e-5
124,14,1,3.6999347105856686e-7
124,14,2,9.608692984802407e-9
124,14,3,3.644539925572664e-8
124,14,4,5.471269471112369e-5
124,14,5,2.4692707162339207e-7
124,14,6,8.558034162460109e-5
124,14,7,2.146509086375054e-8
124,14,8,2.8198425840655578e-5
124,14,9,1.4596654853270093e-8
124,14,10,7.904352325549343e-5
124,15,1,3.7001357282465535e-7
124,15,2,9.610709176957068e-9
124,15,3,3.644724883346182e-8
124,15,4,5.471824715563978e-5
124,15,5,2.469850140642006e-7
124,15,6,8.56120159451203e-5
124,15,7,2.1466925419036446e-8
124,15,8,2.8202511014120927e-5
124,15,9,1.4597739039903008e-8
124,15,10,7.906789009706086e-5
124,16,1,3.700406348706907e-7
124,16,2,9.612265605490508e-9
124,16,3,3.644986189610026e-8
124,16,4,5.47246867836751e-5
124,16,5,2.4703812186389227e-7
124,16,6,8.563591319444971e-5
124,16,7,2.146851468111206e-8
124,16,8,2.8208534906771676e-5
124,16,9,1.4598769099571342e-8
124,16,10,7.90841632409006e-5
124,17,1,3.700729238057092e-7
124,17,2,9.613963405676589e-9
124,17,3,3.6453715656365436e-8
124,17,4,5.473752258485759e-5
124,17,5,2.47069401394188e-7
124,17,6,8.566555192479317e-5
124,17,7,2.1471133289506266e-8
124,17,8,2.8215665384247754e-5
124,17,9,1.4599801370082265e-8
124,17,10,7.910462601378511e-5
124,18,1,3.700894093769016e-7
124,18,2,9.615782246375595e-9
124,18,3,3.6460313988218147e-8
124,18,4,5.474845891804372e-5
124,18,5,2.470911970213616e-7
124,18,6,8.569328111169911e-5
124,18,7,2.1472837221660956e-8
124,18,8,2.821953658611763e-5
124,18,9,1.4601068768109405e-8
124,18,10,7.911535411569893e-5
124,19,1,3.7011232149442554e-7
124,19,2,9.617249294476906e-9
124,19,3,3.927974848337864e-8
124,19,4,5.475667145007521e-5
124,19,5,2.471106054358987e-7
124,19,6,8.572431375806644e-5
124,19,7,2.147510951265105e-8
124,19,8,2.8222571500235846e-5
124,19,9,1.4602556752053853e-8
124,19,10,7.91328242940891e-5
124,20,1,3.7014632523510964e-7
124,20,2,9.618602883553321e-9
124,20,3,3.929555445132524e-8
124,20,4,5.476769178138862e-5
124,20,5,2.4714351068904495e-7
124,20,6,8.575040806717907e-5
124,20,7,2.1477290519240157e-8
124,20,8,2.8225071733700358e-5
124,20,9,1.460401825565206e-8
124,20,10,7.914349561330647e-5
124,21,1,3.7017741434644006e-7
124,21,2,9.620476035874658e-9
124,21,3,3.9306698363346925e-8
124,21,4,5.478693754987391e-5
124,21,5,2.4718108630761393e-7
124,21,6,8.579708468679849e-5
124,21,7,2.1479224439099767e-8
124,21,8,2.823303454105957e-5
124,21,9,1.460566788312497e-8
124,21,10,7.917576437695211e-5
124,22,1,3.7021436271872786e-7
124,22,2,9.622194884130782e-9
124,22,3,3.932076545905869e-8
124,22,4,5.480960533009668e-5
124,22,5,2.4720688166359093e-7
124,22,6,8.585177613349076e-5
124,22,7,2.1482710636280047e-8
124,22,8,2.8238802328025246e-5
124,22,9,1.4607872840435545e-8
124,22,10,7.920460173831127e-5
124,23,1,6.58136366461321e-7
124,23,2,9.624783165911749e-9
124,23,3,3.933584895304532e-8
124,23,4,5.486286548799285e-5
124,23,5,2.472774035413379e-7
124,23,6,8.594432020764763e-5
124,23,7,2.148655018927229e-8
124,23,8,2.8252877202321404e-5
124,23,9,1.4610899504237683e-8
124,23,10,7.927581467402385e-5
124,24,1,6.584352256246097e-7
124,24,2,9.679310191417247e-9
124,24,3,3.940527483119977e-8
124,24,4,5.493158836378757e-5
124,24,5,2.47249503733592e-7
124,24,6,8.610874118678694e-5
124,24,7,2.149250271317709e-8
124,24,8,2.8278387166267707e-5
124,24,9,1.4616316688625788e-8
124,24,10,7.939354751172177e-5
