code,name,period,alpha,beta
2,bus85,1,1.00000,0.00000
4,bus18,1,1.00000,0.00000
